"relative_path","line","object","object_start","object_end","value","depth","indentation","encoding","bom","line_ending","fresh_diagnostic","previous_diagnostic","rotation_diagnostic","source_object","source_old","source_modern","vanilla_object","vanilla_old","vanilla_modern","classification","corrected","sha_before","sha_after","merge_status","required_for_merge","protected_concurrent_work","exception_reason"
"common/journal_entries/00_acw_entries.txt","86","je_acw_countdown","1","87","yes","1","\t","UTF-8","true","LF","true","true","true","true","","yes","true","","yes","DIRECT_THREE_WAY_ATOMIC","true","AD7269B774B5AD6C952FCD7597E79D1CE91D6E0A7F016A117016CBF86ECCECDB","ABC6CB296275C1DC44A1AA7E82DD2F586D9C095C840E39C29EA36CDC2C33FA03","INTENTIONAL_FORK_DIVERGENCE","false","false",""
"common/journal_entries/00_acw_entries.txt","123","je_acw_war","89","129","yes","1","\t","UTF-8","true","LF","true","true","true","true","","yes","true","","yes","DIRECT_THREE_WAY_ATOMIC","true","AD7269B774B5AD6C952FCD7597E79D1CE91D6E0A7F016A117016CBF86ECCECDB","ABC6CB296275C1DC44A1AA7E82DD2F586D9C095C840E39C29EA36CDC2C33FA03","INTENTIONAL_FORK_DIVERGENCE","false","false",""
"common/journal_entries/00_acw_entries.txt","162","je_acw_reconstruction","131","167","yes","1","\t","UTF-8","true","LF","true","true","true","true","","yes","true","","yes","DIRECT_THREE_WAY_ATOMIC","true","AD7269B774B5AD6C952FCD7597E79D1CE91D6E0A7F016A117016CBF86ECCECDB","ABC6CB296275C1DC44A1AA7E82DD2F586D9C095C840E39C29EA36CDC2C33FA03","INTENTIONAL_FORK_DIVERGENCE","false","false",""
"common/journal_entries/00_acw_entries.txt","298","je_acw_reincorporate","169","299","yes","1","\t","UTF-8","true","LF","true","true","true","true","","yes","true","","yes","DIRECT_THREE_WAY_ATOMIC","true","AD7269B774B5AD6C952FCD7597E79D1CE91D6E0A7F016A117016CBF86ECCECDB","ABC6CB296275C1DC44A1AA7E82DD2F586D9C095C840E39C29EA36CDC2C33FA03","INTENTIONAL_FORK_DIVERGENCE","false","false",""
"common/journal_entries/00_acw_entries.txt","352","je_acw_equality","301","353","yes","1","\t","UTF-8","true","LF","true","true","true","true","","yes","true","","yes","DIRECT_THREE_WAY_ATOMIC","true","AD7269B774B5AD6C952FCD7597E79D1CE91D6E0A7F016A117016CBF86ECCECDB","ABC6CB296275C1DC44A1AA7E82DD2F586D9C095C840E39C29EA36CDC2C33FA03","INTENTIONAL_FORK_DIVERGENCE","false","false",""
"common/journal_entries/00_acw_entries.txt","447","je_acw_wild_wild_west","355","448","yes","1","\t","UTF-8","true","LF","true","true","true","true","","yes","true","","yes","DIRECT_THREE_WAY_ATOMIC","true","AD7269B774B5AD6C952FCD7597E79D1CE91D6E0A7F016A117016CBF86ECCECDB","ABC6CB296275C1DC44A1AA7E82DD2F586D9C095C840E39C29EA36CDC2C33FA03","INTENTIONAL_FORK_DIVERGENCE","false","false",""
"common/journal_entries/00_alaska.txt","113","je_sale_of_alaska","1","114","yes","1","\t","UTF-8","true","LF","true","true","true","true","","yes","true","","yes","DIRECT_THREE_WAY_ATOMIC","true","4FF2D43DD4572DB4410C545A32D941AF15B81DCE3A12A8B8B15F1A40A55D86EC","D1CE30A655BC83F994B3065C4C723F92A64949699017276053538710F63343C2","INTENTIONAL_FORK_DIVERGENCE","false","false",""
"common/journal_entries/00_alaska.txt","210","je_alaska","116","211","yes","1","\t","UTF-8","true","LF","true","true","true","true","","yes","true","","yes","DIRECT_THREE_WAY_ATOMIC","true","4FF2D43DD4572DB4410C545A32D941AF15B81DCE3A12A8B8B15F1A40A55D86EC","D1CE30A655BC83F994B3065C4C723F92A64949699017276053538710F63343C2","INTENTIONAL_FORK_DIVERGENCE","false","false",""
"common/journal_entries/00_antarctica.txt","122","je_antarctica","1","123","yes","1","    ","UTF-8","true","LF","true","true","true","true","","yes","true","","yes","DIRECT_THREE_WAY_ATOMIC","true","F92FF24A3CFC6BD2301FFFC47E9427563CF43B9890F12C4C69CE5BF030932D15","70B56EADAD987C768C02F61187A935F1D0DFAB84A03052A82FA53AB93AC3CD90","INTENTIONAL_FORK_DIVERGENCE","false","false",""
"common/journal_entries/00_autocracy.txt","210","je_king_in_parliament","120","213","yes","1","\t","UTF-8","true","LF","true","true","true","true","","no","true","","no","PINNING_ATOMICITY_EXCEPTION","false","20C988F78A1F687626582390471E8DA921C18070A2E9EA5E5E7CFAFA7DCEB403","20C988F78A1F687626582390471E8DA921C18070A2E9EA5E5E7CFAFA7DCEB403","INTENTIONAL_FORK_DIVERGENCE","false","false","UNKNOWN_SEMANTIC_REPLACEMENT: fork boolean yes conflicts with source modern no and vanilla modern no"
"common/journal_entries/00_battle_for_india_mod.txt","80","je_battle_for_india_goal","1","83","yes","1","\t","UTF-8","true","CRLF","true","true","true","true","yes","","false","","","PINNING_ATOMICITY_EXCEPTION","false","0ECAA092E7B2ACE0FAC8CE2BB0DE8BDE58DC6F72434A926AE5B59675396369B9","0ECAA092E7B2ACE0FAC8CE2BB0DE8BDE58DC6F72434A926AE5B59675396369B9","UNREGISTERED","","","PROTECTED_WORK: PROTECTED_WORK_BIC: absolute operator protection forbids gameplay changes without an explicit human decision"
"common/journal_entries/00_boxer_rebellion.txt","49","je_boxer_rebellion","1","50","yes","1","    ","UTF-8","true","LF","true","true","true","true","","yes","true","","yes","DIRECT_THREE_WAY_ATOMIC","true","DE1A14A85AF3AD20B8679A8D4B5BA43E15BB564C29E674832328B72ACDEB3790","D8653E4857E7C40CDC125655D7759CBAF4DE04242187D8EA023338E171BE2679","INTENTIONAL_FORK_DIVERGENCE","false","false",""
"common/journal_entries/00_canada_australia.txt","71","je_canada_can","1","72","yes","1","\t","UTF-8","true","LF","true","true","true","true","","yes","true","","yes","DIRECT_THREE_WAY_ATOMIC","true","9A7C977630272510223ADEB52DB32FDE8E32FEA2DDEC08256B726CA9995A67B9","523B1E01F3C90D18D67B6046015D300CEAC28CD4F6314D57F2BDFAB10425EFAE","VANILLA_1_13_ALIGNMENT_REQUIRED","true","false",""
"common/journal_entries/00_canada_australia.txt","161","je_canada_gbr","74","162","yes","1","\t","UTF-8","true","LF","true","true","true","true","","yes","true","","yes","DIRECT_THREE_WAY_ATOMIC","true","9A7C977630272510223ADEB52DB32FDE8E32FEA2DDEC08256B726CA9995A67B9","523B1E01F3C90D18D67B6046015D300CEAC28CD4F6314D57F2BDFAB10425EFAE","VANILLA_1_13_ALIGNMENT_REQUIRED","true","false",""
"common/journal_entries/00_canada_australia.txt","206","je_australia_aus","164","207","yes","1","\t","UTF-8","true","LF","true","true","true","true","","yes","true","","yes","DIRECT_THREE_WAY_ATOMIC","true","9A7C977630272510223ADEB52DB32FDE8E32FEA2DDEC08256B726CA9995A67B9","523B1E01F3C90D18D67B6046015D300CEAC28CD4F6314D57F2BDFAB10425EFAE","VANILLA_1_13_ALIGNMENT_REQUIRED","true","false",""
"common/journal_entries/00_canada_australia.txt","259","je_australia_gbr","209","260","yes","1","\t","UTF-8","true","LF","true","true","true","true","","yes","true","","yes","DIRECT_THREE_WAY_ATOMIC","true","9A7C977630272510223ADEB52DB32FDE8E32FEA2DDEC08256B726CA9995A67B9","523B1E01F3C90D18D67B6046015D300CEAC28CD4F6314D57F2BDFAB10425EFAE","VANILLA_1_13_ALIGNMENT_REQUIRED","true","false",""
"common/journal_entries/00_canals.txt","52","je_suez_survey","1","53","yes","1","\t","UTF-8","true","LF","true","true","true","true","","no","true","","no","PINNING_ATOMICITY_EXCEPTION","false","6D45A61952DE69EB48124A1598E5E752D1DB5DDADF78F02BCA21DF5691BC82F4","77E0AC11DFE9030CA5897317D9B29FC4AAE4783C8EB68B131F977E70FAF6D5AA","INTENTIONAL_FORK_DIVERGENCE","false","false","UNKNOWN_SEMANTIC_REPLACEMENT: fork boolean yes conflicts with source modern no and vanilla modern no"
"common/journal_entries/00_canals.txt","92","je_suez_canal","55","93","yes","1","\t","UTF-8","true","LF","true","true","true","true","","yes","true","","yes","DIRECT_THREE_WAY_ATOMIC","true","6D45A61952DE69EB48124A1598E5E752D1DB5DDADF78F02BCA21DF5691BC82F4","77E0AC11DFE9030CA5897317D9B29FC4AAE4783C8EB68B131F977E70FAF6D5AA","INTENTIONAL_FORK_DIVERGENCE","false","false",""
"common/journal_entries/00_canals.txt","146","je_panama_survey","95","147","yes","1","\t","UTF-8","true","LF","true","true","true","true","","no","true","","no","PINNING_ATOMICITY_EXCEPTION","false","6D45A61952DE69EB48124A1598E5E752D1DB5DDADF78F02BCA21DF5691BC82F4","77E0AC11DFE9030CA5897317D9B29FC4AAE4783C8EB68B131F977E70FAF6D5AA","INTENTIONAL_FORK_DIVERGENCE","false","false","UNKNOWN_SEMANTIC_REPLACEMENT: fork boolean yes conflicts with source modern no and vanilla modern no"
"common/journal_entries/00_canals.txt","186","je_panama_canal","149","187","yes","1","\t","UTF-8","true","LF","true","true","true","true","","yes","true","","yes","DIRECT_THREE_WAY_ATOMIC","true","6D45A61952DE69EB48124A1598E5E752D1DB5DDADF78F02BCA21DF5691BC82F4","77E0AC11DFE9030CA5897317D9B29FC4AAE4783C8EB68B131F977E70FAF6D5AA","INTENTIONAL_FORK_DIVERGENCE","false","false",""
"common/journal_entries/00_central_africa.txt","142","je_central_africa_expedition","1","143","yes","1","    ","UTF-8","true","LF","true","true","true","true","","yes","true","","yes","DIRECT_THREE_WAY_ATOMIC","true","E2A9B8E6011BEC6B510165FBE46432DDD76F0B1AC7DE2ED61A6CF685B96DA489","9EB2F2022E7149FF18AEF52E6AC58B3434551149C1FDF674F2688716FEE23329","INTENTIONAL_FORK_DIVERGENCE","false","false",""
"common/journal_entries/00_central_and_south_america.txt","6","central_america_falls_apart","1","71","yes","1","\t","UTF-8","true","LF","true","true","true","true","","yes","true","","yes","DIRECT_THREE_WAY_ATOMIC","true","AE679E6B8CCC04086AEB617FA75DECC4B6697C6243A84E5468C5A03C135A4DED","91A37EB50C16DEFF82CDFB75F4E83C13A3AD80B2317D5B5ADFE311992AEFF6D5","INTENTIONAL_FORK_DIVERGENCE","false","false",""
"common/journal_entries/00_central_and_south_america.txt","124","ragamuffin_war","75","126","yes","1","\t","UTF-8","true","LF","true","true","true","true","","yes","true","","yes","DIRECT_THREE_WAY_ATOMIC","true","AE679E6B8CCC04086AEB617FA75DECC4B6697C6243A84E5468C5A03C135A4DED","91A37EB50C16DEFF82CDFB75F4E83C13A3AD80B2317D5B5ADFE311992AEFF6D5","INTENTIONAL_FORK_DIVERGENCE","false","false",""
"common/journal_entries/00_central_and_south_america.txt","170","ragamuffin_war_minors","128","172","yes","1","\t","UTF-8","true","LF","true","true","true","true","","yes","true","","yes","DIRECT_THREE_WAY_ATOMIC","true","AE679E6B8CCC04086AEB617FA75DECC4B6697C6243A84E5468C5A03C135A4DED","91A37EB50C16DEFF82CDFB75F4E83C13A3AD80B2317D5B5ADFE311992AEFF6D5","INTENTIONAL_FORK_DIVERGENCE","false","false",""
"common/journal_entries/00_central_and_south_america.txt","180","je_reunify_central_america","175","213","yes","1","\t","UTF-8","true","LF","true","true","true","true","","yes","true","","yes","DIRECT_THREE_WAY_ATOMIC","true","AE679E6B8CCC04086AEB617FA75DECC4B6697C6243A84E5468C5A03C135A4DED","91A37EB50C16DEFF82CDFB75F4E83C13A3AD80B2317D5B5ADFE311992AEFF6D5","INTENTIONAL_FORK_DIVERGENCE","false","false",""
"common/journal_entries/00_communism.txt","109","je_communism_1","1","110","yes","1","\t","UTF-8","true","LF","true","true","true","true","","yes","true","","yes","DIRECT_THREE_WAY_ATOMIC","true","E65BE84E103FD2FC1C1435A84D39B8F94BE3E4EFAB25AC0FF16B277994DB89F1","0089230769D47D3AA2EF89394C408262F09861CEE499C8954804FE812824D640","INTENTIONAL_FORK_DIVERGENCE","false","false",""
"common/journal_entries/00_congo.txt","150","je_congo_expedition","1","151","yes","1","    ","UTF-8","true","LF","true","true","true","true","","yes","true","","yes","DIRECT_THREE_WAY_ATOMIC","true","59373E154DEBF416AE61B6A9E115A3E87D29D5FC022D6E1223E3EA6BFFC8A3D6","0525DCFA5F710437E7D263D3786B7B004869C94E32E75577FBDB1C6BA041262F","INTENTIONAL_FORK_DIVERGENCE","false","false",""
"common/journal_entries/00_congo_free_state.txt","161","je_free_state","1","174","yes","1","\t","UTF-8","true","LF","true","true","true","true","","yes","true","","yes","DIRECT_THREE_WAY_ATOMIC","true","B80AB687B2D349BBAA8A28A19C9EE8F2B8D6920A7838E69207D2CE5888203CD8","37CD79C35A2D637CB690E543B805C76FE8C4E0574292F4A04F90401DF4D60E98","INTENTIONAL_FORK_DIVERGENCE","false","false",""
"common/journal_entries/00_corn_laws.txt","80","je_corn_laws","1","81","yes","1","\t","UTF-8","true","LF","true","true","true","true","","no","true","","no","PINNING_ATOMICITY_EXCEPTION","false","CD95FDEC7B13C30057B4EB1226CF07435D5971C242DE94F33DD77875962A077D","CD95FDEC7B13C30057B4EB1226CF07435D5971C242DE94F33DD77875962A077D","INTENTIONAL_FORK_DIVERGENCE","false","false","UNKNOWN_SEMANTIC_REPLACEMENT: fork boolean yes conflicts with source modern no and vanilla modern no"
"common/journal_entries/00_east_indies.txt","117","je_consolidate_colonial_rule","1","120","yes","1","\t","UTF-8","true","LF","true","true","true","true","","yes","true","","yes","DIRECT_THREE_WAY_ATOMIC","true","3E33450D38B078523B9F7718FBD6DF0B1896D4A12FB1A62DCA7E0AA936ACD8A6","5AE3089A731B5C956B7E6BB95C38853A12867DFF1E7854AB53C057497C9EE35F","INTENTIONAL_FORK_DIVERGENCE","false","false",""
"common/journal_entries/00_establish_colonial_administration.txt","85","je_colonial_administration","1","86","yes","1","\t","UTF-8","true","LF","true","true","true","true","","yes","true","","yes","DIRECT_THREE_WAY_ATOMIC","true","73DFD48B924F9B723E9BA2B87724316BEB7666942113BA8016F94ABB595B06B7","417673AD11B4D3BCA4122DE198484B53BEDE2E9E632B1903F9247B09A610F3ED","INTENTIONAL_FORK_DIVERGENCE","false","false",""
"common/journal_entries/00_ethiopia.txt","38","je_age_of_princes","1","39","yes","1","\t","UTF-8","true","LF","true","true","true","true","","yes","true","","yes","DIRECT_THREE_WAY_ATOMIC","true","F2608E8A3A45BF4567E1407D1876FD4B2FEE700FEE9513A15EBBA50E5A2139A7","BFDC6CE879B3F36118B076AA88B99078B0C0913DD59E66DCBCF0589D0C9806E2","INTENTIONAL_FORK_DIVERGENCE","false","false",""
"common/journal_entries/00_fascism.txt","281","je_fascism_1","1","282","yes","1","\t","UTF-8","true","LF","true","true","true","true","","yes","true","","yes","DIRECT_THREE_WAY_ATOMIC","true","D8CDF76AC8F9FB43190BD8581B46DC04A5118D05F08585AE77F671C6A9870D79","615F87C4A0267D74275963F01EE71EB9DA7F9485AA5D18FAD1297816167DA754","VANILLA_1_13_ALIGNMENT_REQUIRED","true","false",""
"common/journal_entries/00_fascism.txt","405","je_fascism_2","284","406","yes","1","\t","UTF-8","true","LF","true","true","true","true","","yes","true","","yes","DIRECT_THREE_WAY_ATOMIC","true","D8CDF76AC8F9FB43190BD8581B46DC04A5118D05F08585AE77F671C6A9870D79","615F87C4A0267D74275963F01EE71EB9DA7F9485AA5D18FAD1297816167DA754","VANILLA_1_13_ALIGNMENT_REQUIRED","true","false",""
"common/journal_entries/00_fascism.txt","476","je_modernization_program","408","477","yes","1","\t","UTF-8","true","LF","true","true","true","true","","yes","true","","yes","DIRECT_THREE_WAY_ATOMIC","true","D8CDF76AC8F9FB43190BD8581B46DC04A5118D05F08585AE77F671C6A9870D79","615F87C4A0267D74275963F01EE71EB9DA7F9485AA5D18FAD1297816167DA754","VANILLA_1_13_ALIGNMENT_REQUIRED","true","false",""
"common/journal_entries/00_german_unification.txt","105","je_schleswig_holstein_question","1","106","yes","1","\t","UTF-8","true","LF","true","true","true","true","","yes","true","","yes","DIRECT_THREE_WAY_ATOMIC","true","A52D4525DED1BE8F804CEEDD99329E03EAABB9E53376D04F4BBE9A8CDC32EC22","30A3F3356AA43060C0E8D315DDF34D8D304680290134E0212AE6AEB852C8F239","VANILLA_1_13_ALIGNMENT_REQUIRED","true","false",""
"common/journal_entries/00_german_unification.txt","275","je_german_unification_idea","108","276","yes","1","\t","UTF-8","true","LF","true","true","true","true","","yes","true","","yes","DIRECT_THREE_WAY_ATOMIC","true","A52D4525DED1BE8F804CEEDD99329E03EAABB9E53376D04F4BBE9A8CDC32EC22","30A3F3356AA43060C0E8D315DDF34D8D304680290134E0212AE6AEB852C8F239","VANILLA_1_13_ALIGNMENT_REQUIRED","true","false",""
"common/journal_entries/00_german_unification.txt","333","je_north_german_unification","278","334","yes","1","\t","UTF-8","true","LF","true","true","true","true","","yes","true","","yes","DIRECT_THREE_WAY_ATOMIC","true","A52D4525DED1BE8F804CEEDD99329E03EAABB9E53376D04F4BBE9A8CDC32EC22","30A3F3356AA43060C0E8D315DDF34D8D304680290134E0212AE6AEB852C8F239","VANILLA_1_13_ALIGNMENT_REQUIRED","true","false",""
"common/journal_entries/00_german_unification.txt","394","je_south_german_unification","336","395","yes","1","\t","UTF-8","true","LF","true","true","true","true","","yes","true","","yes","DIRECT_THREE_WAY_ATOMIC","true","A52D4525DED1BE8F804CEEDD99329E03EAABB9E53376D04F4BBE9A8CDC32EC22","30A3F3356AA43060C0E8D315DDF34D8D304680290134E0212AE6AEB852C8F239","VANILLA_1_13_ALIGNMENT_REQUIRED","true","false",""
"common/journal_entries/00_german_unification.txt","447","je_german_unification","397","448","yes","1","\t","UTF-8","true","LF","true","true","true","true","","yes","true","","yes","DIRECT_THREE_WAY_ATOMIC","true","A52D4525DED1BE8F804CEEDD99329E03EAABB9E53376D04F4BBE9A8CDC32EC22","30A3F3356AA43060C0E8D315DDF34D8D304680290134E0212AE6AEB852C8F239","VANILLA_1_13_ALIGNMENT_REQUIRED","true","false",""
"common/journal_entries/00_grand_exhibition.txt","151","je_grand_exhibition","1","154","yes","1","\t","UTF-8","true","LF","true","true","true","true","","yes","true","","yes","DIRECT_THREE_WAY_ATOMIC","true","CCD6BB6039F7F87BB157BC14D4179AA84B5CB70AE818576846128C0076BA6D4D","270AD440AA9BED24AB928BCAD15C41B7025F546A8C12C29714EEB6268583A452","INTENTIONAL_FORK_DIVERGENCE","false","false",""
"common/journal_entries/00_greek_nationalism.txt","250","je_greek_nationalism","1","251","yes","1","\t","UTF-8","true","LF","false","false","false","true","","yes","true","","yes","ALREADY_MODERN","false","1938E6AB97C9F85424961BD35675D474CB7F65F0CFD74EB9879ADF66DCE80B50","1938E6AB97C9F85424961BD35675D474CB7F65F0CFD74EB9879ADF66DCE80B50","ALREADY_MERGED","false","false",""
"common/journal_entries/00_hawaii.txt","73","je_hawaii","1","74","yes","1","\t","UTF-8","true","LF","true","true","true","true","","yes","true","","yes","DIRECT_THREE_WAY_ATOMIC","true","C5D702F764BF3B92A959A43DCA96BB8140F1BFE0F0B75A401A34FBA05203CA18","8864B51247A3381677FEAC3B34BF87DD631A534B9FBC91A97AC7B6E86DB7D4BA","INTENTIONAL_FORK_DIVERGENCE","false","false",""
"common/journal_entries/00_hawaii.txt","135","je_hawaiian_interest","76","138","yes","1","\t","UTF-8","true","LF","true","true","true","true","","yes","true","","yes","DIRECT_THREE_WAY_ATOMIC","true","C5D702F764BF3B92A959A43DCA96BB8140F1BFE0F0B75A401A34FBA05203CA18","8864B51247A3381677FEAC3B34BF87DD631A534B9FBC91A97AC7B6E86DB7D4BA","INTENTIONAL_FORK_DIVERGENCE","false","false",""
"common/journal_entries/00_ig_agendas.txt","286","je_government_petition","1","287","yes","1","    ","UTF-8","true","LF","true","true","true","true","","yes","true","","yes","DIRECT_THREE_WAY_ATOMIC","true","F28DB01616ED28379678F48205684447CC0607CF116CB90A726A3C08D03FF11D","DD8D9563B68CF78B0B4FE895858A732FE7BA3F28D64DAE90ED405ECCEE135C71","INTENTIONAL_FORK_DIVERGENCE","false","false",""
"common/journal_entries/00_impose_law.txt","103","je_law_imposition","1","104","yes","1","    ","UTF-8","true","LF","true","true","true","true","","yes","true","","yes","DIRECT_THREE_WAY_ATOMIC","true","E59ED8C00D280DE7A81A952408A848F661ABDAF218F311F3AB21DFED556971B0","A5ADF8191149AA332CB65D818AADE2228349ED1B7D10D4E5D057FE748BD407F1","INTENTIONAL_FORK_DIVERGENCE","false","false",""
"common/journal_entries/00_indian_removal.txt","70","je_indian_removal","1","73","yes","1","\t","UTF-8","true","LF","true","true","true","true","","yes","true","","yes","DIRECT_THREE_WAY_ATOMIC","true","30B19421B0D3ACBD1BACA956029D8E0A02929CF57DAD0335BDB5A01D89E35EB8","7721EC92A61552D9632728EBD34AD0D6D17894ECF603C762CDF22D74785C07A4","MERGED_STATIC_ONLY","false","false",""
"common/journal_entries/00_italian_unification.txt","133","je_risorgimento","1","134","yes","1","\t","UTF-8","true","LF","false","false","false","true","","yes","true","","yes","ALREADY_MODERN","false","2FB4CE01C9529B89EFAB126D6912D15181720DB34322C4B7F1EC868426132D87","2FB4CE01C9529B89EFAB126D6912D15181720DB34322C4B7F1EC868426132D87","ALREADY_MERGED","false","false",""
"common/journal_entries/00_krakatoa.txt","103","je_krakatoa","1","106","yes","1","\t","UTF-8","true","LF","true","true","true","true","","yes","true","","yes","DIRECT_THREE_WAY_ATOMIC","true","230FD1223AC5CD6F266C6642160B6966047833C6CD2BE41F22D7BE35E55FA65E","053C5ED7BA6A5C44005F900749F8D72A78B420D8E4CF850224A04383A8A33550","MERGED_STATIC_ONLY","false","false",""
"common/journal_entries/00_land_reclamation.txt","76","je_land_reclamation","1","77","yes","1","\t","UTF-8","true","LF","true","true","true","true","","yes","true","","yes","DIRECT_THREE_WAY_ATOMIC","true","7AABE7E4D9B3844D360DDDEF05F5FCA4E377799307043AF925CDDBBA9FECEFFC","40B2BC46FD1A522F7D617995238B3A883750845F41292DB2BE06547A3B6C51BD","INTENTIONAL_FORK_DIVERGENCE","false","false",""
"common/journal_entries/00_manifest_destiny.txt","21","je_manifest_destiny_mexico","1","22","yes","1","\t","UTF-8","true","LF","true","true","true","true","","yes","true","","yes","DIRECT_THREE_WAY_ATOMIC","true","F8B1DE5D57CD4AEAB140D09A30E356207262160EC4E81DC1DF8E6698FA4ED19A","44D882A983404270008832841A6381EB3E36E7E070C005DFEE6A68D7A238A9B6","INTENTIONAL_FORK_DIVERGENCE","false","false",""
"common/journal_entries/00_manifest_destiny.txt","54","je_manifest_destiny_frontier_wars","24","55","yes","1","\t","UTF-8","true","LF","true","true","true","true","","yes","true","","yes","DIRECT_THREE_WAY_ATOMIC","true","F8B1DE5D57CD4AEAB140D09A30E356207262160EC4E81DC1DF8E6698FA4ED19A","44D882A983404270008832841A6381EB3E36E7E070C005DFEE6A68D7A238A9B6","INTENTIONAL_FORK_DIVERGENCE","false","false",""
"common/journal_entries/00_meiji_restoration.txt","26","je_terakoya","1","27","yes","1","\t","UTF-8","true","LF","true","true","true","false","","","false","","","GLOBAL_API_MIGRATION_ATOMIC_CUSTOM_OBJECT","true","354A5EDE127171278F6FFD6CC4D64A4E4665334883E35201666973C32CB66977","4066221939FFE27A222A0BCE6DADA9FA20E701028C8795FE88C3B40F6EE59EFE","MERGED_STATIC_ONLY","false","false",""
"common/journal_entries/00_meiji_restoration.txt","161","je_meiji_restoration","29","162","yes","1","\t","UTF-8","true","LF","true","true","true","true","","yes","true","","yes","DIRECT_THREE_WAY_ATOMIC","true","354A5EDE127171278F6FFD6CC4D64A4E4665334883E35201666973C32CB66977","4066221939FFE27A222A0BCE6DADA9FA20E701028C8795FE88C3B40F6EE59EFE","MERGED_STATIC_ONLY","false","false",""
"common/journal_entries/00_meiji_restoration.txt","215","je_meiji_main","165","216","yes","1","\t","UTF-8","true","LF","true","true","true","true","","yes","true","","yes","DIRECT_THREE_WAY_ATOMIC","true","354A5EDE127171278F6FFD6CC4D64A4E4665334883E35201666973C32CB66977","4066221939FFE27A222A0BCE6DADA9FA20E701028C8795FE88C3B40F6EE59EFE","MERGED_STATIC_ONLY","false","false",""
"common/journal_entries/00_meiji_restoration.txt","260","je_meiji_economy","218","263","yes","1","\t","UTF-8","true","LF","true","true","true","true","","yes","true","","yes","DIRECT_THREE_WAY_ATOMIC","true","354A5EDE127171278F6FFD6CC4D64A4E4665334883E35201666973C32CB66977","4066221939FFE27A222A0BCE6DADA9FA20E701028C8795FE88C3B40F6EE59EFE","MERGED_STATIC_ONLY","false","false",""
"common/journal_entries/00_meiji_restoration.txt","313","je_meiji_army","265","316","yes","1","\t","UTF-8","true","LF","true","true","true","true","","yes","true","","yes","DIRECT_THREE_WAY_ATOMIC","true","354A5EDE127171278F6FFD6CC4D64A4E4665334883E35201666973C32CB66977","4066221939FFE27A222A0BCE6DADA9FA20E701028C8795FE88C3B40F6EE59EFE","MERGED_STATIC_ONLY","false","false",""
"common/journal_entries/00_meiji_restoration.txt","346","je_meiji_diplomacy","318","348","yes","1","\t","UTF-8","true","LF","true","true","true","true","","yes","true","","yes","DIRECT_THREE_WAY_ATOMIC","true","354A5EDE127171278F6FFD6CC4D64A4E4665334883E35201666973C32CB66977","4066221939FFE27A222A0BCE6DADA9FA20E701028C8795FE88C3B40F6EE59EFE","MERGED_STATIC_ONLY","false","false",""
"common/journal_entries/00_negotiation_quests_je.txt","117","je_negotiate_army_quest","1","118","yes","1","    ","UTF-8","true","LF","true","true","true","true","","yes","true","","yes","DIRECT_THREE_WAY_ATOMIC","true","FABE7156A215D65AE8BBA1E06C922468508D644192C31FC07A67DFBEAA566A04","1F4190BC1AC0CEDDB23A8A877058CE3201086F357563DB89A2CD379ADCED3641","INTENTIONAL_FORK_DIVERGENCE","false","false",""
"common/journal_entries/00_negotiation_quests_je.txt","235","je_government_petition_negotiation_version","120","236","yes","1","    ","UTF-8","true","LF","true","true","true","true","","yes","true","","yes","DIRECT_THREE_WAY_ATOMIC","true","FABE7156A215D65AE8BBA1E06C922468508D644192C31FC07A67DFBEAA566A04","1F4190BC1AC0CEDDB23A8A877058CE3201086F357563DB89A2CD379ADCED3641","INTENTIONAL_FORK_DIVERGENCE","false","false",""
"common/journal_entries/00_negotiation_quests_je.txt","355","je_government_petition_negotiation_version_b","239","356","yes","1","    ","UTF-8","true","LF","true","true","true","true","","yes","true","","yes","DIRECT_THREE_WAY_ATOMIC","true","FABE7156A215D65AE8BBA1E06C922468508D644192C31FC07A67DFBEAA566A04","1F4190BC1AC0CEDDB23A8A877058CE3201086F357563DB89A2CD379ADCED3641","INTENTIONAL_FORK_DIVERGENCE","false","false",""
"common/journal_entries/00_negotiation_quests_je.txt","471","je_negotiate_buildings","359","472","yes","1","    ","UTF-8","true","LF","true","true","true","true","","yes","true","","yes","DIRECT_THREE_WAY_ATOMIC","true","FABE7156A215D65AE8BBA1E06C922468508D644192C31FC07A67DFBEAA566A04","1F4190BC1AC0CEDDB23A8A877058CE3201086F357563DB89A2CD379ADCED3641","INTENTIONAL_FORK_DIVERGENCE","false","false",""
"common/journal_entries/00_negotiation_quests_je.txt","585","je_negotiate_building_group","475","586","yes","1","    ","UTF-8","true","LF","true","true","true","true","","yes","true","","yes","DIRECT_THREE_WAY_ATOMIC","true","FABE7156A215D65AE8BBA1E06C922468508D644192C31FC07A67DFBEAA566A04","1F4190BC1AC0CEDDB23A8A877058CE3201086F357563DB89A2CD379ADCED3641","INTENTIONAL_FORK_DIVERGENCE","false","false",""
"common/journal_entries/00_negotiation_quests_je.txt","687","je_negotiate_taxes","588","688","yes","1","    ","UTF-8","true","LF","true","true","true","true","","yes","true","","yes","DIRECT_THREE_WAY_ATOMIC","true","FABE7156A215D65AE8BBA1E06C922468508D644192C31FC07A67DFBEAA566A04","1F4190BC1AC0CEDDB23A8A877058CE3201086F357563DB89A2CD379ADCED3641","INTENTIONAL_FORK_DIVERGENCE","false","false",""
"common/journal_entries/00_negotiation_quests_je.txt","825","je_negotiate_sol","691","826","yes","1","    ","UTF-8","true","LF","true","true","true","true","","yes","true","","yes","DIRECT_THREE_WAY_ATOMIC","true","FABE7156A215D65AE8BBA1E06C922468508D644192C31FC07A67DFBEAA566A04","1F4190BC1AC0CEDDB23A8A877058CE3201086F357563DB89A2CD379ADCED3641","INTENTIONAL_FORK_DIVERGENCE","false","false",""
"common/journal_entries/00_niger_river.txt","141","je_niger_river_expedition","1","142","yes","1","    ","UTF-8","true","LF","true","true","true","true","","yes","true","","yes","DIRECT_THREE_WAY_ATOMIC","true","54A2C56CDC0F077D7825BFE05486EE6DA36BAB3C0C54C6CD784826D8D0303503","99583D938E13615C8A31BB4F1B6FBA31D62203F9D3A428B108D2109C9D3870DA","INTENTIONAL_FORK_DIVERGENCE","false","false",""
"common/journal_entries/00_opium_wars.txt","112","je_opium_obsession","1","113","yes","1","\t","UTF-8","true","LF","true","true","true","true","","yes","true","","yes","DIRECT_THREE_WAY_ATOMIC","true","6C1CFFB4D67619F2A8EDBE4EEB6B2440650566CD85E6FA9BAAB18EE3818960EC","167CD0056ABDAC54EB10EDE02C587DAC8CCDA6DC5EB716B54DD31B5EF00D2DC0","INTENTIONAL_FORK_DIVERGENCE","false","false",""
"common/journal_entries/00_opium_wars.txt","191","je_opium_wars","115","194","yes","1","\t","UTF-8","true","LF","true","true","true","true","","yes","true","","yes","DIRECT_THREE_WAY_ATOMIC","true","6C1CFFB4D67619F2A8EDBE4EEB6B2440650566CD85E6FA9BAAB18EE3818960EC","167CD0056ABDAC54EB10EDE02C587DAC8CCDA6DC5EB716B54DD31B5EF00D2DC0","INTENTIONAL_FORK_DIVERGENCE","false","false",""
"common/journal_entries/00_patagonia.txt","82","je_patagonia","1","83","yes","1","\t","UTF-8","true","LF","true","true","true","true","","yes","true","","yes","DIRECT_THREE_WAY_ATOMIC","true","93CFC705F94FEA24EF62A0A9946E3632EEDF2676E7418151C40DB6A9EE0913EF","1F5CB73B9DE8738BD58CD4E9C6B925F2CE3B53FC210466C3C999B75007A9CF24","INTENTIONAL_FORK_DIVERGENCE","false","false",""
"common/journal_entries/00_peoples_springtime_je.txt","324","je_springtime_of_the_peoples","1","330","yes","1","\t","UTF-8","true","LF","true","true","true","true","","yes","true","","yes","DIRECT_THREE_WAY_ATOMIC","true","F4CDC7255EF7516AE76B3462100E7F5CC3841358D90985D8DFEB3E3DD40529A3","9B3B89C35D0455E46188C648A434D108B2223E0C5EC2BAC20974F4DBEBBC7656","VANILLA_1_13_ALIGNMENT_REQUIRED","true","false",""
"common/journal_entries/00_peoples_springtime_je.txt","478","je_red_summer","332","482","yes","1","\t","UTF-8","true","LF","true","true","true","true","","yes","true","","yes","DIRECT_THREE_WAY_ATOMIC","true","F4CDC7255EF7516AE76B3462100E7F5CC3841358D90985D8DFEB3E3DD40529A3","9B3B89C35D0455E46188C648A434D108B2223E0C5EC2BAC20974F4DBEBBC7656","VANILLA_1_13_ALIGNMENT_REQUIRED","true","false",""
"common/journal_entries/00_plague.txt","132","je_spanish_flu","2","133","yes","1","\t","UTF-8","true","LF","true","true","true","true","","yes","true","","yes","DIRECT_THREE_WAY_ATOMIC","true","4073E17AFC1DE6CD56B8411C1685515B2D78028B5666E80A54FBE0231A1055DD","967C55E4AF3EAB7612391FDC556BF98293B6F49E5C0612540E0CC89A3C3DF488","INTENTIONAL_FORK_DIVERGENCE","false","false",""
"common/journal_entries/00_player_objectives_economic_dominance.txt","2","je_objective_expand_goods_production","1","58","yes","1","\t","UTF-8","true","LF","true","true","true","true","","yes","true","","yes","DIRECT_THREE_WAY_ATOMIC","true","2FBEEDFC3FEA9864DED16879ECE33578B99E3B158E1BB8A52E0EB21EECD74976","75228F0BCBB72EABCB0A2BB13E3E623158D3254D62544AB120DE0A6A10449927","INTENTIONAL_FORK_DIVERGENCE","false","false",""
"common/journal_entries/00_player_objectives_economic_dominance.txt","61","je_refining_goods","60","87","yes","1","\t","UTF-8","true","LF","true","true","true","true","","yes","true","","yes","DIRECT_THREE_WAY_ATOMIC","true","2FBEEDFC3FEA9864DED16879ECE33578B99E3B158E1BB8A52E0EB21EECD74976","75228F0BCBB72EABCB0A2BB13E3E623158D3254D62544AB120DE0A6A10449927","INTENTIONAL_FORK_DIVERGENCE","false","false",""
"common/journal_entries/00_player_objectives_economic_dominance.txt","90","je_specialized_goods","89","116","yes","1","\t","UTF-8","true","LF","true","true","true","true","","yes","true","","yes","DIRECT_THREE_WAY_ATOMIC","true","2FBEEDFC3FEA9864DED16879ECE33578B99E3B158E1BB8A52E0EB21EECD74976","75228F0BCBB72EABCB0A2BB13E3E623158D3254D62544AB120DE0A6A10449927","INTENTIONAL_FORK_DIVERGENCE","false","false",""
"common/journal_entries/00_player_objectives_economic_dominance.txt","119","je_expanding_the_market","118","136","yes","1","\t","UTF-8","true","LF","true","true","true","true","","yes","true","","yes","DIRECT_THREE_WAY_ATOMIC","true","2FBEEDFC3FEA9864DED16879ECE33578B99E3B158E1BB8A52E0EB21EECD74976","75228F0BCBB72EABCB0A2BB13E3E623158D3254D62544AB120DE0A6A10449927","INTENTIONAL_FORK_DIVERGENCE","false","false",""
"common/journal_entries/00_player_objectives_economic_dominance.txt","139","je_strong_market","138","167","yes","1","\t","UTF-8","true","LF","true","true","true","true","","yes","true","","yes","DIRECT_THREE_WAY_ATOMIC","true","2FBEEDFC3FEA9864DED16879ECE33578B99E3B158E1BB8A52E0EB21EECD74976","75228F0BCBB72EABCB0A2BB13E3E623158D3254D62544AB120DE0A6A10449927","INTENTIONAL_FORK_DIVERGENCE","false","false",""
"common/journal_entries/00_player_objectives_economic_dominance.txt","170","je_specialized_inputs","169","235","yes","1","\t","UTF-8","true","LF","true","true","true","true","","yes","true","","yes","DIRECT_THREE_WAY_ATOMIC","true","2FBEEDFC3FEA9864DED16879ECE33578B99E3B158E1BB8A52E0EB21EECD74976","75228F0BCBB72EABCB0A2BB13E3E623158D3254D62544AB120DE0A6A10449927","INTENTIONAL_FORK_DIVERGENCE","false","false",""
"common/journal_entries/00_player_objectives_economic_dominance.txt","238","je_utilizing_our_strength","237","259","yes","1","\t","UTF-8","true","LF","true","true","true","true","","yes","true","","yes","DIRECT_THREE_WAY_ATOMIC","true","2FBEEDFC3FEA9864DED16879ECE33578B99E3B158E1BB8A52E0EB21EECD74976","75228F0BCBB72EABCB0A2BB13E3E623158D3254D62544AB120DE0A6A10449927","INTENTIONAL_FORK_DIVERGENCE","false","false",""
"common/journal_entries/00_player_objectives_economic_dominance.txt","262","je_exporting_profits","261","288","yes","1","\t","UTF-8","true","LF","true","true","true","true","","yes","true","","yes","DIRECT_THREE_WAY_ATOMIC","true","2FBEEDFC3FEA9864DED16879ECE33578B99E3B158E1BB8A52E0EB21EECD74976","75228F0BCBB72EABCB0A2BB13E3E623158D3254D62544AB120DE0A6A10449927","INTENTIONAL_FORK_DIVERGENCE","false","false",""
"common/journal_entries/00_player_objectives_economic_dominance.txt","291","je_raise_exports_value","290","312","yes","1","\t","UTF-8","true","LF","true","true","true","true","","yes","true","","yes","DIRECT_THREE_WAY_ATOMIC","true","2FBEEDFC3FEA9864DED16879ECE33578B99E3B158E1BB8A52E0EB21EECD74976","75228F0BCBB72EABCB0A2BB13E3E623158D3254D62544AB120DE0A6A10449927","INTENTIONAL_FORK_DIVERGENCE","false","false",""
"common/journal_entries/00_player_objectives_economic_dominance.txt","315","je_lower_production_costs","314","346","yes","1","\t","UTF-8","true","LF","true","true","true","true","","yes","true","","yes","DIRECT_THREE_WAY_ATOMIC","true","2FBEEDFC3FEA9864DED16879ECE33578B99E3B158E1BB8A52E0EB21EECD74976","75228F0BCBB72EABCB0A2BB13E3E623158D3254D62544AB120DE0A6A10449927","INTENTIONAL_FORK_DIVERGENCE","false","false",""
"common/journal_entries/00_player_objectives_egalitarian_society.txt","2","je_objective_encourage_liberal_ideas","1","27","yes","1","\t","UTF-8","true","LF","true","true","true","true","","yes","true","","yes","DIRECT_THREE_WAY_ATOMIC","true","6DD06E14C9C7035B9A71B6024E6C5A304728EEEFF6DEE9216C4B85EAC6659F5E","752C04043124F2FCEC37028D3520E1B2C8AEB140AF4889E613CD0CF4C4FE129A","INTENTIONAL_FORK_DIVERGENCE","false","false",""
"common/journal_entries/00_player_objectives_egalitarian_society.txt","30","je_liberate_the_slaves","29","41","yes","1","\t","UTF-8","true","LF","true","true","true","true","","yes","true","","yes","DIRECT_THREE_WAY_ATOMIC","true","6DD06E14C9C7035B9A71B6024E6C5A304728EEEFF6DEE9216C4B85EAC6659F5E","752C04043124F2FCEC37028D3520E1B2C8AEB140AF4889E613CD0CF4C4FE129A","INTENTIONAL_FORK_DIVERGENCE","false","false",""
"common/journal_entries/00_player_objectives_egalitarian_society.txt","44","je_pass_laws","43","68","yes","1","\t","UTF-8","true","LF","true","true","true","true","","yes","true","","yes","DIRECT_THREE_WAY_ATOMIC","true","6DD06E14C9C7035B9A71B6024E6C5A304728EEEFF6DEE9216C4B85EAC6659F5E","752C04043124F2FCEC37028D3520E1B2C8AEB140AF4889E613CD0CF4C4FE129A","INTENTIONAL_FORK_DIVERGENCE","false","false",""
"common/journal_entries/00_player_objectives_egalitarian_society.txt","71","je_public_services","70","119","yes","1","\t","UTF-8","true","LF","true","true","true","true","","yes","true","","yes","DIRECT_THREE_WAY_ATOMIC","true","6DD06E14C9C7035B9A71B6024E6C5A304728EEEFF6DEE9216C4B85EAC6659F5E","752C04043124F2FCEC37028D3520E1B2C8AEB140AF4889E613CD0CF4C4FE129A","INTENTIONAL_FORK_DIVERGENCE","false","false",""
"common/journal_entries/00_player_objectives_egalitarian_society.txt","122","je_women_and_children","121","154","yes","1","\t","UTF-8","true","LF","true","true","true","true","","yes","true","","yes","DIRECT_THREE_WAY_ATOMIC","true","6DD06E14C9C7035B9A71B6024E6C5A304728EEEFF6DEE9216C4B85EAC6659F5E","752C04043124F2FCEC37028D3520E1B2C8AEB140AF4889E613CD0CF4C4FE129A","INTENTIONAL_FORK_DIVERGENCE","false","false",""
"common/journal_entries/00_player_objectives_egalitarian_society.txt","157","je_egalitarian_society","156","207","yes","1","\t","UTF-8","true","LF","true","true","true","true","","yes","true","","yes","DIRECT_THREE_WAY_ATOMIC","true","6DD06E14C9C7035B9A71B6024E6C5A304728EEEFF6DEE9216C4B85EAC6659F5E","752C04043124F2FCEC37028D3520E1B2C8AEB140AF4889E613CD0CF4C4FE129A","INTENTIONAL_FORK_DIVERGENCE","false","false",""
"common/journal_entries/00_player_objectives_great_game.txt","3","je_great_game_control","2","654","yes","1","\t","UTF-8","true","LF","true","true","true","true","","yes","true","","yes","DIRECT_THREE_WAY_ATOMIC","true","0353354E1DC9925EA37BED22930738E2D6AF649EAAE8C47323ED3AB3ABE25677","72937E24C93FA2771B0843432B5F8894CC4E66A588AB134A99EDFD5F44853A89","INTENTIONAL_FORK_DIVERGENCE","false","false",""
"common/journal_entries/00_player_objectives_great_game.txt","659","je_secure_persian_border","658","694","yes","1","\t","UTF-8","true","LF","true","true","true","true","","yes","true","","yes","DIRECT_THREE_WAY_ATOMIC","true","0353354E1DC9925EA37BED22930738E2D6AF649EAAE8C47323ED3AB3ABE25677","72937E24C93FA2771B0843432B5F8894CC4E66A588AB134A99EDFD5F44853A89","INTENTIONAL_FORK_DIVERGENCE","false","false",""
"common/journal_entries/00_player_objectives_great_game.txt","697","je_pacify_kazakh_steppes","696","732","yes","1","\t","UTF-8","true","LF","true","true","true","true","","yes","true","","yes","DIRECT_THREE_WAY_ATOMIC","true","0353354E1DC9925EA37BED22930738E2D6AF649EAAE8C47323ED3AB3ABE25677","72937E24C93FA2771B0843432B5F8894CC4E66A588AB134A99EDFD5F44853A89","INTENTIONAL_FORK_DIVERGENCE","false","false",""
"common/journal_entries/00_player_objectives_great_game.txt","735","je_codify_chinese_border","734","791","yes","1","\t","UTF-8","true","LF","true","true","true","true","","yes","true","","yes","DIRECT_THREE_WAY_ATOMIC","true","0353354E1DC9925EA37BED22930738E2D6AF649EAAE8C47323ED3AB3ABE25677","72937E24C93FA2771B0843432B5F8894CC4E66A588AB134A99EDFD5F44853A89","INTENTIONAL_FORK_DIVERGENCE","false","false",""
"common/journal_entries/00_player_objectives_great_game.txt","794","je_consolidate_central_asia","793","853","yes","1","\t","UTF-8","true","LF","true","true","true","true","","yes","true","","yes","DIRECT_THREE_WAY_ATOMIC","true","0353354E1DC9925EA37BED22930738E2D6AF649EAAE8C47323ED3AB3ABE25677","72937E24C93FA2771B0843432B5F8894CC4E66A588AB134A99EDFD5F44853A89","INTENTIONAL_FORK_DIVERGENCE","false","false",""
"common/journal_entries/00_player_objectives_great_game.txt","856","je_chinese_concessions","855","913","yes","1","\t","UTF-8","true","LF","true","true","true","true","","yes","true","","yes","DIRECT_THREE_WAY_ATOMIC","true","0353354E1DC9925EA37BED22930738E2D6AF649EAAE8C47323ED3AB3ABE25677","72937E24C93FA2771B0843432B5F8894CC4E66A588AB134A99EDFD5F44853A89","INTENTIONAL_FORK_DIVERGENCE","false","false",""
"common/journal_entries/00_player_objectives_great_game.txt","916","je_acquire_korean_protectorate","915","952","yes","1","\t","UTF-8","true","LF","true","true","true","true","","yes","true","","yes","DIRECT_THREE_WAY_ATOMIC","true","0353354E1DC9925EA37BED22930738E2D6AF649EAAE8C47323ED3AB3ABE25677","72937E24C93FA2771B0843432B5F8894CC4E66A588AB134A99EDFD5F44853A89","INTENTIONAL_FORK_DIVERGENCE","false","false",""
"common/journal_entries/00_player_objectives_great_game.txt","957","je_disrupt_russian_caucasus","956","994","yes","1","\t","UTF-8","true","LF","true","true","true","true","","yes","true","","yes","DIRECT_THREE_WAY_ATOMIC","true","0353354E1DC9925EA37BED22930738E2D6AF649EAAE8C47323ED3AB3ABE25677","72937E24C93FA2771B0843432B5F8894CC4E66A588AB134A99EDFD5F44853A89","INTENTIONAL_FORK_DIVERGENCE","false","false",""
"common/journal_entries/00_player_objectives_great_game.txt","997","je_counter_russian_pacific_influence","996","1042","yes","1","\t","UTF-8","true","LF","true","true","true","true","","yes","true","","yes","DIRECT_THREE_WAY_ATOMIC","true","0353354E1DC9925EA37BED22930738E2D6AF649EAAE8C47323ED3AB3ABE25677","72937E24C93FA2771B0843432B5F8894CC4E66A588AB134A99EDFD5F44853A89","INTENTIONAL_FORK_DIVERGENCE","false","false",""
"common/journal_entries/00_player_objectives_great_game.txt","1045","je_consolidate_british_india","1044","1151","yes","1","\t","UTF-8","true","LF","true","true","true","true","","yes","true","","yes","DIRECT_THREE_WAY_ATOMIC","true","0353354E1DC9925EA37BED22930738E2D6AF649EAAE8C47323ED3AB3ABE25677","72937E24C93FA2771B0843432B5F8894CC4E66A588AB134A99EDFD5F44853A89","INTENTIONAL_FORK_DIVERGENCE","false","false",""
"common/journal_entries/00_player_objectives_great_game.txt","1154","je_pamir_expedition_objective","1153","1227","yes","1","\t","UTF-8","true","LF","true","true","true","true","","yes","true","","yes","DIRECT_THREE_WAY_ATOMIC","true","0353354E1DC9925EA37BED22930738E2D6AF649EAAE8C47323ED3AB3ABE25677","72937E24C93FA2771B0843432B5F8894CC4E66A588AB134A99EDFD5F44853A89","INTENTIONAL_FORK_DIVERGENCE","false","false",""
"common/journal_entries/00_player_objectives_great_game.txt","1232","je_maintain_afghan_protectorate","1231","1480","yes","1","\t","UTF-8","true","LF","true","true","true","true","","yes","true","","yes","DIRECT_THREE_WAY_ATOMIC","true","0353354E1DC9925EA37BED22930738E2D6AF649EAAE8C47323ED3AB3ABE25677","72937E24C93FA2771B0843432B5F8894CC4E66A588AB134A99EDFD5F44853A89","INTENTIONAL_FORK_DIVERGENCE","false","false",""
"common/journal_entries/00_player_objectives_great_game.txt","1483","je_consolidate_afghanistan_objective","1482","1524","yes","1","\t","UTF-8","true","LF","true","true","true","true","","yes","true","","yes","DIRECT_THREE_WAY_ATOMIC","true","0353354E1DC9925EA37BED22930738E2D6AF649EAAE8C47323ED3AB3ABE25677","72937E24C93FA2771B0843432B5F8894CC4E66A588AB134A99EDFD5F44853A89","INTENTIONAL_FORK_DIVERGENCE","false","false",""
"common/journal_entries/00_player_objectives_great_game.txt","1527","je_secure_influence_over_persia","1526","1711","yes","1","\t","UTF-8","true","LF","true","true","true","true","","yes","true","","yes","DIRECT_THREE_WAY_ATOMIC","true","0353354E1DC9925EA37BED22930738E2D6AF649EAAE8C47323ED3AB3ABE25677","72937E24C93FA2771B0843432B5F8894CC4E66A588AB134A99EDFD5F44853A89","INTENTIONAL_FORK_DIVERGENCE","false","false",""
"common/journal_entries/00_player_objectives_great_game.txt","1716","je_unify_afghanistan_objective","1715","1740","yes","1","\t","UTF-8","true","LF","true","true","true","true","","yes","true","","yes","DIRECT_THREE_WAY_ATOMIC","true","0353354E1DC9925EA37BED22930738E2D6AF649EAAE8C47323ED3AB3ABE25677","72937E24C93FA2771B0843432B5F8894CC4E66A588AB134A99EDFD5F44853A89","INTENTIONAL_FORK_DIVERGENCE","false","false",""
"common/journal_entries/00_player_objectives_great_game.txt","1743","je_consolidate_persia","1742","1778","yes","1","\t","UTF-8","true","LF","true","true","true","true","","yes","true","","yes","DIRECT_THREE_WAY_ATOMIC","true","0353354E1DC9925EA37BED22930738E2D6AF649EAAE8C47323ED3AB3ABE25677","72937E24C93FA2771B0843432B5F8894CC4E66A588AB134A99EDFD5F44853A89","INTENTIONAL_FORK_DIVERGENCE","false","false",""
"common/journal_entries/00_player_objectives_great_game.txt","1781","je_achieve_sovereignty","1780","1847","yes","1","\t","UTF-8","true","LF","true","true","true","true","","yes","true","","yes","DIRECT_THREE_WAY_ATOMIC","true","0353354E1DC9925EA37BED22930738E2D6AF649EAAE8C47323ED3AB3ABE25677","72937E24C93FA2771B0843432B5F8894CC4E66A588AB134A99EDFD5F44853A89","INTENTIONAL_FORK_DIVERGENCE","false","false",""
"common/journal_entries/00_player_objectives_hegemon.txt","2","je_colonization_laws","1","24","yes","1","\t","UTF-8","true","LF","true","true","true","true","","yes","true","","yes","DIRECT_THREE_WAY_ATOMIC","true","610DF305BFC1F76C654E024C11EDC4A7050A4D1F37394576DD13D71072530566","6531EE0667FF504184951B25B5E879669CDF6033173C76E7406F2ABDC3026B5B","INTENTIONAL_FORK_DIVERGENCE","false","false",""
"common/journal_entries/00_player_objectives_hegemon.txt","27","je_african_colonies","26","51","yes","1","\t","UTF-8","true","LF","true","true","true","true","","yes","true","","yes","DIRECT_THREE_WAY_ATOMIC","true","610DF305BFC1F76C654E024C11EDC4A7050A4D1F37394576DD13D71072530566","6531EE0667FF504184951B25B5E879669CDF6033173C76E7406F2ABDC3026B5B","INTENTIONAL_FORK_DIVERGENCE","false","false",""
"common/journal_entries/00_player_objectives_hegemon.txt","54","je_expand_navy_and_army","53","71","yes","1","\t","UTF-8","true","LF","true","true","true","true","","yes","true","","yes","DIRECT_THREE_WAY_ATOMIC","true","610DF305BFC1F76C654E024C11EDC4A7050A4D1F37394576DD13D71072530566","6531EE0667FF504184951B25B5E879669CDF6033173C76E7406F2ABDC3026B5B","INTENTIONAL_FORK_DIVERGENCE","false","false",""
"common/journal_entries/00_player_objectives_hegemon.txt","74","je_form_alliance","73","98","yes","1","\t","UTF-8","true","LF","true","true","true","true","","yes","true","","yes","DIRECT_THREE_WAY_ATOMIC","true","610DF305BFC1F76C654E024C11EDC4A7050A4D1F37394576DD13D71072530566","6531EE0667FF504184951B25B5E879669CDF6033173C76E7406F2ABDC3026B5B","INTENTIONAL_FORK_DIVERGENCE","false","false",""
"common/journal_entries/00_player_objectives_hegemon.txt","101","je_take_subject","100","148","yes","1","\t","UTF-8","true","LF","true","true","true","true","","yes","true","","yes","DIRECT_THREE_WAY_ATOMIC","true","610DF305BFC1F76C654E024C11EDC4A7050A4D1F37394576DD13D71072530566","6531EE0667FF504184951B25B5E879669CDF6033173C76E7406F2ABDC3026B5B","INTENTIONAL_FORK_DIVERGENCE","false","false",""
"common/journal_entries/00_player_objectives_hegemon.txt","151","je_increase_technology","150","167","yes","1","\t","UTF-8","true","LF","true","true","true","true","","yes","true","","yes","DIRECT_THREE_WAY_ATOMIC","true","610DF305BFC1F76C654E024C11EDC4A7050A4D1F37394576DD13D71072530566","6531EE0667FF504184951B25B5E879669CDF6033173C76E7406F2ABDC3026B5B","INTENTIONAL_FORK_DIVERGENCE","false","false",""
"common/journal_entries/00_player_objectives_hegemon.txt","170","je_greatest_power","169","184","yes","1","\t","UTF-8","true","LF","true","true","true","true","","yes","true","","yes","DIRECT_THREE_WAY_ATOMIC","true","610DF305BFC1F76C654E024C11EDC4A7050A4D1F37394576DD13D71072530566","6531EE0667FF504184951B25B5E879669CDF6033173C76E7406F2ABDC3026B5B","INTENTIONAL_FORK_DIVERGENCE","false","false",""
"common/journal_entries/00_player_objectives_hegemon.txt","187","je_greater_power","186","201","yes","1","\t","UTF-8","true","LF","true","true","true","true","","yes","true","","yes","DIRECT_THREE_WAY_ATOMIC","true","610DF305BFC1F76C654E024C11EDC4A7050A4D1F37394576DD13D71072530566","6531EE0667FF504184951B25B5E879669CDF6033173C76E7406F2ABDC3026B5B","INTENTIONAL_FORK_DIVERGENCE","false","false",""
"common/journal_entries/00_player_objectives_hegemon.txt","204","je_great_power","203","218","yes","1","\t","UTF-8","true","LF","true","true","true","true","","yes","true","","yes","DIRECT_THREE_WAY_ATOMIC","true","610DF305BFC1F76C654E024C11EDC4A7050A4D1F37394576DD13D71072530566","6531EE0667FF504184951B25B5E879669CDF6033173C76E7406F2ABDC3026B5B","INTENTIONAL_FORK_DIVERGENCE","false","false",""
"common/journal_entries/00_player_objectives_hegemon.txt","221","je_unrecognized_power","220","241","yes","1","\t","UTF-8","true","LF","true","true","true","true","","yes","true","","yes","DIRECT_THREE_WAY_ATOMIC","true","610DF305BFC1F76C654E024C11EDC4A7050A4D1F37394576DD13D71072530566","6531EE0667FF504184951B25B5E879669CDF6033173C76E7406F2ABDC3026B5B","INTENTIONAL_FORK_DIVERGENCE","false","false",""
"common/journal_entries/00_player_objectives_hegemon.txt","244","je_the_hegemon","243","266","yes","1","\t","UTF-8","true","LF","true","true","true","true","","yes","true","","yes","DIRECT_THREE_WAY_ATOMIC","true","610DF305BFC1F76C654E024C11EDC4A7050A4D1F37394576DD13D71072530566","6531EE0667FF504184951B25B5E879669CDF6033173C76E7406F2ABDC3026B5B","INTENTIONAL_FORK_DIVERGENCE","false","false",""
"common/journal_entries/00_poland.txt","59","je_christ_of_nations","1","60","yes","1","    ","UTF-8","true","LF","false","false","false","true","","yes","true","","yes","ALREADY_MODERN","false","A5EAF687DC6A736CD50D3C66E5E7601D29442FF3FA8A292C4EE751A7FF981E6A","A5EAF687DC6A736CD50D3C66E5E7601D29442FF3FA8A292C4EE751A7FF981E6A","ALREADY_MERGED","true","false",""
"common/journal_entries/00_poland.txt","131","je_poland_lithuania","62","132","yes","1","    ","UTF-8","true","LF","false","false","false","true","","yes","true","","yes","ALREADY_MODERN","false","A5EAF687DC6A736CD50D3C66E5E7601D29442FF3FA8A292C4EE751A7FF981E6A","A5EAF687DC6A736CD50D3C66E5E7601D29442FF3FA8A292C4EE751A7FF981E6A","ALREADY_MERGED","true","false",""
"common/journal_entries/00_prohibition_laws.txt","120","je_prohibition","1","121","yes","1","\t","UTF-8","true","LF","true","true","true","true","","no","true","","no","PINNING_ATOMICITY_EXCEPTION","false","42E51BEBA8A66C3CDAA46EC93EC55555152B1B2FD9B8A4CCF4DD6668CB3D9531","42E51BEBA8A66C3CDAA46EC93EC55555152B1B2FD9B8A4CCF4DD6668CB3D9531","INTENTIONAL_FORK_DIVERGENCE","false","false","UNKNOWN_SEMANTIC_REPLACEMENT: fork boolean yes conflicts with source modern no and vanilla modern no"
"common/journal_entries/00_red_scare.txt","87","je_the_red_scare","1","88","yes","1","    ","UTF-8","true","LF","true","true","true","true","","yes","true","","yes","DIRECT_THREE_WAY_ATOMIC","true","7531EDFB51621B5A9AF7DDAC312C329AF2DB0BF0F96BDA546B0C4B28B3DE3B1C","87EADC16E6FB6ECA0C2F954CE1DBDBAD07955A0727B56F5B078A75C01493F0CE","INTENTIONAL_FORK_DIVERGENCE","false","false",""
"common/journal_entries/00_request_recognition.txt","69","je_earn_recognition","1","70","yes","1","\t","UTF-8","true","LF","true","true","true","true","","yes","true","","yes","DIRECT_THREE_WAY_ATOMIC","true","4633C26CABD8774865837C67258E4E6466F9149E2EA7C42B55A6E23F36AC8BE8","7309FBC8315F20DDDBE804F58CF94AE91A63E9D62B9DDD45AD6910FA67E0045B","INTENTIONAL_FORK_DIVERGENCE","false","false",""
"common/journal_entries/00_reunify_china.txt","2","je_reunify_china","1","133","yes","1","\t","UTF-8","true","LF","true","true","true","true","","yes","true","","yes","DIRECT_THREE_WAY_ATOMIC","true","573B2B156C6C277EA02E2F4D9E1D5B545F8EBEB095DFC9C846E4FAE069047D8B","CEE69EDBC8BD4FE9575D385B4393124AC6602F91C1F320050F237F0131FED377","INTENTIONAL_FORK_DIVERGENCE","false","false",""
"common/journal_entries/00_romania.txt","76","je_unite_the_principalities","1","77","yes","1","    ","UTF-8","true","LF","false","false","false","true","","yes","true","","yes","ALREADY_MODERN","false","DEE084181C30A4DD72D85132F50EF725B654ACA70E22AA30E851FF7D743DE578","DEE084181C30A4DD72D85132F50EF725B654ACA70E22AA30E851FF7D743DE578","ALREADY_MERGED","false","false",""
"common/journal_entries/00_romania.txt","149","je_all_for_one","79","150","yes","1","    ","UTF-8","true","LF","false","false","false","true","","yes","true","","yes","ALREADY_MODERN","false","DEE084181C30A4DD72D85132F50EF725B654ACA70E22AA30E851FF7D743DE578","DEE084181C30A4DD72D85132F50EF725B654ACA70E22AA30E851FF7D743DE578","ALREADY_MERGED","false","false",""
"common/journal_entries/00_scramble_for_africa.txt","193","je_scramble_for_africa","1","194","yes","1","\t","UTF-8","true","LF","true","true","true","true","","yes","true","","yes","DIRECT_THREE_WAY_ATOMIC","true","4A2291026B00879225FE9332047E194504166C3E8BB2019B7162A61DD5979D5C","8C441B825BDEB11EC25D0814917CA3293599893B0BC84869F57DD18E5796951C","INTENTIONAL_FORK_DIVERGENCE","false","false",""
"common/journal_entries/00_seminole_wars.txt","84","je_seminole_wars","1","85","yes","1","\t","UTF-8","true","LF","true","true","true","true","","yes","true","","yes","DIRECT_THREE_WAY_ATOMIC","true","E70B33E961CAB35CC9A4B49DA4BD44B6B748F3A230DF5B291FA509444C67B7F1","ABFEBCA9EABC4BFAE0BB6E76AA9452647BEBC3057D351910E9D31309E84B9C07","INTENTIONAL_FORK_DIVERGENCE","false","false",""
"common/journal_entries/00_sick_man.txt","91","je_sick_man_main","1","92","yes","1","\t","UTF-8","true","LF","false","false","false","true","","yes","true","","yes","ALREADY_MODERN","false","B04C07388C944E5DA74CFCE142599797F582EA809412B9690170735BFA17B04A","B04C07388C944E5DA74CFCE142599797F582EA809412B9690170735BFA17B04A","ALREADY_MERGED","false","false",""
"common/journal_entries/00_sick_man.txt","178","je_sick_man_syria","94","179","yes","1","\t","UTF-8","true","LF","false","false","false","true","","yes","true","","yes","ALREADY_MODERN","false","B04C07388C944E5DA74CFCE142599797F582EA809412B9690170735BFA17B04A","B04C07388C944E5DA74CFCE142599797F582EA809412B9690170735BFA17B04A","ALREADY_MERGED","false","false",""
"common/journal_entries/00_sick_man.txt","222","je_sick_man_egypt","181","223","yes","1","\t","UTF-8","true","LF","false","false","false","true","","yes","true","","yes","ALREADY_MODERN","false","B04C07388C944E5DA74CFCE142599797F582EA809412B9690170735BFA17B04A","B04C07388C944E5DA74CFCE142599797F582EA809412B9690170735BFA17B04A","ALREADY_MERGED","false","false",""
"common/journal_entries/00_sick_man.txt","258","je_sick_man_economy","225","259","yes","1","\t","UTF-8","true","LF","false","false","false","true","","yes","true","","yes","ALREADY_MODERN","false","B04C07388C944E5DA74CFCE142599797F582EA809412B9690170735BFA17B04A","B04C07388C944E5DA74CFCE142599797F582EA809412B9690170735BFA17B04A","ALREADY_MERGED","false","false",""
"common/journal_entries/00_sick_man.txt","306","je_sick_man_education","262","309","yes","1","\t","UTF-8","true","LF","false","false","false","true","","yes","true","","yes","ALREADY_MODERN","false","B04C07388C944E5DA74CFCE142599797F582EA809412B9690170735BFA17B04A","B04C07388C944E5DA74CFCE142599797F582EA809412B9690170735BFA17B04A","ALREADY_MERGED","false","false",""
"common/journal_entries/00_sick_man.txt","388","je_sick_man_separatism","312","391","yes","1","\t","UTF-8","true","LF","false","false","false","true","","yes","true","","yes","ALREADY_MODERN","false","B04C07388C944E5DA74CFCE142599797F582EA809412B9690170735BFA17B04A","B04C07388C944E5DA74CFCE142599797F582EA809412B9690170735BFA17B04A","ALREADY_MERGED","false","false",""
"common/journal_entries/00_sick_man.txt","449","je_sick_man_army","394","452","yes","1","\t","UTF-8","true","LF","false","false","false","true","","yes","true","","yes","ALREADY_MODERN","false","B04C07388C944E5DA74CFCE142599797F582EA809412B9690170735BFA17B04A","B04C07388C944E5DA74CFCE142599797F582EA809412B9690170735BFA17B04A","ALREADY_MERGED","false","false",""
"common/journal_entries/00_sick_man.txt","499","je_sick_man_bureaucracy","456","500","yes","1","\t","UTF-8","true","LF","false","false","false","true","","yes","true","","yes","ALREADY_MODERN","false","B04C07388C944E5DA74CFCE142599797F582EA809412B9690170735BFA17B04A","B04C07388C944E5DA74CFCE142599797F582EA809412B9690170735BFA17B04A","ALREADY_MERGED","false","false",""
"common/journal_entries/00_skyscraper.txt","62","je_skyscraper_site","1","63","yes","1","\t","UTF-8","true","LF","true","true","true","true","","no","true","","no","PINNING_ATOMICITY_EXCEPTION","false","6448083CDCBD77C4AA9D2D8E0FE0E51E87730A277E930DBF08E41643D68289E5","6448083CDCBD77C4AA9D2D8E0FE0E51E87730A277E930DBF08E41643D68289E5","INTENTIONAL_FORK_DIVERGENCE","false","false","UNKNOWN_SEMANTIC_REPLACEMENT: fork boolean yes conflicts with source modern no and vanilla modern no"
"common/journal_entries/00_skyscraper.txt","99","je_skyscraper_construction","65","100","yes","1","\t","UTF-8","true","LF","true","true","true","true","","no","true","","no","PINNING_ATOMICITY_EXCEPTION","false","6448083CDCBD77C4AA9D2D8E0FE0E51E87730A277E930DBF08E41643D68289E5","6448083CDCBD77C4AA9D2D8E0FE0E51E87730A277E930DBF08E41643D68289E5","INTENTIONAL_FORK_DIVERGENCE","false","false","UNKNOWN_SEMANTIC_REPLACEMENT: fork boolean yes conflicts with source modern no and vanilla modern no"
"common/journal_entries/00_standard_of_living.txt","92","je_sol_1","1","97","yes","1","\t","UTF-8","true","LF","true","true","true","true","","yes","true","","yes","DIRECT_THREE_WAY_ATOMIC","true","37D2A06A5969D756551E38B7A8DB632221063063C248CB28B71D3C0513AEEFFB","76F931B1DF74300C9CC9703EAE609CAAF4F90AC30BCC81AB0D997578536C530B","INTENTIONAL_FORK_DIVERGENCE","false","false",""
"common/journal_entries/00_strike_je.txt","156","je_strike","1","157","yes","1","\t","UTF-8","true","LF","true","true","true","true","","yes","true","","yes","DIRECT_THREE_WAY_ATOMIC","true","D204DF6C6E15CE86C4D9070870BE89A8BC03480F6F314C80B2F41369C590DB94","0E793CD4F05F739593AC56FD87DC19CBAE52915BC3A871E9683EBB8A79BDD3E4","INTENTIONAL_FORK_DIVERGENCE","false","false",""
"common/journal_entries/00_suffragists.txt","74","je_suffragists","1","75","yes","1","\t","UTF-8","true","LF","true","true","true","true","","yes","true","","yes","DIRECT_THREE_WAY_ATOMIC","true","F355D80B61A2C83EA4ED0AD4D9ACEF53FEDC8E66E2A35558811B4047252ECF77","404E9376152F50C6C40D2F6886A1D69CF022FC851AB14FB3CF4053E807A0241E","INTENTIONAL_FORK_DIVERGENCE","false","false",""
"common/journal_entries/00_taiping.txt","124","je_chinese_missions","1","125","yes","1","\t","UTF-8","true","LF","true","true","true","true","","yes","true","","yes","DIRECT_THREE_WAY_ATOMIC","true","B9137C8C8DA1B6C74884E8B9F8770773E04F8E148448897F821E3ED2BFEF6522","2034BA0ABB93A7C4FDCCB4003CF30A4633738DA81170EDC3F266C6C4DFA50141","INTENTIONAL_FORK_DIVERGENCE","false","false",""
"common/journal_entries/00_taiping.txt","237","je_heavenly_kingdom_main","127","238","yes","1","\t","UTF-8","true","LF","true","true","true","true","","yes","true","","yes","DIRECT_THREE_WAY_ATOMIC","true","B9137C8C8DA1B6C74884E8B9F8770773E04F8E148448897F821E3ED2BFEF6522","2034BA0ABB93A7C4FDCCB4003CF30A4633738DA81170EDC3F266C6C4DFA50141","INTENTIONAL_FORK_DIVERGENCE","false","false",""
"common/journal_entries/00_taiping.txt","286","je_taiping","240","289","yes","1","\t","UTF-8","true","LF","true","true","true","true","","yes","true","","yes","DIRECT_THREE_WAY_ATOMIC","true","B9137C8C8DA1B6C74884E8B9F8770773E04F8E148448897F821E3ED2BFEF6522","2034BA0ABB93A7C4FDCCB4003CF30A4633738DA81170EDC3F266C6C4DFA50141","INTENTIONAL_FORK_DIVERGENCE","false","false",""
"common/journal_entries/00_taiping.txt","340","je_taiping_revolution","291","343","yes","1","\t","UTF-8","true","LF","true","true","true","true","","yes","true","","yes","DIRECT_THREE_WAY_ATOMIC","true","B9137C8C8DA1B6C74884E8B9F8770773E04F8E148448897F821E3ED2BFEF6522","2034BA0ABB93A7C4FDCCB4003CF30A4633738DA81170EDC3F266C6C4DFA50141","INTENTIONAL_FORK_DIVERGENCE","false","false",""
"common/journal_entries/00_trade_route_event_missions.txt","41","je_build_local_arms_industry","1","42","yes","1","\t","UTF-8","true","LF","true","true","true","true","","yes","true","","yes","DIRECT_THREE_WAY_ATOMIC","true","29718D5E71F603192FF592AC83A33D2525372487CE7123A58D87088713904C6B","17FA2D0EC53B5D19F39341E7E98A8F506E4BFA27327CE5DDE04FC21A4436EC33","INTENTIONAL_FORK_DIVERGENCE","false","false",""
"common/journal_entries/00_trade_route_event_missions.txt","90","je_set_up_grain_import","44","91","yes","1","\t","UTF-8","true","LF","true","true","true","true","","yes","true","","yes","DIRECT_THREE_WAY_ATOMIC","true","29718D5E71F603192FF592AC83A33D2525372487CE7123A58D87088713904C6B","17FA2D0EC53B5D19F39341E7E98A8F506E4BFA27327CE5DDE04FC21A4436EC33","INTENTIONAL_FORK_DIVERGENCE","false","false",""
"common/journal_entries/00_trade_route_event_missions.txt","140","je_set_up_steel_import","94","141","yes","1","\t","UTF-8","true","LF","true","true","true","true","","yes","true","","yes","DIRECT_THREE_WAY_ATOMIC","true","29718D5E71F603192FF592AC83A33D2525372487CE7123A58D87088713904C6B","17FA2D0EC53B5D19F39341E7E98A8F506E4BFA27327CE5DDE04FC21A4436EC33","INTENTIONAL_FORK_DIVERGENCE","false","false",""
"common/journal_entries/00_trade_route_event_missions.txt","190","je_set_up_paper_import","144","191","yes","1","\t","UTF-8","true","LF","true","true","true","true","","yes","true","","yes","DIRECT_THREE_WAY_ATOMIC","true","29718D5E71F603192FF592AC83A33D2525372487CE7123A58D87088713904C6B","17FA2D0EC53B5D19F39341E7E98A8F506E4BFA27327CE5DDE04FC21A4436EC33","INTENTIONAL_FORK_DIVERGENCE","false","false",""
"common/journal_entries/00_turtle_island.txt","85","je_unite_the_nations","1","86","yes","1","\t","UTF-8","true","LF","true","true","true","true","","yes","true","","yes","DIRECT_THREE_WAY_ATOMIC","true","DAE249E7CF51D9E3B57592192E32B153180648336E512C25F7CA661B3B7DD1EA","9B0B99611A32209DF3617C0A099F2FFEB52B7A2D16BFCC6996A989B6F7BBE15C","INTENTIONAL_FORK_DIVERGENCE","false","false",""
"common/journal_entries/00_tutorial.txt","2","je_tutorial_expand_basic_building","1","70","yes","1","\t","UTF-8","true","LF","true","true","true","true","","yes","true","","yes","DIRECT_THREE_WAY_ATOMIC","true","06482E7300968DAEF778A80D48F9BA202E61C13D0D573545FB24FA3A4C4E2017","282FB8A24F404874FA905F5E9E9187627102114BF0F6F72D744E63A2407E6885","VANILLA_1_13_ALIGNMENT_REQUIRED","true","false",""
"common/journal_entries/00_tutorial.txt","77","je_tutorial_fix_budget_deficit","72","124","yes","1","\t","UTF-8","true","LF","true","true","true","true","","yes","true","","yes","DIRECT_THREE_WAY_ATOMIC","true","06482E7300968DAEF778A80D48F9BA202E61C13D0D573545FB24FA3A4C4E2017","282FB8A24F404874FA905F5E9E9187627102114BF0F6F72D744E63A2407E6885","VANILLA_1_13_ALIGNMENT_REQUIRED","true","false",""
"common/journal_entries/00_tutorial.txt","131","je_tutorial_change_production_method","126","188","yes","1","\t","UTF-8","true","LF","true","true","true","true","","yes","true","","yes","DIRECT_THREE_WAY_ATOMIC","true","06482E7300968DAEF778A80D48F9BA202E61C13D0D573545FB24FA3A4C4E2017","282FB8A24F404874FA905F5E9E9187627102114BF0F6F72D744E63A2407E6885","VANILLA_1_13_ALIGNMENT_REQUIRED","true","false",""
"common/journal_entries/00_tutorial.txt","195","je_tutorial_expand_productive_building","190","253","yes","1","\t","UTF-8","true","LF","true","true","true","true","","yes","true","","yes","DIRECT_THREE_WAY_ATOMIC","true","06482E7300968DAEF778A80D48F9BA202E61C13D0D573545FB24FA3A4C4E2017","282FB8A24F404874FA905F5E9E9187627102114BF0F6F72D744E63A2407E6885","VANILLA_1_13_ALIGNMENT_REQUIRED","true","false",""
"common/journal_entries/00_tutorial.txt","257","je_tutorial_fix_unproductive_building","255","333","yes","1","\t","UTF-8","true","LF","true","true","true","true","","yes|yes","true","","yes|yes","DIRECT_THREE_WAY_ATOMIC","true","06482E7300968DAEF778A80D48F9BA202E61C13D0D573545FB24FA3A4C4E2017","282FB8A24F404874FA905F5E9E9187627102114BF0F6F72D744E63A2407E6885","VANILLA_1_13_ALIGNMENT_REQUIRED","true","false",""
"common/journal_entries/00_tutorial.txt","332","je_tutorial_fix_unproductive_building","255","333","yes","1","\t","UTF-8","true","LF","true","true","true","true","","yes|yes","true","","yes|yes","DIRECT_THREE_WAY_ATOMIC","true","06482E7300968DAEF778A80D48F9BA202E61C13D0D573545FB24FA3A4C4E2017","282FB8A24F404874FA905F5E9E9187627102114BF0F6F72D744E63A2407E6885","VANILLA_1_13_ALIGNMENT_REQUIRED","true","false",""
"common/journal_entries/00_tutorial.txt","338","je_tutorial_grow_gdp","335","367","yes","1","\t","UTF-8","true","LF","true","true","true","true","","yes","true","","yes","DIRECT_THREE_WAY_ATOMIC","true","06482E7300968DAEF778A80D48F9BA202E61C13D0D573545FB24FA3A4C4E2017","282FB8A24F404874FA905F5E9E9187627102114BF0F6F72D744E63A2407E6885","VANILLA_1_13_ALIGNMENT_REQUIRED","true","false",""
"common/journal_entries/00_tutorial.txt","374","je_tutorial_promote_movement","370","425","yes","1","\t","UTF-8","true","LF","true","true","true","true","","yes","true","","yes","DIRECT_THREE_WAY_ATOMIC","true","06482E7300968DAEF778A80D48F9BA202E61C13D0D573545FB24FA3A4C4E2017","282FB8A24F404874FA905F5E9E9187627102114BF0F6F72D744E63A2407E6885","VANILLA_1_13_ALIGNMENT_REQUIRED","true","false",""
"common/journal_entries/00_tutorial.txt","430","je_tutorial_increase_market_access_by_decree","427","513","yes","1","\t","UTF-8","true","LF","true","true","true","true","","yes","true","","yes","DIRECT_THREE_WAY_ATOMIC","true","06482E7300968DAEF778A80D48F9BA202E61C13D0D573545FB24FA3A4C4E2017","282FB8A24F404874FA905F5E9E9187627102114BF0F6F72D744E63A2407E6885","VANILLA_1_13_ALIGNMENT_REQUIRED","true","false",""
"common/journal_entries/00_tutorial.txt","518","je_tutorial_improve_market_access_with_railways","515","564","yes","1","\t","UTF-8","true","LF","true","true","true","true","","yes","true","","yes","DIRECT_THREE_WAY_ATOMIC","true","06482E7300968DAEF778A80D48F9BA202E61C13D0D573545FB24FA3A4C4E2017","282FB8A24F404874FA905F5E9E9187627102114BF0F6F72D744E63A2407E6885","VANILLA_1_13_ALIGNMENT_REQUIRED","true","false",""
"common/journal_entries/00_tutorial.txt","569","je_tutorial_increase_immigration","566","603","yes","1","\t","UTF-8","true","LF","true","true","true","true","","yes","true","","yes","DIRECT_THREE_WAY_ATOMIC","true","06482E7300968DAEF778A80D48F9BA202E61C13D0D573545FB24FA3A4C4E2017","282FB8A24F404874FA905F5E9E9187627102114BF0F6F72D744E63A2407E6885","VANILLA_1_13_ALIGNMENT_REQUIRED","true","false",""
"common/journal_entries/00_tutorial.txt","607","je_tutorial_improve_supply_network","605","627","yes","1","\t","UTF-8","true","LF","true","true","true","true","","yes","true","","yes","DIRECT_THREE_WAY_ATOMIC","true","06482E7300968DAEF778A80D48F9BA202E61C13D0D573545FB24FA3A4C4E2017","282FB8A24F404874FA905F5E9E9187627102114BF0F6F72D744E63A2407E6885","VANILLA_1_13_ALIGNMENT_REQUIRED","true","false",""
"common/journal_entries/00_tutorial.txt","631","je_tutorial_improve_consumer_goods_access","629","642","yes","1","\t","UTF-8","true","LF","true","true","true","true","","yes","true","","yes","DIRECT_THREE_WAY_ATOMIC","true","06482E7300968DAEF778A80D48F9BA202E61C13D0D573545FB24FA3A4C4E2017","282FB8A24F404874FA905F5E9E9187627102114BF0F6F72D744E63A2407E6885","VANILLA_1_13_ALIGNMENT_REQUIRED","true","false",""
"common/journal_entries/00_tutorial.txt","646","je_tutorial_make_interest_group_happy","644","657","yes","1","\t","UTF-8","true","LF","true","true","true","true","","yes|yes","true","","yes|yes","DIRECT_THREE_WAY_ATOMIC","true","06482E7300968DAEF778A80D48F9BA202E61C13D0D573545FB24FA3A4C4E2017","282FB8A24F404874FA905F5E9E9187627102114BF0F6F72D744E63A2407E6885","VANILLA_1_13_ALIGNMENT_REQUIRED","true","false",""
"common/journal_entries/00_tutorial.txt","656","je_tutorial_make_interest_group_happy","644","657","yes","1","\t","UTF-8","true","LF","true","true","true","true","","yes|yes","true","","yes|yes","DIRECT_THREE_WAY_ATOMIC","true","06482E7300968DAEF778A80D48F9BA202E61C13D0D573545FB24FA3A4C4E2017","282FB8A24F404874FA905F5E9E9187627102114BF0F6F72D744E63A2407E6885","VANILLA_1_13_ALIGNMENT_REQUIRED","true","false",""
"common/journal_entries/00_tutorial.txt","662","je_tutorial_enact_institution_law","659","690","yes","1","\t","UTF-8","true","LF","true","true","true","true","","yes","true","","yes","DIRECT_THREE_WAY_ATOMIC","true","06482E7300968DAEF778A80D48F9BA202E61C13D0D573545FB24FA3A4C4E2017","282FB8A24F404874FA905F5E9E9187627102114BF0F6F72D744E63A2407E6885","VANILLA_1_13_ALIGNMENT_REQUIRED","true","false",""
"common/journal_entries/00_tutorial.txt","695","je_tutorial_invest_into_an_institution","692","728","yes","1","\t","UTF-8","true","LF","true","true","true","true","","yes","true","","yes","DIRECT_THREE_WAY_ATOMIC","true","06482E7300968DAEF778A80D48F9BA202E61C13D0D573545FB24FA3A4C4E2017","282FB8A24F404874FA905F5E9E9187627102114BF0F6F72D744E63A2407E6885","VANILLA_1_13_ALIGNMENT_REQUIRED","true","false",""
"common/journal_entries/00_tutorial.txt","732","je_tutorial_reform_government","730","757","yes","1","\t","UTF-8","true","LF","true","true","true","true","","yes|yes","true","","yes|yes","DIRECT_THREE_WAY_ATOMIC","true","06482E7300968DAEF778A80D48F9BA202E61C13D0D573545FB24FA3A4C4E2017","282FB8A24F404874FA905F5E9E9187627102114BF0F6F72D744E63A2407E6885","VANILLA_1_13_ALIGNMENT_REQUIRED","true","false",""
"common/journal_entries/00_tutorial.txt","756","je_tutorial_reform_government","730","757","yes","1","\t","UTF-8","true","LF","true","true","true","true","","yes|yes","true","","yes|yes","DIRECT_THREE_WAY_ATOMIC","true","06482E7300968DAEF778A80D48F9BA202E61C13D0D573545FB24FA3A4C4E2017","282FB8A24F404874FA905F5E9E9187627102114BF0F6F72D744E63A2407E6885","VANILLA_1_13_ALIGNMENT_REQUIRED","true","false",""
"common/journal_entries/00_tutorial.txt","762","je_tutorial_increase_relations","759","842","yes","1","\t","UTF-8","true","LF","true","true","true","true","","yes","true","","yes","DIRECT_THREE_WAY_ATOMIC","true","06482E7300968DAEF778A80D48F9BA202E61C13D0D573545FB24FA3A4C4E2017","282FB8A24F404874FA905F5E9E9187627102114BF0F6F72D744E63A2407E6885","VANILLA_1_13_ALIGNMENT_REQUIRED","true","false",""
"common/journal_entries/00_tutorial.txt","846","je_tutorial_improve_rank","844","965","yes","1","\t","UTF-8","true","LF","true","true","true","true","","yes","true","","yes","DIRECT_THREE_WAY_ATOMIC","true","06482E7300968DAEF778A80D48F9BA202E61C13D0D573545FB24FA3A4C4E2017","282FB8A24F404874FA905F5E9E9187627102114BF0F6F72D744E63A2407E6885","VANILLA_1_13_ALIGNMENT_REQUIRED","true","false",""
"common/journal_entries/00_tutorial.txt","969","je_tutorial_prevent_revolution","967","982","yes","1","\t","UTF-8","true","LF","true","true","true","true","","yes","true","","yes","DIRECT_THREE_WAY_ATOMIC","true","06482E7300968DAEF778A80D48F9BA202E61C13D0D573545FB24FA3A4C4E2017","282FB8A24F404874FA905F5E9E9187627102114BF0F6F72D744E63A2407E6885","VANILLA_1_13_ALIGNMENT_REQUIRED","true","false",""
"common/journal_entries/00_tutorial.txt","986","je_tutorial_earn_obligation","984","1005","yes","1","\t","UTF-8","true","LF","true","true","true","true","","yes|yes","true","","yes|yes","DIRECT_THREE_WAY_ATOMIC","true","06482E7300968DAEF778A80D48F9BA202E61C13D0D573545FB24FA3A4C4E2017","282FB8A24F404874FA905F5E9E9187627102114BF0F6F72D744E63A2407E6885","VANILLA_1_13_ALIGNMENT_REQUIRED","true","false",""
"common/journal_entries/00_tutorial.txt","1004","je_tutorial_earn_obligation","984","1005","yes","1","\t","UTF-8","true","LF","true","true","true","true","","yes|yes","true","","yes|yes","DIRECT_THREE_WAY_ATOMIC","true","06482E7300968DAEF778A80D48F9BA202E61C13D0D573545FB24FA3A4C4E2017","282FB8A24F404874FA905F5E9E9187627102114BF0F6F72D744E63A2407E6885","VANILLA_1_13_ALIGNMENT_REQUIRED","true","false",""
"common/journal_entries/00_tutorial.txt","1010","je_tutorial_expand_military","1007","1048","yes","1","\t","UTF-8","true","LF","true","true","true","true","","yes","true","","yes","DIRECT_THREE_WAY_ATOMIC","true","06482E7300968DAEF778A80D48F9BA202E61C13D0D573545FB24FA3A4C4E2017","282FB8A24F404874FA905F5E9E9187627102114BF0F6F72D744E63A2407E6885","VANILLA_1_13_ALIGNMENT_REQUIRED","true","false",""
"common/journal_entries/00_tutorial.txt","1052","je_tutorial_recruit_promote_commander","1050","1086","yes","1","\t","UTF-8","true","LF","true","true","true","true","","yes|yes","true","","yes|yes","DIRECT_THREE_WAY_ATOMIC","true","06482E7300968DAEF778A80D48F9BA202E61C13D0D573545FB24FA3A4C4E2017","282FB8A24F404874FA905F5E9E9187627102114BF0F6F72D744E63A2407E6885","VANILLA_1_13_ALIGNMENT_REQUIRED","true","false",""
"common/journal_entries/00_tutorial.txt","1085","je_tutorial_recruit_promote_commander","1050","1086","yes","1","\t","UTF-8","true","LF","true","true","true","true","","yes|yes","true","","yes|yes","DIRECT_THREE_WAY_ATOMIC","true","06482E7300968DAEF778A80D48F9BA202E61C13D0D573545FB24FA3A4C4E2017","282FB8A24F404874FA905F5E9E9187627102114BF0F6F72D744E63A2407E6885","VANILLA_1_13_ALIGNMENT_REQUIRED","true","false",""
"common/journal_entries/00_tutorial.txt","1090","je_tutorial_mobilize_army","1088","1104","yes","1","\t","UTF-8","true","LF","true","true","true","true","","yes|yes","true","","yes|yes","DIRECT_THREE_WAY_ATOMIC","true","06482E7300968DAEF778A80D48F9BA202E61C13D0D573545FB24FA3A4C4E2017","282FB8A24F404874FA905F5E9E9187627102114BF0F6F72D744E63A2407E6885","VANILLA_1_13_ALIGNMENT_REQUIRED","true","false",""
"common/journal_entries/00_tutorial.txt","1103","je_tutorial_mobilize_army","1088","1104","yes","1","\t","UTF-8","true","LF","true","true","true","true","","yes|yes","true","","yes|yes","DIRECT_THREE_WAY_ATOMIC","true","06482E7300968DAEF778A80D48F9BA202E61C13D0D573545FB24FA3A4C4E2017","282FB8A24F404874FA905F5E9E9187627102114BF0F6F72D744E63A2407E6885","VANILLA_1_13_ALIGNMENT_REQUIRED","true","false",""
"common/journal_entries/00_tutorial.txt","1108","je_tutorial_send_general_to_front","1106","1122","yes","1","\t","UTF-8","true","LF","true","true","true","true","","yes|yes","true","","yes|yes","DIRECT_THREE_WAY_ATOMIC","true","06482E7300968DAEF778A80D48F9BA202E61C13D0D573545FB24FA3A4C4E2017","282FB8A24F404874FA905F5E9E9187627102114BF0F6F72D744E63A2407E6885","VANILLA_1_13_ALIGNMENT_REQUIRED","true","false",""
"common/journal_entries/00_tutorial.txt","1121","je_tutorial_send_general_to_front","1106","1122","yes","1","\t","UTF-8","true","LF","true","true","true","true","","yes|yes","true","","yes|yes","DIRECT_THREE_WAY_ATOMIC","true","06482E7300968DAEF778A80D48F9BA202E61C13D0D573545FB24FA3A4C4E2017","282FB8A24F404874FA905F5E9E9187627102114BF0F6F72D744E63A2407E6885","VANILLA_1_13_ALIGNMENT_REQUIRED","true","false",""
"common/journal_entries/00_tutorial.txt","1126","je_tutorial_convoy_raiding","1124","1159","yes","1","\t","UTF-8","true","LF","true","true","true","true","","yes|yes","true","","yes|yes","DIRECT_THREE_WAY_ATOMIC","true","06482E7300968DAEF778A80D48F9BA202E61C13D0D573545FB24FA3A4C4E2017","282FB8A24F404874FA905F5E9E9187627102114BF0F6F72D744E63A2407E6885","VANILLA_1_13_ALIGNMENT_REQUIRED","true","false",""
"common/journal_entries/00_tutorial.txt","1158","je_tutorial_convoy_raiding","1124","1159","yes","1","\t","UTF-8","true","LF","true","true","true","true","","yes|yes","true","","yes|yes","DIRECT_THREE_WAY_ATOMIC","true","06482E7300968DAEF778A80D48F9BA202E61C13D0D573545FB24FA3A4C4E2017","282FB8A24F404874FA905F5E9E9187627102114BF0F6F72D744E63A2407E6885","VANILLA_1_13_ALIGNMENT_REQUIRED","true","false",""
"common/journal_entries/00_tutorial.txt","1163","je_tutorial_recover_from_default","1161","1211","yes","1","\t","UTF-8","true","LF","true","true","true","true","","yes|yes","true","","yes|yes","DIRECT_THREE_WAY_ATOMIC","true","06482E7300968DAEF778A80D48F9BA202E61C13D0D573545FB24FA3A4C4E2017","282FB8A24F404874FA905F5E9E9187627102114BF0F6F72D744E63A2407E6885","VANILLA_1_13_ALIGNMENT_REQUIRED","true","false",""
"common/journal_entries/00_tutorial.txt","1210","je_tutorial_recover_from_default","1161","1211","yes","1","\t","UTF-8","true","LF","true","true","true","true","","yes|yes","true","","yes|yes","DIRECT_THREE_WAY_ATOMIC","true","06482E7300968DAEF778A80D48F9BA202E61C13D0D573545FB24FA3A4C4E2017","282FB8A24F404874FA905F5E9E9187627102114BF0F6F72D744E63A2407E6885","VANILLA_1_13_ALIGNMENT_REQUIRED","true","false",""
"common/journal_entries/00_tutorial.txt","1217","je_tutorial_start_diplomatic_play","1213","1228","yes","1","\t","UTF-8","true","LF","true","true","true","true","","yes|yes","true","","yes|yes","DIRECT_THREE_WAY_ATOMIC","true","06482E7300968DAEF778A80D48F9BA202E61C13D0D573545FB24FA3A4C4E2017","282FB8A24F404874FA905F5E9E9187627102114BF0F6F72D744E63A2407E6885","VANILLA_1_13_ALIGNMENT_REQUIRED","true","false",""
"common/journal_entries/00_tutorial.txt","1227","je_tutorial_start_diplomatic_play","1213","1228","yes","1","\t","UTF-8","true","LF","true","true","true","true","","yes|yes","true","","yes|yes","DIRECT_THREE_WAY_ATOMIC","true","06482E7300968DAEF778A80D48F9BA202E61C13D0D573545FB24FA3A4C4E2017","282FB8A24F404874FA905F5E9E9187627102114BF0F6F72D744E63A2407E6885","VANILLA_1_13_ALIGNMENT_REQUIRED","true","false",""
"common/journal_entries/00_tutorial.txt","1232","je_tutorial_is_play_target","1230","1251","yes","1","\t","UTF-8","true","LF","true","true","true","true","","yes|yes","true","","yes|yes","DIRECT_THREE_WAY_ATOMIC","true","06482E7300968DAEF778A80D48F9BA202E61C13D0D573545FB24FA3A4C4E2017","282FB8A24F404874FA905F5E9E9187627102114BF0F6F72D744E63A2407E6885","VANILLA_1_13_ALIGNMENT_REQUIRED","true","false",""
"common/journal_entries/00_tutorial.txt","1250","je_tutorial_is_play_target","1230","1251","yes","1","\t","UTF-8","true","LF","true","true","true","true","","yes|yes","true","","yes|yes","DIRECT_THREE_WAY_ATOMIC","true","06482E7300968DAEF778A80D48F9BA202E61C13D0D573545FB24FA3A4C4E2017","282FB8A24F404874FA905F5E9E9187627102114BF0F6F72D744E63A2407E6885","VANILLA_1_13_ALIGNMENT_REQUIRED","true","false",""
"common/journal_entries/00_tutorial.txt","1257","je_tutorial_capacity_deficit","1253","1374","yes","1","\t","UTF-8","true","LF","true","true","true","true","","yes|yes","true","","yes|yes","DIRECT_THREE_WAY_ATOMIC","true","06482E7300968DAEF778A80D48F9BA202E61C13D0D573545FB24FA3A4C4E2017","282FB8A24F404874FA905F5E9E9187627102114BF0F6F72D744E63A2407E6885","VANILLA_1_13_ALIGNMENT_REQUIRED","true","false",""
"common/journal_entries/00_tutorial.txt","1373","je_tutorial_capacity_deficit","1253","1374","yes","1","\t","UTF-8","true","LF","true","true","true","true","","yes|yes","true","","yes|yes","DIRECT_THREE_WAY_ATOMIC","true","06482E7300968DAEF778A80D48F9BA202E61C13D0D573545FB24FA3A4C4E2017","282FB8A24F404874FA905F5E9E9187627102114BF0F6F72D744E63A2407E6885","VANILLA_1_13_ALIGNMENT_REQUIRED","true","false",""
"common/journal_entries/00_tutorial.txt","1380","je_tutorial_incorporate_state","1376","1425","yes","1","\t","UTF-8","true","LF","true","true","true","true","","yes","true","","yes","DIRECT_THREE_WAY_ATOMIC","true","06482E7300968DAEF778A80D48F9BA202E61C13D0D573545FB24FA3A4C4E2017","282FB8A24F404874FA905F5E9E9187627102114BF0F6F72D744E63A2407E6885","VANILLA_1_13_ALIGNMENT_REQUIRED","true","false",""
"common/journal_entries/00_tutorial.txt","1489","je_tutorial_declare_an_interest","1427","1490","yes","1","\t","UTF-8","true","LF","true","true","true","true","","yes","true","","yes","DIRECT_THREE_WAY_ATOMIC","true","06482E7300968DAEF778A80D48F9BA202E61C13D0D573545FB24FA3A4C4E2017","282FB8A24F404874FA905F5E9E9187627102114BF0F6F72D744E63A2407E6885","VANILLA_1_13_ALIGNMENT_REQUIRED","true","false",""
"common/journal_entries/00_tutorial.txt","1531","je_tutorial_colonize_state","1492","1532","yes","1","\t","UTF-8","true","LF","true","true","true","true","","yes","true","","yes","DIRECT_THREE_WAY_ATOMIC","true","06482E7300968DAEF778A80D48F9BA202E61C13D0D573545FB24FA3A4C4E2017","282FB8A24F404874FA905F5E9E9187627102114BF0F6F72D744E63A2407E6885","VANILLA_1_13_ALIGNMENT_REQUIRED","true","false",""
"common/journal_entries/00_tutorial.txt","1546","je_tutorial_make_peace","1534","1547","yes","1","\t","UTF-8","true","LF","true","true","true","true","","yes","true","","yes","DIRECT_THREE_WAY_ATOMIC","true","06482E7300968DAEF778A80D48F9BA202E61C13D0D573545FB24FA3A4C4E2017","282FB8A24F404874FA905F5E9E9187627102114BF0F6F72D744E63A2407E6885","VANILLA_1_13_ALIGNMENT_REQUIRED","true","false",""
"common/journal_entries/00_tutorial.txt","1582","je_tutorial_research_technology","1549","1583","yes","1","\t","UTF-8","true","LF","true","true","true","true","","yes","true","","yes","DIRECT_THREE_WAY_ATOMIC","true","06482E7300968DAEF778A80D48F9BA202E61C13D0D573545FB24FA3A4C4E2017","282FB8A24F404874FA905F5E9E9187627102114BF0F6F72D744E63A2407E6885","VANILLA_1_13_ALIGNMENT_REQUIRED","true","false",""
"common/journal_entries/00_tutorial.txt","1588","je_tutorial_create_formation","1585","1614","yes","1","\t","UTF-8","true","LF","true","true","true","true","","yes","true","","yes","DIRECT_THREE_WAY_ATOMIC","true","06482E7300968DAEF778A80D48F9BA202E61C13D0D573545FB24FA3A4C4E2017","282FB8A24F404874FA905F5E9E9187627102114BF0F6F72D744E63A2407E6885","VANILLA_1_13_ALIGNMENT_REQUIRED","true","false",""
"common/journal_entries/00_tutorial.txt","1620","je_subject_liberty","1616","1634","yes","1","\t","UTF-8","true","LF","true","true","true","true","","yes","true","","yes","DIRECT_THREE_WAY_ATOMIC","true","06482E7300968DAEF778A80D48F9BA202E61C13D0D573545FB24FA3A4C4E2017","282FB8A24F404874FA905F5E9E9187627102114BF0F6F72D744E63A2407E6885","VANILLA_1_13_ALIGNMENT_REQUIRED","true","false",""
"common/journal_entries/00_tutorial.txt","1639","je_tutorial_foreign_investment","1636","1665","yes","1","\t","UTF-8","true","LF","true","true","true","true","","yes","true","","yes","DIRECT_THREE_WAY_ATOMIC","true","06482E7300968DAEF778A80D48F9BA202E61C13D0D573545FB24FA3A4C4E2017","282FB8A24F404874FA905F5E9E9187627102114BF0F6F72D744E63A2407E6885","VANILLA_1_13_ALIGNMENT_REQUIRED","true","false",""
"common/journal_entries/00_tutorial.txt","1670","je_tutorial_establish_company","1667","1691","yes","1","\t","UTF-8","true","LF","true","true","true","true","","yes","true","","yes","DIRECT_THREE_WAY_ATOMIC","true","06482E7300968DAEF778A80D48F9BA202E61C13D0D573545FB24FA3A4C4E2017","282FB8A24F404874FA905F5E9E9187627102114BF0F6F72D744E63A2407E6885","VANILLA_1_13_ALIGNMENT_REQUIRED","true","false",""
"common/journal_entries/00_tutorial.txt","1697","je_tutorial_form_power_bloc","1693","1718","yes","1","\t","UTF-8","true","LF","true","true","true","true","","yes","true","","yes","DIRECT_THREE_WAY_ATOMIC","true","06482E7300968DAEF778A80D48F9BA202E61C13D0D573545FB24FA3A4C4E2017","282FB8A24F404874FA905F5E9E9187627102114BF0F6F72D744E63A2407E6885","VANILLA_1_13_ALIGNMENT_REQUIRED","true","false",""
"common/journal_entries/00_tutorial.txt","1723","je_tutorial_lobbies","1720","1740","yes","1","\t","UTF-8","true","LF","true","true","true","true","","yes","true","","yes","DIRECT_THREE_WAY_ATOMIC","true","06482E7300968DAEF778A80D48F9BA202E61C13D0D573545FB24FA3A4C4E2017","282FB8A24F404874FA905F5E9E9187627102114BF0F6F72D744E63A2407E6885","VANILLA_1_13_ALIGNMENT_REQUIRED","true","false",""
"common/journal_entries/00_veiled_protectorate.txt","73","je_veiled_protectorate","1","74","yes","1","\t","UTF-8","true","LF","true","true","true","true","","yes","true","","yes","DIRECT_THREE_WAY_ATOMIC","true","F9396C040A81BCF7A0D2DF51CE40C9E3CB1457B927C286465EBFE1F99635AE81","4E5416113B5DBA8059D1F39B68D7DEAFCD52A7181C55FF1248EC9B1C2CF20524","INTENTIONAL_FORK_DIVERGENCE","false","false",""
"common/journal_entries/00_victoria.txt","100","je_victoria","1","101","yes","1","\t","UTF-8","true","LF","true","true","true","true","","yes","true","","yes","DIRECT_THREE_WAY_ATOMIC","true","D75A815854C2EEA310A2CFEC68A61F663BE60C16783A51FA2006A65D069651FF","B55646BD41D0A8C0DD9DD0486A185F7E701222F15AA917B9ECD77B561625E6AB","INTENTIONAL_FORK_DIVERGENCE","false","false",""
"common/journal_entries/00_warlord_china.txt","106","je_warlord_china","1","107","yes","1","\t","UTF-8","true","LF","true","true","true","true","","yes","true","","yes","DIRECT_THREE_WAY_ATOMIC","true","CCE8A4F3C979E77E41E3CC0795F30EC199C2145F15B9900284E2420EE66B28BA","B450CE6B18E39E15E317442E15F2E6DCF1FE8EC43672F77CBACADD91395F4021","INTENTIONAL_FORK_DIVERGENCE","false","false",""
"common/journal_entries/00_west_america.txt","145","je_west_america_expedition","1","146","yes","1","    ","UTF-8","true","LF","true","true","true","true","","yes","true","","yes","DIRECT_THREE_WAY_ATOMIC","true","DD55BE4BC4A21C0867071A899F1D9635B9B3125DF30B05087400E03C70BE47A0","ED15B734FDDE9CBD390EF943CB90F2BEEC11A60F51A2BE66F3ACAA4098FAC654","INTENTIONAL_FORK_DIVERGENCE","false","false",""
"common/journal_entries/00_zanzibar.txt","39","je_splitting_oman","1","40","yes","1","\t","UTF-8","true","LF","true","true","true","true","","yes","true","","yes","DIRECT_THREE_WAY_ATOMIC","true","429A410BC9462613B4BD9475AD8B5011AD6B405BA1F80AE59EEAFD6BF1B5E4A2","03E4C7A3C2E8668B3AF351CCA8078D4313F545F453BB4C04FDB58525A6402B98","INTENTIONAL_FORK_DIVERGENCE","false","false",""
"common/journal_entries/00_zanzibar.txt","323","je_lion_of_the_zanj","43","324","yes","1","\t","UTF-8","true","LF","true","true","true","true","","yes","true","","yes","DIRECT_THREE_WAY_ATOMIC","true","429A410BC9462613B4BD9475AD8B5011AD6B405BA1F80AE59EEAFD6BF1B5E4A2","03E4C7A3C2E8668B3AF351CCA8078D4313F545F453BB4C04FDB58525A6402B98","INTENTIONAL_FORK_DIVERGENCE","false","false",""
"common/journal_entries/01_algeria.txt","92","je_conquest_of_algeria","1","95","yes","1","\t","UTF-8","true","LF","true","true","true","true","","yes","true","","yes","DIRECT_THREE_WAY_ATOMIC","true","8411EE72E8215C3320842499BDB61E187AE44A146307925C31E78251122FF075","229F2D1F0048F66C90E211608CD14E4FD63719219F4BA12CB39D31D81F9776A8","INTENTIONAL_FORK_DIVERGENCE","false","false",""
"common/journal_entries/01_algeria.txt","241","je_the_algerian_departements","97","244","yes","1","\t","UTF-8","true","LF","true","true","true","true","","yes","true","","yes","DIRECT_THREE_WAY_ATOMIC","true","8411EE72E8215C3320842499BDB61E187AE44A146307925C31E78251122FF075","229F2D1F0048F66C90E211608CD14E4FD63719219F4BA12CB39D31D81F9776A8","INTENTIONAL_FORK_DIVERGENCE","false","false",""
"common/journal_entries/01_algeria.txt","280","je_reconquest_of_algeria","246","283","yes","1","\t","UTF-8","true","LF","true","true","true","true","","yes","true","","yes","DIRECT_THREE_WAY_ATOMIC","true","8411EE72E8215C3320842499BDB61E187AE44A146307925C31E78251122FF075","229F2D1F0048F66C90E211608CD14E4FD63719219F4BA12CB39D31D81F9776A8","INTENTIONAL_FORK_DIVERGENCE","false","false",""
"common/journal_entries/01_algeria.txt","314","je_french_foreign_legion","285","317","yes","1","\t","UTF-8","true","LF","true","true","true","true","","yes","true","","yes","DIRECT_THREE_WAY_ATOMIC","true","8411EE72E8215C3320842499BDB61E187AE44A146307925C31E78251122FF075","229F2D1F0048F66C90E211608CD14E4FD63719219F4BA12CB39D31D81F9776A8","INTENTIONAL_FORK_DIVERGENCE","false","false",""
"common/journal_entries/01_coup.txt","139","je_ip4_coup","1","145","yes","1","\t","UTF-8","true","LF","false","false","false","true","","yes","true","","yes","ALREADY_MODERN","false","37C2669619CD26C30450F41082716BF30CA12949AA5FEE59BA0D25D498339602","37C2669619CD26C30450F41082716BF30CA12949AA5FEE59BA0D25D498339602","ALREADY_MERGED","false","false",""
"common/journal_entries/01_dreyfus_affair.txt","92","je_dreyfus_affair","1","97","yes","1","\t","UTF-8","true","LF","true","true","true","true","","yes","true","","yes","DIRECT_THREE_WAY_ATOMIC","true","4867536D65CB980BFCDB8F1A525262791FAD631E6120E0804D1C1A7D24EA6A02","2C6119470940964721AE01E4B24D5F8A2DBFF0F54F9F60129EB5F4259DF98F0A","INTENTIONAL_FORK_DIVERGENCE","false","false",""
"common/journal_entries/01_french_monarchism.txt","266","je_divided_monarchists","1","267","yes","1","\t","UTF-8","true","LF","true","true","true","true","","yes","true","","yes","DIRECT_THREE_WAY_ATOMIC","true","56048B1FC48E5345E766F84CDBF3EB7433C3CCAA4AE60C400680C7903623C830","702D9BD9C303DC6656143879DE26F7C83C33D8FE0EFE2C50B8B2076CE6C4F0FF","POST_MERGE_DESIGN_BACKLOG","false","false",""
"common/journal_entries/01_french_monarchism.txt","512","je_cement_the_rightful_dynasty","269","513","yes","1","\t","UTF-8","true","LF","true","true","true","true","","yes","true","","yes","DIRECT_THREE_WAY_ATOMIC","true","56048B1FC48E5345E766F84CDBF3EB7433C3CCAA4AE60C400680C7903623C830","702D9BD9C303DC6656143879DE26F7C83C33D8FE0EFE2C50B8B2076CE6C4F0FF","POST_MERGE_DESIGN_BACKLOG","false","false",""
"common/journal_entries/01_hispaniola.txt","90","je_haitian_debt","1","92","yes","1","    ","UTF-8","true","LF","true","true","true","true","","yes","true","","yes","DIRECT_THREE_WAY_ATOMIC","true","53A7A54042D904AFDAB67CEFAFFE642CEB4860F9157FACCFD52A1B786F9DE447","5C4C240A28F2885786E3B03F7DCF79304CC02525289A19C310358BDB6A311248","INTENTIONAL_FORK_DIVERGENCE","false","false",""
"common/journal_entries/01_indochina.txt","82","je_indochina","1","83","yes","1","\t","UTF-8","true","LF","true","true","true","true","","yes","true","","yes","DIRECT_THREE_WAY_ATOMIC","true","33133173D639698BF7B662F8D27669DBBDE8251F155C0CBE70F2B86904FFF4AA","2EA7CBC1757CAC7DE668D4594F9F7B6ADA22797D4FC2B4ABB999E9BB09DCF43E","INTENTIONAL_FORK_DIVERGENCE","false","false",""
"common/journal_entries/01_krakow.txt","64","je_the_krakow_uprising","1","65","yes","1","    ","UTF-8","true","LF","true","true","true","true","","yes","true","","yes","DIRECT_THREE_WAY_ATOMIC","true","B3D9296312DC68628BAEF5C3F5C87FBBE9F46B4DC7783346E4693ECA334F57D3","098790CB02BE59406F0666B0BE31CEB95125BFF6646ACD12329A5588300CCF41","INTENTIONAL_FORK_DIVERGENCE","false","false",""
"common/journal_entries/01_natural_borders_of_france.txt","77","je_french_natural_borders","1","80","yes","1","\t","UTF-8","true","LF","true","true","true","true","","yes","true","","yes","DIRECT_THREE_WAY_ATOMIC","true","AFB646222CF708B953375F84496F72D58C50535A5144E12804EEB73FE8673BC9","33750CC263550A3A67CD8702ECEC0EF38894A2BF652A292ACB12E61632955C27","INTENTIONAL_FORK_DIVERGENCE","false","false",""
"common/journal_entries/01_natural_borders_of_france.txt","240","je_confederation_of_the_rhine","82","243","yes","1","\t","UTF-8","true","LF","true","true","true","true","","yes","true","","yes","DIRECT_THREE_WAY_ATOMIC","true","AFB646222CF708B953375F84496F72D58C50535A5144E12804EEB73FE8673BC9","33750CC263550A3A67CD8702ECEC0EF38894A2BF652A292ACB12E61632955C27","INTENTIONAL_FORK_DIVERGENCE","false","false",""
"common/journal_entries/01_nihilism.txt","205","je_nihilist_movement","1","206","yes","1","\t","UTF-8","true","LF","true","true","true","true","","yes","true","","yes","DIRECT_THREE_WAY_ATOMIC","true","87E4C591520C2BB488571151E62E27641ACFC273B2882D48356639A76FB0D1FC","94ECC16CCD32B5C250D78A0F50DB7F902C2AB75E0FBB6E56E80987818B9AF4BD","INTENTIONAL_FORK_DIVERGENCE","false","false",""
"common/journal_entries/01_paris_commune.txt","70","je_the_paris_commune_display","1","73","no","1","\t","UTF-8","true","LF","true","true","true","true","","yes","true","","yes","PINNING_ATOMICITY_EXCEPTION","false","FAFA460F2F8C0474E5774A23D3FA3D6761B3E7EE60DF6F54A69C2D7B06CD1D38","69E24EC0FD0C2F07164AD6492CD9F4694879F1EA639B84900BCDEA20A5FF6199","INTENTIONAL_FORK_DIVERGENCE","false","false","UNKNOWN_SEMANTIC_REPLACEMENT: fork boolean no conflicts with source modern yes and vanilla modern yes"
"common/journal_entries/01_paris_commune.txt","229","je_the_paris_commune_france","75","244","yes","1","\t","UTF-8","true","LF","true","true","true","true","","yes","true","","yes","DIRECT_THREE_WAY_ATOMIC","true","FAFA460F2F8C0474E5774A23D3FA3D6761B3E7EE60DF6F54A69C2D7B06CD1D38","69E24EC0FD0C2F07164AD6492CD9F4694879F1EA639B84900BCDEA20A5FF6199","INTENTIONAL_FORK_DIVERGENCE","false","false",""
"common/journal_entries/01_paris_commune.txt","325","je_the_paris_commune_communards","246","340","yes","1","\t","UTF-8","true","LF","true","true","true","true","","yes","true","","yes","DIRECT_THREE_WAY_ATOMIC","true","FAFA460F2F8C0474E5774A23D3FA3D6761B3E7EE60DF6F54A69C2D7B06CD1D38","69E24EC0FD0C2F07164AD6492CD9F4694879F1EA639B84900BCDEA20A5FF6199","INTENTIONAL_FORK_DIVERGENCE","false","false",""
"common/journal_entries/01_ryukyu_rivalry.txt","325","je_ryukyu_rivalry","1","329","no","1","\t","UTF-8","true","LF","false","false","false","true","","no","true","","no","ALREADY_MODERN","false","B50F63CF7AE1201216F153186040344E76ED4980702F63B8107D499F8D21BD7E","B50F63CF7AE1201216F153186040344E76ED4980702F63B8107D499F8D21BD7E","MERGED_STATIC_ONLY","false","false",""
"common/journal_entries/01_silkworm_diseases.txt","158","je_silkworm_diseases","1","159","yes","1","\t","UTF-8","true","LF","true","true","true","true","","yes","true","","yes","DIRECT_THREE_WAY_ATOMIC","true","22E2A266EF3DF56DCD96683D0161EDBA70058AFE828ED80F9B6FC88DC160D2C5","9E6D5C90C530998C915CEA127751CA0DE767C0B24AAFE556A656F94F4AC559AE","INTENTIONAL_FORK_DIVERGENCE","false","false",""
"common/journal_entries/02_acre_dispute.txt","33","je_acre_dispute","1","34","yes","1","\t","UTF-8","true","LF","true","true","true","true","","yes","true","","yes","DIRECT_THREE_WAY_ATOMIC","true","BB2CCE10F6EEE9627DC78CE4B4E8EEDD757C5313E35143F93079B7CA8519BCE5","CE80D7CCBB66C01122C148EF11797076EFC806C73195044E6B423B58839B2B8C","INTENTIONAL_FORK_DIVERGENCE","false","false",""
"common/journal_entries/02_amazonas.txt","61","je_amazonas","1","62","yes","1","\t","UTF-8","true","LF","true","true","true","true","","yes","true","","yes","DIRECT_THREE_WAY_ATOMIC","true","22EA8DA4600AFDE67F9725E8FF790459F8A68EA96FE229673442CD37534E7431","D42D606838DE1DE1F998F57DCFD6D6121FC85AD4B16CB81334BFAA4E4E45EE04","INTENTIONAL_FORK_DIVERGENCE","false","false",""
"common/journal_entries/02_brazil_navy.txt","135","je_brazil_navy","1","136","yes","1","\t","UTF-8","true","LF","true","true","true","true","","yes","true","","yes","DIRECT_THREE_WAY_ATOMIC","true","99D3A7B51C87EE1B93C61E64D23828A1FE56A982AD9F4E42B8CADB709C132689","91F3CAAA14E174CBD1A5AAE4A7B1BB4488A089539AB0132A2D7F70EA8FFDBBE9","INTENTIONAL_FORK_DIVERGENCE","false","false",""
"common/journal_entries/02_brazilian_nation_building.txt","79","je_brazilian_nation_building","1","80","yes","1","\t","UTF-8","true","LF","true","true","true","true","","yes","true","","yes","DIRECT_THREE_WAY_ATOMIC","true","7ED542816D75BB1CE4146F07C6B0139A63B2D38E4547377CADDF17F79F172E01","F83841541DC8386C0831E4758AE900FD3AC20F230D2B59DE3DEA763EA3FBA58C","INTENTIONAL_FORK_DIVERGENCE","false","false",""
"common/journal_entries/02_brazilian_slavery.txt","69","je_aberdeen_act","2","70","yes","1","    ","UTF-8","true","LF","true","true","true","true","","yes","true","","yes","DIRECT_THREE_WAY_ATOMIC","true","11535425942E9B046CE134E549FBB43BCFF4E462EABE3C64154345D8E30C5B3E","0A796C64D652E3939DE03F538BA2E14C863D099B04BE2937C4D506EFB84426DB","INTENTIONAL_FORK_DIVERGENCE","false","false",""
"common/journal_entries/02_brazilian_slavery.txt","262","je_matter_of_slavery","73","263","yes","1","    ","UTF-8","true","LF","true","true","true","true","","yes","true","","yes","DIRECT_THREE_WAY_ATOMIC","true","11535425942E9B046CE134E549FBB43BCFF4E462EABE3C64154345D8E30C5B3E","0A796C64D652E3939DE03F538BA2E14C863D099B04BE2937C4D506EFB84426DB","INTENTIONAL_FORK_DIVERGENCE","false","false",""
"common/journal_entries/02_caudillo.txt","69","je_caudillo","1","70","yes","1","\t","UTF-8","true","LF","true","true","true","true","","yes","true","","yes","DIRECT_THREE_WAY_ATOMIC","true","421121DA0FA3CB88DE95FFCF45CB2D0773D2CABA397B25DC3DCAFF1D771DB571","56DD875FBD7AB2744233E522A175D094DD2DD9612FD1A808ABA9C8BCF5B21059","INTENTIONAL_FORK_DIVERGENCE","false","false",""
"common/journal_entries/02_coffee_and_milk.txt","128","je_agricultural_development","1","129","yes","1","\t","UTF-8","true","LF","true","true","true","true","","yes","true","","yes","DIRECT_THREE_WAY_ATOMIC","true","4D5A06762EFBBDD38CBE7F25D84B13A683D0BD36404FAE2D748097DEA134FE32","66E0F7F02BD79F683FD4489E70B9CC1C5246BDEE997D49471E4BD6E0A3EDC307","INTENTIONAL_FORK_DIVERGENCE","false","false",""
"common/journal_entries/02_coffee_and_milk.txt","283","je_coffee_with_milk","131","284","yes","1","\t","UTF-8","true","LF","true","true","true","true","","yes","true","","yes","DIRECT_THREE_WAY_ATOMIC","true","4D5A06762EFBBDD38CBE7F25D84B13A683D0BD36404FAE2D748097DEA134FE32","66E0F7F02BD79F683FD4489E70B9CC1C5246BDEE997D49471E4BD6E0A3EDC307","INTENTIONAL_FORK_DIVERGENCE","false","false",""
"common/journal_entries/02_cristo_redentor.txt","65","je_cristo_redentor","1","66","yes","1","    ","UTF-8","true","LF","true","true","true","true","","yes","true","","yes","DIRECT_THREE_WAY_ATOMIC","true","DF7AA978F54AEE03C131AF829A9E3AF35739553952762D8DBCF0BEEEBCFEB014","E226FE9178BAB0F5660670D4D3A5D40372552DDFDEE255E76A19E9F9AC0254EE","INTENTIONAL_FORK_DIVERGENCE","false","false",""
"common/journal_entries/02_gran_colombia.txt","72","je_gran_colombia","1","73","yes","1","    ","UTF-8","true","LF","true","true","true","true","","yes","true","","yes","DIRECT_THREE_WAY_ATOMIC","true","0D7E32C64B3B4E5E2044BBA5B303DE9E949C9459AE8FC1D3CEFDA256AEC92585","A6F1925247136AB175A35E59A5084A7FB615CF96DC3D0056086998F923555A1D","VANILLA_1_13_ALIGNMENT_REQUIRED","true","false",""
"common/journal_entries/02_gran_colombia.txt","135","je_la_plata","75","136","yes","1","    ","UTF-8","true","LF","true","true","true","true","","yes","true","","yes","DIRECT_THREE_WAY_ATOMIC","true","0D7E32C64B3B4E5E2044BBA5B303DE9E949C9459AE8FC1D3CEFDA256AEC92585","A6F1925247136AB175A35E59A5084A7FB615CF96DC3D0056086998F923555A1D","VANILLA_1_13_ALIGNMENT_REQUIRED","true","false",""
"common/journal_entries/02_gran_colombia.txt","229","je_andean_federation","138","230","yes","1","    ","UTF-8","true","LF","true","true","true","true","","yes","true","","yes","DIRECT_THREE_WAY_ATOMIC","true","0D7E32C64B3B4E5E2044BBA5B303DE9E949C9459AE8FC1D3CEFDA256AEC92585","A6F1925247136AB175A35E59A5084A7FB615CF96DC3D0056086998F923555A1D","VANILLA_1_13_ALIGNMENT_REQUIRED","true","false",""
"common/journal_entries/02_paraguay.txt","36","je_francocracia","1","37","yes","1","    ","UTF-8","true","LF","true","true","true","true","","yes","true","","yes","DIRECT_THREE_WAY_ATOMIC","true","A3ECE915C0B089F661F866DFAE3A41120F50684139E82A6A49E1741292B17219","99CC52566A0963DAC7DB7873C53A120D933983303FA723CE32FB6C85D0D9AAC7","INTENTIONAL_FORK_DIVERGENCE","false","false",""
"common/journal_entries/02_paraguay.txt","110","je_modernizing_paraguay","39","111","yes","1","    ","UTF-8","true","LF","true","true","true","true","","yes","true","","yes","DIRECT_THREE_WAY_ATOMIC","true","A3ECE915C0B089F661F866DFAE3A41120F50684139E82A6A49E1741292B17219","99CC52566A0963DAC7DB7873C53A120D933983303FA723CE32FB6C85D0D9AAC7","INTENTIONAL_FORK_DIVERGENCE","false","false",""
"common/journal_entries/02_paraguay.txt","308","je_expanding_paraguay","113","309","yes","1","    ","UTF-8","true","LF","true","true","true","true","","yes","true","","yes","DIRECT_THREE_WAY_ATOMIC","true","A3ECE915C0B089F661F866DFAE3A41120F50684139E82A6A49E1741292B17219","99CC52566A0963DAC7DB7873C53A120D933983303FA723CE32FB6C85D0D9AAC7","INTENTIONAL_FORK_DIVERGENCE","false","false",""
"common/journal_entries/02_paraguay.txt","418","je_paraguayan_war","311","419","yes","1","    ","UTF-8","true","LF","true","true","true","true","","yes","true","","yes","DIRECT_THREE_WAY_ATOMIC","true","A3ECE915C0B089F661F866DFAE3A41120F50684139E82A6A49E1741292B17219","99CC52566A0963DAC7DB7873C53A120D933983303FA723CE32FB6C85D0D9AAC7","INTENTIONAL_FORK_DIVERGENCE","false","false",""
"common/journal_entries/02_pedro_brazil.txt","251","je_pedro_brazil","1","252","yes","1","\t","UTF-8","true","LF","true","true","true","true","","yes","true","","yes","DIRECT_THREE_WAY_ATOMIC","true","6F2E01D208E80CF7327CADC9E6137149ED075E9C34B6408532988A6CDABDCF0C","81D4C81CD2DBE8B3F4094CFE5072B2A7729BBF591877EA5D9667A81D681576C7","INTENTIONAL_FORK_DIVERGENCE","false","false",""
"common/journal_entries/02_pedro_brazil.txt","304","je_pedro_republic","255","305","yes","1","\t","UTF-8","true","LF","true","true","true","true","","yes","true","","yes","DIRECT_THREE_WAY_ATOMIC","true","6F2E01D208E80CF7327CADC9E6137149ED075E9C34B6408532988A6CDABDCF0C","81D4C81CD2DBE8B3F4094CFE5072B2A7729BBF591877EA5D9667A81D681576C7","INTENTIONAL_FORK_DIVERGENCE","false","false",""
"common/journal_entries/02_pedro_brazil.txt","396","je_isabel","308","397","yes","1","\t","UTF-8","true","LF","true","true","true","true","","yes","true","","yes","DIRECT_THREE_WAY_ATOMIC","true","6F2E01D208E80CF7327CADC9E6137149ED075E9C34B6408532988A6CDABDCF0C","81D4C81CD2DBE8B3F4094CFE5072B2A7729BBF591877EA5D9667A81D681576C7","INTENTIONAL_FORK_DIVERGENCE","false","false",""
"common/journal_entries/02_peru_bolivia.txt","355","je_peru_bolivia","1","356","yes","1","\t","UTF-8","true","LF","true","true","true","true","","no","true","","no","PINNING_ATOMICITY_EXCEPTION","false","AC3E6B2E8BAC504BE20EC86ACE1B5E55F08DD9FAEB9FED7D5AC390E23B67D52D","AC3E6B2E8BAC504BE20EC86ACE1B5E55F08DD9FAEB9FED7D5AC390E23B67D52D","INTENTIONAL_FORK_DIVERGENCE","false","false","UNKNOWN_SEMANTIC_REPLACEMENT: fork boolean yes conflicts with source modern no and vanilla modern no"
"common/journal_entries/02_positivism.txt","140","je_positivist_movement","1","141","yes","1","\t","UTF-8","true","LF","true","true","true","true","","yes","true","","yes","DIRECT_THREE_WAY_ATOMIC","true","AA131209893B970FA3E41FA4CA643E9939D3BC5B10BBC970204D9B40C7FD5968","C9C9963D09E2F04A7619AC456D47176AAAD6FAC023BC73DB775F4B345471425A","INTENTIONAL_FORK_DIVERGENCE","false","false",""
"common/journal_entries/02_south_america_migration.txt","143","je_south_america_migration","1","144","yes","1","\t","UTF-8","true","LF","true","true","true","true","","yes","true","","yes","DIRECT_THREE_WAY_ATOMIC","true","344B48806BF9CDB8732EBCD17B8B713FBC1CCB5CC266E390BAE79C940F012576","04CF77749684B72C460EBDAC05CD8CDB5AB273B342DBB3128CE6E9031F263702","INTENTIONAL_FORK_DIVERGENCE","false","false",""
"common/journal_entries/02_south_america_migration.txt","296","je_central_america_migration","146","297","yes","1","\t","UTF-8","true","LF","true","true","true","true","","yes","true","","yes","DIRECT_THREE_WAY_ATOMIC","true","344B48806BF9CDB8732EBCD17B8B713FBC1CCB5CC266E390BAE79C940F012576","04CF77749684B72C460EBDAC05CD8CDB5AB273B342DBB3128CE6E9031F263702","INTENTIONAL_FORK_DIVERGENCE","false","false",""
"common/journal_entries/02_south_america_migration.txt","471","je_american_west_migration","299","472","yes","1","\t","UTF-8","true","LF","true","true","true","true","","yes","true","","yes","DIRECT_THREE_WAY_ATOMIC","true","344B48806BF9CDB8732EBCD17B8B713FBC1CCB5CC266E390BAE79C940F012576","04CF77749684B72C460EBDAC05CD8CDB5AB273B342DBB3128CE6E9031F263702","INTENTIONAL_FORK_DIVERGENCE","false","false",""
"common/journal_entries/02_south_american_national_identity.txt","406","je_south_american_national_identity_emergence","1","407","yes","1","\t","UTF-8","true","LF","true","true","true","true","","yes","true","","yes","DIRECT_THREE_WAY_ATOMIC","true","4C7F7F3513A49A02997C0CCD45FFEB3E2E12EC25B25D0E69A179FFED12DB16C3","3DA4A2A9185DFC8D1BB2731802D590A6EEFB708A0DCAB5EB2AB8C1140D4812AB","POST_MERGE_DESIGN_BACKLOG","false","false",""
"common/journal_entries/02_south_american_national_identity.txt","608","je_south_american_national_identity","410","609","yes","1","\t","UTF-8","true","LF","true","true","true","true","","yes","true","","yes","DIRECT_THREE_WAY_ATOMIC","true","4C7F7F3513A49A02997C0CCD45FFEB3E2E12EC25B25D0E69A179FFED12DB16C3","3DA4A2A9185DFC8D1BB2731802D590A6EEFB708A0DCAB5EB2AB8C1140D4812AB","POST_MERGE_DESIGN_BACKLOG","false","false",""
"common/journal_entries/02_vargas.txt","139","je_populist_unrest","1","140","yes","1","\t","UTF-8","true","LF","true","true","true","true","","yes","true","","yes","DIRECT_THREE_WAY_ATOMIC","true","D74771B12EDB06836C45EB089A2F6D9037D20A5642D5AA20CFE6D915BA4B90CA","198049D9605F877E6AD41AAD3171E2BF444EF4A739910A35C870671681121539","INTENTIONAL_FORK_DIVERGENCE","false","false",""
"common/journal_entries/02_vargas.txt","226","je_new_republic","142","227","yes","1","\t","UTF-8","true","LF","true","true","true","true","","yes","true","","yes","DIRECT_THREE_WAY_ATOMIC","true","D74771B12EDB06836C45EB089A2F6D9037D20A5642D5AA20CFE6D915BA4B90CA","198049D9605F877E6AD41AAD3171E2BF444EF4A739910A35C870671681121539","INTENTIONAL_FORK_DIVERGENCE","false","false",""
"common/journal_entries/03_afghanistan.txt","2","je_consolidate_afghanistan","1","1823","yes","1","\t","UTF-8","true","LF","false","false","false","true","","yes","true","","yes","ALREADY_MODERN","false","C9165714127E017486949AF8DDE742FD5A0E5F3093C5A43191695FE213969E13","C9165714127E017486949AF8DDE742FD5A0E5F3093C5A43191695FE213969E13","ALREADY_MERGED","true","false",""
"common/journal_entries/03_afghanistan.txt","1826","je_unify_afghanistan","1825","1877","yes","1","\t","UTF-8","true","LF","false","false","false","true","","yes","true","","yes","ALREADY_MODERN","false","C9165714127E017486949AF8DDE742FD5A0E5F3093C5A43191695FE213969E13","C9165714127E017486949AF8DDE742FD5A0E5F3093C5A43191695FE213969E13","ALREADY_MERGED","true","false",""
"common/journal_entries/03_eastern_frontier.txt","2","je_eastern_frontier","1","99","yes","1","\t","UTF-8","true","LF","true","true","true","true","","yes","true","","yes","DIRECT_THREE_WAY_ATOMIC","true","07964D763970E212A7E0EF699C5291A7C91555CC67555B0B00D8B3AA26391FAB","8068CD49C701306AAFBA2765A171920CBC713392D1D0789545FBD86D9647C377","INTENTIONAL_FORK_DIVERGENCE","false","false",""
"common/journal_entries/03_korea.txt","2","je_donghak_movement","1","92","yes","1","\t","UTF-8","true","LF","true","true","true","true","","yes","true","","yes","DIRECT_THREE_WAY_ATOMIC","true","821197371358ACEAAABBDD8A99EEF7D876D283F53D3575274B1D3CEF3D336455","8BD11B8E39FADCFE63F7270535D84B58C4F2ABB65805DDFB027906527E6C4F8E","VANILLA_1_13_ALIGNMENT_REQUIRED","true","false",""
"common/journal_entries/03_korea.txt","95","je_gyojo_shinwon","94","183","yes","1","\t","UTF-8","true","LF","true","true","true","true","","yes","true","","yes","DIRECT_THREE_WAY_ATOMIC","true","821197371358ACEAAABBDD8A99EEF7D876D283F53D3575274B1D3CEF3D336455","8BD11B8E39FADCFE63F7270535D84B58C4F2ABB65805DDFB027906527E6C4F8E","VANILLA_1_13_ALIGNMENT_REQUIRED","true","false",""
"common/journal_entries/03_korea.txt","186","je_korean_rebellion","185","353","yes","1","\t","UTF-8","true","LF","true","true","true","true","","no","true","","yes","PINNING_ATOMICITY_EXCEPTION","false","821197371358ACEAAABBDD8A99EEF7D876D283F53D3575274B1D3CEF3D336455","8BD11B8E39FADCFE63F7270535D84B58C4F2ABB65805DDFB027906527E6C4F8E","VANILLA_1_13_ALIGNMENT_REQUIRED","true","false","UNKNOWN_SEMANTIC_REPLACEMENT: fork boolean yes conflicts with source modern no and vanilla modern yes"
"common/journal_entries/03_lobbies.txt","2","je_pro_lobby_opportunity","1","122","yes","1","\t","UTF-8","true","LF","true","true","true","true","","yes","true","","yes","DIRECT_THREE_WAY_ATOMIC","true","5F51917ED1DF7B22A077847C094B4D4A5E95C2C1B173351E01AE877526FCAABD","DFB70ACE268E0260308A9C091684072D093720E3256071E37B678C119F2EEB6D","INTENTIONAL_FORK_DIVERGENCE","false","false",""
"common/journal_entries/03_lobbies.txt","125","je_anti_lobby_opportunity","124","250","yes","1","\t","UTF-8","true","LF","true","true","true","true","","yes","true","","yes","DIRECT_THREE_WAY_ATOMIC","true","5F51917ED1DF7B22A077847C094B4D4A5E95C2C1B173351E01AE877526FCAABD","DFB70ACE268E0260308A9C091684072D093720E3256071E37B678C119F2EEB6D","INTENTIONAL_FORK_DIVERGENCE","false","false",""
"common/journal_entries/03_lobbies.txt","253","je_pro_lobby_demand","252","389","yes","1","\t","UTF-8","true","LF","true","true","true","true","","yes","true","","yes","DIRECT_THREE_WAY_ATOMIC","true","5F51917ED1DF7B22A077847C094B4D4A5E95C2C1B173351E01AE877526FCAABD","DFB70ACE268E0260308A9C091684072D093720E3256071E37B678C119F2EEB6D","INTENTIONAL_FORK_DIVERGENCE","false","false",""
"common/journal_entries/03_lobbies.txt","392","je_anti_lobby_demand","391","526","yes","1","\t","UTF-8","true","LF","true","true","true","true","","yes","true","","yes","DIRECT_THREE_WAY_ATOMIC","true","5F51917ED1DF7B22A077847C094B4D4A5E95C2C1B173351E01AE877526FCAABD","DFB70ACE268E0260308A9C091684072D093720E3256071E37B678C119F2EEB6D","INTENTIONAL_FORK_DIVERGENCE","false","false",""
"common/journal_entries/03_russia.txt","76","je_the_eastern_border","1","77","yes","1","    ","UTF-8","true","LF","true","true","true","true","","yes","true","","yes","DIRECT_THREE_WAY_ATOMIC","true","CD43326BD2FE772C68D0E7EC35E24AB1382ADD9F61AD5382AFCC595EEAAA62C6","825FBB15BE1131BF67D62480F06D81713EED485FC4CFA8C7554272735637F052","INTENTIONAL_FORK_DIVERGENCE","false","false",""
"common/journal_entries/03_russia.txt","325","je_caucasian_war","79","326","yes","1","    ","UTF-8","true","LF","true","true","true","true","","yes","true","","yes","DIRECT_THREE_WAY_ATOMIC","true","CD43326BD2FE772C68D0E7EC35E24AB1382ADD9F61AD5382AFCC595EEAAA62C6","825FBB15BE1131BF67D62480F06D81713EED485FC4CFA8C7554272735637F052","INTENTIONAL_FORK_DIVERGENCE","false","false",""
"common/journal_entries/03_russia.txt","532","je_circassian_expulsions","328","533","yes","1","    ","UTF-8","true","LF","true","true","true","true","","yes","true","","yes","DIRECT_THREE_WAY_ATOMIC","true","CD43326BD2FE772C68D0E7EC35E24AB1382ADD9F61AD5382AFCC595EEAAA62C6","825FBB15BE1131BF67D62480F06D81713EED485FC4CFA8C7554272735637F052","INTENTIONAL_FORK_DIVERGENCE","false","false",""
"common/journal_entries/03_russia.txt","636","je_caucasian_war_circassia","535","637","yes","1","    ","UTF-8","true","LF","true","true","true","true","","yes","true","","yes","DIRECT_THREE_WAY_ATOMIC","true","CD43326BD2FE772C68D0E7EC35E24AB1382ADD9F61AD5382AFCC595EEAAA62C6","825FBB15BE1131BF67D62480F06D81713EED485FC4CFA8C7554272735637F052","INTENTIONAL_FORK_DIVERGENCE","false","false",""
"common/journal_entries/03_russia.txt","741","je_caucasian_war_imamate","639","742","yes","1","    ","UTF-8","true","LF","true","true","true","true","","yes","true","","yes","DIRECT_THREE_WAY_ATOMIC","true","CD43326BD2FE772C68D0E7EC35E24AB1382ADD9F61AD5382AFCC595EEAAA62C6","825FBB15BE1131BF67D62480F06D81713EED485FC4CFA8C7554272735637F052","INTENTIONAL_FORK_DIVERGENCE","false","false",""
"common/journal_entries/03_russia.txt","939","je_pacify_the_steppes","744","940","yes","1","    ","UTF-8","true","LF","true","true","true","true","","yes","true","","yes","DIRECT_THREE_WAY_ATOMIC","true","CD43326BD2FE772C68D0E7EC35E24AB1382ADD9F61AD5382AFCC595EEAAA62C6","825FBB15BE1131BF67D62480F06D81713EED485FC4CFA8C7554272735637F052","INTENTIONAL_FORK_DIVERGENCE","false","false",""
"common/journal_entries/03_russia.txt","1003","je_the_last_kazakh_khan","942","1004","yes","1","    ","UTF-8","true","LF","true","true","true","true","","yes","true","","yes","DIRECT_THREE_WAY_ATOMIC","true","CD43326BD2FE772C68D0E7EC35E24AB1382ADD9F61AD5382AFCC595EEAAA62C6","825FBB15BE1131BF67D62480F06D81713EED485FC4CFA8C7554272735637F052","INTENTIONAL_FORK_DIVERGENCE","false","false",""
"common/journal_entries/03_russia.txt","1101","je_conquest_of_central_asia","1006","1102","yes","1","    ","UTF-8","true","LF","true","true","true","true","","yes","true","","yes","DIRECT_THREE_WAY_ATOMIC","true","CD43326BD2FE772C68D0E7EC35E24AB1382ADD9F61AD5382AFCC595EEAAA62C6","825FBB15BE1131BF67D62480F06D81713EED485FC4CFA8C7554272735637F052","INTENTIONAL_FORK_DIVERGENCE","false","false",""
"common/journal_entries/03_russia.txt","1172","je_great_reformer","1104","1173","yes","1","    ","UTF-8","true","LF","true","true","true","true","","yes","true","","yes","DIRECT_THREE_WAY_ATOMIC","true","CD43326BD2FE772C68D0E7EC35E24AB1382ADD9F61AD5382AFCC595EEAAA62C6","825FBB15BE1131BF67D62480F06D81713EED485FC4CFA8C7554272735637F052","INTENTIONAL_FORK_DIVERGENCE","false","false",""
"common/journal_entries/03_russia.txt","1215","je_great_reforms_serfdom","1175","1216","yes","1","    ","UTF-8","true","LF","true","true","true","true","","yes","true","","yes","DIRECT_THREE_WAY_ATOMIC","true","CD43326BD2FE772C68D0E7EC35E24AB1382ADD9F61AD5382AFCC595EEAAA62C6","825FBB15BE1131BF67D62480F06D81713EED485FC4CFA8C7554272735637F052","INTENTIONAL_FORK_DIVERGENCE","false","false",""
"common/journal_entries/03_russia.txt","1300","je_great_reforms_military","1218","1301","yes","1","    ","UTF-8","true","LF","true","true","true","true","","yes","true","","yes","DIRECT_THREE_WAY_ATOMIC","true","CD43326BD2FE772C68D0E7EC35E24AB1382ADD9F61AD5382AFCC595EEAAA62C6","825FBB15BE1131BF67D62480F06D81713EED485FC4CFA8C7554272735637F052","INTENTIONAL_FORK_DIVERGENCE","false","false",""
"common/journal_entries/03_russia.txt","1344","je_great_reforms_bureaucratic","1303","1345","yes","1","    ","UTF-8","true","LF","true","true","true","true","","yes","true","","yes","DIRECT_THREE_WAY_ATOMIC","true","CD43326BD2FE772C68D0E7EC35E24AB1382ADD9F61AD5382AFCC595EEAAA62C6","825FBB15BE1131BF67D62480F06D81713EED485FC4CFA8C7554272735637F052","INTENTIONAL_FORK_DIVERGENCE","false","false",""
"common/journal_entries/03_tibetan_expedition.txt","258","je_tibet_expedition","1","259","yes","1","    ","UTF-8","true","LF","true","true","true","true","","yes","true","","yes","DIRECT_THREE_WAY_ATOMIC","true","7DFAD141376CF303F6D0C050C7C844BC63DE6B93EA062AF5557346E32F68CAAB","06B009AAA31899FE4758FFCB37CC07FC1C9C7FEBDFBA17D88762ADE49467A770","INTENTIONAL_FORK_DIVERGENCE","false","false",""
"common/journal_entries/04_communal_divides.txt","200","je_communal_divides","1","201","yes","1","    ","UTF-8","true","LF","true","true","true","true","","yes","true","","yes","DIRECT_THREE_WAY_ATOMIC","true","512EDBADCB215BCF91E3B5E2BDD47DA9AEAF16572DA51253A60F591BF5948469","5D38C1EC405B3CDDDAC5A26E1710703A51CEEC0C4E2AB5BCCFDA488D58C4B724","INTENTIONAL_FORK_DIVERGENCE","false","false",""
"common/journal_entries/04_dravidian_movement.txt","100","je_dravidian_movement","1","101","yes","1","    ","UTF-8","true","LF","true","true","true","true","","yes","true","","yes","DIRECT_THREE_WAY_ATOMIC","true","631035D1CB59B7C884F6DB421644D7E60F9AF6E4F769E950BBFC2C2DF166668A","384AD22D74D132B2E14F1E4C3FDC3CA6CD026A0E9A27381FC6AD5426B0F675F0","INTENTIONAL_FORK_DIVERGENCE","false","false",""
"common/journal_entries/04_imperialism_of_promise.txt","140","je_imperialism_of_promise","1","142","yes","1","\t","UTF-8","true","LF","true","true","true","true","","yes","true","","yes","DIRECT_THREE_WAY_ATOMIC","true","80E38C181A5AEB547E8F98EBFD03844F3522CADC59426D9FC16588B908105C3B","EF5200E0B9E7A58AF904C73CDD82F3CC4009FFE0CA9364952F793AB4F3E2A682","UNKNOWN_REQUIRES_REVIEW","true","false",""
"common/journal_entries/04_india_british_dictates.txt","2","je_british_dictate_plantations","1","143","yes","1","\t","UTF-8","true","LF","true","true","true","true","","yes","true","","yes","DIRECT_THREE_WAY_ATOMIC","true","6075C5B204C7D184B1C2CE5AA244B3E1C5B3416B701AFF7E67674EE1B8DEF39C","BE9FC03619946E632A20AE15EE9B66249D7C9FE8E65B102963AB3E195C709ED7","MERGED_STATIC_ONLY","false","false",""
"common/journal_entries/04_india_british_dictates.txt","146","je_british_dictate_military","145","215","yes","1","\t","UTF-8","true","LF","true","true","true","true","","yes","true","","yes","DIRECT_THREE_WAY_ATOMIC","true","6075C5B204C7D184B1C2CE5AA244B3E1C5B3416B701AFF7E67674EE1B8DEF39C","BE9FC03619946E632A20AE15EE9B66249D7C9FE8E65B102963AB3E195C709ED7","MERGED_STATIC_ONLY","false","false",""
"common/journal_entries/04_india_british_dictates.txt","339","je_british_dictate_law","217","340","yes","1","    ","UTF-8","true","LF","true","true","true","true","","yes","true","","yes","DIRECT_THREE_WAY_ATOMIC","true","6075C5B204C7D184B1C2CE5AA244B3E1C5B3416B701AFF7E67674EE1B8DEF39C","BE9FC03619946E632A20AE15EE9B66249D7C9FE8E65B102963AB3E195C709ED7","MERGED_STATIC_ONLY","false","false",""
"common/journal_entries/04_india_british_dictates.txt","343","je_british_dictate_universities","342","419","yes","1","\t","UTF-8","true","LF","true","true","true","true","","yes","true","","yes","DIRECT_THREE_WAY_ATOMIC","true","6075C5B204C7D184B1C2CE5AA244B3E1C5B3416B701AFF7E67674EE1B8DEF39C","BE9FC03619946E632A20AE15EE9B66249D7C9FE8E65B102963AB3E195C709ED7","MERGED_STATIC_ONLY","false","false",""
"common/journal_entries/04_india_home_rule.txt","2","je_india_home_rule","1","150","yes","1","\t","UTF-8","true","LF","true","true","true","true","","yes","true","","yes","DIRECT_THREE_WAY_ATOMIC","true","C6877EAE59612D3943BA8210769C316B0C7DD163E8ECCDBB8BCD979ECC4B7734","4C35F800185A4661D0B092822DD8CA37F2BE706EF31F4414E9A59E46C7922B17","MERGED_STATIC_ONLY","false","false",""
"common/journal_entries/04_india_home_rule.txt","153","je_india_nationalism_britain","152","249","yes","1","\t","UTF-8","true","LF","true","true","true","true","","yes","true","","yes","DIRECT_THREE_WAY_ATOMIC","true","C6877EAE59612D3943BA8210769C316B0C7DD163E8ECCDBB8BCD979ECC4B7734","4C35F800185A4661D0B092822DD8CA37F2BE706EF31F4414E9A59E46C7922B17","MERGED_STATIC_ONLY","false","false",""
"common/journal_entries/04_india_nationalism.txt","2","je_india_nationalism","1","111","yes","1","\t","UTF-8","true","LF","true","true","true","true","","yes","true","","yes","DIRECT_THREE_WAY_ATOMIC","true","AA28A05206EEA4553E065889F89A085B3AD3365AACA3B79F29C3E8ACC6055FEE","68D4944036755F6EA61CD9F4CCAA4BDB3D27D2B3975CE2FD354B3AB500C22931","MERGED_STATIC_ONLY","false","false",""
"common/journal_entries/04_india_non_cooperation.txt","2","je_india_non_cooperation_movement","1","294","yes","1","\t","UTF-8","true","LF","true","true","true","true","","yes","true","","yes","DIRECT_THREE_WAY_ATOMIC","true","B38742122F9538A891C8F196D8BB0A8ECBA99CF6CCE4BC74D0C29F1EA46059A4","A697D95414E03ED3F7E010E771F11E19636D45CD8BAECD312FCE510AB432CA1F","MERGED_STATIC_ONLY","false","false",""
"common/journal_entries/04_indian_famines.txt","234","je_indian_famines","1","237","yes","1","\t","UTF-8","true","LF","true","true","true","true","","yes","true","","yes","DIRECT_THREE_WAY_ATOMIC","true","4156E8248F99357F534647229F6A3AB5EC5CA4412050A76E5C8129F29F6948BF","F7BD76538FE9D9342B5522531F746752F696E6342276891C2F24F0FA5BD536A6","MERGED_STATIC_ONLY","false","false",""
"common/journal_entries/04_indian_federation.txt","141","je_federation_of_india","1","143","yes","1","\t","UTF-8","true","LF","true","true","true","true","","yes","true","","yes","DIRECT_THREE_WAY_ATOMIC","true","F33904A7BE9A6ECFE008A798A77267801FA62654F960932D96F8771F6E33641D","5FCA14A911AA1D8BD8794F2A348A9235F73727558E15485B4E28217883BA9F26","MERGED_STATIC_ONLY","false","false",""
"common/journal_entries/04_mughals.txt","61","je_mughal_hindustan","1","62","yes","1","    ","UTF-8","true","LF","true","true","true","true","","yes","true","","yes","DIRECT_THREE_WAY_ATOMIC","true","436DAE5C3471EFFFC659CFD27F12CDF518A7BF9D34B1D0ABE7ED2D7A0E924CA0","663F7276660930C3294769DEDB9A3F6678F0127A95D0FADEE1826C446B100502","INTENTIONAL_FORK_DIVERGENCE","false","false",""
"common/journal_entries/04_princely_states.txt","96","je_princely_states","1","97","yes","1","    ","UTF-8","true","LF","true","true","true","true","","yes","true","","yes","DIRECT_THREE_WAY_ATOMIC","true","633F01424545ABD21F7E71AA90FA7713BC1436F900EFC0EE5C7ED44574847531","3D9B1BBE97AAA3621E22BB56813C3501E9433539BAB692A36EB5FF3CD2530CFA","MERGED_STATIC_ONLY","false","false",""
"common/journal_entries/04_sepoy_mutiny.txt","431","je_uneasy_raj","1","432","no","1","\t","UTF-8","true","LF","false","false","false","true","","no","true","","no","ALREADY_MODERN","false","DAEFCB59CCF6B303D2E39C948D8038006C1346AFE40A2B812D45EE4D947E361C","DAEFCB59CCF6B303D2E39C948D8038006C1346AFE40A2B812D45EE4D947E361C","UNREGISTERED","","",""
"common/journal_entries/04_sepoy_mutiny.txt","621","je_sepoy_mutiny","434","622","no","1","\t","UTF-8","true","LF","false","false","false","true","","no","true","","no","ALREADY_MODERN","false","DAEFCB59CCF6B303D2E39C948D8038006C1346AFE40A2B812D45EE4D947E361C","DAEFCB59CCF6B303D2E39C948D8038006C1346AFE40A2B812D45EE4D947E361C","UNREGISTERED","","",""
"common/journal_entries/04_sikh_empire.txt","199","je_sikh_sovereignty","1","201","yes","1","\t","UTF-8","true","LF","true","true","true","true","","yes","true","","yes","DIRECT_THREE_WAY_ATOMIC","true","66CFB926DB678EE8F2CEEB39B100E667B51E3885E9D77993787E853F05A573CE","0074B52992403404504BD3C3DD860D23578FE1514D68E9DEED93C2C1FC15366F","INTENTIONAL_FORK_DIVERGENCE","false","false",""
"common/journal_entries/04_victoria_terminus.txt","104","je_victoria_terminus","1","105","yes","1","    ","UTF-8","true","LF","true","true","true","true","","yes","true","","yes","DIRECT_THREE_WAY_ATOMIC","true","274C37F6EE9E0B542ACE188DB1FD40BB6E802E0EE96E2270935F0CB2B8ABF5CC","87637E25CE512E3FD17BC46D04EBAFAFF5BD7F794F69368C9F1D22B989C586BC","INTENTIONAL_FORK_DIVERGENCE","false","false",""
"common/journal_entries/05_austria_journal_entries.txt","146","je_matter_of_hungary","1","147","yes","1","\t","UTF-8","true","LF","true","true","true","true","","yes","true","","yes","DIRECT_THREE_WAY_ATOMIC","true","BB7EBDB77C75362301ABF2DBD155A9D2181E93ABA0163732EBA002D8A300E7C6","4D64F02D8C5778A412B60EBDE880463217E35845B0F458E8D021B8FAC08AC268","INTENTIONAL_FORK_DIVERGENCE","false","false",""
"common/journal_entries/05_austria_journal_entries.txt","426","je_austrian_neo_absolutism","149","427","yes","1","\t","UTF-8","true","LF","true","true","true","true","","yes","true","","yes","DIRECT_THREE_WAY_ATOMIC","true","BB7EBDB77C75362301ABF2DBD155A9D2181E93ABA0163732EBA002D8A300E7C6","4D64F02D8C5778A412B60EBDE880463217E35845B0F458E8D021B8FAC08AC268","INTENTIONAL_FORK_DIVERGENCE","false","false",""
"common/journal_entries/05_austrian_fascism.txt","7","je_standestaat","1","263","yes","1","\t","UTF-8","true","LF","true","true","true","true","","yes","true","","yes","DIRECT_THREE_WAY_ATOMIC","true","5202FB8745E4A94D0C6CDD84DD880A3CCEBE168E5F077FF7714A821217F2B820","07E0C98C4DB9FB6DAAE1F441C883C84268A8617F635F093FEBF463F83F5EBB8D","PROTECTED_CONCURRENT_WORK","false","true",""
"common/journal_entries/05_balkan_national_awakening.txt","127","je_balkan_national_awakenings","1","128","yes","1","\t","UTF-8","true","LF","false","false","false","true","","yes","true","","yes","ALREADY_MODERN","false","B5D2D5D89735490444B4F95D6F6015C503F50CB3A4DB7B5173588F676621CB98","B5D2D5D89735490444B4F95D6F6015C503F50CB3A4DB7B5173588F676621CB98","ALREADY_MERGED","false","false",""
"common/journal_entries/05_balkan_wars.txt","16","je_the_balkan_league","1","277","yes","1","\t","UTF-8","true","LF","true","true","true","true","","yes","true","","yes","DIRECT_THREE_WAY_ATOMIC","true","2F2EA1370DFE73F87CACA62EAD5D23F073B50BBEA403186346AD632ECA568134","8D961CDA6BDD00003ADDC263D088EFC70A741E16B80D66CB964665813FD4A506","INTENTIONAL_FORK_DIVERGENCE","false","false",""
"common/journal_entries/05_balkan_wars.txt","283","je_spoils_of_war","279","474","yes","1","\t","UTF-8","true","LF","true","true","true","true","","yes","true","","yes","DIRECT_THREE_WAY_ATOMIC","true","2F2EA1370DFE73F87CACA62EAD5D23F073B50BBEA403186346AD632ECA568134","8D961CDA6BDD00003ADDC263D088EFC70A741E16B80D66CB964665813FD4A506","INTENTIONAL_FORK_DIVERGENCE","false","false",""
"common/journal_entries/05_bulgaria_je.txt","179","je_prussia_of_the_balkans","1","180","yes","1","\t","UTF-8","true","LF","true","true","true","true","","yes","true","","yes","DIRECT_THREE_WAY_ATOMIC","true","036B416D7C572006014F3C0152F73B7780DC6BC9525AFFCFCC756CDD4777C8B4","1365E64A0C1A86D7AFC26F11D763627959972312997FBACD0ADD107E457CCC8C","INTENTIONAL_FORK_DIVERGENCE","false","false",""
"common/journal_entries/05_creation_of_yugoslavia.txt","144","je_yugoslavia","1","145","yes","1","\t","UTF-8","true","LF","false","false","false","true","","yes","true","","yes","ALREADY_MODERN","false","4371E202B494B2F7FA1FCF06BDFE1E0562895480E160AD37E551E3587606E46C","4371E202B494B2F7FA1FCF06BDFE1E0562895480E160AD37E551E3587606E46C","ALREADY_MERGED","false","false",""
"common/journal_entries/05_danubian_federation.txt","292","je_danubian_federation","1","293","yes","1","\t","UTF-8","true","LF","true","true","true","true","","yes","true","","yes","DIRECT_THREE_WAY_ATOMIC","true","ABAFD3671FFE52D38DB5CC7AC71B89452EB10DC9EBE60EB7769EFDF369B94206","2EBD8901AA094D937E58A15D607B96A8FF2D70E5ACE6D3AA5CDDDAC3359DE4F9","INTENTIONAL_FORK_DIVERGENCE","false","false",""
"common/journal_entries/05_danubian_federation.txt","689","je_danubian_federation_observer","295","690","yes","1","\t","UTF-8","true","LF","true","true","true","true","","yes","true","","yes","DIRECT_THREE_WAY_ATOMIC","true","ABAFD3671FFE52D38DB5CC7AC71B89452EB10DC9EBE60EB7769EFDF369B94206","2EBD8901AA094D937E58A15D607B96A8FF2D70E5ACE6D3AA5CDDDAC3359DE4F9","INTENTIONAL_FORK_DIVERGENCE","false","false",""
"common/journal_entries/05_eastern_question.txt","130","je_eastern_question_russia","1","134","yes","1","\t","UTF-8","true","LF","true","true","true","true","","yes","true","","yes","DIRECT_THREE_WAY_ATOMIC","true","DA61A784FD0F8A76E3D0D6F39566D1574AC0E63634BCC78A7AC74B7E13C026C9","085711B8A9B52DA92A9EA894AA4DC78868E89F94C778390D46D6156BB5D770D3","VANILLA_1_13_ALIGNMENT_REQUIRED","true","false",""
"common/journal_entries/05_eastern_question.txt","137","je_eastern_question_austria","136","274","yes","1","\t","UTF-8","true","LF","true","true","true","true","","yes","true","","yes","DIRECT_THREE_WAY_ATOMIC","true","DA61A784FD0F8A76E3D0D6F39566D1574AC0E63634BCC78A7AC74B7E13C026C9","085711B8A9B52DA92A9EA894AA4DC78868E89F94C778390D46D6156BB5D770D3","VANILLA_1_13_ALIGNMENT_REQUIRED","true","false",""
"common/journal_entries/05_great_eastern_crisis.txt","330","je_great_eastern_crisis","1","335","no","1","\t","UTF-8","true","LF","false","false","false","true","","no","true","","no","ALREADY_MODERN","false","96F65E2B3CC7129DD8D4AD41382F9F8DD97FB5FA24C66C05F129B1E31615F75A","96F65E2B3CC7129DD8D4AD41382F9F8DD97FB5FA24C66C05F129B1E31615F75A","ALREADY_MERGED","false","false",""
"common/journal_entries/05_greece.txt","14","je_bavarocracy","1","149","yes","1","\t","UTF-8","true","LF","true","true","true","true","","yes","true","","yes","DIRECT_THREE_WAY_ATOMIC","true","26E809FD74D9428CE751BA2F46157D2DA70F139C74708BACD13B618A05F37EBB","2E362E3F97AB4A2B2EA8BCA0DB1810064BBBF79DF3635B050304D3A7DE19C8FA","INTENTIONAL_FORK_DIVERGENCE","false","false",""
"common/journal_entries/05_grunderzeit.txt","19","je_grunderzeit","1","340","yes","1","\t","UTF-8","true","LF","true","true","true","true","","no","true","","no","PINNING_ATOMICITY_EXCEPTION","false","11300E647F370D0C0BD924AC32CDB9665D1C560E3FD7FBC82876838440DA51AB","11300E647F370D0C0BD924AC32CDB9665D1C560E3FD7FBC82876838440DA51AB","INTENTIONAL_FORK_DIVERGENCE","false","false","UNKNOWN_SEMANTIC_REPLACEMENT: fork boolean yes conflicts with source modern no and vanilla modern no"
"common/journal_entries/05_hungary_je.txt","15","je_hungarian_revolution","1","127","yes","1","\t","UTF-8","true","LF","true","true","true","true","","yes","true","","yes","DIRECT_THREE_WAY_ATOMIC","true","58A2880C740EA5ADFFE879FBE502BAD0FE669C5A642AFCDE92F90437AD611D8B","F65B11415EA76284045B2159CEBF0AE13F12B7589C3CBB7D016EC6278BF8EAE7","INTENTIONAL_FORK_DIVERGENCE","false","false",""
"common/journal_entries/05_hungry_forties.txt","6","je_the_hungry_forties","1","39","yes","1","\t","UTF-8","true","LF","true","true","true","true","","yes","true","","yes","DIRECT_THREE_WAY_ATOMIC","true","68A500F358F3FCE010C03CB4E561D93CD83973F94950F6FDDCFBD82EA313E746","6C628D44690669B77D6503F369FFDB575B0B7EAB81D79D0B32D561C56984B104","INTENTIONAL_FORK_DIVERGENCE","false","false",""
"common/journal_entries/05_metternich.txt","157","je_metternich","1","158","yes","1","\t","UTF-8","true","LF","true","true","true","true","","yes","true","","yes","DIRECT_THREE_WAY_ATOMIC","true","0D5148962ABF3E2AC9057D7557A9FBCBD3FAF612DD24C31E18E8512FB777CE52","84257192774869AE11B3818E6B2209AC4829EAB5F8190AE0785915ACF779BF45","PROTECTED_CONCURRENT_WORK","false","true",""
"common/journal_entries/05_montenegro_je.txt","320","je_montenegrin_raiding","1","321","yes","1","\t","UTF-8","true","LF","true","true","true","true","","yes","true","","yes","DIRECT_THREE_WAY_ATOMIC","true","7F7CC9A9915B062617D45BDB9A2F41A12709180653BCD3A32A6F1EBAA01A0181","735FA463466FB24CEE9704C10823DED885A37A282EEE0091F0C90D2BFAA97DB7","INTENTIONAL_FORK_DIVERGENCE","false","false",""
"common/journal_entries/05_montenegro_je.txt","445","je_mon_state_formation","323","446","yes","1","\t","UTF-8","true","LF","true","true","true","true","","yes","true","","yes","DIRECT_THREE_WAY_ATOMIC","true","7F7CC9A9915B062617D45BDB9A2F41A12709180653BCD3A32A6F1EBAA01A0181","735FA463466FB24CEE9704C10823DED885A37A282EEE0091F0C90D2BFAA97DB7","INTENTIONAL_FORK_DIVERGENCE","false","false",""
"common/journal_entries/05_montenegro_je.txt","558","je_mon_austria_alliance","449","559","yes","1","\t","UTF-8","true","LF","true","true","true","true","","yes","true","","yes","DIRECT_THREE_WAY_ATOMIC","true","7F7CC9A9915B062617D45BDB9A2F41A12709180653BCD3A32A6F1EBAA01A0181","735FA463466FB24CEE9704C10823DED885A37A282EEE0091F0C90D2BFAA97DB7","INTENTIONAL_FORK_DIVERGENCE","false","false",""
"common/journal_entries/05_montenegro_je.txt","662","je_mon_serb_unity","562","663","no","1","\t","UTF-8","true","LF","true","true","true","true","","yes","true","","yes","PINNING_ATOMICITY_EXCEPTION","false","7F7CC9A9915B062617D45BDB9A2F41A12709180653BCD3A32A6F1EBAA01A0181","735FA463466FB24CEE9704C10823DED885A37A282EEE0091F0C90D2BFAA97DB7","INTENTIONAL_FORK_DIVERGENCE","false","false","UNKNOWN_SEMANTIC_REPLACEMENT: fork boolean no conflicts with source modern yes and vanilla modern yes"
"common/journal_entries/05_montenegro_je.txt","799","je_tur_raided","666","800","yes","1","\t","UTF-8","true","LF","true","true","true","true","","yes","true","","yes","DIRECT_THREE_WAY_ATOMIC","true","7F7CC9A9915B062617D45BDB9A2F41A12709180653BCD3A32A6F1EBAA01A0181","735FA463466FB24CEE9704C10823DED885A37A282EEE0091F0C90D2BFAA97DB7","INTENTIONAL_FORK_DIVERGENCE","false","false",""
"common/journal_entries/05_national_awakening_monument.txt","240","je_kaiserforum","4","241","yes","1","    ","UTF-8","true","LF","true","true","true","true","","yes","true","","yes","DIRECT_THREE_WAY_ATOMIC","true","001D357A55DBB679FF0F4423A77B09329F64D3DF23269E8D24A6236ECFF18A7B","DF72A7F0D43C0EC269CC8A339801714E7922B88258AF27B04C01C1BEDEC515C5","INTENTIONAL_FORK_DIVERGENCE","false","false",""
"common/journal_entries/05_prestige_goods.txt","127","je_prestige_goods_clothes","1","128","yes","1","    ","UTF-8","true","LF","true","true","true","true","","yes","true","","yes","DIRECT_THREE_WAY_ATOMIC","true","632F808607E84B3C27E161333B9399AA9C2DBB07904F295DF7C9A44937B18B76","7955865CDA1D5A0C991EB97864D8F1A5CA7BD1FE8074632C144B5C4FC87C6812","INTENTIONAL_FORK_DIVERGENCE","false","false",""
"common/journal_entries/05_prestige_goods.txt","256","je_prestige_goods_groceries","130","257","yes","1","    ","UTF-8","true","LF","true","true","true","true","","yes","true","","yes","DIRECT_THREE_WAY_ATOMIC","true","632F808607E84B3C27E161333B9399AA9C2DBB07904F295DF7C9A44937B18B76","7955865CDA1D5A0C991EB97864D8F1A5CA7BD1FE8074632C144B5C4FC87C6812","INTENTIONAL_FORK_DIVERGENCE","false","false",""
"common/journal_entries/05_prestige_goods.txt","385","je_prestige_goods_furniture","259","386","yes","1","    ","UTF-8","true","LF","true","true","true","true","","yes","true","","yes","DIRECT_THREE_WAY_ATOMIC","true","632F808607E84B3C27E161333B9399AA9C2DBB07904F295DF7C9A44937B18B76","7955865CDA1D5A0C991EB97864D8F1A5CA7BD1FE8074632C144B5C4FC87C6812","INTENTIONAL_FORK_DIVERGENCE","false","false",""
"common/journal_entries/05_prestige_goods.txt","514","je_prestige_goods_fertilizer","388","515","yes","1","    ","UTF-8","true","LF","true","true","true","true","","yes","true","","yes","DIRECT_THREE_WAY_ATOMIC","true","632F808607E84B3C27E161333B9399AA9C2DBB07904F295DF7C9A44937B18B76","7955865CDA1D5A0C991EB97864D8F1A5CA7BD1FE8074632C144B5C4FC87C6812","INTENTIONAL_FORK_DIVERGENCE","false","false",""
"common/journal_entries/05_prestige_goods.txt","643","je_prestige_goods_tools","517","644","yes","1","    ","UTF-8","true","LF","true","true","true","true","","yes","true","","yes","DIRECT_THREE_WAY_ATOMIC","true","632F808607E84B3C27E161333B9399AA9C2DBB07904F295DF7C9A44937B18B76","7955865CDA1D5A0C991EB97864D8F1A5CA7BD1FE8074632C144B5C4FC87C6812","INTENTIONAL_FORK_DIVERGENCE","false","false",""
"common/journal_entries/05_prestige_goods.txt","772","je_prestige_goods_fish","646","773","yes","1","    ","UTF-8","true","LF","true","true","true","true","","yes","true","","yes","DIRECT_THREE_WAY_ATOMIC","true","632F808607E84B3C27E161333B9399AA9C2DBB07904F295DF7C9A44937B18B76","7955865CDA1D5A0C991EB97864D8F1A5CA7BD1FE8074632C144B5C4FC87C6812","INTENTIONAL_FORK_DIVERGENCE","false","false",""
"common/journal_entries/05_prestige_goods.txt","901","je_prestige_goods_meat","775","902","yes","1","    ","UTF-8","true","LF","true","true","true","true","","yes","true","","yes","DIRECT_THREE_WAY_ATOMIC","true","632F808607E84B3C27E161333B9399AA9C2DBB07904F295DF7C9A44937B18B76","7955865CDA1D5A0C991EB97864D8F1A5CA7BD1FE8074632C144B5C4FC87C6812","INTENTIONAL_FORK_DIVERGENCE","false","false",""
"common/journal_entries/05_prestige_goods.txt","1030","je_prestige_goods_coffee","904","1031","yes","1","    ","UTF-8","true","LF","true","true","true","true","","yes","true","","yes","DIRECT_THREE_WAY_ATOMIC","true","632F808607E84B3C27E161333B9399AA9C2DBB07904F295DF7C9A44937B18B76","7955865CDA1D5A0C991EB97864D8F1A5CA7BD1FE8074632C144B5C4FC87C6812","INTENTIONAL_FORK_DIVERGENCE","false","false",""
"common/journal_entries/05_prestige_goods.txt","1159","je_prestige_goods_steel","1033","1160","yes","1","    ","UTF-8","true","LF","true","true","true","true","","yes","true","","yes","DIRECT_THREE_WAY_ATOMIC","true","632F808607E84B3C27E161333B9399AA9C2DBB07904F295DF7C9A44937B18B76","7955865CDA1D5A0C991EB97864D8F1A5CA7BD1FE8074632C144B5C4FC87C6812","INTENTIONAL_FORK_DIVERGENCE","false","false",""
"common/journal_entries/05_prestige_goods.txt","1288","je_prestige_goods_opium","1162","1289","yes","1","    ","UTF-8","true","LF","true","true","true","true","","yes","true","","yes","DIRECT_THREE_WAY_ATOMIC","true","632F808607E84B3C27E161333B9399AA9C2DBB07904F295DF7C9A44937B18B76","7955865CDA1D5A0C991EB97864D8F1A5CA7BD1FE8074632C144B5C4FC87C6812","INTENTIONAL_FORK_DIVERGENCE","false","false",""
"common/journal_entries/05_prestige_goods.txt","1417","je_prestige_goods_small_arms","1291","1418","yes","1","    ","UTF-8","true","LF","true","true","true","true","","yes","true","","yes","DIRECT_THREE_WAY_ATOMIC","true","632F808607E84B3C27E161333B9399AA9C2DBB07904F295DF7C9A44937B18B76","7955865CDA1D5A0C991EB97864D8F1A5CA7BD1FE8074632C144B5C4FC87C6812","INTENTIONAL_FORK_DIVERGENCE","false","false",""
"common/journal_entries/05_prestige_goods.txt","1546","je_prestige_goods_artillery","1420","1547","yes","1","    ","UTF-8","true","LF","true","true","true","true","","yes","true","","yes","DIRECT_THREE_WAY_ATOMIC","true","632F808607E84B3C27E161333B9399AA9C2DBB07904F295DF7C9A44937B18B76","7955865CDA1D5A0C991EB97864D8F1A5CA7BD1FE8074632C144B5C4FC87C6812","INTENTIONAL_FORK_DIVERGENCE","false","false",""
"common/journal_entries/05_prestige_goods.txt","1675","je_prestige_goods_merchant_marine","1549","1676","yes","1","    ","UTF-8","true","LF","true","true","true","true","","yes","true","","yes","DIRECT_THREE_WAY_ATOMIC","true","632F808607E84B3C27E161333B9399AA9C2DBB07904F295DF7C9A44937B18B76","7955865CDA1D5A0C991EB97864D8F1A5CA7BD1FE8074632C144B5C4FC87C6812","INTENTIONAL_FORK_DIVERGENCE","false","false",""
"common/journal_entries/05_prestige_goods.txt","1804","je_prestige_goods_grain","1678","1805","yes","1","    ","UTF-8","true","LF","true","true","true","true","","yes","true","","yes","DIRECT_THREE_WAY_ATOMIC","true","632F808607E84B3C27E161333B9399AA9C2DBB07904F295DF7C9A44937B18B76","7955865CDA1D5A0C991EB97864D8F1A5CA7BD1FE8074632C144B5C4FC87C6812","INTENTIONAL_FORK_DIVERGENCE","false","false",""
"common/journal_entries/05_prestige_goods.txt","1933","je_prestige_goods_paper","1807","1934","yes","1","    ","UTF-8","true","LF","true","true","true","true","","yes","true","","yes","DIRECT_THREE_WAY_ATOMIC","true","632F808607E84B3C27E161333B9399AA9C2DBB07904F295DF7C9A44937B18B76","7955865CDA1D5A0C991EB97864D8F1A5CA7BD1FE8074632C144B5C4FC87C6812","INTENTIONAL_FORK_DIVERGENCE","false","false",""
"common/journal_entries/05_prestige_goods.txt","2062","je_prestige_goods_explosives","1936","2063","yes","1","    ","UTF-8","true","LF","true","true","true","true","","yes","true","","yes","DIRECT_THREE_WAY_ATOMIC","true","632F808607E84B3C27E161333B9399AA9C2DBB07904F295DF7C9A44937B18B76","7955865CDA1D5A0C991EB97864D8F1A5CA7BD1FE8074632C144B5C4FC87C6812","INTENTIONAL_FORK_DIVERGENCE","false","false",""
"common/journal_entries/05_struggle_for_the_highveld.txt","275","je_struggle_for_the_highveld","1","276","yes","1","\t","UTF-8","true","LF","true","true","true","true","","yes","true","","yes","DIRECT_THREE_WAY_ATOMIC","true","0E4BEB12EBF7253B06A9E4C049508ADF7D0D4AACE52F26D8AA1E92AD37299873","D95164692525083DA4535425CD601013DB131D464EE1EA34DF6D41F7E7AC399A","INTENTIONAL_FORK_DIVERGENCE","false","false",""
"common/journal_entries/05_technocracy.txt","74","je_technocracy","1","75","yes","1","    ","UTF-8","true","LF","true","true","true","true","","yes","true","","yes","DIRECT_THREE_WAY_ATOMIC","true","5AC2BBF559405F61A6746B25107ACDEA350F0B69487633DFA52A33BEDC50CEB8","565C85F5E125B2DBBB09D608B21A08F42B39FE263E811825063528E4BF519D92","INTENTIONAL_FORK_DIVERGENCE","false","false",""
"common/journal_entries/05_the_grand_collapse.txt","13","je_the_grand_collapse","1","161","yes","1","\t","UTF-8","true","LF","true","true","true","true","","yes","true","","yes","DIRECT_THREE_WAY_ATOMIC","true","BE9747A331A2408F393B606CBAB0C4C47D9247FE557F0FDFD48DFF0DBDCF51BF","DA5B38D5374BC652240B8C88EEE3DBED631D6600FC158648C945FC41E6076530","INTENTIONAL_FORK_DIVERGENCE","false","false",""
"common/journal_entries/06_cuba.txt","134","je_cuba_la_vida_dulce","1","135","yes","1","    ","UTF-8","true","LF","true","true","true","true","","yes","true","","yes","DIRECT_THREE_WAY_ATOMIC","true","269A3ACECA7C79FD32C1B43D5EF8DB2D354F1798EBF39A4F5FE071F681461614","8E97E53851CC5D7A656A71205AE53C0961843EDE48435C505CC721E9F4F1A396","INTENTIONAL_FORK_DIVERGENCE","false","false",""
"common/journal_entries/06_cuba.txt","318","je_cuba_espanol","137","320","yes","1","    ","UTF-8","true","LF","true","true","true","true","","yes","true","","yes","DIRECT_THREE_WAY_ATOMIC","true","269A3ACECA7C79FD32C1B43D5EF8DB2D354F1798EBF39A4F5FE071F681461614","8E97E53851CC5D7A656A71205AE53C0961843EDE48435C505CC721E9F4F1A396","INTENTIONAL_FORK_DIVERGENCE","false","false",""
"common/journal_entries/06_cuba.txt","493","je_cuba_independencia","322","495","yes","1","    ","UTF-8","true","LF","true","true","true","true","","yes","true","","yes","DIRECT_THREE_WAY_ATOMIC","true","269A3ACECA7C79FD32C1B43D5EF8DB2D354F1798EBF39A4F5FE071F681461614","8E97E53851CC5D7A656A71205AE53C0961843EDE48435C505CC721E9F4F1A396","INTENTIONAL_FORK_DIVERGENCE","false","false",""
"common/journal_entries/06_dominican_content.txt","121","je_la_trinitaria","1","122","yes","1","\t","UTF-8","true","LF","true","true","true","true","","yes","true","","yes","DIRECT_THREE_WAY_ATOMIC","true","D4590F7F2490EDC187319DA0DC6DE95F931FCAB5EEE7F4EDC2710E6ECF1B02D4","468A6748AA633BB19E619444392D73EC142F92F8596033B7A482308284E538E8","INTENTIONAL_FORK_DIVERGENCE","false","false",""
"common/journal_entries/06_economic_regeneration.txt","285","je_spa_economic_regeneration_master","1","286","yes","1","    ","UTF-8","true","LF","true","true","true","true","","yes","true","","yes","DIRECT_THREE_WAY_ATOMIC","true","6D83619823696F7BFF9AAD9BC848175406E4E0EC68A8C94D19A26660A384F5E8","6AC13878ABDD9BFE6C1D7B767E4A632A4DD96D05197B6A216E1DE0F6AB6C1EEF","INTENTIONAL_FORK_DIVERGENCE","false","false",""
"common/journal_entries/06_economic_regeneration.txt","412","je_spa_economic_regeneration_mining","288","413","yes","1","    ","UTF-8","true","LF","true","true","true","true","","yes","true","","yes","DIRECT_THREE_WAY_ATOMIC","true","6D83619823696F7BFF9AAD9BC848175406E4E0EC68A8C94D19A26660A384F5E8","6AC13878ABDD9BFE6C1D7B767E4A632A4DD96D05197B6A216E1DE0F6AB6C1EEF","INTENTIONAL_FORK_DIVERGENCE","false","false",""
"common/journal_entries/06_economic_regeneration.txt","623","je_spa_economic_regeneration_light_industry","415","624","yes","1","    ","UTF-8","true","LF","true","true","true","true","","yes","true","","yes","DIRECT_THREE_WAY_ATOMIC","true","6D83619823696F7BFF9AAD9BC848175406E4E0EC68A8C94D19A26660A384F5E8","6AC13878ABDD9BFE6C1D7B767E4A632A4DD96D05197B6A216E1DE0F6AB6C1EEF","INTENTIONAL_FORK_DIVERGENCE","false","false",""
"common/journal_entries/06_economic_regeneration.txt","869","je_spa_economic_regeneration_land_reform","626","870","yes","1","    ","UTF-8","true","LF","true","true","true","true","","yes","true","","yes","DIRECT_THREE_WAY_ATOMIC","true","6D83619823696F7BFF9AAD9BC848175406E4E0EC68A8C94D19A26660A384F5E8","6AC13878ABDD9BFE6C1D7B767E4A632A4DD96D05197B6A216E1DE0F6AB6C1EEF","INTENTIONAL_FORK_DIVERGENCE","false","false",""
"common/journal_entries/06_economic_regeneration.txt","981","je_spa_economic_regeneration_railways","872","982","yes","1","    ","UTF-8","true","LF","true","true","true","true","","yes","true","","yes","DIRECT_THREE_WAY_ATOMIC","true","6D83619823696F7BFF9AAD9BC848175406E4E0EC68A8C94D19A26660A384F5E8","6AC13878ABDD9BFE6C1D7B767E4A632A4DD96D05197B6A216E1DE0F6AB6C1EEF","INTENTIONAL_FORK_DIVERGENCE","false","false",""
"common/journal_entries/06_economic_regeneration.txt","1311","je_spa_economic_regeneration_modernise_agriculture","984","1312","yes","1","    ","UTF-8","true","LF","true","true","true","true","","yes","true","","yes","DIRECT_THREE_WAY_ATOMIC","true","6D83619823696F7BFF9AAD9BC848175406E4E0EC68A8C94D19A26660A384F5E8","6AC13878ABDD9BFE6C1D7B767E4A632A4DD96D05197B6A216E1DE0F6AB6C1EEF","INTENTIONAL_FORK_DIVERGENCE","false","false",""
"common/journal_entries/06_economic_regeneration.txt","1488","je_spa_economic_regeneration_ultramar","1314","1489","yes","1","    ","UTF-8","true","LF","true","true","true","true","","yes","true","","yes","DIRECT_THREE_WAY_ATOMIC","true","6D83619823696F7BFF9AAD9BC848175406E4E0EC68A8C94D19A26660A384F5E8","6AC13878ABDD9BFE6C1D7B767E4A632A4DD96D05197B6A216E1DE0F6AB6C1EEF","INTENTIONAL_FORK_DIVERGENCE","false","false",""
"common/journal_entries/06_french_revolution_mod.txt","176","je_fr_rev_summon_estates","1","177","yes","1","\t","UTF-8","true","LF","true","true","true","true","yes","","false","","","GLOBAL_API_MIGRATION_ATOMIC_CUSTOM_OBJECT","true","2CE90A9CDFE38F6AA67828C59CD409822E0E3FA4DE13B0E4AA40E4F74B785C33","816985646B257FC7351C6A9585748222B36C8764C1971F8261DEFC7B1F7CC820","UNREGISTERED","","",""
"common/journal_entries/06_iberian_twilight_monuments.txt","177","je_sagrada_familia","4","178","yes","1","    ","UTF-8","true","LF","true","true","true","true","","yes","true","","yes","DIRECT_THREE_WAY_ATOMIC","true","8BA91A9EE0832C2FB449704712E0176E8AEC83646C8648BCCFB7317E7548945C","50023ADF9A6033D6CC89D89C1C7402765459AAD2A98A05A3C23A58A82F9EDDF7","INTENTIONAL_FORK_DIVERGENCE","false","false",""
"common/journal_entries/06_iberian_twilight_monuments.txt","300","je_pena_palace","181","301","yes","1","    ","UTF-8","true","LF","true","true","true","true","","yes","true","","yes","DIRECT_THREE_WAY_ATOMIC","true","8BA91A9EE0832C2FB449704712E0176E8AEC83646C8648BCCFB7317E7548945C","50023ADF9A6033D6CC89D89C1C7402765459AAD2A98A05A3C23A58A82F9EDDF7","INTENTIONAL_FORK_DIVERGENCE","false","false",""
"common/journal_entries/06_iberian_twilight_monuments.txt","413","je_gran_teatro","304","414","yes","1","    ","UTF-8","true","LF","true","true","true","true","","yes","true","","yes","DIRECT_THREE_WAY_ATOMIC","true","8BA91A9EE0832C2FB449704712E0176E8AEC83646C8648BCCFB7317E7548945C","50023ADF9A6033D6CC89D89C1C7402765459AAD2A98A05A3C23A58A82F9EDDF7","INTENTIONAL_FORK_DIVERGENCE","false","false",""
"common/journal_entries/06_iberian_twilight_monuments.txt","530","je_atocha_railway","417","531","yes","1","    ","UTF-8","true","LF","true","true","true","true","","yes","true","","yes","DIRECT_THREE_WAY_ATOMIC","true","8BA91A9EE0832C2FB449704712E0176E8AEC83646C8648BCCFB7317E7548945C","50023ADF9A6033D6CC89D89C1C7402765459AAD2A98A05A3C23A58A82F9EDDF7","INTENTIONAL_FORK_DIVERGENCE","false","false",""
"common/journal_entries/06_iberian_twilight_monuments.txt","651","je_manila_cathedral","534","652","yes","1","    ","UTF-8","true","LF","true","true","true","true","","yes","true","","yes","DIRECT_THREE_WAY_ATOMIC","true","8BA91A9EE0832C2FB449704712E0176E8AEC83646C8648BCCFB7317E7548945C","50023ADF9A6033D6CC89D89C1C7402765459AAD2A98A05A3C23A58A82F9EDDF7","INTENTIONAL_FORK_DIVERGENCE","false","false",""
"common/journal_entries/06_language_policy.txt","418","je_vernacular_policy","1","419","yes","1","\t","UTF-8","true","LF","true","true","true","true","","yes","true","","yes","DIRECT_THREE_WAY_ATOMIC","true","63F50FBB250B5506C4F4BC453F6E90ADFA7B116B1B4B433C853E94240440F7F0","30ABA0968A3214DAB89E5CCAB4A36BF3C6C3E47871047D27D10F55F88572E56A","INTENTIONAL_FORK_DIVERGENCE","false","false",""
"common/journal_entries/06_morocco_lands_of_anarchy.txt","18","je_lands_of_anarchy","1","218","yes","1","\t","UTF-8","true","LF","true","true","true","true","","yes","true","","yes","DIRECT_THREE_WAY_ATOMIC","true","5284F9A3090268A639B05AAA590CCBACAFED5AE0DAA14E291A7EF523A238A711","1D1C477D4976A38162CBB73F7F0500C399E273DEB7015352656C34C4666AB379","INTENTIONAL_FORK_DIVERGENCE","false","false",""
"common/journal_entries/06_new_imperialism.txt","57","je_new_imperialism","1","58","yes","1","\t","UTF-8","true","LF","true","true","true","false","","","false","","","GLOBAL_API_MIGRATION_ATOMIC_CUSTOM_OBJECT","true","1B3F2CC9F54842D2BB4A39358A8566A602E1850BD4AE1DDD16E2B2DC522A5A73","5F9FAA0B8E30ABCB7562C98D292D02C946AC00090A5ACD4A5BFFC787AEA30822","INTENTIONAL_FORK_DIVERGENCE","false","false",""
"common/journal_entries/06_philippines_je.txt","171","je_philippines_development","1","172","yes","1","    ","UTF-8","true","LF","true","true","true","true","","yes","true","","yes","DIRECT_THREE_WAY_ATOMIC","true","3A1FCB5B09832D3DB37FC29B1362F39A5C3AAD80F75986F650B51092179E7F68","7CAC91756AFB3445EB4E7B4285553597094D4DDF09B4D5DF09C882D6244ECB27","INTENTIONAL_FORK_DIVERGENCE","false","false",""
"common/journal_entries/06_philippines_je.txt","311","je_philippines_main","175","312","yes","1","    ","UTF-8","true","LF","true","true","true","true","","yes","true","","yes","DIRECT_THREE_WAY_ATOMIC","true","3A1FCB5B09832D3DB37FC29B1362F39A5C3AAD80F75986F650B51092179E7F68","7CAC91756AFB3445EB4E7B4285553597094D4DDF09B4D5DF09C882D6244ECB27","INTENTIONAL_FORK_DIVERGENCE","false","false",""
"common/journal_entries/06_philippines_je.txt","463","je_filipino_ethnogenesis","314","464","yes","1","    ","UTF-8","true","LF","true","true","true","true","","yes","true","","yes","DIRECT_THREE_WAY_ATOMIC","true","3A1FCB5B09832D3DB37FC29B1362F39A5C3AAD80F75986F650B51092179E7F68","7CAC91756AFB3445EB4E7B4285553597094D4DDF09B4D5DF09C882D6244ECB27","INTENTIONAL_FORK_DIVERGENCE","false","false",""
"common/journal_entries/06_portugal_politics.txt","177","je_devorismo","1","178","yes","1","    ","UTF-8","true","LF","true","true","true","true","","yes","true","","yes","DIRECT_THREE_WAY_ATOMIC","true","95E3C0BFFC98092D82BD79F77F459908CDB10888BACC6AA9B27FA970B1561233","579BC26CE5C34857788CF3DED710D90DB31168A3ECD49E8D59B8BC62D0A73A53","VANILLA_1_13_ALIGNMENT_REQUIRED","true","false",""
"common/journal_entries/06_portugal_politics.txt","308","je_second_liberalism","180","309","yes","1","    ","UTF-8","true","LF","true","true","true","true","","yes","true","","yes","DIRECT_THREE_WAY_ATOMIC","true","95E3C0BFFC98092D82BD79F77F459908CDB10888BACC6AA9B27FA970B1561233","579BC26CE5C34857788CF3DED710D90DB31168A3ECD49E8D59B8BC62D0A73A53","VANILLA_1_13_ALIGNMENT_REQUIRED","true","false",""
"common/journal_entries/06_portugal_politics.txt","515","je_portugal_regeneration","311","516","yes","1","    ","UTF-8","true","LF","true","true","true","true","","yes","true","","yes","DIRECT_THREE_WAY_ATOMIC","true","95E3C0BFFC98092D82BD79F77F459908CDB10888BACC6AA9B27FA970B1561233","579BC26CE5C34857788CF3DED710D90DB31168A3ECD49E8D59B8BC62D0A73A53","VANILLA_1_13_ALIGNMENT_REQUIRED","true","false",""
"common/journal_entries/06_portugal_politics.txt","573","je_portugal_regeneration_public_works","519","574","yes","1","    ","UTF-8","true","LF","true","true","true","true","","yes","true","","yes","DIRECT_THREE_WAY_ATOMIC","true","95E3C0BFFC98092D82BD79F77F459908CDB10888BACC6AA9B27FA970B1561233","579BC26CE5C34857788CF3DED710D90DB31168A3ECD49E8D59B8BC62D0A73A53","VANILLA_1_13_ALIGNMENT_REQUIRED","true","false",""
"common/journal_entries/06_portugal_politics.txt","641","je_portugal_regeneration_agriculture","576","642","yes","1","    ","UTF-8","true","LF","true","true","true","true","","yes","true","","yes","DIRECT_THREE_WAY_ATOMIC","true","95E3C0BFFC98092D82BD79F77F459908CDB10888BACC6AA9B27FA970B1561233","579BC26CE5C34857788CF3DED710D90DB31168A3ECD49E8D59B8BC62D0A73A53","VANILLA_1_13_ALIGNMENT_REQUIRED","true","false",""
"common/journal_entries/06_portugal_politics.txt","688","je_portugal_regeneration_institutions","644","689","yes","1","    ","UTF-8","true","LF","true","true","true","true","","yes","true","","yes","DIRECT_THREE_WAY_ATOMIC","true","95E3C0BFFC98092D82BD79F77F459908CDB10888BACC6AA9B27FA970B1561233","579BC26CE5C34857788CF3DED710D90DB31168A3ECD49E8D59B8BC62D0A73A53","VANILLA_1_13_ALIGNMENT_REQUIRED","true","false",""
"common/journal_entries/06_portuguese_colonialism.txt","6","je_portuguese_colonialism","1","175","yes","1","\t","UTF-8","true","LF","false","false","false","true","","yes","true","","yes","ALREADY_MODERN","false","99DB30D8078C39930B82E79242D70CD70DB422BA148DB2D655E1A534E5DDF126","99DB30D8078C39930B82E79242D70CD70DB422BA148DB2D655E1A534E5DDF126","ALREADY_MERGED","false","false",""
"common/journal_entries/06_portuguese_colonialism.txt","181","je_the_pink_map","177","305","yes","1","\t","UTF-8","true","LF","false","false","false","true","","yes","true","","yes","ALREADY_MODERN","false","99DB30D8078C39930B82E79242D70CD70DB422BA148DB2D655E1A534E5DDF126","99DB30D8078C39930B82E79242D70CD70DB422BA148DB2D655E1A534E5DDF126","ALREADY_MERGED","false","false",""
"common/journal_entries/06_spanish_africa.txt","5","je_conquest_of_tetouan","1","155","yes","1","\t","UTF-8","true","LF","true","true","true","true","","yes","true","","yes","DIRECT_THREE_WAY_ATOMIC","true","416CE6A8CEF2C3F56D7DA2F2BE28D3FA1A5DFFAB4A95810910BEE8049D93B209","3D06B391F8934C812CFCFD72905A55DA8D5F698BD5FB35631F67ECFD01659AC8","VANILLA_1_13_ALIGNMENT_REQUIRED","true","false",""
"common/journal_entries/06_spanish_africa.txt","162","je_western_saharan_conquest","157","248","yes","1","\t","UTF-8","true","LF","true","true","true","true","","yes","true","","yes","DIRECT_THREE_WAY_ATOMIC","true","416CE6A8CEF2C3F56D7DA2F2BE28D3FA1A5DFFAB4A95810910BEE8049D93B209","3D06B391F8934C812CFCFD72905A55DA8D5F698BD5FB35631F67ECFD01659AC8","VANILLA_1_13_ALIGNMENT_REQUIRED","true","false",""
"common/journal_entries/06_spanish_africa.txt","255","je_guinean_conquest","250","335","yes","1","\t","UTF-8","true","LF","true","true","true","true","","yes","true","","yes","DIRECT_THREE_WAY_ATOMIC","true","416CE6A8CEF2C3F56D7DA2F2BE28D3FA1A5DFFAB4A95810910BEE8049D93B209","3D06B391F8934C812CFCFD72905A55DA8D5F698BD5FB35631F67ECFD01659AC8","VANILLA_1_13_ALIGNMENT_REQUIRED","true","false",""
"common/journal_entries/06_spanish_africa.txt","342","je_moroccan_conquest","337","396","yes","1","\t","UTF-8","true","LF","true","true","true","true","","yes","true","","yes","DIRECT_THREE_WAY_ATOMIC","true","416CE6A8CEF2C3F56D7DA2F2BE28D3FA1A5DFFAB4A95810910BEE8049D93B209","3D06B391F8934C812CFCFD72905A55DA8D5F698BD5FB35631F67ECFD01659AC8","VANILLA_1_13_ALIGNMENT_REQUIRED","true","false",""
"common/journal_entries/06_spanish_new_world.txt","115","je_spanish_new_world_dummy","2","116","yes","1","    ","UTF-8","true","LF","true","true","true","true","","yes","true","","yes","DIRECT_THREE_WAY_ATOMIC","true","AB9846DEDE17C0BCC23F0EF20D8F39B97E1E53EE917FCA7CB130EAF8390CD644","F15D9A4A3D0EAA468746A0F825BA52B99E34BC5D48866F56F6256F12F68350FF","INTENTIONAL_FORK_DIVERGENCE","false","false",""
"common/journal_entries/06_spanish_new_world.txt","196","je_reconquista","118","197","yes","1","    ","UTF-8","true","LF","true","true","true","true","","yes","true","","yes","DIRECT_THREE_WAY_ATOMIC","true","AB9846DEDE17C0BCC23F0EF20D8F39B97E1E53EE917FCA7CB130EAF8390CD644","F15D9A4A3D0EAA468746A0F825BA52B99E34BC5D48866F56F6256F12F68350FF","INTENTIONAL_FORK_DIVERGENCE","false","false",""
"common/journal_entries/06_spanish_new_world.txt","308","je_hispanoamerica","199","309","yes","1","    ","UTF-8","true","LF","true","true","true","true","","yes","true","","yes","DIRECT_THREE_WAY_ATOMIC","true","AB9846DEDE17C0BCC23F0EF20D8F39B97E1E53EE917FCA7CB130EAF8390CD644","F15D9A4A3D0EAA468746A0F825BA52B99E34BC5D48866F56F6256F12F68350FF","INTENTIONAL_FORK_DIVERGENCE","false","false",""
"common/journal_entries/06_spanish_new_world.txt","379","je_spanish_american_independence","311","380","yes","1","    ","UTF-8","true","LF","true","true","true","true","","yes","true","","yes","DIRECT_THREE_WAY_ATOMIC","true","AB9846DEDE17C0BCC23F0EF20D8F39B97E1E53EE917FCA7CB130EAF8390CD644","F15D9A4A3D0EAA468746A0F825BA52B99E34BC5D48866F56F6256F12F68350FF","INTENTIONAL_FORK_DIVERGENCE","false","false",""
"common/journal_entries/06_usa_independence_mod.txt","86","je_usa_independence","1","87","yes","1","\t","UTF-8","true","LF","true","true","true","true","yes","","false","","","GLOBAL_API_MIGRATION_ATOMIC_CUSTOM_OBJECT","true","FC2EF9E593D1DAB1910EB28896467D1CD74623C48950BB0FF76730418C02310D","86800653EF7329DDF254ED4F1C04DD9937A424933238CEA8EF981A46CA527EA0","POST_MERGE_DESIGN_BACKLOG","false","false",""
"common/journal_entries/06_usa_independence_mod.txt","151","je_usa_independence_fra","89","152","yes","1","\t","UTF-8","true","LF","true","true","true","true","yes","","false","","","GLOBAL_API_MIGRATION_ATOMIC_CUSTOM_OBJECT","true","FC2EF9E593D1DAB1910EB28896467D1CD74623C48950BB0FF76730418C02310D","86800653EF7329DDF254ED4F1C04DD9937A424933238CEA8EF981A46CA527EA0","POST_MERGE_DESIGN_BACKLOG","false","false",""
"common/journal_entries/07_american_mod_jes.txt","96","je_sale_of_florida_mod","1","97","yes","1","\t","UTF-8","true","CRLF","true","true","true","true","yes","","false","","","GLOBAL_API_MIGRATION_ATOMIC_CUSTOM_OBJECT","true","EB820389AA53CEE24C1058E3C1B5BE1D2FDACB31A48C21481B9EADCD60B621ED","46847DFD2E296CA34DBD7E2811992A5DEC64EB415B50E6E842C45C8AB678C1DB","POST_MERGE_DESIGN_BACKLOG","false","false",""
"common/journal_entries/07_american_mod_jes.txt","193","je_buying_florida_mod","99","194","yes","1","\t","UTF-8","true","CRLF","true","true","true","true","yes","","false","","","GLOBAL_API_MIGRATION_ATOMIC_CUSTOM_OBJECT","true","EB820389AA53CEE24C1058E3C1B5BE1D2FDACB31A48C21481B9EADCD60B621ED","46847DFD2E296CA34DBD7E2811992A5DEC64EB415B50E6E842C45C8AB678C1DB","POST_MERGE_DESIGN_BACKLOG","false","false",""
"common/journal_entries/07_american_mod_jes.txt","256","je_northwest_frontier_mod","196","257","yes","1","\t","UTF-8","true","CRLF","true","true","true","true","yes","","false","","","GLOBAL_API_MIGRATION_ATOMIC_CUSTOM_OBJECT","true","EB820389AA53CEE24C1058E3C1B5BE1D2FDACB31A48C21481B9EADCD60B621ED","46847DFD2E296CA34DBD7E2811992A5DEC64EB415B50E6E842C45C8AB678C1DB","POST_MERGE_DESIGN_BACKLOG","false","false",""
"common/journal_entries/07_hindustan_is_durrani_mod.txt","50","je_hindustan_is_durrani","1","51","yes","1","    ","UTF-8","true","LF","true","true","true","true","yes","","false","","","PINNING_ATOMICITY_EXCEPTION","false","FCC68B3032EDCB9B2E6CA0420171B3DE00F34BB7CAE47CB59F844A3F02BF883D","FCC68B3032EDCB9B2E6CA0420171B3DE00F34BB7CAE47CB59F844A3F02BF883D","PROTECTED_CONCURRENT_WORK","false","true","PROTECTED_WORK: PROTECTED_WORK_BIC: protected concurrent Durrani/Battle-for-India work requires an explicit human decision"
"common/journal_entries/07_hokkaido.txt","282","je_taming_the_north","1","283","yes","1","    ","UTF-8","true","LF","false","false","false","true","","yes","true","","yes","ALREADY_MODERN","false","114CBFEEFD77C158402D8EC8079487446E26BCFC8EF35AA15EC843553F593729","114CBFEEFD77C158402D8EC8079487446E26BCFC8EF35AA15EC843553F593729","MERGED_STATIC_ONLY","false","false",""
"common/journal_entries/07_iran_troubles_mod.txt","96","je_deputy_of_the_people","1","97","yes","1","\t","UTF-8","true","LF","true","true","true","true","yes","","false","","","GLOBAL_API_MIGRATION_ATOMIC_CUSTOM_OBJECT","true","8F31F385EC3EA9FDECFE1A0DC3758B4A283C243369751E021B14599E8987610D","B3141DA1EFFB77620E77ED853385545155CDA4C140E372F0C2E3F7D6BED5B43E","UNREGISTERED","","",""
"common/journal_entries/07_irish_question_mod.txt","75","je_irish_question","1","77","yes","1","\t","UTF-8","true","LF","true","true","true","true","yes","","false","","","GLOBAL_API_MIGRATION_ATOMIC_CUSTOM_OBJECT","true","ED7463A3F2318C8486C68CD7058F09A5D8CABE2A3342BE07111828FF75B0519D","4C6C7D5C4AB2A85975822E411900F38A64BDF60220B4490DC65CBDF87A935A4E","UNREGISTERED","","",""
"common/journal_entries/07_poland_lithuania_mod.txt","238","je_plc_reform","1","239","yes","1","    ","UTF-8","true","LF","true","true","true","true","yes","","false","","","GLOBAL_API_MIGRATION_ATOMIC_CUSTOM_OBJECT","true","5D3EFE884DE36B6B379FCE1A81D3DC39979DA137D329BD5B4B1D7F9ACC13B1C5","F6A8EFBFAACED48A004240EBE47169FA0B1177C48FBB323705A35E33DB8E6F20","VANILLA_1_13_ALIGNMENT_REQUIRED","true","false",""
"common/journal_entries/07_poland_lithuania_mod.txt","311","je_plc_reform_industry","241","312","yes","1","    ","UTF-8","true","LF","true","true","true","true","yes","","false","","","GLOBAL_API_MIGRATION_ATOMIC_CUSTOM_OBJECT","true","5D3EFE884DE36B6B379FCE1A81D3DC39979DA137D329BD5B4B1D7F9ACC13B1C5","F6A8EFBFAACED48A004240EBE47169FA0B1177C48FBB323705A35E33DB8E6F20","VANILLA_1_13_ALIGNMENT_REQUIRED","true","false",""
"common/journal_entries/07_poland_lithuania_mod.txt","345","je_plc_reform_trade","314","346","yes","1","    ","UTF-8","true","LF","true","true","true","true","yes","","false","","","GLOBAL_API_MIGRATION_ATOMIC_CUSTOM_OBJECT","true","5D3EFE884DE36B6B379FCE1A81D3DC39979DA137D329BD5B4B1D7F9ACC13B1C5","F6A8EFBFAACED48A004240EBE47169FA0B1177C48FBB323705A35E33DB8E6F20","VANILLA_1_13_ALIGNMENT_REQUIRED","true","false",""
"common/journal_entries/07_poland_lithuania_mod.txt","390","je_plc_reform_education","348","391","yes","1","    ","UTF-8","true","LF","true","true","true","true","yes","","false","","","GLOBAL_API_MIGRATION_ATOMIC_CUSTOM_OBJECT","true","5D3EFE884DE36B6B379FCE1A81D3DC39979DA137D329BD5B4B1D7F9ACC13B1C5","F6A8EFBFAACED48A004240EBE47169FA0B1177C48FBB323705A35E33DB8E6F20","VANILLA_1_13_ALIGNMENT_REQUIRED","true","false",""
"common/journal_entries/07_poland_lithuania_mod.txt","440","je_plc_reform_railways","393","441","yes","1","    ","UTF-8","true","LF","true","true","true","true","yes","","false","","","GLOBAL_API_MIGRATION_ATOMIC_CUSTOM_OBJECT","true","5D3EFE884DE36B6B379FCE1A81D3DC39979DA137D329BD5B4B1D7F9ACC13B1C5","F6A8EFBFAACED48A004240EBE47169FA0B1177C48FBB323705A35E33DB8E6F20","VANILLA_1_13_ALIGNMENT_REQUIRED","true","false",""
"common/journal_entries/07_poland_lithuania_mod.txt","510","je_plc_reform_farming","443","511","yes","1","    ","UTF-8","true","LF","true","true","true","true","yes","","false","","","GLOBAL_API_MIGRATION_ATOMIC_CUSTOM_OBJECT","true","5D3EFE884DE36B6B379FCE1A81D3DC39979DA137D329BD5B4B1D7F9ACC13B1C5","F6A8EFBFAACED48A004240EBE47169FA0B1177C48FBB323705A35E33DB8E6F20","VANILLA_1_13_ALIGNMENT_REQUIRED","true","false",""
"common/journal_entries/07_poland_lithuania_mod.txt","570","je_plc_reform_military","513","571","yes","1","    ","UTF-8","true","LF","true","true","true","true","yes","","false","","","GLOBAL_API_MIGRATION_ATOMIC_CUSTOM_OBJECT","true","5D3EFE884DE36B6B379FCE1A81D3DC39979DA137D329BD5B4B1D7F9ACC13B1C5","F6A8EFBFAACED48A004240EBE47169FA0B1177C48FBB323705A35E33DB8E6F20","VANILLA_1_13_ALIGNMENT_REQUIRED","true","false",""
"common/journal_entries/07_poland_lithuania_mod.txt","604","je_plc_reform_great_power","573","605","yes","1","    ","UTF-8","true","LF","false","false","false","true","yes","","false","","","GLOBAL_API_MIGRATION_ATOMIC_CUSTOM_OBJECT","true","5D3EFE884DE36B6B379FCE1A81D3DC39979DA137D329BD5B4B1D7F9ACC13B1C5","F6A8EFBFAACED48A004240EBE47169FA0B1177C48FBB323705A35E33DB8E6F20","VANILLA_1_13_ALIGNMENT_REQUIRED","true","false",""
"common/journal_entries/07_sakoku.txt","105","je_sakoku","1","106","yes","1","    ","UTF-8","false","LF","false","false","false","true","","yes","true","","yes","ALREADY_MODERN","false","74D89C1DE540CFA4DDB30B2959A4885FC73C1A2654A748853BA309C087B38922","74D89C1DE540CFA4DDB30B2959A4885FC73C1A2654A748853BA309C087B38922","MERGED_STATIC_ONLY","false","false",""
"common/journal_entries/07_tenpo_crisis.txt","140","je_tenpo_crisis","1","141","yes","1","\t","UTF-8","true","LF","false","false","false","true","","yes","true","","yes","ALREADY_MODERN","false","37E7BF5859DD585D512CFE0B39E7383765598B7E8B69D4D4BD48AFBB76C90AC2","37E7BF5859DD585D512CFE0B39E7383765598B7E8B69D4D4BD48AFBB76C90AC2","UNREGISTERED","","",""
"common/journal_entries/07_zaibatsu.txt","388","je_zaibatsu","1","389","yes","1","\t","UTF-8","true","LF","false","false","false","true","","yes","true","","yes","ALREADY_MODERN","false","CBCADE9B9F356123356BC720D4BD2ADE815CCEAE21076FDB01D705F630E1F94D","CBCADE9B9F356123356BC720D4BD2ADE815CCEAE21076FDB01D705F630E1F94D","UNREGISTERED","","",""
"common/journal_entries/99_test_global_je.txt","137","je_global_test","3","138","yes","1","\t","UTF-8","true","LF","true","true","true","true","","yes","true","","yes","DIRECT_THREE_WAY_ATOMIC","true","A5B44990101ABBC135231E16EB0EACF438A240DCB6CABBC860012C365DCAC719","5FD5B45F6049F34F8562B6B2FEAD3D591AF70B82AEDD3F19C6F2DE95A3E636FF","INTENTIONAL_FORK_DIVERGENCE","false","false",""
