TAG,Country,Region,Subregion,Current_Tier,Tier_Action,Recommended_Tier,Technology_ID,Current_Status,Decision,Confidence,Historical_Status,Prerequisite_Note,Gameplay_Note,Reason,Source_1,Source_2
ACH,Acholi,Africa,Grands Lacs et plateau est-africain,tier_7,REPLACE_WITH_EXPLICIT_SETUP,,improved_husbandry,ABSENT,ADD,MEDIUM,ESTABLISHED,—,"bâtiment:building_banana_plantation, bâtiment:building_coffee_plantation, bâtiment:building_dye_plantation, bâtiment:building_livestock_ranch, bâtiment:building_maize_farm, bâtiment:building_millet_farm, bâtiment:building_opium…",Le tier 7 vide efface une capacité agricole et/ou pastorale locale attestée à l’échelle de la sous-région; ADD restaure un socle de production sans attribuer une industrialisation européenne.,https://82nd-and-fifth.metmuseum.org/toah/ht/09/afa.html,https://www.cambridge.org/core/books/abs/cambridge-history-of-africa/east-africa-the-expansion-of-commerce/8AE31B68FFE6ED0C29991E89FAB01006
ADG,Kel Adagh,Africa,Sahel et Soudan occidental,tier_6,REVIEW_TIER,,improved_husbandry,TIER,KEEP,MEDIUM,ESTABLISHED,—,"bâtiment:building_banana_plantation, bâtiment:building_coffee_plantation, bâtiment:building_dye_plantation, bâtiment:building_livestock_ranch, bâtiment:building_maize_farm, bâtiment:building_millet_farm, bâtiment:building_opium…","Agriculture et/ou élevage sont structurants dans ce territoire en 1776; le nœud sert ici de socle agricole et pastoral, sans supposer une « révolution agricole » européenne.",https://www.metmuseum.org/fr/essays/the-age-of-iron-in-west-africa,https://www.cambridge.org/core/journals/journal-of-african-history/article/abs/import-of-firearms-into-west-africa-in-the-eighteenth-century/84E8BF080DACF066CC957D56271DC721
ADG,Kel Adagh,Africa,Sahel et Soudan occidental,tier_6,REVIEW_TIER,,urbanization,TIER,REVIEW,MEDIUM,ABSTRACT,—,"bâtiment:building_construction_sector, bâtiment:building_urban_center","Nœud de compatibilité très abstrait (secteur de construction + centre urbain); il ne doit pas transformer une société pastorale, mobile ou un TAG postérieur en économie urbaine de type XIXe siècle.",https://www.metmuseum.org/fr/essays/the-age-of-iron-in-west-africa,https://www.cambridge.org/core/journals/journal-of-african-history/article/abs/import-of-firearms-into-west-africa-in-the-eighteenth-century/84E8BF080DACF066CC957D56271DC721
ADR,Adrar,Africa,Sahel et Soudan occidental,tier_6,REVIEW_TIER,,improved_husbandry,TIER,KEEP,MEDIUM,ESTABLISHED,—,"bâtiment:building_banana_plantation, bâtiment:building_coffee_plantation, bâtiment:building_dye_plantation, bâtiment:building_livestock_ranch, bâtiment:building_maize_farm, bâtiment:building_millet_farm, bâtiment:building_opium…","Agriculture et/ou élevage sont structurants dans ce territoire en 1776; le nœud sert ici de socle agricole et pastoral, sans supposer une « révolution agricole » européenne.",https://www.metmuseum.org/fr/essays/the-age-of-iron-in-west-africa,https://www.cambridge.org/core/journals/journal-of-african-history/article/abs/import-of-firearms-into-west-africa-in-the-eighteenth-century/84E8BF080DACF066CC957D56271DC721
ADR,Adrar,Africa,Sahel et Soudan occidental,tier_6,REVIEW_TIER,,urbanization,TIER,REVIEW,MEDIUM,ABSTRACT,—,"bâtiment:building_construction_sector, bâtiment:building_urban_center","Nœud de compatibilité très abstrait (secteur de construction + centre urbain); il ne doit pas transformer une société pastorale, mobile ou un TAG postérieur en économie urbaine de type XIXe siècle.",https://www.metmuseum.org/fr/essays/the-age-of-iron-in-west-africa,https://www.cambridge.org/core/journals/journal-of-african-history/article/abs/import-of-firearms-into-west-africa-in-the-eighteenth-century/84E8BF080DACF066CC957D56271DC721
AGC,Angoche,Africa,Côte swahilie et Mozambique septentrional,tier_5,REPLACE_WITH_EXPLICIT_SETUP,,codified_practical_knowledge,TIER,KEEP,MEDIUM,ABSTRACT,"Missing direct prerequisite(s): institutionalized_scientific_exchange, periodical_print_networks. Do not auto-add; either tolerate tree abstraction or revise this child in synthesis.",nœud sans déblocage direct majeur,"Pratiques artisanales, administratives et savoirs codifiés/oraux existent, mais le nœud agrège plusieurs formes de transmission; conserver sans ajouter automatiquement ses prérequis européens.",https://82nd-and-fifth.metmuseum.org/toah/ht/09/afa.html,https://www.cambridge.org/core/books/abs/cambridge-history-of-africa/east-africa-the-expansion-of-commerce/8AE31B68FFE6ED0C29991E89FAB01006
AGC,Angoche,Africa,Côte swahilie et Mozambique septentrional,tier_5,REPLACE_WITH_EXPLICIT_SETUP,,improved_husbandry,TIER,KEEP,MEDIUM,ESTABLISHED,—,"bâtiment:building_banana_plantation, bâtiment:building_coffee_plantation, bâtiment:building_dye_plantation, bâtiment:building_livestock_ranch, bâtiment:building_maize_farm, bâtiment:building_millet_farm, bâtiment:building_opium…","Agriculture et/ou élevage sont structurants dans ce territoire en 1776; le nœud sert ici de socle agricole et pastoral, sans supposer une « révolution agricole » européenne.",https://82nd-and-fifth.metmuseum.org/toah/ht/09/afa.html,https://www.cambridge.org/core/books/abs/cambridge-history-of-africa/east-africa-the-expansion-of-commerce/8AE31B68FFE6ED0C29991E89FAB01006
AGC,Angoche,Africa,Côte swahilie et Mozambique septentrional,tier_5,REPLACE_WITH_EXPLICIT_SETUP,,international_relations,EXPLICIT,KEEP,MEDIUM,ESTABLISHED,—,nœud sans déblocage direct majeur,"Commerce longue distance, diplomatie, tribut et relations interétatiques/avec des négociants étrangers rendent ce nœud plausible comme capacité politique.",https://82nd-and-fifth.metmuseum.org/toah/ht/09/afa.html,https://www.cambridge.org/core/books/abs/cambridge-history-of-africa/east-africa-the-expansion-of-commerce/8AE31B68FFE6ED0C29991E89FAB01006
AGC,Angoche,Africa,Côte swahilie et Mozambique septentrional,tier_5,REPLACE_WITH_EXPLICIT_SETUP,,organized_textile_production,TIER,KEEP,MEDIUM,ESTABLISHED,—,"PM:pm_craftsman_sewing, bâtiment:building_textile_mill",Filage/tissage et production textile organisée sont attestés dans la sous-région; le bâtiment de manufacture reste une abstraction de proto-industrie et d’artisanat spécialisé.,https://82nd-and-fifth.metmuseum.org/toah/ht/09/afa.html,https://www.cambridge.org/core/books/abs/cambridge-history-of-africa/east-africa-the-expansion-of-commerce/8AE31B68FFE6ED0C29991E89FAB01006
AGC,Angoche,Africa,Côte swahilie et Mozambique septentrional,tier_5,REPLACE_WITH_EXPLICIT_SETUP,,shaft_mining,TIER,REVIEW,MEDIUM,ABSTRACT,—,"bâtiment:building_coal_mine, bâtiment:building_copper_mine, bâtiment:building_iron_mine, bâtiment:building_lead_mine, bâtiment:building_limestone_quarry, bâtiment:building_salt_mine, bâtiment:building_sulfur_mine, décret:decree…","Extraction minière et métallurgie existent dans plusieurs sociétés africaines, mais le nœud déverrouille un ensemble de mines à puits; il ne faut pas confondre métallurgie du fer, orpaillage ou carrières avec ce paquet gameplay.",https://82nd-and-fifth.metmuseum.org/toah/ht/09/afa.html,https://www.cambridge.org/core/books/abs/cambridge-history-of-africa/east-africa-the-expansion-of-commerce/8AE31B68FFE6ED0C29991E89FAB01006
AGC,Angoche,Africa,Côte swahilie et Mozambique septentrional,tier_5,REPLACE_WITH_EXPLICIT_SETUP,,systematic_administrative_statistics,TIER,REVIEW,MEDIUM,ABSTRACT,—,"bâtiment:building_government_administration, décret:decree_emergency_relief, décret:decree_road_maintenance","Le nœud représente à la fois administration, capacité fiscale, incorporation et statistiques d’État. Fiscalité/tribut peuvent être attestés sans justifier une statistique administrative systématique.",https://82nd-and-fifth.metmuseum.org/toah/ht/09/afa.html,https://www.cambridge.org/core/books/abs/cambridge-history-of-africa/east-africa-the-expansion-of-commerce/8AE31B68FFE6ED0C29991E89FAB01006
AGC,Angoche,Africa,Côte swahilie et Mozambique septentrional,tier_5,REPLACE_WITH_EXPLICIT_SETUP,,urbanization,TIER,KEEP,MEDIUM,ABSTRACT,—,"bâtiment:building_construction_sector, bâtiment:building_urban_center","Conserver uniquement comme abstraction de bourgs, marchés, construction et concentration de population; ne pas lire ce nœud comme une urbanisation industrielle.",https://82nd-and-fifth.metmuseum.org/toah/ht/09/afa.html,https://www.cambridge.org/core/books/abs/cambridge-history-of-africa/east-africa-the-expansion-of-commerce/8AE31B68FFE6ED0C29991E89FAB01006
AGC,Angoche,Africa,Côte swahilie et Mozambique septentrional,tier_5,REPLACE_WITH_EXPLICIT_SETUP,,state_dockyard_systems,ABSENT,REVIEW,LOW,SECTORAL,—,"bâtiment:building_naval_administration, bâtiment:building_shipyard","Commerce maritime et navigation sont établis, mais la preuve d’un chantier naval d’État correspondant au nœud est insuffisante; ne pas transformer une tradition dhow/portuaire en arsenal étatique sans source plus précise.",https://82nd-and-fifth.metmuseum.org/toah/ht/09/afa.html,https://www.cambridge.org/core/books/abs/cambridge-history-of-africa/east-africa-the-expansion-of-commerce/8AE31B68FFE6ED0C29991E89FAB01006
AHG,Kel Ahaggar,Africa,Sahara maghrébin,tier_6,REVIEW_TIER,,improved_husbandry,TIER,KEEP,MEDIUM,ESTABLISHED,—,"bâtiment:building_banana_plantation, bâtiment:building_coffee_plantation, bâtiment:building_dye_plantation, bâtiment:building_livestock_ranch, bâtiment:building_maize_farm, bâtiment:building_millet_farm, bâtiment:building_opium…","Agriculture et/ou élevage sont structurants dans ce territoire en 1776; le nœud sert ici de socle agricole et pastoral, sans supposer une « révolution agricole » européenne.",https://www.cambridge.org/core/books/history-of-algeria/ecologies-societies-cultures-and-the-state-15161830/6C59DEAD9F70913EC060EDD1465FA6A5,https://www.cambridge.org/core/books/abs/cambridge-history-of-islam/north-africa-in-the-sixteenth-and-seventeenth-centuries/4B2F63A65160CF588F520BEE5F57AC87
AHG,Kel Ahaggar,Africa,Sahara maghrébin,tier_6,REVIEW_TIER,,urbanization,TIER,REVIEW,MEDIUM,ABSTRACT,—,"bâtiment:building_construction_sector, bâtiment:building_urban_center","Nœud de compatibilité très abstrait (secteur de construction + centre urbain); il ne doit pas transformer une société pastorale, mobile ou un TAG postérieur en économie urbaine de type XIXe siècle.",https://www.cambridge.org/core/books/history-of-algeria/ecologies-societies-cultures-and-the-state-15161830/6C59DEAD9F70913EC060EDD1465FA6A5,https://www.cambridge.org/core/books/abs/cambridge-history-of-islam/north-africa-in-the-sixteenth-and-seventeenth-centuries/4B2F63A65160CF588F520BEE5F57AC87
AIR,Kel Air,Africa,Sahel et Soudan occidental,tier_6,REVIEW_TIER,,improved_husbandry,TIER,KEEP,MEDIUM,ESTABLISHED,—,"bâtiment:building_banana_plantation, bâtiment:building_coffee_plantation, bâtiment:building_dye_plantation, bâtiment:building_livestock_ranch, bâtiment:building_maize_farm, bâtiment:building_millet_farm, bâtiment:building_opium…","Agriculture et/ou élevage sont structurants dans ce territoire en 1776; le nœud sert ici de socle agricole et pastoral, sans supposer une « révolution agricole » européenne.",https://www.metmuseum.org/fr/essays/the-age-of-iron-in-west-africa,https://www.cambridge.org/core/journals/journal-of-african-history/article/abs/import-of-firearms-into-west-africa-in-the-eighteenth-century/84E8BF080DACF066CC957D56271DC721
AIR,Kel Air,Africa,Sahel et Soudan occidental,tier_6,REVIEW_TIER,,urbanization,TIER,REVIEW,MEDIUM,ABSTRACT,—,"bâtiment:building_construction_sector, bâtiment:building_urban_center","Nœud de compatibilité très abstrait (secteur de construction + centre urbain); il ne doit pas transformer une société pastorale, mobile ou un TAG postérieur en économie urbaine de type XIXe siècle.",https://www.metmuseum.org/fr/essays/the-age-of-iron-in-west-africa,https://www.cambridge.org/core/journals/journal-of-african-history/article/abs/import-of-firearms-into-west-africa-in-the-eighteenth-century/84E8BF080DACF066CC957D56271DC721
AIT,Ait Abbas,Africa,Maghreb occidental,tier_4,REPLACE_WITH_EXPLICIT_SETUP,,codified_practical_knowledge,TIER,KEEP,MEDIUM,ABSTRACT,"Missing direct prerequisite(s): institutionalized_scientific_exchange, periodical_print_networks. Do not auto-add; either tolerate tree abstraction or revise this child in synthesis.",nœud sans déblocage direct majeur,"Pratiques artisanales, administratives et savoirs codifiés/oraux existent, mais le nœud agrège plusieurs formes de transmission; conserver sans ajouter automatiquement ses prérequis européens.",https://www.cambridge.org/core/books/history-of-algeria/ecologies-societies-cultures-and-the-state-15161830/6C59DEAD9F70913EC060EDD1465FA6A5,https://www.cambridge.org/core/books/abs/cambridge-history-of-islam/north-africa-in-the-sixteenth-and-seventeenth-centuries/4B2F63A65160CF588F520BEE5F57AC87
AIT,Ait Abbas,Africa,Maghreb occidental,tier_4,REPLACE_WITH_EXPLICIT_SETUP,,distillation,TIER,KEEP,MEDIUM,ESTABLISHED,—,"PM:pm_pot_stills, PM:pm_spiced_food_preparations",Capacité de base compatible avec les pratiques locales attestées avant 1776; le nœud est toutefois plus large que toute pratique unique.,https://www.cambridge.org/core/books/history-of-algeria/ecologies-societies-cultures-and-the-state-15161830/6C59DEAD9F70913EC060EDD1465FA6A5,https://www.cambridge.org/core/books/abs/cambridge-history-of-islam/north-africa-in-the-sixteenth-and-seventeenth-centuries/4B2F63A65160CF588F520BEE5F57AC87
AIT,Ait Abbas,Africa,Maghreb occidental,tier_4,REPLACE_WITH_EXPLICIT_SETUP,,improved_husbandry,TIER,KEEP,MEDIUM,ESTABLISHED,—,"bâtiment:building_banana_plantation, bâtiment:building_coffee_plantation, bâtiment:building_dye_plantation, bâtiment:building_livestock_ranch, bâtiment:building_maize_farm, bâtiment:building_millet_farm, bâtiment:building_opium…","Agriculture et/ou élevage sont structurants dans ce territoire en 1776; le nœud sert ici de socle agricole et pastoral, sans supposer une « révolution agricole » européenne.",https://www.cambridge.org/core/books/history-of-algeria/ecologies-societies-cultures-and-the-state-15161830/6C59DEAD9F70913EC060EDD1465FA6A5,https://www.cambridge.org/core/books/abs/cambridge-history-of-islam/north-africa-in-the-sixteenth-and-seventeenth-centuries/4B2F63A65160CF588F520BEE5F57AC87
AIT,Ait Abbas,Africa,Maghreb occidental,tier_4,REPLACE_WITH_EXPLICIT_SETUP,,international_relations,TIER,KEEP,MEDIUM,ESTABLISHED,—,nœud sans déblocage direct majeur,"Commerce longue distance, diplomatie, tribut et relations interétatiques/avec des négociants étrangers rendent ce nœud plausible comme capacité politique.",https://www.cambridge.org/core/books/history-of-algeria/ecologies-societies-cultures-and-the-state-15161830/6C59DEAD9F70913EC060EDD1465FA6A5,https://www.cambridge.org/core/books/abs/cambridge-history-of-islam/north-africa-in-the-sixteenth-and-seventeenth-centuries/4B2F63A65160CF588F520BEE5F57AC87
AIT,Ait Abbas,Africa,Maghreb occidental,tier_4,REPLACE_WITH_EXPLICIT_SETUP,,light_infantry_tactics,TIER,REVIEW,MEDIUM,SECTORAL,Missing direct prerequisite(s): regulated_small_arms. Do not auto-add; either tolerate tree abstraction or revise this child in synthesis.,modificateurs/nœud de progression,"Tactiques d’infanterie organisée plausibles dans les États maghrébins, mais le nœud est une abstraction militaire européenne et doit rester sectoriel.",https://www.cambridge.org/core/books/history-of-algeria/ecologies-societies-cultures-and-the-state-15161830/6C59DEAD9F70913EC060EDD1465FA6A5,https://www.cambridge.org/core/books/abs/cambridge-history-of-islam/north-africa-in-the-sixteenth-and-seventeenth-centuries/4B2F63A65160CF588F520BEE5F57AC87
AIT,Ait Abbas,Africa,Maghreb occidental,tier_4,REPLACE_WITH_EXPLICIT_SETUP,,organized_textile_production,TIER,KEEP,MEDIUM,ESTABLISHED,—,"PM:pm_craftsman_sewing, bâtiment:building_textile_mill",Filage/tissage et production textile organisée sont attestés dans la sous-région; le bâtiment de manufacture reste une abstraction de proto-industrie et d’artisanat spécialisé.,https://www.cambridge.org/core/books/history-of-algeria/ecologies-societies-cultures-and-the-state-15161830/6C59DEAD9F70913EC060EDD1465FA6A5,https://www.cambridge.org/core/books/abs/cambridge-history-of-islam/north-africa-in-the-sixteenth-and-seventeenth-centuries/4B2F63A65160CF588F520BEE5F57AC87
AIT,Ait Abbas,Africa,Maghreb occidental,tier_4,REPLACE_WITH_EXPLICIT_SETUP,,regulated_small_arms,TIER,REVIEW,MEDIUM,SECTORAL,Missing direct prerequisite(s): scientific_fortification_siegecraft. Do not auto-add; either tolerate tree abstraction or revise this child in synthesis.,"bâtiment:building_arms_industry, bâtiment:building_artillery_foundry","Les armes à feu circulent, mais ce nœud ouvre une industrie d’armes et d’artillerie; possession/importation/réparation ne suffit pas à prouver une production réglementée locale.",https://www.cambridge.org/core/books/history-of-algeria/ecologies-societies-cultures-and-the-state-15161830/6C59DEAD9F70913EC060EDD1465FA6A5,https://www.cambridge.org/core/books/abs/cambridge-history-of-islam/north-africa-in-the-sixteenth-and-seventeenth-centuries/4B2F63A65160CF588F520BEE5F57AC87
AIT,Ait Abbas,Africa,Maghreb occidental,tier_4,REPLACE_WITH_EXPLICIT_SETUP,,shaft_mining,TIER,REVIEW,MEDIUM,ABSTRACT,—,"bâtiment:building_coal_mine, bâtiment:building_copper_mine, bâtiment:building_iron_mine, bâtiment:building_lead_mine, bâtiment:building_limestone_quarry, bâtiment:building_salt_mine, bâtiment:building_sulfur_mine, décret:decree…","Extraction minière et métallurgie existent dans plusieurs sociétés africaines, mais le nœud déverrouille un ensemble de mines à puits; il ne faut pas confondre métallurgie du fer, orpaillage ou carrières avec ce paquet gameplay.",https://www.cambridge.org/core/books/history-of-algeria/ecologies-societies-cultures-and-the-state-15161830/6C59DEAD9F70913EC060EDD1465FA6A5,https://www.cambridge.org/core/books/abs/cambridge-history-of-islam/north-africa-in-the-sixteenth-and-seventeenth-centuries/4B2F63A65160CF588F520BEE5F57AC87
AIT,Ait Abbas,Africa,Maghreb occidental,tier_4,REPLACE_WITH_EXPLICIT_SETUP,,standardized_field_artillery,TIER,REVIEW,MEDIUM,SECTORAL,Missing direct prerequisite(s): regulated_small_arms. Do not auto-add; either tolerate tree abstraction or revise this child in synthesis.,PM:pm_cannons,"Artillerie et arsenaux existent dans le Maghreb, mais la standardisation de campagne est plus exigeante que la simple possession de canons.",https://www.cambridge.org/core/books/history-of-algeria/ecologies-societies-cultures-and-the-state-15161830/6C59DEAD9F70913EC060EDD1465FA6A5,https://www.cambridge.org/core/books/abs/cambridge-history-of-islam/north-africa-in-the-sixteenth-and-seventeenth-centuries/4B2F63A65160CF588F520BEE5F57AC87
AIT,Ait Abbas,Africa,Maghreb occidental,tier_4,REPLACE_WITH_EXPLICIT_SETUP,,systematic_administrative_statistics,TIER,REVIEW,MEDIUM,ABSTRACT,—,"bâtiment:building_government_administration, décret:decree_emergency_relief, décret:decree_road_maintenance","Le nœud représente à la fois administration, capacité fiscale, incorporation et statistiques d’État. Fiscalité/tribut peuvent être attestés sans justifier une statistique administrative systématique.",https://www.cambridge.org/core/books/history-of-algeria/ecologies-societies-cultures-and-the-state-15161830/6C59DEAD9F70913EC060EDD1465FA6A5,https://www.cambridge.org/core/books/abs/cambridge-history-of-islam/north-africa-in-the-sixteenth-and-seventeenth-centuries/4B2F63A65160CF588F520BEE5F57AC87
AIT,Ait Abbas,Africa,Maghreb occidental,tier_4,REPLACE_WITH_EXPLICIT_SETUP,,urbanization,TIER,KEEP,MEDIUM,ABSTRACT,—,"bâtiment:building_construction_sector, bâtiment:building_urban_center","Conserver uniquement comme abstraction de bourgs, marchés, construction et concentration de population; ne pas lire ce nœud comme une urbanisation industrielle.",https://www.cambridge.org/core/books/history-of-algeria/ecologies-societies-cultures-and-the-state-15161830/6C59DEAD9F70913EC060EDD1465FA6A5,https://www.cambridge.org/core/books/abs/cambridge-history-of-islam/north-africa-in-the-sixteenth-and-seventeenth-centuries/4B2F63A65160CF588F520BEE5F57AC87
AJJ,Kel Ajjer,Africa,Sahara maghrébin,tier_6,REVIEW_TIER,,improved_husbandry,TIER,KEEP,MEDIUM,ESTABLISHED,—,"bâtiment:building_banana_plantation, bâtiment:building_coffee_plantation, bâtiment:building_dye_plantation, bâtiment:building_livestock_ranch, bâtiment:building_maize_farm, bâtiment:building_millet_farm, bâtiment:building_opium…","Agriculture et/ou élevage sont structurants dans ce territoire en 1776; le nœud sert ici de socle agricole et pastoral, sans supposer une « révolution agricole » européenne.",https://www.cambridge.org/core/books/history-of-algeria/ecologies-societies-cultures-and-the-state-15161830/6C59DEAD9F70913EC060EDD1465FA6A5,https://www.cambridge.org/core/books/abs/cambridge-history-of-islam/north-africa-in-the-sixteenth-and-seventeenth-centuries/4B2F63A65160CF588F520BEE5F57AC87
AJJ,Kel Ajjer,Africa,Sahara maghrébin,tier_6,REVIEW_TIER,,urbanization,TIER,REVIEW,MEDIUM,ABSTRACT,—,"bâtiment:building_construction_sector, bâtiment:building_urban_center","Nœud de compatibilité très abstrait (secteur de construction + centre urbain); il ne doit pas transformer une société pastorale, mobile ou un TAG postérieur en économie urbaine de type XIXe siècle.",https://www.cambridge.org/core/books/history-of-algeria/ecologies-societies-cultures-and-the-state-15161830/6C59DEAD9F70913EC060EDD1465FA6A5,https://www.cambridge.org/core/books/abs/cambridge-history-of-islam/north-africa-in-the-sixteenth-and-seventeenth-centuries/4B2F63A65160CF588F520BEE5F57AC87
AJR,Ajuran,Africa,Corne de l’Afrique et hauts plateaux éthiopiens,tier_6,KEEP_TIER,,improved_husbandry,TIER,KEEP,MEDIUM,ESTABLISHED,—,"bâtiment:building_banana_plantation, bâtiment:building_coffee_plantation, bâtiment:building_dye_plantation, bâtiment:building_livestock_ranch, bâtiment:building_maize_farm, bâtiment:building_millet_farm, bâtiment:building_opium…","Agriculture et/ou élevage sont structurants dans ce territoire en 1776; le nœud sert ici de socle agricole et pastoral, sans supposer une « révolution agricole » européenne.",https://82nd-and-fifth.metmuseum.org/toah/ht/09/afa.html,https://www.cambridge.org/core/books/abs/cambridge-history-of-africa/east-africa-the-expansion-of-commerce/8AE31B68FFE6ED0C29991E89FAB01006
AJR,Ajuran,Africa,Corne de l’Afrique et hauts plateaux éthiopiens,tier_6,KEEP_TIER,,urbanization,TIER,KEEP,MEDIUM,ABSTRACT,—,"bâtiment:building_construction_sector, bâtiment:building_urban_center","Conserver uniquement comme abstraction de bourgs, marchés, construction et concentration de population; ne pas lire ce nœud comme une urbanisation industrielle.",https://82nd-and-fifth.metmuseum.org/toah/ht/09/afa.html,https://www.cambridge.org/core/books/abs/cambridge-history-of-africa/east-africa-the-expansion-of-commerce/8AE31B68FFE6ED0C29991E89FAB01006
ANK,Ankole,Africa,Grands Lacs et plateau est-africain,tier_6,KEEP_TIER,,improved_husbandry,TIER,KEEP,MEDIUM,ESTABLISHED,—,"bâtiment:building_banana_plantation, bâtiment:building_coffee_plantation, bâtiment:building_dye_plantation, bâtiment:building_livestock_ranch, bâtiment:building_maize_farm, bâtiment:building_millet_farm, bâtiment:building_opium…","Agriculture et/ou élevage sont structurants dans ce territoire en 1776; le nœud sert ici de socle agricole et pastoral, sans supposer une « révolution agricole » européenne.",https://82nd-and-fifth.metmuseum.org/toah/ht/09/afa.html,https://www.cambridge.org/core/books/abs/cambridge-history-of-africa/east-africa-the-expansion-of-commerce/8AE31B68FFE6ED0C29991E89FAB01006
ANK,Ankole,Africa,Grands Lacs et plateau est-africain,tier_6,KEEP_TIER,,urbanization,TIER,KEEP,MEDIUM,ABSTRACT,—,"bâtiment:building_construction_sector, bâtiment:building_urban_center","Conserver uniquement comme abstraction de bourgs, marchés, construction et concentration de population; ne pas lire ce nœud comme une urbanisation industrielle.",https://82nd-and-fifth.metmuseum.org/toah/ht/09/afa.html,https://www.cambridge.org/core/books/abs/cambridge-history-of-africa/east-africa-the-expansion-of-commerce/8AE31B68FFE6ED0C29991E89FAB01006
ANU,Anuak,Africa,Grands Lacs et plateau est-africain,tier_7,REPLACE_WITH_EXPLICIT_SETUP,,improved_husbandry,ABSENT,ADD,MEDIUM,ESTABLISHED,—,"bâtiment:building_banana_plantation, bâtiment:building_coffee_plantation, bâtiment:building_dye_plantation, bâtiment:building_livestock_ranch, bâtiment:building_maize_farm, bâtiment:building_millet_farm, bâtiment:building_opium…",Le tier 7 vide efface une capacité agricole et/ou pastorale locale attestée à l’échelle de la sous-région; ADD restaure un socle de production sans attribuer une industrialisation européenne.,https://82nd-and-fifth.metmuseum.org/toah/ht/09/afa.html,https://www.cambridge.org/core/books/abs/cambridge-history-of-africa/east-africa-the-expansion-of-commerce/8AE31B68FFE6ED0C29991E89FAB01006
ARS,Arsiland,Africa,Corne de l’Afrique et hauts plateaux éthiopiens,tier_5,REPLACE_WITH_EXPLICIT_SETUP,,codified_practical_knowledge,TIER,KEEP,MEDIUM,ABSTRACT,"Missing direct prerequisite(s): institutionalized_scientific_exchange, periodical_print_networks. Do not auto-add; either tolerate tree abstraction or revise this child in synthesis.",nœud sans déblocage direct majeur,"Pratiques artisanales, administratives et savoirs codifiés/oraux existent, mais le nœud agrège plusieurs formes de transmission; conserver sans ajouter automatiquement ses prérequis européens.",https://82nd-and-fifth.metmuseum.org/toah/ht/09/afa.html,https://www.cambridge.org/core/books/abs/cambridge-history-of-africa/east-africa-the-expansion-of-commerce/8AE31B68FFE6ED0C29991E89FAB01006
ARS,Arsiland,Africa,Corne de l’Afrique et hauts plateaux éthiopiens,tier_5,REPLACE_WITH_EXPLICIT_SETUP,,improved_husbandry,TIER,KEEP,MEDIUM,ESTABLISHED,—,"bâtiment:building_banana_plantation, bâtiment:building_coffee_plantation, bâtiment:building_dye_plantation, bâtiment:building_livestock_ranch, bâtiment:building_maize_farm, bâtiment:building_millet_farm, bâtiment:building_opium…","Agriculture et/ou élevage sont structurants dans ce territoire en 1776; le nœud sert ici de socle agricole et pastoral, sans supposer une « révolution agricole » européenne.",https://82nd-and-fifth.metmuseum.org/toah/ht/09/afa.html,https://www.cambridge.org/core/books/abs/cambridge-history-of-africa/east-africa-the-expansion-of-commerce/8AE31B68FFE6ED0C29991E89FAB01006
ARS,Arsiland,Africa,Corne de l’Afrique et hauts plateaux éthiopiens,tier_5,REPLACE_WITH_EXPLICIT_SETUP,,international_relations,EXPLICIT,KEEP,MEDIUM,ESTABLISHED,—,nœud sans déblocage direct majeur,"Commerce longue distance, diplomatie, tribut et relations interétatiques/avec des négociants étrangers rendent ce nœud plausible comme capacité politique.",https://82nd-and-fifth.metmuseum.org/toah/ht/09/afa.html,https://www.cambridge.org/core/books/abs/cambridge-history-of-africa/east-africa-the-expansion-of-commerce/8AE31B68FFE6ED0C29991E89FAB01006
ARS,Arsiland,Africa,Corne de l’Afrique et hauts plateaux éthiopiens,tier_5,REPLACE_WITH_EXPLICIT_SETUP,,organized_textile_production,TIER,KEEP,MEDIUM,ESTABLISHED,—,"PM:pm_craftsman_sewing, bâtiment:building_textile_mill",Filage/tissage et production textile organisée sont attestés dans la sous-région; le bâtiment de manufacture reste une abstraction de proto-industrie et d’artisanat spécialisé.,https://82nd-and-fifth.metmuseum.org/toah/ht/09/afa.html,https://www.cambridge.org/core/books/abs/cambridge-history-of-africa/east-africa-the-expansion-of-commerce/8AE31B68FFE6ED0C29991E89FAB01006
ARS,Arsiland,Africa,Corne de l’Afrique et hauts plateaux éthiopiens,tier_5,REPLACE_WITH_EXPLICIT_SETUP,,shaft_mining,TIER,REVIEW,MEDIUM,ABSTRACT,—,"bâtiment:building_coal_mine, bâtiment:building_copper_mine, bâtiment:building_iron_mine, bâtiment:building_lead_mine, bâtiment:building_limestone_quarry, bâtiment:building_salt_mine, bâtiment:building_sulfur_mine, décret:decree…","Extraction minière et métallurgie existent dans plusieurs sociétés africaines, mais le nœud déverrouille un ensemble de mines à puits; il ne faut pas confondre métallurgie du fer, orpaillage ou carrières avec ce paquet gameplay.",https://82nd-and-fifth.metmuseum.org/toah/ht/09/afa.html,https://www.cambridge.org/core/books/abs/cambridge-history-of-africa/east-africa-the-expansion-of-commerce/8AE31B68FFE6ED0C29991E89FAB01006
ARS,Arsiland,Africa,Corne de l’Afrique et hauts plateaux éthiopiens,tier_5,REPLACE_WITH_EXPLICIT_SETUP,,systematic_administrative_statistics,TIER,REVIEW,MEDIUM,ABSTRACT,—,"bâtiment:building_government_administration, décret:decree_emergency_relief, décret:decree_road_maintenance","Le nœud représente à la fois administration, capacité fiscale, incorporation et statistiques d’État. Fiscalité/tribut peuvent être attestés sans justifier une statistique administrative systématique.",https://82nd-and-fifth.metmuseum.org/toah/ht/09/afa.html,https://www.cambridge.org/core/books/abs/cambridge-history-of-africa/east-africa-the-expansion-of-commerce/8AE31B68FFE6ED0C29991E89FAB01006
ARS,Arsiland,Africa,Corne de l’Afrique et hauts plateaux éthiopiens,tier_5,REPLACE_WITH_EXPLICIT_SETUP,,urbanization,TIER,KEEP,MEDIUM,ABSTRACT,—,"bâtiment:building_construction_sector, bâtiment:building_urban_center","Conserver uniquement comme abstraction de bourgs, marchés, construction et concentration de population; ne pas lire ce nœud comme une urbanisation industrielle.",https://82nd-and-fifth.metmuseum.org/toah/ht/09/afa.html,https://www.cambridge.org/core/books/abs/cambridge-history-of-africa/east-africa-the-expansion-of-commerce/8AE31B68FFE6ED0C29991E89FAB01006
ASH,Ashanti,Africa,Golfe de Guinée et forêts ouest-africaines,tier_6,REPLACE_WITH_EXPLICIT_SETUP,,improved_husbandry,TIER,KEEP,MEDIUM,ESTABLISHED,—,"bâtiment:building_banana_plantation, bâtiment:building_coffee_plantation, bâtiment:building_dye_plantation, bâtiment:building_livestock_ranch, bâtiment:building_maize_farm, bâtiment:building_millet_farm, bâtiment:building_opium…","Agriculture et/ou élevage sont structurants dans ce territoire en 1776; le nœud sert ici de socle agricole et pastoral, sans supposer une « révolution agricole » européenne.",https://www.cambridge.org/core/journals/africa/article/abs/financing-of-the-ashanti-expansion-17001820/D6DBF0405E655EE438E72591646E2D14,https://www.cambridge.org/core/journals/journal-of-african-history/article/abs/ashanti-question-and-the-british-eighteenthcentury-origins/31ECA3E746C70147090FCA23AF454AC4
ASH,Ashanti,Africa,Golfe de Guinée et forêts ouest-africaines,tier_6,REPLACE_WITH_EXPLICIT_SETUP,,international_relations,EXPLICIT,KEEP,MEDIUM,ESTABLISHED,—,nœud sans déblocage direct majeur,"Commerce longue distance, diplomatie, tribut et relations interétatiques/avec des négociants étrangers rendent ce nœud plausible comme capacité politique.",https://www.cambridge.org/core/journals/africa/article/abs/financing-of-the-ashanti-expansion-17001820/D6DBF0405E655EE438E72591646E2D14,https://www.cambridge.org/core/journals/journal-of-african-history/article/abs/ashanti-question-and-the-british-eighteenthcentury-origins/31ECA3E746C70147090FCA23AF454AC4
ASH,Ashanti,Africa,Golfe de Guinée et forêts ouest-africaines,tier_6,REPLACE_WITH_EXPLICIT_SETUP,,urbanization,TIER,KEEP,MEDIUM,ABSTRACT,—,"bâtiment:building_construction_sector, bâtiment:building_urban_center","Conserver uniquement comme abstraction de bourgs, marchés, construction et concentration de population; ne pas lire ce nœud comme une urbanisation industrielle.",https://www.cambridge.org/core/journals/africa/article/abs/financing-of-the-ashanti-expansion-17001820/D6DBF0405E655EE438E72591646E2D14,https://www.cambridge.org/core/journals/journal-of-african-history/article/abs/ashanti-question-and-the-british-eighteenthcentury-origins/31ECA3E746C70147090FCA23AF454AC4
ASH,Ashanti,Africa,Golfe de Guinée et forêts ouest-africaines,tier_6,REPLACE_WITH_EXPLICIT_SETUP,,codified_practical_knowledge,ABSENT,ADD,MEDIUM,ABSTRACT,"Missing direct prerequisite(s): institutionalized_scientific_exchange, periodical_print_networks. Do not auto-add; either tolerate tree abstraction or revise this child in synthesis.",nœud sans déblocage direct majeur,"Institutions de cour, métiers spécialisés et transmission technique structurée rendent le nœud plausible comme abstraction locale; ne pas ajouter automatiquement ses parents.",https://www.cambridge.org/core/journals/africa/article/abs/financing-of-the-ashanti-expansion-17001820/D6DBF0405E655EE438E72591646E2D14,https://www.cambridge.org/core/journals/journal-of-african-history/article/abs/ashanti-question-and-the-british-eighteenthcentury-origins/31ECA3E746C70147090FCA23AF454AC4
ASH,Ashanti,Africa,Golfe de Guinée et forêts ouest-africaines,tier_6,REPLACE_WITH_EXPLICIT_SETUP,,organized_textile_production,ABSENT,ADD,MEDIUM,ESTABLISHED,—,"PM:pm_craftsman_sewing, bâtiment:building_textile_mill","Tissage/production textile spécialisée est une capacité propre attestée; le nœud est utilisé comme abstraction de proto-industrie artisanale, pas d’usine mécanisée.",https://www.cambridge.org/core/journals/africa/article/abs/financing-of-the-ashanti-expansion-17001820/D6DBF0405E655EE438E72591646E2D14,https://www.cambridge.org/core/journals/journal-of-african-history/article/abs/ashanti-question-and-the-british-eighteenthcentury-origins/31ECA3E746C70147090FCA23AF454AC4
ASH,Ashanti,Africa,Golfe de Guinée et forêts ouest-africaines,tier_6,REPLACE_WITH_EXPLICIT_SETUP,,regulated_small_arms,ABSENT,REVIEW,HIGH,SECTORAL,Missing direct prerequisite(s): scientific_fortification_siegecraft. Do not auto-add; either tolerate tree abstraction or revise this child in synthesis.,"bâtiment:building_arms_industry, bâtiment:building_artillery_foundry","Les armes à feu sont massivement importées et le gunpowder/réparation peuvent être locaux, mais la fabrication locale d’armes reste limitée: le nœud ouvre une industrie d’armes et ne doit pas être ajouté automatiquement.",https://www.cambridge.org/core/journals/africa/article/abs/financing-of-the-ashanti-expansion-17001820/D6DBF0405E655EE438E72591646E2D14,https://www.cambridge.org/core/journals/journal-of-african-history/article/abs/ashanti-question-and-the-british-eighteenthcentury-origins/31ECA3E746C70147090FCA23AF454AC4
ASH,Ashanti,Africa,Golfe de Guinée et forêts ouest-africaines,tier_6,REPLACE_WITH_EXPLICIT_SETUP,,shaft_mining,ABSENT,REVIEW,MEDIUM,SECTORAL,—,"bâtiment:building_coal_mine, bâtiment:building_copper_mine, bâtiment:building_iron_mine, bâtiment:building_lead_mine, bâtiment:building_limestone_quarry, bâtiment:building_salt_mine, bâtiment:building_sulfur_mine, décret:decree…","L’or est central dans l’économie ashanti, mais le nœud “shaft_mining” déverrouille un paquet générique de mines; vérifier la correspondance exacte entre extraction aurifère locale et technologie gameplay.",https://www.cambridge.org/core/journals/africa/article/abs/financing-of-the-ashanti-expansion-17001820/D6DBF0405E655EE438E72591646E2D14,https://www.cambridge.org/core/journals/journal-of-african-history/article/abs/ashanti-question-and-the-british-eighteenthcentury-origins/31ECA3E746C70147090FCA23AF454AC4
ASH,Ashanti,Africa,Golfe de Guinée et forêts ouest-africaines,tier_6,REPLACE_WITH_EXPLICIT_SETUP,,systematic_administrative_statistics,ABSENT,ADD,MEDIUM,SECTORAL,—,"bâtiment:building_government_administration, décret:decree_emergency_relief, décret:decree_road_maintenance","Tribut, droits de cour, taxes liées au commerce/armes et appareil royal donnent un fondement local à la capacité fiscale/administrative du nœud; ADD reste sectoriel et ne signifie pas statistiques modernes.",https://www.cambridge.org/core/journals/africa/article/abs/financing-of-the-ashanti-expansion-17001820/D6DBF0405E655EE438E72591646E2D14,https://www.cambridge.org/core/journals/journal-of-african-history/article/abs/ashanti-question-and-the-british-eighteenthcentury-origins/31ECA3E746C70147090FCA23AF454AC4
ATR,Kel Ataram,Africa,Sahel et Soudan occidental,tier_6,REVIEW_TIER,,improved_husbandry,TIER,KEEP,MEDIUM,ESTABLISHED,—,"bâtiment:building_banana_plantation, bâtiment:building_coffee_plantation, bâtiment:building_dye_plantation, bâtiment:building_livestock_ranch, bâtiment:building_maize_farm, bâtiment:building_millet_farm, bâtiment:building_opium…","Agriculture et/ou élevage sont structurants dans ce territoire en 1776; le nœud sert ici de socle agricole et pastoral, sans supposer une « révolution agricole » européenne.",https://www.metmuseum.org/fr/essays/the-age-of-iron-in-west-africa,https://www.cambridge.org/core/journals/journal-of-african-history/article/abs/import-of-firearms-into-west-africa-in-the-eighteenth-century/84E8BF080DACF066CC957D56271DC721
ATR,Kel Ataram,Africa,Sahel et Soudan occidental,tier_6,REVIEW_TIER,,urbanization,TIER,REVIEW,MEDIUM,ABSTRACT,—,"bâtiment:building_construction_sector, bâtiment:building_urban_center","Nœud de compatibilité très abstrait (secteur de construction + centre urbain); il ne doit pas transformer une société pastorale, mobile ou un TAG postérieur en économie urbaine de type XIXe siècle.",https://www.metmuseum.org/fr/essays/the-age-of-iron-in-west-africa,https://www.cambridge.org/core/journals/journal-of-african-history/article/abs/import-of-firearms-into-west-africa-in-the-eighteenth-century/84E8BF080DACF066CC957D56271DC721
AUL,Aulihan,Africa,Corne de l’Afrique et hauts plateaux éthiopiens,tier_6,REVIEW_TIER,,improved_husbandry,TIER,KEEP,MEDIUM,ESTABLISHED,—,"bâtiment:building_banana_plantation, bâtiment:building_coffee_plantation, bâtiment:building_dye_plantation, bâtiment:building_livestock_ranch, bâtiment:building_maize_farm, bâtiment:building_millet_farm, bâtiment:building_opium…","Agriculture et/ou élevage sont structurants dans ce territoire en 1776; le nœud sert ici de socle agricole et pastoral, sans supposer une « révolution agricole » européenne.",https://82nd-and-fifth.metmuseum.org/toah/ht/09/afa.html,https://www.cambridge.org/core/books/abs/cambridge-history-of-africa/east-africa-the-expansion-of-commerce/8AE31B68FFE6ED0C29991E89FAB01006
AUL,Aulihan,Africa,Corne de l’Afrique et hauts plateaux éthiopiens,tier_6,REVIEW_TIER,,urbanization,TIER,REVIEW,MEDIUM,ABSTRACT,—,"bâtiment:building_construction_sector, bâtiment:building_urban_center","Nœud de compatibilité très abstrait (secteur de construction + centre urbain); il ne doit pas transformer une société pastorale, mobile ou un TAG postérieur en économie urbaine de type XIXe siècle.",https://82nd-and-fifth.metmuseum.org/toah/ht/09/afa.html,https://www.cambridge.org/core/books/abs/cambridge-history-of-africa/east-africa-the-expansion-of-commerce/8AE31B68FFE6ED0C29991E89FAB01006
AWS,Aussa,Africa,Corne de l’Afrique et hauts plateaux éthiopiens,tier_5,REPLACE_WITH_EXPLICIT_SETUP,,codified_practical_knowledge,TIER,KEEP,MEDIUM,ABSTRACT,"Missing direct prerequisite(s): institutionalized_scientific_exchange, periodical_print_networks. Do not auto-add; either tolerate tree abstraction or revise this child in synthesis.",nœud sans déblocage direct majeur,"Pratiques artisanales, administratives et savoirs codifiés/oraux existent, mais le nœud agrège plusieurs formes de transmission; conserver sans ajouter automatiquement ses prérequis européens.",https://82nd-and-fifth.metmuseum.org/toah/ht/09/afa.html,https://www.cambridge.org/core/books/abs/cambridge-history-of-africa/east-africa-the-expansion-of-commerce/8AE31B68FFE6ED0C29991E89FAB01006
AWS,Aussa,Africa,Corne de l’Afrique et hauts plateaux éthiopiens,tier_5,REPLACE_WITH_EXPLICIT_SETUP,,improved_husbandry,TIER,KEEP,MEDIUM,ESTABLISHED,—,"bâtiment:building_banana_plantation, bâtiment:building_coffee_plantation, bâtiment:building_dye_plantation, bâtiment:building_livestock_ranch, bâtiment:building_maize_farm, bâtiment:building_millet_farm, bâtiment:building_opium…","Agriculture et/ou élevage sont structurants dans ce territoire en 1776; le nœud sert ici de socle agricole et pastoral, sans supposer une « révolution agricole » européenne.",https://82nd-and-fifth.metmuseum.org/toah/ht/09/afa.html,https://www.cambridge.org/core/books/abs/cambridge-history-of-africa/east-africa-the-expansion-of-commerce/8AE31B68FFE6ED0C29991E89FAB01006
AWS,Aussa,Africa,Corne de l’Afrique et hauts plateaux éthiopiens,tier_5,REPLACE_WITH_EXPLICIT_SETUP,,international_relations,EXPLICIT,KEEP,MEDIUM,ESTABLISHED,—,nœud sans déblocage direct majeur,"Commerce longue distance, diplomatie, tribut et relations interétatiques/avec des négociants étrangers rendent ce nœud plausible comme capacité politique.",https://82nd-and-fifth.metmuseum.org/toah/ht/09/afa.html,https://www.cambridge.org/core/books/abs/cambridge-history-of-africa/east-africa-the-expansion-of-commerce/8AE31B68FFE6ED0C29991E89FAB01006
AWS,Aussa,Africa,Corne de l’Afrique et hauts plateaux éthiopiens,tier_5,REPLACE_WITH_EXPLICIT_SETUP,,organized_textile_production,TIER,KEEP,MEDIUM,ESTABLISHED,—,"PM:pm_craftsman_sewing, bâtiment:building_textile_mill",Filage/tissage et production textile organisée sont attestés dans la sous-région; le bâtiment de manufacture reste une abstraction de proto-industrie et d’artisanat spécialisé.,https://82nd-and-fifth.metmuseum.org/toah/ht/09/afa.html,https://www.cambridge.org/core/books/abs/cambridge-history-of-africa/east-africa-the-expansion-of-commerce/8AE31B68FFE6ED0C29991E89FAB01006
AWS,Aussa,Africa,Corne de l’Afrique et hauts plateaux éthiopiens,tier_5,REPLACE_WITH_EXPLICIT_SETUP,,shaft_mining,TIER,REVIEW,MEDIUM,ABSTRACT,—,"bâtiment:building_coal_mine, bâtiment:building_copper_mine, bâtiment:building_iron_mine, bâtiment:building_lead_mine, bâtiment:building_limestone_quarry, bâtiment:building_salt_mine, bâtiment:building_sulfur_mine, décret:decree…","Extraction minière et métallurgie existent dans plusieurs sociétés africaines, mais le nœud déverrouille un ensemble de mines à puits; il ne faut pas confondre métallurgie du fer, orpaillage ou carrières avec ce paquet gameplay.",https://82nd-and-fifth.metmuseum.org/toah/ht/09/afa.html,https://www.cambridge.org/core/books/abs/cambridge-history-of-africa/east-africa-the-expansion-of-commerce/8AE31B68FFE6ED0C29991E89FAB01006
AWS,Aussa,Africa,Corne de l’Afrique et hauts plateaux éthiopiens,tier_5,REPLACE_WITH_EXPLICIT_SETUP,,systematic_administrative_statistics,TIER,REVIEW,MEDIUM,ABSTRACT,—,"bâtiment:building_government_administration, décret:decree_emergency_relief, décret:decree_road_maintenance","Le nœud représente à la fois administration, capacité fiscale, incorporation et statistiques d’État. Fiscalité/tribut peuvent être attestés sans justifier une statistique administrative systématique.",https://82nd-and-fifth.metmuseum.org/toah/ht/09/afa.html,https://www.cambridge.org/core/books/abs/cambridge-history-of-africa/east-africa-the-expansion-of-commerce/8AE31B68FFE6ED0C29991E89FAB01006
AWS,Aussa,Africa,Corne de l’Afrique et hauts plateaux éthiopiens,tier_5,REPLACE_WITH_EXPLICIT_SETUP,,urbanization,TIER,KEEP,MEDIUM,ABSTRACT,—,"bâtiment:building_construction_sector, bâtiment:building_urban_center","Conserver uniquement comme abstraction de bourgs, marchés, construction et concentration de population; ne pas lire ce nœud comme une urbanisation industrielle.",https://82nd-and-fifth.metmuseum.org/toah/ht/09/afa.html,https://www.cambridge.org/core/books/abs/cambridge-history-of-africa/east-africa-the-expansion-of-commerce/8AE31B68FFE6ED0C29991E89FAB01006
AYI,Anyi,Africa,Golfe de Guinée et forêts ouest-africaines,tier_7,REPLACE_WITH_EXPLICIT_SETUP,,improved_husbandry,ABSENT,ADD,MEDIUM,ESTABLISHED,—,"bâtiment:building_banana_plantation, bâtiment:building_coffee_plantation, bâtiment:building_dye_plantation, bâtiment:building_livestock_ranch, bâtiment:building_maize_farm, bâtiment:building_millet_farm, bâtiment:building_opium…",Le tier 7 vide efface une capacité agricole et/ou pastorale locale attestée à l’échelle de la sous-région; ADD restaure un socle de production sans attribuer une industrialisation européenne.,https://www.metmuseum.org/fr/essays/the-age-of-iron-in-west-africa,https://www.cambridge.org/core/journals/journal-of-african-history/article/abs/import-of-firearms-into-west-africa-in-the-eighteenth-century/84E8BF080DACF066CC957D56271DC721
BEN,Benin,Africa,Golfe de Guinée et forêts ouest-africaines,tier_5,REPLACE_WITH_EXPLICIT_SETUP,,codified_practical_knowledge,TIER,KEEP,MEDIUM,ABSTRACT,"Missing direct prerequisite(s): institutionalized_scientific_exchange, periodical_print_networks. Do not auto-add; either tolerate tree abstraction or revise this child in synthesis.",nœud sans déblocage direct majeur,"Pratiques artisanales, administratives et savoirs codifiés/oraux existent, mais le nœud agrège plusieurs formes de transmission; conserver sans ajouter automatiquement ses prérequis européens.",https://www.metmuseum.org/fr/essays/the-age-of-iron-in-west-africa,https://www.cambridge.org/core/journals/journal-of-african-history/article/abs/import-of-firearms-into-west-africa-in-the-eighteenth-century/84E8BF080DACF066CC957D56271DC721
BEN,Benin,Africa,Golfe de Guinée et forêts ouest-africaines,tier_5,REPLACE_WITH_EXPLICIT_SETUP,,improved_husbandry,TIER,KEEP,MEDIUM,ESTABLISHED,—,"bâtiment:building_banana_plantation, bâtiment:building_coffee_plantation, bâtiment:building_dye_plantation, bâtiment:building_livestock_ranch, bâtiment:building_maize_farm, bâtiment:building_millet_farm, bâtiment:building_opium…","Agriculture et/ou élevage sont structurants dans ce territoire en 1776; le nœud sert ici de socle agricole et pastoral, sans supposer une « révolution agricole » européenne.",https://www.metmuseum.org/fr/essays/the-age-of-iron-in-west-africa,https://www.cambridge.org/core/journals/journal-of-african-history/article/abs/import-of-firearms-into-west-africa-in-the-eighteenth-century/84E8BF080DACF066CC957D56271DC721
BEN,Benin,Africa,Golfe de Guinée et forêts ouest-africaines,tier_5,REPLACE_WITH_EXPLICIT_SETUP,,international_relations,EXPLICIT,KEEP,MEDIUM,ESTABLISHED,—,nœud sans déblocage direct majeur,"Commerce longue distance, diplomatie, tribut et relations interétatiques/avec des négociants étrangers rendent ce nœud plausible comme capacité politique.",https://www.metmuseum.org/fr/essays/the-age-of-iron-in-west-africa,https://www.cambridge.org/core/journals/journal-of-african-history/article/abs/import-of-firearms-into-west-africa-in-the-eighteenth-century/84E8BF080DACF066CC957D56271DC721
BEN,Benin,Africa,Golfe de Guinée et forêts ouest-africaines,tier_5,REPLACE_WITH_EXPLICIT_SETUP,,organized_textile_production,TIER,KEEP,MEDIUM,ESTABLISHED,—,"PM:pm_craftsman_sewing, bâtiment:building_textile_mill",Filage/tissage et production textile organisée sont attestés dans la sous-région; le bâtiment de manufacture reste une abstraction de proto-industrie et d’artisanat spécialisé.,https://www.metmuseum.org/fr/essays/the-age-of-iron-in-west-africa,https://www.cambridge.org/core/journals/journal-of-african-history/article/abs/import-of-firearms-into-west-africa-in-the-eighteenth-century/84E8BF080DACF066CC957D56271DC721
BEN,Benin,Africa,Golfe de Guinée et forêts ouest-africaines,tier_5,REPLACE_WITH_EXPLICIT_SETUP,,shaft_mining,TIER,REVIEW,MEDIUM,ABSTRACT,—,"bâtiment:building_coal_mine, bâtiment:building_copper_mine, bâtiment:building_iron_mine, bâtiment:building_lead_mine, bâtiment:building_limestone_quarry, bâtiment:building_salt_mine, bâtiment:building_sulfur_mine, décret:decree…","Extraction minière et métallurgie existent dans plusieurs sociétés africaines, mais le nœud déverrouille un ensemble de mines à puits; il ne faut pas confondre métallurgie du fer, orpaillage ou carrières avec ce paquet gameplay.",https://www.metmuseum.org/fr/essays/the-age-of-iron-in-west-africa,https://www.cambridge.org/core/journals/journal-of-african-history/article/abs/import-of-firearms-into-west-africa-in-the-eighteenth-century/84E8BF080DACF066CC957D56271DC721
BEN,Benin,Africa,Golfe de Guinée et forêts ouest-africaines,tier_5,REPLACE_WITH_EXPLICIT_SETUP,,systematic_administrative_statistics,TIER,KEEP,MEDIUM,SECTORAL,—,"bâtiment:building_government_administration, décret:decree_emergency_relief, décret:decree_road_maintenance",Un appareil de cour/tribut/fiscalité et des pratiques administratives structurées sont attestés; KEEP est sectoriel et ne suppose pas une statistique moderne exhaustive.,https://www.metmuseum.org/fr/essays/the-age-of-iron-in-west-africa,https://www.cambridge.org/core/journals/journal-of-african-history/article/abs/import-of-firearms-into-west-africa-in-the-eighteenth-century/84E8BF080DACF066CC957D56271DC721
BEN,Benin,Africa,Golfe de Guinée et forêts ouest-africaines,tier_5,REPLACE_WITH_EXPLICIT_SETUP,,urbanization,TIER,KEEP,MEDIUM,ABSTRACT,—,"bâtiment:building_construction_sector, bâtiment:building_urban_center","Conserver uniquement comme abstraction de bourgs, marchés, construction et concentration de population; ne pas lire ce nœud comme une urbanisation industrielle.",https://www.metmuseum.org/fr/essays/the-age-of-iron-in-west-africa,https://www.cambridge.org/core/journals/journal-of-african-history/article/abs/import-of-firearms-into-west-africa-in-the-eighteenth-century/84E8BF080DACF066CC957D56271DC721
BEN,Benin,Africa,Golfe de Guinée et forêts ouest-africaines,tier_5,REPLACE_WITH_EXPLICIT_SETUP,,regulated_small_arms,ABSENT,REVIEW,HIGH,SECTORAL,Missing direct prerequisite(s): scientific_fortification_siegecraft. Do not auto-add; either tolerate tree abstraction or revise this child in synthesis.,"bâtiment:building_arms_industry, bâtiment:building_artillery_foundry","Les armes à feu sont massivement importées et le gunpowder/réparation peuvent être locaux, mais la fabrication locale d’armes reste limitée: le nœud ouvre une industrie d’armes et ne doit pas être ajouté automatiquement.",https://www.metmuseum.org/fr/essays/the-age-of-iron-in-west-africa,https://www.cambridge.org/core/journals/journal-of-african-history/article/abs/import-of-firearms-into-west-africa-in-the-eighteenth-century/84E8BF080DACF066CC957D56271DC721
BGI,Bagirmi,Africa,Soudan central,tier_6,REPLACE_WITH_EXPLICIT_SETUP,,improved_husbandry,TIER,KEEP,MEDIUM,ESTABLISHED,—,"bâtiment:building_banana_plantation, bâtiment:building_coffee_plantation, bâtiment:building_dye_plantation, bâtiment:building_livestock_ranch, bâtiment:building_maize_farm, bâtiment:building_millet_farm, bâtiment:building_opium…","Agriculture et/ou élevage sont structurants dans ce territoire en 1776; le nœud sert ici de socle agricole et pastoral, sans supposer une « révolution agricole » européenne.",https://82nd-and-fifth.metmuseum.org/toah/ht/09/afc.html,https://www.metmuseum.org/de/essays/kingdoms-of-the-savanna-the-luba-and-lunda-empires
BGI,Bagirmi,Africa,Soudan central,tier_6,REPLACE_WITH_EXPLICIT_SETUP,,international_relations,EXPLICIT,KEEP,MEDIUM,ESTABLISHED,—,nœud sans déblocage direct majeur,"Commerce longue distance, diplomatie, tribut et relations interétatiques/avec des négociants étrangers rendent ce nœud plausible comme capacité politique.",https://82nd-and-fifth.metmuseum.org/toah/ht/09/afc.html,https://www.metmuseum.org/de/essays/kingdoms-of-the-savanna-the-luba-and-lunda-empires
BGI,Bagirmi,Africa,Soudan central,tier_6,REPLACE_WITH_EXPLICIT_SETUP,,urbanization,TIER,KEEP,MEDIUM,ABSTRACT,—,"bâtiment:building_construction_sector, bâtiment:building_urban_center","Conserver uniquement comme abstraction de bourgs, marchés, construction et concentration de population; ne pas lire ce nœud comme une urbanisation industrielle.",https://82nd-and-fifth.metmuseum.org/toah/ht/09/afc.html,https://www.metmuseum.org/de/essays/kingdoms-of-the-savanna-the-luba-and-lunda-empires
BGM,Begemder,Africa,Corne de l’Afrique et hauts plateaux éthiopiens,tier_5,REPLACE_WITH_EXPLICIT_SETUP,,codified_practical_knowledge,TIER,KEEP,MEDIUM,ABSTRACT,"Missing direct prerequisite(s): institutionalized_scientific_exchange, periodical_print_networks. Do not auto-add; either tolerate tree abstraction or revise this child in synthesis.",nœud sans déblocage direct majeur,"Pratiques artisanales, administratives et savoirs codifiés/oraux existent, mais le nœud agrège plusieurs formes de transmission; conserver sans ajouter automatiquement ses prérequis européens.",https://82nd-and-fifth.metmuseum.org/toah/ht/09/afa.html,https://www.cambridge.org/core/books/abs/cambridge-history-of-africa/east-africa-the-expansion-of-commerce/8AE31B68FFE6ED0C29991E89FAB01006
BGM,Begemder,Africa,Corne de l’Afrique et hauts plateaux éthiopiens,tier_5,REPLACE_WITH_EXPLICIT_SETUP,,improved_husbandry,TIER,KEEP,MEDIUM,ESTABLISHED,—,"bâtiment:building_banana_plantation, bâtiment:building_coffee_plantation, bâtiment:building_dye_plantation, bâtiment:building_livestock_ranch, bâtiment:building_maize_farm, bâtiment:building_millet_farm, bâtiment:building_opium…","Agriculture et/ou élevage sont structurants dans ce territoire en 1776; le nœud sert ici de socle agricole et pastoral, sans supposer une « révolution agricole » européenne.",https://82nd-and-fifth.metmuseum.org/toah/ht/09/afa.html,https://www.cambridge.org/core/books/abs/cambridge-history-of-africa/east-africa-the-expansion-of-commerce/8AE31B68FFE6ED0C29991E89FAB01006
BGM,Begemder,Africa,Corne de l’Afrique et hauts plateaux éthiopiens,tier_5,REPLACE_WITH_EXPLICIT_SETUP,,organized_textile_production,TIER,KEEP,MEDIUM,ESTABLISHED,—,"PM:pm_craftsman_sewing, bâtiment:building_textile_mill",Filage/tissage et production textile organisée sont attestés dans la sous-région; le bâtiment de manufacture reste une abstraction de proto-industrie et d’artisanat spécialisé.,https://82nd-and-fifth.metmuseum.org/toah/ht/09/afa.html,https://www.cambridge.org/core/books/abs/cambridge-history-of-africa/east-africa-the-expansion-of-commerce/8AE31B68FFE6ED0C29991E89FAB01006
BGM,Begemder,Africa,Corne de l’Afrique et hauts plateaux éthiopiens,tier_5,REPLACE_WITH_EXPLICIT_SETUP,,shaft_mining,TIER,REVIEW,MEDIUM,ABSTRACT,—,"bâtiment:building_coal_mine, bâtiment:building_copper_mine, bâtiment:building_iron_mine, bâtiment:building_lead_mine, bâtiment:building_limestone_quarry, bâtiment:building_salt_mine, bâtiment:building_sulfur_mine, décret:decree…","Extraction minière et métallurgie existent dans plusieurs sociétés africaines, mais le nœud déverrouille un ensemble de mines à puits; il ne faut pas confondre métallurgie du fer, orpaillage ou carrières avec ce paquet gameplay.",https://82nd-and-fifth.metmuseum.org/toah/ht/09/afa.html,https://www.cambridge.org/core/books/abs/cambridge-history-of-africa/east-africa-the-expansion-of-commerce/8AE31B68FFE6ED0C29991E89FAB01006
BGM,Begemder,Africa,Corne de l’Afrique et hauts plateaux éthiopiens,tier_5,REPLACE_WITH_EXPLICIT_SETUP,,systematic_administrative_statistics,TIER,REVIEW,MEDIUM,ABSTRACT,—,"bâtiment:building_government_administration, décret:decree_emergency_relief, décret:decree_road_maintenance","Le nœud représente à la fois administration, capacité fiscale, incorporation et statistiques d’État. Fiscalité/tribut peuvent être attestés sans justifier une statistique administrative systématique.",https://82nd-and-fifth.metmuseum.org/toah/ht/09/afa.html,https://www.cambridge.org/core/books/abs/cambridge-history-of-africa/east-africa-the-expansion-of-commerce/8AE31B68FFE6ED0C29991E89FAB01006
BGM,Begemder,Africa,Corne de l’Afrique et hauts plateaux éthiopiens,tier_5,REPLACE_WITH_EXPLICIT_SETUP,,urbanization,TIER,KEEP,MEDIUM,ABSTRACT,—,"bâtiment:building_construction_sector, bâtiment:building_urban_center","Conserver uniquement comme abstraction de bourgs, marchés, construction et concentration de population; ne pas lire ce nœud comme une urbanisation industrielle.",https://82nd-and-fifth.metmuseum.org/toah/ht/09/afa.html,https://www.cambridge.org/core/books/abs/cambridge-history-of-africa/east-africa-the-expansion-of-commerce/8AE31B68FFE6ED0C29991E89FAB01006
BLE,Baule,Africa,Golfe de Guinée et forêts ouest-africaines,tier_7,REPLACE_WITH_EXPLICIT_SETUP,,improved_husbandry,ABSENT,ADD,MEDIUM,ESTABLISHED,—,"bâtiment:building_banana_plantation, bâtiment:building_coffee_plantation, bâtiment:building_dye_plantation, bâtiment:building_livestock_ranch, bâtiment:building_maize_farm, bâtiment:building_millet_farm, bâtiment:building_opium…",Le tier 7 vide efface une capacité agricole et/ou pastorale locale attestée à l’échelle de la sous-région; ADD restaure un socle de production sans attribuer une industrialisation européenne.,https://www.metmuseum.org/fr/essays/the-age-of-iron-in-west-africa,https://www.cambridge.org/core/journals/journal-of-african-history/article/abs/import-of-firearms-into-west-africa-in-the-eighteenth-century/84E8BF080DACF066CC957D56271DC721
BMB,Bemba,Africa,Afrique du Sud-Est intérieure,tier_6,KEEP_TIER,,improved_husbandry,TIER,KEEP,MEDIUM,ESTABLISHED,—,"bâtiment:building_banana_plantation, bâtiment:building_coffee_plantation, bâtiment:building_dye_plantation, bâtiment:building_livestock_ranch, bâtiment:building_maize_farm, bâtiment:building_millet_farm, bâtiment:building_opium…","Agriculture et/ou élevage sont structurants dans ce territoire en 1776; le nœud sert ici de socle agricole et pastoral, sans supposer une « révolution agricole » européenne.",https://82nd-and-fifth.metmuseum.org/toah/ht/09/afa.html,https://www.cambridge.org/core/books/abs/cambridge-history-of-africa/east-africa-the-expansion-of-commerce/8AE31B68FFE6ED0C29991E89FAB01006
BMB,Bemba,Africa,Afrique du Sud-Est intérieure,tier_6,KEEP_TIER,,urbanization,TIER,KEEP,MEDIUM,ABSTRACT,—,"bâtiment:building_construction_sector, bâtiment:building_urban_center","Conserver uniquement comme abstraction de bourgs, marchés, construction et concentration de population; ne pas lire ce nœud comme une urbanisation industrielle.",https://82nd-and-fifth.metmuseum.org/toah/ht/09/afa.html,https://www.cambridge.org/core/books/abs/cambridge-history-of-africa/east-africa-the-expansion-of-commerce/8AE31B68FFE6ED0C29991E89FAB01006
BMM,Bamum,Africa,Cameroun et bassin nord-congolais,tier_6,REPLACE_WITH_EXPLICIT_SETUP,,improved_husbandry,TIER,KEEP,MEDIUM,ESTABLISHED,—,"bâtiment:building_banana_plantation, bâtiment:building_coffee_plantation, bâtiment:building_dye_plantation, bâtiment:building_livestock_ranch, bâtiment:building_maize_farm, bâtiment:building_millet_farm, bâtiment:building_opium…","Agriculture et/ou élevage sont structurants dans ce territoire en 1776; le nœud sert ici de socle agricole et pastoral, sans supposer une « révolution agricole » européenne.",https://82nd-and-fifth.metmuseum.org/toah/ht/09/afc.html,https://www.metmuseum.org/de/essays/kingdoms-of-the-savanna-the-luba-and-lunda-empires
BMM,Bamum,Africa,Cameroun et bassin nord-congolais,tier_6,REPLACE_WITH_EXPLICIT_SETUP,,urbanization,TIER,KEEP,MEDIUM,ABSTRACT,—,"bâtiment:building_construction_sector, bâtiment:building_urban_center","Conserver uniquement comme abstraction de bourgs, marchés, construction et concentration de population; ne pas lire ce nœud comme une urbanisation industrielle.",https://82nd-and-fifth.metmuseum.org/toah/ht/09/afc.html,https://www.metmuseum.org/de/essays/kingdoms-of-the-savanna-the-luba-and-lunda-empires
BND,Bundu,Africa,Sénégambie et vallée du Sénégal,tier_7,REPLACE_WITH_EXPLICIT_SETUP,,improved_husbandry,ABSENT,ADD,MEDIUM,ESTABLISHED,—,"bâtiment:building_banana_plantation, bâtiment:building_coffee_plantation, bâtiment:building_dye_plantation, bâtiment:building_livestock_ranch, bâtiment:building_maize_farm, bâtiment:building_millet_farm, bâtiment:building_opium…",Le tier 7 vide efface une capacité agricole et/ou pastorale locale attestée à l’échelle de la sous-région; ADD restaure un socle de production sans attribuer une industrialisation européenne.,https://www.metmuseum.org/fr/essays/the-age-of-iron-in-west-africa,https://www.cambridge.org/core/journals/journal-of-african-history/article/abs/import-of-firearms-into-west-africa-in-the-eighteenth-century/84E8BF080DACF066CC957D56271DC721
BNG,Bangala,Africa,Bassin du Congo et savanes centrales,tier_7,REPLACE_WITH_EXPLICIT_SETUP,,improved_husbandry,ABSENT,ADD,MEDIUM,ESTABLISHED,—,"bâtiment:building_banana_plantation, bâtiment:building_coffee_plantation, bâtiment:building_dye_plantation, bâtiment:building_livestock_ranch, bâtiment:building_maize_farm, bâtiment:building_millet_farm, bâtiment:building_opium…",Le tier 7 vide efface une capacité agricole et/ou pastorale locale attestée à l’échelle de la sous-région; ADD restaure un socle de production sans attribuer une industrialisation européenne.,https://82nd-and-fifth.metmuseum.org/toah/ht/09/afc.html,https://www.metmuseum.org/de/essays/kingdoms-of-the-savanna-the-luba-and-lunda-empires
BNY,Bunyoro,Africa,Grands Lacs et plateau est-africain,tier_6,REPLACE_WITH_EXPLICIT_SETUP,,improved_husbandry,TIER,KEEP,MEDIUM,ESTABLISHED,—,"bâtiment:building_banana_plantation, bâtiment:building_coffee_plantation, bâtiment:building_dye_plantation, bâtiment:building_livestock_ranch, bâtiment:building_maize_farm, bâtiment:building_millet_farm, bâtiment:building_opium…","Agriculture et/ou élevage sont structurants dans ce territoire en 1776; le nœud sert ici de socle agricole et pastoral, sans supposer une « révolution agricole » européenne.",https://82nd-and-fifth.metmuseum.org/toah/ht/09/afa.html,https://www.cambridge.org/core/books/abs/cambridge-history-of-africa/east-africa-the-expansion-of-commerce/8AE31B68FFE6ED0C29991E89FAB01006
BNY,Bunyoro,Africa,Grands Lacs et plateau est-africain,tier_6,REPLACE_WITH_EXPLICIT_SETUP,,urbanization,TIER,KEEP,MEDIUM,ABSTRACT,—,"bâtiment:building_construction_sector, bâtiment:building_urban_center","Conserver uniquement comme abstraction de bourgs, marchés, construction et concentration de population; ne pas lire ce nœud comme une urbanisation industrielle.",https://82nd-and-fifth.metmuseum.org/toah/ht/09/afa.html,https://www.cambridge.org/core/books/abs/cambridge-history-of-africa/east-africa-the-expansion-of-commerce/8AE31B68FFE6ED0C29991E89FAB01006
BNY,Bunyoro,Africa,Grands Lacs et plateau est-africain,tier_6,REPLACE_WITH_EXPLICIT_SETUP,,codified_practical_knowledge,ABSENT,ADD,MEDIUM,ABSTRACT,"Missing direct prerequisite(s): institutionalized_scientific_exchange, periodical_print_networks. Do not auto-add; either tolerate tree abstraction or revise this child in synthesis.",nœud sans déblocage direct majeur,"Institutions de cour, métiers spécialisés et transmission technique structurée rendent le nœud plausible comme abstraction locale; ne pas ajouter automatiquement ses parents.",https://82nd-and-fifth.metmuseum.org/toah/ht/09/afa.html,https://www.cambridge.org/core/books/abs/cambridge-history-of-africa/east-africa-the-expansion-of-commerce/8AE31B68FFE6ED0C29991E89FAB01006
BNY,Bunyoro,Africa,Grands Lacs et plateau est-africain,tier_6,REPLACE_WITH_EXPLICIT_SETUP,,international_relations,ABSENT,ADD,MEDIUM,ESTABLISHED,—,nœud sans déblocage direct majeur,"Diplomatie, tribut et/ou commerce longue distance structurés justifient une capacité de relations extérieures; elle ne présume pas une diplomatie européenne moderne.",https://82nd-and-fifth.metmuseum.org/toah/ht/09/afa.html,https://www.cambridge.org/core/books/abs/cambridge-history-of-africa/east-africa-the-expansion-of-commerce/8AE31B68FFE6ED0C29991E89FAB01006
BNY,Bunyoro,Africa,Grands Lacs et plateau est-africain,tier_6,REPLACE_WITH_EXPLICIT_SETUP,,systematic_administrative_statistics,ABSENT,REVIEW,MEDIUM,SECTORAL,—,"bâtiment:building_government_administration, décret:decree_emergency_relief, décret:decree_road_maintenance","Le royaume possède des institutions politiques et prélèvements structurés, mais la composante « statistiques d’État » du nœud est trop forte pour un ADD ferme sans preuve quantitative plus précise en 1776.",https://82nd-and-fifth.metmuseum.org/toah/ht/09/afa.html,https://www.cambridge.org/core/books/abs/cambridge-history-of-africa/east-africa-the-expansion-of-commerce/8AE31B68FFE6ED0C29991E89FAB01006
BOB,Bobangi,Africa,Bassin du Congo et savanes centrales,tier_7,REPLACE_WITH_EXPLICIT_SETUP,,improved_husbandry,ABSENT,ADD,MEDIUM,ESTABLISHED,—,"bâtiment:building_banana_plantation, bâtiment:building_coffee_plantation, bâtiment:building_dye_plantation, bâtiment:building_livestock_ranch, bâtiment:building_maize_farm, bâtiment:building_millet_farm, bâtiment:building_opium…",Le tier 7 vide efface une capacité agricole et/ou pastorale locale attestée à l’échelle de la sous-région; ADD restaure un socle de production sans attribuer une industrialisation européenne.,https://82nd-and-fifth.metmuseum.org/toah/ht/09/afc.html,https://www.metmuseum.org/de/essays/kingdoms-of-the-savanna-the-luba-and-lunda-empires
BOR,Bornu,Africa,Sahel et Soudan occidental,tier_5,REPLACE_WITH_EXPLICIT_SETUP,,codified_practical_knowledge,TIER,KEEP,MEDIUM,ABSTRACT,"Missing direct prerequisite(s): institutionalized_scientific_exchange, periodical_print_networks. Do not auto-add; either tolerate tree abstraction or revise this child in synthesis.",nœud sans déblocage direct majeur,"Pratiques artisanales, administratives et savoirs codifiés/oraux existent, mais le nœud agrège plusieurs formes de transmission; conserver sans ajouter automatiquement ses prérequis européens.",https://www.metmuseum.org/fr/essays/the-age-of-iron-in-west-africa,https://www.cambridge.org/core/journals/journal-of-african-history/article/abs/import-of-firearms-into-west-africa-in-the-eighteenth-century/84E8BF080DACF066CC957D56271DC721
BOR,Bornu,Africa,Sahel et Soudan occidental,tier_5,REPLACE_WITH_EXPLICIT_SETUP,,improved_husbandry,TIER,KEEP,MEDIUM,ESTABLISHED,—,"bâtiment:building_banana_plantation, bâtiment:building_coffee_plantation, bâtiment:building_dye_plantation, bâtiment:building_livestock_ranch, bâtiment:building_maize_farm, bâtiment:building_millet_farm, bâtiment:building_opium…","Agriculture et/ou élevage sont structurants dans ce territoire en 1776; le nœud sert ici de socle agricole et pastoral, sans supposer une « révolution agricole » européenne.",https://www.metmuseum.org/fr/essays/the-age-of-iron-in-west-africa,https://www.cambridge.org/core/journals/journal-of-african-history/article/abs/import-of-firearms-into-west-africa-in-the-eighteenth-century/84E8BF080DACF066CC957D56271DC721
BOR,Bornu,Africa,Sahel et Soudan occidental,tier_5,REPLACE_WITH_EXPLICIT_SETUP,,organized_textile_production,TIER,KEEP,MEDIUM,ESTABLISHED,—,"PM:pm_craftsman_sewing, bâtiment:building_textile_mill",Filage/tissage et production textile organisée sont attestés dans la sous-région; le bâtiment de manufacture reste une abstraction de proto-industrie et d’artisanat spécialisé.,https://www.metmuseum.org/fr/essays/the-age-of-iron-in-west-africa,https://www.cambridge.org/core/journals/journal-of-african-history/article/abs/import-of-firearms-into-west-africa-in-the-eighteenth-century/84E8BF080DACF066CC957D56271DC721
BOR,Bornu,Africa,Sahel et Soudan occidental,tier_5,REPLACE_WITH_EXPLICIT_SETUP,,shaft_mining,TIER,REVIEW,MEDIUM,ABSTRACT,—,"bâtiment:building_coal_mine, bâtiment:building_copper_mine, bâtiment:building_iron_mine, bâtiment:building_lead_mine, bâtiment:building_limestone_quarry, bâtiment:building_salt_mine, bâtiment:building_sulfur_mine, décret:decree…","Extraction minière et métallurgie existent dans plusieurs sociétés africaines, mais le nœud déverrouille un ensemble de mines à puits; il ne faut pas confondre métallurgie du fer, orpaillage ou carrières avec ce paquet gameplay.",https://www.metmuseum.org/fr/essays/the-age-of-iron-in-west-africa,https://www.cambridge.org/core/journals/journal-of-african-history/article/abs/import-of-firearms-into-west-africa-in-the-eighteenth-century/84E8BF080DACF066CC957D56271DC721
BOR,Bornu,Africa,Sahel et Soudan occidental,tier_5,REPLACE_WITH_EXPLICIT_SETUP,,systematic_administrative_statistics,TIER,KEEP,MEDIUM,SECTORAL,—,"bâtiment:building_government_administration, décret:decree_emergency_relief, décret:decree_road_maintenance",Un appareil de cour/tribut/fiscalité et des pratiques administratives structurées sont attestés; KEEP est sectoriel et ne suppose pas une statistique moderne exhaustive.,https://www.metmuseum.org/fr/essays/the-age-of-iron-in-west-africa,https://www.cambridge.org/core/journals/journal-of-african-history/article/abs/import-of-firearms-into-west-africa-in-the-eighteenth-century/84E8BF080DACF066CC957D56271DC721
BOR,Bornu,Africa,Sahel et Soudan occidental,tier_5,REPLACE_WITH_EXPLICIT_SETUP,,urbanization,TIER,KEEP,MEDIUM,ABSTRACT,—,"bâtiment:building_construction_sector, bâtiment:building_urban_center","Conserver uniquement comme abstraction de bourgs, marchés, construction et concentration de population; ne pas lire ce nœud comme une urbanisation industrielle.",https://www.metmuseum.org/fr/essays/the-age-of-iron-in-west-africa,https://www.cambridge.org/core/journals/journal-of-african-history/article/abs/import-of-firearms-into-west-africa-in-the-eighteenth-century/84E8BF080DACF066CC957D56271DC721
BOR,Bornu,Africa,Sahel et Soudan occidental,tier_5,REPLACE_WITH_EXPLICIT_SETUP,,international_relations,ABSENT,ADD,MEDIUM,ESTABLISHED,—,nœud sans déblocage direct majeur,"Diplomatie, tribut et/ou commerce longue distance structurés justifient une capacité de relations extérieures; elle ne présume pas une diplomatie européenne moderne.",https://www.metmuseum.org/fr/essays/the-age-of-iron-in-west-africa,https://www.cambridge.org/core/journals/journal-of-african-history/article/abs/import-of-firearms-into-west-africa-in-the-eighteenth-century/84E8BF080DACF066CC957D56271DC721
BRD,Burundi,Africa,Grands Lacs et plateau est-africain,tier_6,KEEP_TIER,,improved_husbandry,TIER,KEEP,MEDIUM,ESTABLISHED,—,"bâtiment:building_banana_plantation, bâtiment:building_coffee_plantation, bâtiment:building_dye_plantation, bâtiment:building_livestock_ranch, bâtiment:building_maize_farm, bâtiment:building_millet_farm, bâtiment:building_opium…","Agriculture et/ou élevage sont structurants dans ce territoire en 1776; le nœud sert ici de socle agricole et pastoral, sans supposer une « révolution agricole » européenne.",https://82nd-and-fifth.metmuseum.org/toah/ht/09/afa.html,https://www.cambridge.org/core/books/abs/cambridge-history-of-africa/east-africa-the-expansion-of-commerce/8AE31B68FFE6ED0C29991E89FAB01006
BRD,Burundi,Africa,Grands Lacs et plateau est-africain,tier_6,KEEP_TIER,,urbanization,TIER,KEEP,MEDIUM,ABSTRACT,—,"bâtiment:building_construction_sector, bâtiment:building_urban_center","Conserver uniquement comme abstraction de bourgs, marchés, construction et concentration de population; ne pas lire ce nœud comme une urbanisation industrielle.",https://82nd-and-fifth.metmuseum.org/toah/ht/09/afa.html,https://www.cambridge.org/core/books/abs/cambridge-history-of-africa/east-africa-the-expansion-of-commerce/8AE31B68FFE6ED0C29991E89FAB01006
BRG,Borgu,Africa,Golfe de Guinée et forêts ouest-africaines,tier_5,REPLACE_WITH_EXPLICIT_SETUP,,codified_practical_knowledge,TIER,KEEP,MEDIUM,ABSTRACT,"Missing direct prerequisite(s): institutionalized_scientific_exchange, periodical_print_networks. Do not auto-add; either tolerate tree abstraction or revise this child in synthesis.",nœud sans déblocage direct majeur,"Pratiques artisanales, administratives et savoirs codifiés/oraux existent, mais le nœud agrège plusieurs formes de transmission; conserver sans ajouter automatiquement ses prérequis européens.",https://www.metmuseum.org/fr/essays/the-age-of-iron-in-west-africa,https://www.cambridge.org/core/journals/journal-of-african-history/article/abs/import-of-firearms-into-west-africa-in-the-eighteenth-century/84E8BF080DACF066CC957D56271DC721
BRG,Borgu,Africa,Golfe de Guinée et forêts ouest-africaines,tier_5,REPLACE_WITH_EXPLICIT_SETUP,,improved_husbandry,TIER,KEEP,MEDIUM,ESTABLISHED,—,"bâtiment:building_banana_plantation, bâtiment:building_coffee_plantation, bâtiment:building_dye_plantation, bâtiment:building_livestock_ranch, bâtiment:building_maize_farm, bâtiment:building_millet_farm, bâtiment:building_opium…","Agriculture et/ou élevage sont structurants dans ce territoire en 1776; le nœud sert ici de socle agricole et pastoral, sans supposer une « révolution agricole » européenne.",https://www.metmuseum.org/fr/essays/the-age-of-iron-in-west-africa,https://www.cambridge.org/core/journals/journal-of-african-history/article/abs/import-of-firearms-into-west-africa-in-the-eighteenth-century/84E8BF080DACF066CC957D56271DC721
BRG,Borgu,Africa,Golfe de Guinée et forêts ouest-africaines,tier_5,REPLACE_WITH_EXPLICIT_SETUP,,international_relations,EXPLICIT,KEEP,MEDIUM,ESTABLISHED,—,nœud sans déblocage direct majeur,"Commerce longue distance, diplomatie, tribut et relations interétatiques/avec des négociants étrangers rendent ce nœud plausible comme capacité politique.",https://www.metmuseum.org/fr/essays/the-age-of-iron-in-west-africa,https://www.cambridge.org/core/journals/journal-of-african-history/article/abs/import-of-firearms-into-west-africa-in-the-eighteenth-century/84E8BF080DACF066CC957D56271DC721
BRG,Borgu,Africa,Golfe de Guinée et forêts ouest-africaines,tier_5,REPLACE_WITH_EXPLICIT_SETUP,,organized_textile_production,TIER,KEEP,MEDIUM,ESTABLISHED,—,"PM:pm_craftsman_sewing, bâtiment:building_textile_mill",Filage/tissage et production textile organisée sont attestés dans la sous-région; le bâtiment de manufacture reste une abstraction de proto-industrie et d’artisanat spécialisé.,https://www.metmuseum.org/fr/essays/the-age-of-iron-in-west-africa,https://www.cambridge.org/core/journals/journal-of-african-history/article/abs/import-of-firearms-into-west-africa-in-the-eighteenth-century/84E8BF080DACF066CC957D56271DC721
BRG,Borgu,Africa,Golfe de Guinée et forêts ouest-africaines,tier_5,REPLACE_WITH_EXPLICIT_SETUP,,shaft_mining,TIER,REVIEW,MEDIUM,ABSTRACT,—,"bâtiment:building_coal_mine, bâtiment:building_copper_mine, bâtiment:building_iron_mine, bâtiment:building_lead_mine, bâtiment:building_limestone_quarry, bâtiment:building_salt_mine, bâtiment:building_sulfur_mine, décret:decree…","Extraction minière et métallurgie existent dans plusieurs sociétés africaines, mais le nœud déverrouille un ensemble de mines à puits; il ne faut pas confondre métallurgie du fer, orpaillage ou carrières avec ce paquet gameplay.",https://www.metmuseum.org/fr/essays/the-age-of-iron-in-west-africa,https://www.cambridge.org/core/journals/journal-of-african-history/article/abs/import-of-firearms-into-west-africa-in-the-eighteenth-century/84E8BF080DACF066CC957D56271DC721
BRG,Borgu,Africa,Golfe de Guinée et forêts ouest-africaines,tier_5,REPLACE_WITH_EXPLICIT_SETUP,,systematic_administrative_statistics,TIER,REVIEW,MEDIUM,ABSTRACT,—,"bâtiment:building_government_administration, décret:decree_emergency_relief, décret:decree_road_maintenance","Le nœud représente à la fois administration, capacité fiscale, incorporation et statistiques d’État. Fiscalité/tribut peuvent être attestés sans justifier une statistique administrative systématique.",https://www.metmuseum.org/fr/essays/the-age-of-iron-in-west-africa,https://www.cambridge.org/core/journals/journal-of-african-history/article/abs/import-of-firearms-into-west-africa-in-the-eighteenth-century/84E8BF080DACF066CC957D56271DC721
BRG,Borgu,Africa,Golfe de Guinée et forêts ouest-africaines,tier_5,REPLACE_WITH_EXPLICIT_SETUP,,urbanization,TIER,KEEP,MEDIUM,ABSTRACT,—,"bâtiment:building_construction_sector, bâtiment:building_urban_center","Conserver uniquement comme abstraction de bourgs, marchés, construction et concentration de population; ne pas lire ce nœud comme une urbanisation industrielle.",https://www.metmuseum.org/fr/essays/the-age-of-iron-in-west-africa,https://www.cambridge.org/core/journals/journal-of-african-history/article/abs/import-of-firearms-into-west-africa-in-the-eighteenth-century/84E8BF080DACF066CC957D56271DC721
BRK,Brakna,Africa,Sénégambie et vallée du Sénégal,tier_6,REVIEW_TIER,,improved_husbandry,TIER,KEEP,MEDIUM,ESTABLISHED,—,"bâtiment:building_banana_plantation, bâtiment:building_coffee_plantation, bâtiment:building_dye_plantation, bâtiment:building_livestock_ranch, bâtiment:building_maize_farm, bâtiment:building_millet_farm, bâtiment:building_opium…","Agriculture et/ou élevage sont structurants dans ce territoire en 1776; le nœud sert ici de socle agricole et pastoral, sans supposer une « révolution agricole » européenne.",https://www.metmuseum.org/fr/essays/the-age-of-iron-in-west-africa,https://www.cambridge.org/core/journals/journal-of-african-history/article/abs/import-of-firearms-into-west-africa-in-the-eighteenth-century/84E8BF080DACF066CC957D56271DC721
BRK,Brakna,Africa,Sénégambie et vallée du Sénégal,tier_6,REVIEW_TIER,,urbanization,TIER,REVIEW,MEDIUM,ABSTRACT,—,"bâtiment:building_construction_sector, bâtiment:building_urban_center","Nœud de compatibilité très abstrait (secteur de construction + centre urbain); il ne doit pas transformer une société pastorale, mobile ou un TAG postérieur en économie urbaine de type XIXe siècle.",https://www.metmuseum.org/fr/essays/the-age-of-iron-in-west-africa,https://www.cambridge.org/core/journals/journal-of-african-history/article/abs/import-of-firearms-into-west-africa-in-the-eighteenth-century/84E8BF080DACF066CC957D56271DC721
BRN,Borana,Africa,Corne de l’Afrique et hauts plateaux éthiopiens,tier_7,REPLACE_WITH_EXPLICIT_SETUP,,improved_husbandry,ABSENT,ADD,MEDIUM,ESTABLISHED,—,"bâtiment:building_banana_plantation, bâtiment:building_coffee_plantation, bâtiment:building_dye_plantation, bâtiment:building_livestock_ranch, bâtiment:building_maize_farm, bâtiment:building_millet_farm, bâtiment:building_opium…",Le tier 7 vide efface une capacité agricole et/ou pastorale locale attestée à l’échelle de la sous-région; ADD restaure un socle de production sans attribuer une industrialisation européenne.,https://82nd-and-fifth.metmuseum.org/toah/ht/09/afa.html,https://www.cambridge.org/core/books/abs/cambridge-history-of-africa/east-africa-the-expansion-of-commerce/8AE31B68FFE6ED0C29991E89FAB01006
BST,Basutoland,Africa,Sotho-Tswana et Haut-Veld,tier_6,REPLACE_WITH_EXPLICIT_SETUP,,improved_husbandry,TIER,KEEP,MEDIUM,ESTABLISHED,—,"bâtiment:building_banana_plantation, bâtiment:building_coffee_plantation, bâtiment:building_dye_plantation, bâtiment:building_livestock_ranch, bâtiment:building_maize_farm, bâtiment:building_millet_farm, bâtiment:building_opium…","Agriculture et/ou élevage sont structurants dans ce territoire en 1776; le nœud sert ici de socle agricole et pastoral, sans supposer une « révolution agricole » européenne.",https://sahistory.org.za/people/king-moshoeshoe-i,https://sahistory.org.za/archive/african-farmers-southern-africa
BST,Basutoland,Africa,Sotho-Tswana et Haut-Veld,tier_6,REPLACE_WITH_EXPLICIT_SETUP,,international_relations,EXPLICIT,REVIEW,MEDIUM,ABSTRACT,—,nœud sans déblocage direct majeur,"Relations entre chefferies et réseaux commerciaux existent, mais l’entité politique portée par le TAG est postérieure ou en formation; ne pas projeter sa diplomatie ultérieure en 1776.",https://sahistory.org.za/people/king-moshoeshoe-i,https://sahistory.org.za/archive/african-farmers-southern-africa
BST,Basutoland,Africa,Sotho-Tswana et Haut-Veld,tier_6,REPLACE_WITH_EXPLICIT_SETUP,,urbanization,TIER,REVIEW,MEDIUM,ABSTRACT,—,"bâtiment:building_construction_sector, bâtiment:building_urban_center","Nœud de compatibilité très abstrait (secteur de construction + centre urbain); il ne doit pas transformer une société pastorale, mobile ou un TAG postérieur en économie urbaine de type XIXe siècle.",https://sahistory.org.za/people/king-moshoeshoe-i,https://sahistory.org.za/archive/african-farmers-southern-africa
BUG,Buganda,Africa,Grands Lacs et plateau est-africain,tier_6,REPLACE_WITH_EXPLICIT_SETUP,,improved_husbandry,TIER,KEEP,MEDIUM,ESTABLISHED,—,"bâtiment:building_banana_plantation, bâtiment:building_coffee_plantation, bâtiment:building_dye_plantation, bâtiment:building_livestock_ranch, bâtiment:building_maize_farm, bâtiment:building_millet_farm, bâtiment:building_opium…","Agriculture et/ou élevage sont structurants dans ce territoire en 1776; le nœud sert ici de socle agricole et pastoral, sans supposer une « révolution agricole » européenne.",https://82nd-and-fifth.metmuseum.org/toah/ht/09/afa.html,https://www.cambridge.org/core/books/abs/cambridge-history-of-africa/east-africa-the-expansion-of-commerce/8AE31B68FFE6ED0C29991E89FAB01006
BUG,Buganda,Africa,Grands Lacs et plateau est-africain,tier_6,REPLACE_WITH_EXPLICIT_SETUP,,urbanization,TIER,KEEP,MEDIUM,ABSTRACT,—,"bâtiment:building_construction_sector, bâtiment:building_urban_center","Conserver uniquement comme abstraction de bourgs, marchés, construction et concentration de population; ne pas lire ce nœud comme une urbanisation industrielle.",https://82nd-and-fifth.metmuseum.org/toah/ht/09/afa.html,https://www.cambridge.org/core/books/abs/cambridge-history-of-africa/east-africa-the-expansion-of-commerce/8AE31B68FFE6ED0C29991E89FAB01006
BUG,Buganda,Africa,Grands Lacs et plateau est-africain,tier_6,REPLACE_WITH_EXPLICIT_SETUP,,codified_practical_knowledge,ABSENT,ADD,MEDIUM,ABSTRACT,"Missing direct prerequisite(s): institutionalized_scientific_exchange, periodical_print_networks. Do not auto-add; either tolerate tree abstraction or revise this child in synthesis.",nœud sans déblocage direct majeur,"Institutions de cour, métiers spécialisés et transmission technique structurée rendent le nœud plausible comme abstraction locale; ne pas ajouter automatiquement ses parents.",https://82nd-and-fifth.metmuseum.org/toah/ht/09/afa.html,https://www.cambridge.org/core/books/abs/cambridge-history-of-africa/east-africa-the-expansion-of-commerce/8AE31B68FFE6ED0C29991E89FAB01006
BUG,Buganda,Africa,Grands Lacs et plateau est-africain,tier_6,REPLACE_WITH_EXPLICIT_SETUP,,international_relations,ABSENT,ADD,MEDIUM,ESTABLISHED,—,nœud sans déblocage direct majeur,"Diplomatie, tribut et/ou commerce longue distance structurés justifient une capacité de relations extérieures; elle ne présume pas une diplomatie européenne moderne.",https://82nd-and-fifth.metmuseum.org/toah/ht/09/afa.html,https://www.cambridge.org/core/books/abs/cambridge-history-of-africa/east-africa-the-expansion-of-commerce/8AE31B68FFE6ED0C29991E89FAB01006
BUG,Buganda,Africa,Grands Lacs et plateau est-africain,tier_6,REPLACE_WITH_EXPLICIT_SETUP,,systematic_administrative_statistics,ABSENT,REVIEW,MEDIUM,SECTORAL,—,"bâtiment:building_government_administration, décret:decree_emergency_relief, décret:decree_road_maintenance","Le royaume possède des institutions politiques et prélèvements structurés, mais la composante « statistiques d’État » du nœud est trop forte pour un ADD ferme sans preuve quantitative plus précise en 1776.",https://82nd-and-fifth.metmuseum.org/toah/ht/09/afa.html,https://www.cambridge.org/core/books/abs/cambridge-history-of-africa/east-africa-the-expansion-of-commerce/8AE31B68FFE6ED0C29991E89FAB01006
CAY,Cayor,Africa,Sénégambie et vallée du Sénégal,tier_7,REPLACE_WITH_EXPLICIT_SETUP,,improved_husbandry,ABSENT,ADD,MEDIUM,ESTABLISHED,—,"bâtiment:building_banana_plantation, bâtiment:building_coffee_plantation, bâtiment:building_dye_plantation, bâtiment:building_livestock_ranch, bâtiment:building_maize_farm, bâtiment:building_millet_farm, bâtiment:building_opium…",Le tier 7 vide efface une capacité agricole et/ou pastorale locale attestée à l’échelle de la sous-région; ADD restaure un socle de production sans attribuer une industrialisation européenne.,https://www.metmuseum.org/fr/essays/the-age-of-iron-in-west-africa,https://www.cambridge.org/core/journals/journal-of-african-history/article/abs/import-of-firearms-into-west-africa-in-the-eighteenth-century/84E8BF080DACF066CC957D56271DC721
CHK,Chokwe,Africa,Bassin du Congo et savanes centrales,tier_6,KEEP_TIER,,improved_husbandry,TIER,KEEP,MEDIUM,ESTABLISHED,—,"bâtiment:building_banana_plantation, bâtiment:building_coffee_plantation, bâtiment:building_dye_plantation, bâtiment:building_livestock_ranch, bâtiment:building_maize_farm, bâtiment:building_millet_farm, bâtiment:building_opium…","Agriculture et/ou élevage sont structurants dans ce territoire en 1776; le nœud sert ici de socle agricole et pastoral, sans supposer une « révolution agricole » européenne.",https://82nd-and-fifth.metmuseum.org/toah/ht/09/afc.html,https://www.metmuseum.org/de/essays/kingdoms-of-the-savanna-the-luba-and-lunda-empires
CHK,Chokwe,Africa,Bassin du Congo et savanes centrales,tier_6,KEEP_TIER,,urbanization,TIER,KEEP,MEDIUM,ABSTRACT,—,"bâtiment:building_construction_sector, bâtiment:building_urban_center","Conserver uniquement comme abstraction de bourgs, marchés, construction et concentration de population; ne pas lire ce nœud comme une urbanisation industrielle.",https://82nd-and-fifth.metmuseum.org/toah/ht/09/afc.html,https://www.metmuseum.org/de/essays/kingdoms-of-the-savanna-the-luba-and-lunda-empires
CMB,Chaamba,Africa,Sahara maghrébin,tier_6,REVIEW_TIER,,improved_husbandry,TIER,KEEP,MEDIUM,ESTABLISHED,—,"bâtiment:building_banana_plantation, bâtiment:building_coffee_plantation, bâtiment:building_dye_plantation, bâtiment:building_livestock_ranch, bâtiment:building_maize_farm, bâtiment:building_millet_farm, bâtiment:building_opium…","Agriculture et/ou élevage sont structurants dans ce territoire en 1776; le nœud sert ici de socle agricole et pastoral, sans supposer une « révolution agricole » européenne.",https://www.cambridge.org/core/books/history-of-algeria/ecologies-societies-cultures-and-the-state-15161830/6C59DEAD9F70913EC060EDD1465FA6A5,https://www.cambridge.org/core/books/abs/cambridge-history-of-islam/north-africa-in-the-sixteenth-and-seventeenth-centuries/4B2F63A65160CF588F520BEE5F57AC87
CMB,Chaamba,Africa,Sahara maghrébin,tier_6,REVIEW_TIER,,urbanization,TIER,REVIEW,MEDIUM,ABSTRACT,—,"bâtiment:building_construction_sector, bâtiment:building_urban_center","Nœud de compatibilité très abstrait (secteur de construction + centre urbain); il ne doit pas transformer une société pastorale, mobile ou un TAG postérieur en économie urbaine de type XIXe siècle.",https://www.cambridge.org/core/books/history-of-algeria/ecologies-societies-cultures-and-the-state-15161830/6C59DEAD9F70913EC060EDD1465FA6A5,https://www.cambridge.org/core/books/abs/cambridge-history-of-islam/north-africa-in-the-sixteenth-and-seventeenth-centuries/4B2F63A65160CF588F520BEE5F57AC87
CON,Constantine,Africa,Maghreb occidental,tier_5,REPLACE_WITH_EXPLICIT_SETUP,,codified_practical_knowledge,TIER,KEEP,MEDIUM,ABSTRACT,"Missing direct prerequisite(s): institutionalized_scientific_exchange, periodical_print_networks. Do not auto-add; either tolerate tree abstraction or revise this child in synthesis.",nœud sans déblocage direct majeur,"Pratiques artisanales, administratives et savoirs codifiés/oraux existent, mais le nœud agrège plusieurs formes de transmission; conserver sans ajouter automatiquement ses prérequis européens.",https://www.cambridge.org/core/books/history-of-algeria/ecologies-societies-cultures-and-the-state-15161830/6C59DEAD9F70913EC060EDD1465FA6A5,https://www.cambridge.org/core/books/abs/cambridge-history-of-islam/north-africa-in-the-sixteenth-and-seventeenth-centuries/4B2F63A65160CF588F520BEE5F57AC87
CON,Constantine,Africa,Maghreb occidental,tier_5,REPLACE_WITH_EXPLICIT_SETUP,,improved_husbandry,TIER,KEEP,MEDIUM,ESTABLISHED,—,"bâtiment:building_banana_plantation, bâtiment:building_coffee_plantation, bâtiment:building_dye_plantation, bâtiment:building_livestock_ranch, bâtiment:building_maize_farm, bâtiment:building_millet_farm, bâtiment:building_opium…","Agriculture et/ou élevage sont structurants dans ce territoire en 1776; le nœud sert ici de socle agricole et pastoral, sans supposer une « révolution agricole » européenne.",https://www.cambridge.org/core/books/history-of-algeria/ecologies-societies-cultures-and-the-state-15161830/6C59DEAD9F70913EC060EDD1465FA6A5,https://www.cambridge.org/core/books/abs/cambridge-history-of-islam/north-africa-in-the-sixteenth-and-seventeenth-centuries/4B2F63A65160CF588F520BEE5F57AC87
CON,Constantine,Africa,Maghreb occidental,tier_5,REPLACE_WITH_EXPLICIT_SETUP,,organized_textile_production,TIER,KEEP,MEDIUM,ESTABLISHED,—,"PM:pm_craftsman_sewing, bâtiment:building_textile_mill",Filage/tissage et production textile organisée sont attestés dans la sous-région; le bâtiment de manufacture reste une abstraction de proto-industrie et d’artisanat spécialisé.,https://www.cambridge.org/core/books/history-of-algeria/ecologies-societies-cultures-and-the-state-15161830/6C59DEAD9F70913EC060EDD1465FA6A5,https://www.cambridge.org/core/books/abs/cambridge-history-of-islam/north-africa-in-the-sixteenth-and-seventeenth-centuries/4B2F63A65160CF588F520BEE5F57AC87
CON,Constantine,Africa,Maghreb occidental,tier_5,REPLACE_WITH_EXPLICIT_SETUP,,shaft_mining,TIER,REVIEW,MEDIUM,ABSTRACT,—,"bâtiment:building_coal_mine, bâtiment:building_copper_mine, bâtiment:building_iron_mine, bâtiment:building_lead_mine, bâtiment:building_limestone_quarry, bâtiment:building_salt_mine, bâtiment:building_sulfur_mine, décret:decree…","Extraction minière et métallurgie existent dans plusieurs sociétés africaines, mais le nœud déverrouille un ensemble de mines à puits; il ne faut pas confondre métallurgie du fer, orpaillage ou carrières avec ce paquet gameplay.",https://www.cambridge.org/core/books/history-of-algeria/ecologies-societies-cultures-and-the-state-15161830/6C59DEAD9F70913EC060EDD1465FA6A5,https://www.cambridge.org/core/books/abs/cambridge-history-of-islam/north-africa-in-the-sixteenth-and-seventeenth-centuries/4B2F63A65160CF588F520BEE5F57AC87
CON,Constantine,Africa,Maghreb occidental,tier_5,REPLACE_WITH_EXPLICIT_SETUP,,systematic_administrative_statistics,TIER,REVIEW,MEDIUM,ABSTRACT,—,"bâtiment:building_government_administration, décret:decree_emergency_relief, décret:decree_road_maintenance","Le nœud représente à la fois administration, capacité fiscale, incorporation et statistiques d’État. Fiscalité/tribut peuvent être attestés sans justifier une statistique administrative systématique.",https://www.cambridge.org/core/books/history-of-algeria/ecologies-societies-cultures-and-the-state-15161830/6C59DEAD9F70913EC060EDD1465FA6A5,https://www.cambridge.org/core/books/abs/cambridge-history-of-islam/north-africa-in-the-sixteenth-and-seventeenth-centuries/4B2F63A65160CF588F520BEE5F57AC87
CON,Constantine,Africa,Maghreb occidental,tier_5,REPLACE_WITH_EXPLICIT_SETUP,,urbanization,TIER,KEEP,MEDIUM,ABSTRACT,—,"bâtiment:building_construction_sector, bâtiment:building_urban_center","Conserver uniquement comme abstraction de bourgs, marchés, construction et concentration de population; ne pas lire ce nœud comme une urbanisation industrielle.",https://www.cambridge.org/core/books/history-of-algeria/ecologies-societies-cultures-and-the-state-15161830/6C59DEAD9F70913EC060EDD1465FA6A5,https://www.cambridge.org/core/books/abs/cambridge-history-of-islam/north-africa-in-the-sixteenth-and-seventeenth-centuries/4B2F63A65160CF588F520BEE5F57AC87
DAH,Dahomey,Africa,Golfe de Guinée et forêts ouest-africaines,tier_5,REPLACE_WITH_EXPLICIT_SETUP,,codified_practical_knowledge,TIER,KEEP,MEDIUM,ABSTRACT,"Missing direct prerequisite(s): institutionalized_scientific_exchange, periodical_print_networks. Do not auto-add; either tolerate tree abstraction or revise this child in synthesis.",nœud sans déblocage direct majeur,"Pratiques artisanales, administratives et savoirs codifiés/oraux existent, mais le nœud agrège plusieurs formes de transmission; conserver sans ajouter automatiquement ses prérequis européens.",https://www.cambridge.org/core/journals/journal-of-african-history/article/abs/continuity-revolution-or-evolution-on-the-slave-coast-of-west-africa-royal-architecture-and-political-order-in-precolonial-dahomey/9161CAD3798C67BD6D61BB0AEBB3CB44,https://www.cambridge.org/core/journals/journal-of-african-history/article/abs/royal-monopoly-and-private-enterprise-in-the-atlantic-trade-the-case-of-dahomey1/885FB97D2FA6B22C2C762862DD6DB609
DAH,Dahomey,Africa,Golfe de Guinée et forêts ouest-africaines,tier_5,REPLACE_WITH_EXPLICIT_SETUP,,improved_husbandry,TIER,KEEP,MEDIUM,ESTABLISHED,—,"bâtiment:building_banana_plantation, bâtiment:building_coffee_plantation, bâtiment:building_dye_plantation, bâtiment:building_livestock_ranch, bâtiment:building_maize_farm, bâtiment:building_millet_farm, bâtiment:building_opium…","Agriculture et/ou élevage sont structurants dans ce territoire en 1776; le nœud sert ici de socle agricole et pastoral, sans supposer une « révolution agricole » européenne.",https://www.cambridge.org/core/journals/journal-of-african-history/article/abs/continuity-revolution-or-evolution-on-the-slave-coast-of-west-africa-royal-architecture-and-political-order-in-precolonial-dahomey/9161CAD3798C67BD6D61BB0AEBB3CB44,https://www.cambridge.org/core/journals/journal-of-african-history/article/abs/royal-monopoly-and-private-enterprise-in-the-atlantic-trade-the-case-of-dahomey1/885FB97D2FA6B22C2C762862DD6DB609
DAH,Dahomey,Africa,Golfe de Guinée et forêts ouest-africaines,tier_5,REPLACE_WITH_EXPLICIT_SETUP,,international_relations,EXPLICIT,KEEP,MEDIUM,ESTABLISHED,—,nœud sans déblocage direct majeur,"Commerce longue distance, diplomatie, tribut et relations interétatiques/avec des négociants étrangers rendent ce nœud plausible comme capacité politique.",https://www.cambridge.org/core/journals/journal-of-african-history/article/abs/continuity-revolution-or-evolution-on-the-slave-coast-of-west-africa-royal-architecture-and-political-order-in-precolonial-dahomey/9161CAD3798C67BD6D61BB0AEBB3CB44,https://www.cambridge.org/core/journals/journal-of-african-history/article/abs/royal-monopoly-and-private-enterprise-in-the-atlantic-trade-the-case-of-dahomey1/885FB97D2FA6B22C2C762862DD6DB609
DAH,Dahomey,Africa,Golfe de Guinée et forêts ouest-africaines,tier_5,REPLACE_WITH_EXPLICIT_SETUP,,organized_textile_production,TIER,KEEP,MEDIUM,ESTABLISHED,—,"PM:pm_craftsman_sewing, bâtiment:building_textile_mill",Filage/tissage et production textile organisée sont attestés dans la sous-région; le bâtiment de manufacture reste une abstraction de proto-industrie et d’artisanat spécialisé.,https://www.cambridge.org/core/journals/journal-of-african-history/article/abs/continuity-revolution-or-evolution-on-the-slave-coast-of-west-africa-royal-architecture-and-political-order-in-precolonial-dahomey/9161CAD3798C67BD6D61BB0AEBB3CB44,https://www.cambridge.org/core/journals/journal-of-african-history/article/abs/royal-monopoly-and-private-enterprise-in-the-atlantic-trade-the-case-of-dahomey1/885FB97D2FA6B22C2C762862DD6DB609
DAH,Dahomey,Africa,Golfe de Guinée et forêts ouest-africaines,tier_5,REPLACE_WITH_EXPLICIT_SETUP,,shaft_mining,TIER,REVIEW,MEDIUM,ABSTRACT,—,"bâtiment:building_coal_mine, bâtiment:building_copper_mine, bâtiment:building_iron_mine, bâtiment:building_lead_mine, bâtiment:building_limestone_quarry, bâtiment:building_salt_mine, bâtiment:building_sulfur_mine, décret:decree…","Extraction minière et métallurgie existent dans plusieurs sociétés africaines, mais le nœud déverrouille un ensemble de mines à puits; il ne faut pas confondre métallurgie du fer, orpaillage ou carrières avec ce paquet gameplay.",https://www.cambridge.org/core/journals/journal-of-african-history/article/abs/continuity-revolution-or-evolution-on-the-slave-coast-of-west-africa-royal-architecture-and-political-order-in-precolonial-dahomey/9161CAD3798C67BD6D61BB0AEBB3CB44,https://www.cambridge.org/core/journals/journal-of-african-history/article/abs/royal-monopoly-and-private-enterprise-in-the-atlantic-trade-the-case-of-dahomey1/885FB97D2FA6B22C2C762862DD6DB609
DAH,Dahomey,Africa,Golfe de Guinée et forêts ouest-africaines,tier_5,REPLACE_WITH_EXPLICIT_SETUP,,systematic_administrative_statistics,TIER,KEEP,MEDIUM,SECTORAL,—,"bâtiment:building_government_administration, décret:decree_emergency_relief, décret:decree_road_maintenance",Un appareil de cour/tribut/fiscalité et des pratiques administratives structurées sont attestés; KEEP est sectoriel et ne suppose pas une statistique moderne exhaustive.,https://www.cambridge.org/core/journals/journal-of-african-history/article/abs/continuity-revolution-or-evolution-on-the-slave-coast-of-west-africa-royal-architecture-and-political-order-in-precolonial-dahomey/9161CAD3798C67BD6D61BB0AEBB3CB44,https://www.cambridge.org/core/journals/journal-of-african-history/article/abs/royal-monopoly-and-private-enterprise-in-the-atlantic-trade-the-case-of-dahomey1/885FB97D2FA6B22C2C762862DD6DB609
DAH,Dahomey,Africa,Golfe de Guinée et forêts ouest-africaines,tier_5,REPLACE_WITH_EXPLICIT_SETUP,,urbanization,TIER,KEEP,MEDIUM,ABSTRACT,—,"bâtiment:building_construction_sector, bâtiment:building_urban_center","Conserver uniquement comme abstraction de bourgs, marchés, construction et concentration de population; ne pas lire ce nœud comme une urbanisation industrielle.",https://www.cambridge.org/core/journals/journal-of-african-history/article/abs/continuity-revolution-or-evolution-on-the-slave-coast-of-west-africa-royal-architecture-and-political-order-in-precolonial-dahomey/9161CAD3798C67BD6D61BB0AEBB3CB44,https://www.cambridge.org/core/journals/journal-of-african-history/article/abs/royal-monopoly-and-private-enterprise-in-the-atlantic-trade-the-case-of-dahomey1/885FB97D2FA6B22C2C762862DD6DB609
DAH,Dahomey,Africa,Golfe de Guinée et forêts ouest-africaines,tier_5,REPLACE_WITH_EXPLICIT_SETUP,,regulated_small_arms,ABSENT,REVIEW,HIGH,SECTORAL,Missing direct prerequisite(s): scientific_fortification_siegecraft. Do not auto-add; either tolerate tree abstraction or revise this child in synthesis.,"bâtiment:building_arms_industry, bâtiment:building_artillery_foundry","Les armes à feu sont massivement importées et le gunpowder/réparation peuvent être locaux, mais la fabrication locale d’armes reste limitée: le nœud ouvre une industrie d’armes et ne doit pas être ajouté automatiquement.",https://www.cambridge.org/core/journals/journal-of-african-history/article/abs/continuity-revolution-or-evolution-on-the-slave-coast-of-west-africa-royal-architecture-and-political-order-in-precolonial-dahomey/9161CAD3798C67BD6D61BB0AEBB3CB44,https://www.cambridge.org/core/journals/journal-of-african-history/article/abs/royal-monopoly-and-private-enterprise-in-the-atlantic-trade-the-case-of-dahomey1/885FB97D2FA6B22C2C762862DD6DB609
DAK,Dar al Kuti,Africa,Soudan central,tier_7,REPLACE_WITH_EXPLICIT_SETUP,,improved_husbandry,ABSENT,ADD,MEDIUM,ESTABLISHED,—,"bâtiment:building_banana_plantation, bâtiment:building_coffee_plantation, bâtiment:building_dye_plantation, bâtiment:building_livestock_ranch, bâtiment:building_maize_farm, bâtiment:building_millet_farm, bâtiment:building_opium…",Le tier 7 vide efface une capacité agricole et/ou pastorale locale attestée à l’échelle de la sous-région; ADD restaure un socle de production sans attribuer une industrialisation européenne.,https://82nd-and-fifth.metmuseum.org/toah/ht/09/afc.html,https://www.metmuseum.org/de/essays/kingdoms-of-the-savanna-the-luba-and-lunda-empires
DFR,Darfur,Africa,Darfour et Soudan occidental nilotique,tier_5,REPLACE_WITH_EXPLICIT_SETUP,,codified_practical_knowledge,TIER,KEEP,MEDIUM,ABSTRACT,"Missing direct prerequisite(s): institutionalized_scientific_exchange, periodical_print_networks. Do not auto-add; either tolerate tree abstraction or revise this child in synthesis.",nœud sans déblocage direct majeur,"Pratiques artisanales, administratives et savoirs codifiés/oraux existent, mais le nœud agrège plusieurs formes de transmission; conserver sans ajouter automatiquement ses prérequis européens.",https://www.cambridge.org/core/books/land-in-dar-fur/F6769531B8A805FBC1E97907F0F8EB49,https://www.cambridge.org/core/books/abs/medieval-africa-12501800/upper-nile-basin-and-the-east-african-plateau/AC690A3863339F46EA0D4F76FB47AE44
DFR,Darfur,Africa,Darfour et Soudan occidental nilotique,tier_5,REPLACE_WITH_EXPLICIT_SETUP,,improved_husbandry,TIER,KEEP,MEDIUM,ESTABLISHED,—,"bâtiment:building_banana_plantation, bâtiment:building_coffee_plantation, bâtiment:building_dye_plantation, bâtiment:building_livestock_ranch, bâtiment:building_maize_farm, bâtiment:building_millet_farm, bâtiment:building_opium…","Agriculture et/ou élevage sont structurants dans ce territoire en 1776; le nœud sert ici de socle agricole et pastoral, sans supposer une « révolution agricole » européenne.",https://www.cambridge.org/core/books/land-in-dar-fur/F6769531B8A805FBC1E97907F0F8EB49,https://www.cambridge.org/core/books/abs/medieval-africa-12501800/upper-nile-basin-and-the-east-african-plateau/AC690A3863339F46EA0D4F76FB47AE44
DFR,Darfur,Africa,Darfour et Soudan occidental nilotique,tier_5,REPLACE_WITH_EXPLICIT_SETUP,,organized_textile_production,TIER,KEEP,MEDIUM,ESTABLISHED,—,"PM:pm_craftsman_sewing, bâtiment:building_textile_mill",Filage/tissage et production textile organisée sont attestés dans la sous-région; le bâtiment de manufacture reste une abstraction de proto-industrie et d’artisanat spécialisé.,https://www.cambridge.org/core/books/land-in-dar-fur/F6769531B8A805FBC1E97907F0F8EB49,https://www.cambridge.org/core/books/abs/medieval-africa-12501800/upper-nile-basin-and-the-east-african-plateau/AC690A3863339F46EA0D4F76FB47AE44
DFR,Darfur,Africa,Darfour et Soudan occidental nilotique,tier_5,REPLACE_WITH_EXPLICIT_SETUP,,shaft_mining,TIER,REVIEW,MEDIUM,ABSTRACT,—,"bâtiment:building_coal_mine, bâtiment:building_copper_mine, bâtiment:building_iron_mine, bâtiment:building_lead_mine, bâtiment:building_limestone_quarry, bâtiment:building_salt_mine, bâtiment:building_sulfur_mine, décret:decree…","Extraction minière et métallurgie existent dans plusieurs sociétés africaines, mais le nœud déverrouille un ensemble de mines à puits; il ne faut pas confondre métallurgie du fer, orpaillage ou carrières avec ce paquet gameplay.",https://www.cambridge.org/core/books/land-in-dar-fur/F6769531B8A805FBC1E97907F0F8EB49,https://www.cambridge.org/core/books/abs/medieval-africa-12501800/upper-nile-basin-and-the-east-african-plateau/AC690A3863339F46EA0D4F76FB47AE44
DFR,Darfur,Africa,Darfour et Soudan occidental nilotique,tier_5,REPLACE_WITH_EXPLICIT_SETUP,,systematic_administrative_statistics,TIER,KEEP,MEDIUM,SECTORAL,—,"bâtiment:building_government_administration, décret:decree_emergency_relief, décret:decree_road_maintenance",Un appareil de cour/tribut/fiscalité et des pratiques administratives structurées sont attestés; KEEP est sectoriel et ne suppose pas une statistique moderne exhaustive.,https://www.cambridge.org/core/books/land-in-dar-fur/F6769531B8A805FBC1E97907F0F8EB49,https://www.cambridge.org/core/books/abs/medieval-africa-12501800/upper-nile-basin-and-the-east-african-plateau/AC690A3863339F46EA0D4F76FB47AE44
DFR,Darfur,Africa,Darfour et Soudan occidental nilotique,tier_5,REPLACE_WITH_EXPLICIT_SETUP,,urbanization,TIER,KEEP,MEDIUM,ABSTRACT,—,"bâtiment:building_construction_sector, bâtiment:building_urban_center","Conserver uniquement comme abstraction de bourgs, marchés, construction et concentration de population; ne pas lire ce nœud comme une urbanisation industrielle.",https://www.cambridge.org/core/books/land-in-dar-fur/F6769531B8A805FBC1E97907F0F8EB49,https://www.cambridge.org/core/books/abs/medieval-africa-12501800/upper-nile-basin-and-the-east-african-plateau/AC690A3863339F46EA0D4F76FB47AE44
DFR,Darfur,Africa,Darfour et Soudan occidental nilotique,tier_5,REPLACE_WITH_EXPLICIT_SETUP,,international_relations,ABSENT,ADD,MEDIUM,ESTABLISHED,—,nœud sans déblocage direct majeur,"Diplomatie, tribut et/ou commerce longue distance structurés justifient une capacité de relations extérieures; elle ne présume pas une diplomatie européenne moderne.",https://www.cambridge.org/core/books/land-in-dar-fur/F6769531B8A805FBC1E97907F0F8EB49,https://www.cambridge.org/core/books/abs/medieval-africa-12501800/upper-nile-basin-and-the-east-african-plateau/AC690A3863339F46EA0D4F76FB47AE44
DFT,Dar Fertit,Africa,Darfour et Soudan occidental nilotique,tier_7,REPLACE_WITH_EXPLICIT_SETUP,,improved_husbandry,ABSENT,ADD,MEDIUM,ESTABLISHED,—,"bâtiment:building_banana_plantation, bâtiment:building_coffee_plantation, bâtiment:building_dye_plantation, bâtiment:building_livestock_ranch, bâtiment:building_maize_farm, bâtiment:building_millet_farm, bâtiment:building_opium…",Le tier 7 vide efface une capacité agricole et/ou pastorale locale attestée à l’échelle de la sous-région; ADD restaure un socle de production sans attribuer une industrialisation européenne.,https://www.cambridge.org/core/books/abs/medieval-africa-12501800/upper-nile-basin-and-the-east-african-plateau/AC690A3863339F46EA0D4F76FB47AE44,https://www.cambridge.org/core/journals/journal-of-african-history/article/abs/prehistory-in-the-upper-nile-basin1/C05AE342BF0110E91092D96D7B681597
DIN,Kel Dinnik,Africa,Sahel et Soudan occidental,tier_6,REVIEW_TIER,,improved_husbandry,TIER,KEEP,MEDIUM,ESTABLISHED,—,"bâtiment:building_banana_plantation, bâtiment:building_coffee_plantation, bâtiment:building_dye_plantation, bâtiment:building_livestock_ranch, bâtiment:building_maize_farm, bâtiment:building_millet_farm, bâtiment:building_opium…","Agriculture et/ou élevage sont structurants dans ce territoire en 1776; le nœud sert ici de socle agricole et pastoral, sans supposer une « révolution agricole » européenne.",https://www.metmuseum.org/fr/essays/the-age-of-iron-in-west-africa,https://www.cambridge.org/core/journals/journal-of-african-history/article/abs/import-of-firearms-into-west-africa-in-the-eighteenth-century/84E8BF080DACF066CC957D56271DC721
DIN,Kel Dinnik,Africa,Sahel et Soudan occidental,tier_6,REVIEW_TIER,,urbanization,TIER,REVIEW,MEDIUM,ABSTRACT,—,"bâtiment:building_construction_sector, bâtiment:building_urban_center","Nœud de compatibilité très abstrait (secteur de construction + centre urbain); il ne doit pas transformer une société pastorale, mobile ou un TAG postérieur en économie urbaine de type XIXe siècle.",https://www.metmuseum.org/fr/essays/the-age-of-iron-in-west-africa,https://www.cambridge.org/core/journals/journal-of-african-history/article/abs/import-of-firearms-into-west-africa-in-the-eighteenth-century/84E8BF080DACF066CC957D56271DC721
DIO,Diola,Africa,Sénégambie et vallée du Sénégal,tier_7,REPLACE_WITH_EXPLICIT_SETUP,,improved_husbandry,ABSENT,ADD,MEDIUM,ESTABLISHED,—,"bâtiment:building_banana_plantation, bâtiment:building_coffee_plantation, bâtiment:building_dye_plantation, bâtiment:building_livestock_ranch, bâtiment:building_maize_farm, bâtiment:building_millet_farm, bâtiment:building_opium…",Le tier 7 vide efface une capacité agricole et/ou pastorale locale attestée à l’échelle de la sous-région; ADD restaure un socle de production sans attribuer une industrialisation européenne.,https://www.metmuseum.org/fr/essays/the-age-of-iron-in-west-africa,https://www.cambridge.org/core/journals/journal-of-african-history/article/abs/import-of-firearms-into-west-africa-in-the-eighteenth-century/84E8BF080DACF066CC957D56271DC721
DLA,Duala,Africa,Cameroun et bassin nord-congolais,tier_7,REPLACE_WITH_EXPLICIT_SETUP,,improved_husbandry,ABSENT,ADD,MEDIUM,ESTABLISHED,—,"bâtiment:building_banana_plantation, bâtiment:building_coffee_plantation, bâtiment:building_dye_plantation, bâtiment:building_livestock_ranch, bâtiment:building_maize_farm, bâtiment:building_millet_farm, bâtiment:building_opium…",Le tier 7 vide efface une capacité agricole et/ou pastorale locale attestée à l’échelle de la sous-région; ADD restaure un socle de production sans attribuer une industrialisation européenne.,https://82nd-and-fifth.metmuseum.org/toah/ht/09/afc.html,https://www.metmuseum.org/de/essays/kingdoms-of-the-savanna-the-luba-and-lunda-empires
DLM,Delim,Africa,Sahara maghrébin,tier_6,REVIEW_TIER,,improved_husbandry,TIER,KEEP,MEDIUM,ESTABLISHED,—,"bâtiment:building_banana_plantation, bâtiment:building_coffee_plantation, bâtiment:building_dye_plantation, bâtiment:building_livestock_ranch, bâtiment:building_maize_farm, bâtiment:building_millet_farm, bâtiment:building_opium…","Agriculture et/ou élevage sont structurants dans ce territoire en 1776; le nœud sert ici de socle agricole et pastoral, sans supposer une « révolution agricole » européenne.",https://www.cambridge.org/core/books/history-of-algeria/ecologies-societies-cultures-and-the-state-15161830/6C59DEAD9F70913EC060EDD1465FA6A5,https://www.cambridge.org/core/books/abs/cambridge-history-of-islam/north-africa-in-the-sixteenth-and-seventeenth-centuries/4B2F63A65160CF588F520BEE5F57AC87
DLM,Delim,Africa,Sahara maghrébin,tier_6,REVIEW_TIER,,urbanization,TIER,REVIEW,MEDIUM,ABSTRACT,—,"bâtiment:building_construction_sector, bâtiment:building_urban_center","Nœud de compatibilité très abstrait (secteur de construction + centre urbain); il ne doit pas transformer une société pastorale, mobile ou un TAG postérieur en économie urbaine de type XIXe siècle.",https://www.cambridge.org/core/books/history-of-algeria/ecologies-societies-cultures-and-the-state-15161830/6C59DEAD9F70913EC060EDD1465FA6A5,https://www.cambridge.org/core/books/abs/cambridge-history-of-islam/north-africa-in-the-sixteenth-and-seventeenth-centuries/4B2F63A65160CF588F520BEE5F57AC87
DNK,Dinka,Africa,Haut-Nil,tier_7,REPLACE_WITH_EXPLICIT_SETUP,,improved_husbandry,ABSENT,ADD,MEDIUM,ESTABLISHED,—,"bâtiment:building_banana_plantation, bâtiment:building_coffee_plantation, bâtiment:building_dye_plantation, bâtiment:building_livestock_ranch, bâtiment:building_maize_farm, bâtiment:building_millet_farm, bâtiment:building_opium…",Le tier 7 vide efface une capacité agricole et/ou pastorale locale attestée à l’échelle de la sous-région; ADD restaure un socle de production sans attribuer une industrialisation européenne.,https://www.cambridge.org/core/books/abs/medieval-africa-12501800/upper-nile-basin-and-the-east-african-plateau/AC690A3863339F46EA0D4F76FB47AE44,https://www.cambridge.org/core/journals/journal-of-african-history/article/abs/prehistory-in-the-upper-nile-basin1/C05AE342BF0110E91092D96D7B681597
ETH,Ethiopia,Africa,Corne de l’Afrique et hauts plateaux éthiopiens,tier_5,REPLACE_WITH_EXPLICIT_SETUP,,codified_practical_knowledge,TIER,KEEP,MEDIUM,ABSTRACT,"Missing direct prerequisite(s): institutionalized_scientific_exchange, periodical_print_networks. Do not auto-add; either tolerate tree abstraction or revise this child in synthesis.",nœud sans déblocage direct majeur,"Pratiques artisanales, administratives et savoirs codifiés/oraux existent, mais le nœud agrège plusieurs formes de transmission; conserver sans ajouter automatiquement ses prérequis européens.",https://www.cambridge.org/core/books/abs/inbetween-textiles-14001800/globalisation-and-the-manufacture-of-tabletwoven-sanctuary-curtains-in-ethiopia-in-the-eighteenth-century/4E9B2B7EFC904C677A18D7AB588E1CFD,https://www.cambridge.org/core/journals/journal-of-african-history/article/abs/firearms-and-princely-power-in-ethiopia-in-the-nineteenth-century/6C5A764537B57A382CD9AEFC6EC4BF55
ETH,Ethiopia,Africa,Corne de l’Afrique et hauts plateaux éthiopiens,tier_5,REPLACE_WITH_EXPLICIT_SETUP,,improved_husbandry,TIER,KEEP,MEDIUM,ESTABLISHED,—,"bâtiment:building_banana_plantation, bâtiment:building_coffee_plantation, bâtiment:building_dye_plantation, bâtiment:building_livestock_ranch, bâtiment:building_maize_farm, bâtiment:building_millet_farm, bâtiment:building_opium…","Agriculture et/ou élevage sont structurants dans ce territoire en 1776; le nœud sert ici de socle agricole et pastoral, sans supposer une « révolution agricole » européenne.",https://www.cambridge.org/core/books/abs/inbetween-textiles-14001800/globalisation-and-the-manufacture-of-tabletwoven-sanctuary-curtains-in-ethiopia-in-the-eighteenth-century/4E9B2B7EFC904C677A18D7AB588E1CFD,https://www.cambridge.org/core/journals/journal-of-african-history/article/abs/firearms-and-princely-power-in-ethiopia-in-the-nineteenth-century/6C5A764537B57A382CD9AEFC6EC4BF55
ETH,Ethiopia,Africa,Corne de l’Afrique et hauts plateaux éthiopiens,tier_5,REPLACE_WITH_EXPLICIT_SETUP,,international_relations,EXPLICIT,KEEP,MEDIUM,ESTABLISHED,—,nœud sans déblocage direct majeur,"Commerce longue distance, diplomatie, tribut et relations interétatiques/avec des négociants étrangers rendent ce nœud plausible comme capacité politique.",https://www.cambridge.org/core/books/abs/inbetween-textiles-14001800/globalisation-and-the-manufacture-of-tabletwoven-sanctuary-curtains-in-ethiopia-in-the-eighteenth-century/4E9B2B7EFC904C677A18D7AB588E1CFD,https://www.cambridge.org/core/journals/journal-of-african-history/article/abs/firearms-and-princely-power-in-ethiopia-in-the-nineteenth-century/6C5A764537B57A382CD9AEFC6EC4BF55
ETH,Ethiopia,Africa,Corne de l’Afrique et hauts plateaux éthiopiens,tier_5,REPLACE_WITH_EXPLICIT_SETUP,,organized_textile_production,TIER,KEEP,MEDIUM,ESTABLISHED,—,"PM:pm_craftsman_sewing, bâtiment:building_textile_mill",Filage/tissage et production textile organisée sont attestés dans la sous-région; le bâtiment de manufacture reste une abstraction de proto-industrie et d’artisanat spécialisé.,https://www.cambridge.org/core/books/abs/inbetween-textiles-14001800/globalisation-and-the-manufacture-of-tabletwoven-sanctuary-curtains-in-ethiopia-in-the-eighteenth-century/4E9B2B7EFC904C677A18D7AB588E1CFD,https://www.cambridge.org/core/journals/journal-of-african-history/article/abs/firearms-and-princely-power-in-ethiopia-in-the-nineteenth-century/6C5A764537B57A382CD9AEFC6EC4BF55
ETH,Ethiopia,Africa,Corne de l’Afrique et hauts plateaux éthiopiens,tier_5,REPLACE_WITH_EXPLICIT_SETUP,,shaft_mining,TIER,REVIEW,MEDIUM,ABSTRACT,—,"bâtiment:building_coal_mine, bâtiment:building_copper_mine, bâtiment:building_iron_mine, bâtiment:building_lead_mine, bâtiment:building_limestone_quarry, bâtiment:building_salt_mine, bâtiment:building_sulfur_mine, décret:decree…","Extraction minière et métallurgie existent dans plusieurs sociétés africaines, mais le nœud déverrouille un ensemble de mines à puits; il ne faut pas confondre métallurgie du fer, orpaillage ou carrières avec ce paquet gameplay.",https://www.cambridge.org/core/books/abs/inbetween-textiles-14001800/globalisation-and-the-manufacture-of-tabletwoven-sanctuary-curtains-in-ethiopia-in-the-eighteenth-century/4E9B2B7EFC904C677A18D7AB588E1CFD,https://www.cambridge.org/core/journals/journal-of-african-history/article/abs/firearms-and-princely-power-in-ethiopia-in-the-nineteenth-century/6C5A764537B57A382CD9AEFC6EC4BF55
ETH,Ethiopia,Africa,Corne de l’Afrique et hauts plateaux éthiopiens,tier_5,REPLACE_WITH_EXPLICIT_SETUP,,systematic_administrative_statistics,TIER,KEEP,MEDIUM,SECTORAL,—,"bâtiment:building_government_administration, décret:decree_emergency_relief, décret:decree_road_maintenance",Un appareil de cour/tribut/fiscalité et des pratiques administratives structurées sont attestés; KEEP est sectoriel et ne suppose pas une statistique moderne exhaustive.,https://www.cambridge.org/core/books/abs/inbetween-textiles-14001800/globalisation-and-the-manufacture-of-tabletwoven-sanctuary-curtains-in-ethiopia-in-the-eighteenth-century/4E9B2B7EFC904C677A18D7AB588E1CFD,https://www.cambridge.org/core/journals/journal-of-african-history/article/abs/firearms-and-princely-power-in-ethiopia-in-the-nineteenth-century/6C5A764537B57A382CD9AEFC6EC4BF55
ETH,Ethiopia,Africa,Corne de l’Afrique et hauts plateaux éthiopiens,tier_5,REPLACE_WITH_EXPLICIT_SETUP,,urbanization,TIER,KEEP,MEDIUM,ABSTRACT,—,"bâtiment:building_construction_sector, bâtiment:building_urban_center","Conserver uniquement comme abstraction de bourgs, marchés, construction et concentration de population; ne pas lire ce nœud comme une urbanisation industrielle.",https://www.cambridge.org/core/books/abs/inbetween-textiles-14001800/globalisation-and-the-manufacture-of-tabletwoven-sanctuary-curtains-in-ethiopia-in-the-eighteenth-century/4E9B2B7EFC904C677A18D7AB588E1CFD,https://www.cambridge.org/core/journals/journal-of-african-history/article/abs/firearms-and-princely-power-in-ethiopia-in-the-nineteenth-century/6C5A764537B57A382CD9AEFC6EC4BF55
ETH,Ethiopia,Africa,Corne de l’Afrique et hauts plateaux éthiopiens,tier_5,REPLACE_WITH_EXPLICIT_SETUP,,regulated_small_arms,ABSENT,REVIEW,MEDIUM,SECTORAL,Missing direct prerequisite(s): scientific_fortification_siegecraft. Do not auto-add; either tolerate tree abstraction or revise this child in synthesis.,"bâtiment:building_arms_industry, bâtiment:building_artillery_foundry","Les armes à feu sont connues depuis des siècles, mais leur importance militaire et une production réglementée restent limitées; possession/importation ne justifie pas l’industrie d’armes du nœud.",https://www.cambridge.org/core/books/abs/inbetween-textiles-14001800/globalisation-and-the-manufacture-of-tabletwoven-sanctuary-curtains-in-ethiopia-in-the-eighteenth-century/4E9B2B7EFC904C677A18D7AB588E1CFD,https://www.cambridge.org/core/journals/journal-of-african-history/article/abs/firearms-and-princely-power-in-ethiopia-in-the-nineteenth-century/6C5A764537B57A382CD9AEFC6EC4BF55
EWE,Ewe,Africa,Golfe de Guinée et forêts ouest-africaines,tier_7,REPLACE_WITH_EXPLICIT_SETUP,,improved_husbandry,ABSENT,ADD,MEDIUM,ESTABLISHED,—,"bâtiment:building_banana_plantation, bâtiment:building_coffee_plantation, bâtiment:building_dye_plantation, bâtiment:building_livestock_ranch, bâtiment:building_maize_farm, bâtiment:building_millet_farm, bâtiment:building_opium…",Le tier 7 vide efface une capacité agricole et/ou pastorale locale attestée à l’échelle de la sous-région; ADD restaure un socle de production sans attribuer une industrialisation européenne.,https://www.metmuseum.org/fr/essays/the-age-of-iron-in-west-africa,https://www.cambridge.org/core/journals/journal-of-african-history/article/abs/import-of-firearms-into-west-africa-in-the-eighteenth-century/84E8BF080DACF066CC957D56271DC721
FNG,Fang,Africa,Cameroun et bassin nord-congolais,tier_7,REPLACE_WITH_EXPLICIT_SETUP,,improved_husbandry,ABSENT,ADD,MEDIUM,ESTABLISHED,—,"bâtiment:building_banana_plantation, bâtiment:building_coffee_plantation, bâtiment:building_dye_plantation, bâtiment:building_livestock_ranch, bâtiment:building_maize_farm, bâtiment:building_millet_farm, bâtiment:building_opium…",Le tier 7 vide efface une capacité agricole et/ou pastorale locale attestée à l’échelle de la sous-région; ADD restaure un socle de production sans attribuer une industrialisation européenne.,https://82nd-and-fifth.metmuseum.org/toah/ht/09/afc.html,https://www.metmuseum.org/de/essays/kingdoms-of-the-savanna-the-luba-and-lunda-empires
FTJ,Futa Jallon,Africa,Sénégambie et vallée du Sénégal,tier_5,REPLACE_WITH_EXPLICIT_SETUP,,codified_practical_knowledge,TIER,KEEP,MEDIUM,ABSTRACT,"Missing direct prerequisite(s): institutionalized_scientific_exchange, periodical_print_networks. Do not auto-add; either tolerate tree abstraction or revise this child in synthesis.",nœud sans déblocage direct majeur,"Pratiques artisanales, administratives et savoirs codifiés/oraux existent, mais le nœud agrège plusieurs formes de transmission; conserver sans ajouter automatiquement ses prérequis européens.",https://www.metmuseum.org/fr/essays/the-age-of-iron-in-west-africa,https://www.cambridge.org/core/journals/journal-of-african-history/article/abs/import-of-firearms-into-west-africa-in-the-eighteenth-century/84E8BF080DACF066CC957D56271DC721
FTJ,Futa Jallon,Africa,Sénégambie et vallée du Sénégal,tier_5,REPLACE_WITH_EXPLICIT_SETUP,,improved_husbandry,TIER,KEEP,MEDIUM,ESTABLISHED,—,"bâtiment:building_banana_plantation, bâtiment:building_coffee_plantation, bâtiment:building_dye_plantation, bâtiment:building_livestock_ranch, bâtiment:building_maize_farm, bâtiment:building_millet_farm, bâtiment:building_opium…","Agriculture et/ou élevage sont structurants dans ce territoire en 1776; le nœud sert ici de socle agricole et pastoral, sans supposer une « révolution agricole » européenne.",https://www.metmuseum.org/fr/essays/the-age-of-iron-in-west-africa,https://www.cambridge.org/core/journals/journal-of-african-history/article/abs/import-of-firearms-into-west-africa-in-the-eighteenth-century/84E8BF080DACF066CC957D56271DC721
FTJ,Futa Jallon,Africa,Sénégambie et vallée du Sénégal,tier_5,REPLACE_WITH_EXPLICIT_SETUP,,organized_textile_production,TIER,KEEP,MEDIUM,ESTABLISHED,—,"PM:pm_craftsman_sewing, bâtiment:building_textile_mill",Filage/tissage et production textile organisée sont attestés dans la sous-région; le bâtiment de manufacture reste une abstraction de proto-industrie et d’artisanat spécialisé.,https://www.metmuseum.org/fr/essays/the-age-of-iron-in-west-africa,https://www.cambridge.org/core/journals/journal-of-african-history/article/abs/import-of-firearms-into-west-africa-in-the-eighteenth-century/84E8BF080DACF066CC957D56271DC721
FTJ,Futa Jallon,Africa,Sénégambie et vallée du Sénégal,tier_5,REPLACE_WITH_EXPLICIT_SETUP,,shaft_mining,TIER,REVIEW,MEDIUM,ABSTRACT,—,"bâtiment:building_coal_mine, bâtiment:building_copper_mine, bâtiment:building_iron_mine, bâtiment:building_lead_mine, bâtiment:building_limestone_quarry, bâtiment:building_salt_mine, bâtiment:building_sulfur_mine, décret:decree…","Extraction minière et métallurgie existent dans plusieurs sociétés africaines, mais le nœud déverrouille un ensemble de mines à puits; il ne faut pas confondre métallurgie du fer, orpaillage ou carrières avec ce paquet gameplay.",https://www.metmuseum.org/fr/essays/the-age-of-iron-in-west-africa,https://www.cambridge.org/core/journals/journal-of-african-history/article/abs/import-of-firearms-into-west-africa-in-the-eighteenth-century/84E8BF080DACF066CC957D56271DC721
FTJ,Futa Jallon,Africa,Sénégambie et vallée du Sénégal,tier_5,REPLACE_WITH_EXPLICIT_SETUP,,systematic_administrative_statistics,TIER,REVIEW,MEDIUM,ABSTRACT,—,"bâtiment:building_government_administration, décret:decree_emergency_relief, décret:decree_road_maintenance","Le nœud représente à la fois administration, capacité fiscale, incorporation et statistiques d’État. Fiscalité/tribut peuvent être attestés sans justifier une statistique administrative systématique.",https://www.metmuseum.org/fr/essays/the-age-of-iron-in-west-africa,https://www.cambridge.org/core/journals/journal-of-african-history/article/abs/import-of-firearms-into-west-africa-in-the-eighteenth-century/84E8BF080DACF066CC957D56271DC721
FTJ,Futa Jallon,Africa,Sénégambie et vallée du Sénégal,tier_5,REPLACE_WITH_EXPLICIT_SETUP,,urbanization,TIER,KEEP,MEDIUM,ABSTRACT,—,"bâtiment:building_construction_sector, bâtiment:building_urban_center","Conserver uniquement comme abstraction de bourgs, marchés, construction et concentration de population; ne pas lire ce nœud comme une urbanisation industrielle.",https://www.metmuseum.org/fr/essays/the-age-of-iron-in-west-africa,https://www.cambridge.org/core/journals/journal-of-african-history/article/abs/import-of-firearms-into-west-africa-in-the-eighteenth-century/84E8BF080DACF066CC957D56271DC721
FTR,Futa Toro,Africa,Sénégambie et vallée du Sénégal,tier_5,REPLACE_WITH_EXPLICIT_SETUP,,codified_practical_knowledge,TIER,KEEP,MEDIUM,ABSTRACT,"Missing direct prerequisite(s): institutionalized_scientific_exchange, periodical_print_networks. Do not auto-add; either tolerate tree abstraction or revise this child in synthesis.",nœud sans déblocage direct majeur,"Pratiques artisanales, administratives et savoirs codifiés/oraux existent, mais le nœud agrège plusieurs formes de transmission; conserver sans ajouter automatiquement ses prérequis européens.",https://www.metmuseum.org/fr/essays/the-age-of-iron-in-west-africa,https://www.cambridge.org/core/journals/journal-of-african-history/article/abs/import-of-firearms-into-west-africa-in-the-eighteenth-century/84E8BF080DACF066CC957D56271DC721
FTR,Futa Toro,Africa,Sénégambie et vallée du Sénégal,tier_5,REPLACE_WITH_EXPLICIT_SETUP,,improved_husbandry,TIER,KEEP,MEDIUM,ESTABLISHED,—,"bâtiment:building_banana_plantation, bâtiment:building_coffee_plantation, bâtiment:building_dye_plantation, bâtiment:building_livestock_ranch, bâtiment:building_maize_farm, bâtiment:building_millet_farm, bâtiment:building_opium…","Agriculture et/ou élevage sont structurants dans ce territoire en 1776; le nœud sert ici de socle agricole et pastoral, sans supposer une « révolution agricole » européenne.",https://www.metmuseum.org/fr/essays/the-age-of-iron-in-west-africa,https://www.cambridge.org/core/journals/journal-of-african-history/article/abs/import-of-firearms-into-west-africa-in-the-eighteenth-century/84E8BF080DACF066CC957D56271DC721
FTR,Futa Toro,Africa,Sénégambie et vallée du Sénégal,tier_5,REPLACE_WITH_EXPLICIT_SETUP,,organized_textile_production,TIER,KEEP,MEDIUM,ESTABLISHED,—,"PM:pm_craftsman_sewing, bâtiment:building_textile_mill",Filage/tissage et production textile organisée sont attestés dans la sous-région; le bâtiment de manufacture reste une abstraction de proto-industrie et d’artisanat spécialisé.,https://www.metmuseum.org/fr/essays/the-age-of-iron-in-west-africa,https://www.cambridge.org/core/journals/journal-of-african-history/article/abs/import-of-firearms-into-west-africa-in-the-eighteenth-century/84E8BF080DACF066CC957D56271DC721
FTR,Futa Toro,Africa,Sénégambie et vallée du Sénégal,tier_5,REPLACE_WITH_EXPLICIT_SETUP,,shaft_mining,TIER,REVIEW,MEDIUM,ABSTRACT,—,"bâtiment:building_coal_mine, bâtiment:building_copper_mine, bâtiment:building_iron_mine, bâtiment:building_lead_mine, bâtiment:building_limestone_quarry, bâtiment:building_salt_mine, bâtiment:building_sulfur_mine, décret:decree…","Extraction minière et métallurgie existent dans plusieurs sociétés africaines, mais le nœud déverrouille un ensemble de mines à puits; il ne faut pas confondre métallurgie du fer, orpaillage ou carrières avec ce paquet gameplay.",https://www.metmuseum.org/fr/essays/the-age-of-iron-in-west-africa,https://www.cambridge.org/core/journals/journal-of-african-history/article/abs/import-of-firearms-into-west-africa-in-the-eighteenth-century/84E8BF080DACF066CC957D56271DC721
FTR,Futa Toro,Africa,Sénégambie et vallée du Sénégal,tier_5,REPLACE_WITH_EXPLICIT_SETUP,,systematic_administrative_statistics,TIER,REVIEW,MEDIUM,ABSTRACT,—,"bâtiment:building_government_administration, décret:decree_emergency_relief, décret:decree_road_maintenance","Le nœud représente à la fois administration, capacité fiscale, incorporation et statistiques d’État. Fiscalité/tribut peuvent être attestés sans justifier une statistique administrative systématique.",https://www.metmuseum.org/fr/essays/the-age-of-iron-in-west-africa,https://www.cambridge.org/core/journals/journal-of-african-history/article/abs/import-of-firearms-into-west-africa-in-the-eighteenth-century/84E8BF080DACF066CC957D56271DC721
FTR,Futa Toro,Africa,Sénégambie et vallée du Sénégal,tier_5,REPLACE_WITH_EXPLICIT_SETUP,,urbanization,TIER,KEEP,MEDIUM,ABSTRACT,—,"bâtiment:building_construction_sector, bâtiment:building_urban_center","Conserver uniquement comme abstraction de bourgs, marchés, construction et concentration de population; ne pas lire ce nœud comme une urbanisation industrielle.",https://www.metmuseum.org/fr/essays/the-age-of-iron-in-west-africa,https://www.cambridge.org/core/journals/journal-of-african-history/article/abs/import-of-firearms-into-west-africa-in-the-eighteenth-century/84E8BF080DACF066CC957D56271DC721
FZN,Fezzan,Africa,Maghreb oriental,tier_4,REPLACE_WITH_EXPLICIT_SETUP,,codified_practical_knowledge,TIER,KEEP,MEDIUM,ABSTRACT,"Missing direct prerequisite(s): institutionalized_scientific_exchange, periodical_print_networks. Do not auto-add; either tolerate tree abstraction or revise this child in synthesis.",nœud sans déblocage direct majeur,"Pratiques artisanales, administratives et savoirs codifiés/oraux existent, mais le nœud agrège plusieurs formes de transmission; conserver sans ajouter automatiquement ses prérequis européens.",https://www.cambridge.org/core/journals/journal-of-african-history/article/abs/la-traite-des-esclaves-noirs-en-libye-au-xviiie-siecle/7245C0AEDD8C0103C7AF3AC0CE314C0F,https://www.cambridge.org/core/books/history-of-algeria/ecologies-societies-cultures-and-the-state-15161830/6C59DEAD9F70913EC060EDD1465FA6A5
FZN,Fezzan,Africa,Maghreb oriental,tier_4,REPLACE_WITH_EXPLICIT_SETUP,,distillation,TIER,KEEP,MEDIUM,ESTABLISHED,—,"PM:pm_pot_stills, PM:pm_spiced_food_preparations",Capacité de base compatible avec les pratiques locales attestées avant 1776; le nœud est toutefois plus large que toute pratique unique.,https://www.cambridge.org/core/journals/journal-of-african-history/article/abs/la-traite-des-esclaves-noirs-en-libye-au-xviiie-siecle/7245C0AEDD8C0103C7AF3AC0CE314C0F,https://www.cambridge.org/core/books/history-of-algeria/ecologies-societies-cultures-and-the-state-15161830/6C59DEAD9F70913EC060EDD1465FA6A5
FZN,Fezzan,Africa,Maghreb oriental,tier_4,REPLACE_WITH_EXPLICIT_SETUP,,improved_husbandry,TIER,KEEP,MEDIUM,ESTABLISHED,—,"bâtiment:building_banana_plantation, bâtiment:building_coffee_plantation, bâtiment:building_dye_plantation, bâtiment:building_livestock_ranch, bâtiment:building_maize_farm, bâtiment:building_millet_farm, bâtiment:building_opium…","Agriculture et/ou élevage sont structurants dans ce territoire en 1776; le nœud sert ici de socle agricole et pastoral, sans supposer une « révolution agricole » européenne.",https://www.cambridge.org/core/journals/journal-of-african-history/article/abs/la-traite-des-esclaves-noirs-en-libye-au-xviiie-siecle/7245C0AEDD8C0103C7AF3AC0CE314C0F,https://www.cambridge.org/core/books/history-of-algeria/ecologies-societies-cultures-and-the-state-15161830/6C59DEAD9F70913EC060EDD1465FA6A5
FZN,Fezzan,Africa,Maghreb oriental,tier_4,REPLACE_WITH_EXPLICIT_SETUP,,international_relations,TIER,KEEP,MEDIUM,ESTABLISHED,—,nœud sans déblocage direct majeur,"Commerce longue distance, diplomatie, tribut et relations interétatiques/avec des négociants étrangers rendent ce nœud plausible comme capacité politique.",https://www.cambridge.org/core/journals/journal-of-african-history/article/abs/la-traite-des-esclaves-noirs-en-libye-au-xviiie-siecle/7245C0AEDD8C0103C7AF3AC0CE314C0F,https://www.cambridge.org/core/books/history-of-algeria/ecologies-societies-cultures-and-the-state-15161830/6C59DEAD9F70913EC060EDD1465FA6A5
FZN,Fezzan,Africa,Maghreb oriental,tier_4,REPLACE_WITH_EXPLICIT_SETUP,,light_infantry_tactics,TIER,REVIEW,MEDIUM,SECTORAL,Missing direct prerequisite(s): regulated_small_arms. Do not auto-add; either tolerate tree abstraction or revise this child in synthesis.,modificateurs/nœud de progression,"Tactiques d’infanterie organisée plausibles dans les États maghrébins, mais le nœud est une abstraction militaire européenne et doit rester sectoriel.",https://www.cambridge.org/core/journals/journal-of-african-history/article/abs/la-traite-des-esclaves-noirs-en-libye-au-xviiie-siecle/7245C0AEDD8C0103C7AF3AC0CE314C0F,https://www.cambridge.org/core/books/history-of-algeria/ecologies-societies-cultures-and-the-state-15161830/6C59DEAD9F70913EC060EDD1465FA6A5
FZN,Fezzan,Africa,Maghreb oriental,tier_4,REPLACE_WITH_EXPLICIT_SETUP,,organized_textile_production,TIER,KEEP,MEDIUM,ESTABLISHED,—,"PM:pm_craftsman_sewing, bâtiment:building_textile_mill",Filage/tissage et production textile organisée sont attestés dans la sous-région; le bâtiment de manufacture reste une abstraction de proto-industrie et d’artisanat spécialisé.,https://www.cambridge.org/core/journals/journal-of-african-history/article/abs/la-traite-des-esclaves-noirs-en-libye-au-xviiie-siecle/7245C0AEDD8C0103C7AF3AC0CE314C0F,https://www.cambridge.org/core/books/history-of-algeria/ecologies-societies-cultures-and-the-state-15161830/6C59DEAD9F70913EC060EDD1465FA6A5
FZN,Fezzan,Africa,Maghreb oriental,tier_4,REPLACE_WITH_EXPLICIT_SETUP,,regulated_small_arms,TIER,REVIEW,MEDIUM,SECTORAL,Missing direct prerequisite(s): scientific_fortification_siegecraft. Do not auto-add; either tolerate tree abstraction or revise this child in synthesis.,"bâtiment:building_arms_industry, bâtiment:building_artillery_foundry","Les armes à feu circulent, mais ce nœud ouvre une industrie d’armes et d’artillerie; possession/importation/réparation ne suffit pas à prouver une production réglementée locale.",https://www.cambridge.org/core/journals/journal-of-african-history/article/abs/la-traite-des-esclaves-noirs-en-libye-au-xviiie-siecle/7245C0AEDD8C0103C7AF3AC0CE314C0F,https://www.cambridge.org/core/books/history-of-algeria/ecologies-societies-cultures-and-the-state-15161830/6C59DEAD9F70913EC060EDD1465FA6A5
FZN,Fezzan,Africa,Maghreb oriental,tier_4,REPLACE_WITH_EXPLICIT_SETUP,,shaft_mining,TIER,REVIEW,MEDIUM,ABSTRACT,—,"bâtiment:building_coal_mine, bâtiment:building_copper_mine, bâtiment:building_iron_mine, bâtiment:building_lead_mine, bâtiment:building_limestone_quarry, bâtiment:building_salt_mine, bâtiment:building_sulfur_mine, décret:decree…","Extraction minière et métallurgie existent dans plusieurs sociétés africaines, mais le nœud déverrouille un ensemble de mines à puits; il ne faut pas confondre métallurgie du fer, orpaillage ou carrières avec ce paquet gameplay.",https://www.cambridge.org/core/journals/journal-of-african-history/article/abs/la-traite-des-esclaves-noirs-en-libye-au-xviiie-siecle/7245C0AEDD8C0103C7AF3AC0CE314C0F,https://www.cambridge.org/core/books/history-of-algeria/ecologies-societies-cultures-and-the-state-15161830/6C59DEAD9F70913EC060EDD1465FA6A5
FZN,Fezzan,Africa,Maghreb oriental,tier_4,REPLACE_WITH_EXPLICIT_SETUP,,standardized_field_artillery,TIER,REVIEW,MEDIUM,SECTORAL,Missing direct prerequisite(s): regulated_small_arms. Do not auto-add; either tolerate tree abstraction or revise this child in synthesis.,PM:pm_cannons,"Artillerie et arsenaux existent dans le Maghreb, mais la standardisation de campagne est plus exigeante que la simple possession de canons.",https://www.cambridge.org/core/journals/journal-of-african-history/article/abs/la-traite-des-esclaves-noirs-en-libye-au-xviiie-siecle/7245C0AEDD8C0103C7AF3AC0CE314C0F,https://www.cambridge.org/core/books/history-of-algeria/ecologies-societies-cultures-and-the-state-15161830/6C59DEAD9F70913EC060EDD1465FA6A5
FZN,Fezzan,Africa,Maghreb oriental,tier_4,REPLACE_WITH_EXPLICIT_SETUP,,systematic_administrative_statistics,TIER,REVIEW,MEDIUM,ABSTRACT,—,"bâtiment:building_government_administration, décret:decree_emergency_relief, décret:decree_road_maintenance","Le nœud représente à la fois administration, capacité fiscale, incorporation et statistiques d’État. Fiscalité/tribut peuvent être attestés sans justifier une statistique administrative systématique.",https://www.cambridge.org/core/journals/journal-of-african-history/article/abs/la-traite-des-esclaves-noirs-en-libye-au-xviiie-siecle/7245C0AEDD8C0103C7AF3AC0CE314C0F,https://www.cambridge.org/core/books/history-of-algeria/ecologies-societies-cultures-and-the-state-15161830/6C59DEAD9F70913EC060EDD1465FA6A5
FZN,Fezzan,Africa,Maghreb oriental,tier_4,REPLACE_WITH_EXPLICIT_SETUP,,urbanization,TIER,KEEP,MEDIUM,ABSTRACT,—,"bâtiment:building_construction_sector, bâtiment:building_urban_center","Conserver uniquement comme abstraction de bourgs, marchés, construction et concentration de population; ne pas lire ce nœud comme une urbanisation industrielle.",https://www.cambridge.org/core/journals/journal-of-african-history/article/abs/la-traite-des-esclaves-noirs-en-libye-au-xviiie-siecle/7245C0AEDD8C0103C7AF3AC0CE314C0F,https://www.cambridge.org/core/books/history-of-algeria/ecologies-societies-cultures-and-the-state-15161830/6C59DEAD9F70913EC060EDD1465FA6A5
GGO,Gogo,Africa,Grands Lacs et plateau est-africain,tier_7,REPLACE_WITH_EXPLICIT_SETUP,,improved_husbandry,ABSENT,ADD,MEDIUM,ESTABLISHED,—,"bâtiment:building_banana_plantation, bâtiment:building_coffee_plantation, bâtiment:building_dye_plantation, bâtiment:building_livestock_ranch, bâtiment:building_maize_farm, bâtiment:building_millet_farm, bâtiment:building_opium…",Le tier 7 vide efface une capacité agricole et/ou pastorale locale attestée à l’échelle de la sous-région; ADD restaure un socle de production sans attribuer une industrialisation européenne.,https://82nd-and-fifth.metmuseum.org/toah/ht/09/afa.html,https://www.cambridge.org/core/books/abs/cambridge-history-of-africa/east-africa-the-expansion-of-commerce/8AE31B68FFE6ED0C29991E89FAB01006
GJM,Gojjam,Africa,Corne de l’Afrique et hauts plateaux éthiopiens,tier_5,REPLACE_WITH_EXPLICIT_SETUP,,codified_practical_knowledge,TIER,KEEP,MEDIUM,ABSTRACT,"Missing direct prerequisite(s): institutionalized_scientific_exchange, periodical_print_networks. Do not auto-add; either tolerate tree abstraction or revise this child in synthesis.",nœud sans déblocage direct majeur,"Pratiques artisanales, administratives et savoirs codifiés/oraux existent, mais le nœud agrège plusieurs formes de transmission; conserver sans ajouter automatiquement ses prérequis européens.",https://82nd-and-fifth.metmuseum.org/toah/ht/09/afa.html,https://www.cambridge.org/core/books/abs/cambridge-history-of-africa/east-africa-the-expansion-of-commerce/8AE31B68FFE6ED0C29991E89FAB01006
GJM,Gojjam,Africa,Corne de l’Afrique et hauts plateaux éthiopiens,tier_5,REPLACE_WITH_EXPLICIT_SETUP,,improved_husbandry,TIER,KEEP,MEDIUM,ESTABLISHED,—,"bâtiment:building_banana_plantation, bâtiment:building_coffee_plantation, bâtiment:building_dye_plantation, bâtiment:building_livestock_ranch, bâtiment:building_maize_farm, bâtiment:building_millet_farm, bâtiment:building_opium…","Agriculture et/ou élevage sont structurants dans ce territoire en 1776; le nœud sert ici de socle agricole et pastoral, sans supposer une « révolution agricole » européenne.",https://82nd-and-fifth.metmuseum.org/toah/ht/09/afa.html,https://www.cambridge.org/core/books/abs/cambridge-history-of-africa/east-africa-the-expansion-of-commerce/8AE31B68FFE6ED0C29991E89FAB01006
GJM,Gojjam,Africa,Corne de l’Afrique et hauts plateaux éthiopiens,tier_5,REPLACE_WITH_EXPLICIT_SETUP,,organized_textile_production,TIER,KEEP,MEDIUM,ESTABLISHED,—,"PM:pm_craftsman_sewing, bâtiment:building_textile_mill",Filage/tissage et production textile organisée sont attestés dans la sous-région; le bâtiment de manufacture reste une abstraction de proto-industrie et d’artisanat spécialisé.,https://82nd-and-fifth.metmuseum.org/toah/ht/09/afa.html,https://www.cambridge.org/core/books/abs/cambridge-history-of-africa/east-africa-the-expansion-of-commerce/8AE31B68FFE6ED0C29991E89FAB01006
GJM,Gojjam,Africa,Corne de l’Afrique et hauts plateaux éthiopiens,tier_5,REPLACE_WITH_EXPLICIT_SETUP,,shaft_mining,TIER,REVIEW,MEDIUM,ABSTRACT,—,"bâtiment:building_coal_mine, bâtiment:building_copper_mine, bâtiment:building_iron_mine, bâtiment:building_lead_mine, bâtiment:building_limestone_quarry, bâtiment:building_salt_mine, bâtiment:building_sulfur_mine, décret:decree…","Extraction minière et métallurgie existent dans plusieurs sociétés africaines, mais le nœud déverrouille un ensemble de mines à puits; il ne faut pas confondre métallurgie du fer, orpaillage ou carrières avec ce paquet gameplay.",https://82nd-and-fifth.metmuseum.org/toah/ht/09/afa.html,https://www.cambridge.org/core/books/abs/cambridge-history-of-africa/east-africa-the-expansion-of-commerce/8AE31B68FFE6ED0C29991E89FAB01006
GJM,Gojjam,Africa,Corne de l’Afrique et hauts plateaux éthiopiens,tier_5,REPLACE_WITH_EXPLICIT_SETUP,,systematic_administrative_statistics,TIER,REVIEW,MEDIUM,ABSTRACT,—,"bâtiment:building_government_administration, décret:decree_emergency_relief, décret:decree_road_maintenance","Le nœud représente à la fois administration, capacité fiscale, incorporation et statistiques d’État. Fiscalité/tribut peuvent être attestés sans justifier une statistique administrative systématique.",https://82nd-and-fifth.metmuseum.org/toah/ht/09/afa.html,https://www.cambridge.org/core/books/abs/cambridge-history-of-africa/east-africa-the-expansion-of-commerce/8AE31B68FFE6ED0C29991E89FAB01006
GJM,Gojjam,Africa,Corne de l’Afrique et hauts plateaux éthiopiens,tier_5,REPLACE_WITH_EXPLICIT_SETUP,,urbanization,TIER,KEEP,MEDIUM,ABSTRACT,—,"bâtiment:building_construction_sector, bâtiment:building_urban_center","Conserver uniquement comme abstraction de bourgs, marchés, construction et concentration de population; ne pas lire ce nœud comme une urbanisation industrielle.",https://82nd-and-fifth.metmuseum.org/toah/ht/09/afa.html,https://www.cambridge.org/core/books/abs/cambridge-history-of-africa/east-africa-the-expansion-of-commerce/8AE31B68FFE6ED0C29991E89FAB01006
GLD,Geledi,Africa,Corne de l’Afrique et hauts plateaux éthiopiens,tier_5,REPLACE_WITH_EXPLICIT_SETUP,,codified_practical_knowledge,TIER,KEEP,MEDIUM,ABSTRACT,"Missing direct prerequisite(s): institutionalized_scientific_exchange, periodical_print_networks. Do not auto-add; either tolerate tree abstraction or revise this child in synthesis.",nœud sans déblocage direct majeur,"Pratiques artisanales, administratives et savoirs codifiés/oraux existent, mais le nœud agrège plusieurs formes de transmission; conserver sans ajouter automatiquement ses prérequis européens.",https://82nd-and-fifth.metmuseum.org/toah/ht/09/afa.html,https://www.cambridge.org/core/books/abs/cambridge-history-of-africa/east-africa-the-expansion-of-commerce/8AE31B68FFE6ED0C29991E89FAB01006
GLD,Geledi,Africa,Corne de l’Afrique et hauts plateaux éthiopiens,tier_5,REPLACE_WITH_EXPLICIT_SETUP,,improved_husbandry,TIER,KEEP,MEDIUM,ESTABLISHED,—,"bâtiment:building_banana_plantation, bâtiment:building_coffee_plantation, bâtiment:building_dye_plantation, bâtiment:building_livestock_ranch, bâtiment:building_maize_farm, bâtiment:building_millet_farm, bâtiment:building_opium…","Agriculture et/ou élevage sont structurants dans ce territoire en 1776; le nœud sert ici de socle agricole et pastoral, sans supposer une « révolution agricole » européenne.",https://82nd-and-fifth.metmuseum.org/toah/ht/09/afa.html,https://www.cambridge.org/core/books/abs/cambridge-history-of-africa/east-africa-the-expansion-of-commerce/8AE31B68FFE6ED0C29991E89FAB01006
GLD,Geledi,Africa,Corne de l’Afrique et hauts plateaux éthiopiens,tier_5,REPLACE_WITH_EXPLICIT_SETUP,,international_relations,EXPLICIT,KEEP,MEDIUM,ESTABLISHED,—,nœud sans déblocage direct majeur,"Commerce longue distance, diplomatie, tribut et relations interétatiques/avec des négociants étrangers rendent ce nœud plausible comme capacité politique.",https://82nd-and-fifth.metmuseum.org/toah/ht/09/afa.html,https://www.cambridge.org/core/books/abs/cambridge-history-of-africa/east-africa-the-expansion-of-commerce/8AE31B68FFE6ED0C29991E89FAB01006
GLD,Geledi,Africa,Corne de l’Afrique et hauts plateaux éthiopiens,tier_5,REPLACE_WITH_EXPLICIT_SETUP,,organized_textile_production,TIER,KEEP,MEDIUM,ESTABLISHED,—,"PM:pm_craftsman_sewing, bâtiment:building_textile_mill",Filage/tissage et production textile organisée sont attestés dans la sous-région; le bâtiment de manufacture reste une abstraction de proto-industrie et d’artisanat spécialisé.,https://82nd-and-fifth.metmuseum.org/toah/ht/09/afa.html,https://www.cambridge.org/core/books/abs/cambridge-history-of-africa/east-africa-the-expansion-of-commerce/8AE31B68FFE6ED0C29991E89FAB01006
GLD,Geledi,Africa,Corne de l’Afrique et hauts plateaux éthiopiens,tier_5,REPLACE_WITH_EXPLICIT_SETUP,,shaft_mining,TIER,REVIEW,MEDIUM,ABSTRACT,—,"bâtiment:building_coal_mine, bâtiment:building_copper_mine, bâtiment:building_iron_mine, bâtiment:building_lead_mine, bâtiment:building_limestone_quarry, bâtiment:building_salt_mine, bâtiment:building_sulfur_mine, décret:decree…","Extraction minière et métallurgie existent dans plusieurs sociétés africaines, mais le nœud déverrouille un ensemble de mines à puits; il ne faut pas confondre métallurgie du fer, orpaillage ou carrières avec ce paquet gameplay.",https://82nd-and-fifth.metmuseum.org/toah/ht/09/afa.html,https://www.cambridge.org/core/books/abs/cambridge-history-of-africa/east-africa-the-expansion-of-commerce/8AE31B68FFE6ED0C29991E89FAB01006
GLD,Geledi,Africa,Corne de l’Afrique et hauts plateaux éthiopiens,tier_5,REPLACE_WITH_EXPLICIT_SETUP,,systematic_administrative_statistics,TIER,REVIEW,MEDIUM,ABSTRACT,—,"bâtiment:building_government_administration, décret:decree_emergency_relief, décret:decree_road_maintenance","Le nœud représente à la fois administration, capacité fiscale, incorporation et statistiques d’État. Fiscalité/tribut peuvent être attestés sans justifier une statistique administrative systématique.",https://82nd-and-fifth.metmuseum.org/toah/ht/09/afa.html,https://www.cambridge.org/core/books/abs/cambridge-history-of-africa/east-africa-the-expansion-of-commerce/8AE31B68FFE6ED0C29991E89FAB01006
GLD,Geledi,Africa,Corne de l’Afrique et hauts plateaux éthiopiens,tier_5,REPLACE_WITH_EXPLICIT_SETUP,,urbanization,TIER,KEEP,MEDIUM,ABSTRACT,—,"bâtiment:building_construction_sector, bâtiment:building_urban_center","Conserver uniquement comme abstraction de bourgs, marchés, construction et concentration de population; ne pas lire ce nœud comme une urbanisation industrielle.",https://82nd-and-fifth.metmuseum.org/toah/ht/09/afa.html,https://www.cambridge.org/core/books/abs/cambridge-history-of-africa/east-africa-the-expansion-of-commerce/8AE31B68FFE6ED0C29991E89FAB01006
GZA,Gaza,Africa,Afrique du Sud-Est intérieure,tier_6,REPLACE_WITH_EXPLICIT_SETUP,,improved_husbandry,TIER,KEEP,MEDIUM,ESTABLISHED,—,"bâtiment:building_banana_plantation, bâtiment:building_coffee_plantation, bâtiment:building_dye_plantation, bâtiment:building_livestock_ranch, bâtiment:building_maize_farm, bâtiment:building_millet_farm, bâtiment:building_opium…","Agriculture et/ou élevage sont structurants dans ce territoire en 1776; le nœud sert ici de socle agricole et pastoral, sans supposer une « révolution agricole » européenne.",https://www.cambridge.org/core/books/abs/five-hundred-years-rediscovered/rediscovering-the-ndwandwe-kingdom/BA03843A183BCC5D93A486506AB3C710,https://sahistory.org.za/archive/african-farmers-southern-africa
GZA,Gaza,Africa,Afrique du Sud-Est intérieure,tier_6,REPLACE_WITH_EXPLICIT_SETUP,,international_relations,EXPLICIT,REMOVE,MEDIUM,ABSENT,—,nœud sans déblocage direct majeur,Le nœud représente une capacité diplomatique d’État autonome; ici le TAG de 1776 est colonial ou postérieur et ne doit pas hériter automatiquement de la diplomatie de la métropole/du futur royaume.,https://www.cambridge.org/core/books/abs/five-hundred-years-rediscovered/rediscovering-the-ndwandwe-kingdom/BA03843A183BCC5D93A486506AB3C710,https://sahistory.org.za/archive/african-farmers-southern-africa
GZA,Gaza,Africa,Afrique du Sud-Est intérieure,tier_6,REPLACE_WITH_EXPLICIT_SETUP,,urbanization,TIER,REVIEW,MEDIUM,ABSTRACT,—,"bâtiment:building_construction_sector, bâtiment:building_urban_center","Nœud de compatibilité très abstrait (secteur de construction + centre urbain); il ne doit pas transformer une société pastorale, mobile ou un TAG postérieur en économie urbaine de type XIXe siècle.",https://www.cambridge.org/core/books/abs/five-hundred-years-rediscovered/rediscovering-the-ndwandwe-kingdom/BA03843A183BCC5D93A486506AB3C710,https://sahistory.org.za/archive/african-farmers-southern-africa
HAR,Harar,Africa,Corne de l’Afrique et hauts plateaux éthiopiens,tier_5,REPLACE_WITH_EXPLICIT_SETUP,,codified_practical_knowledge,TIER,KEEP,MEDIUM,ABSTRACT,"Missing direct prerequisite(s): institutionalized_scientific_exchange, periodical_print_networks. Do not auto-add; either tolerate tree abstraction or revise this child in synthesis.",nœud sans déblocage direct majeur,"Pratiques artisanales, administratives et savoirs codifiés/oraux existent, mais le nœud agrège plusieurs formes de transmission; conserver sans ajouter automatiquement ses prérequis européens.",https://82nd-and-fifth.metmuseum.org/toah/ht/09/afa.html,https://www.cambridge.org/core/books/abs/cambridge-history-of-africa/east-africa-the-expansion-of-commerce/8AE31B68FFE6ED0C29991E89FAB01006
HAR,Harar,Africa,Corne de l’Afrique et hauts plateaux éthiopiens,tier_5,REPLACE_WITH_EXPLICIT_SETUP,,improved_husbandry,TIER,KEEP,MEDIUM,ESTABLISHED,—,"bâtiment:building_banana_plantation, bâtiment:building_coffee_plantation, bâtiment:building_dye_plantation, bâtiment:building_livestock_ranch, bâtiment:building_maize_farm, bâtiment:building_millet_farm, bâtiment:building_opium…","Agriculture et/ou élevage sont structurants dans ce territoire en 1776; le nœud sert ici de socle agricole et pastoral, sans supposer une « révolution agricole » européenne.",https://82nd-and-fifth.metmuseum.org/toah/ht/09/afa.html,https://www.cambridge.org/core/books/abs/cambridge-history-of-africa/east-africa-the-expansion-of-commerce/8AE31B68FFE6ED0C29991E89FAB01006
HAR,Harar,Africa,Corne de l’Afrique et hauts plateaux éthiopiens,tier_5,REPLACE_WITH_EXPLICIT_SETUP,,organized_textile_production,TIER,KEEP,MEDIUM,ESTABLISHED,—,"PM:pm_craftsman_sewing, bâtiment:building_textile_mill",Filage/tissage et production textile organisée sont attestés dans la sous-région; le bâtiment de manufacture reste une abstraction de proto-industrie et d’artisanat spécialisé.,https://82nd-and-fifth.metmuseum.org/toah/ht/09/afa.html,https://www.cambridge.org/core/books/abs/cambridge-history-of-africa/east-africa-the-expansion-of-commerce/8AE31B68FFE6ED0C29991E89FAB01006
HAR,Harar,Africa,Corne de l’Afrique et hauts plateaux éthiopiens,tier_5,REPLACE_WITH_EXPLICIT_SETUP,,shaft_mining,TIER,REVIEW,MEDIUM,ABSTRACT,—,"bâtiment:building_coal_mine, bâtiment:building_copper_mine, bâtiment:building_iron_mine, bâtiment:building_lead_mine, bâtiment:building_limestone_quarry, bâtiment:building_salt_mine, bâtiment:building_sulfur_mine, décret:decree…","Extraction minière et métallurgie existent dans plusieurs sociétés africaines, mais le nœud déverrouille un ensemble de mines à puits; il ne faut pas confondre métallurgie du fer, orpaillage ou carrières avec ce paquet gameplay.",https://82nd-and-fifth.metmuseum.org/toah/ht/09/afa.html,https://www.cambridge.org/core/books/abs/cambridge-history-of-africa/east-africa-the-expansion-of-commerce/8AE31B68FFE6ED0C29991E89FAB01006
HAR,Harar,Africa,Corne de l’Afrique et hauts plateaux éthiopiens,tier_5,REPLACE_WITH_EXPLICIT_SETUP,,systematic_administrative_statistics,TIER,REVIEW,MEDIUM,ABSTRACT,—,"bâtiment:building_government_administration, décret:decree_emergency_relief, décret:decree_road_maintenance","Le nœud représente à la fois administration, capacité fiscale, incorporation et statistiques d’État. Fiscalité/tribut peuvent être attestés sans justifier une statistique administrative systématique.",https://82nd-and-fifth.metmuseum.org/toah/ht/09/afa.html,https://www.cambridge.org/core/books/abs/cambridge-history-of-africa/east-africa-the-expansion-of-commerce/8AE31B68FFE6ED0C29991E89FAB01006
HAR,Harar,Africa,Corne de l’Afrique et hauts plateaux éthiopiens,tier_5,REPLACE_WITH_EXPLICIT_SETUP,,urbanization,TIER,KEEP,MEDIUM,ABSTRACT,—,"bâtiment:building_construction_sector, bâtiment:building_urban_center","Conserver uniquement comme abstraction de bourgs, marchés, construction et concentration de population; ne pas lire ce nœud comme une urbanisation industrielle.",https://82nd-and-fifth.metmuseum.org/toah/ht/09/afa.html,https://www.cambridge.org/core/books/abs/cambridge-history-of-africa/east-africa-the-expansion-of-commerce/8AE31B68FFE6ED0C29991E89FAB01006
HAR,Harar,Africa,Corne de l’Afrique et hauts plateaux éthiopiens,tier_5,REPLACE_WITH_EXPLICIT_SETUP,,international_relations,ABSENT,ADD,MEDIUM,ESTABLISHED,—,nœud sans déblocage direct majeur,"Diplomatie, tribut et/ou commerce longue distance structurés justifient une capacité de relations extérieures; elle ne présume pas une diplomatie européenne moderne.",https://82nd-and-fifth.metmuseum.org/toah/ht/09/afa.html,https://www.cambridge.org/core/books/abs/cambridge-history-of-africa/east-africa-the-expansion-of-commerce/8AE31B68FFE6ED0C29991E89FAB01006
HAU,Gobir,Africa,Sahel et Soudan occidental,tier_5,REPLACE_WITH_EXPLICIT_SETUP,,codified_practical_knowledge,TIER,KEEP,MEDIUM,ABSTRACT,"Missing direct prerequisite(s): institutionalized_scientific_exchange, periodical_print_networks. Do not auto-add; either tolerate tree abstraction or revise this child in synthesis.",nœud sans déblocage direct majeur,"Pratiques artisanales, administratives et savoirs codifiés/oraux existent, mais le nœud agrège plusieurs formes de transmission; conserver sans ajouter automatiquement ses prérequis européens.",https://www.metmuseum.org/fr/essays/the-age-of-iron-in-west-africa,https://www.cambridge.org/core/journals/journal-of-african-history/article/abs/import-of-firearms-into-west-africa-in-the-eighteenth-century/84E8BF080DACF066CC957D56271DC721
HAU,Gobir,Africa,Sahel et Soudan occidental,tier_5,REPLACE_WITH_EXPLICIT_SETUP,,improved_husbandry,TIER,KEEP,MEDIUM,ESTABLISHED,—,"bâtiment:building_banana_plantation, bâtiment:building_coffee_plantation, bâtiment:building_dye_plantation, bâtiment:building_livestock_ranch, bâtiment:building_maize_farm, bâtiment:building_millet_farm, bâtiment:building_opium…","Agriculture et/ou élevage sont structurants dans ce territoire en 1776; le nœud sert ici de socle agricole et pastoral, sans supposer une « révolution agricole » européenne.",https://www.metmuseum.org/fr/essays/the-age-of-iron-in-west-africa,https://www.cambridge.org/core/journals/journal-of-african-history/article/abs/import-of-firearms-into-west-africa-in-the-eighteenth-century/84E8BF080DACF066CC957D56271DC721
HAU,Gobir,Africa,Sahel et Soudan occidental,tier_5,REPLACE_WITH_EXPLICIT_SETUP,,organized_textile_production,TIER,KEEP,MEDIUM,ESTABLISHED,—,"PM:pm_craftsman_sewing, bâtiment:building_textile_mill",Filage/tissage et production textile organisée sont attestés dans la sous-région; le bâtiment de manufacture reste une abstraction de proto-industrie et d’artisanat spécialisé.,https://www.metmuseum.org/fr/essays/the-age-of-iron-in-west-africa,https://www.cambridge.org/core/journals/journal-of-african-history/article/abs/import-of-firearms-into-west-africa-in-the-eighteenth-century/84E8BF080DACF066CC957D56271DC721
HAU,Gobir,Africa,Sahel et Soudan occidental,tier_5,REPLACE_WITH_EXPLICIT_SETUP,,shaft_mining,TIER,REVIEW,MEDIUM,ABSTRACT,—,"bâtiment:building_coal_mine, bâtiment:building_copper_mine, bâtiment:building_iron_mine, bâtiment:building_lead_mine, bâtiment:building_limestone_quarry, bâtiment:building_salt_mine, bâtiment:building_sulfur_mine, décret:decree…","Extraction minière et métallurgie existent dans plusieurs sociétés africaines, mais le nœud déverrouille un ensemble de mines à puits; il ne faut pas confondre métallurgie du fer, orpaillage ou carrières avec ce paquet gameplay.",https://www.metmuseum.org/fr/essays/the-age-of-iron-in-west-africa,https://www.cambridge.org/core/journals/journal-of-african-history/article/abs/import-of-firearms-into-west-africa-in-the-eighteenth-century/84E8BF080DACF066CC957D56271DC721
HAU,Gobir,Africa,Sahel et Soudan occidental,tier_5,REPLACE_WITH_EXPLICIT_SETUP,,systematic_administrative_statistics,TIER,REVIEW,MEDIUM,ABSTRACT,—,"bâtiment:building_government_administration, décret:decree_emergency_relief, décret:decree_road_maintenance","Le nœud représente à la fois administration, capacité fiscale, incorporation et statistiques d’État. Fiscalité/tribut peuvent être attestés sans justifier une statistique administrative systématique.",https://www.metmuseum.org/fr/essays/the-age-of-iron-in-west-africa,https://www.cambridge.org/core/journals/journal-of-african-history/article/abs/import-of-firearms-into-west-africa-in-the-eighteenth-century/84E8BF080DACF066CC957D56271DC721
HAU,Gobir,Africa,Sahel et Soudan occidental,tier_5,REPLACE_WITH_EXPLICIT_SETUP,,urbanization,TIER,KEEP,MEDIUM,ABSTRACT,—,"bâtiment:building_construction_sector, bâtiment:building_urban_center","Conserver uniquement comme abstraction de bourgs, marchés, construction et concentration de population; ne pas lire ce nœud comme une urbanisation industrielle.",https://www.metmuseum.org/fr/essays/the-age-of-iron-in-west-africa,https://www.cambridge.org/core/journals/journal-of-african-history/article/abs/import-of-firearms-into-west-africa-in-the-eighteenth-century/84E8BF080DACF066CC957D56271DC721
HDY,Hadiya,Africa,Corne de l’Afrique et hauts plateaux éthiopiens,tier_5,REPLACE_WITH_EXPLICIT_SETUP,,codified_practical_knowledge,TIER,KEEP,MEDIUM,ABSTRACT,"Missing direct prerequisite(s): institutionalized_scientific_exchange, periodical_print_networks. Do not auto-add; either tolerate tree abstraction or revise this child in synthesis.",nœud sans déblocage direct majeur,"Pratiques artisanales, administratives et savoirs codifiés/oraux existent, mais le nœud agrège plusieurs formes de transmission; conserver sans ajouter automatiquement ses prérequis européens.",https://82nd-and-fifth.metmuseum.org/toah/ht/09/afa.html,https://www.cambridge.org/core/books/abs/cambridge-history-of-africa/east-africa-the-expansion-of-commerce/8AE31B68FFE6ED0C29991E89FAB01006
HDY,Hadiya,Africa,Corne de l’Afrique et hauts plateaux éthiopiens,tier_5,REPLACE_WITH_EXPLICIT_SETUP,,improved_husbandry,TIER,KEEP,MEDIUM,ESTABLISHED,—,"bâtiment:building_banana_plantation, bâtiment:building_coffee_plantation, bâtiment:building_dye_plantation, bâtiment:building_livestock_ranch, bâtiment:building_maize_farm, bâtiment:building_millet_farm, bâtiment:building_opium…","Agriculture et/ou élevage sont structurants dans ce territoire en 1776; le nœud sert ici de socle agricole et pastoral, sans supposer une « révolution agricole » européenne.",https://82nd-and-fifth.metmuseum.org/toah/ht/09/afa.html,https://www.cambridge.org/core/books/abs/cambridge-history-of-africa/east-africa-the-expansion-of-commerce/8AE31B68FFE6ED0C29991E89FAB01006
HDY,Hadiya,Africa,Corne de l’Afrique et hauts plateaux éthiopiens,tier_5,REPLACE_WITH_EXPLICIT_SETUP,,international_relations,EXPLICIT,KEEP,MEDIUM,ESTABLISHED,—,nœud sans déblocage direct majeur,"Commerce longue distance, diplomatie, tribut et relations interétatiques/avec des négociants étrangers rendent ce nœud plausible comme capacité politique.",https://82nd-and-fifth.metmuseum.org/toah/ht/09/afa.html,https://www.cambridge.org/core/books/abs/cambridge-history-of-africa/east-africa-the-expansion-of-commerce/8AE31B68FFE6ED0C29991E89FAB01006
HDY,Hadiya,Africa,Corne de l’Afrique et hauts plateaux éthiopiens,tier_5,REPLACE_WITH_EXPLICIT_SETUP,,organized_textile_production,TIER,KEEP,MEDIUM,ESTABLISHED,—,"PM:pm_craftsman_sewing, bâtiment:building_textile_mill",Filage/tissage et production textile organisée sont attestés dans la sous-région; le bâtiment de manufacture reste une abstraction de proto-industrie et d’artisanat spécialisé.,https://82nd-and-fifth.metmuseum.org/toah/ht/09/afa.html,https://www.cambridge.org/core/books/abs/cambridge-history-of-africa/east-africa-the-expansion-of-commerce/8AE31B68FFE6ED0C29991E89FAB01006
HDY,Hadiya,Africa,Corne de l’Afrique et hauts plateaux éthiopiens,tier_5,REPLACE_WITH_EXPLICIT_SETUP,,shaft_mining,TIER,REVIEW,MEDIUM,ABSTRACT,—,"bâtiment:building_coal_mine, bâtiment:building_copper_mine, bâtiment:building_iron_mine, bâtiment:building_lead_mine, bâtiment:building_limestone_quarry, bâtiment:building_salt_mine, bâtiment:building_sulfur_mine, décret:decree…","Extraction minière et métallurgie existent dans plusieurs sociétés africaines, mais le nœud déverrouille un ensemble de mines à puits; il ne faut pas confondre métallurgie du fer, orpaillage ou carrières avec ce paquet gameplay.",https://82nd-and-fifth.metmuseum.org/toah/ht/09/afa.html,https://www.cambridge.org/core/books/abs/cambridge-history-of-africa/east-africa-the-expansion-of-commerce/8AE31B68FFE6ED0C29991E89FAB01006
HDY,Hadiya,Africa,Corne de l’Afrique et hauts plateaux éthiopiens,tier_5,REPLACE_WITH_EXPLICIT_SETUP,,systematic_administrative_statistics,TIER,REVIEW,MEDIUM,ABSTRACT,—,"bâtiment:building_government_administration, décret:decree_emergency_relief, décret:decree_road_maintenance","Le nœud représente à la fois administration, capacité fiscale, incorporation et statistiques d’État. Fiscalité/tribut peuvent être attestés sans justifier une statistique administrative systématique.",https://82nd-and-fifth.metmuseum.org/toah/ht/09/afa.html,https://www.cambridge.org/core/books/abs/cambridge-history-of-africa/east-africa-the-expansion-of-commerce/8AE31B68FFE6ED0C29991E89FAB01006
HDY,Hadiya,Africa,Corne de l’Afrique et hauts plateaux éthiopiens,tier_5,REPLACE_WITH_EXPLICIT_SETUP,,urbanization,TIER,KEEP,MEDIUM,ABSTRACT,—,"bâtiment:building_construction_sector, bâtiment:building_urban_center","Conserver uniquement comme abstraction de bourgs, marchés, construction et concentration de population; ne pas lire ce nœud comme une urbanisation industrielle.",https://82nd-and-fifth.metmuseum.org/toah/ht/09/afa.html,https://www.cambridge.org/core/books/abs/cambridge-history-of-africa/east-africa-the-expansion-of-commerce/8AE31B68FFE6ED0C29991E89FAB01006
HHE,Hehe,Africa,Grands Lacs et plateau est-africain,tier_7,REPLACE_WITH_EXPLICIT_SETUP,,improved_husbandry,ABSENT,ADD,MEDIUM,ESTABLISHED,—,"bâtiment:building_banana_plantation, bâtiment:building_coffee_plantation, bâtiment:building_dye_plantation, bâtiment:building_livestock_ranch, bâtiment:building_maize_farm, bâtiment:building_millet_farm, bâtiment:building_opium…",Le tier 7 vide efface une capacité agricole et/ou pastorale locale attestée à l’échelle de la sous-région; ADD restaure un socle de production sans attribuer une industrialisation européenne.,https://82nd-and-fifth.metmuseum.org/toah/ht/09/afa.html,https://www.cambridge.org/core/books/abs/cambridge-history-of-africa/east-africa-the-expansion-of-commerce/8AE31B68FFE6ED0C29991E89FAB01006
HMB,Hemba,Africa,Bassin du Congo et savanes centrales,tier_7,REPLACE_WITH_EXPLICIT_SETUP,,improved_husbandry,ABSENT,ADD,MEDIUM,ESTABLISHED,—,"bâtiment:building_banana_plantation, bâtiment:building_coffee_plantation, bâtiment:building_dye_plantation, bâtiment:building_livestock_ranch, bâtiment:building_maize_farm, bâtiment:building_millet_farm, bâtiment:building_opium…",Le tier 7 vide efface une capacité agricole et/ou pastorale locale attestée à l’échelle de la sous-région; ADD restaure un socle de production sans attribuer une industrialisation européenne.,https://82nd-and-fifth.metmuseum.org/toah/ht/09/afc.html,https://www.metmuseum.org/de/essays/kingdoms-of-the-savanna-the-luba-and-lunda-empires
HRO,Herero,Africa,Namibie et Kalahari,tier_7,REPLACE_WITH_EXPLICIT_SETUP,,improved_husbandry,ABSENT,ADD,MEDIUM,ESTABLISHED,—,"bâtiment:building_banana_plantation, bâtiment:building_coffee_plantation, bâtiment:building_dye_plantation, bâtiment:building_livestock_ranch, bâtiment:building_maize_farm, bâtiment:building_millet_farm, bâtiment:building_opium…",Le tier 7 vide efface une capacité agricole et/ou pastorale locale attestée à l’échelle de la sous-région; ADD restaure un socle de production sans attribuer une industrialisation européenne.,https://sahistory.org.za/archive/african-farmers-southern-africa,https://sahistory.org.za/article/pre-colonial-history-southern-africa
IBO,Igbo,Africa,Golfe de Guinée et forêts ouest-africaines,tier_7,REPLACE_WITH_EXPLICIT_SETUP,,improved_husbandry,ABSENT,ADD,MEDIUM,ESTABLISHED,—,"bâtiment:building_banana_plantation, bâtiment:building_coffee_plantation, bâtiment:building_dye_plantation, bâtiment:building_livestock_ranch, bâtiment:building_maize_farm, bâtiment:building_millet_farm, bâtiment:building_opium…",Le tier 7 vide efface une capacité agricole et/ou pastorale locale attestée à l’échelle de la sous-région; ADD restaure un socle de production sans attribuer une industrialisation européenne.,https://www.metmuseum.org/fr/essays/the-age-of-iron-in-west-africa,https://www.cambridge.org/core/journals/journal-of-african-history/article/abs/import-of-firearms-into-west-africa-in-the-eighteenth-century/84E8BF080DACF066CC957D56271DC721
ISQ,Isaaq,Africa,Corne de l’Afrique et hauts plateaux éthiopiens,tier_5,REPLACE_WITH_EXPLICIT_SETUP,,codified_practical_knowledge,TIER,KEEP,MEDIUM,ABSTRACT,"Missing direct prerequisite(s): institutionalized_scientific_exchange, periodical_print_networks. Do not auto-add; either tolerate tree abstraction or revise this child in synthesis.",nœud sans déblocage direct majeur,"Pratiques artisanales, administratives et savoirs codifiés/oraux existent, mais le nœud agrège plusieurs formes de transmission; conserver sans ajouter automatiquement ses prérequis européens.",https://82nd-and-fifth.metmuseum.org/toah/ht/09/afa.html,https://www.cambridge.org/core/books/abs/cambridge-history-of-africa/east-africa-the-expansion-of-commerce/8AE31B68FFE6ED0C29991E89FAB01006
ISQ,Isaaq,Africa,Corne de l’Afrique et hauts plateaux éthiopiens,tier_5,REPLACE_WITH_EXPLICIT_SETUP,,improved_husbandry,TIER,KEEP,MEDIUM,ESTABLISHED,—,"bâtiment:building_banana_plantation, bâtiment:building_coffee_plantation, bâtiment:building_dye_plantation, bâtiment:building_livestock_ranch, bâtiment:building_maize_farm, bâtiment:building_millet_farm, bâtiment:building_opium…","Agriculture et/ou élevage sont structurants dans ce territoire en 1776; le nœud sert ici de socle agricole et pastoral, sans supposer une « révolution agricole » européenne.",https://82nd-and-fifth.metmuseum.org/toah/ht/09/afa.html,https://www.cambridge.org/core/books/abs/cambridge-history-of-africa/east-africa-the-expansion-of-commerce/8AE31B68FFE6ED0C29991E89FAB01006
ISQ,Isaaq,Africa,Corne de l’Afrique et hauts plateaux éthiopiens,tier_5,REPLACE_WITH_EXPLICIT_SETUP,,international_relations,EXPLICIT,KEEP,MEDIUM,ESTABLISHED,—,nœud sans déblocage direct majeur,"Commerce longue distance, diplomatie, tribut et relations interétatiques/avec des négociants étrangers rendent ce nœud plausible comme capacité politique.",https://82nd-and-fifth.metmuseum.org/toah/ht/09/afa.html,https://www.cambridge.org/core/books/abs/cambridge-history-of-africa/east-africa-the-expansion-of-commerce/8AE31B68FFE6ED0C29991E89FAB01006
ISQ,Isaaq,Africa,Corne de l’Afrique et hauts plateaux éthiopiens,tier_5,REPLACE_WITH_EXPLICIT_SETUP,,organized_textile_production,TIER,KEEP,MEDIUM,ESTABLISHED,—,"PM:pm_craftsman_sewing, bâtiment:building_textile_mill",Filage/tissage et production textile organisée sont attestés dans la sous-région; le bâtiment de manufacture reste une abstraction de proto-industrie et d’artisanat spécialisé.,https://82nd-and-fifth.metmuseum.org/toah/ht/09/afa.html,https://www.cambridge.org/core/books/abs/cambridge-history-of-africa/east-africa-the-expansion-of-commerce/8AE31B68FFE6ED0C29991E89FAB01006
ISQ,Isaaq,Africa,Corne de l’Afrique et hauts plateaux éthiopiens,tier_5,REPLACE_WITH_EXPLICIT_SETUP,,shaft_mining,TIER,REVIEW,MEDIUM,ABSTRACT,—,"bâtiment:building_coal_mine, bâtiment:building_copper_mine, bâtiment:building_iron_mine, bâtiment:building_lead_mine, bâtiment:building_limestone_quarry, bâtiment:building_salt_mine, bâtiment:building_sulfur_mine, décret:decree…","Extraction minière et métallurgie existent dans plusieurs sociétés africaines, mais le nœud déverrouille un ensemble de mines à puits; il ne faut pas confondre métallurgie du fer, orpaillage ou carrières avec ce paquet gameplay.",https://82nd-and-fifth.metmuseum.org/toah/ht/09/afa.html,https://www.cambridge.org/core/books/abs/cambridge-history-of-africa/east-africa-the-expansion-of-commerce/8AE31B68FFE6ED0C29991E89FAB01006
ISQ,Isaaq,Africa,Corne de l’Afrique et hauts plateaux éthiopiens,tier_5,REPLACE_WITH_EXPLICIT_SETUP,,systematic_administrative_statistics,TIER,REVIEW,MEDIUM,ABSTRACT,—,"bâtiment:building_government_administration, décret:decree_emergency_relief, décret:decree_road_maintenance","Le nœud représente à la fois administration, capacité fiscale, incorporation et statistiques d’État. Fiscalité/tribut peuvent être attestés sans justifier une statistique administrative systématique.",https://82nd-and-fifth.metmuseum.org/toah/ht/09/afa.html,https://www.cambridge.org/core/books/abs/cambridge-history-of-africa/east-africa-the-expansion-of-commerce/8AE31B68FFE6ED0C29991E89FAB01006
ISQ,Isaaq,Africa,Corne de l’Afrique et hauts plateaux éthiopiens,tier_5,REPLACE_WITH_EXPLICIT_SETUP,,urbanization,TIER,KEEP,MEDIUM,ABSTRACT,—,"bâtiment:building_construction_sector, bâtiment:building_urban_center","Conserver uniquement comme abstraction de bourgs, marchés, construction et concentration de population; ne pas lire ce nœud comme une urbanisation industrielle.",https://82nd-and-fifth.metmuseum.org/toah/ht/09/afa.html,https://www.cambridge.org/core/books/abs/cambridge-history-of-africa/east-africa-the-expansion-of-commerce/8AE31B68FFE6ED0C29991E89FAB01006
JLF,Jolof,Africa,Sénégambie et vallée du Sénégal,tier_7,REPLACE_WITH_EXPLICIT_SETUP,,improved_husbandry,ABSENT,ADD,MEDIUM,ESTABLISHED,—,"bâtiment:building_banana_plantation, bâtiment:building_coffee_plantation, bâtiment:building_dye_plantation, bâtiment:building_livestock_ranch, bâtiment:building_maize_farm, bâtiment:building_millet_farm, bâtiment:building_opium…",Le tier 7 vide efface une capacité agricole et/ou pastorale locale attestée à l’échelle de la sous-région; ADD restaure un socle de production sans attribuer une industrialisation européenne.,https://www.metmuseum.org/fr/essays/the-age-of-iron-in-west-africa,https://www.cambridge.org/core/journals/journal-of-african-history/article/abs/import-of-firearms-into-west-africa-in-the-eighteenth-century/84E8BF080DACF066CC957D56271DC721
KBA,Kuba,Africa,Bassin du Congo et savanes centrales,tier_6,REPLACE_WITH_EXPLICIT_SETUP,,improved_husbandry,TIER,KEEP,MEDIUM,ESTABLISHED,—,"bâtiment:building_banana_plantation, bâtiment:building_coffee_plantation, bâtiment:building_dye_plantation, bâtiment:building_livestock_ranch, bâtiment:building_maize_farm, bâtiment:building_millet_farm, bâtiment:building_opium…","Agriculture et/ou élevage sont structurants dans ce territoire en 1776; le nœud sert ici de socle agricole et pastoral, sans supposer une « révolution agricole » européenne.",https://www.metmuseum.org/pt/essays/kingdoms-of-the-savanna-the-kuba-kingdom,https://82nd-and-fifth.metmuseum.org/toah/ht/09/afc.html
KBA,Kuba,Africa,Bassin du Congo et savanes centrales,tier_6,REPLACE_WITH_EXPLICIT_SETUP,,urbanization,TIER,KEEP,MEDIUM,ABSTRACT,—,"bâtiment:building_construction_sector, bâtiment:building_urban_center","Conserver uniquement comme abstraction de bourgs, marchés, construction et concentration de population; ne pas lire ce nœud comme une urbanisation industrielle.",https://www.metmuseum.org/pt/essays/kingdoms-of-the-savanna-the-kuba-kingdom,https://82nd-and-fifth.metmuseum.org/toah/ht/09/afc.html
KBA,Kuba,Africa,Bassin du Congo et savanes centrales,tier_6,REPLACE_WITH_EXPLICIT_SETUP,,codified_practical_knowledge,ABSENT,ADD,MEDIUM,ABSTRACT,"Missing direct prerequisite(s): institutionalized_scientific_exchange, periodical_print_networks. Do not auto-add; either tolerate tree abstraction or revise this child in synthesis.",nœud sans déblocage direct majeur,"Institutions de cour, métiers spécialisés et transmission technique structurée rendent le nœud plausible comme abstraction locale; ne pas ajouter automatiquement ses parents.",https://www.metmuseum.org/pt/essays/kingdoms-of-the-savanna-the-kuba-kingdom,https://82nd-and-fifth.metmuseum.org/toah/ht/09/afc.html
KBA,Kuba,Africa,Bassin du Congo et savanes centrales,tier_6,REPLACE_WITH_EXPLICIT_SETUP,,international_relations,ABSENT,ADD,MEDIUM,ESTABLISHED,—,nœud sans déblocage direct majeur,"Diplomatie, tribut et/ou commerce longue distance structurés justifient une capacité de relations extérieures; elle ne présume pas une diplomatie européenne moderne.",https://www.metmuseum.org/pt/essays/kingdoms-of-the-savanna-the-kuba-kingdom,https://82nd-and-fifth.metmuseum.org/toah/ht/09/afc.html
KBA,Kuba,Africa,Bassin du Congo et savanes centrales,tier_6,REPLACE_WITH_EXPLICIT_SETUP,,organized_textile_production,ABSENT,ADD,HIGH,ESTABLISHED,—,"PM:pm_craftsman_sewing, bâtiment:building_textile_mill","Tissage/production textile spécialisée est une capacité propre attestée; le nœud est utilisé comme abstraction de proto-industrie artisanale, pas d’usine mécanisée.",https://www.metmuseum.org/pt/essays/kingdoms-of-the-savanna-the-kuba-kingdom,https://82nd-and-fifth.metmuseum.org/toah/ht/09/afc.html
KBA,Kuba,Africa,Bassin du Congo et savanes centrales,tier_6,REPLACE_WITH_EXPLICIT_SETUP,,systematic_administrative_statistics,ABSENT,REVIEW,MEDIUM,SECTORAL,—,"bâtiment:building_government_administration, décret:decree_emergency_relief, décret:decree_road_maintenance","Le royaume possède des institutions politiques et prélèvements structurés, mais la composante « statistiques d’État » du nœud est trop forte pour un ADD ferme sans preuve quantitative plus précise en 1776.",https://www.metmuseum.org/pt/essays/kingdoms-of-the-savanna-the-kuba-kingdom,https://82nd-and-fifth.metmuseum.org/toah/ht/09/afc.html
KBD,Kabadougou,Africa,Golfe de Guinée et forêts ouest-africaines,tier_6,KEEP_TIER,,improved_husbandry,TIER,KEEP,MEDIUM,ESTABLISHED,—,"bâtiment:building_banana_plantation, bâtiment:building_coffee_plantation, bâtiment:building_dye_plantation, bâtiment:building_livestock_ranch, bâtiment:building_maize_farm, bâtiment:building_millet_farm, bâtiment:building_opium…","Agriculture et/ou élevage sont structurants dans ce territoire en 1776; le nœud sert ici de socle agricole et pastoral, sans supposer une « révolution agricole » européenne.",https://www.metmuseum.org/fr/essays/the-age-of-iron-in-west-africa,https://www.cambridge.org/core/journals/journal-of-african-history/article/abs/import-of-firearms-into-west-africa-in-the-eighteenth-century/84E8BF080DACF066CC957D56271DC721
KBD,Kabadougou,Africa,Golfe de Guinée et forêts ouest-africaines,tier_6,KEEP_TIER,,urbanization,TIER,KEEP,MEDIUM,ABSTRACT,—,"bâtiment:building_construction_sector, bâtiment:building_urban_center","Conserver uniquement comme abstraction de bourgs, marchés, construction et concentration de population; ne pas lire ce nœud comme une urbanisation industrielle.",https://www.metmuseum.org/fr/essays/the-age-of-iron-in-west-africa,https://www.cambridge.org/core/journals/journal-of-african-history/article/abs/import-of-firearms-into-west-africa-in-the-eighteenth-century/84E8BF080DACF066CC957D56271DC721
KBU,Kaabu,Africa,Sénégambie et vallée du Sénégal,tier_6,KEEP_TIER,,improved_husbandry,TIER,KEEP,MEDIUM,ESTABLISHED,—,"bâtiment:building_banana_plantation, bâtiment:building_coffee_plantation, bâtiment:building_dye_plantation, bâtiment:building_livestock_ranch, bâtiment:building_maize_farm, bâtiment:building_millet_farm, bâtiment:building_opium…","Agriculture et/ou élevage sont structurants dans ce territoire en 1776; le nœud sert ici de socle agricole et pastoral, sans supposer une « révolution agricole » européenne.",https://www.metmuseum.org/fr/essays/the-age-of-iron-in-west-africa,https://www.cambridge.org/core/journals/journal-of-african-history/article/abs/import-of-firearms-into-west-africa-in-the-eighteenth-century/84E8BF080DACF066CC957D56271DC721
KBU,Kaabu,Africa,Sénégambie et vallée du Sénégal,tier_6,KEEP_TIER,,urbanization,TIER,KEEP,MEDIUM,ABSTRACT,—,"bâtiment:building_construction_sector, bâtiment:building_urban_center","Conserver uniquement comme abstraction de bourgs, marchés, construction et concentration de population; ne pas lire ce nœud comme une urbanisation industrielle.",https://www.metmuseum.org/fr/essays/the-age-of-iron-in-west-africa,https://www.cambridge.org/core/journals/journal-of-african-history/article/abs/import-of-firearms-into-west-africa-in-the-eighteenth-century/84E8BF080DACF066CC957D56271DC721
KFA,Kaffa,Africa,Corne de l’Afrique et hauts plateaux éthiopiens,tier_5,REPLACE_WITH_EXPLICIT_SETUP,,codified_practical_knowledge,TIER,KEEP,MEDIUM,ABSTRACT,"Missing direct prerequisite(s): institutionalized_scientific_exchange, periodical_print_networks. Do not auto-add; either tolerate tree abstraction or revise this child in synthesis.",nœud sans déblocage direct majeur,"Pratiques artisanales, administratives et savoirs codifiés/oraux existent, mais le nœud agrège plusieurs formes de transmission; conserver sans ajouter automatiquement ses prérequis européens.",https://82nd-and-fifth.metmuseum.org/toah/ht/09/afa.html,https://www.cambridge.org/core/books/abs/cambridge-history-of-africa/east-africa-the-expansion-of-commerce/8AE31B68FFE6ED0C29991E89FAB01006
KFA,Kaffa,Africa,Corne de l’Afrique et hauts plateaux éthiopiens,tier_5,REPLACE_WITH_EXPLICIT_SETUP,,improved_husbandry,TIER,KEEP,MEDIUM,ESTABLISHED,—,"bâtiment:building_banana_plantation, bâtiment:building_coffee_plantation, bâtiment:building_dye_plantation, bâtiment:building_livestock_ranch, bâtiment:building_maize_farm, bâtiment:building_millet_farm, bâtiment:building_opium…","Agriculture et/ou élevage sont structurants dans ce territoire en 1776; le nœud sert ici de socle agricole et pastoral, sans supposer une « révolution agricole » européenne.",https://82nd-and-fifth.metmuseum.org/toah/ht/09/afa.html,https://www.cambridge.org/core/books/abs/cambridge-history-of-africa/east-africa-the-expansion-of-commerce/8AE31B68FFE6ED0C29991E89FAB01006
KFA,Kaffa,Africa,Corne de l’Afrique et hauts plateaux éthiopiens,tier_5,REPLACE_WITH_EXPLICIT_SETUP,,organized_textile_production,TIER,KEEP,MEDIUM,ESTABLISHED,—,"PM:pm_craftsman_sewing, bâtiment:building_textile_mill",Filage/tissage et production textile organisée sont attestés dans la sous-région; le bâtiment de manufacture reste une abstraction de proto-industrie et d’artisanat spécialisé.,https://82nd-and-fifth.metmuseum.org/toah/ht/09/afa.html,https://www.cambridge.org/core/books/abs/cambridge-history-of-africa/east-africa-the-expansion-of-commerce/8AE31B68FFE6ED0C29991E89FAB01006
KFA,Kaffa,Africa,Corne de l’Afrique et hauts plateaux éthiopiens,tier_5,REPLACE_WITH_EXPLICIT_SETUP,,shaft_mining,TIER,REVIEW,MEDIUM,ABSTRACT,—,"bâtiment:building_coal_mine, bâtiment:building_copper_mine, bâtiment:building_iron_mine, bâtiment:building_lead_mine, bâtiment:building_limestone_quarry, bâtiment:building_salt_mine, bâtiment:building_sulfur_mine, décret:decree…","Extraction minière et métallurgie existent dans plusieurs sociétés africaines, mais le nœud déverrouille un ensemble de mines à puits; il ne faut pas confondre métallurgie du fer, orpaillage ou carrières avec ce paquet gameplay.",https://82nd-and-fifth.metmuseum.org/toah/ht/09/afa.html,https://www.cambridge.org/core/books/abs/cambridge-history-of-africa/east-africa-the-expansion-of-commerce/8AE31B68FFE6ED0C29991E89FAB01006
KFA,Kaffa,Africa,Corne de l’Afrique et hauts plateaux éthiopiens,tier_5,REPLACE_WITH_EXPLICIT_SETUP,,systematic_administrative_statistics,TIER,REVIEW,MEDIUM,ABSTRACT,—,"bâtiment:building_government_administration, décret:decree_emergency_relief, décret:decree_road_maintenance","Le nœud représente à la fois administration, capacité fiscale, incorporation et statistiques d’État. Fiscalité/tribut peuvent être attestés sans justifier une statistique administrative systématique.",https://82nd-and-fifth.metmuseum.org/toah/ht/09/afa.html,https://www.cambridge.org/core/books/abs/cambridge-history-of-africa/east-africa-the-expansion-of-commerce/8AE31B68FFE6ED0C29991E89FAB01006
KFA,Kaffa,Africa,Corne de l’Afrique et hauts plateaux éthiopiens,tier_5,REPLACE_WITH_EXPLICIT_SETUP,,urbanization,TIER,KEEP,MEDIUM,ABSTRACT,—,"bâtiment:building_construction_sector, bâtiment:building_urban_center","Conserver uniquement comme abstraction de bourgs, marchés, construction et concentration de population; ne pas lire ce nœud comme une urbanisation industrielle.",https://82nd-and-fifth.metmuseum.org/toah/ht/09/afa.html,https://www.cambridge.org/core/books/abs/cambridge-history-of-africa/east-africa-the-expansion-of-commerce/8AE31B68FFE6ED0C29991E89FAB01006
KKY,Kikuyu,Africa,Grands Lacs et plateau est-africain,tier_7,REPLACE_WITH_EXPLICIT_SETUP,,improved_husbandry,ABSENT,ADD,MEDIUM,ESTABLISHED,—,"bâtiment:building_banana_plantation, bâtiment:building_coffee_plantation, bâtiment:building_dye_plantation, bâtiment:building_livestock_ranch, bâtiment:building_maize_farm, bâtiment:building_millet_farm, bâtiment:building_opium…",Le tier 7 vide efface une capacité agricole et/ou pastorale locale attestée à l’échelle de la sous-région; ADD restaure un socle de production sans attribuer une industrialisation européenne.,https://82nd-and-fifth.metmuseum.org/toah/ht/09/afa.html,https://www.cambridge.org/core/books/abs/cambridge-history-of-africa/east-africa-the-expansion-of-commerce/8AE31B68FFE6ED0C29991E89FAB01006
KNG,Kong,Africa,Golfe de Guinée et forêts ouest-africaines,tier_6,KEEP_TIER,,improved_husbandry,TIER,KEEP,MEDIUM,ESTABLISHED,—,"bâtiment:building_banana_plantation, bâtiment:building_coffee_plantation, bâtiment:building_dye_plantation, bâtiment:building_livestock_ranch, bâtiment:building_maize_farm, bâtiment:building_millet_farm, bâtiment:building_opium…","Agriculture et/ou élevage sont structurants dans ce territoire en 1776; le nœud sert ici de socle agricole et pastoral, sans supposer une « révolution agricole » européenne.",https://www.metmuseum.org/fr/essays/the-age-of-iron-in-west-africa,https://www.cambridge.org/core/journals/journal-of-african-history/article/abs/import-of-firearms-into-west-africa-in-the-eighteenth-century/84E8BF080DACF066CC957D56271DC721
KNG,Kong,Africa,Golfe de Guinée et forêts ouest-africaines,tier_6,KEEP_TIER,,urbanization,TIER,KEEP,MEDIUM,ABSTRACT,—,"bâtiment:building_construction_sector, bâtiment:building_urban_center","Conserver uniquement comme abstraction de bourgs, marchés, construction et concentration de population; ne pas lire ce nœud comme une urbanisation industrielle.",https://www.metmuseum.org/fr/essays/the-age-of-iron-in-west-africa,https://www.cambridge.org/core/journals/journal-of-african-history/article/abs/import-of-firearms-into-west-africa-in-the-eighteenth-century/84E8BF080DACF066CC957D56271DC721
KON,Kongo,Africa,Bassin du Congo et savanes centrales,tier_5,REPLACE_WITH_EXPLICIT_SETUP,,codified_practical_knowledge,TIER,KEEP,MEDIUM,ABSTRACT,"Missing direct prerequisite(s): institutionalized_scientific_exchange, periodical_print_networks. Do not auto-add; either tolerate tree abstraction or revise this child in synthesis.",nœud sans déblocage direct majeur,"Pratiques artisanales, administratives et savoirs codifiés/oraux existent, mais le nœud agrège plusieurs formes de transmission; conserver sans ajouter automatiquement ses prérequis européens.",https://www.metmuseum.org/exhibitions/listings/2015/kongo/blog/posts/kongo-textiles-renaissance-european-collections,https://82nd-and-fifth.metmuseum.org/toah/ht/09/afc.html
KON,Kongo,Africa,Bassin du Congo et savanes centrales,tier_5,REPLACE_WITH_EXPLICIT_SETUP,,improved_husbandry,TIER,KEEP,MEDIUM,ESTABLISHED,—,"bâtiment:building_banana_plantation, bâtiment:building_coffee_plantation, bâtiment:building_dye_plantation, bâtiment:building_livestock_ranch, bâtiment:building_maize_farm, bâtiment:building_millet_farm, bâtiment:building_opium…","Agriculture et/ou élevage sont structurants dans ce territoire en 1776; le nœud sert ici de socle agricole et pastoral, sans supposer une « révolution agricole » européenne.",https://www.metmuseum.org/exhibitions/listings/2015/kongo/blog/posts/kongo-textiles-renaissance-european-collections,https://82nd-and-fifth.metmuseum.org/toah/ht/09/afc.html
KON,Kongo,Africa,Bassin du Congo et savanes centrales,tier_5,REPLACE_WITH_EXPLICIT_SETUP,,organized_textile_production,TIER,KEEP,MEDIUM,ESTABLISHED,—,"PM:pm_craftsman_sewing, bâtiment:building_textile_mill",Filage/tissage et production textile organisée sont attestés dans la sous-région; le bâtiment de manufacture reste une abstraction de proto-industrie et d’artisanat spécialisé.,https://www.metmuseum.org/exhibitions/listings/2015/kongo/blog/posts/kongo-textiles-renaissance-european-collections,https://82nd-and-fifth.metmuseum.org/toah/ht/09/afc.html
KON,Kongo,Africa,Bassin du Congo et savanes centrales,tier_5,REPLACE_WITH_EXPLICIT_SETUP,,shaft_mining,TIER,REVIEW,MEDIUM,ABSTRACT,—,"bâtiment:building_coal_mine, bâtiment:building_copper_mine, bâtiment:building_iron_mine, bâtiment:building_lead_mine, bâtiment:building_limestone_quarry, bâtiment:building_salt_mine, bâtiment:building_sulfur_mine, décret:decree…","Extraction minière et métallurgie existent dans plusieurs sociétés africaines, mais le nœud déverrouille un ensemble de mines à puits; il ne faut pas confondre métallurgie du fer, orpaillage ou carrières avec ce paquet gameplay.",https://www.metmuseum.org/exhibitions/listings/2015/kongo/blog/posts/kongo-textiles-renaissance-european-collections,https://82nd-and-fifth.metmuseum.org/toah/ht/09/afc.html
KON,Kongo,Africa,Bassin du Congo et savanes centrales,tier_5,REPLACE_WITH_EXPLICIT_SETUP,,systematic_administrative_statistics,TIER,REVIEW,MEDIUM,ABSTRACT,—,"bâtiment:building_government_administration, décret:decree_emergency_relief, décret:decree_road_maintenance","Le nœud représente à la fois administration, capacité fiscale, incorporation et statistiques d’État. Fiscalité/tribut peuvent être attestés sans justifier une statistique administrative systématique.",https://www.metmuseum.org/exhibitions/listings/2015/kongo/blog/posts/kongo-textiles-renaissance-european-collections,https://82nd-and-fifth.metmuseum.org/toah/ht/09/afc.html
KON,Kongo,Africa,Bassin du Congo et savanes centrales,tier_5,REPLACE_WITH_EXPLICIT_SETUP,,urbanization,TIER,KEEP,MEDIUM,ABSTRACT,—,"bâtiment:building_construction_sector, bâtiment:building_urban_center","Conserver uniquement comme abstraction de bourgs, marchés, construction et concentration de population; ne pas lire ce nœud comme une urbanisation industrielle.",https://www.metmuseum.org/exhibitions/listings/2015/kongo/blog/posts/kongo-textiles-renaissance-european-collections,https://82nd-and-fifth.metmuseum.org/toah/ht/09/afc.html
KON,Kongo,Africa,Bassin du Congo et savanes centrales,tier_5,REPLACE_WITH_EXPLICIT_SETUP,,international_relations,ABSENT,ADD,MEDIUM,ESTABLISHED,—,nœud sans déblocage direct majeur,"Diplomatie, tribut et/ou commerce longue distance structurés justifient une capacité de relations extérieures; elle ne présume pas une diplomatie européenne moderne.",https://www.metmuseum.org/exhibitions/listings/2015/kongo/blog/posts/kongo-textiles-renaissance-european-collections,https://82nd-and-fifth.metmuseum.org/toah/ht/09/afc.html
KRG,Karagwe,Africa,Grands Lacs et plateau est-africain,tier_6,REPLACE_WITH_EXPLICIT_SETUP,,improved_husbandry,TIER,KEEP,MEDIUM,ESTABLISHED,—,"bâtiment:building_banana_plantation, bâtiment:building_coffee_plantation, bâtiment:building_dye_plantation, bâtiment:building_livestock_ranch, bâtiment:building_maize_farm, bâtiment:building_millet_farm, bâtiment:building_opium…","Agriculture et/ou élevage sont structurants dans ce territoire en 1776; le nœud sert ici de socle agricole et pastoral, sans supposer une « révolution agricole » européenne.",https://82nd-and-fifth.metmuseum.org/toah/ht/09/afa.html,https://www.cambridge.org/core/books/abs/cambridge-history-of-africa/east-africa-the-expansion-of-commerce/8AE31B68FFE6ED0C29991E89FAB01006
KRG,Karagwe,Africa,Grands Lacs et plateau est-africain,tier_6,REPLACE_WITH_EXPLICIT_SETUP,,urbanization,TIER,KEEP,MEDIUM,ABSTRACT,—,"bâtiment:building_construction_sector, bâtiment:building_urban_center","Conserver uniquement comme abstraction de bourgs, marchés, construction et concentration de population; ne pas lire ce nœud comme une urbanisation industrielle.",https://82nd-and-fifth.metmuseum.org/toah/ht/09/afa.html,https://www.cambridge.org/core/books/abs/cambridge-history-of-africa/east-africa-the-expansion-of-commerce/8AE31B68FFE6ED0C29991E89FAB01006
KRT,Kaarta,Africa,Sahel et Soudan occidental,tier_5,REPLACE_WITH_EXPLICIT_SETUP,,codified_practical_knowledge,TIER,KEEP,MEDIUM,ABSTRACT,"Missing direct prerequisite(s): institutionalized_scientific_exchange, periodical_print_networks. Do not auto-add; either tolerate tree abstraction or revise this child in synthesis.",nœud sans déblocage direct majeur,"Pratiques artisanales, administratives et savoirs codifiés/oraux existent, mais le nœud agrège plusieurs formes de transmission; conserver sans ajouter automatiquement ses prérequis européens.",https://www.metmuseum.org/fr/essays/the-age-of-iron-in-west-africa,https://www.cambridge.org/core/journals/journal-of-african-history/article/abs/import-of-firearms-into-west-africa-in-the-eighteenth-century/84E8BF080DACF066CC957D56271DC721
KRT,Kaarta,Africa,Sahel et Soudan occidental,tier_5,REPLACE_WITH_EXPLICIT_SETUP,,improved_husbandry,TIER,KEEP,MEDIUM,ESTABLISHED,—,"bâtiment:building_banana_plantation, bâtiment:building_coffee_plantation, bâtiment:building_dye_plantation, bâtiment:building_livestock_ranch, bâtiment:building_maize_farm, bâtiment:building_millet_farm, bâtiment:building_opium…","Agriculture et/ou élevage sont structurants dans ce territoire en 1776; le nœud sert ici de socle agricole et pastoral, sans supposer une « révolution agricole » européenne.",https://www.metmuseum.org/fr/essays/the-age-of-iron-in-west-africa,https://www.cambridge.org/core/journals/journal-of-african-history/article/abs/import-of-firearms-into-west-africa-in-the-eighteenth-century/84E8BF080DACF066CC957D56271DC721
KRT,Kaarta,Africa,Sahel et Soudan occidental,tier_5,REPLACE_WITH_EXPLICIT_SETUP,,organized_textile_production,TIER,KEEP,MEDIUM,ESTABLISHED,—,"PM:pm_craftsman_sewing, bâtiment:building_textile_mill",Filage/tissage et production textile organisée sont attestés dans la sous-région; le bâtiment de manufacture reste une abstraction de proto-industrie et d’artisanat spécialisé.,https://www.metmuseum.org/fr/essays/the-age-of-iron-in-west-africa,https://www.cambridge.org/core/journals/journal-of-african-history/article/abs/import-of-firearms-into-west-africa-in-the-eighteenth-century/84E8BF080DACF066CC957D56271DC721
KRT,Kaarta,Africa,Sahel et Soudan occidental,tier_5,REPLACE_WITH_EXPLICIT_SETUP,,shaft_mining,TIER,REVIEW,MEDIUM,ABSTRACT,—,"bâtiment:building_coal_mine, bâtiment:building_copper_mine, bâtiment:building_iron_mine, bâtiment:building_lead_mine, bâtiment:building_limestone_quarry, bâtiment:building_salt_mine, bâtiment:building_sulfur_mine, décret:decree…","Extraction minière et métallurgie existent dans plusieurs sociétés africaines, mais le nœud déverrouille un ensemble de mines à puits; il ne faut pas confondre métallurgie du fer, orpaillage ou carrières avec ce paquet gameplay.",https://www.metmuseum.org/fr/essays/the-age-of-iron-in-west-africa,https://www.cambridge.org/core/journals/journal-of-african-history/article/abs/import-of-firearms-into-west-africa-in-the-eighteenth-century/84E8BF080DACF066CC957D56271DC721
KRT,Kaarta,Africa,Sahel et Soudan occidental,tier_5,REPLACE_WITH_EXPLICIT_SETUP,,systematic_administrative_statistics,TIER,REVIEW,MEDIUM,ABSTRACT,—,"bâtiment:building_government_administration, décret:decree_emergency_relief, décret:decree_road_maintenance","Le nœud représente à la fois administration, capacité fiscale, incorporation et statistiques d’État. Fiscalité/tribut peuvent être attestés sans justifier une statistique administrative systématique.",https://www.metmuseum.org/fr/essays/the-age-of-iron-in-west-africa,https://www.cambridge.org/core/journals/journal-of-african-history/article/abs/import-of-firearms-into-west-africa-in-the-eighteenth-century/84E8BF080DACF066CC957D56271DC721
KRT,Kaarta,Africa,Sahel et Soudan occidental,tier_5,REPLACE_WITH_EXPLICIT_SETUP,,urbanization,TIER,KEEP,MEDIUM,ABSTRACT,—,"bâtiment:building_construction_sector, bâtiment:building_urban_center","Conserver uniquement comme abstraction de bourgs, marchés, construction et concentration de population; ne pas lire ce nœud comme une urbanisation industrielle.",https://www.metmuseum.org/fr/essays/the-age-of-iron-in-west-africa,https://www.cambridge.org/core/journals/journal-of-african-history/article/abs/import-of-firearms-into-west-africa-in-the-eighteenth-century/84E8BF080DACF066CC957D56271DC721
KRU,Kru,Africa,Golfe de Guinée et forêts ouest-africaines,tier_7,REPLACE_WITH_EXPLICIT_SETUP,,improved_husbandry,ABSENT,ADD,MEDIUM,ESTABLISHED,—,"bâtiment:building_banana_plantation, bâtiment:building_coffee_plantation, bâtiment:building_dye_plantation, bâtiment:building_livestock_ranch, bâtiment:building_maize_farm, bâtiment:building_millet_farm, bâtiment:building_opium…",Le tier 7 vide efface une capacité agricole et/ou pastorale locale attestée à l’échelle de la sous-région; ADD restaure un socle de production sans attribuer une industrialisation européenne.,https://www.metmuseum.org/fr/essays/the-age-of-iron-in-west-africa,https://www.cambridge.org/core/journals/journal-of-african-history/article/abs/import-of-firearms-into-west-africa-in-the-eighteenth-century/84E8BF080DACF066CC957D56271DC721
KSN,Kasanje,Africa,Bassin du Congo et savanes centrales,tier_7,REPLACE_WITH_EXPLICIT_SETUP,,improved_husbandry,ABSENT,ADD,MEDIUM,ESTABLISHED,—,"bâtiment:building_banana_plantation, bâtiment:building_coffee_plantation, bâtiment:building_dye_plantation, bâtiment:building_livestock_ranch, bâtiment:building_maize_farm, bâtiment:building_millet_farm, bâtiment:building_opium…",Le tier 7 vide efface une capacité agricole et/ou pastorale locale attestée à l’échelle de la sous-région; ADD restaure un socle de production sans attribuer une industrialisation européenne.,https://82nd-and-fifth.metmuseum.org/toah/ht/09/afc.html,https://www.metmuseum.org/de/essays/kingdoms-of-the-savanna-the-luba-and-lunda-empires
KSN,Kasanje,Africa,Bassin du Congo et savanes centrales,tier_7,REPLACE_WITH_EXPLICIT_SETUP,,organized_textile_production,ABSENT,ADD,MEDIUM,ESTABLISHED,—,"PM:pm_craftsman_sewing, bâtiment:building_textile_mill","Tissage/production textile spécialisée est une capacité propre attestée; le nœud est utilisé comme abstraction de proto-industrie artisanale, pas d’usine mécanisée.",https://82nd-and-fifth.metmuseum.org/toah/ht/09/afc.html,https://www.metmuseum.org/de/essays/kingdoms-of-the-savanna-the-luba-and-lunda-empires
KZM,Kazembe,Africa,Afrique du Sud-Est intérieure,tier_6,REPLACE_WITH_EXPLICIT_SETUP,,improved_husbandry,TIER,KEEP,MEDIUM,ESTABLISHED,—,"bâtiment:building_banana_plantation, bâtiment:building_coffee_plantation, bâtiment:building_dye_plantation, bâtiment:building_livestock_ranch, bâtiment:building_maize_farm, bâtiment:building_millet_farm, bâtiment:building_opium…","Agriculture et/ou élevage sont structurants dans ce territoire en 1776; le nœud sert ici de socle agricole et pastoral, sans supposer une « révolution agricole » européenne.",https://www.metmuseum.org/de/essays/kingdoms-of-the-savanna-the-luba-and-lunda-empires,https://82nd-and-fifth.metmuseum.org/toah/ht/09/afc.html
KZM,Kazembe,Africa,Afrique du Sud-Est intérieure,tier_6,REPLACE_WITH_EXPLICIT_SETUP,,urbanization,TIER,KEEP,MEDIUM,ABSTRACT,—,"bâtiment:building_construction_sector, bâtiment:building_urban_center","Conserver uniquement comme abstraction de bourgs, marchés, construction et concentration de population; ne pas lire ce nœud comme une urbanisation industrielle.",https://www.metmuseum.org/de/essays/kingdoms-of-the-savanna-the-luba-and-lunda-empires,https://82nd-and-fifth.metmuseum.org/toah/ht/09/afc.html
LBA,Luba,Africa,Bassin du Congo et savanes centrales,tier_7,REPLACE_WITH_EXPLICIT_SETUP,,improved_husbandry,ABSENT,ADD,MEDIUM,ESTABLISHED,—,"bâtiment:building_banana_plantation, bâtiment:building_coffee_plantation, bâtiment:building_dye_plantation, bâtiment:building_livestock_ranch, bâtiment:building_maize_farm, bâtiment:building_millet_farm, bâtiment:building_opium…",Le tier 7 vide efface une capacité agricole et/ou pastorale locale attestée à l’échelle de la sous-région; ADD restaure un socle de production sans attribuer une industrialisation européenne.,https://www.metmuseum.org/de/essays/kingdoms-of-the-savanna-the-luba-and-lunda-empires,https://82nd-and-fifth.metmuseum.org/toah/ht/09/afc.html
LBA,Luba,Africa,Bassin du Congo et savanes centrales,tier_7,REPLACE_WITH_EXPLICIT_SETUP,,international_relations,ABSENT,ADD,MEDIUM,ESTABLISHED,—,nœud sans déblocage direct majeur,"Diplomatie, tribut et/ou commerce longue distance structurés justifient une capacité de relations extérieures; elle ne présume pas une diplomatie européenne moderne.",https://www.metmuseum.org/de/essays/kingdoms-of-the-savanna-the-luba-and-lunda-empires,https://82nd-and-fifth.metmuseum.org/toah/ht/09/afc.html
LBA,Luba,Africa,Bassin du Congo et savanes centrales,tier_7,REPLACE_WITH_EXPLICIT_SETUP,,organized_textile_production,ABSENT,ADD,MEDIUM,ESTABLISHED,—,"PM:pm_craftsman_sewing, bâtiment:building_textile_mill","Tissage/production textile spécialisée est une capacité propre attestée; le nœud est utilisé comme abstraction de proto-industrie artisanale, pas d’usine mécanisée.",https://www.metmuseum.org/de/essays/kingdoms-of-the-savanna-the-luba-and-lunda-empires,https://82nd-and-fifth.metmuseum.org/toah/ht/09/afc.html
LGA,Lega,Africa,Bassin du Congo et savanes centrales,tier_7,REPLACE_WITH_EXPLICIT_SETUP,,improved_husbandry,ABSENT,ADD,MEDIUM,ESTABLISHED,—,"bâtiment:building_banana_plantation, bâtiment:building_coffee_plantation, bâtiment:building_dye_plantation, bâtiment:building_livestock_ranch, bâtiment:building_maize_farm, bâtiment:building_millet_farm, bâtiment:building_opium…",Le tier 7 vide efface une capacité agricole et/ou pastorale locale attestée à l’échelle de la sous-région; ADD restaure un socle de production sans attribuer une industrialisation européenne.,https://82nd-and-fifth.metmuseum.org/toah/ht/09/afc.html,https://www.metmuseum.org/de/essays/kingdoms-of-the-savanna-the-luba-and-lunda-empires
LIB,Liberia,Africa,Golfe de Guinée et forêts ouest-africaines,tier_3,REPLACE_WITH_EXPLICIT_SETUP,,applied_mineralogy,TIER,REMOVE,HIGH,ABSENT,Missing direct prerequisite(s): shaft_mining. Do not auto-add; either tolerate tree abstraction or revise this child in synthesis.,"bâtiment:building_gold_field, bâtiment:building_gold_mine, bâtiment:building_phosphate_mine",Le nœud formalise une minéralogie appliquée et des mines d’or/phosphate; l’attribution via Liberia est anachronique en 1776.,https://www.loc.gov/collections/maps-of-liberia-1830-to-1870/articles-and-essays/history-of-liberia/,https://www.metmuseum.org/fr/essays/the-age-of-iron-in-west-africa
LIB,Liberia,Africa,Golfe de Guinée et forêts ouest-africaines,tier_3,REPLACE_WITH_EXPLICIT_SETUP,,codified_practical_knowledge,TIER,REVIEW,MEDIUM,ABSTRACT,"Missing direct prerequisite(s): institutionalized_scientific_exchange, periodical_print_networks. Do not auto-add; either tolerate tree abstraction or revise this child in synthesis.",nœud sans déblocage direct majeur,"Le savoir pratique local existe, mais l’institution représentée par ce nœud est difficile à rattacher au TAG postérieur; à conserver seulement si la synthèse mondiale accepte cette abstraction.",https://www.loc.gov/collections/maps-of-liberia-1830-to-1870/articles-and-essays/history-of-liberia/,https://www.metmuseum.org/fr/essays/the-age-of-iron-in-west-africa
LIB,Liberia,Africa,Golfe de Guinée et forêts ouest-africaines,tier_3,REPLACE_WITH_EXPLICIT_SETUP,,coke_smelting,TIER,REMOVE,HIGH,ABSENT,Missing direct prerequisite(s): organized_forestry. Do not auto-add; either tolerate tree abstraction or revise this child in synthesis.,"bâtiment:building_steel_mill, bâtiment:building_tooling_workshop",Technologie existant ailleurs en 1776 mais non implantée localement: ne pas confondre métallurgie traditionnelle/colonie européenne avec diffusion locale du complexe charbon-vapeur-alésage.,https://www.loc.gov/collections/maps-of-liberia-1830-to-1870/articles-and-essays/history-of-liberia/,https://www.metmuseum.org/fr/essays/the-age-of-iron-in-west-africa
LIB,Liberia,Africa,Golfe de Guinée et forêts ouest-africaines,tier_3,REPLACE_WITH_EXPLICIT_SETUP,,commercial_insurance_markets,TIER,REMOVE,HIGH,ABSENT,Missing direct prerequisite(s): institutionalized_public_credit. Do not auto-add; either tolerate tree abstraction or revise this child in synthesis.,"loi:law_mercantilism, loi:law_mercantilism_navigation_acts",Commerce et crédit ne prouvent pas un marché local institutionnalisé d’assurance commerciale; l’attribution du tier dépasse les institutions de 1776.,https://www.loc.gov/collections/maps-of-liberia-1830-to-1870/articles-and-essays/history-of-liberia/,https://www.metmuseum.org/fr/essays/the-age-of-iron-in-west-africa
LIB,Liberia,Africa,Golfe de Guinée et forêts ouest-africaines,tier_3,REPLACE_WITH_EXPLICIT_SETUP,,distillation,TIER,KEEP,MEDIUM,ESTABLISHED,—,"PM:pm_pot_stills, PM:pm_spiced_food_preparations",Capacité de base compatible avec les pratiques locales attestées avant 1776; le nœud est toutefois plus large que toute pratique unique.,https://www.loc.gov/collections/maps-of-liberia-1830-to-1870/articles-and-essays/history-of-liberia/,https://www.metmuseum.org/fr/essays/the-age-of-iron-in-west-africa
LIB,Liberia,Africa,Golfe de Guinée et forêts ouest-africaines,tier_3,REPLACE_WITH_EXPLICIT_SETUP,,improved_husbandry,TIER,KEEP,MEDIUM,ESTABLISHED,—,"bâtiment:building_banana_plantation, bâtiment:building_coffee_plantation, bâtiment:building_dye_plantation, bâtiment:building_livestock_ranch, bâtiment:building_maize_farm, bâtiment:building_millet_farm, bâtiment:building_opium…","Agriculture et/ou élevage sont structurants dans ce territoire en 1776; le nœud sert ici de socle agricole et pastoral, sans supposer une « révolution agricole » européenne.",https://www.loc.gov/collections/maps-of-liberia-1830-to-1870/articles-and-essays/history-of-liberia/,https://www.metmuseum.org/fr/essays/the-age-of-iron-in-west-africa
LIB,Liberia,Africa,Golfe de Guinée et forêts ouest-africaines,tier_3,REPLACE_WITH_EXPLICIT_SETUP,,international_relations,TIER,KEEP,MEDIUM,ESTABLISHED,—,nœud sans déblocage direct majeur,"Commerce longue distance, diplomatie, tribut et relations interétatiques/avec des négociants étrangers rendent ce nœud plausible comme capacité politique.",https://www.loc.gov/collections/maps-of-liberia-1830-to-1870/articles-and-essays/history-of-liberia/,https://www.metmuseum.org/fr/essays/the-age-of-iron-in-west-africa
LIB,Liberia,Africa,Golfe de Guinée et forêts ouest-africaines,tier_3,REPLACE_WITH_EXPLICIT_SETUP,,light_infantry_tactics,TIER,REMOVE,HIGH,ABSENT,Missing direct prerequisite(s): regulated_small_arms. Do not auto-add; either tolerate tree abstraction or revise this child in synthesis.,modificateurs/nœud de progression,Le tier importe une doctrine militaire de l’entité postérieure; elle n’est pas établie localement en 1776.,https://www.loc.gov/collections/maps-of-liberia-1830-to-1870/articles-and-essays/history-of-liberia/,https://www.metmuseum.org/fr/essays/the-age-of-iron-in-west-africa
LIB,Liberia,Africa,Golfe de Guinée et forêts ouest-africaines,tier_3,REPLACE_WITH_EXPLICIT_SETUP,,medical_degrees,TIER,REMOVE,HIGH,ANACHRONISTIC,Missing direct prerequisite(s): institutionalized_scientific_exchange. Do not auto-add; either tolerate tree abstraction or revise this child in synthesis.,loi:law_charitable_health_system,Le Liberia n’existe pas en 1776 et aucune institution locale délivrant des diplômes médicaux comparables n’est établie.,https://www.loc.gov/collections/maps-of-liberia-1830-to-1870/articles-and-essays/history-of-liberia/,https://www.metmuseum.org/fr/essays/the-age-of-iron-in-west-africa
LIB,Liberia,Africa,Golfe de Guinée et forêts ouest-africaines,tier_3,REPLACE_WITH_EXPLICIT_SETUP,,organized_textile_production,TIER,KEEP,MEDIUM,ESTABLISHED,—,"PM:pm_craftsman_sewing, bâtiment:building_textile_mill",Filage/tissage et production textile organisée sont attestés dans la sous-région; le bâtiment de manufacture reste une abstraction de proto-industrie et d’artisanat spécialisé.,https://www.loc.gov/collections/maps-of-liberia-1830-to-1870/articles-and-essays/history-of-liberia/,https://www.metmuseum.org/fr/essays/the-age-of-iron-in-west-africa
LIB,Liberia,Africa,Golfe de Guinée et forêts ouest-africaines,tier_3,REPLACE_WITH_EXPLICIT_SETUP,,regulated_small_arms,TIER,REMOVE,HIGH,ABSENT,Missing direct prerequisite(s): scientific_fortification_siegecraft. Do not auto-add; either tolerate tree abstraction or revise this child in synthesis.,"bâtiment:building_arms_industry, bâtiment:building_artillery_foundry",Le tier projette une industrie d’armes de l’entité postérieure; aucune telle capacité locale n’est justifiée au 1er janvier 1776.,https://www.loc.gov/collections/maps-of-liberia-1830-to-1870/articles-and-essays/history-of-liberia/,https://www.metmuseum.org/fr/essays/the-age-of-iron-in-west-africa
LIB,Liberia,Africa,Golfe de Guinée et forêts ouest-africaines,tier_3,REPLACE_WITH_EXPLICIT_SETUP,,shaft_mining,TIER,REMOVE,HIGH,ABSENT,—,"bâtiment:building_coal_mine, bâtiment:building_copper_mine, bâtiment:building_iron_mine, bâtiment:building_lead_mine, bâtiment:building_limestone_quarry, bâtiment:building_salt_mine, bâtiment:building_sulfur_mine, décret:decree…",Le tier reproduit une capacité minière institutionnelle/industrielle qui n’est pas établie localement pour ce TAG en 1776; les pratiques extractives locales éventuelles doivent être modélisées autrement.,https://www.loc.gov/collections/maps-of-liberia-1830-to-1870/articles-and-essays/history-of-liberia/,https://www.metmuseum.org/fr/essays/the-age-of-iron-in-west-africa
LIB,Liberia,Africa,Golfe de Guinée et forêts ouest-africaines,tier_3,REPLACE_WITH_EXPLICIT_SETUP,,specialized_technical_academies,TIER,REMOVE,HIGH,ANACHRONISTIC,Missing direct prerequisite(s): institutionalized_scientific_exchange. Do not auto-add; either tolerate tree abstraction or revise this child in synthesis.,bâtiment:building_university,L’attribution projette une institution éducative postérieure sur un territoire sans Liberia en 1776.,https://www.loc.gov/collections/maps-of-liberia-1830-to-1870/articles-and-essays/history-of-liberia/,https://www.metmuseum.org/fr/essays/the-age-of-iron-in-west-africa
LIB,Liberia,Africa,Golfe de Guinée et forêts ouest-africaines,tier_3,REPLACE_WITH_EXPLICIT_SETUP,,standardized_field_artillery,TIER,REMOVE,HIGH,ABSENT,Missing direct prerequisite(s): regulated_small_arms. Do not auto-add; either tolerate tree abstraction or revise this child in synthesis.,PM:pm_cannons,La standardisation d’artillerie du futur État/colonie n’est pas une capacité locale de 1776.,https://www.loc.gov/collections/maps-of-liberia-1830-to-1870/articles-and-essays/history-of-liberia/,https://www.metmuseum.org/fr/essays/the-age-of-iron-in-west-africa
LIB,Liberia,Africa,Golfe de Guinée et forêts ouest-africaines,tier_3,REPLACE_WITH_EXPLICIT_SETUP,,systematic_administrative_statistics,TIER,REMOVE,HIGH,ABSENT,—,"bâtiment:building_government_administration, décret:decree_emergency_relief, décret:decree_road_maintenance",Les institutions de l’État/colonie suggérées par le TAG sont postérieures à 1776; le nœud ne doit pas être hérité du tier.,https://www.loc.gov/collections/maps-of-liberia-1830-to-1870/articles-and-essays/history-of-liberia/,https://www.metmuseum.org/fr/essays/the-age-of-iron-in-west-africa
LIB,Liberia,Africa,Golfe de Guinée et forêts ouest-africaines,tier_3,REPLACE_WITH_EXPLICIT_SETUP,,urbanization,TIER,KEEP,MEDIUM,ABSTRACT,—,"bâtiment:building_construction_sector, bâtiment:building_urban_center","Conserver uniquement comme abstraction de bourgs, marchés, construction et concentration de population; ne pas lire ce nœud comme une urbanisation industrielle.",https://www.loc.gov/collections/maps-of-liberia-1830-to-1870/articles-and-essays/history-of-liberia/,https://www.metmuseum.org/fr/essays/the-age-of-iron-in-west-africa
LND,Lunda,Africa,Bassin du Congo et savanes centrales,tier_7,REPLACE_WITH_EXPLICIT_SETUP,,improved_husbandry,ABSENT,ADD,MEDIUM,ESTABLISHED,—,"bâtiment:building_banana_plantation, bâtiment:building_coffee_plantation, bâtiment:building_dye_plantation, bâtiment:building_livestock_ranch, bâtiment:building_maize_farm, bâtiment:building_millet_farm, bâtiment:building_opium…",Le tier 7 vide efface une capacité agricole et/ou pastorale locale attestée à l’échelle de la sous-région; ADD restaure un socle de production sans attribuer une industrialisation européenne.,https://www.metmuseum.org/de/essays/kingdoms-of-the-savanna-the-luba-and-lunda-empires,https://82nd-and-fifth.metmuseum.org/toah/ht/09/afc.html
LND,Lunda,Africa,Bassin du Congo et savanes centrales,tier_7,REPLACE_WITH_EXPLICIT_SETUP,,international_relations,ABSENT,ADD,MEDIUM,ESTABLISHED,—,nœud sans déblocage direct majeur,"Diplomatie, tribut et/ou commerce longue distance structurés justifient une capacité de relations extérieures; elle ne présume pas une diplomatie européenne moderne.",https://www.metmuseum.org/de/essays/kingdoms-of-the-savanna-the-luba-and-lunda-empires,https://82nd-and-fifth.metmuseum.org/toah/ht/09/afc.html
LND,Lunda,Africa,Bassin du Congo et savanes centrales,tier_7,REPLACE_WITH_EXPLICIT_SETUP,,organized_textile_production,ABSENT,ADD,MEDIUM,ESTABLISHED,—,"PM:pm_craftsman_sewing, bâtiment:building_textile_mill","Tissage/production textile spécialisée est une capacité propre attestée; le nœud est utilisé comme abstraction de proto-industrie artisanale, pas d’usine mécanisée.",https://www.metmuseum.org/de/essays/kingdoms-of-the-savanna-the-luba-and-lunda-empires,https://82nd-and-fifth.metmuseum.org/toah/ht/09/afc.html
LNG,Loango,Africa,Bassin du Congo et savanes centrales,tier_6,REPLACE_WITH_EXPLICIT_SETUP,,improved_husbandry,TIER,KEEP,MEDIUM,ESTABLISHED,—,"bâtiment:building_banana_plantation, bâtiment:building_coffee_plantation, bâtiment:building_dye_plantation, bâtiment:building_livestock_ranch, bâtiment:building_maize_farm, bâtiment:building_millet_farm, bâtiment:building_opium…","Agriculture et/ou élevage sont structurants dans ce territoire en 1776; le nœud sert ici de socle agricole et pastoral, sans supposer une « révolution agricole » européenne.",https://www.metmuseum.org/exhibitions/listings/2015/kongo/blog/posts/kongo-textiles-renaissance-european-collections,https://82nd-and-fifth.metmuseum.org/toah/ht/09/afc.html
LNG,Loango,Africa,Bassin du Congo et savanes centrales,tier_6,REPLACE_WITH_EXPLICIT_SETUP,,urbanization,TIER,KEEP,MEDIUM,ABSTRACT,—,"bâtiment:building_construction_sector, bâtiment:building_urban_center","Conserver uniquement comme abstraction de bourgs, marchés, construction et concentration de population; ne pas lire ce nœud comme une urbanisation industrielle.",https://www.metmuseum.org/exhibitions/listings/2015/kongo/blog/posts/kongo-textiles-renaissance-european-collections,https://82nd-and-fifth.metmuseum.org/toah/ht/09/afc.html
LNG,Loango,Africa,Bassin du Congo et savanes centrales,tier_6,REPLACE_WITH_EXPLICIT_SETUP,,codified_practical_knowledge,ABSENT,ADD,MEDIUM,ABSTRACT,"Missing direct prerequisite(s): institutionalized_scientific_exchange, periodical_print_networks. Do not auto-add; either tolerate tree abstraction or revise this child in synthesis.",nœud sans déblocage direct majeur,"Institutions de cour, métiers spécialisés et transmission technique structurée rendent le nœud plausible comme abstraction locale; ne pas ajouter automatiquement ses parents.",https://www.metmuseum.org/exhibitions/listings/2015/kongo/blog/posts/kongo-textiles-renaissance-european-collections,https://82nd-and-fifth.metmuseum.org/toah/ht/09/afc.html
LNG,Loango,Africa,Bassin du Congo et savanes centrales,tier_6,REPLACE_WITH_EXPLICIT_SETUP,,international_relations,ABSENT,ADD,MEDIUM,ESTABLISHED,—,nœud sans déblocage direct majeur,"Diplomatie, tribut et/ou commerce longue distance structurés justifient une capacité de relations extérieures; elle ne présume pas une diplomatie européenne moderne.",https://www.metmuseum.org/exhibitions/listings/2015/kongo/blog/posts/kongo-textiles-renaissance-european-collections,https://82nd-and-fifth.metmuseum.org/toah/ht/09/afc.html
LNG,Loango,Africa,Bassin du Congo et savanes centrales,tier_6,REPLACE_WITH_EXPLICIT_SETUP,,organized_textile_production,ABSENT,ADD,HIGH,ESTABLISHED,—,"PM:pm_craftsman_sewing, bâtiment:building_textile_mill","Tissage/production textile spécialisée est une capacité propre attestée; le nœud est utilisé comme abstraction de proto-industrie artisanale, pas d’usine mécanisée.",https://www.metmuseum.org/exhibitions/listings/2015/kongo/blog/posts/kongo-textiles-renaissance-european-collections,https://82nd-and-fifth.metmuseum.org/toah/ht/09/afc.html
LUO,Luo,Africa,Grands Lacs et plateau est-africain,tier_6,KEEP_TIER,,improved_husbandry,TIER,KEEP,MEDIUM,ESTABLISHED,—,"bâtiment:building_banana_plantation, bâtiment:building_coffee_plantation, bâtiment:building_dye_plantation, bâtiment:building_livestock_ranch, bâtiment:building_maize_farm, bâtiment:building_millet_farm, bâtiment:building_opium…","Agriculture et/ou élevage sont structurants dans ce territoire en 1776; le nœud sert ici de socle agricole et pastoral, sans supposer une « révolution agricole » européenne.",https://82nd-and-fifth.metmuseum.org/toah/ht/09/afa.html,https://www.cambridge.org/core/books/abs/cambridge-history-of-africa/east-africa-the-expansion-of-commerce/8AE31B68FFE6ED0C29991E89FAB01006
LUO,Luo,Africa,Grands Lacs et plateau est-africain,tier_6,KEEP_TIER,,urbanization,TIER,KEEP,MEDIUM,ABSTRACT,—,"bâtiment:building_construction_sector, bâtiment:building_urban_center","Conserver uniquement comme abstraction de bourgs, marchés, construction et concentration de population; ne pas lire ce nœud comme une urbanisation industrielle.",https://82nd-and-fifth.metmuseum.org/toah/ht/09/afa.html,https://www.cambridge.org/core/books/abs/cambridge-history-of-africa/east-africa-the-expansion-of-commerce/8AE31B68FFE6ED0C29991E89FAB01006
LZO,Barotse,Africa,Afrique du Sud-Est intérieure,tier_7,REPLACE_WITH_EXPLICIT_SETUP,,improved_husbandry,ABSENT,ADD,MEDIUM,ESTABLISHED,—,"bâtiment:building_banana_plantation, bâtiment:building_coffee_plantation, bâtiment:building_dye_plantation, bâtiment:building_livestock_ranch, bâtiment:building_maize_farm, bâtiment:building_millet_farm, bâtiment:building_opium…",Le tier 7 vide efface une capacité agricole et/ou pastorale locale attestée à l’échelle de la sous-région; ADD restaure un socle de production sans attribuer une industrialisation européenne.,https://82nd-and-fifth.metmuseum.org/toah/ht/09/afa.html,https://www.cambridge.org/core/books/abs/cambridge-history-of-africa/east-africa-the-expansion-of-commerce/8AE31B68FFE6ED0C29991E89FAB01006
MAD,Madagascar,Africa,Madagascar,tier_6,REPLACE_WITH_EXPLICIT_SETUP,,improved_husbandry,TIER,KEEP,MEDIUM,ESTABLISHED,—,"bâtiment:building_banana_plantation, bâtiment:building_coffee_plantation, bâtiment:building_dye_plantation, bâtiment:building_livestock_ranch, bâtiment:building_maize_farm, bâtiment:building_millet_farm, bâtiment:building_opium…","Agriculture et/ou élevage sont structurants dans ce territoire en 1776; le nœud sert ici de socle agricole et pastoral, sans supposer une « révolution agricole » européenne.",https://www.cambridge.org/core/journals/comparative-studies-in-society-and-history/article/abs/sacred-musket-tactics-technology-and-power-in-eighteenthcentury-madagascar/23C7FD2B3DB787855C4AAED2822FD057,https://assets.cambridge.org/052183/9351/excerpt/0521839351_excerpt.htm
MAD,Madagascar,Africa,Madagascar,tier_6,REPLACE_WITH_EXPLICIT_SETUP,,international_relations,EXPLICIT,KEEP,MEDIUM,ESTABLISHED,—,nœud sans déblocage direct majeur,"Commerce longue distance, diplomatie, tribut et relations interétatiques/avec des négociants étrangers rendent ce nœud plausible comme capacité politique.",https://www.cambridge.org/core/journals/comparative-studies-in-society-and-history/article/abs/sacred-musket-tactics-technology-and-power-in-eighteenthcentury-madagascar/23C7FD2B3DB787855C4AAED2822FD057,https://assets.cambridge.org/052183/9351/excerpt/0521839351_excerpt.htm
MAD,Madagascar,Africa,Madagascar,tier_6,REPLACE_WITH_EXPLICIT_SETUP,,urbanization,TIER,KEEP,MEDIUM,ABSTRACT,—,"bâtiment:building_construction_sector, bâtiment:building_urban_center","Conserver uniquement comme abstraction de bourgs, marchés, construction et concentration de population; ne pas lire ce nœud comme une urbanisation industrielle.",https://www.cambridge.org/core/journals/comparative-studies-in-society-and-history/article/abs/sacred-musket-tactics-technology-and-power-in-eighteenthcentury-madagascar/23C7FD2B3DB787855C4AAED2822FD057,https://assets.cambridge.org/052183/9351/excerpt/0521839351_excerpt.htm
MAD,Madagascar,Africa,Madagascar,tier_6,REPLACE_WITH_EXPLICIT_SETUP,,codified_practical_knowledge,ABSENT,ADD,MEDIUM,ABSTRACT,"Missing direct prerequisite(s): institutionalized_scientific_exchange, periodical_print_networks. Do not auto-add; either tolerate tree abstraction or revise this child in synthesis.",nœud sans déblocage direct majeur,"Riziculture hydraulique, artisans spécialisés, commerce et production de fer/textiles rendent plausible un savoir pratique structuré dès le troisième quart du XVIIIe siècle.",https://www.cambridge.org/core/journals/comparative-studies-in-society-and-history/article/abs/sacred-musket-tactics-technology-and-power-in-eighteenthcentury-madagascar/23C7FD2B3DB787855C4AAED2822FD057,https://assets.cambridge.org/052183/9351/excerpt/0521839351_excerpt.htm
MAD,Madagascar,Africa,Madagascar,tier_6,REPLACE_WITH_EXPLICIT_SETUP,,improved_agricultural_implements,ABSENT,REVIEW,LOW,FRONTIER,Direct prerequisites present in proposed setup.,PM:pm_tools,"La riziculture hydraulique est avancée, mais le nœud gameplay porte surtout sur des outils agricoles améliorés; ne pas confondre irrigation et mécanisation/outillage.",https://www.cambridge.org/core/journals/comparative-studies-in-society-and-history/article/abs/sacred-musket-tactics-technology-and-power-in-eighteenthcentury-madagascar/23C7FD2B3DB787855C4AAED2822FD057,https://assets.cambridge.org/052183/9351/excerpt/0521839351_excerpt.htm
MAD,Madagascar,Africa,Madagascar,tier_6,REPLACE_WITH_EXPLICIT_SETUP,,organized_textile_production,ABSENT,ADD,HIGH,ESTABLISHED,—,"PM:pm_craftsman_sewing, bâtiment:building_textile_mill","Tissage/production textile spécialisée est une capacité propre attestée; le nœud est utilisé comme abstraction de proto-industrie artisanale, pas d’usine mécanisée.",https://www.cambridge.org/core/journals/comparative-studies-in-society-and-history/article/abs/sacred-musket-tactics-technology-and-power-in-eighteenthcentury-madagascar/23C7FD2B3DB787855C4AAED2822FD057,https://assets.cambridge.org/052183/9351/excerpt/0521839351_excerpt.htm
MAD,Madagascar,Africa,Madagascar,tier_6,REPLACE_WITH_EXPLICIT_SETUP,,regulated_small_arms,ABSENT,REVIEW,MEDIUM,FRONTIER,Missing direct prerequisite(s): scientific_fortification_siegecraft. Do not auto-add; either tolerate tree abstraction or revise this child in synthesis.,"bâtiment:building_arms_industry, bâtiment:building_artillery_foundry","Mousquets, poudre locale et usages militaires sont attestés dans les années 1760-1770, mais l’étendue de la fabrication d’armes proprement dite au 1er janvier 1776 reste incertaine.",https://www.cambridge.org/core/journals/comparative-studies-in-society-and-history/article/abs/sacred-musket-tactics-technology-and-power-in-eighteenthcentury-madagascar/23C7FD2B3DB787855C4AAED2822FD057,https://assets.cambridge.org/052183/9351/excerpt/0521839351_excerpt.htm
MAS,Mascara,Africa,Maghreb occidental,tier_4,REPLACE_WITH_EXPLICIT_SETUP,,codified_practical_knowledge,TIER,KEEP,MEDIUM,ABSTRACT,"Missing direct prerequisite(s): institutionalized_scientific_exchange, periodical_print_networks. Do not auto-add; either tolerate tree abstraction or revise this child in synthesis.",nœud sans déblocage direct majeur,"Pratiques artisanales, administratives et savoirs codifiés/oraux existent, mais le nœud agrège plusieurs formes de transmission; conserver sans ajouter automatiquement ses prérequis européens.",https://www.cambridge.org/core/books/history-of-algeria/ecologies-societies-cultures-and-the-state-15161830/6C59DEAD9F70913EC060EDD1465FA6A5,https://www.cambridge.org/core/books/abs/cambridge-history-of-islam/north-africa-in-the-sixteenth-and-seventeenth-centuries/4B2F63A65160CF588F520BEE5F57AC87
MAS,Mascara,Africa,Maghreb occidental,tier_4,REPLACE_WITH_EXPLICIT_SETUP,,distillation,TIER,KEEP,MEDIUM,ESTABLISHED,—,"PM:pm_pot_stills, PM:pm_spiced_food_preparations",Capacité de base compatible avec les pratiques locales attestées avant 1776; le nœud est toutefois plus large que toute pratique unique.,https://www.cambridge.org/core/books/history-of-algeria/ecologies-societies-cultures-and-the-state-15161830/6C59DEAD9F70913EC060EDD1465FA6A5,https://www.cambridge.org/core/books/abs/cambridge-history-of-islam/north-africa-in-the-sixteenth-and-seventeenth-centuries/4B2F63A65160CF588F520BEE5F57AC87
MAS,Mascara,Africa,Maghreb occidental,tier_4,REPLACE_WITH_EXPLICIT_SETUP,,improved_husbandry,TIER,KEEP,MEDIUM,ESTABLISHED,—,"bâtiment:building_banana_plantation, bâtiment:building_coffee_plantation, bâtiment:building_dye_plantation, bâtiment:building_livestock_ranch, bâtiment:building_maize_farm, bâtiment:building_millet_farm, bâtiment:building_opium…","Agriculture et/ou élevage sont structurants dans ce territoire en 1776; le nœud sert ici de socle agricole et pastoral, sans supposer une « révolution agricole » européenne.",https://www.cambridge.org/core/books/history-of-algeria/ecologies-societies-cultures-and-the-state-15161830/6C59DEAD9F70913EC060EDD1465FA6A5,https://www.cambridge.org/core/books/abs/cambridge-history-of-islam/north-africa-in-the-sixteenth-and-seventeenth-centuries/4B2F63A65160CF588F520BEE5F57AC87
MAS,Mascara,Africa,Maghreb occidental,tier_4,REPLACE_WITH_EXPLICIT_SETUP,,international_relations,TIER,KEEP,MEDIUM,ESTABLISHED,—,nœud sans déblocage direct majeur,"Commerce longue distance, diplomatie, tribut et relations interétatiques/avec des négociants étrangers rendent ce nœud plausible comme capacité politique.",https://www.cambridge.org/core/books/history-of-algeria/ecologies-societies-cultures-and-the-state-15161830/6C59DEAD9F70913EC060EDD1465FA6A5,https://www.cambridge.org/core/books/abs/cambridge-history-of-islam/north-africa-in-the-sixteenth-and-seventeenth-centuries/4B2F63A65160CF588F520BEE5F57AC87
MAS,Mascara,Africa,Maghreb occidental,tier_4,REPLACE_WITH_EXPLICIT_SETUP,,light_infantry_tactics,TIER,KEEP,MEDIUM,SECTORAL,Missing direct prerequisite(s): regulated_small_arms. Do not auto-add; either tolerate tree abstraction or revise this child in synthesis.,modificateurs/nœud de progression,"Tactiques d’infanterie organisée plausibles dans les États maghrébins, mais le nœud est une abstraction militaire européenne et doit rester sectoriel.",https://www.cambridge.org/core/books/history-of-algeria/ecologies-societies-cultures-and-the-state-15161830/6C59DEAD9F70913EC060EDD1465FA6A5,https://www.cambridge.org/core/books/abs/cambridge-history-of-islam/north-africa-in-the-sixteenth-and-seventeenth-centuries/4B2F63A65160CF588F520BEE5F57AC87
MAS,Mascara,Africa,Maghreb occidental,tier_4,REPLACE_WITH_EXPLICIT_SETUP,,organized_textile_production,TIER,KEEP,MEDIUM,ESTABLISHED,—,"PM:pm_craftsman_sewing, bâtiment:building_textile_mill",Filage/tissage et production textile organisée sont attestés dans la sous-région; le bâtiment de manufacture reste une abstraction de proto-industrie et d’artisanat spécialisé.,https://www.cambridge.org/core/books/history-of-algeria/ecologies-societies-cultures-and-the-state-15161830/6C59DEAD9F70913EC060EDD1465FA6A5,https://www.cambridge.org/core/books/abs/cambridge-history-of-islam/north-africa-in-the-sixteenth-and-seventeenth-centuries/4B2F63A65160CF588F520BEE5F57AC87
MAS,Mascara,Africa,Maghreb occidental,tier_4,REPLACE_WITH_EXPLICIT_SETUP,,regulated_small_arms,TIER,REVIEW,MEDIUM,SECTORAL,Missing direct prerequisite(s): scientific_fortification_siegecraft. Do not auto-add; either tolerate tree abstraction or revise this child in synthesis.,"bâtiment:building_arms_industry, bâtiment:building_artillery_foundry","Les armes à feu circulent, mais ce nœud ouvre une industrie d’armes et d’artillerie; possession/importation/réparation ne suffit pas à prouver une production réglementée locale.",https://www.cambridge.org/core/books/history-of-algeria/ecologies-societies-cultures-and-the-state-15161830/6C59DEAD9F70913EC060EDD1465FA6A5,https://www.cambridge.org/core/books/abs/cambridge-history-of-islam/north-africa-in-the-sixteenth-and-seventeenth-centuries/4B2F63A65160CF588F520BEE5F57AC87
MAS,Mascara,Africa,Maghreb occidental,tier_4,REPLACE_WITH_EXPLICIT_SETUP,,shaft_mining,TIER,REVIEW,MEDIUM,ABSTRACT,—,"bâtiment:building_coal_mine, bâtiment:building_copper_mine, bâtiment:building_iron_mine, bâtiment:building_lead_mine, bâtiment:building_limestone_quarry, bâtiment:building_salt_mine, bâtiment:building_sulfur_mine, décret:decree…","Extraction minière et métallurgie existent dans plusieurs sociétés africaines, mais le nœud déverrouille un ensemble de mines à puits; il ne faut pas confondre métallurgie du fer, orpaillage ou carrières avec ce paquet gameplay.",https://www.cambridge.org/core/books/history-of-algeria/ecologies-societies-cultures-and-the-state-15161830/6C59DEAD9F70913EC060EDD1465FA6A5,https://www.cambridge.org/core/books/abs/cambridge-history-of-islam/north-africa-in-the-sixteenth-and-seventeenth-centuries/4B2F63A65160CF588F520BEE5F57AC87
MAS,Mascara,Africa,Maghreb occidental,tier_4,REPLACE_WITH_EXPLICIT_SETUP,,standardized_field_artillery,TIER,REVIEW,MEDIUM,SECTORAL,Missing direct prerequisite(s): regulated_small_arms. Do not auto-add; either tolerate tree abstraction or revise this child in synthesis.,PM:pm_cannons,"Artillerie et arsenaux existent dans le Maghreb, mais la standardisation de campagne est plus exigeante que la simple possession de canons.",https://www.cambridge.org/core/books/history-of-algeria/ecologies-societies-cultures-and-the-state-15161830/6C59DEAD9F70913EC060EDD1465FA6A5,https://www.cambridge.org/core/books/abs/cambridge-history-of-islam/north-africa-in-the-sixteenth-and-seventeenth-centuries/4B2F63A65160CF588F520BEE5F57AC87
MAS,Mascara,Africa,Maghreb occidental,tier_4,REPLACE_WITH_EXPLICIT_SETUP,,systematic_administrative_statistics,TIER,REVIEW,MEDIUM,ABSTRACT,—,"bâtiment:building_government_administration, décret:decree_emergency_relief, décret:decree_road_maintenance","Le nœud représente à la fois administration, capacité fiscale, incorporation et statistiques d’État. Fiscalité/tribut peuvent être attestés sans justifier une statistique administrative systématique.",https://www.cambridge.org/core/books/history-of-algeria/ecologies-societies-cultures-and-the-state-15161830/6C59DEAD9F70913EC060EDD1465FA6A5,https://www.cambridge.org/core/books/abs/cambridge-history-of-islam/north-africa-in-the-sixteenth-and-seventeenth-centuries/4B2F63A65160CF588F520BEE5F57AC87
MAS,Mascara,Africa,Maghreb occidental,tier_4,REPLACE_WITH_EXPLICIT_SETUP,,urbanization,TIER,KEEP,MEDIUM,ABSTRACT,—,"bâtiment:building_construction_sector, bâtiment:building_urban_center","Conserver uniquement comme abstraction de bourgs, marchés, construction et concentration de population; ne pas lire ce nœud comme une urbanisation industrielle.",https://www.cambridge.org/core/books/history-of-algeria/ecologies-societies-cultures-and-the-state-15161830/6C59DEAD9F70913EC060EDD1465FA6A5,https://www.cambridge.org/core/books/abs/cambridge-history-of-islam/north-africa-in-the-sixteenth-and-seventeenth-centuries/4B2F63A65160CF588F520BEE5F57AC87
MBS,Mombasa,Africa,Côte swahilie et Mozambique septentrional,tier_5,REPLACE_WITH_EXPLICIT_SETUP,,codified_practical_knowledge,TIER,KEEP,MEDIUM,ABSTRACT,"Missing direct prerequisite(s): institutionalized_scientific_exchange, periodical_print_networks. Do not auto-add; either tolerate tree abstraction or revise this child in synthesis.",nœud sans déblocage direct majeur,"Pratiques artisanales, administratives et savoirs codifiés/oraux existent, mais le nœud agrège plusieurs formes de transmission; conserver sans ajouter automatiquement ses prérequis européens.",https://82nd-and-fifth.metmuseum.org/toah/ht/09/afa.html,https://www.cambridge.org/core/books/abs/cambridge-history-of-africa/east-africa-the-expansion-of-commerce/8AE31B68FFE6ED0C29991E89FAB01006
MBS,Mombasa,Africa,Côte swahilie et Mozambique septentrional,tier_5,REPLACE_WITH_EXPLICIT_SETUP,,improved_husbandry,TIER,KEEP,MEDIUM,ESTABLISHED,—,"bâtiment:building_banana_plantation, bâtiment:building_coffee_plantation, bâtiment:building_dye_plantation, bâtiment:building_livestock_ranch, bâtiment:building_maize_farm, bâtiment:building_millet_farm, bâtiment:building_opium…","Agriculture et/ou élevage sont structurants dans ce territoire en 1776; le nœud sert ici de socle agricole et pastoral, sans supposer une « révolution agricole » européenne.",https://82nd-and-fifth.metmuseum.org/toah/ht/09/afa.html,https://www.cambridge.org/core/books/abs/cambridge-history-of-africa/east-africa-the-expansion-of-commerce/8AE31B68FFE6ED0C29991E89FAB01006
MBS,Mombasa,Africa,Côte swahilie et Mozambique septentrional,tier_5,REPLACE_WITH_EXPLICIT_SETUP,,international_relations,EXPLICIT,KEEP,MEDIUM,ESTABLISHED,—,nœud sans déblocage direct majeur,"Commerce longue distance, diplomatie, tribut et relations interétatiques/avec des négociants étrangers rendent ce nœud plausible comme capacité politique.",https://82nd-and-fifth.metmuseum.org/toah/ht/09/afa.html,https://www.cambridge.org/core/books/abs/cambridge-history-of-africa/east-africa-the-expansion-of-commerce/8AE31B68FFE6ED0C29991E89FAB01006
MBS,Mombasa,Africa,Côte swahilie et Mozambique septentrional,tier_5,REPLACE_WITH_EXPLICIT_SETUP,,organized_textile_production,TIER,KEEP,MEDIUM,ESTABLISHED,—,"PM:pm_craftsman_sewing, bâtiment:building_textile_mill",Filage/tissage et production textile organisée sont attestés dans la sous-région; le bâtiment de manufacture reste une abstraction de proto-industrie et d’artisanat spécialisé.,https://82nd-and-fifth.metmuseum.org/toah/ht/09/afa.html,https://www.cambridge.org/core/books/abs/cambridge-history-of-africa/east-africa-the-expansion-of-commerce/8AE31B68FFE6ED0C29991E89FAB01006
MBS,Mombasa,Africa,Côte swahilie et Mozambique septentrional,tier_5,REPLACE_WITH_EXPLICIT_SETUP,,shaft_mining,TIER,REVIEW,MEDIUM,ABSTRACT,—,"bâtiment:building_coal_mine, bâtiment:building_copper_mine, bâtiment:building_iron_mine, bâtiment:building_lead_mine, bâtiment:building_limestone_quarry, bâtiment:building_salt_mine, bâtiment:building_sulfur_mine, décret:decree…","Extraction minière et métallurgie existent dans plusieurs sociétés africaines, mais le nœud déverrouille un ensemble de mines à puits; il ne faut pas confondre métallurgie du fer, orpaillage ou carrières avec ce paquet gameplay.",https://82nd-and-fifth.metmuseum.org/toah/ht/09/afa.html,https://www.cambridge.org/core/books/abs/cambridge-history-of-africa/east-africa-the-expansion-of-commerce/8AE31B68FFE6ED0C29991E89FAB01006
MBS,Mombasa,Africa,Côte swahilie et Mozambique septentrional,tier_5,REPLACE_WITH_EXPLICIT_SETUP,,systematic_administrative_statistics,TIER,REVIEW,MEDIUM,ABSTRACT,—,"bâtiment:building_government_administration, décret:decree_emergency_relief, décret:decree_road_maintenance","Le nœud représente à la fois administration, capacité fiscale, incorporation et statistiques d’État. Fiscalité/tribut peuvent être attestés sans justifier une statistique administrative systématique.",https://82nd-and-fifth.metmuseum.org/toah/ht/09/afa.html,https://www.cambridge.org/core/books/abs/cambridge-history-of-africa/east-africa-the-expansion-of-commerce/8AE31B68FFE6ED0C29991E89FAB01006
MBS,Mombasa,Africa,Côte swahilie et Mozambique septentrional,tier_5,REPLACE_WITH_EXPLICIT_SETUP,,urbanization,TIER,KEEP,MEDIUM,ABSTRACT,—,"bâtiment:building_construction_sector, bâtiment:building_urban_center","Conserver uniquement comme abstraction de bourgs, marchés, construction et concentration de population; ne pas lire ce nœud comme une urbanisation industrielle.",https://82nd-and-fifth.metmuseum.org/toah/ht/09/afa.html,https://www.cambridge.org/core/books/abs/cambridge-history-of-africa/east-africa-the-expansion-of-commerce/8AE31B68FFE6ED0C29991E89FAB01006
MBS,Mombasa,Africa,Côte swahilie et Mozambique septentrional,tier_5,REPLACE_WITH_EXPLICIT_SETUP,,scientific_fortification_siegecraft,ABSENT,ADD,MEDIUM,SECTORAL,—,"bâtiment:building_barrack, bâtiment:building_naval_fortification",Mombasa est un port fortifié majeur dans le système de l’océan Indien; la capacité est locale/sectorielle et ne suppose pas une école européenne complète du génie.,https://82nd-and-fifth.metmuseum.org/toah/ht/09/afa.html,https://www.cambridge.org/core/books/abs/cambridge-history-of-africa/east-africa-the-expansion-of-commerce/8AE31B68FFE6ED0C29991E89FAB01006
MBS,Mombasa,Africa,Côte swahilie et Mozambique septentrional,tier_5,REPLACE_WITH_EXPLICIT_SETUP,,state_dockyard_systems,ABSENT,REVIEW,LOW,SECTORAL,—,"bâtiment:building_naval_administration, bâtiment:building_shipyard","Commerce maritime et navigation sont établis, mais la preuve d’un chantier naval d’État correspondant au nœud est insuffisante; ne pas transformer une tradition dhow/portuaire en arsenal étatique sans source plus précise.",https://82nd-and-fifth.metmuseum.org/toah/ht/09/afa.html,https://www.cambridge.org/core/books/abs/cambridge-history-of-africa/east-africa-the-expansion-of-commerce/8AE31B68FFE6ED0C29991E89FAB01006
MDK,Mandinka,Africa,Sénégambie et vallée du Sénégal,tier_7,REPLACE_WITH_EXPLICIT_SETUP,,improved_husbandry,ABSENT,ADD,MEDIUM,ESTABLISHED,—,"bâtiment:building_banana_plantation, bâtiment:building_coffee_plantation, bâtiment:building_dye_plantation, bâtiment:building_livestock_ranch, bâtiment:building_maize_farm, bâtiment:building_millet_farm, bâtiment:building_opium…",Le tier 7 vide efface une capacité agricole et/ou pastorale locale attestée à l’échelle de la sous-région; ADD restaure un socle de production sans attribuer une industrialisation européenne.,https://www.metmuseum.org/fr/essays/the-age-of-iron-in-west-africa,https://www.cambridge.org/core/journals/journal-of-african-history/article/abs/import-of-firearms-into-west-africa-in-the-eighteenth-century/84E8BF080DACF066CC957D56271DC721
MJK,Mijikenda,Africa,Côte swahilie et Mozambique septentrional,tier_7,REPLACE_WITH_EXPLICIT_SETUP,,improved_husbandry,ABSENT,ADD,MEDIUM,ESTABLISHED,—,"bâtiment:building_banana_plantation, bâtiment:building_coffee_plantation, bâtiment:building_dye_plantation, bâtiment:building_livestock_ranch, bâtiment:building_maize_farm, bâtiment:building_millet_farm, bâtiment:building_opium…",Le tier 7 vide efface une capacité agricole et/ou pastorale locale attestée à l’échelle de la sous-région; ADD restaure un socle de production sans attribuer une industrialisation européenne.,https://82nd-and-fifth.metmuseum.org/toah/ht/09/afa.html,https://www.cambridge.org/core/books/abs/cambridge-history-of-africa/east-africa-the-expansion-of-commerce/8AE31B68FFE6ED0C29991E89FAB01006
MJT,Majerteen,Africa,Corne de l’Afrique et hauts plateaux éthiopiens,tier_5,REPLACE_WITH_EXPLICIT_SETUP,,codified_practical_knowledge,TIER,KEEP,MEDIUM,ABSTRACT,"Missing direct prerequisite(s): institutionalized_scientific_exchange, periodical_print_networks. Do not auto-add; either tolerate tree abstraction or revise this child in synthesis.",nœud sans déblocage direct majeur,"Pratiques artisanales, administratives et savoirs codifiés/oraux existent, mais le nœud agrège plusieurs formes de transmission; conserver sans ajouter automatiquement ses prérequis européens.",https://82nd-and-fifth.metmuseum.org/toah/ht/09/afa.html,https://www.cambridge.org/core/books/abs/cambridge-history-of-africa/east-africa-the-expansion-of-commerce/8AE31B68FFE6ED0C29991E89FAB01006
MJT,Majerteen,Africa,Corne de l’Afrique et hauts plateaux éthiopiens,tier_5,REPLACE_WITH_EXPLICIT_SETUP,,improved_husbandry,TIER,KEEP,MEDIUM,ESTABLISHED,—,"bâtiment:building_banana_plantation, bâtiment:building_coffee_plantation, bâtiment:building_dye_plantation, bâtiment:building_livestock_ranch, bâtiment:building_maize_farm, bâtiment:building_millet_farm, bâtiment:building_opium…","Agriculture et/ou élevage sont structurants dans ce territoire en 1776; le nœud sert ici de socle agricole et pastoral, sans supposer une « révolution agricole » européenne.",https://82nd-and-fifth.metmuseum.org/toah/ht/09/afa.html,https://www.cambridge.org/core/books/abs/cambridge-history-of-africa/east-africa-the-expansion-of-commerce/8AE31B68FFE6ED0C29991E89FAB01006
MJT,Majerteen,Africa,Corne de l’Afrique et hauts plateaux éthiopiens,tier_5,REPLACE_WITH_EXPLICIT_SETUP,,international_relations,EXPLICIT,KEEP,MEDIUM,ESTABLISHED,—,nœud sans déblocage direct majeur,"Commerce longue distance, diplomatie, tribut et relations interétatiques/avec des négociants étrangers rendent ce nœud plausible comme capacité politique.",https://82nd-and-fifth.metmuseum.org/toah/ht/09/afa.html,https://www.cambridge.org/core/books/abs/cambridge-history-of-africa/east-africa-the-expansion-of-commerce/8AE31B68FFE6ED0C29991E89FAB01006
MJT,Majerteen,Africa,Corne de l’Afrique et hauts plateaux éthiopiens,tier_5,REPLACE_WITH_EXPLICIT_SETUP,,organized_textile_production,TIER,KEEP,MEDIUM,ESTABLISHED,—,"PM:pm_craftsman_sewing, bâtiment:building_textile_mill",Filage/tissage et production textile organisée sont attestés dans la sous-région; le bâtiment de manufacture reste une abstraction de proto-industrie et d’artisanat spécialisé.,https://82nd-and-fifth.metmuseum.org/toah/ht/09/afa.html,https://www.cambridge.org/core/books/abs/cambridge-history-of-africa/east-africa-the-expansion-of-commerce/8AE31B68FFE6ED0C29991E89FAB01006
MJT,Majerteen,Africa,Corne de l’Afrique et hauts plateaux éthiopiens,tier_5,REPLACE_WITH_EXPLICIT_SETUP,,shaft_mining,TIER,REVIEW,MEDIUM,ABSTRACT,—,"bâtiment:building_coal_mine, bâtiment:building_copper_mine, bâtiment:building_iron_mine, bâtiment:building_lead_mine, bâtiment:building_limestone_quarry, bâtiment:building_salt_mine, bâtiment:building_sulfur_mine, décret:decree…","Extraction minière et métallurgie existent dans plusieurs sociétés africaines, mais le nœud déverrouille un ensemble de mines à puits; il ne faut pas confondre métallurgie du fer, orpaillage ou carrières avec ce paquet gameplay.",https://82nd-and-fifth.metmuseum.org/toah/ht/09/afa.html,https://www.cambridge.org/core/books/abs/cambridge-history-of-africa/east-africa-the-expansion-of-commerce/8AE31B68FFE6ED0C29991E89FAB01006
MJT,Majerteen,Africa,Corne de l’Afrique et hauts plateaux éthiopiens,tier_5,REPLACE_WITH_EXPLICIT_SETUP,,systematic_administrative_statistics,TIER,REVIEW,MEDIUM,ABSTRACT,—,"bâtiment:building_government_administration, décret:decree_emergency_relief, décret:decree_road_maintenance","Le nœud représente à la fois administration, capacité fiscale, incorporation et statistiques d’État. Fiscalité/tribut peuvent être attestés sans justifier une statistique administrative systématique.",https://82nd-and-fifth.metmuseum.org/toah/ht/09/afa.html,https://www.cambridge.org/core/books/abs/cambridge-history-of-africa/east-africa-the-expansion-of-commerce/8AE31B68FFE6ED0C29991E89FAB01006
MJT,Majerteen,Africa,Corne de l’Afrique et hauts plateaux éthiopiens,tier_5,REPLACE_WITH_EXPLICIT_SETUP,,urbanization,TIER,KEEP,MEDIUM,ABSTRACT,—,"bâtiment:building_construction_sector, bâtiment:building_urban_center","Conserver uniquement comme abstraction de bourgs, marchés, construction et concentration de population; ne pas lire ce nœud comme une urbanisation industrielle.",https://82nd-and-fifth.metmuseum.org/toah/ht/09/afa.html,https://www.cambridge.org/core/books/abs/cambridge-history-of-africa/east-africa-the-expansion-of-commerce/8AE31B68FFE6ED0C29991E89FAB01006
MJT,Majerteen,Africa,Corne de l’Afrique et hauts plateaux éthiopiens,tier_5,REPLACE_WITH_EXPLICIT_SETUP,,state_dockyard_systems,ABSENT,REVIEW,LOW,SECTORAL,—,"bâtiment:building_naval_administration, bâtiment:building_shipyard","Commerce maritime et navigation sont établis, mais la preuve d’un chantier naval d’État correspondant au nœud est insuffisante; ne pas transformer une tradition dhow/portuaire en arsenal étatique sans source plus précise.",https://82nd-and-fifth.metmuseum.org/toah/ht/09/afa.html,https://www.cambridge.org/core/books/abs/cambridge-history-of-africa/east-africa-the-expansion-of-commerce/8AE31B68FFE6ED0C29991E89FAB01006
MNB,Mangbetu,Africa,Cameroun et bassin nord-congolais,tier_7,REPLACE_WITH_EXPLICIT_SETUP,,improved_husbandry,ABSENT,ADD,MEDIUM,ESTABLISHED,—,"bâtiment:building_banana_plantation, bâtiment:building_coffee_plantation, bâtiment:building_dye_plantation, bâtiment:building_livestock_ranch, bâtiment:building_maize_farm, bâtiment:building_millet_farm, bâtiment:building_opium…",Le tier 7 vide efface une capacité agricole et/ou pastorale locale attestée à l’échelle de la sous-région; ADD restaure un socle de production sans attribuer une industrialisation européenne.,https://82nd-and-fifth.metmuseum.org/toah/ht/09/afc.html,https://www.metmuseum.org/de/essays/kingdoms-of-the-savanna-the-luba-and-lunda-empires
MNC,Manica,Africa,Afrique du Sud-Est intérieure,tier_7,REPLACE_WITH_EXPLICIT_SETUP,,improved_husbandry,ABSENT,ADD,MEDIUM,ESTABLISHED,—,"bâtiment:building_banana_plantation, bâtiment:building_coffee_plantation, bâtiment:building_dye_plantation, bâtiment:building_livestock_ranch, bâtiment:building_maize_farm, bâtiment:building_millet_farm, bâtiment:building_opium…",Le tier 7 vide efface une capacité agricole et/ou pastorale locale attestée à l’échelle de la sous-région; ADD restaure un socle de production sans attribuer une industrialisation européenne.,https://82nd-and-fifth.metmuseum.org/toah/ht/09/afa.html,https://www.cambridge.org/core/books/abs/cambridge-history-of-africa/east-africa-the-expansion-of-commerce/8AE31B68FFE6ED0C29991E89FAB01006
MOR,Morocco,Africa,Maghreb occidental,tier_4,REPLACE_WITH_EXPLICIT_SETUP,,codified_practical_knowledge,TIER,KEEP,MEDIUM,ABSTRACT,"Missing direct prerequisite(s): institutionalized_scientific_exchange, periodical_print_networks. Do not auto-add; either tolerate tree abstraction or revise this child in synthesis.",nœud sans déblocage direct majeur,"Pratiques artisanales, administratives et savoirs codifiés/oraux existent, mais le nœud agrège plusieurs formes de transmission; conserver sans ajouter automatiquement ses prérequis européens.",https://www.cambridge.org/core/books/history-of-algeria/ecologies-societies-cultures-and-the-state-15161830/6C59DEAD9F70913EC060EDD1465FA6A5,https://www.cambridge.org/core/books/abs/cambridge-history-of-islam/north-africa-in-the-sixteenth-and-seventeenth-centuries/4B2F63A65160CF588F520BEE5F57AC87
MOR,Morocco,Africa,Maghreb occidental,tier_4,REPLACE_WITH_EXPLICIT_SETUP,,distillation,TIER,KEEP,MEDIUM,ESTABLISHED,—,"PM:pm_pot_stills, PM:pm_spiced_food_preparations",Capacité de base compatible avec les pratiques locales attestées avant 1776; le nœud est toutefois plus large que toute pratique unique.,https://www.cambridge.org/core/books/history-of-algeria/ecologies-societies-cultures-and-the-state-15161830/6C59DEAD9F70913EC060EDD1465FA6A5,https://www.cambridge.org/core/books/abs/cambridge-history-of-islam/north-africa-in-the-sixteenth-and-seventeenth-centuries/4B2F63A65160CF588F520BEE5F57AC87
MOR,Morocco,Africa,Maghreb occidental,tier_4,REPLACE_WITH_EXPLICIT_SETUP,,improved_husbandry,TIER,KEEP,MEDIUM,ESTABLISHED,—,"bâtiment:building_banana_plantation, bâtiment:building_coffee_plantation, bâtiment:building_dye_plantation, bâtiment:building_livestock_ranch, bâtiment:building_maize_farm, bâtiment:building_millet_farm, bâtiment:building_opium…","Agriculture et/ou élevage sont structurants dans ce territoire en 1776; le nœud sert ici de socle agricole et pastoral, sans supposer une « révolution agricole » européenne.",https://www.cambridge.org/core/books/history-of-algeria/ecologies-societies-cultures-and-the-state-15161830/6C59DEAD9F70913EC060EDD1465FA6A5,https://www.cambridge.org/core/books/abs/cambridge-history-of-islam/north-africa-in-the-sixteenth-and-seventeenth-centuries/4B2F63A65160CF588F520BEE5F57AC87
MOR,Morocco,Africa,Maghreb occidental,tier_4,REPLACE_WITH_EXPLICIT_SETUP,,international_relations,TIER,KEEP,MEDIUM,ESTABLISHED,—,nœud sans déblocage direct majeur,"Commerce longue distance, diplomatie, tribut et relations interétatiques/avec des négociants étrangers rendent ce nœud plausible comme capacité politique.",https://www.cambridge.org/core/books/history-of-algeria/ecologies-societies-cultures-and-the-state-15161830/6C59DEAD9F70913EC060EDD1465FA6A5,https://www.cambridge.org/core/books/abs/cambridge-history-of-islam/north-africa-in-the-sixteenth-and-seventeenth-centuries/4B2F63A65160CF588F520BEE5F57AC87
MOR,Morocco,Africa,Maghreb occidental,tier_4,REPLACE_WITH_EXPLICIT_SETUP,,light_infantry_tactics,TIER,KEEP,MEDIUM,SECTORAL,Direct prerequisites present in proposed setup.,modificateurs/nœud de progression,"Tactiques d’infanterie organisée plausibles dans les États maghrébins, mais le nœud est une abstraction militaire européenne et doit rester sectoriel.",https://www.cambridge.org/core/books/history-of-algeria/ecologies-societies-cultures-and-the-state-15161830/6C59DEAD9F70913EC060EDD1465FA6A5,https://www.cambridge.org/core/books/abs/cambridge-history-of-islam/north-africa-in-the-sixteenth-and-seventeenth-centuries/4B2F63A65160CF588F520BEE5F57AC87
MOR,Morocco,Africa,Maghreb occidental,tier_4,REPLACE_WITH_EXPLICIT_SETUP,,organized_textile_production,TIER,KEEP,MEDIUM,ESTABLISHED,—,"PM:pm_craftsman_sewing, bâtiment:building_textile_mill",Filage/tissage et production textile organisée sont attestés dans la sous-région; le bâtiment de manufacture reste une abstraction de proto-industrie et d’artisanat spécialisé.,https://www.cambridge.org/core/books/history-of-algeria/ecologies-societies-cultures-and-the-state-15161830/6C59DEAD9F70913EC060EDD1465FA6A5,https://www.cambridge.org/core/books/abs/cambridge-history-of-islam/north-africa-in-the-sixteenth-and-seventeenth-centuries/4B2F63A65160CF588F520BEE5F57AC87
MOR,Morocco,Africa,Maghreb occidental,tier_4,REPLACE_WITH_EXPLICIT_SETUP,,regulated_small_arms,TIER,KEEP,MEDIUM,SECTORAL,Direct prerequisites present in proposed setup.,"bâtiment:building_arms_industry, bâtiment:building_artillery_foundry","Le Maroc dispose d’un appareil étatique, de fortifications et d’arsenaux; le nœud reste sectoriel, pas une industrie de masse.",https://www.cambridge.org/core/books/history-of-algeria/ecologies-societies-cultures-and-the-state-15161830/6C59DEAD9F70913EC060EDD1465FA6A5,https://www.cambridge.org/core/books/abs/cambridge-history-of-islam/north-africa-in-the-sixteenth-and-seventeenth-centuries/4B2F63A65160CF588F520BEE5F57AC87
MOR,Morocco,Africa,Maghreb occidental,tier_4,REPLACE_WITH_EXPLICIT_SETUP,,shaft_mining,TIER,REVIEW,MEDIUM,ABSTRACT,—,"bâtiment:building_coal_mine, bâtiment:building_copper_mine, bâtiment:building_iron_mine, bâtiment:building_lead_mine, bâtiment:building_limestone_quarry, bâtiment:building_salt_mine, bâtiment:building_sulfur_mine, décret:decree…","Extraction minière et métallurgie existent dans plusieurs sociétés africaines, mais le nœud déverrouille un ensemble de mines à puits; il ne faut pas confondre métallurgie du fer, orpaillage ou carrières avec ce paquet gameplay.",https://www.cambridge.org/core/books/history-of-algeria/ecologies-societies-cultures-and-the-state-15161830/6C59DEAD9F70913EC060EDD1465FA6A5,https://www.cambridge.org/core/books/abs/cambridge-history-of-islam/north-africa-in-the-sixteenth-and-seventeenth-centuries/4B2F63A65160CF588F520BEE5F57AC87
MOR,Morocco,Africa,Maghreb occidental,tier_4,REPLACE_WITH_EXPLICIT_SETUP,,standardized_field_artillery,TIER,KEEP,MEDIUM,SECTORAL,Direct prerequisites present in proposed setup.,PM:pm_cannons,"Artillerie et arsenaux existent dans le Maghreb, mais la standardisation de campagne est plus exigeante que la simple possession de canons.",https://www.cambridge.org/core/books/history-of-algeria/ecologies-societies-cultures-and-the-state-15161830/6C59DEAD9F70913EC060EDD1465FA6A5,https://www.cambridge.org/core/books/abs/cambridge-history-of-islam/north-africa-in-the-sixteenth-and-seventeenth-centuries/4B2F63A65160CF588F520BEE5F57AC87
MOR,Morocco,Africa,Maghreb occidental,tier_4,REPLACE_WITH_EXPLICIT_SETUP,,systematic_administrative_statistics,TIER,KEEP,MEDIUM,SECTORAL,—,"bâtiment:building_government_administration, décret:decree_emergency_relief, décret:decree_road_maintenance",Un appareil de cour/tribut/fiscalité et des pratiques administratives structurées sont attestés; KEEP est sectoriel et ne suppose pas une statistique moderne exhaustive.,https://www.cambridge.org/core/books/history-of-algeria/ecologies-societies-cultures-and-the-state-15161830/6C59DEAD9F70913EC060EDD1465FA6A5,https://www.cambridge.org/core/books/abs/cambridge-history-of-islam/north-africa-in-the-sixteenth-and-seventeenth-centuries/4B2F63A65160CF588F520BEE5F57AC87
MOR,Morocco,Africa,Maghreb occidental,tier_4,REPLACE_WITH_EXPLICIT_SETUP,,urbanization,TIER,KEEP,MEDIUM,ABSTRACT,—,"bâtiment:building_construction_sector, bâtiment:building_urban_center","Conserver uniquement comme abstraction de bourgs, marchés, construction et concentration de population; ne pas lire ce nœud comme une urbanisation industrielle.",https://www.cambridge.org/core/books/history-of-algeria/ecologies-societies-cultures-and-the-state-15161830/6C59DEAD9F70913EC060EDD1465FA6A5,https://www.cambridge.org/core/books/abs/cambridge-history-of-islam/north-africa-in-the-sixteenth-and-seventeenth-centuries/4B2F63A65160CF588F520BEE5F57AC87
MOR,Morocco,Africa,Maghreb occidental,tier_4,REPLACE_WITH_EXPLICIT_SETUP,,scientific_fortification_siegecraft,ABSENT,ADD,MEDIUM,SECTORAL,—,"bâtiment:building_barrack, bâtiment:building_naval_fortification","Ports fortifiés, garnisons et traditions de siège du Maghreb rendent ce nœud sectoriellement plausible; il sert aussi de parent aux armes réglementées sans ajouter un savoir fictif.",https://www.cambridge.org/core/books/history-of-algeria/ecologies-societies-cultures-and-the-state-15161830/6C59DEAD9F70913EC060EDD1465FA6A5,https://www.cambridge.org/core/books/abs/cambridge-history-of-islam/north-africa-in-the-sixteenth-and-seventeenth-centuries/4B2F63A65160CF588F520BEE5F57AC87
MOR,Morocco,Africa,Maghreb occidental,tier_4,REPLACE_WITH_EXPLICIT_SETUP,,state_dockyard_systems,ABSENT,ADD,MEDIUM,SECTORAL,—,"bâtiment:building_naval_administration, bâtiment:building_shipyard","Arsenaux, course et entretien de flottes d’État/para-étatiques justifient un système de chantier naval sectoriel, sans copier toute la technologie ottomane ou européenne.",https://www.cambridge.org/core/books/history-of-algeria/ecologies-societies-cultures-and-the-state-15161830/6C59DEAD9F70913EC060EDD1465FA6A5,https://www.cambridge.org/core/books/abs/cambridge-history-of-islam/north-africa-in-the-sixteenth-and-seventeenth-centuries/4B2F63A65160CF588F520BEE5F57AC87
MOS,Mossi,Africa,Sahel et Soudan occidental,tier_6,REPLACE_WITH_EXPLICIT_SETUP,,improved_husbandry,TIER,KEEP,MEDIUM,ESTABLISHED,—,"bâtiment:building_banana_plantation, bâtiment:building_coffee_plantation, bâtiment:building_dye_plantation, bâtiment:building_livestock_ranch, bâtiment:building_maize_farm, bâtiment:building_millet_farm, bâtiment:building_opium…","Agriculture et/ou élevage sont structurants dans ce territoire en 1776; le nœud sert ici de socle agricole et pastoral, sans supposer une « révolution agricole » européenne.",https://www.metmuseum.org/fr/essays/the-age-of-iron-in-west-africa,https://www.cambridge.org/core/journals/journal-of-african-history/article/abs/import-of-firearms-into-west-africa-in-the-eighteenth-century/84E8BF080DACF066CC957D56271DC721
MOS,Mossi,Africa,Sahel et Soudan occidental,tier_6,REPLACE_WITH_EXPLICIT_SETUP,,urbanization,TIER,KEEP,MEDIUM,ABSTRACT,—,"bâtiment:building_construction_sector, bâtiment:building_urban_center","Conserver uniquement comme abstraction de bourgs, marchés, construction et concentration de population; ne pas lire ce nœud comme une urbanisation industrielle.",https://www.metmuseum.org/fr/essays/the-age-of-iron-in-west-africa,https://www.cambridge.org/core/journals/journal-of-african-history/article/abs/import-of-firearms-into-west-africa-in-the-eighteenth-century/84E8BF080DACF066CC957D56271DC721
MRV,Maravi,Africa,Afrique du Sud-Est intérieure,tier_7,REPLACE_WITH_EXPLICIT_SETUP,,improved_husbandry,ABSENT,ADD,MEDIUM,ESTABLISHED,—,"bâtiment:building_banana_plantation, bâtiment:building_coffee_plantation, bâtiment:building_dye_plantation, bâtiment:building_livestock_ranch, bâtiment:building_maize_farm, bâtiment:building_millet_farm, bâtiment:building_opium…",Le tier 7 vide efface une capacité agricole et/ou pastorale locale attestée à l’échelle de la sous-région; ADD restaure un socle de production sans attribuer une industrialisation européenne.,https://82nd-and-fifth.metmuseum.org/toah/ht/09/afa.html,https://www.cambridge.org/core/books/abs/cambridge-history-of-africa/east-africa-the-expansion-of-commerce/8AE31B68FFE6ED0C29991E89FAB01006
MSH,Mashona,Africa,Afrique du Sud-Est intérieure,tier_7,REPLACE_WITH_EXPLICIT_SETUP,,improved_husbandry,ABSENT,ADD,MEDIUM,ESTABLISHED,—,"bâtiment:building_banana_plantation, bâtiment:building_coffee_plantation, bâtiment:building_dye_plantation, bâtiment:building_livestock_ranch, bâtiment:building_maize_farm, bâtiment:building_millet_farm, bâtiment:building_opium…",Le tier 7 vide efface une capacité agricole et/ou pastorale locale attestée à l’échelle de la sous-région; ADD restaure un socle de production sans attribuer une industrialisation européenne.,https://82nd-and-fifth.metmuseum.org/toah/ht/09/afa.html,https://www.cambridge.org/core/books/abs/cambridge-history-of-africa/east-africa-the-expansion-of-commerce/8AE31B68FFE6ED0C29991E89FAB01006
MSI,Masai,Africa,East Africa,tier_7,REPLACE_WITH_EXPLICIT_SETUP,,improved_husbandry,ABSENT,ADD,MEDIUM,ESTABLISHED,—,"bâtiment:building_banana_plantation, bâtiment:building_coffee_plantation, bâtiment:building_dye_plantation, bâtiment:building_livestock_ranch, bâtiment:building_maize_farm, bâtiment:building_millet_farm, bâtiment:building_opium…",Le tier 7 vide efface une capacité agricole et/ou pastorale locale attestée à l’échelle de la sous-région; ADD restaure un socle de production sans attribuer une industrialisation européenne.,https://82nd-and-fifth.metmuseum.org/toah/ht/09/afa.html,https://www.cambridge.org/core/books/abs/cambridge-history-of-africa/east-africa-the-expansion-of-commerce/8AE31B68FFE6ED0C29991E89FAB01006
MSK,Maseko,Africa,Afrique du Sud-Est intérieure,tier_7,REPLACE_WITH_EXPLICIT_SETUP,,improved_husbandry,ABSENT,ADD,MEDIUM,ESTABLISHED,—,"bâtiment:building_banana_plantation, bâtiment:building_coffee_plantation, bâtiment:building_dye_plantation, bâtiment:building_livestock_ranch, bâtiment:building_maize_farm, bâtiment:building_millet_farm, bâtiment:building_opium…",Le tier 7 vide efface une capacité agricole et/ou pastorale locale attestée à l’échelle de la sous-région; ADD restaure un socle de production sans attribuer une industrialisation européenne.,https://82nd-and-fifth.metmuseum.org/toah/ht/09/afa.html,https://www.cambridge.org/core/books/abs/cambridge-history-of-africa/east-africa-the-expansion-of-commerce/8AE31B68FFE6ED0C29991E89FAB01006
MSN,Massina,Africa,Sahel et Soudan occidental,tier_5,REPLACE_WITH_EXPLICIT_SETUP,,codified_practical_knowledge,TIER,KEEP,MEDIUM,ABSTRACT,"Missing direct prerequisite(s): institutionalized_scientific_exchange, periodical_print_networks. Do not auto-add; either tolerate tree abstraction or revise this child in synthesis.",nœud sans déblocage direct majeur,"Pratiques artisanales, administratives et savoirs codifiés/oraux existent, mais le nœud agrège plusieurs formes de transmission; conserver sans ajouter automatiquement ses prérequis européens.",https://www.cambridge.org/core/journals/history-in-africa/article/centurys-firstborn-intimate-history-in-the-aftermath-of-nineteenthcentury-islamic-revolutions-in-central-mali/72F457F849651FDB98353DD6DD54465A,https://www.metmuseum.org/fr/essays/the-age-of-iron-in-west-africa
MSN,Massina,Africa,Sahel et Soudan occidental,tier_5,REPLACE_WITH_EXPLICIT_SETUP,,improved_husbandry,TIER,KEEP,MEDIUM,ESTABLISHED,—,"bâtiment:building_banana_plantation, bâtiment:building_coffee_plantation, bâtiment:building_dye_plantation, bâtiment:building_livestock_ranch, bâtiment:building_maize_farm, bâtiment:building_millet_farm, bâtiment:building_opium…","Agriculture et/ou élevage sont structurants dans ce territoire en 1776; le nœud sert ici de socle agricole et pastoral, sans supposer une « révolution agricole » européenne.",https://www.cambridge.org/core/journals/history-in-africa/article/centurys-firstborn-intimate-history-in-the-aftermath-of-nineteenthcentury-islamic-revolutions-in-central-mali/72F457F849651FDB98353DD6DD54465A,https://www.metmuseum.org/fr/essays/the-age-of-iron-in-west-africa
MSN,Massina,Africa,Sahel et Soudan occidental,tier_5,REPLACE_WITH_EXPLICIT_SETUP,,organized_textile_production,TIER,KEEP,MEDIUM,ESTABLISHED,—,"PM:pm_craftsman_sewing, bâtiment:building_textile_mill",Filage/tissage et production textile organisée sont attestés dans la sous-région; le bâtiment de manufacture reste une abstraction de proto-industrie et d’artisanat spécialisé.,https://www.cambridge.org/core/journals/history-in-africa/article/centurys-firstborn-intimate-history-in-the-aftermath-of-nineteenthcentury-islamic-revolutions-in-central-mali/72F457F849651FDB98353DD6DD54465A,https://www.metmuseum.org/fr/essays/the-age-of-iron-in-west-africa
MSN,Massina,Africa,Sahel et Soudan occidental,tier_5,REPLACE_WITH_EXPLICIT_SETUP,,shaft_mining,TIER,REVIEW,MEDIUM,ABSTRACT,—,"bâtiment:building_coal_mine, bâtiment:building_copper_mine, bâtiment:building_iron_mine, bâtiment:building_lead_mine, bâtiment:building_limestone_quarry, bâtiment:building_salt_mine, bâtiment:building_sulfur_mine, décret:decree…","Extraction minière et métallurgie existent dans plusieurs sociétés africaines, mais le nœud déverrouille un ensemble de mines à puits; il ne faut pas confondre métallurgie du fer, orpaillage ou carrières avec ce paquet gameplay.",https://www.cambridge.org/core/journals/history-in-africa/article/centurys-firstborn-intimate-history-in-the-aftermath-of-nineteenthcentury-islamic-revolutions-in-central-mali/72F457F849651FDB98353DD6DD54465A,https://www.metmuseum.org/fr/essays/the-age-of-iron-in-west-africa
MSN,Massina,Africa,Sahel et Soudan occidental,tier_5,REPLACE_WITH_EXPLICIT_SETUP,,systematic_administrative_statistics,TIER,REVIEW,MEDIUM,ABSTRACT,—,"bâtiment:building_government_administration, décret:decree_emergency_relief, décret:decree_road_maintenance","Le nœud représente à la fois administration, capacité fiscale, incorporation et statistiques d’État. Fiscalité/tribut peuvent être attestés sans justifier une statistique administrative systématique.",https://www.cambridge.org/core/journals/history-in-africa/article/centurys-firstborn-intimate-history-in-the-aftermath-of-nineteenthcentury-islamic-revolutions-in-central-mali/72F457F849651FDB98353DD6DD54465A,https://www.metmuseum.org/fr/essays/the-age-of-iron-in-west-africa
MSN,Massina,Africa,Sahel et Soudan occidental,tier_5,REPLACE_WITH_EXPLICIT_SETUP,,urbanization,TIER,KEEP,MEDIUM,ABSTRACT,—,"bâtiment:building_construction_sector, bâtiment:building_urban_center","Conserver uniquement comme abstraction de bourgs, marchés, construction et concentration de population; ne pas lire ce nœud comme une urbanisation industrielle.",https://www.cambridge.org/core/journals/history-in-africa/article/centurys-firstborn-intimate-history-in-the-aftermath-of-nineteenthcentury-islamic-revolutions-in-central-mali/72F457F849651FDB98353DD6DD54465A,https://www.metmuseum.org/fr/essays/the-age-of-iron-in-west-africa
MTB,Ndebele,Africa,Afrique du Sud-Est intérieure,tier_6,REPLACE_WITH_EXPLICIT_SETUP,,improved_husbandry,TIER,KEEP,MEDIUM,ESTABLISHED,—,"bâtiment:building_banana_plantation, bâtiment:building_coffee_plantation, bâtiment:building_dye_plantation, bâtiment:building_livestock_ranch, bâtiment:building_maize_farm, bâtiment:building_millet_farm, bâtiment:building_opium…","Agriculture et/ou élevage sont structurants dans ce territoire en 1776; le nœud sert ici de socle agricole et pastoral, sans supposer une « révolution agricole » européenne.",https://82nd-and-fifth.metmuseum.org/toah/ht/09/afa.html,https://www.cambridge.org/core/books/abs/cambridge-history-of-africa/east-africa-the-expansion-of-commerce/8AE31B68FFE6ED0C29991E89FAB01006
MTB,Ndebele,Africa,Afrique du Sud-Est intérieure,tier_6,REPLACE_WITH_EXPLICIT_SETUP,,urbanization,TIER,REVIEW,MEDIUM,ABSTRACT,—,"bâtiment:building_construction_sector, bâtiment:building_urban_center","Nœud de compatibilité très abstrait (secteur de construction + centre urbain); il ne doit pas transformer une société pastorale, mobile ou un TAG postérieur en économie urbaine de type XIXe siècle.",https://82nd-and-fifth.metmuseum.org/toah/ht/09/afa.html,https://www.cambridge.org/core/books/abs/cambridge-history-of-africa/east-africa-the-expansion-of-commerce/8AE31B68FFE6ED0C29991E89FAB01006
MTP,Mutapa,Africa,Afrique du Sud-Est intérieure,tier_7,REPLACE_WITH_EXPLICIT_SETUP,,improved_husbandry,ABSENT,ADD,MEDIUM,ESTABLISHED,—,"bâtiment:building_banana_plantation, bâtiment:building_coffee_plantation, bâtiment:building_dye_plantation, bâtiment:building_livestock_ranch, bâtiment:building_maize_farm, bâtiment:building_millet_farm, bâtiment:building_opium…",Le tier 7 vide efface une capacité agricole et/ou pastorale locale attestée à l’échelle de la sous-région; ADD restaure un socle de production sans attribuer une industrialisation européenne.,https://82nd-and-fifth.metmuseum.org/toah/ht/09/afa.html,https://www.cambridge.org/core/books/abs/cambridge-history-of-africa/east-africa-the-expansion-of-commerce/8AE31B68FFE6ED0C29991E89FAB01006
MZB,Mzab,Africa,Sahara maghrébin,tier_6,KEEP_TIER,,improved_husbandry,TIER,KEEP,MEDIUM,ESTABLISHED,—,"bâtiment:building_banana_plantation, bâtiment:building_coffee_plantation, bâtiment:building_dye_plantation, bâtiment:building_livestock_ranch, bâtiment:building_maize_farm, bâtiment:building_millet_farm, bâtiment:building_opium…","Agriculture et/ou élevage sont structurants dans ce territoire en 1776; le nœud sert ici de socle agricole et pastoral, sans supposer une « révolution agricole » européenne.",https://www.cambridge.org/core/books/history-of-algeria/ecologies-societies-cultures-and-the-state-15161830/6C59DEAD9F70913EC060EDD1465FA6A5,https://www.cambridge.org/core/books/abs/cambridge-history-of-islam/north-africa-in-the-sixteenth-and-seventeenth-centuries/4B2F63A65160CF588F520BEE5F57AC87
MZB,Mzab,Africa,Sahara maghrébin,tier_6,KEEP_TIER,,urbanization,TIER,KEEP,MEDIUM,ABSTRACT,—,"bâtiment:building_construction_sector, bâtiment:building_urban_center","Conserver uniquement comme abstraction de bourgs, marchés, construction et concentration de population; ne pas lire ce nœud comme une urbanisation industrielle.",https://www.cambridge.org/core/books/history-of-algeria/ecologies-societies-cultures-and-the-state-15161830/6C59DEAD9F70913EC060EDD1465FA6A5,https://www.cambridge.org/core/books/abs/cambridge-history-of-islam/north-africa-in-the-sixteenth-and-seventeenth-centuries/4B2F63A65160CF588F520BEE5F57AC87
NAM,Nama,Africa,Namibie et Kalahari,tier_7,REPLACE_WITH_EXPLICIT_SETUP,,improved_husbandry,ABSENT,ADD,MEDIUM,ESTABLISHED,—,"bâtiment:building_banana_plantation, bâtiment:building_coffee_plantation, bâtiment:building_dye_plantation, bâtiment:building_livestock_ranch, bâtiment:building_maize_farm, bâtiment:building_millet_farm, bâtiment:building_opium…",Le tier 7 vide efface une capacité agricole et/ou pastorale locale attestée à l’échelle de la sous-région; ADD restaure un socle de production sans attribuer une industrialisation européenne.,https://sahistory.org.za/archive/african-farmers-southern-africa,https://sahistory.org.za/article/pre-colonial-history-southern-africa
NUE,Nuer,Africa,Haut-Nil,tier_7,REPLACE_WITH_EXPLICIT_SETUP,,improved_husbandry,ABSENT,ADD,MEDIUM,ESTABLISHED,—,"bâtiment:building_banana_plantation, bâtiment:building_coffee_plantation, bâtiment:building_dye_plantation, bâtiment:building_livestock_ranch, bâtiment:building_maize_farm, bâtiment:building_millet_farm, bâtiment:building_opium…",Le tier 7 vide efface une capacité agricole et/ou pastorale locale attestée à l’échelle de la sous-région; ADD restaure un socle de production sans attribuer une industrialisation européenne.,https://www.cambridge.org/core/books/abs/medieval-africa-12501800/upper-nile-basin-and-the-east-african-plateau/AC690A3863339F46EA0D4F76FB47AE44,https://www.cambridge.org/core/journals/journal-of-african-history/article/abs/prehistory-in-the-upper-nile-basin1/C05AE342BF0110E91092D96D7B681597
NYM,Unyamwezi,Africa,Grands Lacs et plateau est-africain,tier_6,KEEP_TIER,,improved_husbandry,TIER,KEEP,MEDIUM,ESTABLISHED,—,"bâtiment:building_banana_plantation, bâtiment:building_coffee_plantation, bâtiment:building_dye_plantation, bâtiment:building_livestock_ranch, bâtiment:building_maize_farm, bâtiment:building_millet_farm, bâtiment:building_opium…","Agriculture et/ou élevage sont structurants dans ce territoire en 1776; le nœud sert ici de socle agricole et pastoral, sans supposer une « révolution agricole » européenne.",https://82nd-and-fifth.metmuseum.org/toah/ht/09/afa.html,https://www.cambridge.org/core/books/abs/cambridge-history-of-africa/east-africa-the-expansion-of-commerce/8AE31B68FFE6ED0C29991E89FAB01006
NYM,Unyamwezi,Africa,Grands Lacs et plateau est-africain,tier_6,KEEP_TIER,,urbanization,TIER,KEEP,MEDIUM,ABSTRACT,—,"bâtiment:building_construction_sector, bâtiment:building_urban_center","Conserver uniquement comme abstraction de bourgs, marchés, construction et concentration de population; ne pas lire ce nœud comme une urbanisation industrielle.",https://82nd-and-fifth.metmuseum.org/toah/ht/09/afa.html,https://www.cambridge.org/core/books/abs/cambridge-history-of-africa/east-africa-the-expansion-of-commerce/8AE31B68FFE6ED0C29991E89FAB01006
OGD,Ogaden,Africa,Corne de l’Afrique et hauts plateaux éthiopiens,tier_7,REPLACE_WITH_EXPLICIT_SETUP,,improved_husbandry,ABSENT,ADD,MEDIUM,ESTABLISHED,—,"bâtiment:building_banana_plantation, bâtiment:building_coffee_plantation, bâtiment:building_dye_plantation, bâtiment:building_livestock_ranch, bâtiment:building_maize_farm, bâtiment:building_millet_farm, bâtiment:building_opium…",Le tier 7 vide efface une capacité agricole et/ou pastorale locale attestée à l’échelle de la sous-région; ADD restaure un socle de production sans attribuer une industrialisation européenne.,https://82nd-and-fifth.metmuseum.org/toah/ht/09/afa.html,https://www.cambridge.org/core/books/abs/cambridge-history-of-africa/east-africa-the-expansion-of-commerce/8AE31B68FFE6ED0C29991E89FAB01006
OMO,Omo,Africa,East Africa,tier_7,REPLACE_WITH_EXPLICIT_SETUP,,improved_husbandry,ABSENT,ADD,MEDIUM,ESTABLISHED,—,"bâtiment:building_banana_plantation, bâtiment:building_coffee_plantation, bâtiment:building_dye_plantation, bâtiment:building_livestock_ranch, bâtiment:building_maize_farm, bâtiment:building_millet_farm, bâtiment:building_opium…",Le tier 7 vide efface une capacité agricole et/ou pastorale locale attestée à l’échelle de la sous-région; ADD restaure un socle de production sans attribuer une industrialisation européenne.,https://82nd-and-fifth.metmuseum.org/toah/ht/09/afa.html,https://www.cambridge.org/core/books/abs/cambridge-history-of-africa/east-africa-the-expansion-of-commerce/8AE31B68FFE6ED0C29991E89FAB01006
ORA,Oranje,Africa,Républiques boers anachroniques / Haut-Veld,tier_4,REPLACE_WITH_EXPLICIT_SETUP,,codified_practical_knowledge,TIER,REVIEW,MEDIUM,ABSTRACT,"Missing direct prerequisite(s): institutionalized_scientific_exchange, periodical_print_networks. Do not auto-add; either tolerate tree abstraction or revise this child in synthesis.",nœud sans déblocage direct majeur,"Le savoir pratique local existe, mais l’institution représentée par ce nœud est difficile à rattacher au TAG postérieur; à conserver seulement si la synthèse mondiale accepte cette abstraction.",https://sahistory.org.za/article/history-slavery-and-early-colonisation-south-africa,https://sahistory.org.za/archive/african-farmers-southern-africa
ORA,Oranje,Africa,Républiques boers anachroniques / Haut-Veld,tier_4,REPLACE_WITH_EXPLICIT_SETUP,,distillation,TIER,REVIEW,MEDIUM,ABSTRACT,—,"PM:pm_pot_stills, PM:pm_spiced_food_preparations",Le TAG est postérieur et le nœud ne doit pas être hérité d’un futur peuplement boer; la distillation locale de 1776 demande une base territoriale précise.,https://sahistory.org.za/article/history-slavery-and-early-colonisation-south-africa,https://sahistory.org.za/archive/african-farmers-southern-africa
ORA,Oranje,Africa,Républiques boers anachroniques / Haut-Veld,tier_4,REPLACE_WITH_EXPLICIT_SETUP,,improved_husbandry,TIER,KEEP,MEDIUM,ESTABLISHED,—,"bâtiment:building_banana_plantation, bâtiment:building_coffee_plantation, bâtiment:building_dye_plantation, bâtiment:building_livestock_ranch, bâtiment:building_maize_farm, bâtiment:building_millet_farm, bâtiment:building_opium…","Agriculture et/ou élevage sont structurants dans ce territoire en 1776; le nœud sert ici de socle agricole et pastoral, sans supposer une « révolution agricole » européenne.",https://sahistory.org.za/article/history-slavery-and-early-colonisation-south-africa,https://sahistory.org.za/archive/african-farmers-southern-africa
ORA,Oranje,Africa,Républiques boers anachroniques / Haut-Veld,tier_4,REPLACE_WITH_EXPLICIT_SETUP,,international_relations,TIER,KEEP,MEDIUM,ESTABLISHED,—,nœud sans déblocage direct majeur,"Commerce longue distance, diplomatie, tribut et relations interétatiques/avec des négociants étrangers rendent ce nœud plausible comme capacité politique.",https://sahistory.org.za/article/history-slavery-and-early-colonisation-south-africa,https://sahistory.org.za/archive/african-farmers-southern-africa
ORA,Oranje,Africa,Républiques boers anachroniques / Haut-Veld,tier_4,REPLACE_WITH_EXPLICIT_SETUP,,light_infantry_tactics,TIER,REMOVE,HIGH,ABSENT,Missing direct prerequisite(s): regulated_small_arms. Do not auto-add; either tolerate tree abstraction or revise this child in synthesis.,modificateurs/nœud de progression,Le tier importe une doctrine militaire de l’entité postérieure; elle n’est pas établie localement en 1776.,https://sahistory.org.za/article/history-slavery-and-early-colonisation-south-africa,https://sahistory.org.za/archive/african-farmers-southern-africa
ORA,Oranje,Africa,Républiques boers anachroniques / Haut-Veld,tier_4,REPLACE_WITH_EXPLICIT_SETUP,,organized_textile_production,TIER,REVIEW,MEDIUM,ABSTRACT,—,"PM:pm_craftsman_sewing, bâtiment:building_textile_mill","La présence de vêtements, cuir ou tissus ne suffit pas à prouver une proto-industrie textile locale correspondant au bâtiment du nœud; le tier générique est trop large.",https://sahistory.org.za/article/history-slavery-and-early-colonisation-south-africa,https://sahistory.org.za/archive/african-farmers-southern-africa
ORA,Oranje,Africa,Républiques boers anachroniques / Haut-Veld,tier_4,REPLACE_WITH_EXPLICIT_SETUP,,regulated_small_arms,TIER,REMOVE,HIGH,ABSENT,Missing direct prerequisite(s): scientific_fortification_siegecraft. Do not auto-add; either tolerate tree abstraction or revise this child in synthesis.,"bâtiment:building_arms_industry, bâtiment:building_artillery_foundry",Le tier projette une industrie d’armes de l’entité postérieure; aucune telle capacité locale n’est justifiée au 1er janvier 1776.,https://sahistory.org.za/article/history-slavery-and-early-colonisation-south-africa,https://sahistory.org.za/archive/african-farmers-southern-africa
ORA,Oranje,Africa,Républiques boers anachroniques / Haut-Veld,tier_4,REPLACE_WITH_EXPLICIT_SETUP,,shaft_mining,TIER,REMOVE,MEDIUM,ABSENT,—,"bâtiment:building_coal_mine, bâtiment:building_copper_mine, bâtiment:building_iron_mine, bâtiment:building_lead_mine, bâtiment:building_limestone_quarry, bâtiment:building_salt_mine, bâtiment:building_sulfur_mine, décret:decree…",Le tier reproduit une capacité minière institutionnelle/industrielle qui n’est pas établie localement pour ce TAG en 1776; les pratiques extractives locales éventuelles doivent être modélisées autrement.,https://sahistory.org.za/article/history-slavery-and-early-colonisation-south-africa,https://sahistory.org.za/archive/african-farmers-southern-africa
ORA,Oranje,Africa,Républiques boers anachroniques / Haut-Veld,tier_4,REPLACE_WITH_EXPLICIT_SETUP,,standardized_field_artillery,TIER,REMOVE,HIGH,ABSENT,Missing direct prerequisite(s): regulated_small_arms. Do not auto-add; either tolerate tree abstraction or revise this child in synthesis.,PM:pm_cannons,La standardisation d’artillerie du futur État/colonie n’est pas une capacité locale de 1776.,https://sahistory.org.za/article/history-slavery-and-early-colonisation-south-africa,https://sahistory.org.za/archive/african-farmers-southern-africa
ORA,Oranje,Africa,Républiques boers anachroniques / Haut-Veld,tier_4,REPLACE_WITH_EXPLICIT_SETUP,,systematic_administrative_statistics,TIER,REMOVE,HIGH,ABSENT,—,"bâtiment:building_government_administration, décret:decree_emergency_relief, décret:decree_road_maintenance",Les institutions de l’État/colonie suggérées par le TAG sont postérieures à 1776; le nœud ne doit pas être hérité du tier.,https://sahistory.org.za/article/history-slavery-and-early-colonisation-south-africa,https://sahistory.org.za/archive/african-farmers-southern-africa
ORA,Oranje,Africa,Républiques boers anachroniques / Haut-Veld,tier_4,REPLACE_WITH_EXPLICIT_SETUP,,urbanization,TIER,REVIEW,MEDIUM,ABSTRACT,—,"bâtiment:building_construction_sector, bâtiment:building_urban_center","Nœud de compatibilité très abstrait (secteur de construction + centre urbain); il ne doit pas transformer une société pastorale, mobile ou un TAG postérieur en économie urbaine de type XIXe siècle.",https://sahistory.org.za/article/history-slavery-and-early-colonisation-south-africa,https://sahistory.org.za/archive/african-farmers-southern-africa
ORM,Orma,Africa,Corne de l’Afrique et hauts plateaux éthiopiens,tier_7,REPLACE_WITH_EXPLICIT_SETUP,,improved_husbandry,ABSENT,ADD,MEDIUM,ESTABLISHED,—,"bâtiment:building_banana_plantation, bâtiment:building_coffee_plantation, bâtiment:building_dye_plantation, bâtiment:building_livestock_ranch, bâtiment:building_maize_farm, bâtiment:building_millet_farm, bâtiment:building_opium…",Le tier 7 vide efface une capacité agricole et/ou pastorale locale attestée à l’échelle de la sous-région; ADD restaure un socle de production sans attribuer une industrialisation européenne.,https://82nd-and-fifth.metmuseum.org/toah/ht/09/afa.html,https://www.cambridge.org/core/books/abs/cambridge-history-of-africa/east-africa-the-expansion-of-commerce/8AE31B68FFE6ED0C29991E89FAB01006
OUA,Tagant,Africa,Sénégambie et vallée du Sénégal,tier_6,REVIEW_TIER,,improved_husbandry,TIER,KEEP,MEDIUM,ESTABLISHED,—,"bâtiment:building_banana_plantation, bâtiment:building_coffee_plantation, bâtiment:building_dye_plantation, bâtiment:building_livestock_ranch, bâtiment:building_maize_farm, bâtiment:building_millet_farm, bâtiment:building_opium…","Agriculture et/ou élevage sont structurants dans ce territoire en 1776; le nœud sert ici de socle agricole et pastoral, sans supposer une « révolution agricole » européenne.",https://www.metmuseum.org/fr/essays/the-age-of-iron-in-west-africa,https://www.cambridge.org/core/journals/journal-of-african-history/article/abs/import-of-firearms-into-west-africa-in-the-eighteenth-century/84E8BF080DACF066CC957D56271DC721
OUA,Tagant,Africa,Sénégambie et vallée du Sénégal,tier_6,REVIEW_TIER,,urbanization,TIER,REVIEW,MEDIUM,ABSTRACT,—,"bâtiment:building_construction_sector, bâtiment:building_urban_center","Nœud de compatibilité très abstrait (secteur de construction + centre urbain); il ne doit pas transformer une société pastorale, mobile ou un TAG postérieur en économie urbaine de type XIXe siècle.",https://www.metmuseum.org/fr/essays/the-age-of-iron-in-west-africa,https://www.cambridge.org/core/journals/journal-of-african-history/article/abs/import-of-firearms-into-west-africa-in-the-eighteenth-century/84E8BF080DACF066CC957D56271DC721
OVB,Ovambo,Africa,Namibie et Kalahari,tier_7,REPLACE_WITH_EXPLICIT_SETUP,,improved_husbandry,ABSENT,ADD,MEDIUM,ESTABLISHED,—,"bâtiment:building_banana_plantation, bâtiment:building_coffee_plantation, bâtiment:building_dye_plantation, bâtiment:building_livestock_ranch, bâtiment:building_maize_farm, bâtiment:building_millet_farm, bâtiment:building_opium…",Le tier 7 vide efface une capacité agricole et/ou pastorale locale attestée à l’échelle de la sous-région; ADD restaure un socle de production sans attribuer une industrialisation européenne.,https://sahistory.org.za/archive/african-farmers-southern-africa,https://sahistory.org.za/article/pre-colonial-history-southern-africa
OVM,Ovimbundu,Africa,Bassin du Congo et savanes centrales,tier_7,REPLACE_WITH_EXPLICIT_SETUP,,improved_husbandry,ABSENT,ADD,MEDIUM,ESTABLISHED,—,"bâtiment:building_banana_plantation, bâtiment:building_coffee_plantation, bâtiment:building_dye_plantation, bâtiment:building_livestock_ranch, bâtiment:building_maize_farm, bâtiment:building_millet_farm, bâtiment:building_opium…",Le tier 7 vide efface une capacité agricole et/ou pastorale locale attestée à l’échelle de la sous-région; ADD restaure un socle de production sans attribuer une industrialisation européenne.,https://82nd-and-fifth.metmuseum.org/toah/ht/09/afc.html,https://www.metmuseum.org/de/essays/kingdoms-of-the-savanna-the-luba-and-lunda-empires
OVM,Ovimbundu,Africa,Bassin du Congo et savanes centrales,tier_7,REPLACE_WITH_EXPLICIT_SETUP,,organized_textile_production,ABSENT,ADD,MEDIUM,ESTABLISHED,—,"PM:pm_craftsman_sewing, bâtiment:building_textile_mill","Tissage/production textile spécialisée est une capacité propre attestée; le nœud est utilisé comme abstraction de proto-industrie artisanale, pas d’usine mécanisée.",https://82nd-and-fifth.metmuseum.org/toah/ht/09/afc.html,https://www.metmuseum.org/de/essays/kingdoms-of-the-savanna-the-luba-and-lunda-empires
OYO,Oyo,Africa,Golfe de Guinée et forêts ouest-africaines,tier_5,REPLACE_WITH_EXPLICIT_SETUP,,codified_practical_knowledge,TIER,KEEP,MEDIUM,ABSTRACT,"Missing direct prerequisite(s): institutionalized_scientific_exchange, periodical_print_networks. Do not auto-add; either tolerate tree abstraction or revise this child in synthesis.",nœud sans déblocage direct majeur,"Pratiques artisanales, administratives et savoirs codifiés/oraux existent, mais le nœud agrège plusieurs formes de transmission; conserver sans ajouter automatiquement ses prérequis européens.",https://www.metmuseum.org/fr/essays/the-age-of-iron-in-west-africa,https://www.cambridge.org/core/journals/journal-of-african-history/article/abs/import-of-firearms-into-west-africa-in-the-eighteenth-century/84E8BF080DACF066CC957D56271DC721
OYO,Oyo,Africa,Golfe de Guinée et forêts ouest-africaines,tier_5,REPLACE_WITH_EXPLICIT_SETUP,,improved_husbandry,TIER,KEEP,MEDIUM,ESTABLISHED,—,"bâtiment:building_banana_plantation, bâtiment:building_coffee_plantation, bâtiment:building_dye_plantation, bâtiment:building_livestock_ranch, bâtiment:building_maize_farm, bâtiment:building_millet_farm, bâtiment:building_opium…","Agriculture et/ou élevage sont structurants dans ce territoire en 1776; le nœud sert ici de socle agricole et pastoral, sans supposer une « révolution agricole » européenne.",https://www.metmuseum.org/fr/essays/the-age-of-iron-in-west-africa,https://www.cambridge.org/core/journals/journal-of-african-history/article/abs/import-of-firearms-into-west-africa-in-the-eighteenth-century/84E8BF080DACF066CC957D56271DC721
OYO,Oyo,Africa,Golfe de Guinée et forêts ouest-africaines,tier_5,REPLACE_WITH_EXPLICIT_SETUP,,international_relations,EXPLICIT,KEEP,MEDIUM,ESTABLISHED,—,nœud sans déblocage direct majeur,"Commerce longue distance, diplomatie, tribut et relations interétatiques/avec des négociants étrangers rendent ce nœud plausible comme capacité politique.",https://www.metmuseum.org/fr/essays/the-age-of-iron-in-west-africa,https://www.cambridge.org/core/journals/journal-of-african-history/article/abs/import-of-firearms-into-west-africa-in-the-eighteenth-century/84E8BF080DACF066CC957D56271DC721
OYO,Oyo,Africa,Golfe de Guinée et forêts ouest-africaines,tier_5,REPLACE_WITH_EXPLICIT_SETUP,,organized_textile_production,TIER,KEEP,MEDIUM,ESTABLISHED,—,"PM:pm_craftsman_sewing, bâtiment:building_textile_mill",Filage/tissage et production textile organisée sont attestés dans la sous-région; le bâtiment de manufacture reste une abstraction de proto-industrie et d’artisanat spécialisé.,https://www.metmuseum.org/fr/essays/the-age-of-iron-in-west-africa,https://www.cambridge.org/core/journals/journal-of-african-history/article/abs/import-of-firearms-into-west-africa-in-the-eighteenth-century/84E8BF080DACF066CC957D56271DC721
OYO,Oyo,Africa,Golfe de Guinée et forêts ouest-africaines,tier_5,REPLACE_WITH_EXPLICIT_SETUP,,shaft_mining,TIER,REVIEW,MEDIUM,ABSTRACT,—,"bâtiment:building_coal_mine, bâtiment:building_copper_mine, bâtiment:building_iron_mine, bâtiment:building_lead_mine, bâtiment:building_limestone_quarry, bâtiment:building_salt_mine, bâtiment:building_sulfur_mine, décret:decree…","Extraction minière et métallurgie existent dans plusieurs sociétés africaines, mais le nœud déverrouille un ensemble de mines à puits; il ne faut pas confondre métallurgie du fer, orpaillage ou carrières avec ce paquet gameplay.",https://www.metmuseum.org/fr/essays/the-age-of-iron-in-west-africa,https://www.cambridge.org/core/journals/journal-of-african-history/article/abs/import-of-firearms-into-west-africa-in-the-eighteenth-century/84E8BF080DACF066CC957D56271DC721
OYO,Oyo,Africa,Golfe de Guinée et forêts ouest-africaines,tier_5,REPLACE_WITH_EXPLICIT_SETUP,,systematic_administrative_statistics,TIER,KEEP,MEDIUM,SECTORAL,—,"bâtiment:building_government_administration, décret:decree_emergency_relief, décret:decree_road_maintenance",Un appareil de cour/tribut/fiscalité et des pratiques administratives structurées sont attestés; KEEP est sectoriel et ne suppose pas une statistique moderne exhaustive.,https://www.metmuseum.org/fr/essays/the-age-of-iron-in-west-africa,https://www.cambridge.org/core/journals/journal-of-african-history/article/abs/import-of-firearms-into-west-africa-in-the-eighteenth-century/84E8BF080DACF066CC957D56271DC721
OYO,Oyo,Africa,Golfe de Guinée et forêts ouest-africaines,tier_5,REPLACE_WITH_EXPLICIT_SETUP,,urbanization,TIER,KEEP,MEDIUM,ABSTRACT,—,"bâtiment:building_construction_sector, bâtiment:building_urban_center","Conserver uniquement comme abstraction de bourgs, marchés, construction et concentration de population; ne pas lire ce nœud comme une urbanisation industrielle.",https://www.metmuseum.org/fr/essays/the-age-of-iron-in-west-africa,https://www.cambridge.org/core/journals/journal-of-african-history/article/abs/import-of-firearms-into-west-africa-in-the-eighteenth-century/84E8BF080DACF066CC957D56271DC721
OYO,Oyo,Africa,Golfe de Guinée et forêts ouest-africaines,tier_5,REPLACE_WITH_EXPLICIT_SETUP,,regulated_small_arms,ABSENT,REVIEW,HIGH,SECTORAL,Missing direct prerequisite(s): scientific_fortification_siegecraft. Do not auto-add; either tolerate tree abstraction or revise this child in synthesis.,"bâtiment:building_arms_industry, bâtiment:building_artillery_foundry","Les armes à feu sont massivement importées et le gunpowder/réparation peuvent être locaux, mais la fabrication locale d’armes reste limitée: le nœud ouvre une industrie d’armes et ne doit pas être ajouté automatiquement.",https://www.metmuseum.org/fr/essays/the-age-of-iron-in-west-africa,https://www.cambridge.org/core/journals/journal-of-african-history/article/abs/import-of-firearms-into-west-africa-in-the-eighteenth-century/84E8BF080DACF066CC957D56271DC721
PDI,Pedi,Africa,Sotho-Tswana et Haut-Veld,tier_6,KEEP_TIER,,improved_husbandry,TIER,KEEP,MEDIUM,ESTABLISHED,—,"bâtiment:building_banana_plantation, bâtiment:building_coffee_plantation, bâtiment:building_dye_plantation, bâtiment:building_livestock_ranch, bâtiment:building_maize_farm, bâtiment:building_millet_farm, bâtiment:building_opium…","Agriculture et/ou élevage sont structurants dans ce territoire en 1776; le nœud sert ici de socle agricole et pastoral, sans supposer une « révolution agricole » européenne.",https://sahistory.org.za/archive/african-farmers-southern-africa,https://sahistory.org.za/article/pre-colonial-history-southern-africa
PDI,Pedi,Africa,Sotho-Tswana et Haut-Veld,tier_6,KEEP_TIER,,urbanization,TIER,KEEP,MEDIUM,ABSTRACT,—,"bâtiment:building_construction_sector, bâtiment:building_urban_center","Conserver uniquement comme abstraction de bourgs, marchés, construction et concentration de population; ne pas lire ce nœud comme une urbanisation industrielle.",https://sahistory.org.za/archive/african-farmers-southern-africa,https://sahistory.org.za/article/pre-colonial-history-southern-africa
PHL,Philippolis,Africa,Sotho-Tswana et Haut-Veld,tier_6,REPLACE_WITH_EXPLICIT_SETUP,,improved_husbandry,TIER,KEEP,MEDIUM,ESTABLISHED,—,"bâtiment:building_banana_plantation, bâtiment:building_coffee_plantation, bâtiment:building_dye_plantation, bâtiment:building_livestock_ranch, bâtiment:building_maize_farm, bâtiment:building_millet_farm, bâtiment:building_opium…","Agriculture et/ou élevage sont structurants dans ce territoire en 1776; le nœud sert ici de socle agricole et pastoral, sans supposer une « révolution agricole » européenne.",https://sahistory.org.za/article/general-south-african-history-timeline-1800s,https://sahistory.org.za/archive/african-farmers-southern-africa
PHL,Philippolis,Africa,Sotho-Tswana et Haut-Veld,tier_6,REPLACE_WITH_EXPLICIT_SETUP,,international_relations,EXPLICIT,REVIEW,MEDIUM,ABSTRACT,—,nœud sans déblocage direct majeur,"Relations entre chefferies et réseaux commerciaux existent, mais l’entité politique portée par le TAG est postérieure ou en formation; ne pas projeter sa diplomatie ultérieure en 1776.",https://sahistory.org.za/article/general-south-african-history-timeline-1800s,https://sahistory.org.za/archive/african-farmers-southern-africa
PHL,Philippolis,Africa,Sotho-Tswana et Haut-Veld,tier_6,REPLACE_WITH_EXPLICIT_SETUP,,urbanization,TIER,REVIEW,MEDIUM,ABSTRACT,—,"bâtiment:building_construction_sector, bâtiment:building_urban_center","Nœud de compatibilité très abstrait (secteur de construction + centre urbain); il ne doit pas transformer une société pastorale, mobile ou un TAG postérieur en économie urbaine de type XIXe siècle.",https://sahistory.org.za/article/general-south-african-history-timeline-1800s,https://sahistory.org.za/archive/african-farmers-southern-africa
QWR,Qwara,Africa,Corne de l’Afrique et hauts plateaux éthiopiens,tier_5,REPLACE_WITH_EXPLICIT_SETUP,,codified_practical_knowledge,TIER,KEEP,MEDIUM,ABSTRACT,"Missing direct prerequisite(s): institutionalized_scientific_exchange, periodical_print_networks. Do not auto-add; either tolerate tree abstraction or revise this child in synthesis.",nœud sans déblocage direct majeur,"Pratiques artisanales, administratives et savoirs codifiés/oraux existent, mais le nœud agrège plusieurs formes de transmission; conserver sans ajouter automatiquement ses prérequis européens.",https://82nd-and-fifth.metmuseum.org/toah/ht/09/afa.html,https://www.cambridge.org/core/books/abs/cambridge-history-of-africa/east-africa-the-expansion-of-commerce/8AE31B68FFE6ED0C29991E89FAB01006
QWR,Qwara,Africa,Corne de l’Afrique et hauts plateaux éthiopiens,tier_5,REPLACE_WITH_EXPLICIT_SETUP,,improved_husbandry,TIER,KEEP,MEDIUM,ESTABLISHED,—,"bâtiment:building_banana_plantation, bâtiment:building_coffee_plantation, bâtiment:building_dye_plantation, bâtiment:building_livestock_ranch, bâtiment:building_maize_farm, bâtiment:building_millet_farm, bâtiment:building_opium…","Agriculture et/ou élevage sont structurants dans ce territoire en 1776; le nœud sert ici de socle agricole et pastoral, sans supposer une « révolution agricole » européenne.",https://82nd-and-fifth.metmuseum.org/toah/ht/09/afa.html,https://www.cambridge.org/core/books/abs/cambridge-history-of-africa/east-africa-the-expansion-of-commerce/8AE31B68FFE6ED0C29991E89FAB01006
QWR,Qwara,Africa,Corne de l’Afrique et hauts plateaux éthiopiens,tier_5,REPLACE_WITH_EXPLICIT_SETUP,,organized_textile_production,TIER,KEEP,MEDIUM,ESTABLISHED,—,"PM:pm_craftsman_sewing, bâtiment:building_textile_mill",Filage/tissage et production textile organisée sont attestés dans la sous-région; le bâtiment de manufacture reste une abstraction de proto-industrie et d’artisanat spécialisé.,https://82nd-and-fifth.metmuseum.org/toah/ht/09/afa.html,https://www.cambridge.org/core/books/abs/cambridge-history-of-africa/east-africa-the-expansion-of-commerce/8AE31B68FFE6ED0C29991E89FAB01006
QWR,Qwara,Africa,Corne de l’Afrique et hauts plateaux éthiopiens,tier_5,REPLACE_WITH_EXPLICIT_SETUP,,shaft_mining,TIER,REVIEW,MEDIUM,ABSTRACT,—,"bâtiment:building_coal_mine, bâtiment:building_copper_mine, bâtiment:building_iron_mine, bâtiment:building_lead_mine, bâtiment:building_limestone_quarry, bâtiment:building_salt_mine, bâtiment:building_sulfur_mine, décret:decree…","Extraction minière et métallurgie existent dans plusieurs sociétés africaines, mais le nœud déverrouille un ensemble de mines à puits; il ne faut pas confondre métallurgie du fer, orpaillage ou carrières avec ce paquet gameplay.",https://82nd-and-fifth.metmuseum.org/toah/ht/09/afa.html,https://www.cambridge.org/core/books/abs/cambridge-history-of-africa/east-africa-the-expansion-of-commerce/8AE31B68FFE6ED0C29991E89FAB01006
QWR,Qwara,Africa,Corne de l’Afrique et hauts plateaux éthiopiens,tier_5,REPLACE_WITH_EXPLICIT_SETUP,,systematic_administrative_statistics,TIER,REVIEW,MEDIUM,ABSTRACT,—,"bâtiment:building_government_administration, décret:decree_emergency_relief, décret:decree_road_maintenance","Le nœud représente à la fois administration, capacité fiscale, incorporation et statistiques d’État. Fiscalité/tribut peuvent être attestés sans justifier une statistique administrative systématique.",https://82nd-and-fifth.metmuseum.org/toah/ht/09/afa.html,https://www.cambridge.org/core/books/abs/cambridge-history-of-africa/east-africa-the-expansion-of-commerce/8AE31B68FFE6ED0C29991E89FAB01006
QWR,Qwara,Africa,Corne de l’Afrique et hauts plateaux éthiopiens,tier_5,REPLACE_WITH_EXPLICIT_SETUP,,urbanization,TIER,KEEP,MEDIUM,ABSTRACT,—,"bâtiment:building_construction_sector, bâtiment:building_urban_center","Conserver uniquement comme abstraction de bourgs, marchés, construction et concentration de population; ne pas lire ce nœud comme une urbanisation industrielle.",https://82nd-and-fifth.metmuseum.org/toah/ht/09/afa.html,https://www.cambridge.org/core/books/abs/cambridge-history-of-africa/east-africa-the-expansion-of-commerce/8AE31B68FFE6ED0C29991E89FAB01006
RGB,Reguibat,Africa,Sahara maghrébin,tier_6,REVIEW_TIER,,improved_husbandry,TIER,KEEP,MEDIUM,ESTABLISHED,—,"bâtiment:building_banana_plantation, bâtiment:building_coffee_plantation, bâtiment:building_dye_plantation, bâtiment:building_livestock_ranch, bâtiment:building_maize_farm, bâtiment:building_millet_farm, bâtiment:building_opium…","Agriculture et/ou élevage sont structurants dans ce territoire en 1776; le nœud sert ici de socle agricole et pastoral, sans supposer une « révolution agricole » européenne.",https://www.cambridge.org/core/books/history-of-algeria/ecologies-societies-cultures-and-the-state-15161830/6C59DEAD9F70913EC060EDD1465FA6A5,https://www.cambridge.org/core/books/abs/cambridge-history-of-islam/north-africa-in-the-sixteenth-and-seventeenth-centuries/4B2F63A65160CF588F520BEE5F57AC87
RGB,Reguibat,Africa,Sahara maghrébin,tier_6,REVIEW_TIER,,urbanization,TIER,REVIEW,MEDIUM,ABSTRACT,—,"bâtiment:building_construction_sector, bâtiment:building_urban_center","Nœud de compatibilité très abstrait (secteur de construction + centre urbain); il ne doit pas transformer une société pastorale, mobile ou un TAG postérieur en économie urbaine de type XIXe siècle.",https://www.cambridge.org/core/books/history-of-algeria/ecologies-societies-cultures-and-the-state-15161830/6C59DEAD9F70913EC060EDD1465FA6A5,https://www.cambridge.org/core/books/abs/cambridge-history-of-islam/north-africa-in-the-sixteenth-and-seventeenth-centuries/4B2F63A65160CF588F520BEE5F57AC87
RWD,Rwanda,Africa,Grands Lacs et plateau est-africain,tier_6,REPLACE_WITH_EXPLICIT_SETUP,,improved_husbandry,TIER,KEEP,MEDIUM,ESTABLISHED,—,"bâtiment:building_banana_plantation, bâtiment:building_coffee_plantation, bâtiment:building_dye_plantation, bâtiment:building_livestock_ranch, bâtiment:building_maize_farm, bâtiment:building_millet_farm, bâtiment:building_opium…","Agriculture et/ou élevage sont structurants dans ce territoire en 1776; le nœud sert ici de socle agricole et pastoral, sans supposer une « révolution agricole » européenne.",https://82nd-and-fifth.metmuseum.org/toah/ht/09/afa.html,https://www.cambridge.org/core/books/abs/cambridge-history-of-africa/east-africa-the-expansion-of-commerce/8AE31B68FFE6ED0C29991E89FAB01006
RWD,Rwanda,Africa,Grands Lacs et plateau est-africain,tier_6,REPLACE_WITH_EXPLICIT_SETUP,,urbanization,TIER,KEEP,MEDIUM,ABSTRACT,—,"bâtiment:building_construction_sector, bâtiment:building_urban_center","Conserver uniquement comme abstraction de bourgs, marchés, construction et concentration de population; ne pas lire ce nœud comme une urbanisation industrielle.",https://82nd-and-fifth.metmuseum.org/toah/ht/09/afa.html,https://www.cambridge.org/core/books/abs/cambridge-history-of-africa/east-africa-the-expansion-of-commerce/8AE31B68FFE6ED0C29991E89FAB01006
RWD,Rwanda,Africa,Grands Lacs et plateau est-africain,tier_6,REPLACE_WITH_EXPLICIT_SETUP,,codified_practical_knowledge,ABSENT,ADD,MEDIUM,ABSTRACT,"Missing direct prerequisite(s): institutionalized_scientific_exchange, periodical_print_networks. Do not auto-add; either tolerate tree abstraction or revise this child in synthesis.",nœud sans déblocage direct majeur,"Institutions de cour, métiers spécialisés et transmission technique structurée rendent le nœud plausible comme abstraction locale; ne pas ajouter automatiquement ses parents.",https://82nd-and-fifth.metmuseum.org/toah/ht/09/afa.html,https://www.cambridge.org/core/books/abs/cambridge-history-of-africa/east-africa-the-expansion-of-commerce/8AE31B68FFE6ED0C29991E89FAB01006
RWD,Rwanda,Africa,Grands Lacs et plateau est-africain,tier_6,REPLACE_WITH_EXPLICIT_SETUP,,international_relations,ABSENT,ADD,MEDIUM,ESTABLISHED,—,nœud sans déblocage direct majeur,"Diplomatie, tribut et/ou commerce longue distance structurés justifient une capacité de relations extérieures; elle ne présume pas une diplomatie européenne moderne.",https://82nd-and-fifth.metmuseum.org/toah/ht/09/afa.html,https://www.cambridge.org/core/books/abs/cambridge-history-of-africa/east-africa-the-expansion-of-commerce/8AE31B68FFE6ED0C29991E89FAB01006
RWD,Rwanda,Africa,Grands Lacs et plateau est-africain,tier_6,REPLACE_WITH_EXPLICIT_SETUP,,systematic_administrative_statistics,ABSENT,REVIEW,MEDIUM,SECTORAL,—,"bâtiment:building_government_administration, décret:decree_emergency_relief, décret:decree_road_maintenance","Le royaume possède des institutions politiques et prélèvements structurés, mais la composante « statistiques d’État » du nœud est trop forte pour un ADD ferme sans preuve quantitative plus précise en 1776.",https://82nd-and-fifth.metmuseum.org/toah/ht/09/afa.html,https://www.cambridge.org/core/books/abs/cambridge-history-of-africa/east-africa-the-expansion-of-commerce/8AE31B68FFE6ED0C29991E89FAB01006
SAF,South Africa,Africa,Colonie du Cap,tier_2,REPLACE_WITH_EXPLICIT_SETUP,,atmospheric_engine,TIER,REMOVE,HIGH,ABSENT,"Missing direct prerequisite(s): shaft_mining, coke_smelting. Do not auto-add; either tolerate tree abstraction or revise this child in synthesis.","PM:pm_atmospheric_engine_pump_building_coal_mine, PM:pm_atmospheric_engine_pump_building_copper_mine, PM:pm_atmospheric_engine_pump_building_gold_mine, PM:pm_atmospheric_engine_pump_building_iron_mine, PM:pm_atmospheric_engine_…",Technologie existant ailleurs en 1776 mais non implantée localement: ne pas confondre métallurgie traditionnelle/colonie européenne avec diffusion locale du complexe charbon-vapeur-alésage.,https://www.cambridge.org/core/journals/international-review-of-social-history/article/economics-of-slavery-in-the-eighteenthcentury-cape-colony-revising-the-nieboerdomar-hypothesis/B7EB0A6EC343E570F6D339D8BB1EAC2F,https://sahistory.org.za/place/simons-town-cape-peninsula
SAF,South Africa,Africa,Colonie du Cap,tier_2,REPLACE_WITH_EXPLICIT_SETUP,,coke_smelting,TIER,REMOVE,HIGH,ABSENT,Direct prerequisites present in proposed setup.,"bâtiment:building_steel_mill, bâtiment:building_tooling_workshop",Technologie existant ailleurs en 1776 mais non implantée localement: ne pas confondre métallurgie traditionnelle/colonie européenne avec diffusion locale du complexe charbon-vapeur-alésage.,https://www.cambridge.org/core/journals/international-review-of-social-history/article/economics-of-slavery-in-the-eighteenthcentury-cape-colony-revising-the-nieboerdomar-hypothesis/B7EB0A6EC343E570F6D339D8BB1EAC2F,https://sahistory.org.za/place/simons-town-cape-peninsula
SAF,South Africa,Africa,Colonie du Cap,tier_2,REPLACE_WITH_EXPLICIT_SETUP,,commercial_insurance_markets,TIER,REMOVE,MEDIUM,ABSENT,"Missing direct prerequisite(s): institutionalized_public_credit, international_relations. Do not auto-add; either tolerate tree abstraction or revise this child in synthesis.","loi:law_mercantilism, loi:law_mercantilism_navigation_acts",Commerce et crédit ne prouvent pas un marché local institutionnalisé d’assurance commerciale; l’attribution du tier dépasse les institutions de 1776.,https://www.cambridge.org/core/books/abs/bonded-labour-and-debt-in-the-indian-ocean-world/credit-and-debt-in-the-lives-of-freed-slaves-at-the-cape-of-good-hope-the-case-of-arnoldus-koevoet-16971735/792C868A0C6870BBF2C4CBE56EE8A328,https://www.cambridge.org/core/journals/international-review-of-social-history/article/economics-of-slavery-in-the-eighteenthcentury-cape-colony-revising-the-nieboerdomar-hypothesis/B7EB0A6EC343E570F6D339D8BB1EAC2F
SAF,South Africa,Africa,Colonie du Cap,tier_2,REPLACE_WITH_EXPLICIT_SETUP,,distillation,TIER,KEEP,MEDIUM,ESTABLISHED,—,"PM:pm_pot_stills, PM:pm_spiced_food_preparations",Capacité de base compatible avec les pratiques locales attestées avant 1776; le nœud est toutefois plus large que toute pratique unique.,https://www.cambridge.org/core/journals/international-review-of-social-history/article/economics-of-slavery-in-the-eighteenthcentury-cape-colony-revising-the-nieboerdomar-hypothesis/B7EB0A6EC343E570F6D339D8BB1EAC2F,https://sahistory.org.za/place/simons-town-cape-peninsula
SAF,South Africa,Africa,Colonie du Cap,tier_2,REPLACE_WITH_EXPLICIT_SETUP,,enclosed_dock_systems,TIER,REVIEW,MEDIUM,SECTORAL,—,bâtiment:building_port,"Simon’s Town possède un petit dockyard VOC à partir de 1743, mais cela ne prouve pas un système de docks fermés complet; le nœud est plus large que l’installation locale.",https://www.cambridge.org/core/journals/international-review-of-social-history/article/economics-of-slavery-in-the-eighteenthcentury-cape-colony-revising-the-nieboerdomar-hypothesis/B7EB0A6EC343E570F6D339D8BB1EAC2F,https://sahistory.org.za/place/simons-town-cape-peninsula
SAF,South Africa,Africa,Colonie du Cap,tier_2,REPLACE_WITH_EXPLICIT_SETUP,,improved_husbandry,TIER,KEEP,MEDIUM,ESTABLISHED,—,"bâtiment:building_banana_plantation, bâtiment:building_coffee_plantation, bâtiment:building_dye_plantation, bâtiment:building_livestock_ranch, bâtiment:building_maize_farm, bâtiment:building_millet_farm, bâtiment:building_opium…","Agriculture et/ou élevage sont structurants dans ce territoire en 1776; le nœud sert ici de socle agricole et pastoral, sans supposer une « révolution agricole » européenne.",https://www.cambridge.org/core/journals/international-review-of-social-history/article/economics-of-slavery-in-the-eighteenthcentury-cape-colony-revising-the-nieboerdomar-hypothesis/B7EB0A6EC343E570F6D339D8BB1EAC2F,https://sahistory.org.za/place/simons-town-cape-peninsula
SAF,South Africa,Africa,Colonie du Cap,tier_2,REPLACE_WITH_EXPLICIT_SETUP,,institutionalized_public_credit,TIER,REMOVE,HIGH,ABSENT,—,loi:law_merchant_banking,"Le Cap connaît crédit privé et prêts, mais pas un système local de crédit public/institution bancaire correspondant au nœud.",https://www.cambridge.org/core/books/abs/bonded-labour-and-debt-in-the-indian-ocean-world/credit-and-debt-in-the-lives-of-freed-slaves-at-the-cape-of-good-hope-the-case-of-arnoldus-koevoet-16971735/792C868A0C6870BBF2C4CBE56EE8A328,https://www.cambridge.org/core/journals/international-review-of-social-history/article/economics-of-slavery-in-the-eighteenthcentury-cape-colony-revising-the-nieboerdomar-hypothesis/B7EB0A6EC343E570F6D339D8BB1EAC2F
SAF,South Africa,Africa,Colonie du Cap,tier_2,REPLACE_WITH_EXPLICIT_SETUP,,institutionalized_scientific_exchange,TIER,REMOVE,MEDIUM,ABSENT,—,loi:law_freedom_of_conscience,Visiteurs savants et savoirs nautiques ne suffisent pas à établir une institution locale permanente d’échange scientifique au Cap en 1776.,https://www.cambridge.org/core/journals/international-review-of-social-history/article/economics-of-slavery-in-the-eighteenthcentury-cape-colony-revising-the-nieboerdomar-hypothesis/B7EB0A6EC343E570F6D339D8BB1EAC2F,https://sahistory.org.za/place/simons-town-cape-peninsula
SAF,South Africa,Africa,Colonie du Cap,tier_2,REPLACE_WITH_EXPLICIT_SETUP,,international_relations,TIER,REMOVE,MEDIUM,ABSENT,—,nœud sans déblocage direct majeur,Le nœud représente une capacité diplomatique d’État autonome; ici le TAG de 1776 est colonial ou postérieur et ne doit pas hériter automatiquement de la diplomatie de la métropole/du futur royaume.,https://www.cambridge.org/core/journals/international-review-of-social-history/article/economics-of-slavery-in-the-eighteenthcentury-cape-colony-revising-the-nieboerdomar-hypothesis/B7EB0A6EC343E570F6D339D8BB1EAC2F,https://sahistory.org.za/place/simons-town-cape-peninsula
SAF,South Africa,Africa,Colonie du Cap,tier_2,REPLACE_WITH_EXPLICIT_SETUP,,organized_forestry,TIER,KEEP,MEDIUM,SECTORAL,—,bâtiment:building_logging_camp,Le peuplement du Cap exploite le bois sous administration de la VOC; KEEP ne signifie pas une foresterie scientifique moderne.,https://www.cambridge.org/core/journals/international-review-of-social-history/article/economics-of-slavery-in-the-eighteenthcentury-cape-colony-revising-the-nieboerdomar-hypothesis/B7EB0A6EC343E570F6D339D8BB1EAC2F,https://sahistory.org.za/place/simons-town-cape-peninsula
SAF,South Africa,Africa,Colonie du Cap,tier_2,REPLACE_WITH_EXPLICIT_SETUP,,organized_textile_production,TIER,REVIEW,MEDIUM,ABSTRACT,—,"PM:pm_craftsman_sewing, bâtiment:building_textile_mill","La présence de vêtements, cuir ou tissus ne suffit pas à prouver une proto-industrie textile locale correspondant au bâtiment du nœud; le tier générique est trop large.",https://www.cambridge.org/core/journals/international-review-of-social-history/article/economics-of-slavery-in-the-eighteenthcentury-cape-colony-revising-the-nieboerdomar-hypothesis/B7EB0A6EC343E570F6D339D8BB1EAC2F,https://sahistory.org.za/place/simons-town-cape-peninsula
SAF,South Africa,Africa,Colonie du Cap,tier_2,REPLACE_WITH_EXPLICIT_SETUP,,periodical_print_networks,TIER,REMOVE,HIGH,ANACHRONISTIC,—,"loi:law_censorship, loi:law_religious_schools",La presse périodique locale du Cap est postérieure à 1776; le premier journal officiel date de 1800.,https://sahistory.org.za/article/general-south-african-history-timeline-1800s,https://www.cambridge.org/core/journals/international-review-of-social-history/article/economics-of-slavery-in-the-eighteenthcentury-cape-colony-revising-the-nieboerdomar-hypothesis/B7EB0A6EC343E570F6D339D8BB1EAC2F
SAF,South Africa,Africa,Colonie du Cap,tier_2,REPLACE_WITH_EXPLICIT_SETUP,,precision_boring,TIER,REMOVE,HIGH,ABSENT,"Missing direct prerequisite(s): coke_smelting, atmospheric_engine. Do not auto-add; either tolerate tree abstraction or revise this child in synthesis.","PM:coffee_plantation_wet_process_manual, PM:molds, PM:pm_pig_iron",Technologie existant ailleurs en 1776 mais non implantée localement: ne pas confondre métallurgie traditionnelle/colonie européenne avec diffusion locale du complexe charbon-vapeur-alésage.,https://www.cambridge.org/core/journals/international-review-of-social-history/article/economics-of-slavery-in-the-eighteenthcentury-cape-colony-revising-the-nieboerdomar-hypothesis/B7EB0A6EC343E570F6D339D8BB1EAC2F,https://sahistory.org.za/place/simons-town-cape-peninsula
SAF,South Africa,Africa,Colonie du Cap,tier_2,REPLACE_WITH_EXPLICIT_SETUP,,scientific_fortification_siegecraft,TIER,KEEP,MEDIUM,SECTORAL,—,"bâtiment:building_barrack, bâtiment:building_naval_fortification","Fortifications et garnison du Cap donnent une base locale à ce nœud, sans supposer une école complète du génie.",https://www.cambridge.org/core/journals/international-review-of-social-history/article/economics-of-slavery-in-the-eighteenthcentury-cape-colony-revising-the-nieboerdomar-hypothesis/B7EB0A6EC343E570F6D339D8BB1EAC2F,https://sahistory.org.za/place/simons-town-cape-peninsula
SAF,South Africa,Africa,Colonie du Cap,tier_2,REPLACE_WITH_EXPLICIT_SETUP,,shaft_mining,TIER,REMOVE,HIGH,ABSENT,—,"bâtiment:building_coal_mine, bâtiment:building_copper_mine, bâtiment:building_iron_mine, bâtiment:building_lead_mine, bâtiment:building_limestone_quarry, bâtiment:building_salt_mine, bâtiment:building_sulfur_mine, décret:decree…",Le tier reproduit une capacité minière institutionnelle/industrielle qui n’est pas établie localement pour ce TAG en 1776; les pratiques extractives locales éventuelles doivent être modélisées autrement.,https://www.cambridge.org/core/journals/international-review-of-social-history/article/economics-of-slavery-in-the-eighteenthcentury-cape-colony-revising-the-nieboerdomar-hypothesis/B7EB0A6EC343E570F6D339D8BB1EAC2F,https://sahistory.org.za/place/simons-town-cape-peninsula
SAF,South Africa,Africa,Colonie du Cap,tier_2,REPLACE_WITH_EXPLICIT_SETUP,,state_dockyard_systems,TIER,KEEP,HIGH,SECTORAL,—,"bâtiment:building_naval_administration, bâtiment:building_shipyard","Le petit dockyard de Simon’s Town est établi par la VOC en 1743; la capacité reste sectorielle et coloniale, non équivalente à toute la marine néerlandaise.",https://sahistory.org.za/place/simons-town-cape-peninsula,https://www.cambridge.org/core/journals/international-review-of-social-history/article/economics-of-slavery-in-the-eighteenthcentury-cape-colony-revising-the-nieboerdomar-hypothesis/B7EB0A6EC343E570F6D339D8BB1EAC2F
SAF,South Africa,Africa,Colonie du Cap,tier_2,REPLACE_WITH_EXPLICIT_SETUP,,stock_exchange,TIER,REMOVE,HIGH,ANACHRONISTIC,Missing direct prerequisite(s): institutionalized_public_credit. Do not auto-add; either tolerate tree abstraction or revise this child in synthesis.,modificateurs/nœud de progression,Aucune bourse locale au Cap en 1776; la Johannesburg Stock Exchange n’est fondée qu’en 1887.,https://sahistory.org.za/dated-event/johannesburg-stock-exchange-established,https://www.cambridge.org/core/journals/international-review-of-social-history/article/economics-of-slavery-in-the-eighteenthcentury-cape-colony-revising-the-nieboerdomar-hypothesis/B7EB0A6EC343E570F6D339D8BB1EAC2F
SAF,South Africa,Africa,Colonie du Cap,tier_2,REPLACE_WITH_EXPLICIT_SETUP,,traditional_food_processing,TIER,KEEP,HIGH,ESTABLISHED,—,bâtiment:building_food_industry,"Production agricole coloniale (grain, vin, viande et transformation) justifie une industrie alimentaire traditionnelle comme abstraction.",https://www.cambridge.org/core/journals/international-review-of-social-history/article/economics-of-slavery-in-the-eighteenthcentury-cape-colony-revising-the-nieboerdomar-hypothesis/B7EB0A6EC343E570F6D339D8BB1EAC2F,https://sahistory.org.za/place/simons-town-cape-peninsula
SAF,South Africa,Africa,Colonie du Cap,tier_2,REPLACE_WITH_EXPLICIT_SETUP,,traditional_papermaking,TIER,REMOVE,MEDIUM,ABSENT,Direct prerequisites present in proposed setup.,bâtiment:building_paper_mill,"Le papier est disponible par importation, mais une fabrication locale organisée correspondant à une papeterie n’est pas établie au Cap en 1776.",https://www.cambridge.org/core/journals/international-review-of-social-history/article/economics-of-slavery-in-the-eighteenthcentury-cape-colony-revising-the-nieboerdomar-hypothesis/B7EB0A6EC343E570F6D339D8BB1EAC2F,https://sahistory.org.za/place/simons-town-cape-peninsula
SAH,Sahrawi,Africa,Sahara maghrébin,tier_6,REVIEW_TIER,,improved_husbandry,TIER,KEEP,MEDIUM,ESTABLISHED,—,"bâtiment:building_banana_plantation, bâtiment:building_coffee_plantation, bâtiment:building_dye_plantation, bâtiment:building_livestock_ranch, bâtiment:building_maize_farm, bâtiment:building_millet_farm, bâtiment:building_opium…","Agriculture et/ou élevage sont structurants dans ce territoire en 1776; le nœud sert ici de socle agricole et pastoral, sans supposer une « révolution agricole » européenne.",https://www.cambridge.org/core/books/history-of-algeria/ecologies-societies-cultures-and-the-state-15161830/6C59DEAD9F70913EC060EDD1465FA6A5,https://www.cambridge.org/core/books/abs/cambridge-history-of-islam/north-africa-in-the-sixteenth-and-seventeenth-centuries/4B2F63A65160CF588F520BEE5F57AC87
SAH,Sahrawi,Africa,Sahara maghrébin,tier_6,REVIEW_TIER,,urbanization,TIER,REVIEW,MEDIUM,ABSTRACT,—,"bâtiment:building_construction_sector, bâtiment:building_urban_center","Nœud de compatibilité très abstrait (secteur de construction + centre urbain); il ne doit pas transformer une société pastorale, mobile ou un TAG postérieur en économie urbaine de type XIXe siècle.",https://www.cambridge.org/core/books/history-of-algeria/ecologies-societies-cultures-and-the-state-15161830/6C59DEAD9F70913EC060EDD1465FA6A5,https://www.cambridge.org/core/books/abs/cambridge-history-of-islam/north-africa-in-the-sixteenth-and-seventeenth-centuries/4B2F63A65160CF588F520BEE5F57AC87
SAN,San,Africa,Namibie et Kalahari,tier_7,KEEP_TIER,,improved_husbandry,ABSENT,REVIEW,HIGH,ABSENT,—,"bâtiment:building_banana_plantation, bâtiment:building_coffee_plantation, bâtiment:building_dye_plantation, bâtiment:building_livestock_ranch, bâtiment:building_maize_farm, bâtiment:building_millet_farm, bâtiment:building_opium…",Le cœur du TAG San correspond à des sociétés de chasse-cueillette plutôt qu’à une agriculture/élevage organisé au sens du nœud. Ne pas ADD par automatisme; REVIEW seulement si le périmètre territorial du TAG englobe des communautés agro-pastorales distinctes.,https://sahistory.org.za/archive/african-farmers-southern-africa,https://sahistory.org.za/article/pre-colonial-history-southern-africa
SD1,The Sudan,Africa,Haut-Nil,tier_6,REPLACE_WITH_EXPLICIT_SETUP,,improved_husbandry,TIER,KEEP,MEDIUM,ESTABLISHED,—,"bâtiment:building_banana_plantation, bâtiment:building_coffee_plantation, bâtiment:building_dye_plantation, bâtiment:building_livestock_ranch, bâtiment:building_maize_farm, bâtiment:building_millet_farm, bâtiment:building_opium…","Agriculture et/ou élevage sont structurants dans ce territoire en 1776; le nœud sert ici de socle agricole et pastoral, sans supposer une « révolution agricole » européenne.",https://www.cambridge.org/core/books/abs/medieval-africa-12501800/upper-nile-basin-and-the-east-african-plateau/AC690A3863339F46EA0D4F76FB47AE44,https://www.cambridge.org/core/journals/journal-of-african-history/article/abs/prehistory-in-the-upper-nile-basin1/C05AE342BF0110E91092D96D7B681597
SD1,The Sudan,Africa,Haut-Nil,tier_6,REPLACE_WITH_EXPLICIT_SETUP,,urbanization,TIER,REVIEW,MEDIUM,ABSTRACT,—,"bâtiment:building_construction_sector, bâtiment:building_urban_center","Nœud de compatibilité très abstrait (secteur de construction + centre urbain); il ne doit pas transformer une société pastorale, mobile ou un TAG postérieur en économie urbaine de type XIXe siècle.",https://www.cambridge.org/core/books/abs/medieval-africa-12501800/upper-nile-basin-and-the-east-african-plateau/AC690A3863339F46EA0D4F76FB47AE44,https://www.cambridge.org/core/journals/journal-of-african-history/article/abs/prehistory-in-the-upper-nile-basin1/C05AE342BF0110E91092D96D7B681597
SDM,Sidamo,Africa,Corne de l’Afrique et hauts plateaux éthiopiens,tier_5,REPLACE_WITH_EXPLICIT_SETUP,,codified_practical_knowledge,TIER,KEEP,MEDIUM,ABSTRACT,"Missing direct prerequisite(s): institutionalized_scientific_exchange, periodical_print_networks. Do not auto-add; either tolerate tree abstraction or revise this child in synthesis.",nœud sans déblocage direct majeur,"Pratiques artisanales, administratives et savoirs codifiés/oraux existent, mais le nœud agrège plusieurs formes de transmission; conserver sans ajouter automatiquement ses prérequis européens.",https://82nd-and-fifth.metmuseum.org/toah/ht/09/afa.html,https://www.cambridge.org/core/books/abs/cambridge-history-of-africa/east-africa-the-expansion-of-commerce/8AE31B68FFE6ED0C29991E89FAB01006
SDM,Sidamo,Africa,Corne de l’Afrique et hauts plateaux éthiopiens,tier_5,REPLACE_WITH_EXPLICIT_SETUP,,improved_husbandry,TIER,KEEP,MEDIUM,ESTABLISHED,—,"bâtiment:building_banana_plantation, bâtiment:building_coffee_plantation, bâtiment:building_dye_plantation, bâtiment:building_livestock_ranch, bâtiment:building_maize_farm, bâtiment:building_millet_farm, bâtiment:building_opium…","Agriculture et/ou élevage sont structurants dans ce territoire en 1776; le nœud sert ici de socle agricole et pastoral, sans supposer une « révolution agricole » européenne.",https://82nd-and-fifth.metmuseum.org/toah/ht/09/afa.html,https://www.cambridge.org/core/books/abs/cambridge-history-of-africa/east-africa-the-expansion-of-commerce/8AE31B68FFE6ED0C29991E89FAB01006
SDM,Sidamo,Africa,Corne de l’Afrique et hauts plateaux éthiopiens,tier_5,REPLACE_WITH_EXPLICIT_SETUP,,organized_textile_production,TIER,KEEP,MEDIUM,ESTABLISHED,—,"PM:pm_craftsman_sewing, bâtiment:building_textile_mill",Filage/tissage et production textile organisée sont attestés dans la sous-région; le bâtiment de manufacture reste une abstraction de proto-industrie et d’artisanat spécialisé.,https://82nd-and-fifth.metmuseum.org/toah/ht/09/afa.html,https://www.cambridge.org/core/books/abs/cambridge-history-of-africa/east-africa-the-expansion-of-commerce/8AE31B68FFE6ED0C29991E89FAB01006
SDM,Sidamo,Africa,Corne de l’Afrique et hauts plateaux éthiopiens,tier_5,REPLACE_WITH_EXPLICIT_SETUP,,shaft_mining,TIER,REVIEW,MEDIUM,ABSTRACT,—,"bâtiment:building_coal_mine, bâtiment:building_copper_mine, bâtiment:building_iron_mine, bâtiment:building_lead_mine, bâtiment:building_limestone_quarry, bâtiment:building_salt_mine, bâtiment:building_sulfur_mine, décret:decree…","Extraction minière et métallurgie existent dans plusieurs sociétés africaines, mais le nœud déverrouille un ensemble de mines à puits; il ne faut pas confondre métallurgie du fer, orpaillage ou carrières avec ce paquet gameplay.",https://82nd-and-fifth.metmuseum.org/toah/ht/09/afa.html,https://www.cambridge.org/core/books/abs/cambridge-history-of-africa/east-africa-the-expansion-of-commerce/8AE31B68FFE6ED0C29991E89FAB01006
SDM,Sidamo,Africa,Corne de l’Afrique et hauts plateaux éthiopiens,tier_5,REPLACE_WITH_EXPLICIT_SETUP,,systematic_administrative_statistics,TIER,REVIEW,MEDIUM,ABSTRACT,—,"bâtiment:building_government_administration, décret:decree_emergency_relief, décret:decree_road_maintenance","Le nœud représente à la fois administration, capacité fiscale, incorporation et statistiques d’État. Fiscalité/tribut peuvent être attestés sans justifier une statistique administrative systématique.",https://82nd-and-fifth.metmuseum.org/toah/ht/09/afa.html,https://www.cambridge.org/core/books/abs/cambridge-history-of-africa/east-africa-the-expansion-of-commerce/8AE31B68FFE6ED0C29991E89FAB01006
SDM,Sidamo,Africa,Corne de l’Afrique et hauts plateaux éthiopiens,tier_5,REPLACE_WITH_EXPLICIT_SETUP,,urbanization,TIER,KEEP,MEDIUM,ABSTRACT,—,"bâtiment:building_construction_sector, bâtiment:building_urban_center","Conserver uniquement comme abstraction de bourgs, marchés, construction et concentration de population; ne pas lire ce nœud comme une urbanisation industrielle.",https://82nd-and-fifth.metmuseum.org/toah/ht/09/afa.html,https://www.cambridge.org/core/books/abs/cambridge-history-of-africa/east-africa-the-expansion-of-commerce/8AE31B68FFE6ED0C29991E89FAB01006
SGU,Segou,Africa,Sahel et Soudan occidental,tier_5,REPLACE_WITH_EXPLICIT_SETUP,,codified_practical_knowledge,TIER,KEEP,MEDIUM,ABSTRACT,"Missing direct prerequisite(s): institutionalized_scientific_exchange, periodical_print_networks. Do not auto-add; either tolerate tree abstraction or revise this child in synthesis.",nœud sans déblocage direct majeur,"Pratiques artisanales, administratives et savoirs codifiés/oraux existent, mais le nœud agrège plusieurs formes de transmission; conserver sans ajouter automatiquement ses prérequis européens.",https://www.metmuseum.org/fr/essays/the-age-of-iron-in-west-africa,https://www.cambridge.org/core/journals/journal-of-african-history/article/abs/import-of-firearms-into-west-africa-in-the-eighteenth-century/84E8BF080DACF066CC957D56271DC721
SGU,Segou,Africa,Sahel et Soudan occidental,tier_5,REPLACE_WITH_EXPLICIT_SETUP,,improved_husbandry,TIER,KEEP,MEDIUM,ESTABLISHED,—,"bâtiment:building_banana_plantation, bâtiment:building_coffee_plantation, bâtiment:building_dye_plantation, bâtiment:building_livestock_ranch, bâtiment:building_maize_farm, bâtiment:building_millet_farm, bâtiment:building_opium…","Agriculture et/ou élevage sont structurants dans ce territoire en 1776; le nœud sert ici de socle agricole et pastoral, sans supposer une « révolution agricole » européenne.",https://www.metmuseum.org/fr/essays/the-age-of-iron-in-west-africa,https://www.cambridge.org/core/journals/journal-of-african-history/article/abs/import-of-firearms-into-west-africa-in-the-eighteenth-century/84E8BF080DACF066CC957D56271DC721
SGU,Segou,Africa,Sahel et Soudan occidental,tier_5,REPLACE_WITH_EXPLICIT_SETUP,,organized_textile_production,TIER,KEEP,MEDIUM,ESTABLISHED,—,"PM:pm_craftsman_sewing, bâtiment:building_textile_mill",Filage/tissage et production textile organisée sont attestés dans la sous-région; le bâtiment de manufacture reste une abstraction de proto-industrie et d’artisanat spécialisé.,https://www.metmuseum.org/fr/essays/the-age-of-iron-in-west-africa,https://www.cambridge.org/core/journals/journal-of-african-history/article/abs/import-of-firearms-into-west-africa-in-the-eighteenth-century/84E8BF080DACF066CC957D56271DC721
SGU,Segou,Africa,Sahel et Soudan occidental,tier_5,REPLACE_WITH_EXPLICIT_SETUP,,shaft_mining,TIER,REVIEW,MEDIUM,ABSTRACT,—,"bâtiment:building_coal_mine, bâtiment:building_copper_mine, bâtiment:building_iron_mine, bâtiment:building_lead_mine, bâtiment:building_limestone_quarry, bâtiment:building_salt_mine, bâtiment:building_sulfur_mine, décret:decree…","Extraction minière et métallurgie existent dans plusieurs sociétés africaines, mais le nœud déverrouille un ensemble de mines à puits; il ne faut pas confondre métallurgie du fer, orpaillage ou carrières avec ce paquet gameplay.",https://www.metmuseum.org/fr/essays/the-age-of-iron-in-west-africa,https://www.cambridge.org/core/journals/journal-of-african-history/article/abs/import-of-firearms-into-west-africa-in-the-eighteenth-century/84E8BF080DACF066CC957D56271DC721
SGU,Segou,Africa,Sahel et Soudan occidental,tier_5,REPLACE_WITH_EXPLICIT_SETUP,,systematic_administrative_statistics,TIER,REVIEW,MEDIUM,ABSTRACT,—,"bâtiment:building_government_administration, décret:decree_emergency_relief, décret:decree_road_maintenance","Le nœud représente à la fois administration, capacité fiscale, incorporation et statistiques d’État. Fiscalité/tribut peuvent être attestés sans justifier une statistique administrative systématique.",https://www.metmuseum.org/fr/essays/the-age-of-iron-in-west-africa,https://www.cambridge.org/core/journals/journal-of-african-history/article/abs/import-of-firearms-into-west-africa-in-the-eighteenth-century/84E8BF080DACF066CC957D56271DC721
SGU,Segou,Africa,Sahel et Soudan occidental,tier_5,REPLACE_WITH_EXPLICIT_SETUP,,urbanization,TIER,KEEP,MEDIUM,ABSTRACT,—,"bâtiment:building_construction_sector, bâtiment:building_urban_center","Conserver uniquement comme abstraction de bourgs, marchés, construction et concentration de population; ne pas lire ce nœud comme une urbanisation industrielle.",https://www.metmuseum.org/fr/essays/the-age-of-iron-in-west-africa,https://www.cambridge.org/core/journals/journal-of-african-history/article/abs/import-of-firearms-into-west-africa-in-the-eighteenth-century/84E8BF080DACF066CC957D56271DC721
SHW,Shewa,Africa,Corne de l’Afrique et hauts plateaux éthiopiens,tier_5,REPLACE_WITH_EXPLICIT_SETUP,,codified_practical_knowledge,TIER,KEEP,MEDIUM,ABSTRACT,"Missing direct prerequisite(s): institutionalized_scientific_exchange, periodical_print_networks. Do not auto-add; either tolerate tree abstraction or revise this child in synthesis.",nœud sans déblocage direct majeur,"Pratiques artisanales, administratives et savoirs codifiés/oraux existent, mais le nœud agrège plusieurs formes de transmission; conserver sans ajouter automatiquement ses prérequis européens.",https://82nd-and-fifth.metmuseum.org/toah/ht/09/afa.html,https://www.cambridge.org/core/books/abs/cambridge-history-of-africa/east-africa-the-expansion-of-commerce/8AE31B68FFE6ED0C29991E89FAB01006
SHW,Shewa,Africa,Corne de l’Afrique et hauts plateaux éthiopiens,tier_5,REPLACE_WITH_EXPLICIT_SETUP,,improved_husbandry,TIER,KEEP,MEDIUM,ESTABLISHED,—,"bâtiment:building_banana_plantation, bâtiment:building_coffee_plantation, bâtiment:building_dye_plantation, bâtiment:building_livestock_ranch, bâtiment:building_maize_farm, bâtiment:building_millet_farm, bâtiment:building_opium…","Agriculture et/ou élevage sont structurants dans ce territoire en 1776; le nœud sert ici de socle agricole et pastoral, sans supposer une « révolution agricole » européenne.",https://82nd-and-fifth.metmuseum.org/toah/ht/09/afa.html,https://www.cambridge.org/core/books/abs/cambridge-history-of-africa/east-africa-the-expansion-of-commerce/8AE31B68FFE6ED0C29991E89FAB01006
SHW,Shewa,Africa,Corne de l’Afrique et hauts plateaux éthiopiens,tier_5,REPLACE_WITH_EXPLICIT_SETUP,,organized_textile_production,TIER,KEEP,MEDIUM,ESTABLISHED,—,"PM:pm_craftsman_sewing, bâtiment:building_textile_mill",Filage/tissage et production textile organisée sont attestés dans la sous-région; le bâtiment de manufacture reste une abstraction de proto-industrie et d’artisanat spécialisé.,https://82nd-and-fifth.metmuseum.org/toah/ht/09/afa.html,https://www.cambridge.org/core/books/abs/cambridge-history-of-africa/east-africa-the-expansion-of-commerce/8AE31B68FFE6ED0C29991E89FAB01006
SHW,Shewa,Africa,Corne de l’Afrique et hauts plateaux éthiopiens,tier_5,REPLACE_WITH_EXPLICIT_SETUP,,shaft_mining,TIER,REVIEW,MEDIUM,ABSTRACT,—,"bâtiment:building_coal_mine, bâtiment:building_copper_mine, bâtiment:building_iron_mine, bâtiment:building_lead_mine, bâtiment:building_limestone_quarry, bâtiment:building_salt_mine, bâtiment:building_sulfur_mine, décret:decree…","Extraction minière et métallurgie existent dans plusieurs sociétés africaines, mais le nœud déverrouille un ensemble de mines à puits; il ne faut pas confondre métallurgie du fer, orpaillage ou carrières avec ce paquet gameplay.",https://82nd-and-fifth.metmuseum.org/toah/ht/09/afa.html,https://www.cambridge.org/core/books/abs/cambridge-history-of-africa/east-africa-the-expansion-of-commerce/8AE31B68FFE6ED0C29991E89FAB01006
SHW,Shewa,Africa,Corne de l’Afrique et hauts plateaux éthiopiens,tier_5,REPLACE_WITH_EXPLICIT_SETUP,,systematic_administrative_statistics,TIER,REVIEW,MEDIUM,ABSTRACT,—,"bâtiment:building_government_administration, décret:decree_emergency_relief, décret:decree_road_maintenance","Le nœud représente à la fois administration, capacité fiscale, incorporation et statistiques d’État. Fiscalité/tribut peuvent être attestés sans justifier une statistique administrative systématique.",https://82nd-and-fifth.metmuseum.org/toah/ht/09/afa.html,https://www.cambridge.org/core/books/abs/cambridge-history-of-africa/east-africa-the-expansion-of-commerce/8AE31B68FFE6ED0C29991E89FAB01006
SHW,Shewa,Africa,Corne de l’Afrique et hauts plateaux éthiopiens,tier_5,REPLACE_WITH_EXPLICIT_SETUP,,urbanization,TIER,KEEP,MEDIUM,ABSTRACT,—,"bâtiment:building_construction_sector, bâtiment:building_urban_center","Conserver uniquement comme abstraction de bourgs, marchés, construction et concentration de population; ne pas lire ce nœud comme une urbanisation industrielle.",https://82nd-and-fifth.metmuseum.org/toah/ht/09/afa.html,https://www.cambridge.org/core/books/abs/cambridge-history-of-africa/east-africa-the-expansion-of-commerce/8AE31B68FFE6ED0C29991E89FAB01006
SIL,Sierra Leone,Africa,Golfe de Guinée et forêts ouest-africaines,tier_4,REPLACE_WITH_EXPLICIT_SETUP,,codified_practical_knowledge,TIER,REVIEW,MEDIUM,ABSTRACT,"Missing direct prerequisite(s): institutionalized_scientific_exchange, periodical_print_networks. Do not auto-add; either tolerate tree abstraction or revise this child in synthesis.",nœud sans déblocage direct majeur,"Le savoir pratique local existe, mais l’institution représentée par ce nœud est difficile à rattacher au TAG postérieur; à conserver seulement si la synthèse mondiale accepte cette abstraction.",https://findingaids.loc.gov/repositories/7/resources/635,https://www.metmuseum.org/fr/essays/the-age-of-iron-in-west-africa
SIL,Sierra Leone,Africa,Golfe de Guinée et forêts ouest-africaines,tier_4,REPLACE_WITH_EXPLICIT_SETUP,,distillation,TIER,KEEP,MEDIUM,ESTABLISHED,—,"PM:pm_pot_stills, PM:pm_spiced_food_preparations",Capacité de base compatible avec les pratiques locales attestées avant 1776; le nœud est toutefois plus large que toute pratique unique.,https://findingaids.loc.gov/repositories/7/resources/635,https://www.metmuseum.org/fr/essays/the-age-of-iron-in-west-africa
SIL,Sierra Leone,Africa,Golfe de Guinée et forêts ouest-africaines,tier_4,REPLACE_WITH_EXPLICIT_SETUP,,improved_husbandry,TIER,KEEP,MEDIUM,ESTABLISHED,—,"bâtiment:building_banana_plantation, bâtiment:building_coffee_plantation, bâtiment:building_dye_plantation, bâtiment:building_livestock_ranch, bâtiment:building_maize_farm, bâtiment:building_millet_farm, bâtiment:building_opium…","Agriculture et/ou élevage sont structurants dans ce territoire en 1776; le nœud sert ici de socle agricole et pastoral, sans supposer une « révolution agricole » européenne.",https://findingaids.loc.gov/repositories/7/resources/635,https://www.metmuseum.org/fr/essays/the-age-of-iron-in-west-africa
SIL,Sierra Leone,Africa,Golfe de Guinée et forêts ouest-africaines,tier_4,REPLACE_WITH_EXPLICIT_SETUP,,international_relations,TIER,KEEP,MEDIUM,ESTABLISHED,—,nœud sans déblocage direct majeur,"Commerce longue distance, diplomatie, tribut et relations interétatiques/avec des négociants étrangers rendent ce nœud plausible comme capacité politique.",https://findingaids.loc.gov/repositories/7/resources/635,https://www.metmuseum.org/fr/essays/the-age-of-iron-in-west-africa
SIL,Sierra Leone,Africa,Golfe de Guinée et forêts ouest-africaines,tier_4,REPLACE_WITH_EXPLICIT_SETUP,,light_infantry_tactics,TIER,REMOVE,HIGH,ABSENT,Missing direct prerequisite(s): regulated_small_arms. Do not auto-add; either tolerate tree abstraction or revise this child in synthesis.,modificateurs/nœud de progression,Le tier importe une doctrine militaire de l’entité postérieure; elle n’est pas établie localement en 1776.,https://findingaids.loc.gov/repositories/7/resources/635,https://www.metmuseum.org/fr/essays/the-age-of-iron-in-west-africa
SIL,Sierra Leone,Africa,Golfe de Guinée et forêts ouest-africaines,tier_4,REPLACE_WITH_EXPLICIT_SETUP,,organized_textile_production,TIER,KEEP,MEDIUM,ESTABLISHED,—,"PM:pm_craftsman_sewing, bâtiment:building_textile_mill",Filage/tissage et production textile organisée sont attestés dans la sous-région; le bâtiment de manufacture reste une abstraction de proto-industrie et d’artisanat spécialisé.,https://findingaids.loc.gov/repositories/7/resources/635,https://www.metmuseum.org/fr/essays/the-age-of-iron-in-west-africa
SIL,Sierra Leone,Africa,Golfe de Guinée et forêts ouest-africaines,tier_4,REPLACE_WITH_EXPLICIT_SETUP,,regulated_small_arms,TIER,REMOVE,HIGH,ABSENT,Missing direct prerequisite(s): scientific_fortification_siegecraft. Do not auto-add; either tolerate tree abstraction or revise this child in synthesis.,"bâtiment:building_arms_industry, bâtiment:building_artillery_foundry",Le tier projette une industrie d’armes de l’entité postérieure; aucune telle capacité locale n’est justifiée au 1er janvier 1776.,https://findingaids.loc.gov/repositories/7/resources/635,https://www.metmuseum.org/fr/essays/the-age-of-iron-in-west-africa
SIL,Sierra Leone,Africa,Golfe de Guinée et forêts ouest-africaines,tier_4,REPLACE_WITH_EXPLICIT_SETUP,,shaft_mining,TIER,REMOVE,MEDIUM,ABSENT,—,"bâtiment:building_coal_mine, bâtiment:building_copper_mine, bâtiment:building_iron_mine, bâtiment:building_lead_mine, bâtiment:building_limestone_quarry, bâtiment:building_salt_mine, bâtiment:building_sulfur_mine, décret:decree…",Le tier reproduit une capacité minière institutionnelle/industrielle qui n’est pas établie localement pour ce TAG en 1776; les pratiques extractives locales éventuelles doivent être modélisées autrement.,https://findingaids.loc.gov/repositories/7/resources/635,https://www.metmuseum.org/fr/essays/the-age-of-iron-in-west-africa
SIL,Sierra Leone,Africa,Golfe de Guinée et forêts ouest-africaines,tier_4,REPLACE_WITH_EXPLICIT_SETUP,,standardized_field_artillery,TIER,REMOVE,HIGH,ABSENT,Missing direct prerequisite(s): regulated_small_arms. Do not auto-add; either tolerate tree abstraction or revise this child in synthesis.,PM:pm_cannons,La standardisation d’artillerie du futur État/colonie n’est pas une capacité locale de 1776.,https://findingaids.loc.gov/repositories/7/resources/635,https://www.metmuseum.org/fr/essays/the-age-of-iron-in-west-africa
SIL,Sierra Leone,Africa,Golfe de Guinée et forêts ouest-africaines,tier_4,REPLACE_WITH_EXPLICIT_SETUP,,systematic_administrative_statistics,TIER,REMOVE,MEDIUM,ABSENT,—,"bâtiment:building_government_administration, décret:decree_emergency_relief, décret:decree_road_maintenance",Les institutions de l’État/colonie suggérées par le TAG sont postérieures à 1776; le nœud ne doit pas être hérité du tier.,https://findingaids.loc.gov/repositories/7/resources/635,https://www.metmuseum.org/fr/essays/the-age-of-iron-in-west-africa
SIL,Sierra Leone,Africa,Golfe de Guinée et forêts ouest-africaines,tier_4,REPLACE_WITH_EXPLICIT_SETUP,,urbanization,TIER,KEEP,MEDIUM,ABSTRACT,—,"bâtiment:building_construction_sector, bâtiment:building_urban_center","Conserver uniquement comme abstraction de bourgs, marchés, construction et concentration de population; ne pas lire ce nœud comme une urbanisation industrielle.",https://findingaids.loc.gov/repositories/7/resources/635,https://www.metmuseum.org/fr/essays/the-age-of-iron-in-west-africa
SKM,Usukuma,Africa,Grands Lacs et plateau est-africain,tier_7,REPLACE_WITH_EXPLICIT_SETUP,,improved_husbandry,ABSENT,ADD,MEDIUM,ESTABLISHED,—,"bâtiment:building_banana_plantation, bâtiment:building_coffee_plantation, bâtiment:building_dye_plantation, bâtiment:building_livestock_ranch, bâtiment:building_maize_farm, bâtiment:building_millet_farm, bâtiment:building_opium…",Le tier 7 vide efface une capacité agricole et/ou pastorale locale attestée à l’échelle de la sous-région; ADD restaure un socle de production sans attribuer une industrialisation européenne.,https://82nd-and-fifth.metmuseum.org/toah/ht/09/afa.html,https://www.cambridge.org/core/books/abs/cambridge-history-of-africa/east-africa-the-expansion-of-commerce/8AE31B68FFE6ED0C29991E89FAB01006
SKY,Sakuye,Africa,Corne de l’Afrique et hauts plateaux éthiopiens,tier_7,REPLACE_WITH_EXPLICIT_SETUP,,improved_husbandry,ABSENT,ADD,MEDIUM,ESTABLISHED,—,"bâtiment:building_banana_plantation, bâtiment:building_coffee_plantation, bâtiment:building_dye_plantation, bâtiment:building_livestock_ranch, bâtiment:building_maize_farm, bâtiment:building_millet_farm, bâtiment:building_opium…",Le tier 7 vide efface une capacité agricole et/ou pastorale locale attestée à l’échelle de la sous-région; ADD restaure un socle de production sans attribuer une industrialisation européenne.,https://82nd-and-fifth.metmuseum.org/toah/ht/09/afa.html,https://www.cambridge.org/core/books/abs/cambridge-history-of-africa/east-africa-the-expansion-of-commerce/8AE31B68FFE6ED0C29991E89FAB01006
SNG,Sangu,Africa,Grands Lacs et plateau est-africain,tier_7,REPLACE_WITH_EXPLICIT_SETUP,,improved_husbandry,ABSENT,ADD,MEDIUM,ESTABLISHED,—,"bâtiment:building_banana_plantation, bâtiment:building_coffee_plantation, bâtiment:building_dye_plantation, bâtiment:building_livestock_ranch, bâtiment:building_maize_farm, bâtiment:building_millet_farm, bâtiment:building_opium…",Le tier 7 vide efface une capacité agricole et/ou pastorale locale attestée à l’échelle de la sous-région; ADD restaure un socle de production sans attribuer une industrialisation européenne.,https://82nd-and-fifth.metmuseum.org/toah/ht/09/afa.html,https://www.cambridge.org/core/books/abs/cambridge-history-of-africa/east-africa-the-expansion-of-commerce/8AE31B68FFE6ED0C29991E89FAB01006
SOK,Sokoto,Africa,Sahel et Soudan occidental,tier_5,REPLACE_WITH_EXPLICIT_SETUP,,codified_practical_knowledge,TIER,KEEP,MEDIUM,ABSTRACT,"Missing direct prerequisite(s): institutionalized_scientific_exchange, periodical_print_networks. Do not auto-add; either tolerate tree abstraction or revise this child in synthesis.",nœud sans déblocage direct majeur,"Pratiques artisanales, administratives et savoirs codifiés/oraux existent, mais le nœud agrège plusieurs formes de transmission; conserver sans ajouter automatiquement ses prérequis européens.",https://www.cambridge.org/core/journals/journal-of-african-history/article/abs/ninetenthchntury-arabic-archives-of-west-africa/3404D2151FC22A845E1670EAC277E72C,https://www.metmuseum.org/fr/essays/the-age-of-iron-in-west-africa
SOK,Sokoto,Africa,Sahel et Soudan occidental,tier_5,REPLACE_WITH_EXPLICIT_SETUP,,improved_husbandry,TIER,KEEP,MEDIUM,ESTABLISHED,—,"bâtiment:building_banana_plantation, bâtiment:building_coffee_plantation, bâtiment:building_dye_plantation, bâtiment:building_livestock_ranch, bâtiment:building_maize_farm, bâtiment:building_millet_farm, bâtiment:building_opium…","Agriculture et/ou élevage sont structurants dans ce territoire en 1776; le nœud sert ici de socle agricole et pastoral, sans supposer une « révolution agricole » européenne.",https://www.cambridge.org/core/journals/journal-of-african-history/article/abs/ninetenthchntury-arabic-archives-of-west-africa/3404D2151FC22A845E1670EAC277E72C,https://www.metmuseum.org/fr/essays/the-age-of-iron-in-west-africa
SOK,Sokoto,Africa,Sahel et Soudan occidental,tier_5,REPLACE_WITH_EXPLICIT_SETUP,,organized_textile_production,TIER,KEEP,MEDIUM,ESTABLISHED,—,"PM:pm_craftsman_sewing, bâtiment:building_textile_mill",Filage/tissage et production textile organisée sont attestés dans la sous-région; le bâtiment de manufacture reste une abstraction de proto-industrie et d’artisanat spécialisé.,https://www.cambridge.org/core/journals/journal-of-african-history/article/abs/ninetenthchntury-arabic-archives-of-west-africa/3404D2151FC22A845E1670EAC277E72C,https://www.metmuseum.org/fr/essays/the-age-of-iron-in-west-africa
SOK,Sokoto,Africa,Sahel et Soudan occidental,tier_5,REPLACE_WITH_EXPLICIT_SETUP,,shaft_mining,TIER,REVIEW,MEDIUM,ABSTRACT,—,"bâtiment:building_coal_mine, bâtiment:building_copper_mine, bâtiment:building_iron_mine, bâtiment:building_lead_mine, bâtiment:building_limestone_quarry, bâtiment:building_salt_mine, bâtiment:building_sulfur_mine, décret:decree…","Extraction minière et métallurgie existent dans plusieurs sociétés africaines, mais le nœud déverrouille un ensemble de mines à puits; il ne faut pas confondre métallurgie du fer, orpaillage ou carrières avec ce paquet gameplay.",https://www.cambridge.org/core/journals/journal-of-african-history/article/abs/ninetenthchntury-arabic-archives-of-west-africa/3404D2151FC22A845E1670EAC277E72C,https://www.metmuseum.org/fr/essays/the-age-of-iron-in-west-africa
SOK,Sokoto,Africa,Sahel et Soudan occidental,tier_5,REPLACE_WITH_EXPLICIT_SETUP,,systematic_administrative_statistics,TIER,REVIEW,MEDIUM,ABSTRACT,—,"bâtiment:building_government_administration, décret:decree_emergency_relief, décret:decree_road_maintenance","Le nœud représente à la fois administration, capacité fiscale, incorporation et statistiques d’État. Fiscalité/tribut peuvent être attestés sans justifier une statistique administrative systématique.",https://www.cambridge.org/core/journals/journal-of-african-history/article/abs/ninetenthchntury-arabic-archives-of-west-africa/3404D2151FC22A845E1670EAC277E72C,https://www.metmuseum.org/fr/essays/the-age-of-iron-in-west-africa
SOK,Sokoto,Africa,Sahel et Soudan occidental,tier_5,REPLACE_WITH_EXPLICIT_SETUP,,urbanization,TIER,KEEP,MEDIUM,ABSTRACT,—,"bâtiment:building_construction_sector, bâtiment:building_urban_center","Conserver uniquement comme abstraction de bourgs, marchés, construction et concentration de population; ne pas lire ce nœud comme une urbanisation industrielle.",https://www.cambridge.org/core/journals/journal-of-african-history/article/abs/ninetenthchntury-arabic-archives-of-west-africa/3404D2151FC22A845E1670EAC277E72C,https://www.metmuseum.org/fr/essays/the-age-of-iron-in-west-africa
SRR,Serer,Africa,Sénégambie et vallée du Sénégal,tier_7,REPLACE_WITH_EXPLICIT_SETUP,,improved_husbandry,ABSENT,ADD,MEDIUM,ESTABLISHED,—,"bâtiment:building_banana_plantation, bâtiment:building_coffee_plantation, bâtiment:building_dye_plantation, bâtiment:building_livestock_ranch, bâtiment:building_maize_farm, bâtiment:building_millet_farm, bâtiment:building_opium…",Le tier 7 vide efface une capacité agricole et/ou pastorale locale attestée à l’échelle de la sous-région; ADD restaure un socle de production sans attribuer une industrialisation européenne.,https://www.metmuseum.org/fr/essays/the-age-of-iron-in-west-africa,https://www.cambridge.org/core/journals/journal-of-african-history/article/abs/import-of-firearms-into-west-africa-in-the-eighteenth-century/84E8BF080DACF066CC957D56271DC721
SSU,Susu,Africa,Sénégambie et vallée du Sénégal,tier_7,REPLACE_WITH_EXPLICIT_SETUP,,improved_husbandry,ABSENT,ADD,MEDIUM,ESTABLISHED,—,"bâtiment:building_banana_plantation, bâtiment:building_coffee_plantation, bâtiment:building_dye_plantation, bâtiment:building_livestock_ranch, bâtiment:building_maize_farm, bâtiment:building_millet_farm, bâtiment:building_opium…",Le tier 7 vide efface une capacité agricole et/ou pastorale locale attestée à l’échelle de la sous-région; ADD restaure un socle de production sans attribuer une industrialisation européenne.,https://www.metmuseum.org/fr/essays/the-age-of-iron-in-west-africa,https://www.cambridge.org/core/journals/journal-of-african-history/article/abs/import-of-firearms-into-west-africa-in-the-eighteenth-century/84E8BF080DACF066CC957D56271DC721
SWZ,Swaziland,Africa,Nguni et côte sud-est,tier_6,REPLACE_WITH_EXPLICIT_SETUP,,improved_husbandry,TIER,KEEP,MEDIUM,ESTABLISHED,—,"bâtiment:building_banana_plantation, bâtiment:building_coffee_plantation, bâtiment:building_dye_plantation, bâtiment:building_livestock_ranch, bâtiment:building_maize_farm, bâtiment:building_millet_farm, bâtiment:building_opium…","Agriculture et/ou élevage sont structurants dans ce territoire en 1776; le nœud sert ici de socle agricole et pastoral, sans supposer une « révolution agricole » européenne.",https://sahistory.org.za/archive/african-farmers-southern-africa,https://sahistory.org.za/article/pre-colonial-history-southern-africa
SWZ,Swaziland,Africa,Nguni et côte sud-est,tier_6,REPLACE_WITH_EXPLICIT_SETUP,,international_relations,EXPLICIT,REVIEW,MEDIUM,ABSTRACT,—,nœud sans déblocage direct majeur,"Relations entre chefferies et réseaux commerciaux existent, mais l’entité politique portée par le TAG est postérieure ou en formation; ne pas projeter sa diplomatie ultérieure en 1776.",https://sahistory.org.za/archive/african-farmers-southern-africa,https://sahistory.org.za/article/pre-colonial-history-southern-africa
SWZ,Swaziland,Africa,Nguni et côte sud-est,tier_6,REPLACE_WITH_EXPLICIT_SETUP,,urbanization,TIER,KEEP,MEDIUM,ABSTRACT,—,"bâtiment:building_construction_sector, bâtiment:building_urban_center","Conserver uniquement comme abstraction de bourgs, marchés, construction et concentration de population; ne pas lire ce nœud comme une urbanisation industrielle.",https://sahistory.org.za/archive/african-farmers-southern-africa,https://sahistory.org.za/article/pre-colonial-history-southern-africa
TBI,Tubu,Africa,Soudan central,tier_6,REVIEW_TIER,,improved_husbandry,TIER,KEEP,MEDIUM,ESTABLISHED,—,"bâtiment:building_banana_plantation, bâtiment:building_coffee_plantation, bâtiment:building_dye_plantation, bâtiment:building_livestock_ranch, bâtiment:building_maize_farm, bâtiment:building_millet_farm, bâtiment:building_opium…","Agriculture et/ou élevage sont structurants dans ce territoire en 1776; le nœud sert ici de socle agricole et pastoral, sans supposer une « révolution agricole » européenne.",https://82nd-and-fifth.metmuseum.org/toah/ht/09/afc.html,https://www.metmuseum.org/de/essays/kingdoms-of-the-savanna-the-luba-and-lunda-empires
TBI,Tubu,Africa,Soudan central,tier_6,REVIEW_TIER,,urbanization,TIER,REVIEW,MEDIUM,ABSTRACT,—,"bâtiment:building_construction_sector, bâtiment:building_urban_center","Nœud de compatibilité très abstrait (secteur de construction + centre urbain); il ne doit pas transformer une société pastorale, mobile ou un TAG postérieur en économie urbaine de type XIXe siècle.",https://82nd-and-fifth.metmuseum.org/toah/ht/09/afc.html,https://www.metmuseum.org/de/essays/kingdoms-of-the-savanna-the-luba-and-lunda-empires
TEK,Tekna,Africa,Sahara maghrébin,tier_6,REVIEW_TIER,,improved_husbandry,TIER,KEEP,MEDIUM,ESTABLISHED,—,"bâtiment:building_banana_plantation, bâtiment:building_coffee_plantation, bâtiment:building_dye_plantation, bâtiment:building_livestock_ranch, bâtiment:building_maize_farm, bâtiment:building_millet_farm, bâtiment:building_opium…","Agriculture et/ou élevage sont structurants dans ce territoire en 1776; le nœud sert ici de socle agricole et pastoral, sans supposer une « révolution agricole » européenne.",https://www.cambridge.org/core/books/history-of-algeria/ecologies-societies-cultures-and-the-state-15161830/6C59DEAD9F70913EC060EDD1465FA6A5,https://www.cambridge.org/core/books/abs/cambridge-history-of-islam/north-africa-in-the-sixteenth-and-seventeenth-centuries/4B2F63A65160CF588F520BEE5F57AC87
TEK,Tekna,Africa,Sahara maghrébin,tier_6,REVIEW_TIER,,urbanization,TIER,REVIEW,MEDIUM,ABSTRACT,—,"bâtiment:building_construction_sector, bâtiment:building_urban_center","Nœud de compatibilité très abstrait (secteur de construction + centre urbain); il ne doit pas transformer une société pastorale, mobile ou un TAG postérieur en économie urbaine de type XIXe siècle.",https://www.cambridge.org/core/books/history-of-algeria/ecologies-societies-cultures-and-the-state-15161830/6C59DEAD9F70913EC060EDD1465FA6A5,https://www.cambridge.org/core/books/abs/cambridge-history-of-islam/north-africa-in-the-sixteenth-and-seventeenth-centuries/4B2F63A65160CF588F520BEE5F57AC87
TGI,Tungi,Africa,Côte swahilie et Mozambique septentrional,tier_5,REPLACE_WITH_EXPLICIT_SETUP,,codified_practical_knowledge,TIER,KEEP,MEDIUM,ABSTRACT,"Missing direct prerequisite(s): institutionalized_scientific_exchange, periodical_print_networks. Do not auto-add; either tolerate tree abstraction or revise this child in synthesis.",nœud sans déblocage direct majeur,"Pratiques artisanales, administratives et savoirs codifiés/oraux existent, mais le nœud agrège plusieurs formes de transmission; conserver sans ajouter automatiquement ses prérequis européens.",https://82nd-and-fifth.metmuseum.org/toah/ht/09/afa.html,https://www.cambridge.org/core/books/abs/cambridge-history-of-africa/east-africa-the-expansion-of-commerce/8AE31B68FFE6ED0C29991E89FAB01006
TGI,Tungi,Africa,Côte swahilie et Mozambique septentrional,tier_5,REPLACE_WITH_EXPLICIT_SETUP,,improved_husbandry,TIER,KEEP,MEDIUM,ESTABLISHED,—,"bâtiment:building_banana_plantation, bâtiment:building_coffee_plantation, bâtiment:building_dye_plantation, bâtiment:building_livestock_ranch, bâtiment:building_maize_farm, bâtiment:building_millet_farm, bâtiment:building_opium…","Agriculture et/ou élevage sont structurants dans ce territoire en 1776; le nœud sert ici de socle agricole et pastoral, sans supposer une « révolution agricole » européenne.",https://82nd-and-fifth.metmuseum.org/toah/ht/09/afa.html,https://www.cambridge.org/core/books/abs/cambridge-history-of-africa/east-africa-the-expansion-of-commerce/8AE31B68FFE6ED0C29991E89FAB01006
TGI,Tungi,Africa,Côte swahilie et Mozambique septentrional,tier_5,REPLACE_WITH_EXPLICIT_SETUP,,international_relations,EXPLICIT,KEEP,MEDIUM,ESTABLISHED,—,nœud sans déblocage direct majeur,"Commerce longue distance, diplomatie, tribut et relations interétatiques/avec des négociants étrangers rendent ce nœud plausible comme capacité politique.",https://82nd-and-fifth.metmuseum.org/toah/ht/09/afa.html,https://www.cambridge.org/core/books/abs/cambridge-history-of-africa/east-africa-the-expansion-of-commerce/8AE31B68FFE6ED0C29991E89FAB01006
TGI,Tungi,Africa,Côte swahilie et Mozambique septentrional,tier_5,REPLACE_WITH_EXPLICIT_SETUP,,organized_textile_production,TIER,KEEP,MEDIUM,ESTABLISHED,—,"PM:pm_craftsman_sewing, bâtiment:building_textile_mill",Filage/tissage et production textile organisée sont attestés dans la sous-région; le bâtiment de manufacture reste une abstraction de proto-industrie et d’artisanat spécialisé.,https://82nd-and-fifth.metmuseum.org/toah/ht/09/afa.html,https://www.cambridge.org/core/books/abs/cambridge-history-of-africa/east-africa-the-expansion-of-commerce/8AE31B68FFE6ED0C29991E89FAB01006
TGI,Tungi,Africa,Côte swahilie et Mozambique septentrional,tier_5,REPLACE_WITH_EXPLICIT_SETUP,,shaft_mining,TIER,REVIEW,MEDIUM,ABSTRACT,—,"bâtiment:building_coal_mine, bâtiment:building_copper_mine, bâtiment:building_iron_mine, bâtiment:building_lead_mine, bâtiment:building_limestone_quarry, bâtiment:building_salt_mine, bâtiment:building_sulfur_mine, décret:decree…","Extraction minière et métallurgie existent dans plusieurs sociétés africaines, mais le nœud déverrouille un ensemble de mines à puits; il ne faut pas confondre métallurgie du fer, orpaillage ou carrières avec ce paquet gameplay.",https://82nd-and-fifth.metmuseum.org/toah/ht/09/afa.html,https://www.cambridge.org/core/books/abs/cambridge-history-of-africa/east-africa-the-expansion-of-commerce/8AE31B68FFE6ED0C29991E89FAB01006
TGI,Tungi,Africa,Côte swahilie et Mozambique septentrional,tier_5,REPLACE_WITH_EXPLICIT_SETUP,,systematic_administrative_statistics,TIER,REVIEW,MEDIUM,ABSTRACT,—,"bâtiment:building_government_administration, décret:decree_emergency_relief, décret:decree_road_maintenance","Le nœud représente à la fois administration, capacité fiscale, incorporation et statistiques d’État. Fiscalité/tribut peuvent être attestés sans justifier une statistique administrative systématique.",https://82nd-and-fifth.metmuseum.org/toah/ht/09/afa.html,https://www.cambridge.org/core/books/abs/cambridge-history-of-africa/east-africa-the-expansion-of-commerce/8AE31B68FFE6ED0C29991E89FAB01006
TGI,Tungi,Africa,Côte swahilie et Mozambique septentrional,tier_5,REPLACE_WITH_EXPLICIT_SETUP,,urbanization,TIER,KEEP,MEDIUM,ABSTRACT,—,"bâtiment:building_construction_sector, bâtiment:building_urban_center","Conserver uniquement comme abstraction de bourgs, marchés, construction et concentration de population; ne pas lire ce nœud comme une urbanisation industrielle.",https://82nd-and-fifth.metmuseum.org/toah/ht/09/afa.html,https://www.cambridge.org/core/books/abs/cambridge-history-of-africa/east-africa-the-expansion-of-commerce/8AE31B68FFE6ED0C29991E89FAB01006
TGR,Tigray,Africa,Corne de l’Afrique et hauts plateaux éthiopiens,tier_5,REPLACE_WITH_EXPLICIT_SETUP,,codified_practical_knowledge,TIER,KEEP,MEDIUM,ABSTRACT,"Missing direct prerequisite(s): institutionalized_scientific_exchange, periodical_print_networks. Do not auto-add; either tolerate tree abstraction or revise this child in synthesis.",nœud sans déblocage direct majeur,"Pratiques artisanales, administratives et savoirs codifiés/oraux existent, mais le nœud agrège plusieurs formes de transmission; conserver sans ajouter automatiquement ses prérequis européens.",https://82nd-and-fifth.metmuseum.org/toah/ht/09/afa.html,https://www.cambridge.org/core/books/abs/cambridge-history-of-africa/east-africa-the-expansion-of-commerce/8AE31B68FFE6ED0C29991E89FAB01006
TGR,Tigray,Africa,Corne de l’Afrique et hauts plateaux éthiopiens,tier_5,REPLACE_WITH_EXPLICIT_SETUP,,improved_husbandry,TIER,KEEP,MEDIUM,ESTABLISHED,—,"bâtiment:building_banana_plantation, bâtiment:building_coffee_plantation, bâtiment:building_dye_plantation, bâtiment:building_livestock_ranch, bâtiment:building_maize_farm, bâtiment:building_millet_farm, bâtiment:building_opium…","Agriculture et/ou élevage sont structurants dans ce territoire en 1776; le nœud sert ici de socle agricole et pastoral, sans supposer une « révolution agricole » européenne.",https://82nd-and-fifth.metmuseum.org/toah/ht/09/afa.html,https://www.cambridge.org/core/books/abs/cambridge-history-of-africa/east-africa-the-expansion-of-commerce/8AE31B68FFE6ED0C29991E89FAB01006
TGR,Tigray,Africa,Corne de l’Afrique et hauts plateaux éthiopiens,tier_5,REPLACE_WITH_EXPLICIT_SETUP,,organized_textile_production,TIER,KEEP,MEDIUM,ESTABLISHED,—,"PM:pm_craftsman_sewing, bâtiment:building_textile_mill",Filage/tissage et production textile organisée sont attestés dans la sous-région; le bâtiment de manufacture reste une abstraction de proto-industrie et d’artisanat spécialisé.,https://82nd-and-fifth.metmuseum.org/toah/ht/09/afa.html,https://www.cambridge.org/core/books/abs/cambridge-history-of-africa/east-africa-the-expansion-of-commerce/8AE31B68FFE6ED0C29991E89FAB01006
TGR,Tigray,Africa,Corne de l’Afrique et hauts plateaux éthiopiens,tier_5,REPLACE_WITH_EXPLICIT_SETUP,,shaft_mining,TIER,REVIEW,MEDIUM,ABSTRACT,—,"bâtiment:building_coal_mine, bâtiment:building_copper_mine, bâtiment:building_iron_mine, bâtiment:building_lead_mine, bâtiment:building_limestone_quarry, bâtiment:building_salt_mine, bâtiment:building_sulfur_mine, décret:decree…","Extraction minière et métallurgie existent dans plusieurs sociétés africaines, mais le nœud déverrouille un ensemble de mines à puits; il ne faut pas confondre métallurgie du fer, orpaillage ou carrières avec ce paquet gameplay.",https://82nd-and-fifth.metmuseum.org/toah/ht/09/afa.html,https://www.cambridge.org/core/books/abs/cambridge-history-of-africa/east-africa-the-expansion-of-commerce/8AE31B68FFE6ED0C29991E89FAB01006
TGR,Tigray,Africa,Corne de l’Afrique et hauts plateaux éthiopiens,tier_5,REPLACE_WITH_EXPLICIT_SETUP,,systematic_administrative_statistics,TIER,REVIEW,MEDIUM,ABSTRACT,—,"bâtiment:building_government_administration, décret:decree_emergency_relief, décret:decree_road_maintenance","Le nœud représente à la fois administration, capacité fiscale, incorporation et statistiques d’État. Fiscalité/tribut peuvent être attestés sans justifier une statistique administrative systématique.",https://82nd-and-fifth.metmuseum.org/toah/ht/09/afa.html,https://www.cambridge.org/core/books/abs/cambridge-history-of-africa/east-africa-the-expansion-of-commerce/8AE31B68FFE6ED0C29991E89FAB01006
TGR,Tigray,Africa,Corne de l’Afrique et hauts plateaux éthiopiens,tier_5,REPLACE_WITH_EXPLICIT_SETUP,,urbanization,TIER,KEEP,MEDIUM,ABSTRACT,—,"bâtiment:building_construction_sector, bâtiment:building_urban_center","Conserver uniquement comme abstraction de bourgs, marchés, construction et concentration de population; ne pas lire ce nœud comme une urbanisation industrielle.",https://82nd-and-fifth.metmuseum.org/toah/ht/09/afa.html,https://www.cambridge.org/core/books/abs/cambridge-history-of-africa/east-africa-the-expansion-of-commerce/8AE31B68FFE6ED0C29991E89FAB01006
TKE,Teke,Africa,Bassin du Congo et savanes centrales,tier_6,REPLACE_WITH_EXPLICIT_SETUP,,improved_husbandry,TIER,KEEP,MEDIUM,ESTABLISHED,—,"bâtiment:building_banana_plantation, bâtiment:building_coffee_plantation, bâtiment:building_dye_plantation, bâtiment:building_livestock_ranch, bâtiment:building_maize_farm, bâtiment:building_millet_farm, bâtiment:building_opium…","Agriculture et/ou élevage sont structurants dans ce territoire en 1776; le nœud sert ici de socle agricole et pastoral, sans supposer une « révolution agricole » européenne.",https://82nd-and-fifth.metmuseum.org/toah/ht/09/afc.html,https://www.metmuseum.org/de/essays/kingdoms-of-the-savanna-the-luba-and-lunda-empires
TKE,Teke,Africa,Bassin du Congo et savanes centrales,tier_6,REPLACE_WITH_EXPLICIT_SETUP,,urbanization,TIER,KEEP,MEDIUM,ABSTRACT,—,"bâtiment:building_construction_sector, bâtiment:building_urban_center","Conserver uniquement comme abstraction de bourgs, marchés, construction et concentration de population; ne pas lire ce nœud comme une urbanisation industrielle.",https://82nd-and-fifth.metmuseum.org/toah/ht/09/afc.html,https://www.metmuseum.org/de/essays/kingdoms-of-the-savanna-the-luba-and-lunda-empires
TMN,Temne,Africa,Sénégambie et vallée du Sénégal,tier_6,KEEP_TIER,,improved_husbandry,TIER,KEEP,MEDIUM,ESTABLISHED,—,"bâtiment:building_banana_plantation, bâtiment:building_coffee_plantation, bâtiment:building_dye_plantation, bâtiment:building_livestock_ranch, bâtiment:building_maize_farm, bâtiment:building_millet_farm, bâtiment:building_opium…","Agriculture et/ou élevage sont structurants dans ce territoire en 1776; le nœud sert ici de socle agricole et pastoral, sans supposer une « révolution agricole » européenne.",https://www.metmuseum.org/fr/essays/the-age-of-iron-in-west-africa,https://www.cambridge.org/core/journals/journal-of-african-history/article/abs/import-of-firearms-into-west-africa-in-the-eighteenth-century/84E8BF080DACF066CC957D56271DC721
TMN,Temne,Africa,Sénégambie et vallée du Sénégal,tier_6,KEEP_TIER,,urbanization,TIER,KEEP,MEDIUM,ABSTRACT,—,"bâtiment:building_construction_sector, bâtiment:building_urban_center","Conserver uniquement comme abstraction de bourgs, marchés, construction et concentration de population; ne pas lire ce nœud comme une urbanisation industrielle.",https://www.metmuseum.org/fr/essays/the-age-of-iron-in-west-africa,https://www.cambridge.org/core/journals/journal-of-african-history/article/abs/import-of-firearms-into-west-africa-in-the-eighteenth-century/84E8BF080DACF066CC957D56271DC721
TPS,Toposa,Africa,Haut-Nil,tier_7,REPLACE_WITH_EXPLICIT_SETUP,,improved_husbandry,ABSENT,ADD,MEDIUM,ESTABLISHED,—,"bâtiment:building_banana_plantation, bâtiment:building_coffee_plantation, bâtiment:building_dye_plantation, bâtiment:building_livestock_ranch, bâtiment:building_maize_farm, bâtiment:building_millet_farm, bâtiment:building_opium…",Le tier 7 vide efface une capacité agricole et/ou pastorale locale attestée à l’échelle de la sous-région; ADD restaure un socle de production sans attribuer une industrialisation européenne.,https://www.cambridge.org/core/books/abs/medieval-africa-12501800/upper-nile-basin-and-the-east-african-plateau/AC690A3863339F46EA0D4F76FB47AE44,https://www.cambridge.org/core/journals/journal-of-african-history/article/abs/prehistory-in-the-upper-nile-basin1/C05AE342BF0110E91092D96D7B681597
TRI,Tripolitania,Africa,Maghreb oriental,tier_5,REPLACE_WITH_EXPLICIT_SETUP,,codified_practical_knowledge,TIER,KEEP,MEDIUM,ABSTRACT,"Missing direct prerequisite(s): institutionalized_scientific_exchange, periodical_print_networks. Do not auto-add; either tolerate tree abstraction or revise this child in synthesis.",nœud sans déblocage direct majeur,"Pratiques artisanales, administratives et savoirs codifiés/oraux existent, mais le nœud agrège plusieurs formes de transmission; conserver sans ajouter automatiquement ses prérequis européens.",https://www.cambridge.org/core/books/abs/cambridge-history-of-islam/north-africa-in-the-sixteenth-and-seventeenth-centuries/4B2F63A65160CF588F520BEE5F57AC87,https://www.cambridge.org/core/journals/journal-of-african-history/article/abs/la-traite-des-esclaves-noirs-en-libye-au-xviiie-siecle/7245C0AEDD8C0103C7AF3AC0CE314C0F
TRI,Tripolitania,Africa,Maghreb oriental,tier_5,REPLACE_WITH_EXPLICIT_SETUP,,improved_husbandry,TIER,KEEP,MEDIUM,ESTABLISHED,—,"bâtiment:building_banana_plantation, bâtiment:building_coffee_plantation, bâtiment:building_dye_plantation, bâtiment:building_livestock_ranch, bâtiment:building_maize_farm, bâtiment:building_millet_farm, bâtiment:building_opium…","Agriculture et/ou élevage sont structurants dans ce territoire en 1776; le nœud sert ici de socle agricole et pastoral, sans supposer une « révolution agricole » européenne.",https://www.cambridge.org/core/books/abs/cambridge-history-of-islam/north-africa-in-the-sixteenth-and-seventeenth-centuries/4B2F63A65160CF588F520BEE5F57AC87,https://www.cambridge.org/core/journals/journal-of-african-history/article/abs/la-traite-des-esclaves-noirs-en-libye-au-xviiie-siecle/7245C0AEDD8C0103C7AF3AC0CE314C0F
TRI,Tripolitania,Africa,Maghreb oriental,tier_5,REPLACE_WITH_EXPLICIT_SETUP,,organized_textile_production,TIER,KEEP,MEDIUM,ESTABLISHED,—,"PM:pm_craftsman_sewing, bâtiment:building_textile_mill",Filage/tissage et production textile organisée sont attestés dans la sous-région; le bâtiment de manufacture reste une abstraction de proto-industrie et d’artisanat spécialisé.,https://www.cambridge.org/core/books/abs/cambridge-history-of-islam/north-africa-in-the-sixteenth-and-seventeenth-centuries/4B2F63A65160CF588F520BEE5F57AC87,https://www.cambridge.org/core/journals/journal-of-african-history/article/abs/la-traite-des-esclaves-noirs-en-libye-au-xviiie-siecle/7245C0AEDD8C0103C7AF3AC0CE314C0F
TRI,Tripolitania,Africa,Maghreb oriental,tier_5,REPLACE_WITH_EXPLICIT_SETUP,,shaft_mining,TIER,REVIEW,MEDIUM,ABSTRACT,—,"bâtiment:building_coal_mine, bâtiment:building_copper_mine, bâtiment:building_iron_mine, bâtiment:building_lead_mine, bâtiment:building_limestone_quarry, bâtiment:building_salt_mine, bâtiment:building_sulfur_mine, décret:decree…","Extraction minière et métallurgie existent dans plusieurs sociétés africaines, mais le nœud déverrouille un ensemble de mines à puits; il ne faut pas confondre métallurgie du fer, orpaillage ou carrières avec ce paquet gameplay.",https://www.cambridge.org/core/books/abs/cambridge-history-of-islam/north-africa-in-the-sixteenth-and-seventeenth-centuries/4B2F63A65160CF588F520BEE5F57AC87,https://www.cambridge.org/core/journals/journal-of-african-history/article/abs/la-traite-des-esclaves-noirs-en-libye-au-xviiie-siecle/7245C0AEDD8C0103C7AF3AC0CE314C0F
TRI,Tripolitania,Africa,Maghreb oriental,tier_5,REPLACE_WITH_EXPLICIT_SETUP,,systematic_administrative_statistics,TIER,KEEP,MEDIUM,SECTORAL,—,"bâtiment:building_government_administration, décret:decree_emergency_relief, décret:decree_road_maintenance",Un appareil de cour/tribut/fiscalité et des pratiques administratives structurées sont attestés; KEEP est sectoriel et ne suppose pas une statistique moderne exhaustive.,https://www.cambridge.org/core/books/abs/cambridge-history-of-islam/north-africa-in-the-sixteenth-and-seventeenth-centuries/4B2F63A65160CF588F520BEE5F57AC87,https://www.cambridge.org/core/journals/journal-of-african-history/article/abs/la-traite-des-esclaves-noirs-en-libye-au-xviiie-siecle/7245C0AEDD8C0103C7AF3AC0CE314C0F
TRI,Tripolitania,Africa,Maghreb oriental,tier_5,REPLACE_WITH_EXPLICIT_SETUP,,urbanization,TIER,KEEP,MEDIUM,ABSTRACT,—,"bâtiment:building_construction_sector, bâtiment:building_urban_center","Conserver uniquement comme abstraction de bourgs, marchés, construction et concentration de population; ne pas lire ce nœud comme une urbanisation industrielle.",https://www.cambridge.org/core/books/abs/cambridge-history-of-islam/north-africa-in-the-sixteenth-and-seventeenth-centuries/4B2F63A65160CF588F520BEE5F57AC87,https://www.cambridge.org/core/journals/journal-of-african-history/article/abs/la-traite-des-esclaves-noirs-en-libye-au-xviiie-siecle/7245C0AEDD8C0103C7AF3AC0CE314C0F
TRI,Tripolitania,Africa,Maghreb oriental,tier_5,REPLACE_WITH_EXPLICIT_SETUP,,international_relations,ABSENT,ADD,MEDIUM,ESTABLISHED,—,nœud sans déblocage direct majeur,"Diplomatie, tribut et/ou commerce longue distance structurés justifient une capacité de relations extérieures; elle ne présume pas une diplomatie européenne moderne.",https://www.cambridge.org/core/books/abs/cambridge-history-of-islam/north-africa-in-the-sixteenth-and-seventeenth-centuries/4B2F63A65160CF588F520BEE5F57AC87,https://www.cambridge.org/core/journals/journal-of-african-history/article/abs/la-traite-des-esclaves-noirs-en-libye-au-xviiie-siecle/7245C0AEDD8C0103C7AF3AC0CE314C0F
TRI,Tripolitania,Africa,Maghreb oriental,tier_5,REPLACE_WITH_EXPLICIT_SETUP,,regulated_small_arms,ABSENT,ADD,MEDIUM,SECTORAL,Direct prerequisites present in proposed setup.,"bâtiment:building_arms_industry, bâtiment:building_artillery_foundry","Arsenaux et approvisionnement militaire de la régence rendent une capacité locale d’armes à feu plausible; conserver comme secteur d’État, non comme industrie de masse.",https://www.cambridge.org/core/books/abs/cambridge-history-of-islam/north-africa-in-the-sixteenth-and-seventeenth-centuries/4B2F63A65160CF588F520BEE5F57AC87,https://www.cambridge.org/core/journals/journal-of-african-history/article/abs/la-traite-des-esclaves-noirs-en-libye-au-xviiie-siecle/7245C0AEDD8C0103C7AF3AC0CE314C0F
TRI,Tripolitania,Africa,Maghreb oriental,tier_5,REPLACE_WITH_EXPLICIT_SETUP,,scientific_fortification_siegecraft,ABSENT,ADD,MEDIUM,SECTORAL,—,"bâtiment:building_barrack, bâtiment:building_naval_fortification","Ports fortifiés, garnisons et traditions de siège du Maghreb rendent ce nœud sectoriellement plausible; il sert aussi de parent aux armes réglementées sans ajouter un savoir fictif.",https://www.cambridge.org/core/books/abs/cambridge-history-of-islam/north-africa-in-the-sixteenth-and-seventeenth-centuries/4B2F63A65160CF588F520BEE5F57AC87,https://www.cambridge.org/core/journals/journal-of-african-history/article/abs/la-traite-des-esclaves-noirs-en-libye-au-xviiie-siecle/7245C0AEDD8C0103C7AF3AC0CE314C0F
TRI,Tripolitania,Africa,Maghreb oriental,tier_5,REPLACE_WITH_EXPLICIT_SETUP,,standardized_field_artillery,ABSENT,REVIEW,LOW,SECTORAL,Direct prerequisites present in proposed setup.,PM:pm_cannons,"Canons et arsenaux sont attestés, mais le degré de standardisation de l’artillerie de campagne au 1er janvier 1776 n’est pas suffisamment établi pour un ADD ferme.",https://www.cambridge.org/core/books/abs/cambridge-history-of-islam/north-africa-in-the-sixteenth-and-seventeenth-centuries/4B2F63A65160CF588F520BEE5F57AC87,https://www.cambridge.org/core/journals/journal-of-african-history/article/abs/la-traite-des-esclaves-noirs-en-libye-au-xviiie-siecle/7245C0AEDD8C0103C7AF3AC0CE314C0F
TRI,Tripolitania,Africa,Maghreb oriental,tier_5,REPLACE_WITH_EXPLICIT_SETUP,,state_dockyard_systems,ABSENT,ADD,MEDIUM,SECTORAL,—,"bâtiment:building_naval_administration, bâtiment:building_shipyard","Arsenaux, course et entretien de flottes d’État/para-étatiques justifient un système de chantier naval sectoriel, sans copier toute la technologie ottomane ou européenne.",https://www.cambridge.org/core/books/abs/cambridge-history-of-islam/north-africa-in-the-sixteenth-and-seventeenth-centuries/4B2F63A65160CF588F520BEE5F57AC87,https://www.cambridge.org/core/journals/journal-of-african-history/article/abs/la-traite-des-esclaves-noirs-en-libye-au-xviiie-siecle/7245C0AEDD8C0103C7AF3AC0CE314C0F
TRK,Turkana,Africa,Grands Lacs et plateau est-africain,tier_7,REPLACE_WITH_EXPLICIT_SETUP,,improved_husbandry,ABSENT,ADD,MEDIUM,ESTABLISHED,—,"bâtiment:building_banana_plantation, bâtiment:building_coffee_plantation, bâtiment:building_dye_plantation, bâtiment:building_livestock_ranch, bâtiment:building_maize_farm, bâtiment:building_millet_farm, bâtiment:building_opium…",Le tier 7 vide efface une capacité agricole et/ou pastorale locale attestée à l’échelle de la sous-région; ADD restaure un socle de production sans attribuer une industrialisation européenne.,https://82nd-and-fifth.metmuseum.org/toah/ht/09/afa.html,https://www.cambridge.org/core/books/abs/cambridge-history-of-africa/east-africa-the-expansion-of-commerce/8AE31B68FFE6ED0C29991E89FAB01006
TRN,Transvaal,Africa,Républiques boers anachroniques / Haut-Veld,tier_4,REPLACE_WITH_EXPLICIT_SETUP,,codified_practical_knowledge,TIER,REVIEW,MEDIUM,ABSTRACT,"Missing direct prerequisite(s): institutionalized_scientific_exchange, periodical_print_networks. Do not auto-add; either tolerate tree abstraction or revise this child in synthesis.",nœud sans déblocage direct majeur,"Le savoir pratique local existe, mais l’institution représentée par ce nœud est difficile à rattacher au TAG postérieur; à conserver seulement si la synthèse mondiale accepte cette abstraction.",https://sahistory.org.za/article/history-slavery-and-early-colonisation-south-africa,https://sahistory.org.za/archive/african-farmers-southern-africa
TRN,Transvaal,Africa,Républiques boers anachroniques / Haut-Veld,tier_4,REPLACE_WITH_EXPLICIT_SETUP,,distillation,TIER,REVIEW,MEDIUM,ABSTRACT,—,"PM:pm_pot_stills, PM:pm_spiced_food_preparations",Le TAG est postérieur et le nœud ne doit pas être hérité d’un futur peuplement boer; la distillation locale de 1776 demande une base territoriale précise.,https://sahistory.org.za/article/history-slavery-and-early-colonisation-south-africa,https://sahistory.org.za/archive/african-farmers-southern-africa
TRN,Transvaal,Africa,Républiques boers anachroniques / Haut-Veld,tier_4,REPLACE_WITH_EXPLICIT_SETUP,,improved_husbandry,TIER,KEEP,MEDIUM,ESTABLISHED,—,"bâtiment:building_banana_plantation, bâtiment:building_coffee_plantation, bâtiment:building_dye_plantation, bâtiment:building_livestock_ranch, bâtiment:building_maize_farm, bâtiment:building_millet_farm, bâtiment:building_opium…","Agriculture et/ou élevage sont structurants dans ce territoire en 1776; le nœud sert ici de socle agricole et pastoral, sans supposer une « révolution agricole » européenne.",https://sahistory.org.za/article/history-slavery-and-early-colonisation-south-africa,https://sahistory.org.za/archive/african-farmers-southern-africa
TRN,Transvaal,Africa,Républiques boers anachroniques / Haut-Veld,tier_4,REPLACE_WITH_EXPLICIT_SETUP,,international_relations,TIER,KEEP,MEDIUM,ESTABLISHED,—,nœud sans déblocage direct majeur,"Commerce longue distance, diplomatie, tribut et relations interétatiques/avec des négociants étrangers rendent ce nœud plausible comme capacité politique.",https://sahistory.org.za/article/history-slavery-and-early-colonisation-south-africa,https://sahistory.org.za/archive/african-farmers-southern-africa
TRN,Transvaal,Africa,Républiques boers anachroniques / Haut-Veld,tier_4,REPLACE_WITH_EXPLICIT_SETUP,,light_infantry_tactics,TIER,REMOVE,HIGH,ABSENT,Missing direct prerequisite(s): regulated_small_arms. Do not auto-add; either tolerate tree abstraction or revise this child in synthesis.,modificateurs/nœud de progression,Le tier importe une doctrine militaire de l’entité postérieure; elle n’est pas établie localement en 1776.,https://sahistory.org.za/article/history-slavery-and-early-colonisation-south-africa,https://sahistory.org.za/archive/african-farmers-southern-africa
TRN,Transvaal,Africa,Républiques boers anachroniques / Haut-Veld,tier_4,REPLACE_WITH_EXPLICIT_SETUP,,organized_textile_production,TIER,REVIEW,MEDIUM,ABSTRACT,—,"PM:pm_craftsman_sewing, bâtiment:building_textile_mill","La présence de vêtements, cuir ou tissus ne suffit pas à prouver une proto-industrie textile locale correspondant au bâtiment du nœud; le tier générique est trop large.",https://sahistory.org.za/article/history-slavery-and-early-colonisation-south-africa,https://sahistory.org.za/archive/african-farmers-southern-africa
TRN,Transvaal,Africa,Républiques boers anachroniques / Haut-Veld,tier_4,REPLACE_WITH_EXPLICIT_SETUP,,regulated_small_arms,TIER,REMOVE,HIGH,ABSENT,Missing direct prerequisite(s): scientific_fortification_siegecraft. Do not auto-add; either tolerate tree abstraction or revise this child in synthesis.,"bâtiment:building_arms_industry, bâtiment:building_artillery_foundry",Le tier projette une industrie d’armes de l’entité postérieure; aucune telle capacité locale n’est justifiée au 1er janvier 1776.,https://sahistory.org.za/article/history-slavery-and-early-colonisation-south-africa,https://sahistory.org.za/archive/african-farmers-southern-africa
TRN,Transvaal,Africa,Républiques boers anachroniques / Haut-Veld,tier_4,REPLACE_WITH_EXPLICIT_SETUP,,shaft_mining,TIER,REMOVE,MEDIUM,ABSENT,—,"bâtiment:building_coal_mine, bâtiment:building_copper_mine, bâtiment:building_iron_mine, bâtiment:building_lead_mine, bâtiment:building_limestone_quarry, bâtiment:building_salt_mine, bâtiment:building_sulfur_mine, décret:decree…",Le tier reproduit une capacité minière institutionnelle/industrielle qui n’est pas établie localement pour ce TAG en 1776; les pratiques extractives locales éventuelles doivent être modélisées autrement.,https://sahistory.org.za/article/history-slavery-and-early-colonisation-south-africa,https://sahistory.org.za/archive/african-farmers-southern-africa
TRN,Transvaal,Africa,Républiques boers anachroniques / Haut-Veld,tier_4,REPLACE_WITH_EXPLICIT_SETUP,,standardized_field_artillery,TIER,REMOVE,HIGH,ABSENT,Missing direct prerequisite(s): regulated_small_arms. Do not auto-add; either tolerate tree abstraction or revise this child in synthesis.,PM:pm_cannons,La standardisation d’artillerie du futur État/colonie n’est pas une capacité locale de 1776.,https://sahistory.org.za/article/history-slavery-and-early-colonisation-south-africa,https://sahistory.org.za/archive/african-farmers-southern-africa
TRN,Transvaal,Africa,Républiques boers anachroniques / Haut-Veld,tier_4,REPLACE_WITH_EXPLICIT_SETUP,,systematic_administrative_statistics,TIER,REMOVE,HIGH,ABSENT,—,"bâtiment:building_government_administration, décret:decree_emergency_relief, décret:decree_road_maintenance",Les institutions de l’État/colonie suggérées par le TAG sont postérieures à 1776; le nœud ne doit pas être hérité du tier.,https://sahistory.org.za/article/history-slavery-and-early-colonisation-south-africa,https://sahistory.org.za/archive/african-farmers-southern-africa
TRN,Transvaal,Africa,Républiques boers anachroniques / Haut-Veld,tier_4,REPLACE_WITH_EXPLICIT_SETUP,,urbanization,TIER,REVIEW,MEDIUM,ABSTRACT,—,"bâtiment:building_construction_sector, bâtiment:building_urban_center","Nœud de compatibilité très abstrait (secteur de construction + centre urbain); il ne doit pas transformer une société pastorale, mobile ou un TAG postérieur en économie urbaine de type XIXe siècle.",https://sahistory.org.za/article/history-slavery-and-early-colonisation-south-africa,https://sahistory.org.za/archive/african-farmers-southern-africa
TRZ,Trarza,Africa,Sénégambie et vallée du Sénégal,tier_6,REVIEW_TIER,,improved_husbandry,TIER,KEEP,MEDIUM,ESTABLISHED,—,"bâtiment:building_banana_plantation, bâtiment:building_coffee_plantation, bâtiment:building_dye_plantation, bâtiment:building_livestock_ranch, bâtiment:building_maize_farm, bâtiment:building_millet_farm, bâtiment:building_opium…","Agriculture et/ou élevage sont structurants dans ce territoire en 1776; le nœud sert ici de socle agricole et pastoral, sans supposer une « révolution agricole » européenne.",https://www.metmuseum.org/fr/essays/the-age-of-iron-in-west-africa,https://www.cambridge.org/core/journals/journal-of-african-history/article/abs/import-of-firearms-into-west-africa-in-the-eighteenth-century/84E8BF080DACF066CC957D56271DC721
TRZ,Trarza,Africa,Sénégambie et vallée du Sénégal,tier_6,REVIEW_TIER,,urbanization,TIER,REVIEW,MEDIUM,ABSTRACT,—,"bâtiment:building_construction_sector, bâtiment:building_urban_center","Nœud de compatibilité très abstrait (secteur de construction + centre urbain); il ne doit pas transformer une société pastorale, mobile ou un TAG postérieur en économie urbaine de type XIXe siècle.",https://www.metmuseum.org/fr/essays/the-age-of-iron-in-west-africa,https://www.cambridge.org/core/journals/journal-of-african-history/article/abs/import-of-firearms-into-west-africa-in-the-eighteenth-century/84E8BF080DACF066CC957D56271DC721
TSW,Tswana,Africa,Sotho-Tswana et Haut-Veld,tier_7,REPLACE_WITH_EXPLICIT_SETUP,,improved_husbandry,ABSENT,ADD,MEDIUM,ESTABLISHED,—,"bâtiment:building_banana_plantation, bâtiment:building_coffee_plantation, bâtiment:building_dye_plantation, bâtiment:building_livestock_ranch, bâtiment:building_maize_farm, bâtiment:building_millet_farm, bâtiment:building_opium…",Le tier 7 vide efface une capacité agricole et/ou pastorale locale attestée à l’échelle de la sous-région; ADD restaure un socle de production sans attribuer une industrialisation européenne.,https://sahistory.org.za/archive/african-farmers-southern-africa,https://sahistory.org.za/article/pre-colonial-history-southern-africa
TUA,Tuat,Africa,Sahara maghrébin,tier_6,KEEP_TIER,,improved_husbandry,TIER,KEEP,MEDIUM,ESTABLISHED,—,"bâtiment:building_banana_plantation, bâtiment:building_coffee_plantation, bâtiment:building_dye_plantation, bâtiment:building_livestock_ranch, bâtiment:building_maize_farm, bâtiment:building_millet_farm, bâtiment:building_opium…","Agriculture et/ou élevage sont structurants dans ce territoire en 1776; le nœud sert ici de socle agricole et pastoral, sans supposer une « révolution agricole » européenne.",https://www.cambridge.org/core/books/history-of-algeria/ecologies-societies-cultures-and-the-state-15161830/6C59DEAD9F70913EC060EDD1465FA6A5,https://www.cambridge.org/core/books/abs/cambridge-history-of-islam/north-africa-in-the-sixteenth-and-seventeenth-centuries/4B2F63A65160CF588F520BEE5F57AC87
TUA,Tuat,Africa,Sahara maghrébin,tier_6,KEEP_TIER,,urbanization,TIER,KEEP,MEDIUM,ABSTRACT,—,"bâtiment:building_construction_sector, bâtiment:building_urban_center","Conserver uniquement comme abstraction de bourgs, marchés, construction et concentration de population; ne pas lire ce nœud comme une urbanisation industrielle.",https://www.cambridge.org/core/books/history-of-algeria/ecologies-societies-cultures-and-the-state-15161830/6C59DEAD9F70913EC060EDD1465FA6A5,https://www.cambridge.org/core/books/abs/cambridge-history-of-islam/north-africa-in-the-sixteenth-and-seventeenth-centuries/4B2F63A65160CF588F520BEE5F57AC87
TUG,Touggourt,Africa,Sahara maghrébin,tier_6,KEEP_TIER,,improved_husbandry,TIER,KEEP,MEDIUM,ESTABLISHED,—,"bâtiment:building_banana_plantation, bâtiment:building_coffee_plantation, bâtiment:building_dye_plantation, bâtiment:building_livestock_ranch, bâtiment:building_maize_farm, bâtiment:building_millet_farm, bâtiment:building_opium…","Agriculture et/ou élevage sont structurants dans ce territoire en 1776; le nœud sert ici de socle agricole et pastoral, sans supposer une « révolution agricole » européenne.",https://www.cambridge.org/core/books/history-of-algeria/ecologies-societies-cultures-and-the-state-15161830/6C59DEAD9F70913EC060EDD1465FA6A5,https://www.cambridge.org/core/books/abs/cambridge-history-of-islam/north-africa-in-the-sixteenth-and-seventeenth-centuries/4B2F63A65160CF588F520BEE5F57AC87
TUG,Touggourt,Africa,Sahara maghrébin,tier_6,KEEP_TIER,,urbanization,TIER,KEEP,MEDIUM,ABSTRACT,—,"bâtiment:building_construction_sector, bâtiment:building_urban_center","Conserver uniquement comme abstraction de bourgs, marchés, construction et concentration de population; ne pas lire ce nœud comme une urbanisation industrielle.",https://www.cambridge.org/core/books/history-of-algeria/ecologies-societies-cultures-and-the-state-15161830/6C59DEAD9F70913EC060EDD1465FA6A5,https://www.cambridge.org/core/books/abs/cambridge-history-of-islam/north-africa-in-the-sixteenth-and-seventeenth-centuries/4B2F63A65160CF588F520BEE5F57AC87
TUN,Tunis,Africa,Maghreb oriental,tier_6,REPLACE_WITH_EXPLICIT_SETUP,,improved_husbandry,TIER,KEEP,MEDIUM,ESTABLISHED,—,"bâtiment:building_banana_plantation, bâtiment:building_coffee_plantation, bâtiment:building_dye_plantation, bâtiment:building_livestock_ranch, bâtiment:building_maize_farm, bâtiment:building_millet_farm, bâtiment:building_opium…","Agriculture et/ou élevage sont structurants dans ce territoire en 1776; le nœud sert ici de socle agricole et pastoral, sans supposer une « révolution agricole » européenne.",https://www.cambridge.org/core/journals/annales-histoire-sciences-sociales/article/abs/esclaves-chretiens-et-esclaves-noirs-a-tunis-au-xviiie-siecle/B6D63DDA1CDEE63BFF2CE876BB6F3657,https://www.cambridge.org/core/books/history-of-algeria/ecologies-societies-cultures-and-the-state-15161830/6C59DEAD9F70913EC060EDD1465FA6A5
TUN,Tunis,Africa,Maghreb oriental,tier_6,REPLACE_WITH_EXPLICIT_SETUP,,urbanization,TIER,KEEP,MEDIUM,ABSTRACT,—,"bâtiment:building_construction_sector, bâtiment:building_urban_center","Conserver uniquement comme abstraction de bourgs, marchés, construction et concentration de population; ne pas lire ce nœud comme une urbanisation industrielle.",https://www.cambridge.org/core/journals/annales-histoire-sciences-sociales/article/abs/esclaves-chretiens-et-esclaves-noirs-a-tunis-au-xviiie-siecle/B6D63DDA1CDEE63BFF2CE876BB6F3657,https://www.cambridge.org/core/books/history-of-algeria/ecologies-societies-cultures-and-the-state-15161830/6C59DEAD9F70913EC060EDD1465FA6A5
TUN,Tunis,Africa,Maghreb oriental,tier_6,REPLACE_WITH_EXPLICIT_SETUP,,codified_practical_knowledge,ABSENT,ADD,MEDIUM,ABSTRACT,"Missing direct prerequisite(s): institutionalized_scientific_exchange, periodical_print_networks. Do not auto-add; either tolerate tree abstraction or revise this child in synthesis.",nœud sans déblocage direct majeur,"Corporations, artisans et administration urbaine impliquent une transmission structurée du savoir pratique; le nœud reste abstrait.",https://www.cambridge.org/core/journals/annales-histoire-sciences-sociales/article/abs/esclaves-chretiens-et-esclaves-noirs-a-tunis-au-xviiie-siecle/B6D63DDA1CDEE63BFF2CE876BB6F3657,https://www.cambridge.org/core/books/history-of-algeria/ecologies-societies-cultures-and-the-state-15161830/6C59DEAD9F70913EC060EDD1465FA6A5
TUN,Tunis,Africa,Maghreb oriental,tier_6,REPLACE_WITH_EXPLICIT_SETUP,,international_relations,ABSENT,ADD,MEDIUM,ESTABLISHED,—,nœud sans déblocage direct majeur,"Diplomatie, tribut et/ou commerce longue distance structurés justifient une capacité de relations extérieures; elle ne présume pas une diplomatie européenne moderne.",https://www.cambridge.org/core/journals/annales-histoire-sciences-sociales/article/abs/esclaves-chretiens-et-esclaves-noirs-a-tunis-au-xviiie-siecle/B6D63DDA1CDEE63BFF2CE876BB6F3657,https://www.cambridge.org/core/books/history-of-algeria/ecologies-societies-cultures-and-the-state-15161830/6C59DEAD9F70913EC060EDD1465FA6A5
TUN,Tunis,Africa,Maghreb oriental,tier_6,REPLACE_WITH_EXPLICIT_SETUP,,organized_textile_production,ABSENT,ADD,MEDIUM,ESTABLISHED,—,"PM:pm_craftsman_sewing, bâtiment:building_textile_mill",Artisanat textile urbain et corporatif du Maghreb justifie une proto-production textile.,https://www.cambridge.org/core/journals/annales-histoire-sciences-sociales/article/abs/esclaves-chretiens-et-esclaves-noirs-a-tunis-au-xviiie-siecle/B6D63DDA1CDEE63BFF2CE876BB6F3657,https://www.cambridge.org/core/books/history-of-algeria/ecologies-societies-cultures-and-the-state-15161830/6C59DEAD9F70913EC060EDD1465FA6A5
TUN,Tunis,Africa,Maghreb oriental,tier_6,REPLACE_WITH_EXPLICIT_SETUP,,regulated_small_arms,ABSENT,ADD,MEDIUM,SECTORAL,Direct prerequisites present in proposed setup.,"bâtiment:building_arms_industry, bâtiment:building_artillery_foundry","Arsenaux et approvisionnement militaire de la régence rendent une capacité locale d’armes à feu plausible; conserver comme secteur d’État, non comme industrie de masse.",https://www.cambridge.org/core/journals/annales-histoire-sciences-sociales/article/abs/esclaves-chretiens-et-esclaves-noirs-a-tunis-au-xviiie-siecle/B6D63DDA1CDEE63BFF2CE876BB6F3657,https://www.cambridge.org/core/books/history-of-algeria/ecologies-societies-cultures-and-the-state-15161830/6C59DEAD9F70913EC060EDD1465FA6A5
TUN,Tunis,Africa,Maghreb oriental,tier_6,REPLACE_WITH_EXPLICIT_SETUP,,scientific_fortification_siegecraft,ABSENT,ADD,MEDIUM,SECTORAL,—,"bâtiment:building_barrack, bâtiment:building_naval_fortification","Ports fortifiés, garnisons et traditions de siège du Maghreb rendent ce nœud sectoriellement plausible; il sert aussi de parent aux armes réglementées sans ajouter un savoir fictif.",https://www.cambridge.org/core/journals/annales-histoire-sciences-sociales/article/abs/esclaves-chretiens-et-esclaves-noirs-a-tunis-au-xviiie-siecle/B6D63DDA1CDEE63BFF2CE876BB6F3657,https://www.cambridge.org/core/books/history-of-algeria/ecologies-societies-cultures-and-the-state-15161830/6C59DEAD9F70913EC060EDD1465FA6A5
TUN,Tunis,Africa,Maghreb oriental,tier_6,REPLACE_WITH_EXPLICIT_SETUP,,standardized_field_artillery,ABSENT,REVIEW,LOW,SECTORAL,Direct prerequisites present in proposed setup.,PM:pm_cannons,"Canons et arsenaux sont attestés, mais le degré de standardisation de l’artillerie de campagne au 1er janvier 1776 n’est pas suffisamment établi pour un ADD ferme.",https://www.cambridge.org/core/journals/annales-histoire-sciences-sociales/article/abs/esclaves-chretiens-et-esclaves-noirs-a-tunis-au-xviiie-siecle/B6D63DDA1CDEE63BFF2CE876BB6F3657,https://www.cambridge.org/core/books/history-of-algeria/ecologies-societies-cultures-and-the-state-15161830/6C59DEAD9F70913EC060EDD1465FA6A5
TUN,Tunis,Africa,Maghreb oriental,tier_6,REPLACE_WITH_EXPLICIT_SETUP,,state_dockyard_systems,ABSENT,ADD,MEDIUM,SECTORAL,—,"bâtiment:building_naval_administration, bâtiment:building_shipyard","Arsenaux, course et entretien de flottes d’État/para-étatiques justifient un système de chantier naval sectoriel, sans copier toute la technologie ottomane ou européenne.",https://www.cambridge.org/core/journals/annales-histoire-sciences-sociales/article/abs/esclaves-chretiens-et-esclaves-noirs-a-tunis-au-xviiie-siecle/B6D63DDA1CDEE63BFF2CE876BB6F3657,https://www.cambridge.org/core/books/history-of-algeria/ecologies-societies-cultures-and-the-state-15161830/6C59DEAD9F70913EC060EDD1465FA6A5
TUN,Tunis,Africa,Maghreb oriental,tier_6,REPLACE_WITH_EXPLICIT_SETUP,,systematic_administrative_statistics,ABSENT,ADD,MEDIUM,SECTORAL,—,"bâtiment:building_government_administration, décret:decree_emergency_relief, décret:decree_road_maintenance","Fiscalité, divan et administration beylicale justifient partiellement la capacité administrative du nœud, sans supposer une statistique moderne.",https://www.cambridge.org/core/journals/annales-histoire-sciences-sociales/article/abs/esclaves-chretiens-et-esclaves-noirs-a-tunis-au-xviiie-siecle/B6D63DDA1CDEE63BFF2CE876BB6F3657,https://www.cambridge.org/core/books/history-of-algeria/ecologies-societies-cultures-and-the-state-15161830/6C59DEAD9F70913EC060EDD1465FA6A5
VND,Venda,Africa,Sotho-Tswana et Haut-Veld,tier_6,KEEP_TIER,,improved_husbandry,TIER,KEEP,MEDIUM,ESTABLISHED,—,"bâtiment:building_banana_plantation, bâtiment:building_coffee_plantation, bâtiment:building_dye_plantation, bâtiment:building_livestock_ranch, bâtiment:building_maize_farm, bâtiment:building_millet_farm, bâtiment:building_opium…","Agriculture et/ou élevage sont structurants dans ce territoire en 1776; le nœud sert ici de socle agricole et pastoral, sans supposer une « révolution agricole » européenne.",https://sahistory.org.za/archive/african-farmers-southern-africa,https://sahistory.org.za/article/pre-colonial-history-southern-africa
VND,Venda,Africa,Sotho-Tswana et Haut-Veld,tier_6,KEEP_TIER,,urbanization,TIER,KEEP,MEDIUM,ABSTRACT,—,"bâtiment:building_construction_sector, bâtiment:building_urban_center","Conserver uniquement comme abstraction de bourgs, marchés, construction et concentration de population; ne pas lire ce nœud comme une urbanisation industrielle.",https://sahistory.org.za/archive/african-farmers-southern-africa,https://sahistory.org.za/article/pre-colonial-history-southern-africa
WAD,Wadai,Africa,Soudan central,tier_5,REPLACE_WITH_EXPLICIT_SETUP,,codified_practical_knowledge,TIER,KEEP,MEDIUM,ABSTRACT,"Missing direct prerequisite(s): institutionalized_scientific_exchange, periodical_print_networks. Do not auto-add; either tolerate tree abstraction or revise this child in synthesis.",nœud sans déblocage direct majeur,"Pratiques artisanales, administratives et savoirs codifiés/oraux existent, mais le nœud agrège plusieurs formes de transmission; conserver sans ajouter automatiquement ses prérequis européens.",https://82nd-and-fifth.metmuseum.org/toah/ht/09/afc.html,https://www.metmuseum.org/de/essays/kingdoms-of-the-savanna-the-luba-and-lunda-empires
WAD,Wadai,Africa,Soudan central,tier_5,REPLACE_WITH_EXPLICIT_SETUP,,improved_husbandry,TIER,KEEP,MEDIUM,ESTABLISHED,—,"bâtiment:building_banana_plantation, bâtiment:building_coffee_plantation, bâtiment:building_dye_plantation, bâtiment:building_livestock_ranch, bâtiment:building_maize_farm, bâtiment:building_millet_farm, bâtiment:building_opium…","Agriculture et/ou élevage sont structurants dans ce territoire en 1776; le nœud sert ici de socle agricole et pastoral, sans supposer une « révolution agricole » européenne.",https://82nd-and-fifth.metmuseum.org/toah/ht/09/afc.html,https://www.metmuseum.org/de/essays/kingdoms-of-the-savanna-the-luba-and-lunda-empires
WAD,Wadai,Africa,Soudan central,tier_5,REPLACE_WITH_EXPLICIT_SETUP,,organized_textile_production,TIER,KEEP,MEDIUM,ESTABLISHED,—,"PM:pm_craftsman_sewing, bâtiment:building_textile_mill",Filage/tissage et production textile organisée sont attestés dans la sous-région; le bâtiment de manufacture reste une abstraction de proto-industrie et d’artisanat spécialisé.,https://82nd-and-fifth.metmuseum.org/toah/ht/09/afc.html,https://www.metmuseum.org/de/essays/kingdoms-of-the-savanna-the-luba-and-lunda-empires
WAD,Wadai,Africa,Soudan central,tier_5,REPLACE_WITH_EXPLICIT_SETUP,,shaft_mining,TIER,REVIEW,MEDIUM,ABSTRACT,—,"bâtiment:building_coal_mine, bâtiment:building_copper_mine, bâtiment:building_iron_mine, bâtiment:building_lead_mine, bâtiment:building_limestone_quarry, bâtiment:building_salt_mine, bâtiment:building_sulfur_mine, décret:decree…","Extraction minière et métallurgie existent dans plusieurs sociétés africaines, mais le nœud déverrouille un ensemble de mines à puits; il ne faut pas confondre métallurgie du fer, orpaillage ou carrières avec ce paquet gameplay.",https://82nd-and-fifth.metmuseum.org/toah/ht/09/afc.html,https://www.metmuseum.org/de/essays/kingdoms-of-the-savanna-the-luba-and-lunda-empires
WAD,Wadai,Africa,Soudan central,tier_5,REPLACE_WITH_EXPLICIT_SETUP,,systematic_administrative_statistics,TIER,REVIEW,MEDIUM,ABSTRACT,—,"bâtiment:building_government_administration, décret:decree_emergency_relief, décret:decree_road_maintenance","Le nœud représente à la fois administration, capacité fiscale, incorporation et statistiques d’État. Fiscalité/tribut peuvent être attestés sans justifier une statistique administrative systématique.",https://82nd-and-fifth.metmuseum.org/toah/ht/09/afc.html,https://www.metmuseum.org/de/essays/kingdoms-of-the-savanna-the-luba-and-lunda-empires
WAD,Wadai,Africa,Soudan central,tier_5,REPLACE_WITH_EXPLICIT_SETUP,,urbanization,TIER,KEEP,MEDIUM,ABSTRACT,—,"bâtiment:building_construction_sector, bâtiment:building_urban_center","Conserver uniquement comme abstraction de bourgs, marchés, construction et concentration de population; ne pas lire ce nœud comme une urbanisation industrielle.",https://82nd-and-fifth.metmuseum.org/toah/ht/09/afc.html,https://www.metmuseum.org/de/essays/kingdoms-of-the-savanna-the-luba-and-lunda-empires
WBL,Griqualand,Africa,Sotho-Tswana et Haut-Veld,tier_6,REPLACE_WITH_EXPLICIT_SETUP,,improved_husbandry,TIER,KEEP,MEDIUM,ESTABLISHED,—,"bâtiment:building_banana_plantation, bâtiment:building_coffee_plantation, bâtiment:building_dye_plantation, bâtiment:building_livestock_ranch, bâtiment:building_maize_farm, bâtiment:building_millet_farm, bâtiment:building_opium…","Agriculture et/ou élevage sont structurants dans ce territoire en 1776; le nœud sert ici de socle agricole et pastoral, sans supposer une « révolution agricole » européenne.",https://sahistory.org.za/article/griqua,https://sahistory.org.za/archive/african-farmers-southern-africa
WBL,Griqualand,Africa,Sotho-Tswana et Haut-Veld,tier_6,REPLACE_WITH_EXPLICIT_SETUP,,international_relations,EXPLICIT,REVIEW,MEDIUM,ABSTRACT,—,nœud sans déblocage direct majeur,"Relations entre chefferies et réseaux commerciaux existent, mais l’entité politique portée par le TAG est postérieure ou en formation; ne pas projeter sa diplomatie ultérieure en 1776.",https://sahistory.org.za/article/griqua,https://sahistory.org.za/archive/african-farmers-southern-africa
WBL,Griqualand,Africa,Sotho-Tswana et Haut-Veld,tier_6,REPLACE_WITH_EXPLICIT_SETUP,,urbanization,TIER,REVIEW,MEDIUM,ABSTRACT,—,"bâtiment:building_construction_sector, bâtiment:building_urban_center","Nœud de compatibilité très abstrait (secteur de construction + centre urbain); il ne doit pas transformer une société pastorale, mobile ou un TAG postérieur en économie urbaine de type XIXe siècle.",https://sahistory.org.za/article/griqua,https://sahistory.org.za/archive/african-farmers-southern-africa
WLG,Welega,Africa,Corne de l’Afrique et hauts plateaux éthiopiens,tier_5,REPLACE_WITH_EXPLICIT_SETUP,,codified_practical_knowledge,TIER,KEEP,MEDIUM,ABSTRACT,"Missing direct prerequisite(s): institutionalized_scientific_exchange, periodical_print_networks. Do not auto-add; either tolerate tree abstraction or revise this child in synthesis.",nœud sans déblocage direct majeur,"Pratiques artisanales, administratives et savoirs codifiés/oraux existent, mais le nœud agrège plusieurs formes de transmission; conserver sans ajouter automatiquement ses prérequis européens.",https://82nd-and-fifth.metmuseum.org/toah/ht/09/afa.html,https://www.cambridge.org/core/books/abs/cambridge-history-of-africa/east-africa-the-expansion-of-commerce/8AE31B68FFE6ED0C29991E89FAB01006
WLG,Welega,Africa,Corne de l’Afrique et hauts plateaux éthiopiens,tier_5,REPLACE_WITH_EXPLICIT_SETUP,,improved_husbandry,TIER,KEEP,MEDIUM,ESTABLISHED,—,"bâtiment:building_banana_plantation, bâtiment:building_coffee_plantation, bâtiment:building_dye_plantation, bâtiment:building_livestock_ranch, bâtiment:building_maize_farm, bâtiment:building_millet_farm, bâtiment:building_opium…","Agriculture et/ou élevage sont structurants dans ce territoire en 1776; le nœud sert ici de socle agricole et pastoral, sans supposer une « révolution agricole » européenne.",https://82nd-and-fifth.metmuseum.org/toah/ht/09/afa.html,https://www.cambridge.org/core/books/abs/cambridge-history-of-africa/east-africa-the-expansion-of-commerce/8AE31B68FFE6ED0C29991E89FAB01006
WLG,Welega,Africa,Corne de l’Afrique et hauts plateaux éthiopiens,tier_5,REPLACE_WITH_EXPLICIT_SETUP,,organized_textile_production,TIER,KEEP,MEDIUM,ESTABLISHED,—,"PM:pm_craftsman_sewing, bâtiment:building_textile_mill",Filage/tissage et production textile organisée sont attestés dans la sous-région; le bâtiment de manufacture reste une abstraction de proto-industrie et d’artisanat spécialisé.,https://82nd-and-fifth.metmuseum.org/toah/ht/09/afa.html,https://www.cambridge.org/core/books/abs/cambridge-history-of-africa/east-africa-the-expansion-of-commerce/8AE31B68FFE6ED0C29991E89FAB01006
WLG,Welega,Africa,Corne de l’Afrique et hauts plateaux éthiopiens,tier_5,REPLACE_WITH_EXPLICIT_SETUP,,shaft_mining,TIER,REVIEW,MEDIUM,ABSTRACT,—,"bâtiment:building_coal_mine, bâtiment:building_copper_mine, bâtiment:building_iron_mine, bâtiment:building_lead_mine, bâtiment:building_limestone_quarry, bâtiment:building_salt_mine, bâtiment:building_sulfur_mine, décret:decree…","Extraction minière et métallurgie existent dans plusieurs sociétés africaines, mais le nœud déverrouille un ensemble de mines à puits; il ne faut pas confondre métallurgie du fer, orpaillage ou carrières avec ce paquet gameplay.",https://82nd-and-fifth.metmuseum.org/toah/ht/09/afa.html,https://www.cambridge.org/core/books/abs/cambridge-history-of-africa/east-africa-the-expansion-of-commerce/8AE31B68FFE6ED0C29991E89FAB01006
WLG,Welega,Africa,Corne de l’Afrique et hauts plateaux éthiopiens,tier_5,REPLACE_WITH_EXPLICIT_SETUP,,systematic_administrative_statistics,TIER,REVIEW,MEDIUM,ABSTRACT,—,"bâtiment:building_government_administration, décret:decree_emergency_relief, décret:decree_road_maintenance","Le nœud représente à la fois administration, capacité fiscale, incorporation et statistiques d’État. Fiscalité/tribut peuvent être attestés sans justifier une statistique administrative systématique.",https://82nd-and-fifth.metmuseum.org/toah/ht/09/afa.html,https://www.cambridge.org/core/books/abs/cambridge-history-of-africa/east-africa-the-expansion-of-commerce/8AE31B68FFE6ED0C29991E89FAB01006
WLG,Welega,Africa,Corne de l’Afrique et hauts plateaux éthiopiens,tier_5,REPLACE_WITH_EXPLICIT_SETUP,,urbanization,TIER,KEEP,MEDIUM,ABSTRACT,—,"bâtiment:building_construction_sector, bâtiment:building_urban_center","Conserver uniquement comme abstraction de bourgs, marchés, construction et concentration de population; ne pas lire ce nœud comme une urbanisation industrielle.",https://82nd-and-fifth.metmuseum.org/toah/ht/09/afa.html,https://www.cambridge.org/core/books/abs/cambridge-history-of-africa/east-africa-the-expansion-of-commerce/8AE31B68FFE6ED0C29991E89FAB01006
WLT,Wolaita,Africa,Corne de l’Afrique et hauts plateaux éthiopiens,tier_5,REPLACE_WITH_EXPLICIT_SETUP,,codified_practical_knowledge,TIER,KEEP,MEDIUM,ABSTRACT,"Missing direct prerequisite(s): institutionalized_scientific_exchange, periodical_print_networks. Do not auto-add; either tolerate tree abstraction or revise this child in synthesis.",nœud sans déblocage direct majeur,"Pratiques artisanales, administratives et savoirs codifiés/oraux existent, mais le nœud agrège plusieurs formes de transmission; conserver sans ajouter automatiquement ses prérequis européens.",https://82nd-and-fifth.metmuseum.org/toah/ht/09/afa.html,https://www.cambridge.org/core/books/abs/cambridge-history-of-africa/east-africa-the-expansion-of-commerce/8AE31B68FFE6ED0C29991E89FAB01006
WLT,Wolaita,Africa,Corne de l’Afrique et hauts plateaux éthiopiens,tier_5,REPLACE_WITH_EXPLICIT_SETUP,,improved_husbandry,TIER,KEEP,MEDIUM,ESTABLISHED,—,"bâtiment:building_banana_plantation, bâtiment:building_coffee_plantation, bâtiment:building_dye_plantation, bâtiment:building_livestock_ranch, bâtiment:building_maize_farm, bâtiment:building_millet_farm, bâtiment:building_opium…","Agriculture et/ou élevage sont structurants dans ce territoire en 1776; le nœud sert ici de socle agricole et pastoral, sans supposer une « révolution agricole » européenne.",https://82nd-and-fifth.metmuseum.org/toah/ht/09/afa.html,https://www.cambridge.org/core/books/abs/cambridge-history-of-africa/east-africa-the-expansion-of-commerce/8AE31B68FFE6ED0C29991E89FAB01006
WLT,Wolaita,Africa,Corne de l’Afrique et hauts plateaux éthiopiens,tier_5,REPLACE_WITH_EXPLICIT_SETUP,,organized_textile_production,TIER,KEEP,MEDIUM,ESTABLISHED,—,"PM:pm_craftsman_sewing, bâtiment:building_textile_mill",Filage/tissage et production textile organisée sont attestés dans la sous-région; le bâtiment de manufacture reste une abstraction de proto-industrie et d’artisanat spécialisé.,https://82nd-and-fifth.metmuseum.org/toah/ht/09/afa.html,https://www.cambridge.org/core/books/abs/cambridge-history-of-africa/east-africa-the-expansion-of-commerce/8AE31B68FFE6ED0C29991E89FAB01006
WLT,Wolaita,Africa,Corne de l’Afrique et hauts plateaux éthiopiens,tier_5,REPLACE_WITH_EXPLICIT_SETUP,,shaft_mining,TIER,REVIEW,MEDIUM,ABSTRACT,—,"bâtiment:building_coal_mine, bâtiment:building_copper_mine, bâtiment:building_iron_mine, bâtiment:building_lead_mine, bâtiment:building_limestone_quarry, bâtiment:building_salt_mine, bâtiment:building_sulfur_mine, décret:decree…","Extraction minière et métallurgie existent dans plusieurs sociétés africaines, mais le nœud déverrouille un ensemble de mines à puits; il ne faut pas confondre métallurgie du fer, orpaillage ou carrières avec ce paquet gameplay.",https://82nd-and-fifth.metmuseum.org/toah/ht/09/afa.html,https://www.cambridge.org/core/books/abs/cambridge-history-of-africa/east-africa-the-expansion-of-commerce/8AE31B68FFE6ED0C29991E89FAB01006
WLT,Wolaita,Africa,Corne de l’Afrique et hauts plateaux éthiopiens,tier_5,REPLACE_WITH_EXPLICIT_SETUP,,systematic_administrative_statistics,TIER,REVIEW,MEDIUM,ABSTRACT,—,"bâtiment:building_government_administration, décret:decree_emergency_relief, décret:decree_road_maintenance","Le nœud représente à la fois administration, capacité fiscale, incorporation et statistiques d’État. Fiscalité/tribut peuvent être attestés sans justifier une statistique administrative systématique.",https://82nd-and-fifth.metmuseum.org/toah/ht/09/afa.html,https://www.cambridge.org/core/books/abs/cambridge-history-of-africa/east-africa-the-expansion-of-commerce/8AE31B68FFE6ED0C29991E89FAB01006
WLT,Wolaita,Africa,Corne de l’Afrique et hauts plateaux éthiopiens,tier_5,REPLACE_WITH_EXPLICIT_SETUP,,urbanization,TIER,KEEP,MEDIUM,ABSTRACT,—,"bâtiment:building_construction_sector, bâtiment:building_urban_center","Conserver uniquement comme abstraction de bourgs, marchés, construction et concentration de population; ne pas lire ce nœud comme une urbanisation industrielle.",https://82nd-and-fifth.metmuseum.org/toah/ht/09/afa.html,https://www.cambridge.org/core/books/abs/cambridge-history-of-africa/east-africa-the-expansion-of-commerce/8AE31B68FFE6ED0C29991E89FAB01006
WSG,Warsangali,Africa,Corne de l’Afrique et hauts plateaux éthiopiens,tier_5,REPLACE_WITH_EXPLICIT_SETUP,,codified_practical_knowledge,TIER,KEEP,MEDIUM,ABSTRACT,"Missing direct prerequisite(s): institutionalized_scientific_exchange, periodical_print_networks. Do not auto-add; either tolerate tree abstraction or revise this child in synthesis.",nœud sans déblocage direct majeur,"Pratiques artisanales, administratives et savoirs codifiés/oraux existent, mais le nœud agrège plusieurs formes de transmission; conserver sans ajouter automatiquement ses prérequis européens.",https://82nd-and-fifth.metmuseum.org/toah/ht/09/afa.html,https://www.cambridge.org/core/books/abs/cambridge-history-of-africa/east-africa-the-expansion-of-commerce/8AE31B68FFE6ED0C29991E89FAB01006
WSG,Warsangali,Africa,Corne de l’Afrique et hauts plateaux éthiopiens,tier_5,REPLACE_WITH_EXPLICIT_SETUP,,improved_husbandry,TIER,KEEP,MEDIUM,ESTABLISHED,—,"bâtiment:building_banana_plantation, bâtiment:building_coffee_plantation, bâtiment:building_dye_plantation, bâtiment:building_livestock_ranch, bâtiment:building_maize_farm, bâtiment:building_millet_farm, bâtiment:building_opium…","Agriculture et/ou élevage sont structurants dans ce territoire en 1776; le nœud sert ici de socle agricole et pastoral, sans supposer une « révolution agricole » européenne.",https://82nd-and-fifth.metmuseum.org/toah/ht/09/afa.html,https://www.cambridge.org/core/books/abs/cambridge-history-of-africa/east-africa-the-expansion-of-commerce/8AE31B68FFE6ED0C29991E89FAB01006
WSG,Warsangali,Africa,Corne de l’Afrique et hauts plateaux éthiopiens,tier_5,REPLACE_WITH_EXPLICIT_SETUP,,international_relations,EXPLICIT,KEEP,MEDIUM,ESTABLISHED,—,nœud sans déblocage direct majeur,"Commerce longue distance, diplomatie, tribut et relations interétatiques/avec des négociants étrangers rendent ce nœud plausible comme capacité politique.",https://82nd-and-fifth.metmuseum.org/toah/ht/09/afa.html,https://www.cambridge.org/core/books/abs/cambridge-history-of-africa/east-africa-the-expansion-of-commerce/8AE31B68FFE6ED0C29991E89FAB01006
WSG,Warsangali,Africa,Corne de l’Afrique et hauts plateaux éthiopiens,tier_5,REPLACE_WITH_EXPLICIT_SETUP,,organized_textile_production,TIER,KEEP,MEDIUM,ESTABLISHED,—,"PM:pm_craftsman_sewing, bâtiment:building_textile_mill",Filage/tissage et production textile organisée sont attestés dans la sous-région; le bâtiment de manufacture reste une abstraction de proto-industrie et d’artisanat spécialisé.,https://82nd-and-fifth.metmuseum.org/toah/ht/09/afa.html,https://www.cambridge.org/core/books/abs/cambridge-history-of-africa/east-africa-the-expansion-of-commerce/8AE31B68FFE6ED0C29991E89FAB01006
WSG,Warsangali,Africa,Corne de l’Afrique et hauts plateaux éthiopiens,tier_5,REPLACE_WITH_EXPLICIT_SETUP,,shaft_mining,TIER,REVIEW,MEDIUM,ABSTRACT,—,"bâtiment:building_coal_mine, bâtiment:building_copper_mine, bâtiment:building_iron_mine, bâtiment:building_lead_mine, bâtiment:building_limestone_quarry, bâtiment:building_salt_mine, bâtiment:building_sulfur_mine, décret:decree…","Extraction minière et métallurgie existent dans plusieurs sociétés africaines, mais le nœud déverrouille un ensemble de mines à puits; il ne faut pas confondre métallurgie du fer, orpaillage ou carrières avec ce paquet gameplay.",https://82nd-and-fifth.metmuseum.org/toah/ht/09/afa.html,https://www.cambridge.org/core/books/abs/cambridge-history-of-africa/east-africa-the-expansion-of-commerce/8AE31B68FFE6ED0C29991E89FAB01006
WSG,Warsangali,Africa,Corne de l’Afrique et hauts plateaux éthiopiens,tier_5,REPLACE_WITH_EXPLICIT_SETUP,,systematic_administrative_statistics,TIER,REVIEW,MEDIUM,ABSTRACT,—,"bâtiment:building_government_administration, décret:decree_emergency_relief, décret:decree_road_maintenance","Le nœud représente à la fois administration, capacité fiscale, incorporation et statistiques d’État. Fiscalité/tribut peuvent être attestés sans justifier une statistique administrative systématique.",https://82nd-and-fifth.metmuseum.org/toah/ht/09/afa.html,https://www.cambridge.org/core/books/abs/cambridge-history-of-africa/east-africa-the-expansion-of-commerce/8AE31B68FFE6ED0C29991E89FAB01006
WSG,Warsangali,Africa,Corne de l’Afrique et hauts plateaux éthiopiens,tier_5,REPLACE_WITH_EXPLICIT_SETUP,,urbanization,TIER,KEEP,MEDIUM,ABSTRACT,—,"bâtiment:building_construction_sector, bâtiment:building_urban_center","Conserver uniquement comme abstraction de bourgs, marchés, construction et concentration de population; ne pas lire ce nœud comme une urbanisation industrielle.",https://82nd-and-fifth.metmuseum.org/toah/ht/09/afa.html,https://www.cambridge.org/core/books/abs/cambridge-history-of-africa/east-africa-the-expansion-of-commerce/8AE31B68FFE6ED0C29991E89FAB01006
WTU,Witu,Africa,Côte swahilie et Mozambique septentrional,tier_5,REPLACE_WITH_EXPLICIT_SETUP,,codified_practical_knowledge,TIER,KEEP,MEDIUM,ABSTRACT,"Missing direct prerequisite(s): institutionalized_scientific_exchange, periodical_print_networks. Do not auto-add; either tolerate tree abstraction or revise this child in synthesis.",nœud sans déblocage direct majeur,"Pratiques artisanales, administratives et savoirs codifiés/oraux existent, mais le nœud agrège plusieurs formes de transmission; conserver sans ajouter automatiquement ses prérequis européens.",https://82nd-and-fifth.metmuseum.org/toah/ht/09/afa.html,https://www.cambridge.org/core/books/abs/cambridge-history-of-africa/east-africa-the-expansion-of-commerce/8AE31B68FFE6ED0C29991E89FAB01006
WTU,Witu,Africa,Côte swahilie et Mozambique septentrional,tier_5,REPLACE_WITH_EXPLICIT_SETUP,,improved_husbandry,TIER,KEEP,MEDIUM,ESTABLISHED,—,"bâtiment:building_banana_plantation, bâtiment:building_coffee_plantation, bâtiment:building_dye_plantation, bâtiment:building_livestock_ranch, bâtiment:building_maize_farm, bâtiment:building_millet_farm, bâtiment:building_opium…","Agriculture et/ou élevage sont structurants dans ce territoire en 1776; le nœud sert ici de socle agricole et pastoral, sans supposer une « révolution agricole » européenne.",https://82nd-and-fifth.metmuseum.org/toah/ht/09/afa.html,https://www.cambridge.org/core/books/abs/cambridge-history-of-africa/east-africa-the-expansion-of-commerce/8AE31B68FFE6ED0C29991E89FAB01006
WTU,Witu,Africa,Côte swahilie et Mozambique septentrional,tier_5,REPLACE_WITH_EXPLICIT_SETUP,,international_relations,EXPLICIT,KEEP,MEDIUM,ESTABLISHED,—,nœud sans déblocage direct majeur,"Commerce longue distance, diplomatie, tribut et relations interétatiques/avec des négociants étrangers rendent ce nœud plausible comme capacité politique.",https://82nd-and-fifth.metmuseum.org/toah/ht/09/afa.html,https://www.cambridge.org/core/books/abs/cambridge-history-of-africa/east-africa-the-expansion-of-commerce/8AE31B68FFE6ED0C29991E89FAB01006
WTU,Witu,Africa,Côte swahilie et Mozambique septentrional,tier_5,REPLACE_WITH_EXPLICIT_SETUP,,organized_textile_production,TIER,KEEP,MEDIUM,ESTABLISHED,—,"PM:pm_craftsman_sewing, bâtiment:building_textile_mill",Filage/tissage et production textile organisée sont attestés dans la sous-région; le bâtiment de manufacture reste une abstraction de proto-industrie et d’artisanat spécialisé.,https://82nd-and-fifth.metmuseum.org/toah/ht/09/afa.html,https://www.cambridge.org/core/books/abs/cambridge-history-of-africa/east-africa-the-expansion-of-commerce/8AE31B68FFE6ED0C29991E89FAB01006
WTU,Witu,Africa,Côte swahilie et Mozambique septentrional,tier_5,REPLACE_WITH_EXPLICIT_SETUP,,shaft_mining,TIER,REVIEW,MEDIUM,ABSTRACT,—,"bâtiment:building_coal_mine, bâtiment:building_copper_mine, bâtiment:building_iron_mine, bâtiment:building_lead_mine, bâtiment:building_limestone_quarry, bâtiment:building_salt_mine, bâtiment:building_sulfur_mine, décret:decree…","Extraction minière et métallurgie existent dans plusieurs sociétés africaines, mais le nœud déverrouille un ensemble de mines à puits; il ne faut pas confondre métallurgie du fer, orpaillage ou carrières avec ce paquet gameplay.",https://82nd-and-fifth.metmuseum.org/toah/ht/09/afa.html,https://www.cambridge.org/core/books/abs/cambridge-history-of-africa/east-africa-the-expansion-of-commerce/8AE31B68FFE6ED0C29991E89FAB01006
WTU,Witu,Africa,Côte swahilie et Mozambique septentrional,tier_5,REPLACE_WITH_EXPLICIT_SETUP,,systematic_administrative_statistics,TIER,REVIEW,MEDIUM,ABSTRACT,—,"bâtiment:building_government_administration, décret:decree_emergency_relief, décret:decree_road_maintenance","Le nœud représente à la fois administration, capacité fiscale, incorporation et statistiques d’État. Fiscalité/tribut peuvent être attestés sans justifier une statistique administrative systématique.",https://82nd-and-fifth.metmuseum.org/toah/ht/09/afa.html,https://www.cambridge.org/core/books/abs/cambridge-history-of-africa/east-africa-the-expansion-of-commerce/8AE31B68FFE6ED0C29991E89FAB01006
WTU,Witu,Africa,Côte swahilie et Mozambique septentrional,tier_5,REPLACE_WITH_EXPLICIT_SETUP,,urbanization,TIER,KEEP,MEDIUM,ABSTRACT,—,"bâtiment:building_construction_sector, bâtiment:building_urban_center","Conserver uniquement comme abstraction de bourgs, marchés, construction et concentration de population; ne pas lire ce nœud comme une urbanisation industrielle.",https://82nd-and-fifth.metmuseum.org/toah/ht/09/afa.html,https://www.cambridge.org/core/books/abs/cambridge-history-of-africa/east-africa-the-expansion-of-commerce/8AE31B68FFE6ED0C29991E89FAB01006
XHO,Xhosa,Africa,Nguni et côte sud-est,tier_6,KEEP_TIER,,improved_husbandry,TIER,KEEP,MEDIUM,ESTABLISHED,—,"bâtiment:building_banana_plantation, bâtiment:building_coffee_plantation, bâtiment:building_dye_plantation, bâtiment:building_livestock_ranch, bâtiment:building_maize_farm, bâtiment:building_millet_farm, bâtiment:building_opium…","Agriculture et/ou élevage sont structurants dans ce territoire en 1776; le nœud sert ici de socle agricole et pastoral, sans supposer une « révolution agricole » européenne.",https://sahistory.org.za/archive/african-farmers-southern-africa,https://sahistory.org.za/article/pre-colonial-history-southern-africa
XHO,Xhosa,Africa,Nguni et côte sud-est,tier_6,KEEP_TIER,,urbanization,TIER,KEEP,MEDIUM,ABSTRACT,—,"bâtiment:building_construction_sector, bâtiment:building_urban_center","Conserver uniquement comme abstraction de bourgs, marchés, construction et concentration de population; ne pas lire ce nœud comme une urbanisation industrielle.",https://sahistory.org.za/archive/african-farmers-southern-africa,https://sahistory.org.za/article/pre-colonial-history-southern-africa
YKA,Yaka,Africa,Bassin du Congo et savanes centrales,tier_6,KEEP_TIER,,improved_husbandry,TIER,KEEP,MEDIUM,ESTABLISHED,—,"bâtiment:building_banana_plantation, bâtiment:building_coffee_plantation, bâtiment:building_dye_plantation, bâtiment:building_livestock_ranch, bâtiment:building_maize_farm, bâtiment:building_millet_farm, bâtiment:building_opium…","Agriculture et/ou élevage sont structurants dans ce territoire en 1776; le nœud sert ici de socle agricole et pastoral, sans supposer une « révolution agricole » européenne.",https://82nd-and-fifth.metmuseum.org/toah/ht/09/afc.html,https://www.metmuseum.org/de/essays/kingdoms-of-the-savanna-the-luba-and-lunda-empires
YKA,Yaka,Africa,Bassin du Congo et savanes centrales,tier_6,KEEP_TIER,,urbanization,TIER,KEEP,MEDIUM,ABSTRACT,—,"bâtiment:building_construction_sector, bâtiment:building_urban_center","Conserver uniquement comme abstraction de bourgs, marchés, construction et concentration de population; ne pas lire ce nœud comme une urbanisation industrielle.",https://82nd-and-fifth.metmuseum.org/toah/ht/09/afc.html,https://www.metmuseum.org/de/essays/kingdoms-of-the-savanna-the-luba-and-lunda-empires
ZND,Azande,Africa,Cameroun et bassin nord-congolais,tier_7,REPLACE_WITH_EXPLICIT_SETUP,,improved_husbandry,ABSENT,ADD,MEDIUM,ESTABLISHED,—,"bâtiment:building_banana_plantation, bâtiment:building_coffee_plantation, bâtiment:building_dye_plantation, bâtiment:building_livestock_ranch, bâtiment:building_maize_farm, bâtiment:building_millet_farm, bâtiment:building_opium…",Le tier 7 vide efface une capacité agricole et/ou pastorale locale attestée à l’échelle de la sous-région; ADD restaure un socle de production sans attribuer une industrialisation européenne.,https://82nd-and-fifth.metmuseum.org/toah/ht/09/afc.html,https://www.metmuseum.org/de/essays/kingdoms-of-the-savanna-the-luba-and-lunda-empires
ZUL,Zulu,Africa,Nguni et côte sud-est,tier_6,REPLACE_WITH_EXPLICIT_SETUP,,improved_husbandry,TIER,KEEP,MEDIUM,ESTABLISHED,—,"bâtiment:building_banana_plantation, bâtiment:building_coffee_plantation, bâtiment:building_dye_plantation, bâtiment:building_livestock_ranch, bâtiment:building_maize_farm, bâtiment:building_millet_farm, bâtiment:building_opium…","Agriculture et/ou élevage sont structurants dans ce territoire en 1776; le nœud sert ici de socle agricole et pastoral, sans supposer une « révolution agricole » européenne.",https://sahistory.org.za/article/zulu,https://sahistory.org.za/article/pre-colonial-history-southern-africa
ZUL,Zulu,Africa,Nguni et côte sud-est,tier_6,REPLACE_WITH_EXPLICIT_SETUP,,international_relations,EXPLICIT,REVIEW,MEDIUM,ABSTRACT,—,nœud sans déblocage direct majeur,"Relations entre chefferies et réseaux commerciaux existent, mais l’entité politique portée par le TAG est postérieure ou en formation; ne pas projeter sa diplomatie ultérieure en 1776.",https://sahistory.org.za/article/zulu,https://sahistory.org.za/article/pre-colonial-history-southern-africa
ZUL,Zulu,Africa,Nguni et côte sud-est,tier_6,REPLACE_WITH_EXPLICIT_SETUP,,urbanization,TIER,REVIEW,MEDIUM,ABSTRACT,—,"bâtiment:building_construction_sector, bâtiment:building_urban_center","Nœud de compatibilité très abstrait (secteur de construction + centre urbain); il ne doit pas transformer une société pastorale, mobile ou un TAG postérieur en économie urbaine de type XIXe siècle.",https://sahistory.org.za/article/zulu,https://sahistory.org.za/article/pre-colonial-history-southern-africa
ZWY,Zuwayya,Africa,Sahara maghrébin,tier_6,REVIEW_TIER,,improved_husbandry,TIER,KEEP,MEDIUM,ESTABLISHED,—,"bâtiment:building_banana_plantation, bâtiment:building_coffee_plantation, bâtiment:building_dye_plantation, bâtiment:building_livestock_ranch, bâtiment:building_maize_farm, bâtiment:building_millet_farm, bâtiment:building_opium…","Agriculture et/ou élevage sont structurants dans ce territoire en 1776; le nœud sert ici de socle agricole et pastoral, sans supposer une « révolution agricole » européenne.",https://www.cambridge.org/core/books/history-of-algeria/ecologies-societies-cultures-and-the-state-15161830/6C59DEAD9F70913EC060EDD1465FA6A5,https://www.cambridge.org/core/books/abs/cambridge-history-of-islam/north-africa-in-the-sixteenth-and-seventeenth-centuries/4B2F63A65160CF588F520BEE5F57AC87
ZWY,Zuwayya,Africa,Sahara maghrébin,tier_6,REVIEW_TIER,,urbanization,TIER,REVIEW,MEDIUM,ABSTRACT,—,"bâtiment:building_construction_sector, bâtiment:building_urban_center","Nœud de compatibilité très abstrait (secteur de construction + centre urbain); il ne doit pas transformer une société pastorale, mobile ou un TAG postérieur en économie urbaine de type XIXe siècle.",https://www.cambridge.org/core/books/history-of-algeria/ecologies-societies-cultures-and-the-state-15161830/6C59DEAD9F70913EC060EDD1465FA6A5,https://www.cambridge.org/core/books/abs/cambridge-history-of-islam/north-africa-in-the-sixteenth-and-seventeenth-centuries/4B2F63A65160CF588F520BEE5F57AC87
