TAG,Country,Region,Subregion,Current_Tier,Tier_Action,Recommended_Tier,Technology_ID,Current_Status,Decision,Confidence,Historical_Status,Prerequisite_Note,Gameplay_Note,Reason,Source_1,Source_2
MICC,Michigan Tribal Confederation,Amériques et Caraïbes,Atlantic Coast,tier_4,REPLACE_WITH_EXPLICIT_SETUP,,codified_practical_knowledge,TIER,REMOVE,MEDIUM,ABSENT,"Prérequis non résolus sans importance pratique car le nœud est recommandé REMOVE: institutionalized_scientific_exchange, periodical_print_networks.",—,"Le nœud implique une industrie, artillerie, mine ou bureaucratie de type colonial/étatique non démontrée localement en 1776.",https://www.nps.gov/articles/erosion-of-the-middle-ground.htm,https://www.loc.gov/collections/continental-congress-and-constitutional-convention-from-1774-to-1789/articles-and-essays/timeline/1775/
MICC,Michigan Tribal Confederation,Amériques et Caraïbes,Atlantic Coast,tier_4,REPLACE_WITH_EXPLICIT_SETUP,,distillation,TIER,REMOVE,MEDIUM,ABSENT,—,"PM:pm_pot_stills, PM:pm_spiced_food_preparations","Le nœud implique une industrie, artillerie, mine ou bureaucratie de type colonial/étatique non démontrée localement en 1776.",https://www.nps.gov/articles/erosion-of-the-middle-ground.htm,https://www.loc.gov/collections/continental-congress-and-constitutional-convention-from-1774-to-1789/articles-and-essays/timeline/1775/
MICC,Michigan Tribal Confederation,Amériques et Caraïbes,Atlantic Coast,tier_4,REPLACE_WITH_EXPLICIT_SETUP,,improved_husbandry,TIER,KEEP,MEDIUM,SECTORAL,—,"bâtiment:building_banana_plantation, bâtiment:building_coffee_plantation, bâtiment:building_dye_plantation, bâtiment:building_livestock_ranch, bâtiment:building_maize_farm, bâtiment:building_millet_farm, bât…","Agriculture/horticulture ou gestion animale locale possible, mais le paquet de PM agricoles du jeu n'est pas un équivalent exact.",https://www.nps.gov/articles/erosion-of-the-middle-ground.htm,https://www.loc.gov/collections/continental-congress-and-constitutional-convention-from-1774-to-1789/articles-and-essays/timeline/1775/
MICC,Michigan Tribal Confederation,Amériques et Caraïbes,Atlantic Coast,tier_4,REPLACE_WITH_EXPLICIT_SETUP,,international_relations,TIER,KEEP,MEDIUM,ABSTRACT,—,—,"Diplomatie, commerce et relations inter-polités sont établis; le nœud est une abstraction institutionnelle.",https://www.nps.gov/articles/erosion-of-the-middle-ground.htm,https://www.loc.gov/collections/continental-congress-and-constitutional-convention-from-1774-to-1789/articles-and-essays/timeline/1775/
MICC,Michigan Tribal Confederation,Amériques et Caraïbes,Atlantic Coast,tier_4,REPLACE_WITH_EXPLICIT_SETUP,,light_infantry_tactics,TIER,KEEP,MEDIUM,ABSTRACT,Prérequis directs manquants après recommandation: regulated_small_arms. Ne pas les auto-ajouter; traiter l’incohérence dans l’arbre ou revoir le nœud.,—,"Tactiques de guerre mobile et connaissance du terrain sont réelles; conservation comme abstraction militaire, sans supposer une armée européenne standardisée.",https://www.nps.gov/articles/erosion-of-the-middle-ground.htm,https://www.loc.gov/collections/continental-congress-and-constitutional-convention-from-1774-to-1789/articles-and-essays/timeline/1775/
MICC,Michigan Tribal Confederation,Amériques et Caraïbes,Atlantic Coast,tier_4,REPLACE_WITH_EXPLICIT_SETUP,,organized_textile_production,TIER,REVIEW,MEDIUM,ABSTRACT,—,"PM:pm_craftsman_sewing, bâtiment:building_textile_mill","Production textile/artisanale locale possible, mais le nœud débloque une filière de type manufacture qui peut surreprésenter la réalité.",https://www.nps.gov/articles/erosion-of-the-middle-ground.htm,https://www.loc.gov/collections/continental-congress-and-constitutional-convention-from-1774-to-1789/articles-and-essays/timeline/1775/
MICC,Michigan Tribal Confederation,Amériques et Caraïbes,Atlantic Coast,tier_4,REPLACE_WITH_EXPLICIT_SETUP,,regulated_small_arms,TIER,REMOVE,MEDIUM,ABSENT,Prérequis non résolus sans importance pratique car le nœud est recommandé REMOVE: scientific_fortification_siegecraft.,"bâtiment:building_arms_industry, bâtiment:building_artillery_foundry","Le nœud implique une industrie, artillerie, mine ou bureaucratie de type colonial/étatique non démontrée localement en 1776.",https://www.nps.gov/articles/erosion-of-the-middle-ground.htm,https://www.loc.gov/collections/continental-congress-and-constitutional-convention-from-1774-to-1789/articles-and-essays/timeline/1775/
MICC,Michigan Tribal Confederation,Amériques et Caraïbes,Atlantic Coast,tier_4,REPLACE_WITH_EXPLICIT_SETUP,,shaft_mining,TIER,REMOVE,MEDIUM,ABSENT,—,"bâtiment:building_coal_mine, bâtiment:building_copper_mine, bâtiment:building_iron_mine, bâtiment:building_lead_mine, bâtiment:building_limestone_quarry, bâtiment:building_salt_mine, bâtiment:building_sulfur…","Le nœud implique une industrie, artillerie, mine ou bureaucratie de type colonial/étatique non démontrée localement en 1776.",https://www.nps.gov/articles/erosion-of-the-middle-ground.htm,https://www.loc.gov/collections/continental-congress-and-constitutional-convention-from-1774-to-1789/articles-and-essays/timeline/1775/
MICC,Michigan Tribal Confederation,Amériques et Caraïbes,Atlantic Coast,tier_4,REPLACE_WITH_EXPLICIT_SETUP,,standardized_field_artillery,TIER,REMOVE,MEDIUM,ABSENT,Prérequis non résolus sans importance pratique car le nœud est recommandé REMOVE: regulated_small_arms.,PM:pm_cannons,"Le nœud implique une industrie, artillerie, mine ou bureaucratie de type colonial/étatique non démontrée localement en 1776.",https://www.nps.gov/articles/erosion-of-the-middle-ground.htm,https://www.loc.gov/collections/continental-congress-and-constitutional-convention-from-1774-to-1789/articles-and-essays/timeline/1775/
MICC,Michigan Tribal Confederation,Amériques et Caraïbes,Atlantic Coast,tier_4,REPLACE_WITH_EXPLICIT_SETUP,,systematic_administrative_statistics,TIER,REMOVE,MEDIUM,ABSENT,—,"bâtiment:building_government_administration, décret:decree_emergency_relief, décret:decree_road_maintenance","Le nœud implique une industrie, artillerie, mine ou bureaucratie de type colonial/étatique non démontrée localement en 1776.",https://www.nps.gov/articles/erosion-of-the-middle-ground.htm,https://www.loc.gov/collections/continental-congress-and-constitutional-convention-from-1774-to-1789/articles-and-essays/timeline/1775/
MICC,Michigan Tribal Confederation,Amériques et Caraïbes,Atlantic Coast,tier_4,REPLACE_WITH_EXPLICIT_SETUP,,urbanization,TIER,KEEP,HIGH,ABSTRACT,—,"bâtiment:building_construction_sector, bâtiment:building_urban_center",Nœud de compatibilité du mod ouvrant construction/centre urbain; conservé comme abstraction technique et non comme mesure d'urbanisation réelle.,https://www.nps.gov/articles/erosion-of-the-middle-ground.htm,https://www.loc.gov/collections/continental-congress-and-constitutional-convention-from-1774-to-1789/articles-and-essays/timeline/1775/
NBS,New Brunswick,Amériques et Caraïbes,Atlantic Coast,tier_4,REPLACE_WITH_EXPLICIT_SETUP,,colonization,EXPLICIT,KEEP,MEDIUM,ABSTRACT,Prérequis directs couverts par les recommandations fermes.,"bâtiment:building_suez_canal, loi:law_colonial_exploitation, loi:law_colonial_resettlement, loi:law_extraction_economy, loi:law_frontier_colonization","Conservé comme abstraction d'un appareil colonial/frontière effectivement actif sur le territoire, sans lui attribuer toutes les capacités de la métropole.",https://www.parks.canada.ca/lhn-nhs/ns/halifax/culture/histoire-history/citadelles-4-citadels,https://library-biblio.parl.ca/sites/PublicWebsite/default/en_CA/About/Spotlight/RareBooks/Archives/LaGazettedeQu%C3%A9bec-
NBS,New Brunswick,Amériques et Caraïbes,Atlantic Coast,tier_4,REPLACE_WITH_EXPLICIT_SETUP,,institutionalized_scientific_exchange,EXPLICIT,REMOVE,MEDIUM,ABSENT,—,loi:law_freedom_of_conscience,Aucun réseau scientifique local institutionnalisé comparable n'est démontré au cutoff; ne pas importer l'institution de la métropole ou d'une période ultérieure.,https://www.parks.canada.ca/lhn-nhs/ns/halifax/culture/histoire-history/citadelles-4-citadels,https://library-biblio.parl.ca/sites/PublicWebsite/default/en_CA/About/Spotlight/RareBooks/Archives/LaGazettedeQu%C3%A9bec-
NBS,New Brunswick,Amériques et Caraïbes,Atlantic Coast,tier_4,REPLACE_WITH_EXPLICIT_SETUP,,codified_practical_knowledge,TIER,REMOVE,MEDIUM,ABSENT,"Prérequis non résolus sans importance pratique car le nœud est recommandé REMOVE: institutionalized_scientific_exchange, periodical_print_networks.",—,La combinaison institutionnelle et éditoriale représentée par le nœud n'est pas démontrée localement.,https://www.parks.canada.ca/lhn-nhs/ns/halifax/culture/histoire-history/citadelles-4-citadels,https://library-biblio.parl.ca/sites/PublicWebsite/default/en_CA/About/Spotlight/RareBooks/Archives/LaGazettedeQu%C3%A9bec-
NBS,New Brunswick,Amériques et Caraïbes,Atlantic Coast,tier_4,REPLACE_WITH_EXPLICIT_SETUP,,distillation,TIER,KEEP,MEDIUM,ESTABLISHED,—,"PM:pm_pot_stills, PM:pm_spiced_food_preparations",Distillation artisanale/agroalimentaire établie ou très plausible dans l'économie locale; le nœud ne suppose pas une industrialisation lourde.,https://www.parks.canada.ca/lhn-nhs/ns/halifax/culture/histoire-history/citadelles-4-citadels,https://library-biblio.parl.ca/sites/PublicWebsite/default/en_CA/About/Spotlight/RareBooks/Archives/LaGazettedeQu%C3%A9bec-
NBS,New Brunswick,Amériques et Caraïbes,Atlantic Coast,tier_4,REPLACE_WITH_EXPLICIT_SETUP,,improved_husbandry,TIER,KEEP,MEDIUM,ESTABLISHED,—,"bâtiment:building_banana_plantation, bâtiment:building_coffee_plantation, bâtiment:building_dye_plantation, bâtiment:building_livestock_ranch, bâtiment:building_maize_farm, bâtiment:building_millet_farm, bât…",Agriculture/élevage structurés et améliorations pratiques sont établis; le nœud est compatible avec une économie agricole non industrielle.,https://www.parks.canada.ca/lhn-nhs/ns/halifax/culture/histoire-history/citadelles-4-citadels,https://library-biblio.parl.ca/sites/PublicWebsite/default/en_CA/About/Spotlight/RareBooks/Archives/LaGazettedeQu%C3%A9bec-
NBS,New Brunswick,Amériques et Caraïbes,Atlantic Coast,tier_4,REPLACE_WITH_EXPLICIT_SETUP,,international_relations,TIER,KEEP,MEDIUM,ABSTRACT,—,—,"Le nœud est interprété comme capacité de relations diplomatiques/commerciales, y compris dans un cadre colonial ou inter-polités, non comme ministère des affaires étrangères souverain.",https://www.parks.canada.ca/lhn-nhs/ns/halifax/culture/histoire-history/citadelles-4-citadels,https://library-biblio.parl.ca/sites/PublicWebsite/default/en_CA/About/Spotlight/RareBooks/Archives/LaGazettedeQu%C3%A9bec-
NBS,New Brunswick,Amériques et Caraïbes,Atlantic Coast,tier_4,REPLACE_WITH_EXPLICIT_SETUP,,light_infantry_tactics,TIER,REVIEW,LOW,ABSTRACT,"Si le nœud est retenu après REVIEW, prérequis directs non établis: regulated_small_arms. Ne pas les auto-ajouter; arbitrer abstraction de l’arbre vs retrait.",—,"Le nœud peut représenter des tactiques locales, mais les preuves sont insuffisantes pour une équivalence nationale nette.",https://www.parks.canada.ca/lhn-nhs/ns/halifax/culture/histoire-history/citadelles-4-citadels,https://library-biblio.parl.ca/sites/PublicWebsite/default/en_CA/About/Spotlight/RareBooks/Archives/LaGazettedeQu%C3%A9bec-
NBS,New Brunswick,Amériques et Caraïbes,Atlantic Coast,tier_4,REPLACE_WITH_EXPLICIT_SETUP,,organized_textile_production,TIER,REVIEW,MEDIUM,SECTORAL,—,"PM:pm_craftsman_sewing, bâtiment:building_textile_mill","Des textiles domestiques/artisanaux existent, mais le bâtiment de manufacture textile du nœud peut surreprésenter la concentration productive locale.",https://www.parks.canada.ca/lhn-nhs/ns/halifax/culture/histoire-history/citadelles-4-citadels,https://library-biblio.parl.ca/sites/PublicWebsite/default/en_CA/About/Spotlight/RareBooks/Archives/LaGazettedeQu%C3%A9bec-
NBS,New Brunswick,Amériques et Caraïbes,Atlantic Coast,tier_4,REPLACE_WITH_EXPLICIT_SETUP,,regulated_small_arms,TIER,REMOVE,MEDIUM,ABSENT,Prérequis non résolus sans importance pratique car le nœud est recommandé REMOVE: scientific_fortification_siegecraft.,"bâtiment:building_arms_industry, bâtiment:building_artillery_foundry",La présence d'armes importées ne suffit pas à justifier l'industrie locale débloquée par le nœud.,https://www.parks.canada.ca/lhn-nhs/ns/halifax/culture/histoire-history/citadelles-4-citadels,https://library-biblio.parl.ca/sites/PublicWebsite/default/en_CA/About/Spotlight/RareBooks/Archives/LaGazettedeQu%C3%A9bec-
NBS,New Brunswick,Amériques et Caraïbes,Atlantic Coast,tier_4,REPLACE_WITH_EXPLICIT_SETUP,,shaft_mining,TIER,REMOVE,MEDIUM,ABSENT,—,"bâtiment:building_coal_mine, bâtiment:building_copper_mine, bâtiment:building_iron_mine, bâtiment:building_lead_mine, bâtiment:building_limestone_quarry, bâtiment:building_salt_mine, bâtiment:building_sulfur…",Aucun secteur minier local ne justifie le large déblocage de mines du nœud au niveau du TAG.,https://www.parks.canada.ca/lhn-nhs/ns/halifax/culture/histoire-history/citadelles-4-citadels,https://library-biblio.parl.ca/sites/PublicWebsite/default/en_CA/About/Spotlight/RareBooks/Archives/LaGazettedeQu%C3%A9bec-
NBS,New Brunswick,Amériques et Caraïbes,Atlantic Coast,tier_4,REPLACE_WITH_EXPLICIT_SETUP,,standardized_field_artillery,TIER,REMOVE,MEDIUM,ABSENT,Prérequis non résolus sans importance pratique car le nœud est recommandé REMOVE: regulated_small_arms.,PM:pm_cannons,Aucune capacité locale d'artillerie standardisée suffisamment démontrée pour ce TAG.,https://www.parks.canada.ca/lhn-nhs/ns/halifax/culture/histoire-history/citadelles-4-citadels,https://library-biblio.parl.ca/sites/PublicWebsite/default/en_CA/About/Spotlight/RareBooks/Archives/LaGazettedeQu%C3%A9bec-
NBS,New Brunswick,Amériques et Caraïbes,Atlantic Coast,tier_4,REPLACE_WITH_EXPLICIT_SETUP,,systematic_administrative_statistics,TIER,REVIEW,MEDIUM,ABSTRACT,—,"bâtiment:building_government_administration, décret:decree_emergency_relief, décret:decree_road_maintenance",Registres et administration existent mais leur systématicité/échelle au niveau du TAG est incertaine au cutoff.,https://www.parks.canada.ca/lhn-nhs/ns/halifax/culture/histoire-history/citadelles-4-citadels,https://library-biblio.parl.ca/sites/PublicWebsite/default/en_CA/About/Spotlight/RareBooks/Archives/LaGazettedeQu%C3%A9bec-
NBS,New Brunswick,Amériques et Caraïbes,Atlantic Coast,tier_4,REPLACE_WITH_EXPLICIT_SETUP,,urbanization,TIER,KEEP,HIGH,ABSTRACT,—,"bâtiment:building_construction_sector, bâtiment:building_urban_center",Nœud de compatibilité du mod ouvrant construction/centre urbain; conservé comme abstraction technique et non comme mesure d'urbanisation réelle.,https://www.parks.canada.ca/lhn-nhs/ns/halifax/culture/histoire-history/citadelles-4-citadels,https://library-biblio.parl.ca/sites/PublicWebsite/default/en_CA/About/Spotlight/RareBooks/Archives/LaGazettedeQu%C3%A9bec-
NVS,Nova Scotia,Amériques et Caraïbes,Atlantic Coast,tier_4,REPLACE_WITH_EXPLICIT_SETUP,,colonization,EXPLICIT,KEEP,MEDIUM,ABSTRACT,Prérequis directs couverts par les recommandations fermes.,"bâtiment:building_suez_canal, loi:law_colonial_exploitation, loi:law_colonial_resettlement, loi:law_extraction_economy, loi:law_frontier_colonization","Conservé comme abstraction d'un appareil colonial/frontière effectivement actif sur le territoire, sans lui attribuer toutes les capacités de la métropole.",https://www.parks.canada.ca/lhn-nhs/ns/halifax/culture/histoire-history/citadelles-4-citadels,https://library-biblio.parl.ca/sites/PublicWebsite/default/en_CA/About/Spotlight/RareBooks/Archives/LaGazettedeQu%C3%A9bec-
NVS,Nova Scotia,Amériques et Caraïbes,Atlantic Coast,tier_4,REPLACE_WITH_EXPLICIT_SETUP,,institutionalized_scientific_exchange,EXPLICIT,REVIEW,LOW,ABSTRACT,—,loi:law_freedom_of_conscience,"Circulation savante possible, mais preuves locales insuffisantes pour conclure à une institution durable.",https://www.parks.canada.ca/lhn-nhs/ns/halifax/culture/histoire-history/citadelles-4-citadels,https://library-biblio.parl.ca/sites/PublicWebsite/default/en_CA/About/Spotlight/RareBooks/Archives/LaGazettedeQu%C3%A9bec-
NVS,Nova Scotia,Amériques et Caraïbes,Atlantic Coast,tier_4,REPLACE_WITH_EXPLICIT_SETUP,,codified_practical_knowledge,TIER,REMOVE,MEDIUM,ABSENT,"Prérequis non résolus sans importance pratique car le nœud est recommandé REMOVE: institutionalized_scientific_exchange, periodical_print_networks.",—,La combinaison institutionnelle et éditoriale représentée par le nœud n'est pas démontrée localement.,https://www.parks.canada.ca/lhn-nhs/ns/halifax/culture/histoire-history/citadelles-4-citadels,https://library-biblio.parl.ca/sites/PublicWebsite/default/en_CA/About/Spotlight/RareBooks/Archives/LaGazettedeQu%C3%A9bec-
NVS,Nova Scotia,Amériques et Caraïbes,Atlantic Coast,tier_4,REPLACE_WITH_EXPLICIT_SETUP,,distillation,TIER,KEEP,MEDIUM,ESTABLISHED,—,"PM:pm_pot_stills, PM:pm_spiced_food_preparations",Distillation artisanale/agroalimentaire établie ou très plausible dans l'économie locale; le nœud ne suppose pas une industrialisation lourde.,https://www.parks.canada.ca/lhn-nhs/ns/halifax/culture/histoire-history/citadelles-4-citadels,https://library-biblio.parl.ca/sites/PublicWebsite/default/en_CA/About/Spotlight/RareBooks/Archives/LaGazettedeQu%C3%A9bec-
NVS,Nova Scotia,Amériques et Caraïbes,Atlantic Coast,tier_4,REPLACE_WITH_EXPLICIT_SETUP,,improved_husbandry,TIER,KEEP,MEDIUM,ESTABLISHED,—,"bâtiment:building_banana_plantation, bâtiment:building_coffee_plantation, bâtiment:building_dye_plantation, bâtiment:building_livestock_ranch, bâtiment:building_maize_farm, bâtiment:building_millet_farm, bât…",Agriculture/élevage structurés et améliorations pratiques sont établis; le nœud est compatible avec une économie agricole non industrielle.,https://www.parks.canada.ca/lhn-nhs/ns/halifax/culture/histoire-history/citadelles-4-citadels,https://library-biblio.parl.ca/sites/PublicWebsite/default/en_CA/About/Spotlight/RareBooks/Archives/LaGazettedeQu%C3%A9bec-
NVS,Nova Scotia,Amériques et Caraïbes,Atlantic Coast,tier_4,REPLACE_WITH_EXPLICIT_SETUP,,international_relations,TIER,KEEP,MEDIUM,ABSTRACT,—,—,"Le nœud est interprété comme capacité de relations diplomatiques/commerciales, y compris dans un cadre colonial ou inter-polités, non comme ministère des affaires étrangères souverain.",https://www.parks.canada.ca/lhn-nhs/ns/halifax/culture/histoire-history/citadelles-4-citadels,https://library-biblio.parl.ca/sites/PublicWebsite/default/en_CA/About/Spotlight/RareBooks/Archives/LaGazettedeQu%C3%A9bec-
NVS,Nova Scotia,Amériques et Caraïbes,Atlantic Coast,tier_4,REPLACE_WITH_EXPLICIT_SETUP,,light_infantry_tactics,TIER,KEEP,MEDIUM,ESTABLISHED,Prérequis directs manquants après recommandation: regulated_small_arms. Ne pas les auto-ajouter; traiter l’incohérence dans l’arbre ou revoir le nœud.,—,"Tactiques d'infanterie légère, de frontière ou de milice sont plausibles/établies dans l'environnement militaire local de 1776.",https://www.parks.canada.ca/lhn-nhs/ns/halifax/culture/histoire-history/citadelles-4-citadels,https://library-biblio.parl.ca/sites/PublicWebsite/default/en_CA/About/Spotlight/RareBooks/Archives/LaGazettedeQu%C3%A9bec-
NVS,Nova Scotia,Amériques et Caraïbes,Atlantic Coast,tier_4,REPLACE_WITH_EXPLICIT_SETUP,,organized_textile_production,TIER,REVIEW,MEDIUM,SECTORAL,—,"PM:pm_craftsman_sewing, bâtiment:building_textile_mill","Des textiles domestiques/artisanaux existent, mais le bâtiment de manufacture textile du nœud peut surreprésenter la concentration productive locale.",https://www.parks.canada.ca/lhn-nhs/ns/halifax/culture/histoire-history/citadelles-4-citadels,https://library-biblio.parl.ca/sites/PublicWebsite/default/en_CA/About/Spotlight/RareBooks/Archives/LaGazettedeQu%C3%A9bec-
NVS,Nova Scotia,Amériques et Caraïbes,Atlantic Coast,tier_4,REPLACE_WITH_EXPLICIT_SETUP,,regulated_small_arms,TIER,REVIEW,MEDIUM,FRONTIER,Prérequis directs couverts par les recommandations fermes.,"bâtiment:building_arms_industry, bâtiment:building_artillery_foundry","Armes à feu et ateliers/arsenaux sont présents, mais le nœud débloque une industrie d'armes et d'artillerie structurée; la capacité locale à cette échelle doit rester sectorielle.",https://www.parks.canada.ca/lhn-nhs/ns/halifax/culture/histoire-history/citadelles-4-citadels,https://library-biblio.parl.ca/sites/PublicWebsite/default/en_CA/About/Spotlight/RareBooks/Archives/LaGazettedeQu%C3%A9bec-
NVS,Nova Scotia,Amériques et Caraïbes,Atlantic Coast,tier_4,REPLACE_WITH_EXPLICIT_SETUP,,shaft_mining,TIER,REMOVE,MEDIUM,ABSENT,—,"bâtiment:building_coal_mine, bâtiment:building_copper_mine, bâtiment:building_iron_mine, bâtiment:building_lead_mine, bâtiment:building_limestone_quarry, bâtiment:building_salt_mine, bâtiment:building_sulfur…",Aucun secteur minier local ne justifie le large déblocage de mines du nœud au niveau du TAG.,https://www.parks.canada.ca/lhn-nhs/ns/halifax/culture/histoire-history/citadelles-4-citadels,https://library-biblio.parl.ca/sites/PublicWebsite/default/en_CA/About/Spotlight/RareBooks/Archives/LaGazettedeQu%C3%A9bec-
NVS,Nova Scotia,Amériques et Caraïbes,Atlantic Coast,tier_4,REPLACE_WITH_EXPLICIT_SETUP,,standardized_field_artillery,TIER,KEEP,MEDIUM,SECTORAL,Prérequis directs manquants après recommandation: regulated_small_arms. Ne pas les auto-ajouter; traiter l’incohérence dans l’arbre ou revoir le nœud.,PM:pm_cannons,"Artillerie de garnison/forteresse et organisation militaire impériale sont localement établies; conservation comme capacité sectorielle, non comme production autonome.",https://www.parks.canada.ca/lhn-nhs/ns/halifax/culture/histoire-history/citadelles-4-citadels,https://library-biblio.parl.ca/sites/PublicWebsite/default/en_CA/About/Spotlight/RareBooks/Archives/LaGazettedeQu%C3%A9bec-
NVS,Nova Scotia,Amériques et Caraïbes,Atlantic Coast,tier_4,REPLACE_WITH_EXPLICIT_SETUP,,systematic_administrative_statistics,TIER,KEEP,MEDIUM,SECTORAL,—,"bâtiment:building_government_administration, décret:decree_emergency_relief, décret:decree_road_maintenance","Administration fiscale/coloniale structurée et tenue de registres établies; le nœud est retenu comme abstraction de cette capacité, sans supposer statistiques modernes.",https://www.parks.canada.ca/lhn-nhs/ns/halifax/culture/histoire-history/citadelles-4-citadels,https://library-biblio.parl.ca/sites/PublicWebsite/default/en_CA/About/Spotlight/RareBooks/Archives/LaGazettedeQu%C3%A9bec-
NVS,Nova Scotia,Amériques et Caraïbes,Atlantic Coast,tier_4,REPLACE_WITH_EXPLICIT_SETUP,,urbanization,TIER,KEEP,HIGH,ABSTRACT,—,"bâtiment:building_construction_sector, bâtiment:building_urban_center",Nœud de compatibilité du mod ouvrant construction/centre urbain; conservé comme abstraction technique et non comme mesure d'urbanisation réelle.,https://www.parks.canada.ca/lhn-nhs/ns/halifax/culture/histoire-history/citadelles-4-citadels,https://library-biblio.parl.ca/sites/PublicWebsite/default/en_CA/About/Spotlight/RareBooks/Archives/LaGazettedeQu%C3%A9bec-
NVS,Nova Scotia,Amériques et Caraïbes,Atlantic Coast,tier_4,REPLACE_WITH_EXPLICIT_SETUP,,scientific_fortification_siegecraft,ABSENT,ADD,MEDIUM,FRONTIER,—,"bâtiment:building_barrack, bâtiment:building_naval_fortification",Halifax est une base navale fortifiée; la Révolution américaine entraîne la reconstruction d'une nouvelle citadelle. Capacité réelle mais en transition au cutoff.,https://www.parks.canada.ca/lhn-nhs/ns/halifax/culture/histoire-history/citadelles-4-citadels,
SML,Yat’siminoli,Amériques et Caraïbes,Atlantic Coast,tier_6,KEEP_TIER,,improved_husbandry,TIER,KEEP,MEDIUM,SECTORAL,—,"bâtiment:building_banana_plantation, bâtiment:building_coffee_plantation, bâtiment:building_dye_plantation, bâtiment:building_livestock_ranch, bâtiment:building_maize_farm, bâtiment:building_millet_farm, bât…","Agriculture, élevage ou gestion animale/subsistance organisée sont attestés ou plausibles localement; le nœud reste une abstraction imparfaite mais utile.",https://www.floridamuseum.ufl.edu/staugustine/timeline/new-arrivals/,https://www.nps.gov/articles/erosion-of-the-middle-ground.htm
SML,Yat’siminoli,Amériques et Caraïbes,Atlantic Coast,tier_6,KEEP_TIER,,urbanization,TIER,KEEP,HIGH,ABSTRACT,—,"bâtiment:building_construction_sector, bâtiment:building_urban_center",Nœud de compatibilité du mod ouvrant construction/centre urbain; conservé comme abstraction technique et non comme mesure d'urbanisation réelle.,https://www.floridamuseum.ufl.edu/staugustine/timeline/new-arrivals/,https://www.nps.gov/articles/erosion-of-the-middle-ground.htm
USA,America,Amériques et Caraïbes,Atlantic Coast,tier_4,REPLACE_WITH_EXPLICIT_SETUP,,colonization,EXPLICIT,KEEP,MEDIUM,ABSTRACT,Prérequis directs couverts par les recommandations fermes.,"bâtiment:building_suez_canal, loi:law_colonial_exploitation, loi:law_colonial_resettlement, loi:law_extraction_economy, loi:law_frontier_colonization","Conservé comme abstraction d'un appareil colonial/frontière effectivement actif sur le territoire, sans lui attribuer toutes les capacités de la métropole.",https://www.loc.gov/collections/continental-congress-and-constitutional-convention-from-1774-to-1789/articles-and-essays/timeline/1775/,https://www.amphilsoc.org/about
USA,America,Amériques et Caraïbes,Atlantic Coast,tier_4,REPLACE_WITH_EXPLICIT_SETUP,,institutionalized_scientific_exchange,EXPLICIT,KEEP,HIGH,ESTABLISHED,—,loi:law_freedom_of_conscience,Réseau scientifique institutionnalisé directement attesté avant 1776 (société savante ou coopération avec la Royal Society).,https://www.loc.gov/collections/continental-congress-and-constitutional-convention-from-1774-to-1789/articles-and-essays/timeline/1775/,https://www.amphilsoc.org/about
USA,America,Amériques et Caraïbes,Atlantic Coast,tier_4,REPLACE_WITH_EXPLICIT_SETUP,,romanticism,EXPLICIT,REMOVE,HIGH,ANACHRONISTIC,Prérequis directs couverts par les recommandations fermes.,"bâtiment:building_art_academy, décret:decree_greener_grass_campaign, loi:law_agrarianism, loi:law_industry_banned",Le mouvement romantique institutionnalisé émerge à la fin du XVIIIe siècle; le paquet gameplay n'est pas une capacité locale établie au 1er janvier 1776.,https://www.new.ox.ac.uk/english-literature-through-the-ages/eighteenth-century-and-romanticism-1701-1836,https://www.loc.gov/collections/continental-congress-and-constitutional-convention-from-1774-to-1789/articles-and-essays/timeline/1775/
USA,America,Amériques et Caraïbes,Atlantic Coast,tier_4,REPLACE_WITH_EXPLICIT_SETUP,,codified_practical_knowledge,TIER,KEEP,HIGH,ESTABLISHED,Prérequis directs couverts par les recommandations fermes.,—,Presse périodique et société savante permettent une circulation/codification durable des savoirs pratiques; les prérequis recommandés sont présents.,https://www.loc.gov/collections/continental-congress-and-constitutional-convention-from-1774-to-1789/articles-and-essays/timeline/1775/,https://www.amphilsoc.org/about
USA,America,Amériques et Caraïbes,Atlantic Coast,tier_4,REPLACE_WITH_EXPLICIT_SETUP,,distillation,TIER,KEEP,MEDIUM,ESTABLISHED,—,"PM:pm_pot_stills, PM:pm_spiced_food_preparations",Distillation artisanale/agroalimentaire établie ou très plausible dans l'économie locale; le nœud ne suppose pas une industrialisation lourde.,https://www.loc.gov/collections/continental-congress-and-constitutional-convention-from-1774-to-1789/articles-and-essays/timeline/1775/,https://www.amphilsoc.org/about
USA,America,Amériques et Caraïbes,Atlantic Coast,tier_4,REPLACE_WITH_EXPLICIT_SETUP,,improved_husbandry,TIER,KEEP,MEDIUM,ESTABLISHED,—,"bâtiment:building_banana_plantation, bâtiment:building_coffee_plantation, bâtiment:building_dye_plantation, bâtiment:building_livestock_ranch, bâtiment:building_maize_farm, bâtiment:building_millet_farm, bât…",Agriculture/élevage structurés et améliorations pratiques sont établis; le nœud est compatible avec une économie agricole non industrielle.,https://www.loc.gov/collections/continental-congress-and-constitutional-convention-from-1774-to-1789/articles-and-essays/timeline/1775/,https://www.amphilsoc.org/about
USA,America,Amériques et Caraïbes,Atlantic Coast,tier_4,REPLACE_WITH_EXPLICIT_SETUP,,international_relations,TIER,KEEP,MEDIUM,ABSTRACT,—,—,"Le nœud est interprété comme capacité de relations diplomatiques/commerciales, y compris dans un cadre colonial ou inter-polités, non comme ministère des affaires étrangères souverain.",https://www.loc.gov/collections/continental-congress-and-constitutional-convention-from-1774-to-1789/articles-and-essays/timeline/1775/,https://www.amphilsoc.org/about
USA,America,Amériques et Caraïbes,Atlantic Coast,tier_4,REPLACE_WITH_EXPLICIT_SETUP,,light_infantry_tactics,TIER,KEEP,MEDIUM,ESTABLISHED,Prérequis directs manquants après recommandation: regulated_small_arms. Ne pas les auto-ajouter; traiter l’incohérence dans l’arbre ou revoir le nœud.,—,"Tactiques d'infanterie légère, de frontière ou de milice sont plausibles/établies dans l'environnement militaire local de 1776.",https://www.loc.gov/collections/continental-congress-and-constitutional-convention-from-1774-to-1789/articles-and-essays/timeline/1775/,https://www.amphilsoc.org/about
USA,America,Amériques et Caraïbes,Atlantic Coast,tier_4,REPLACE_WITH_EXPLICIT_SETUP,,organized_textile_production,TIER,KEEP,MEDIUM,SECTORAL,—,"PM:pm_craftsman_sewing, bâtiment:building_textile_mill",Production textile/artisanale organisée établie; conservation sectorielle sans supposer mécanisation.,https://www.loc.gov/collections/continental-congress-and-constitutional-convention-from-1774-to-1789/articles-and-essays/timeline/1775/,https://www.amphilsoc.org/about
USA,America,Amériques et Caraïbes,Atlantic Coast,tier_4,REPLACE_WITH_EXPLICIT_SETUP,,regulated_small_arms,TIER,REVIEW,MEDIUM,FRONTIER,"Si le nœud est retenu après REVIEW, prérequis directs non établis: scientific_fortification_siegecraft. Ne pas les auto-ajouter; arbitrer abstraction de l’arbre vs retrait.","bâtiment:building_arms_industry, bâtiment:building_artillery_foundry","Armes à feu et ateliers/arsenaux sont présents, mais le nœud débloque une industrie d'armes et d'artillerie structurée; la capacité locale à cette échelle doit rester sectorielle.",https://www.loc.gov/collections/continental-congress-and-constitutional-convention-from-1774-to-1789/articles-and-essays/timeline/1775/,https://www.amphilsoc.org/about
USA,America,Amériques et Caraïbes,Atlantic Coast,tier_4,REPLACE_WITH_EXPLICIT_SETUP,,shaft_mining,TIER,REMOVE,MEDIUM,ABSENT,—,"bâtiment:building_coal_mine, bâtiment:building_copper_mine, bâtiment:building_iron_mine, bâtiment:building_lead_mine, bâtiment:building_limestone_quarry, bâtiment:building_salt_mine, bâtiment:building_sulfur…",Aucun secteur minier local ne justifie le large déblocage de mines du nœud au niveau du TAG.,https://www.loc.gov/collections/continental-congress-and-constitutional-convention-from-1774-to-1789/articles-and-essays/timeline/1775/,https://www.amphilsoc.org/about
USA,America,Amériques et Caraïbes,Atlantic Coast,tier_4,REPLACE_WITH_EXPLICIT_SETUP,,standardized_field_artillery,TIER,REVIEW,MEDIUM,SECTORAL,"Si le nœud est retenu après REVIEW, prérequis directs non établis: regulated_small_arms. Ne pas les auto-ajouter; arbitrer abstraction de l’arbre vs retrait.",PM:pm_cannons,"L'artillerie est présente ou mobilisable, mais le degré de standardisation et de disponibilité locale au 1er janvier 1776 varie fortement.",https://www.loc.gov/collections/continental-congress-and-constitutional-convention-from-1774-to-1789/articles-and-essays/timeline/1775/,https://www.amphilsoc.org/about
USA,America,Amériques et Caraïbes,Atlantic Coast,tier_4,REPLACE_WITH_EXPLICIT_SETUP,,systematic_administrative_statistics,TIER,REVIEW,MEDIUM,ABSTRACT,—,"bâtiment:building_government_administration, décret:decree_emergency_relief, décret:decree_road_maintenance",Registres et administration existent mais leur systématicité/échelle au niveau du TAG est incertaine au cutoff.,https://www.loc.gov/collections/continental-congress-and-constitutional-convention-from-1774-to-1789/articles-and-essays/timeline/1775/,https://www.amphilsoc.org/about
USA,America,Amériques et Caraïbes,Atlantic Coast,tier_4,REPLACE_WITH_EXPLICIT_SETUP,,urbanization,TIER,KEEP,HIGH,ABSTRACT,—,"bâtiment:building_construction_sector, bâtiment:building_urban_center",Nœud de compatibilité du mod ouvrant construction/centre urbain; conservé comme abstraction technique et non comme mesure d'urbanisation réelle.,https://www.loc.gov/collections/continental-congress-and-constitutional-convention-from-1774-to-1789/articles-and-essays/timeline/1775/,https://www.amphilsoc.org/about
USA,America,Amériques et Caraïbes,Atlantic Coast,tier_4,REPLACE_WITH_EXPLICIT_SETUP,,medical_degrees,ABSENT,ADD,HIGH,SECTORAL,Prérequis directs couverts par les recommandations fermes.,loi:law_charitable_health_system,La medical school du College of Philadelphia existe depuis 1765 et délivre des MB en 1768 puis des MD en 1771; capacité réelle mais concentrée à Philadelphie.,https://www.med.upenn.edu/evpdean/perelman-school-of-medicine-history-timeline.html,https://www.amphilsoc.org/about
USA,America,Amériques et Caraïbes,Atlantic Coast,tier_4,REPLACE_WITH_EXPLICIT_SETUP,,periodical_print_networks,ABSENT,ADD,HIGH,ESTABLISHED,—,"loi:law_censorship, loi:law_religious_schools",Réseau de journaux et d'imprimeurs coloniaux déjà dense; il complète le prérequis de codified_practical_knowledge sans projeter une institution post-indépendance.,https://www.loc.gov/collections/continental-congress-and-constitutional-convention-from-1774-to-1789/articles-and-essays/timeline/1775/,https://www.amphilsoc.org/about
USA,America,Amériques et Caraïbes,Atlantic Coast,tier_4,REPLACE_WITH_EXPLICIT_SETUP,,variolation_networks,ABSENT,REVIEW,MEDIUM,SECTORAL,—,—,"La variolisation est connue et pratiquée dans les colonies, mais le passage à un réseau institutionnel à l'échelle du TAG est encore incomplet avant l'inoculation systématique de l'armée en 1777.",https://www.med.upenn.edu/evpdean/perelman-school-of-medicine-history-timeline.html,https://www.loc.gov/collections/continental-congress-and-constitutional-convention-from-1774-to-1789/articles-and-essays/timeline/1775/
ATB,Athabaska,Amériques et Caraïbes,Canada,tier_6,REVIEW_TIER,,improved_husbandry,TIER,REVIEW,MEDIUM,ABSTRACT,—,"bâtiment:building_banana_plantation, bâtiment:building_coffee_plantation, bâtiment:building_dye_plantation, bâtiment:building_livestock_ranch, bâtiment:building_maize_farm, bâtiment:building_millet_farm, bât…",Le nœud agricole du jeu couvre plusieurs pratiques de culture/élevage qui ne correspondent pas uniformément à l'économie locale; éviter de classer la société par un tier de 'civilisation'.,https://whc.unesco.org/en/list/420,https://www.loc.gov/collections/continental-congress-and-constitutional-convention-from-1774-to-1789/articles-and-essays/timeline/1775/
ATB,Athabaska,Amériques et Caraïbes,Canada,tier_6,REVIEW_TIER,,urbanization,TIER,KEEP,HIGH,ABSTRACT,—,"bâtiment:building_construction_sector, bâtiment:building_urban_center",Nœud de compatibilité du mod ouvrant construction/centre urbain; conservé comme abstraction technique et non comme mesure d'urbanisation réelle.,https://whc.unesco.org/en/list/420,https://www.loc.gov/collections/continental-congress-and-constitutional-convention-from-1774-to-1789/articles-and-essays/timeline/1775/
BLF,Niitsitapi,Amériques et Caraïbes,Canada,tier_6,REVIEW_TIER,,improved_husbandry,TIER,REVIEW,MEDIUM,ABSTRACT,—,"bâtiment:building_banana_plantation, bâtiment:building_coffee_plantation, bâtiment:building_dye_plantation, bâtiment:building_livestock_ranch, bâtiment:building_maize_farm, bâtiment:building_millet_farm, bât…",Le nœud agricole du jeu couvre plusieurs pratiques de culture/élevage qui ne correspondent pas uniformément à l'économie locale; éviter de classer la société par un tier de 'civilisation'.,https://home.nps.gov/glac/learn/education/intro-to-native-american.htm,https://www.nps.gov/articles/comanches-and-horses.htm
BLF,Niitsitapi,Amériques et Caraïbes,Canada,tier_6,REVIEW_TIER,,urbanization,TIER,KEEP,HIGH,ABSTRACT,—,"bâtiment:building_construction_sector, bâtiment:building_urban_center",Nœud de compatibilité du mod ouvrant construction/centre urbain; conservé comme abstraction technique et non comme mesure d'urbanisation réelle.,https://home.nps.gov/glac/learn/education/intro-to-native-american.htm,https://www.nps.gov/articles/comanches-and-horses.htm
HBC,Hudson's Bay Company,Amériques et Caraïbes,Canada,tier_4,REPLACE_WITH_EXPLICIT_SETUP,,colonization,EXPLICIT,KEEP,MEDIUM,ABSTRACT,Prérequis directs couverts par les recommandations fermes.,"bâtiment:building_suez_canal, loi:law_colonial_exploitation, loi:law_colonial_resettlement, loi:law_extraction_economy, loi:law_frontier_colonization","Conservé comme abstraction d'un appareil colonial/frontière effectivement actif sur le territoire, sans lui attribuer toutes les capacités de la métropole.",https://parks.canada.ca/culture/designation/evenement-event/scientifiques-canada-science,https://www.parks.canada.ca/lhn-nhs/ns/halifax/culture/histoire-history/citadelles-4-citadels
HBC,Hudson's Bay Company,Amériques et Caraïbes,Canada,tier_4,REPLACE_WITH_EXPLICIT_SETUP,,institutionalized_scientific_exchange,EXPLICIT,KEEP,HIGH,ESTABLISHED,—,loi:law_freedom_of_conscience,Réseau scientifique institutionnalisé directement attesté avant 1776 (société savante ou coopération avec la Royal Society).,https://parks.canada.ca/culture/designation/evenement-event/scientifiques-canada-science,https://www.parks.canada.ca/lhn-nhs/ns/halifax/culture/histoire-history/citadelles-4-citadels
HBC,Hudson's Bay Company,Amériques et Caraïbes,Canada,tier_4,REPLACE_WITH_EXPLICIT_SETUP,,codified_practical_knowledge,TIER,REMOVE,MEDIUM,ABSENT,Prérequis non résolus sans importance pratique car le nœud est recommandé REMOVE: periodical_print_networks.,—,La combinaison institutionnelle et éditoriale représentée par le nœud n'est pas démontrée localement.,https://parks.canada.ca/culture/designation/evenement-event/scientifiques-canada-science,https://www.parks.canada.ca/lhn-nhs/ns/halifax/culture/histoire-history/citadelles-4-citadels
HBC,Hudson's Bay Company,Amériques et Caraïbes,Canada,tier_4,REPLACE_WITH_EXPLICIT_SETUP,,distillation,TIER,KEEP,MEDIUM,ESTABLISHED,—,"PM:pm_pot_stills, PM:pm_spiced_food_preparations",Distillation artisanale/agroalimentaire établie ou très plausible dans l'économie locale; le nœud ne suppose pas une industrialisation lourde.,https://parks.canada.ca/culture/designation/evenement-event/scientifiques-canada-science,https://www.parks.canada.ca/lhn-nhs/ns/halifax/culture/histoire-history/citadelles-4-citadels
HBC,Hudson's Bay Company,Amériques et Caraïbes,Canada,tier_4,REPLACE_WITH_EXPLICIT_SETUP,,improved_husbandry,TIER,KEEP,MEDIUM,ESTABLISHED,—,"bâtiment:building_banana_plantation, bâtiment:building_coffee_plantation, bâtiment:building_dye_plantation, bâtiment:building_livestock_ranch, bâtiment:building_maize_farm, bâtiment:building_millet_farm, bât…",Agriculture/élevage structurés et améliorations pratiques sont établis; le nœud est compatible avec une économie agricole non industrielle.,https://parks.canada.ca/culture/designation/evenement-event/scientifiques-canada-science,https://www.parks.canada.ca/lhn-nhs/ns/halifax/culture/histoire-history/citadelles-4-citadels
HBC,Hudson's Bay Company,Amériques et Caraïbes,Canada,tier_4,REPLACE_WITH_EXPLICIT_SETUP,,international_relations,TIER,KEEP,MEDIUM,ABSTRACT,—,—,"Le nœud est interprété comme capacité de relations diplomatiques/commerciales, y compris dans un cadre colonial ou inter-polités, non comme ministère des affaires étrangères souverain.",https://parks.canada.ca/culture/designation/evenement-event/scientifiques-canada-science,https://www.parks.canada.ca/lhn-nhs/ns/halifax/culture/histoire-history/citadelles-4-citadels
HBC,Hudson's Bay Company,Amériques et Caraïbes,Canada,tier_4,REPLACE_WITH_EXPLICIT_SETUP,,light_infantry_tactics,TIER,KEEP,MEDIUM,ESTABLISHED,Prérequis directs manquants après recommandation: regulated_small_arms. Ne pas les auto-ajouter; traiter l’incohérence dans l’arbre ou revoir le nœud.,—,"Tactiques d'infanterie légère, de frontière ou de milice sont plausibles/établies dans l'environnement militaire local de 1776.",https://parks.canada.ca/culture/designation/evenement-event/scientifiques-canada-science,https://www.parks.canada.ca/lhn-nhs/ns/halifax/culture/histoire-history/citadelles-4-citadels
HBC,Hudson's Bay Company,Amériques et Caraïbes,Canada,tier_4,REPLACE_WITH_EXPLICIT_SETUP,,organized_textile_production,TIER,REVIEW,MEDIUM,SECTORAL,—,"PM:pm_craftsman_sewing, bâtiment:building_textile_mill","Des textiles domestiques/artisanaux existent, mais le bâtiment de manufacture textile du nœud peut surreprésenter la concentration productive locale.",https://parks.canada.ca/culture/designation/evenement-event/scientifiques-canada-science,https://www.parks.canada.ca/lhn-nhs/ns/halifax/culture/histoire-history/citadelles-4-citadels
HBC,Hudson's Bay Company,Amériques et Caraïbes,Canada,tier_4,REPLACE_WITH_EXPLICIT_SETUP,,regulated_small_arms,TIER,REMOVE,MEDIUM,ABSENT,Prérequis non résolus sans importance pratique car le nœud est recommandé REMOVE: scientific_fortification_siegecraft.,"bâtiment:building_arms_industry, bâtiment:building_artillery_foundry",La présence d'armes importées ne suffit pas à justifier l'industrie locale débloquée par le nœud.,https://parks.canada.ca/culture/designation/evenement-event/scientifiques-canada-science,https://www.parks.canada.ca/lhn-nhs/ns/halifax/culture/histoire-history/citadelles-4-citadels
HBC,Hudson's Bay Company,Amériques et Caraïbes,Canada,tier_4,REPLACE_WITH_EXPLICIT_SETUP,,shaft_mining,TIER,REMOVE,MEDIUM,ABSENT,—,"bâtiment:building_coal_mine, bâtiment:building_copper_mine, bâtiment:building_iron_mine, bâtiment:building_lead_mine, bâtiment:building_limestone_quarry, bâtiment:building_salt_mine, bâtiment:building_sulfur…",Aucun secteur minier local ne justifie le large déblocage de mines du nœud au niveau du TAG.,https://parks.canada.ca/culture/designation/evenement-event/scientifiques-canada-science,https://www.parks.canada.ca/lhn-nhs/ns/halifax/culture/histoire-history/citadelles-4-citadels
HBC,Hudson's Bay Company,Amériques et Caraïbes,Canada,tier_4,REPLACE_WITH_EXPLICIT_SETUP,,standardized_field_artillery,TIER,REMOVE,MEDIUM,ABSENT,Prérequis non résolus sans importance pratique car le nœud est recommandé REMOVE: regulated_small_arms.,PM:pm_cannons,Aucune capacité locale d'artillerie standardisée suffisamment démontrée pour ce TAG.,https://parks.canada.ca/culture/designation/evenement-event/scientifiques-canada-science,https://www.parks.canada.ca/lhn-nhs/ns/halifax/culture/histoire-history/citadelles-4-citadels
HBC,Hudson's Bay Company,Amériques et Caraïbes,Canada,tier_4,REPLACE_WITH_EXPLICIT_SETUP,,systematic_administrative_statistics,TIER,KEEP,MEDIUM,SECTORAL,—,"bâtiment:building_government_administration, décret:decree_emergency_relief, décret:decree_road_maintenance","Administration fiscale/coloniale structurée et tenue de registres établies; le nœud est retenu comme abstraction de cette capacité, sans supposer statistiques modernes.",https://parks.canada.ca/culture/designation/evenement-event/scientifiques-canada-science,https://www.parks.canada.ca/lhn-nhs/ns/halifax/culture/histoire-history/citadelles-4-citadels
HBC,Hudson's Bay Company,Amériques et Caraïbes,Canada,tier_4,REPLACE_WITH_EXPLICIT_SETUP,,urbanization,TIER,KEEP,HIGH,ABSTRACT,—,"bâtiment:building_construction_sector, bâtiment:building_urban_center",Nœud de compatibilité du mod ouvrant construction/centre urbain; conservé comme abstraction technique et non comme mesure d'urbanisation réelle.,https://parks.canada.ca/culture/designation/evenement-event/scientifiques-canada-science,https://www.parks.canada.ca/lhn-nhs/ns/halifax/culture/histoire-history/citadelles-4-citadels
IRC,Iron Confederacy,Amériques et Caraïbes,Canada,tier_6,REVIEW_TIER,,improved_husbandry,TIER,REVIEW,MEDIUM,ABSTRACT,—,"bâtiment:building_banana_plantation, bâtiment:building_coffee_plantation, bâtiment:building_dye_plantation, bâtiment:building_livestock_ranch, bâtiment:building_maize_farm, bâtiment:building_millet_farm, bât…",Le nœud agricole du jeu couvre plusieurs pratiques de culture/élevage qui ne correspondent pas uniformément à l'économie locale; éviter de classer la société par un tier de 'civilisation'.,https://whc.unesco.org/en/list/420,https://www.loc.gov/collections/continental-congress-and-constitutional-convention-from-1774-to-1789/articles-and-essays/timeline/1775/
IRC,Iron Confederacy,Amériques et Caraïbes,Canada,tier_6,REVIEW_TIER,,urbanization,TIER,KEEP,HIGH,ABSTRACT,—,"bâtiment:building_construction_sector, bâtiment:building_urban_center",Nœud de compatibilité du mod ouvrant construction/centre urbain; conservé comme abstraction technique et non comme mesure d'urbanisation réelle.,https://whc.unesco.org/en/list/420,https://www.loc.gov/collections/continental-congress-and-constitutional-convention-from-1774-to-1789/articles-and-essays/timeline/1775/
ONT,Ontario,Amériques et Caraïbes,Canada,tier_4,REPLACE_WITH_EXPLICIT_SETUP,,colonization,EXPLICIT,KEEP,MEDIUM,ABSTRACT,Prérequis directs couverts par les recommandations fermes.,"bâtiment:building_suez_canal, loi:law_colonial_exploitation, loi:law_colonial_resettlement, loi:law_extraction_economy, loi:law_frontier_colonization","Conservé comme abstraction d'un appareil colonial/frontière effectivement actif sur le territoire, sans lui attribuer toutes les capacités de la métropole.",https://www.parks.canada.ca/lhn-nhs/ns/halifax/culture/histoire-history/citadelles-4-citadels,https://library-biblio.parl.ca/sites/PublicWebsite/default/en_CA/About/Spotlight/RareBooks/Archives/LaGazettedeQu%C3%A9bec-
ONT,Ontario,Amériques et Caraïbes,Canada,tier_4,REPLACE_WITH_EXPLICIT_SETUP,,institutionalized_scientific_exchange,EXPLICIT,REMOVE,MEDIUM,ABSENT,—,loi:law_freedom_of_conscience,Aucun réseau scientifique local institutionnalisé comparable n'est démontré au cutoff; ne pas importer l'institution de la métropole ou d'une période ultérieure.,https://www.parks.canada.ca/lhn-nhs/ns/halifax/culture/histoire-history/citadelles-4-citadels,https://library-biblio.parl.ca/sites/PublicWebsite/default/en_CA/About/Spotlight/RareBooks/Archives/LaGazettedeQu%C3%A9bec-
ONT,Ontario,Amériques et Caraïbes,Canada,tier_4,REPLACE_WITH_EXPLICIT_SETUP,,codified_practical_knowledge,TIER,REMOVE,MEDIUM,ABSENT,"Prérequis non résolus sans importance pratique car le nœud est recommandé REMOVE: institutionalized_scientific_exchange, periodical_print_networks.",—,La combinaison institutionnelle et éditoriale représentée par le nœud n'est pas démontrée localement.,https://www.parks.canada.ca/lhn-nhs/ns/halifax/culture/histoire-history/citadelles-4-citadels,https://library-biblio.parl.ca/sites/PublicWebsite/default/en_CA/About/Spotlight/RareBooks/Archives/LaGazettedeQu%C3%A9bec-
ONT,Ontario,Amériques et Caraïbes,Canada,tier_4,REPLACE_WITH_EXPLICIT_SETUP,,distillation,TIER,KEEP,MEDIUM,ESTABLISHED,—,"PM:pm_pot_stills, PM:pm_spiced_food_preparations",Distillation artisanale/agroalimentaire établie ou très plausible dans l'économie locale; le nœud ne suppose pas une industrialisation lourde.,https://www.parks.canada.ca/lhn-nhs/ns/halifax/culture/histoire-history/citadelles-4-citadels,https://library-biblio.parl.ca/sites/PublicWebsite/default/en_CA/About/Spotlight/RareBooks/Archives/LaGazettedeQu%C3%A9bec-
ONT,Ontario,Amériques et Caraïbes,Canada,tier_4,REPLACE_WITH_EXPLICIT_SETUP,,improved_husbandry,TIER,KEEP,MEDIUM,ESTABLISHED,—,"bâtiment:building_banana_plantation, bâtiment:building_coffee_plantation, bâtiment:building_dye_plantation, bâtiment:building_livestock_ranch, bâtiment:building_maize_farm, bâtiment:building_millet_farm, bât…",Agriculture/élevage structurés et améliorations pratiques sont établis; le nœud est compatible avec une économie agricole non industrielle.,https://www.parks.canada.ca/lhn-nhs/ns/halifax/culture/histoire-history/citadelles-4-citadels,https://library-biblio.parl.ca/sites/PublicWebsite/default/en_CA/About/Spotlight/RareBooks/Archives/LaGazettedeQu%C3%A9bec-
ONT,Ontario,Amériques et Caraïbes,Canada,tier_4,REPLACE_WITH_EXPLICIT_SETUP,,international_relations,TIER,KEEP,MEDIUM,ABSTRACT,—,—,"Le nœud est interprété comme capacité de relations diplomatiques/commerciales, y compris dans un cadre colonial ou inter-polités, non comme ministère des affaires étrangères souverain.",https://www.parks.canada.ca/lhn-nhs/ns/halifax/culture/histoire-history/citadelles-4-citadels,https://library-biblio.parl.ca/sites/PublicWebsite/default/en_CA/About/Spotlight/RareBooks/Archives/LaGazettedeQu%C3%A9bec-
ONT,Ontario,Amériques et Caraïbes,Canada,tier_4,REPLACE_WITH_EXPLICIT_SETUP,,light_infantry_tactics,TIER,REVIEW,LOW,ABSTRACT,"Si le nœud est retenu après REVIEW, prérequis directs non établis: regulated_small_arms. Ne pas les auto-ajouter; arbitrer abstraction de l’arbre vs retrait.",—,"Le nœud peut représenter des tactiques locales, mais les preuves sont insuffisantes pour une équivalence nationale nette.",https://www.parks.canada.ca/lhn-nhs/ns/halifax/culture/histoire-history/citadelles-4-citadels,https://library-biblio.parl.ca/sites/PublicWebsite/default/en_CA/About/Spotlight/RareBooks/Archives/LaGazettedeQu%C3%A9bec-
ONT,Ontario,Amériques et Caraïbes,Canada,tier_4,REPLACE_WITH_EXPLICIT_SETUP,,organized_textile_production,TIER,REVIEW,MEDIUM,SECTORAL,—,"PM:pm_craftsman_sewing, bâtiment:building_textile_mill","Des textiles domestiques/artisanaux existent, mais le bâtiment de manufacture textile du nœud peut surreprésenter la concentration productive locale.",https://www.parks.canada.ca/lhn-nhs/ns/halifax/culture/histoire-history/citadelles-4-citadels,https://library-biblio.parl.ca/sites/PublicWebsite/default/en_CA/About/Spotlight/RareBooks/Archives/LaGazettedeQu%C3%A9bec-
ONT,Ontario,Amériques et Caraïbes,Canada,tier_4,REPLACE_WITH_EXPLICIT_SETUP,,regulated_small_arms,TIER,REMOVE,MEDIUM,ABSENT,Prérequis non résolus sans importance pratique car le nœud est recommandé REMOVE: scientific_fortification_siegecraft.,"bâtiment:building_arms_industry, bâtiment:building_artillery_foundry",La présence d'armes importées ne suffit pas à justifier l'industrie locale débloquée par le nœud.,https://www.parks.canada.ca/lhn-nhs/ns/halifax/culture/histoire-history/citadelles-4-citadels,https://library-biblio.parl.ca/sites/PublicWebsite/default/en_CA/About/Spotlight/RareBooks/Archives/LaGazettedeQu%C3%A9bec-
ONT,Ontario,Amériques et Caraïbes,Canada,tier_4,REPLACE_WITH_EXPLICIT_SETUP,,shaft_mining,TIER,REMOVE,MEDIUM,ABSENT,—,"bâtiment:building_coal_mine, bâtiment:building_copper_mine, bâtiment:building_iron_mine, bâtiment:building_lead_mine, bâtiment:building_limestone_quarry, bâtiment:building_salt_mine, bâtiment:building_sulfur…",Aucun secteur minier local ne justifie le large déblocage de mines du nœud au niveau du TAG.,https://www.parks.canada.ca/lhn-nhs/ns/halifax/culture/histoire-history/citadelles-4-citadels,https://library-biblio.parl.ca/sites/PublicWebsite/default/en_CA/About/Spotlight/RareBooks/Archives/LaGazettedeQu%C3%A9bec-
ONT,Ontario,Amériques et Caraïbes,Canada,tier_4,REPLACE_WITH_EXPLICIT_SETUP,,standardized_field_artillery,TIER,REMOVE,MEDIUM,ABSENT,Prérequis non résolus sans importance pratique car le nœud est recommandé REMOVE: regulated_small_arms.,PM:pm_cannons,Aucune capacité locale d'artillerie standardisée suffisamment démontrée pour ce TAG.,https://www.parks.canada.ca/lhn-nhs/ns/halifax/culture/histoire-history/citadelles-4-citadels,https://library-biblio.parl.ca/sites/PublicWebsite/default/en_CA/About/Spotlight/RareBooks/Archives/LaGazettedeQu%C3%A9bec-
ONT,Ontario,Amériques et Caraïbes,Canada,tier_4,REPLACE_WITH_EXPLICIT_SETUP,,systematic_administrative_statistics,TIER,REVIEW,MEDIUM,ABSTRACT,—,"bâtiment:building_government_administration, décret:decree_emergency_relief, décret:decree_road_maintenance",Registres et administration existent mais leur systématicité/échelle au niveau du TAG est incertaine au cutoff.,https://www.parks.canada.ca/lhn-nhs/ns/halifax/culture/histoire-history/citadelles-4-citadels,https://library-biblio.parl.ca/sites/PublicWebsite/default/en_CA/About/Spotlight/RareBooks/Archives/LaGazettedeQu%C3%A9bec-
ONT,Ontario,Amériques et Caraïbes,Canada,tier_4,REPLACE_WITH_EXPLICIT_SETUP,,urbanization,TIER,KEEP,HIGH,ABSTRACT,—,"bâtiment:building_construction_sector, bâtiment:building_urban_center",Nœud de compatibilité du mod ouvrant construction/centre urbain; conservé comme abstraction technique et non comme mesure d'urbanisation réelle.,https://www.parks.canada.ca/lhn-nhs/ns/halifax/culture/histoire-history/citadelles-4-citadels,https://library-biblio.parl.ca/sites/PublicWebsite/default/en_CA/About/Spotlight/RareBooks/Archives/LaGazettedeQu%C3%A9bec-
QUE,Quebec,Amériques et Caraïbes,Canada,tier_4,REPLACE_WITH_EXPLICIT_SETUP,,colonization,EXPLICIT,KEEP,MEDIUM,ABSTRACT,Prérequis directs couverts par les recommandations fermes.,"bâtiment:building_suez_canal, loi:law_colonial_exploitation, loi:law_colonial_resettlement, loi:law_extraction_economy, loi:law_frontier_colonization","Conservé comme abstraction d'un appareil colonial/frontière effectivement actif sur le territoire, sans lui attribuer toutes les capacités de la métropole.",https://library-biblio.parl.ca/sites/PublicWebsite/default/en_CA/About/Spotlight/RareBooks/Archives/LaGazettedeQu%C3%A9bec-,https://parks.canada.ca/lhn-nhs/qc/saintmaurice/culture/histoire-history/site/fer-iron
QUE,Quebec,Amériques et Caraïbes,Canada,tier_4,REPLACE_WITH_EXPLICIT_SETUP,,institutionalized_scientific_exchange,EXPLICIT,REVIEW,MEDIUM,SECTORAL,—,loi:law_freedom_of_conscience,"Enseignement supérieur, savants ou circulation de savoirs existent, mais le degré d'institutionnalisation locale correspondant au nœud reste incertain.",https://library-biblio.parl.ca/sites/PublicWebsite/default/en_CA/About/Spotlight/RareBooks/Archives/LaGazettedeQu%C3%A9bec-,https://parks.canada.ca/lhn-nhs/qc/saintmaurice/culture/histoire-history/site/fer-iron
QUE,Quebec,Amériques et Caraïbes,Canada,tier_4,REPLACE_WITH_EXPLICIT_SETUP,,codified_practical_knowledge,TIER,REVIEW,MEDIUM,ABSTRACT,"Si le nœud est retenu après REVIEW, prérequis directs non établis: institutionalized_scientific_exchange. Ne pas les auto-ajouter; arbitrer abstraction de l’arbre vs retrait.",—,Savoirs pratiques réels mais le nœud suppose aussi des réseaux institutionnels/éditoriaux; les prérequis ne sont pas tous assurés localement en 1776.,https://library-biblio.parl.ca/sites/PublicWebsite/default/en_CA/About/Spotlight/RareBooks/Archives/LaGazettedeQu%C3%A9bec-,https://parks.canada.ca/lhn-nhs/qc/saintmaurice/culture/histoire-history/site/fer-iron
QUE,Quebec,Amériques et Caraïbes,Canada,tier_4,REPLACE_WITH_EXPLICIT_SETUP,,distillation,TIER,KEEP,MEDIUM,ESTABLISHED,—,"PM:pm_pot_stills, PM:pm_spiced_food_preparations",Distillation artisanale/agroalimentaire établie ou très plausible dans l'économie locale; le nœud ne suppose pas une industrialisation lourde.,https://library-biblio.parl.ca/sites/PublicWebsite/default/en_CA/About/Spotlight/RareBooks/Archives/LaGazettedeQu%C3%A9bec-,https://parks.canada.ca/lhn-nhs/qc/saintmaurice/culture/histoire-history/site/fer-iron
QUE,Quebec,Amériques et Caraïbes,Canada,tier_4,REPLACE_WITH_EXPLICIT_SETUP,,improved_husbandry,TIER,KEEP,MEDIUM,ESTABLISHED,—,"bâtiment:building_banana_plantation, bâtiment:building_coffee_plantation, bâtiment:building_dye_plantation, bâtiment:building_livestock_ranch, bâtiment:building_maize_farm, bâtiment:building_millet_farm, bât…",Agriculture/élevage structurés et améliorations pratiques sont établis; le nœud est compatible avec une économie agricole non industrielle.,https://library-biblio.parl.ca/sites/PublicWebsite/default/en_CA/About/Spotlight/RareBooks/Archives/LaGazettedeQu%C3%A9bec-,https://parks.canada.ca/lhn-nhs/qc/saintmaurice/culture/histoire-history/site/fer-iron
QUE,Quebec,Amériques et Caraïbes,Canada,tier_4,REPLACE_WITH_EXPLICIT_SETUP,,international_relations,TIER,KEEP,MEDIUM,ABSTRACT,—,—,"Le nœud est interprété comme capacité de relations diplomatiques/commerciales, y compris dans un cadre colonial ou inter-polités, non comme ministère des affaires étrangères souverain.",https://library-biblio.parl.ca/sites/PublicWebsite/default/en_CA/About/Spotlight/RareBooks/Archives/LaGazettedeQu%C3%A9bec-,https://parks.canada.ca/lhn-nhs/qc/saintmaurice/culture/histoire-history/site/fer-iron
QUE,Quebec,Amériques et Caraïbes,Canada,tier_4,REPLACE_WITH_EXPLICIT_SETUP,,light_infantry_tactics,TIER,REVIEW,LOW,ABSTRACT,"Si le nœud est retenu après REVIEW, prérequis directs non établis: regulated_small_arms. Ne pas les auto-ajouter; arbitrer abstraction de l’arbre vs retrait.",—,"Le nœud peut représenter des tactiques locales, mais les preuves sont insuffisantes pour une équivalence nationale nette.",https://library-biblio.parl.ca/sites/PublicWebsite/default/en_CA/About/Spotlight/RareBooks/Archives/LaGazettedeQu%C3%A9bec-,https://parks.canada.ca/lhn-nhs/qc/saintmaurice/culture/histoire-history/site/fer-iron
QUE,Quebec,Amériques et Caraïbes,Canada,tier_4,REPLACE_WITH_EXPLICIT_SETUP,,organized_textile_production,TIER,REVIEW,MEDIUM,SECTORAL,—,"PM:pm_craftsman_sewing, bâtiment:building_textile_mill","Des textiles domestiques/artisanaux existent, mais le bâtiment de manufacture textile du nœud peut surreprésenter la concentration productive locale.",https://library-biblio.parl.ca/sites/PublicWebsite/default/en_CA/About/Spotlight/RareBooks/Archives/LaGazettedeQu%C3%A9bec-,https://parks.canada.ca/lhn-nhs/qc/saintmaurice/culture/histoire-history/site/fer-iron
QUE,Quebec,Amériques et Caraïbes,Canada,tier_4,REPLACE_WITH_EXPLICIT_SETUP,,regulated_small_arms,TIER,REVIEW,MEDIUM,FRONTIER,"Si le nœud est retenu après REVIEW, prérequis directs non établis: scientific_fortification_siegecraft. Ne pas les auto-ajouter; arbitrer abstraction de l’arbre vs retrait.","bâtiment:building_arms_industry, bâtiment:building_artillery_foundry","Armes à feu et ateliers/arsenaux sont présents, mais le nœud débloque une industrie d'armes et d'artillerie structurée; la capacité locale à cette échelle doit rester sectorielle.",https://library-biblio.parl.ca/sites/PublicWebsite/default/en_CA/About/Spotlight/RareBooks/Archives/LaGazettedeQu%C3%A9bec-,https://parks.canada.ca/lhn-nhs/qc/saintmaurice/culture/histoire-history/site/fer-iron
QUE,Quebec,Amériques et Caraïbes,Canada,tier_4,REPLACE_WITH_EXPLICIT_SETUP,,shaft_mining,TIER,REVIEW,MEDIUM,SECTORAL,—,"bâtiment:building_coal_mine, bâtiment:building_copper_mine, bâtiment:building_iron_mine, bâtiment:building_lead_mine, bâtiment:building_limestone_quarry, bâtiment:building_salt_mine, bâtiment:building_sulfur…","Des exploitations minières existent, mais le nœud ouvre un ensemble de mines qui peut dépasser la capacité locale démontrée.",https://library-biblio.parl.ca/sites/PublicWebsite/default/en_CA/About/Spotlight/RareBooks/Archives/LaGazettedeQu%C3%A9bec-,https://parks.canada.ca/lhn-nhs/qc/saintmaurice/culture/histoire-history/site/fer-iron
QUE,Quebec,Amériques et Caraïbes,Canada,tier_4,REPLACE_WITH_EXPLICIT_SETUP,,standardized_field_artillery,TIER,REMOVE,MEDIUM,ABSENT,Prérequis non résolus sans importance pratique car le nœud est recommandé REMOVE: regulated_small_arms.,PM:pm_cannons,Aucune capacité locale d'artillerie standardisée suffisamment démontrée pour ce TAG.,https://library-biblio.parl.ca/sites/PublicWebsite/default/en_CA/About/Spotlight/RareBooks/Archives/LaGazettedeQu%C3%A9bec-,https://parks.canada.ca/lhn-nhs/qc/saintmaurice/culture/histoire-history/site/fer-iron
QUE,Quebec,Amériques et Caraïbes,Canada,tier_4,REPLACE_WITH_EXPLICIT_SETUP,,systematic_administrative_statistics,TIER,KEEP,MEDIUM,SECTORAL,—,"bâtiment:building_government_administration, décret:decree_emergency_relief, décret:decree_road_maintenance","Administration fiscale/coloniale structurée et tenue de registres établies; le nœud est retenu comme abstraction de cette capacité, sans supposer statistiques modernes.",https://library-biblio.parl.ca/sites/PublicWebsite/default/en_CA/About/Spotlight/RareBooks/Archives/LaGazettedeQu%C3%A9bec-,https://parks.canada.ca/lhn-nhs/qc/saintmaurice/culture/histoire-history/site/fer-iron
QUE,Quebec,Amériques et Caraïbes,Canada,tier_4,REPLACE_WITH_EXPLICIT_SETUP,,urbanization,TIER,KEEP,HIGH,ABSTRACT,—,"bâtiment:building_construction_sector, bâtiment:building_urban_center",Nœud de compatibilité du mod ouvrant construction/centre urbain; conservé comme abstraction technique et non comme mesure d'urbanisation réelle.,https://library-biblio.parl.ca/sites/PublicWebsite/default/en_CA/About/Spotlight/RareBooks/Archives/LaGazettedeQu%C3%A9bec-,https://parks.canada.ca/lhn-nhs/qc/saintmaurice/culture/histoire-history/site/fer-iron
QUE,Quebec,Amériques et Caraïbes,Canada,tier_4,REPLACE_WITH_EXPLICIT_SETUP,,periodical_print_networks,ABSENT,ADD,HIGH,SECTORAL,—,"loi:law_censorship, loi:law_religious_schools",La Quebec Gazette est fondée en 1764 et l'imprimerie est établie; sa suspension temporaire pendant le siège fin 1775-début 1776 ne supprime pas la capacité locale.,https://library-biblio.parl.ca/sites/PublicWebsite/default/en_CA/About/Spotlight/RareBooks/Archives/LaGazettedeQu%C3%A9bec-,https://parks.canada.ca/lhn-nhs/qc/saintmaurice/culture/histoire-history/site/fer-iron
ABS,Absaroka,Amériques et Caraïbes,Great Plains,tier_6,REVIEW_TIER,,improved_husbandry,TIER,REVIEW,MEDIUM,ABSTRACT,—,"bâtiment:building_banana_plantation, bâtiment:building_coffee_plantation, bâtiment:building_dye_plantation, bâtiment:building_livestock_ranch, bâtiment:building_maize_farm, bâtiment:building_millet_farm, bât…",Le nœud agricole du jeu couvre plusieurs pratiques de culture/élevage qui ne correspondent pas uniformément à l'économie locale; éviter de classer la société par un tier de 'civilisation'.,https://www.nps.gov/articles/comanches-and-horses.htm,https://www.tshaonline.org/handbook/entries/spanish-texas
ABS,Absaroka,Amériques et Caraïbes,Great Plains,tier_6,REVIEW_TIER,,urbanization,TIER,KEEP,HIGH,ABSTRACT,—,"bâtiment:building_construction_sector, bâtiment:building_urban_center",Nœud de compatibilité du mod ouvrant construction/centre urbain; conservé comme abstraction technique et non comme mesure d'urbanisation réelle.,https://www.nps.gov/articles/comanches-and-horses.htm,https://www.tshaonline.org/handbook/entries/spanish-texas
APC,Apache,Amériques et Caraïbes,Great Plains,tier_6,REVIEW_TIER,,improved_husbandry,TIER,REVIEW,MEDIUM,ABSTRACT,—,"bâtiment:building_banana_plantation, bâtiment:building_coffee_plantation, bâtiment:building_dye_plantation, bâtiment:building_livestock_ranch, bâtiment:building_maize_farm, bâtiment:building_millet_farm, bât…",Le nœud agricole du jeu couvre plusieurs pratiques de culture/élevage qui ne correspondent pas uniformément à l'économie locale; éviter de classer la société par un tier de 'civilisation'.,https://www.nps.gov/articles/comanches-and-horses.htm,https://www.tshaonline.org/handbook/entries/spanish-texas
APC,Apache,Amériques et Caraïbes,Great Plains,tier_6,REVIEW_TIER,,urbanization,TIER,KEEP,HIGH,ABSTRACT,—,"bâtiment:building_construction_sector, bâtiment:building_urban_center",Nœud de compatibilité du mod ouvrant construction/centre urbain; conservé comme abstraction technique et non comme mesure d'urbanisation réelle.,https://www.nps.gov/articles/comanches-and-horses.htm,https://www.tshaonline.org/handbook/entries/spanish-texas
ARP,Arapaho,Amériques et Caraïbes,Great Plains,tier_6,REVIEW_TIER,,improved_husbandry,TIER,REVIEW,MEDIUM,ABSTRACT,—,"bâtiment:building_banana_plantation, bâtiment:building_coffee_plantation, bâtiment:building_dye_plantation, bâtiment:building_livestock_ranch, bâtiment:building_maize_farm, bâtiment:building_millet_farm, bât…",Le nœud agricole du jeu couvre plusieurs pratiques de culture/élevage qui ne correspondent pas uniformément à l'économie locale; éviter de classer la société par un tier de 'civilisation'.,https://home.nps.gov/glac/learn/education/intro-to-native-american.htm,https://www.nps.gov/articles/comanches-and-horses.htm
ARP,Arapaho,Amériques et Caraïbes,Great Plains,tier_6,REVIEW_TIER,,urbanization,TIER,KEEP,HIGH,ABSTRACT,—,"bâtiment:building_construction_sector, bâtiment:building_urban_center",Nœud de compatibilité du mod ouvrant construction/centre urbain; conservé comme abstraction technique et non comme mesure d'urbanisation réelle.,https://home.nps.gov/glac/learn/education/intro-to-native-american.htm,https://www.nps.gov/articles/comanches-and-horses.htm
COM,Comanche,Amériques et Caraïbes,Great Plains,tier_6,KEEP_TIER,,improved_husbandry,TIER,KEEP,MEDIUM,SECTORAL,—,"bâtiment:building_banana_plantation, bâtiment:building_coffee_plantation, bâtiment:building_dye_plantation, bâtiment:building_livestock_ranch, bâtiment:building_maize_farm, bâtiment:building_millet_farm, bât…","Agriculture, élevage ou gestion animale/subsistance organisée sont attestés ou plausibles localement; le nœud reste une abstraction imparfaite mais utile.",https://www.nps.gov/articles/comanches-and-horses.htm,https://www.tshaonline.org/handbook/entries/spanish-texas
COM,Comanche,Amériques et Caraïbes,Great Plains,tier_6,KEEP_TIER,,urbanization,TIER,KEEP,HIGH,ABSTRACT,—,"bâtiment:building_construction_sector, bâtiment:building_urban_center",Nœud de compatibilité du mod ouvrant construction/centre urbain; conservé comme abstraction technique et non comme mesure d'urbanisation réelle.,https://www.nps.gov/articles/comanches-and-horses.htm,https://www.tshaonline.org/handbook/entries/spanish-texas
LKT,Lakota,Amériques et Caraïbes,Great Plains,tier_6,REVIEW_TIER,,improved_husbandry,TIER,REVIEW,MEDIUM,ABSTRACT,—,"bâtiment:building_banana_plantation, bâtiment:building_coffee_plantation, bâtiment:building_dye_plantation, bâtiment:building_livestock_ranch, bâtiment:building_maize_farm, bâtiment:building_millet_farm, bât…",Le nœud agricole du jeu couvre plusieurs pratiques de culture/élevage qui ne correspondent pas uniformément à l'économie locale; éviter de classer la société par un tier de 'civilisation'.,https://www.nps.gov/articles/comanches-and-horses.htm,https://www.tshaonline.org/handbook/entries/spanish-texas
LKT,Lakota,Amériques et Caraïbes,Great Plains,tier_6,REVIEW_TIER,,urbanization,TIER,KEEP,HIGH,ABSTRACT,—,"bâtiment:building_construction_sector, bâtiment:building_urban_center",Nœud de compatibilité du mod ouvrant construction/centre urbain; conservé comme abstraction technique et non comme mesure d'urbanisation réelle.,https://www.nps.gov/articles/comanches-and-horses.htm,https://www.tshaonline.org/handbook/entries/spanish-texas
LOU,Louisiana,Amériques et Caraïbes,Great Plains,tier_4,REPLACE_WITH_EXPLICIT_SETUP,,colonization,EXPLICIT,KEEP,MEDIUM,ABSTRACT,Prérequis directs couverts par les recommandations fermes.,"bâtiment:building_suez_canal, loi:law_colonial_exploitation, loi:law_colonial_resettlement, loi:law_extraction_economy, loi:law_frontier_colonization","Conservé comme abstraction d'un appareil colonial/frontière effectivement actif sur le territoire, sans lui attribuer toutes les capacités de la métropole.",https://www.nps.gov/articles/comanches-and-horses.htm,https://www.tshaonline.org/handbook/entries/spanish-texas
LOU,Louisiana,Amériques et Caraïbes,Great Plains,tier_4,REPLACE_WITH_EXPLICIT_SETUP,,institutionalized_scientific_exchange,EXPLICIT,REMOVE,MEDIUM,ABSENT,—,loi:law_freedom_of_conscience,Aucun réseau scientifique local institutionnalisé comparable n'est démontré au cutoff; ne pas importer l'institution de la métropole ou d'une période ultérieure.,https://www.nps.gov/articles/comanches-and-horses.htm,https://www.tshaonline.org/handbook/entries/spanish-texas
LOU,Louisiana,Amériques et Caraïbes,Great Plains,tier_4,REPLACE_WITH_EXPLICIT_SETUP,,codified_practical_knowledge,TIER,REMOVE,MEDIUM,ABSENT,"Prérequis non résolus sans importance pratique car le nœud est recommandé REMOVE: institutionalized_scientific_exchange, periodical_print_networks.",—,La combinaison institutionnelle et éditoriale représentée par le nœud n'est pas démontrée localement.,https://www.nps.gov/articles/comanches-and-horses.htm,https://www.tshaonline.org/handbook/entries/spanish-texas
LOU,Louisiana,Amériques et Caraïbes,Great Plains,tier_4,REPLACE_WITH_EXPLICIT_SETUP,,distillation,TIER,KEEP,MEDIUM,ESTABLISHED,—,"PM:pm_pot_stills, PM:pm_spiced_food_preparations",Distillation artisanale/agroalimentaire établie ou très plausible dans l'économie locale; le nœud ne suppose pas une industrialisation lourde.,https://www.nps.gov/articles/comanches-and-horses.htm,https://www.tshaonline.org/handbook/entries/spanish-texas
LOU,Louisiana,Amériques et Caraïbes,Great Plains,tier_4,REPLACE_WITH_EXPLICIT_SETUP,,improved_husbandry,TIER,KEEP,MEDIUM,ESTABLISHED,—,"bâtiment:building_banana_plantation, bâtiment:building_coffee_plantation, bâtiment:building_dye_plantation, bâtiment:building_livestock_ranch, bâtiment:building_maize_farm, bâtiment:building_millet_farm, bât…",Agriculture/élevage structurés et améliorations pratiques sont établis; le nœud est compatible avec une économie agricole non industrielle.,https://www.nps.gov/articles/comanches-and-horses.htm,https://www.tshaonline.org/handbook/entries/spanish-texas
LOU,Louisiana,Amériques et Caraïbes,Great Plains,tier_4,REPLACE_WITH_EXPLICIT_SETUP,,international_relations,TIER,KEEP,MEDIUM,ABSTRACT,—,—,"Le nœud est interprété comme capacité de relations diplomatiques/commerciales, y compris dans un cadre colonial ou inter-polités, non comme ministère des affaires étrangères souverain.",https://www.nps.gov/articles/comanches-and-horses.htm,https://www.tshaonline.org/handbook/entries/spanish-texas
LOU,Louisiana,Amériques et Caraïbes,Great Plains,tier_4,REPLACE_WITH_EXPLICIT_SETUP,,light_infantry_tactics,TIER,KEEP,MEDIUM,ESTABLISHED,Prérequis directs manquants après recommandation: regulated_small_arms. Ne pas les auto-ajouter; traiter l’incohérence dans l’arbre ou revoir le nœud.,—,"Tactiques d'infanterie légère, de frontière ou de milice sont plausibles/établies dans l'environnement militaire local de 1776.",https://www.nps.gov/articles/comanches-and-horses.htm,https://www.tshaonline.org/handbook/entries/spanish-texas
LOU,Louisiana,Amériques et Caraïbes,Great Plains,tier_4,REPLACE_WITH_EXPLICIT_SETUP,,organized_textile_production,TIER,REVIEW,MEDIUM,SECTORAL,—,"PM:pm_craftsman_sewing, bâtiment:building_textile_mill","Des textiles domestiques/artisanaux existent, mais le bâtiment de manufacture textile du nœud peut surreprésenter la concentration productive locale.",https://www.nps.gov/articles/comanches-and-horses.htm,https://www.tshaonline.org/handbook/entries/spanish-texas
LOU,Louisiana,Amériques et Caraïbes,Great Plains,tier_4,REPLACE_WITH_EXPLICIT_SETUP,,regulated_small_arms,TIER,REVIEW,LOW,SECTORAL,"Si le nœud est retenu après REVIEW, prérequis directs non établis: scientific_fortification_siegecraft. Ne pas les auto-ajouter; arbitrer abstraction de l’arbre vs retrait.","bâtiment:building_arms_industry, bâtiment:building_artillery_foundry","Garnisons/frontière disposent d'armes, sans preuve d'une industrie locale standardisée; conserver seulement si le nœud est lu comme abstraction.",https://www.nps.gov/articles/comanches-and-horses.htm,https://www.tshaonline.org/handbook/entries/spanish-texas
LOU,Louisiana,Amériques et Caraïbes,Great Plains,tier_4,REPLACE_WITH_EXPLICIT_SETUP,,shaft_mining,TIER,REMOVE,MEDIUM,ABSENT,—,"bâtiment:building_coal_mine, bâtiment:building_copper_mine, bâtiment:building_iron_mine, bâtiment:building_lead_mine, bâtiment:building_limestone_quarry, bâtiment:building_salt_mine, bâtiment:building_sulfur…",Aucun secteur minier local ne justifie le large déblocage de mines du nœud au niveau du TAG.,https://www.nps.gov/articles/comanches-and-horses.htm,https://www.tshaonline.org/handbook/entries/spanish-texas
LOU,Louisiana,Amériques et Caraïbes,Great Plains,tier_4,REPLACE_WITH_EXPLICIT_SETUP,,standardized_field_artillery,TIER,REVIEW,MEDIUM,SECTORAL,"Si le nœud est retenu après REVIEW, prérequis directs non établis: regulated_small_arms. Ne pas les auto-ajouter; arbitrer abstraction de l’arbre vs retrait.",PM:pm_cannons,"L'artillerie est présente ou mobilisable, mais le degré de standardisation et de disponibilité locale au 1er janvier 1776 varie fortement.",https://www.nps.gov/articles/comanches-and-horses.htm,https://www.tshaonline.org/handbook/entries/spanish-texas
LOU,Louisiana,Amériques et Caraïbes,Great Plains,tier_4,REPLACE_WITH_EXPLICIT_SETUP,,systematic_administrative_statistics,TIER,REVIEW,MEDIUM,ABSTRACT,—,"bâtiment:building_government_administration, décret:decree_emergency_relief, décret:decree_road_maintenance",Registres et administration existent mais leur systématicité/échelle au niveau du TAG est incertaine au cutoff.,https://www.nps.gov/articles/comanches-and-horses.htm,https://www.tshaonline.org/handbook/entries/spanish-texas
LOU,Louisiana,Amériques et Caraïbes,Great Plains,tier_4,REPLACE_WITH_EXPLICIT_SETUP,,urbanization,TIER,KEEP,HIGH,ABSTRACT,—,"bâtiment:building_construction_sector, bâtiment:building_urban_center",Nœud de compatibilité du mod ouvrant construction/centre urbain; conservé comme abstraction technique et non comme mesure d'urbanisation réelle.,https://www.nps.gov/articles/comanches-and-horses.htm,https://www.tshaonline.org/handbook/entries/spanish-texas
PWN,Pawnee,Amériques et Caraïbes,Great Plains,tier_6,KEEP_TIER,,improved_husbandry,TIER,KEEP,MEDIUM,SECTORAL,—,"bâtiment:building_banana_plantation, bâtiment:building_coffee_plantation, bâtiment:building_dye_plantation, bâtiment:building_livestock_ranch, bâtiment:building_maize_farm, bâtiment:building_millet_farm, bât…","Agriculture, élevage ou gestion animale/subsistance organisée sont attestés ou plausibles localement; le nœud reste une abstraction imparfaite mais utile.",https://repository.si.edu/bitstreams/d2df1c71-2f08-47f6-b540-2bddcaf517e8/download,https://www.nps.gov/articles/comanches-and-horses.htm
PWN,Pawnee,Amériques et Caraïbes,Great Plains,tier_6,KEEP_TIER,,urbanization,TIER,KEEP,HIGH,ABSTRACT,—,"bâtiment:building_construction_sector, bâtiment:building_urban_center",Nœud de compatibilité du mod ouvrant construction/centre urbain; conservé comme abstraction technique et non comme mesure d'urbanisation réelle.,https://repository.si.edu/bitstreams/d2df1c71-2f08-47f6-b540-2bddcaf517e8/download,https://www.nps.gov/articles/comanches-and-horses.htm
SEQ,Indian Territory,Amériques et Caraïbes,Great Plains,tier_4,REPLACE_WITH_EXPLICIT_SETUP,,codified_practical_knowledge,TIER,REMOVE,MEDIUM,ABSENT,"Prérequis non résolus sans importance pratique car le nœud est recommandé REMOVE: institutionalized_scientific_exchange, periodical_print_networks.",—,"Le nœud implique une industrie, artillerie, mine ou bureaucratie de type colonial/étatique non démontrée localement en 1776.",https://www.nps.gov/articles/comanches-and-horses.htm,https://www.tshaonline.org/handbook/entries/spanish-texas
SEQ,Indian Territory,Amériques et Caraïbes,Great Plains,tier_4,REPLACE_WITH_EXPLICIT_SETUP,,distillation,TIER,REMOVE,MEDIUM,ABSENT,—,"PM:pm_pot_stills, PM:pm_spiced_food_preparations","Le nœud implique une industrie, artillerie, mine ou bureaucratie de type colonial/étatique non démontrée localement en 1776.",https://www.nps.gov/articles/comanches-and-horses.htm,https://www.tshaonline.org/handbook/entries/spanish-texas
SEQ,Indian Territory,Amériques et Caraïbes,Great Plains,tier_4,REPLACE_WITH_EXPLICIT_SETUP,,improved_husbandry,TIER,REVIEW,MEDIUM,ABSTRACT,—,"bâtiment:building_banana_plantation, bâtiment:building_coffee_plantation, bâtiment:building_dye_plantation, bâtiment:building_livestock_ranch, bâtiment:building_maize_farm, bâtiment:building_millet_farm, bât…","Agriculture/horticulture ou gestion animale locale possible, mais le paquet de PM agricoles du jeu n'est pas un équivalent exact.",https://www.nps.gov/articles/comanches-and-horses.htm,https://www.tshaonline.org/handbook/entries/spanish-texas
SEQ,Indian Territory,Amériques et Caraïbes,Great Plains,tier_4,REPLACE_WITH_EXPLICIT_SETUP,,international_relations,TIER,KEEP,MEDIUM,ABSTRACT,—,—,"Diplomatie, commerce et relations inter-polités sont établis; le nœud est une abstraction institutionnelle.",https://www.nps.gov/articles/comanches-and-horses.htm,https://www.tshaonline.org/handbook/entries/spanish-texas
SEQ,Indian Territory,Amériques et Caraïbes,Great Plains,tier_4,REPLACE_WITH_EXPLICIT_SETUP,,light_infantry_tactics,TIER,KEEP,MEDIUM,ABSTRACT,Prérequis directs manquants après recommandation: regulated_small_arms. Ne pas les auto-ajouter; traiter l’incohérence dans l’arbre ou revoir le nœud.,—,"Tactiques de guerre mobile et connaissance du terrain sont réelles; conservation comme abstraction militaire, sans supposer une armée européenne standardisée.",https://www.nps.gov/articles/comanches-and-horses.htm,https://www.tshaonline.org/handbook/entries/spanish-texas
SEQ,Indian Territory,Amériques et Caraïbes,Great Plains,tier_4,REPLACE_WITH_EXPLICIT_SETUP,,organized_textile_production,TIER,REVIEW,MEDIUM,ABSTRACT,—,"PM:pm_craftsman_sewing, bâtiment:building_textile_mill","Production textile/artisanale locale possible, mais le nœud débloque une filière de type manufacture qui peut surreprésenter la réalité.",https://www.nps.gov/articles/comanches-and-horses.htm,https://www.tshaonline.org/handbook/entries/spanish-texas
SEQ,Indian Territory,Amériques et Caraïbes,Great Plains,tier_4,REPLACE_WITH_EXPLICIT_SETUP,,regulated_small_arms,TIER,REMOVE,MEDIUM,ABSENT,Prérequis non résolus sans importance pratique car le nœud est recommandé REMOVE: scientific_fortification_siegecraft.,"bâtiment:building_arms_industry, bâtiment:building_artillery_foundry","Le nœud implique une industrie, artillerie, mine ou bureaucratie de type colonial/étatique non démontrée localement en 1776.",https://www.nps.gov/articles/comanches-and-horses.htm,https://www.tshaonline.org/handbook/entries/spanish-texas
SEQ,Indian Territory,Amériques et Caraïbes,Great Plains,tier_4,REPLACE_WITH_EXPLICIT_SETUP,,shaft_mining,TIER,REMOVE,MEDIUM,ABSENT,—,"bâtiment:building_coal_mine, bâtiment:building_copper_mine, bâtiment:building_iron_mine, bâtiment:building_lead_mine, bâtiment:building_limestone_quarry, bâtiment:building_salt_mine, bâtiment:building_sulfur…","Le nœud implique une industrie, artillerie, mine ou bureaucratie de type colonial/étatique non démontrée localement en 1776.",https://www.nps.gov/articles/comanches-and-horses.htm,https://www.tshaonline.org/handbook/entries/spanish-texas
SEQ,Indian Territory,Amériques et Caraïbes,Great Plains,tier_4,REPLACE_WITH_EXPLICIT_SETUP,,standardized_field_artillery,TIER,REMOVE,MEDIUM,ABSENT,Prérequis non résolus sans importance pratique car le nœud est recommandé REMOVE: regulated_small_arms.,PM:pm_cannons,"Le nœud implique une industrie, artillerie, mine ou bureaucratie de type colonial/étatique non démontrée localement en 1776.",https://www.nps.gov/articles/comanches-and-horses.htm,https://www.tshaonline.org/handbook/entries/spanish-texas
SEQ,Indian Territory,Amériques et Caraïbes,Great Plains,tier_4,REPLACE_WITH_EXPLICIT_SETUP,,systematic_administrative_statistics,TIER,REMOVE,MEDIUM,ABSENT,—,"bâtiment:building_government_administration, décret:decree_emergency_relief, décret:decree_road_maintenance","Le nœud implique une industrie, artillerie, mine ou bureaucratie de type colonial/étatique non démontrée localement en 1776.",https://www.nps.gov/articles/comanches-and-horses.htm,https://www.tshaonline.org/handbook/entries/spanish-texas
SEQ,Indian Territory,Amériques et Caraïbes,Great Plains,tier_4,REPLACE_WITH_EXPLICIT_SETUP,,urbanization,TIER,KEEP,HIGH,ABSTRACT,—,"bâtiment:building_construction_sector, bâtiment:building_urban_center",Nœud de compatibilité du mod ouvrant construction/centre urbain; conservé comme abstraction technique et non comme mesure d'urbanisation réelle.,https://www.nps.gov/articles/comanches-and-horses.htm,https://www.tshaonline.org/handbook/entries/spanish-texas
SLS,Séliš,Amériques et Caraïbes,Great Plains,tier_6,REVIEW_TIER,,improved_husbandry,TIER,REVIEW,MEDIUM,ABSTRACT,—,"bâtiment:building_banana_plantation, bâtiment:building_coffee_plantation, bâtiment:building_dye_plantation, bâtiment:building_livestock_ranch, bâtiment:building_maize_farm, bâtiment:building_millet_farm, bât…",Le nœud agricole du jeu couvre plusieurs pratiques de culture/élevage qui ne correspondent pas uniformément à l'économie locale; éviter de classer la société par un tier de 'civilisation'.,https://home.nps.gov/glac/learn/education/intro-to-native-american.htm,https://www.nps.gov/articles/comanches-and-horses.htm
SLS,Séliš,Amériques et Caraïbes,Great Plains,tier_6,REVIEW_TIER,,urbanization,TIER,KEEP,HIGH,ABSTRACT,—,"bâtiment:building_construction_sector, bâtiment:building_urban_center",Nœud de compatibilité du mod ouvrant construction/centre urbain; conservé comme abstraction technique et non comme mesure d'urbanisation réelle.,https://home.nps.gov/glac/learn/education/intro-to-native-american.htm,https://www.nps.gov/articles/comanches-and-horses.htm
TEX,Texas,Amériques et Caraïbes,Great Plains,tier_3,REPLACE_WITH_EXPLICIT_SETUP,,applied_mineralogy,TIER,REMOVE,HIGH,ABSENT,Prérequis non résolus sans importance pratique car le nœud est recommandé REMOVE: shaft_mining.,"bâtiment:building_gold_field, bâtiment:building_gold_mine, bâtiment:building_phosphate_mine",Aucun secteur local ne justifie ici ce déblocage minier avancé au niveau du TAG en 1776.,https://www.tshaonline.org/handbook/entries/spanish-texas,https://www.tshaonline.org/handbook/entries/ranching-in-spanish-texas
TEX,Texas,Amériques et Caraïbes,Great Plains,tier_3,REPLACE_WITH_EXPLICIT_SETUP,,codified_practical_knowledge,TIER,REMOVE,MEDIUM,ABSENT,"Prérequis non résolus sans importance pratique car le nœud est recommandé REMOVE: institutionalized_scientific_exchange, periodical_print_networks.",—,La combinaison institutionnelle et éditoriale représentée par le nœud n'est pas démontrée localement.,https://www.tshaonline.org/handbook/entries/spanish-texas,https://www.tshaonline.org/handbook/entries/ranching-in-spanish-texas
TEX,Texas,Amériques et Caraïbes,Great Plains,tier_3,REPLACE_WITH_EXPLICIT_SETUP,,coke_smelting,TIER,REMOVE,HIGH,ABSENT,Prérequis non résolus sans importance pratique car le nœud est recommandé REMOVE: organized_forestry.,"bâtiment:building_steel_mill, bâtiment:building_tooling_workshop",La fonte au coke est une innovation britannique concentrée autour de Coalbrookdale; aucune implantation locale pertinente n'est établie ici en 1776.,https://www.ironbridge.org.uk/about-us/key-figures-in-the-history-of-the-ironbridge-gorge/,https://www.tshaonline.org/handbook/entries/spanish-texas
TEX,Texas,Amériques et Caraïbes,Great Plains,tier_3,REPLACE_WITH_EXPLICIT_SETUP,,commercial_insurance_markets,TIER,REMOVE,MEDIUM,ABSENT,Prérequis non résolus sans importance pratique car le nœud est recommandé REMOVE: institutionalized_public_credit.,"loi:law_mercantilism, loi:law_mercantilism_navigation_acts",Le marché d'assurance commerciale institutionnalisé que représente le nœud n'est pas démontré localement.,https://www.tshaonline.org/handbook/entries/spanish-texas,https://www.tshaonline.org/handbook/entries/ranching-in-spanish-texas
TEX,Texas,Amériques et Caraïbes,Great Plains,tier_3,REPLACE_WITH_EXPLICIT_SETUP,,distillation,TIER,KEEP,MEDIUM,ESTABLISHED,—,"PM:pm_pot_stills, PM:pm_spiced_food_preparations",Distillation artisanale/agroalimentaire établie ou très plausible dans l'économie locale; le nœud ne suppose pas une industrialisation lourde.,https://www.tshaonline.org/handbook/entries/spanish-texas,https://www.tshaonline.org/handbook/entries/ranching-in-spanish-texas
TEX,Texas,Amériques et Caraïbes,Great Plains,tier_3,REPLACE_WITH_EXPLICIT_SETUP,,improved_husbandry,TIER,KEEP,MEDIUM,ESTABLISHED,—,"bâtiment:building_banana_plantation, bâtiment:building_coffee_plantation, bâtiment:building_dye_plantation, bâtiment:building_livestock_ranch, bâtiment:building_maize_farm, bâtiment:building_millet_farm, bât…",Agriculture/élevage structurés et améliorations pratiques sont établis; le nœud est compatible avec une économie agricole non industrielle.,https://www.tshaonline.org/handbook/entries/spanish-texas,https://www.tshaonline.org/handbook/entries/ranching-in-spanish-texas
TEX,Texas,Amériques et Caraïbes,Great Plains,tier_3,REPLACE_WITH_EXPLICIT_SETUP,,international_relations,TIER,KEEP,MEDIUM,ABSTRACT,—,—,"Le nœud est interprété comme capacité de relations diplomatiques/commerciales, y compris dans un cadre colonial ou inter-polités, non comme ministère des affaires étrangères souverain.",https://www.tshaonline.org/handbook/entries/spanish-texas,https://www.tshaonline.org/handbook/entries/ranching-in-spanish-texas
TEX,Texas,Amériques et Caraïbes,Great Plains,tier_3,REPLACE_WITH_EXPLICIT_SETUP,,light_infantry_tactics,TIER,KEEP,MEDIUM,ESTABLISHED,Prérequis directs manquants après recommandation: regulated_small_arms. Ne pas les auto-ajouter; traiter l’incohérence dans l’arbre ou revoir le nœud.,—,"Tactiques d'infanterie légère, de frontière ou de milice sont plausibles/établies dans l'environnement militaire local de 1776.",https://www.tshaonline.org/handbook/entries/spanish-texas,https://www.tshaonline.org/handbook/entries/ranching-in-spanish-texas
TEX,Texas,Amériques et Caraïbes,Great Plains,tier_3,REPLACE_WITH_EXPLICIT_SETUP,,medical_degrees,TIER,REMOVE,HIGH,ABSENT,Prérequis non résolus sans importance pratique car le nœud est recommandé REMOVE: institutionalized_scientific_exchange.,loi:law_charitable_health_system,Aucune institution locale de diplômes médicaux correspondant au nœud n'est établie pour ce TAG en 1776.,https://www.tshaonline.org/handbook/entries/spanish-texas,https://www.tshaonline.org/handbook/entries/ranching-in-spanish-texas
TEX,Texas,Amériques et Caraïbes,Great Plains,tier_3,REPLACE_WITH_EXPLICIT_SETUP,,organized_textile_production,TIER,KEEP,MEDIUM,SECTORAL,—,"PM:pm_craftsman_sewing, bâtiment:building_textile_mill",Production textile/artisanale organisée établie; conservation sectorielle sans supposer mécanisation.,https://www.tshaonline.org/handbook/entries/spanish-texas,https://www.tshaonline.org/handbook/entries/ranching-in-spanish-texas
TEX,Texas,Amériques et Caraïbes,Great Plains,tier_3,REPLACE_WITH_EXPLICIT_SETUP,,regulated_small_arms,TIER,REVIEW,LOW,SECTORAL,"Si le nœud est retenu après REVIEW, prérequis directs non établis: scientific_fortification_siegecraft. Ne pas les auto-ajouter; arbitrer abstraction de l’arbre vs retrait.","bâtiment:building_arms_industry, bâtiment:building_artillery_foundry","Garnisons/frontière disposent d'armes, sans preuve d'une industrie locale standardisée; conserver seulement si le nœud est lu comme abstraction.",https://www.tshaonline.org/handbook/entries/spanish-texas,https://www.tshaonline.org/handbook/entries/ranching-in-spanish-texas
TEX,Texas,Amériques et Caraïbes,Great Plains,tier_3,REPLACE_WITH_EXPLICIT_SETUP,,shaft_mining,TIER,REMOVE,MEDIUM,ABSENT,—,"bâtiment:building_coal_mine, bâtiment:building_copper_mine, bâtiment:building_iron_mine, bâtiment:building_lead_mine, bâtiment:building_limestone_quarry, bâtiment:building_salt_mine, bâtiment:building_sulfur…",Aucun secteur minier local ne justifie le large déblocage de mines du nœud au niveau du TAG.,https://www.tshaonline.org/handbook/entries/spanish-texas,https://www.tshaonline.org/handbook/entries/ranching-in-spanish-texas
TEX,Texas,Amériques et Caraïbes,Great Plains,tier_3,REPLACE_WITH_EXPLICIT_SETUP,,specialized_technical_academies,TIER,REMOVE,HIGH,ABSENT,Prérequis non résolus sans importance pratique car le nœud est recommandé REMOVE: institutionalized_scientific_exchange.,bâtiment:building_university,"Le nœud ouvre l'université/enseignement technique spécialisé. Même en Nouvelle-Espagne, le Seminario de Minería n'ouvre qu'en 1792; attribution locale trop précoce.",https://www.tshaonline.org/handbook/entries/spanish-texas,https://www.tshaonline.org/handbook/entries/ranching-in-spanish-texas
TEX,Texas,Amériques et Caraïbes,Great Plains,tier_3,REPLACE_WITH_EXPLICIT_SETUP,,standardized_field_artillery,TIER,REVIEW,MEDIUM,SECTORAL,"Si le nœud est retenu après REVIEW, prérequis directs non établis: regulated_small_arms. Ne pas les auto-ajouter; arbitrer abstraction de l’arbre vs retrait.",PM:pm_cannons,"L'artillerie est présente ou mobilisable, mais le degré de standardisation et de disponibilité locale au 1er janvier 1776 varie fortement.",https://www.tshaonline.org/handbook/entries/spanish-texas,https://www.tshaonline.org/handbook/entries/ranching-in-spanish-texas
TEX,Texas,Amériques et Caraïbes,Great Plains,tier_3,REPLACE_WITH_EXPLICIT_SETUP,,systematic_administrative_statistics,TIER,REVIEW,MEDIUM,ABSTRACT,—,"bâtiment:building_government_administration, décret:decree_emergency_relief, décret:decree_road_maintenance",Registres et administration existent mais leur systématicité/échelle au niveau du TAG est incertaine au cutoff.,https://www.tshaonline.org/handbook/entries/spanish-texas,https://www.tshaonline.org/handbook/entries/ranching-in-spanish-texas
TEX,Texas,Amériques et Caraïbes,Great Plains,tier_3,REPLACE_WITH_EXPLICIT_SETUP,,urbanization,TIER,KEEP,HIGH,ABSTRACT,—,"bâtiment:building_construction_sector, bâtiment:building_urban_center",Nœud de compatibilité du mod ouvrant construction/centre urbain; conservé comme abstraction technique et non comme mesure d'urbanisation réelle.,https://www.tshaonline.org/handbook/entries/spanish-texas,https://www.tshaonline.org/handbook/entries/ranching-in-spanish-texas
ALK,Alaska,Amériques et Caraïbes,Pacific Coast,tier_4,REPLACE_WITH_EXPLICIT_SETUP,,codified_practical_knowledge,TIER,REMOVE,MEDIUM,ABSENT,"Prérequis non résolus sans importance pratique car le nœud est recommandé REMOVE: institutionalized_scientific_exchange, periodical_print_networks.",—,Aucun appareil colonial russe permanent n'existe encore; cette capacité institutionnelle/industrielle locale n'est pas établie en janvier 1776.,https://www.nps.gov/subjects/nhlalaska/russian-alaska.htm,https://www.burkemuseum.org/collections-and-research/heritage/artscultures/coast-salish-art/carving-tools-technologies
ALK,Alaska,Amériques et Caraïbes,Pacific Coast,tier_4,REPLACE_WITH_EXPLICIT_SETUP,,distillation,TIER,REMOVE,MEDIUM,ABSENT,—,"PM:pm_pot_stills, PM:pm_spiced_food_preparations",Aucun appareil colonial russe permanent n'existe encore; cette capacité institutionnelle/industrielle locale n'est pas établie en janvier 1776.,https://www.nps.gov/subjects/nhlalaska/russian-alaska.htm,https://www.burkemuseum.org/collections-and-research/heritage/artscultures/coast-salish-art/carving-tools-technologies
ALK,Alaska,Amériques et Caraïbes,Pacific Coast,tier_4,REPLACE_WITH_EXPLICIT_SETUP,,improved_husbandry,TIER,REVIEW,MEDIUM,ABSTRACT,—,"bâtiment:building_banana_plantation, bâtiment:building_coffee_plantation, bâtiment:building_dye_plantation, bâtiment:building_livestock_ranch, bâtiment:building_maize_farm, bâtiment:building_millet_farm, bât…","Des savoir-faire locaux existent, mais le déblocage du nœud du mod ne correspond pas proprement à l'économie autochtone d'Alaska; arbitrage de synthèse recommandé.",https://www.nps.gov/subjects/nhlalaska/russian-alaska.htm,https://www.burkemuseum.org/collections-and-research/heritage/artscultures/coast-salish-art/carving-tools-technologies
ALK,Alaska,Amériques et Caraïbes,Pacific Coast,tier_4,REPLACE_WITH_EXPLICIT_SETUP,,international_relations,TIER,KEEP,MEDIUM,ABSTRACT,—,—,"Les communautés locales participent à des réseaux d'échange et de diplomatie; le nœud est retenu seulement comme abstraction, sans colonie russe permanente.",https://www.nps.gov/subjects/nhlalaska/russian-alaska.htm,https://www.burkemuseum.org/collections-and-research/heritage/artscultures/coast-salish-art/carving-tools-technologies
ALK,Alaska,Amériques et Caraïbes,Pacific Coast,tier_4,REPLACE_WITH_EXPLICIT_SETUP,,light_infantry_tactics,TIER,REMOVE,MEDIUM,ABSENT,Prérequis non résolus sans importance pratique car le nœud est recommandé REMOVE: regulated_small_arms.,—,Aucun appareil colonial russe permanent n'existe encore; cette capacité institutionnelle/industrielle locale n'est pas établie en janvier 1776.,https://www.nps.gov/subjects/nhlalaska/russian-alaska.htm,https://www.burkemuseum.org/collections-and-research/heritage/artscultures/coast-salish-art/carving-tools-technologies
ALK,Alaska,Amériques et Caraïbes,Pacific Coast,tier_4,REPLACE_WITH_EXPLICIT_SETUP,,organized_textile_production,TIER,REVIEW,MEDIUM,ABSTRACT,—,"PM:pm_craftsman_sewing, bâtiment:building_textile_mill","Des savoir-faire locaux existent, mais le déblocage du nœud du mod ne correspond pas proprement à l'économie autochtone d'Alaska; arbitrage de synthèse recommandé.",https://www.nps.gov/subjects/nhlalaska/russian-alaska.htm,https://www.burkemuseum.org/collections-and-research/heritage/artscultures/coast-salish-art/carving-tools-technologies
ALK,Alaska,Amériques et Caraïbes,Pacific Coast,tier_4,REPLACE_WITH_EXPLICIT_SETUP,,regulated_small_arms,TIER,REMOVE,HIGH,ABSENT,Prérequis non résolus sans importance pratique car le nœud est recommandé REMOVE: scientific_fortification_siegecraft.,"bâtiment:building_arms_industry, bâtiment:building_artillery_foundry",Aucun appareil colonial russe permanent n'existe encore; cette capacité institutionnelle/industrielle locale n'est pas établie en janvier 1776.,https://www.nps.gov/subjects/nhlalaska/russian-alaska.htm,https://www.burkemuseum.org/collections-and-research/heritage/artscultures/coast-salish-art/carving-tools-technologies
ALK,Alaska,Amériques et Caraïbes,Pacific Coast,tier_4,REPLACE_WITH_EXPLICIT_SETUP,,shaft_mining,TIER,REMOVE,HIGH,ABSENT,—,"bâtiment:building_coal_mine, bâtiment:building_copper_mine, bâtiment:building_iron_mine, bâtiment:building_lead_mine, bâtiment:building_limestone_quarry, bâtiment:building_salt_mine, bâtiment:building_sulfur…",Aucun appareil colonial russe permanent n'existe encore; cette capacité institutionnelle/industrielle locale n'est pas établie en janvier 1776.,https://www.nps.gov/subjects/nhlalaska/russian-alaska.htm,https://www.burkemuseum.org/collections-and-research/heritage/artscultures/coast-salish-art/carving-tools-technologies
ALK,Alaska,Amériques et Caraïbes,Pacific Coast,tier_4,REPLACE_WITH_EXPLICIT_SETUP,,standardized_field_artillery,TIER,REMOVE,HIGH,ABSENT,Prérequis non résolus sans importance pratique car le nœud est recommandé REMOVE: regulated_small_arms.,PM:pm_cannons,Aucun appareil colonial russe permanent n'existe encore; cette capacité institutionnelle/industrielle locale n'est pas établie en janvier 1776.,https://www.nps.gov/subjects/nhlalaska/russian-alaska.htm,https://www.burkemuseum.org/collections-and-research/heritage/artscultures/coast-salish-art/carving-tools-technologies
ALK,Alaska,Amériques et Caraïbes,Pacific Coast,tier_4,REPLACE_WITH_EXPLICIT_SETUP,,systematic_administrative_statistics,TIER,REMOVE,HIGH,ABSENT,—,"bâtiment:building_government_administration, décret:decree_emergency_relief, décret:decree_road_maintenance",Aucun appareil colonial russe permanent n'existe encore; cette capacité institutionnelle/industrielle locale n'est pas établie en janvier 1776.,https://www.nps.gov/subjects/nhlalaska/russian-alaska.htm,https://www.burkemuseum.org/collections-and-research/heritage/artscultures/coast-salish-art/carving-tools-technologies
ALK,Alaska,Amériques et Caraïbes,Pacific Coast,tier_4,REPLACE_WITH_EXPLICIT_SETUP,,urbanization,TIER,KEEP,HIGH,ABSTRACT,—,"bâtiment:building_construction_sector, bâtiment:building_urban_center",Nœud de compatibilité du mod ouvrant construction/centre urbain; conservé comme abstraction technique et non comme mesure d'urbanisation réelle.,https://www.nps.gov/subjects/nhlalaska/russian-alaska.htm,https://www.burkemuseum.org/collections-and-research/heritage/artscultures/coast-salish-art/carving-tools-technologies
BNN,Pannakwati,Amériques et Caraïbes,Pacific Coast,tier_6,REVIEW_TIER,,improved_husbandry,TIER,REVIEW,MEDIUM,ABSTRACT,—,"bâtiment:building_banana_plantation, bâtiment:building_coffee_plantation, bâtiment:building_dye_plantation, bâtiment:building_livestock_ranch, bâtiment:building_maize_farm, bâtiment:building_millet_farm, bât…",Le nœud agricole du jeu couvre plusieurs pratiques de culture/élevage qui ne correspondent pas uniformément à l'économie locale; éviter de classer la société par un tier de 'civilisation'.,https://www.burkemuseum.org/collections-and-research/heritage/artscultures/coast-salish-art/coast-salish-weaving-tools,https://www.burkemuseum.org/collections-and-research/heritage/artscultures/coast-salish-art/carving-tools-technologies
BNN,Pannakwati,Amériques et Caraïbes,Pacific Coast,tier_6,REVIEW_TIER,,urbanization,TIER,KEEP,HIGH,ABSTRACT,—,"bâtiment:building_construction_sector, bâtiment:building_urban_center",Nœud de compatibilité du mod ouvrant construction/centre urbain; conservé comme abstraction technique et non comme mesure d'urbanisation réelle.,https://www.burkemuseum.org/collections-and-research/heritage/artscultures/coast-salish-art/coast-salish-weaving-tools,https://www.burkemuseum.org/collections-and-research/heritage/artscultures/coast-salish-art/carving-tools-technologies
NVJ,Navajo,Amériques et Caraïbes,Pacific Coast,tier_6,KEEP_TIER,,improved_husbandry,TIER,KEEP,MEDIUM,SECTORAL,—,"bâtiment:building_banana_plantation, bâtiment:building_coffee_plantation, bâtiment:building_dye_plantation, bâtiment:building_livestock_ranch, bâtiment:building_maize_farm, bâtiment:building_millet_farm, bât…","Agriculture, élevage ou gestion animale/subsistance organisée sont attestés ou plausibles localement; le nœud reste une abstraction imparfaite mais utile.",https://www.nps.gov/articles/000/new-mexico-fiber-arts-traditions.htm,https://www.burkemuseum.org/collections-and-research/heritage/artscultures/coast-salish-art/coast-salish-weaving-tools
NVJ,Navajo,Amériques et Caraïbes,Pacific Coast,tier_6,KEEP_TIER,,urbanization,TIER,KEEP,HIGH,ABSTRACT,—,"bâtiment:building_construction_sector, bâtiment:building_urban_center",Nœud de compatibilité du mod ouvrant construction/centre urbain; conservé comme abstraction technique et non comme mesure d'urbanisation réelle.,https://www.nps.gov/articles/000/new-mexico-fiber-arts-traditions.htm,https://www.burkemuseum.org/collections-and-research/heritage/artscultures/coast-salish-art/coast-salish-weaving-tools
NZP,Nimíipuu,Amériques et Caraïbes,Pacific Coast,tier_6,REVIEW_TIER,,improved_husbandry,TIER,REVIEW,MEDIUM,ABSTRACT,—,"bâtiment:building_banana_plantation, bâtiment:building_coffee_plantation, bâtiment:building_dye_plantation, bâtiment:building_livestock_ranch, bâtiment:building_maize_farm, bâtiment:building_millet_farm, bât…",Le nœud agricole du jeu couvre plusieurs pratiques de culture/élevage qui ne correspondent pas uniformément à l'économie locale; éviter de classer la société par un tier de 'civilisation'.,https://home.nps.gov/glac/learn/education/intro-to-native-american.htm,https://www.nps.gov/articles/comanches-and-horses.htm
NZP,Nimíipuu,Amériques et Caraïbes,Pacific Coast,tier_6,REVIEW_TIER,,urbanization,TIER,KEEP,HIGH,ABSTRACT,—,"bâtiment:building_construction_sector, bâtiment:building_urban_center",Nœud de compatibilité du mod ouvrant construction/centre urbain; conservé comme abstraction technique et non comme mesure d'urbanisation réelle.,https://home.nps.gov/glac/learn/education/intro-to-native-american.htm,https://www.nps.gov/articles/comanches-and-horses.htm
ORG,Oregon,Amériques et Caraïbes,Pacific Coast,tier_2;tier_4,REPLACE_WITH_EXPLICIT_SETUP,,colonization,EXPLICIT,REMOVE,MEDIUM,ABSENT,Prérequis directs couverts par les recommandations fermes.,"bâtiment:building_suez_canal, loi:law_colonial_exploitation, loi:law_colonial_resettlement, loi:law_extraction_economy, loi:law_frontier_colonization",L'exploration espagnole de 1774-1775 n'a pas créé d'appareil colonial local; Fort Vancouver date de 1825. Le nœud est donc une projection institutionnelle/industrielle postérieure.,https://www.oregonencyclopedia.org/articles/cartography_of_oregon_1507_1848/,https://home.nps.gov/fova/learn/historyculture/hbcfort1.htm
ORG,Oregon,Amériques et Caraïbes,Pacific Coast,tier_2;tier_4,REPLACE_WITH_EXPLICIT_SETUP,,institutionalized_scientific_exchange,EXPLICIT,REMOVE,MEDIUM,ABSENT,—,loi:law_freedom_of_conscience,L'exploration espagnole de 1774-1775 n'a pas créé d'appareil colonial local; Fort Vancouver date de 1825. Le nœud est donc une projection institutionnelle/industrielle postérieure.,https://www.oregonencyclopedia.org/articles/cartography_of_oregon_1507_1848/,https://home.nps.gov/fova/learn/historyculture/hbcfort1.htm
ORG,Oregon,Amériques et Caraïbes,Pacific Coast,tier_2;tier_4,REPLACE_WITH_EXPLICIT_SETUP,,atmospheric_engine,TIER,REMOVE,HIGH,ABSENT,"Prérequis non résolus sans importance pratique car le nœud est recommandé REMOVE: shaft_mining, coke_smelting.","PM:pm_atmospheric_engine_pump_building_coal_mine, PM:pm_atmospheric_engine_pump_building_copper_mine, PM:pm_atmospheric_engine_pump_building_gold_mine, PM:pm_atmospheric_engine_pump_building_iron_mine, PM:pm…",L'exploration espagnole de 1774-1775 n'a pas créé d'appareil colonial local; Fort Vancouver date de 1825. Le nœud est donc une projection institutionnelle/industrielle postérieure.,https://blog.sciencemuseum.org.uk/a-new-age/,https://www.oregonencyclopedia.org/articles/cartography_of_oregon_1507_1848/
ORG,Oregon,Amériques et Caraïbes,Pacific Coast,tier_2;tier_4,REPLACE_WITH_EXPLICIT_SETUP,,codified_practical_knowledge,TIER,REMOVE,MEDIUM,ABSENT,"Prérequis non résolus sans importance pratique car le nœud est recommandé REMOVE: institutionalized_scientific_exchange, periodical_print_networks.",—,L'exploration espagnole de 1774-1775 n'a pas créé d'appareil colonial local; Fort Vancouver date de 1825. Le nœud est donc une projection institutionnelle/industrielle postérieure.,https://www.oregonencyclopedia.org/articles/cartography_of_oregon_1507_1848/,https://home.nps.gov/fova/learn/historyculture/hbcfort1.htm
ORG,Oregon,Amériques et Caraïbes,Pacific Coast,tier_2;tier_4,REPLACE_WITH_EXPLICIT_SETUP,,coke_smelting,TIER,REMOVE,HIGH,ABSENT,Prérequis non résolus sans importance pratique car le nœud est recommandé REMOVE: organized_forestry.,"bâtiment:building_steel_mill, bâtiment:building_tooling_workshop",La fonte au coke est une innovation britannique concentrée autour de Coalbrookdale; aucune implantation locale pertinente n'est établie ici en 1776.,https://www.ironbridge.org.uk/about-us/key-figures-in-the-history-of-the-ironbridge-gorge/,https://www.oregonencyclopedia.org/articles/cartography_of_oregon_1507_1848/
ORG,Oregon,Amériques et Caraïbes,Pacific Coast,tier_2;tier_4,REPLACE_WITH_EXPLICIT_SETUP,,commercial_insurance_markets,TIER,REMOVE,MEDIUM,ABSENT,Prérequis non résolus sans importance pratique car le nœud est recommandé REMOVE: institutionalized_public_credit.,"loi:law_mercantilism, loi:law_mercantilism_navigation_acts",L'exploration espagnole de 1774-1775 n'a pas créé d'appareil colonial local; Fort Vancouver date de 1825. Le nœud est donc une projection institutionnelle/industrielle postérieure.,https://www.oregonencyclopedia.org/articles/cartography_of_oregon_1507_1848/,https://home.nps.gov/fova/learn/historyculture/hbcfort1.htm
ORG,Oregon,Amériques et Caraïbes,Pacific Coast,tier_2;tier_4,REPLACE_WITH_EXPLICIT_SETUP,,distillation,TIER,REMOVE,MEDIUM,ABSENT,—,"PM:pm_pot_stills, PM:pm_spiced_food_preparations",L'exploration espagnole de 1774-1775 n'a pas créé d'appareil colonial local; Fort Vancouver date de 1825. Le nœud est donc une projection institutionnelle/industrielle postérieure.,https://www.oregonencyclopedia.org/articles/cartography_of_oregon_1507_1848/,https://home.nps.gov/fova/learn/historyculture/hbcfort1.htm
ORG,Oregon,Amériques et Caraïbes,Pacific Coast,tier_2;tier_4,REPLACE_WITH_EXPLICIT_SETUP,,enclosed_dock_systems,TIER,REMOVE,HIGH,ABSENT,—,bâtiment:building_port,L'exploration espagnole de 1774-1775 n'a pas créé d'appareil colonial local; Fort Vancouver date de 1825. Le nœud est donc une projection institutionnelle/industrielle postérieure.,https://www.oregonencyclopedia.org/articles/cartography_of_oregon_1507_1848/,https://home.nps.gov/fova/learn/historyculture/hbcfort1.htm
ORG,Oregon,Amériques et Caraïbes,Pacific Coast,tier_2;tier_4,REPLACE_WITH_EXPLICIT_SETUP,,improved_husbandry,TIER,REVIEW,MEDIUM,ABSTRACT,—,"bâtiment:building_banana_plantation, bâtiment:building_coffee_plantation, bâtiment:building_dye_plantation, bâtiment:building_livestock_ranch, bâtiment:building_maize_farm, bâtiment:building_millet_farm, bât…","Les sociétés du Nord-Ouest possèdent des techniques élaborées de bois, tissage et subsistance, mais les bâtiments/PM du nœud traduisent imparfaitement ces systèmes.",https://www.oregonencyclopedia.org/articles/cartography_of_oregon_1507_1848/,https://home.nps.gov/fova/learn/historyculture/hbcfort1.htm
ORG,Oregon,Amériques et Caraïbes,Pacific Coast,tier_2;tier_4,REPLACE_WITH_EXPLICIT_SETUP,,institutionalized_public_credit,TIER,REMOVE,HIGH,ABSENT,—,loi:law_merchant_banking,L'exploration espagnole de 1774-1775 n'a pas créé d'appareil colonial local; Fort Vancouver date de 1825. Le nœud est donc une projection institutionnelle/industrielle postérieure.,https://www.oregonencyclopedia.org/articles/cartography_of_oregon_1507_1848/,https://home.nps.gov/fova/learn/historyculture/hbcfort1.htm
ORG,Oregon,Amériques et Caraïbes,Pacific Coast,tier_2;tier_4,REPLACE_WITH_EXPLICIT_SETUP,,international_relations,TIER,KEEP,MEDIUM,ABSTRACT,—,—,"Réseaux politiques, commerciaux et capacités militaires autochtones réels; le nœud est conservé comme abstraction non européenne.",https://www.oregonencyclopedia.org/articles/cartography_of_oregon_1507_1848/,https://home.nps.gov/fova/learn/historyculture/hbcfort1.htm
ORG,Oregon,Amériques et Caraïbes,Pacific Coast,tier_2;tier_4,REPLACE_WITH_EXPLICIT_SETUP,,light_infantry_tactics,TIER,KEEP,MEDIUM,ABSTRACT,Prérequis directs manquants après recommandation: regulated_small_arms. Ne pas les auto-ajouter; traiter l’incohérence dans l’arbre ou revoir le nœud.,—,"Réseaux politiques, commerciaux et capacités militaires autochtones réels; le nœud est conservé comme abstraction non européenne.",https://www.oregonencyclopedia.org/articles/cartography_of_oregon_1507_1848/,https://home.nps.gov/fova/learn/historyculture/hbcfort1.htm
ORG,Oregon,Amériques et Caraïbes,Pacific Coast,tier_2;tier_4,REPLACE_WITH_EXPLICIT_SETUP,,organized_forestry,TIER,REVIEW,MEDIUM,ABSTRACT,—,bâtiment:building_logging_camp,"Les sociétés du Nord-Ouest possèdent des techniques élaborées de bois, tissage et subsistance, mais les bâtiments/PM du nœud traduisent imparfaitement ces systèmes.",https://www.oregonencyclopedia.org/articles/cartography_of_oregon_1507_1848/,https://home.nps.gov/fova/learn/historyculture/hbcfort1.htm
ORG,Oregon,Amériques et Caraïbes,Pacific Coast,tier_2;tier_4,REPLACE_WITH_EXPLICIT_SETUP,,organized_textile_production,TIER,REVIEW,MEDIUM,ABSTRACT,—,"PM:pm_craftsman_sewing, bâtiment:building_textile_mill","Les sociétés du Nord-Ouest possèdent des techniques élaborées de bois, tissage et subsistance, mais les bâtiments/PM du nœud traduisent imparfaitement ces systèmes.",https://www.oregonencyclopedia.org/articles/cartography_of_oregon_1507_1848/,https://home.nps.gov/fova/learn/historyculture/hbcfort1.htm
ORG,Oregon,Amériques et Caraïbes,Pacific Coast,tier_2;tier_4,REPLACE_WITH_EXPLICIT_SETUP,,periodical_print_networks,TIER,REMOVE,HIGH,ABSENT,—,"loi:law_censorship, loi:law_religious_schools",L'exploration espagnole de 1774-1775 n'a pas créé d'appareil colonial local; Fort Vancouver date de 1825. Le nœud est donc une projection institutionnelle/industrielle postérieure.,https://www.oregonencyclopedia.org/articles/cartography_of_oregon_1507_1848/,https://home.nps.gov/fova/learn/historyculture/hbcfort1.htm
ORG,Oregon,Amériques et Caraïbes,Pacific Coast,tier_2;tier_4,REPLACE_WITH_EXPLICIT_SETUP,,precision_boring,TIER,REMOVE,HIGH,ABSENT,"Prérequis non résolus sans importance pratique car le nœud est recommandé REMOVE: coke_smelting, atmospheric_engine.","PM:coffee_plantation_wet_process_manual, PM:molds, PM:pm_pig_iron",L'exploration espagnole de 1774-1775 n'a pas créé d'appareil colonial local; Fort Vancouver date de 1825. Le nœud est donc une projection institutionnelle/industrielle postérieure.,https://www.oregonencyclopedia.org/articles/cartography_of_oregon_1507_1848/,https://home.nps.gov/fova/learn/historyculture/hbcfort1.htm
ORG,Oregon,Amériques et Caraïbes,Pacific Coast,tier_2;tier_4,REPLACE_WITH_EXPLICIT_SETUP,,regulated_small_arms,TIER,REMOVE,MEDIUM,ABSENT,Prérequis non résolus sans importance pratique car le nœud est recommandé REMOVE: scientific_fortification_siegecraft.,"bâtiment:building_arms_industry, bâtiment:building_artillery_foundry",L'exploration espagnole de 1774-1775 n'a pas créé d'appareil colonial local; Fort Vancouver date de 1825. Le nœud est donc une projection institutionnelle/industrielle postérieure.,https://www.oregonencyclopedia.org/articles/cartography_of_oregon_1507_1848/,https://home.nps.gov/fova/learn/historyculture/hbcfort1.htm
ORG,Oregon,Amériques et Caraïbes,Pacific Coast,tier_2;tier_4,REPLACE_WITH_EXPLICIT_SETUP,,scientific_fortification_siegecraft,TIER,REMOVE,MEDIUM,ABSENT,—,"bâtiment:building_barrack, bâtiment:building_naval_fortification",L'exploration espagnole de 1774-1775 n'a pas créé d'appareil colonial local; Fort Vancouver date de 1825. Le nœud est donc une projection institutionnelle/industrielle postérieure.,https://www.oregonencyclopedia.org/articles/cartography_of_oregon_1507_1848/,https://home.nps.gov/fova/learn/historyculture/hbcfort1.htm
ORG,Oregon,Amériques et Caraïbes,Pacific Coast,tier_2;tier_4,REPLACE_WITH_EXPLICIT_SETUP,,shaft_mining,TIER,REMOVE,MEDIUM,ABSENT,—,"bâtiment:building_coal_mine, bâtiment:building_copper_mine, bâtiment:building_iron_mine, bâtiment:building_lead_mine, bâtiment:building_limestone_quarry, bâtiment:building_salt_mine, bâtiment:building_sulfur…",L'exploration espagnole de 1774-1775 n'a pas créé d'appareil colonial local; Fort Vancouver date de 1825. Le nœud est donc une projection institutionnelle/industrielle postérieure.,https://www.oregonencyclopedia.org/articles/cartography_of_oregon_1507_1848/,https://home.nps.gov/fova/learn/historyculture/hbcfort1.htm
ORG,Oregon,Amériques et Caraïbes,Pacific Coast,tier_2;tier_4,REPLACE_WITH_EXPLICIT_SETUP,,standardized_field_artillery,TIER,REMOVE,MEDIUM,ABSENT,Prérequis non résolus sans importance pratique car le nœud est recommandé REMOVE: regulated_small_arms.,PM:pm_cannons,L'exploration espagnole de 1774-1775 n'a pas créé d'appareil colonial local; Fort Vancouver date de 1825. Le nœud est donc une projection institutionnelle/industrielle postérieure.,https://www.oregonencyclopedia.org/articles/cartography_of_oregon_1507_1848/,https://home.nps.gov/fova/learn/historyculture/hbcfort1.htm
ORG,Oregon,Amériques et Caraïbes,Pacific Coast,tier_2;tier_4,REPLACE_WITH_EXPLICIT_SETUP,,state_dockyard_systems,TIER,REMOVE,HIGH,ABSENT,—,"bâtiment:building_naval_administration, bâtiment:building_shipyard",L'exploration espagnole de 1774-1775 n'a pas créé d'appareil colonial local; Fort Vancouver date de 1825. Le nœud est donc une projection institutionnelle/industrielle postérieure.,https://www.oregonencyclopedia.org/articles/cartography_of_oregon_1507_1848/,https://home.nps.gov/fova/learn/historyculture/hbcfort1.htm
ORG,Oregon,Amériques et Caraïbes,Pacific Coast,tier_2;tier_4,REPLACE_WITH_EXPLICIT_SETUP,,stock_exchange,TIER,REMOVE,HIGH,ABSENT,Prérequis non résolus sans importance pratique car le nœud est recommandé REMOVE: institutionalized_public_credit.,—,L'exploration espagnole de 1774-1775 n'a pas créé d'appareil colonial local; Fort Vancouver date de 1825. Le nœud est donc une projection institutionnelle/industrielle postérieure.,https://www.oregonencyclopedia.org/articles/cartography_of_oregon_1507_1848/,https://home.nps.gov/fova/learn/historyculture/hbcfort1.htm
ORG,Oregon,Amériques et Caraïbes,Pacific Coast,tier_2;tier_4,REPLACE_WITH_EXPLICIT_SETUP,,systematic_administrative_statistics,TIER,REMOVE,MEDIUM,ABSENT,—,"bâtiment:building_government_administration, décret:decree_emergency_relief, décret:decree_road_maintenance",L'exploration espagnole de 1774-1775 n'a pas créé d'appareil colonial local; Fort Vancouver date de 1825. Le nœud est donc une projection institutionnelle/industrielle postérieure.,https://www.oregonencyclopedia.org/articles/cartography_of_oregon_1507_1848/,https://home.nps.gov/fova/learn/historyculture/hbcfort1.htm
ORG,Oregon,Amériques et Caraïbes,Pacific Coast,tier_2;tier_4,REPLACE_WITH_EXPLICIT_SETUP,,traditional_food_processing,TIER,REVIEW,MEDIUM,ABSTRACT,—,bâtiment:building_food_industry,"Les sociétés du Nord-Ouest possèdent des techniques élaborées de bois, tissage et subsistance, mais les bâtiments/PM du nœud traduisent imparfaitement ces systèmes.",https://www.oregonencyclopedia.org/articles/cartography_of_oregon_1507_1848/,https://home.nps.gov/fova/learn/historyculture/hbcfort1.htm
ORG,Oregon,Amériques et Caraïbes,Pacific Coast,tier_2;tier_4,REPLACE_WITH_EXPLICIT_SETUP,,traditional_papermaking,TIER,REMOVE,MEDIUM,ABSENT,Prérequis non résolus sans importance pratique car le nœud est recommandé REMOVE: organized_forestry.,bâtiment:building_paper_mill,L'exploration espagnole de 1774-1775 n'a pas créé d'appareil colonial local; Fort Vancouver date de 1825. Le nœud est donc une projection institutionnelle/industrielle postérieure.,https://www.oregonencyclopedia.org/articles/cartography_of_oregon_1507_1848/,https://home.nps.gov/fova/learn/historyculture/hbcfort1.htm
ORG,Oregon,Amériques et Caraïbes,Pacific Coast,tier_2;tier_4,REPLACE_WITH_EXPLICIT_SETUP,,urbanization,TIER,KEEP,HIGH,ABSTRACT,—,"bâtiment:building_construction_sector, bâtiment:building_urban_center",Nœud de compatibilité du mod ouvrant construction/centre urbain; conservé comme abstraction technique et non comme mesure d'urbanisation réelle.,https://www.oregonencyclopedia.org/articles/cartography_of_oregon_1507_1848/,https://home.nps.gov/fova/learn/historyculture/hbcfort1.htm
UTE,Ute,Amériques et Caraïbes,Pacific Coast,tier_6,REVIEW_TIER,,improved_husbandry,TIER,REVIEW,MEDIUM,ABSTRACT,—,"bâtiment:building_banana_plantation, bâtiment:building_coffee_plantation, bâtiment:building_dye_plantation, bâtiment:building_livestock_ranch, bâtiment:building_maize_farm, bâtiment:building_millet_farm, bât…",Le nœud agricole du jeu couvre plusieurs pratiques de culture/élevage qui ne correspondent pas uniformément à l'économie locale; éviter de classer la société par un tier de 'civilisation'.,https://home.nps.gov/glac/learn/education/intro-to-native-american.htm,https://www.nps.gov/articles/comanches-and-horses.htm
UTE,Ute,Amériques et Caraïbes,Pacific Coast,tier_6,REVIEW_TIER,,urbanization,TIER,KEEP,HIGH,ABSTRACT,—,"bâtiment:building_construction_sector, bâtiment:building_urban_center",Nœud de compatibilité du mod ouvrant construction/centre urbain; conservé comme abstraction technique et non comme mesure d'urbanisation réelle.,https://home.nps.gov/glac/learn/education/intro-to-native-american.htm,https://www.nps.gov/articles/comanches-and-horses.htm
CUB,Cuba,Amériques et Caraïbes,Central America,tier_4,REPLACE_WITH_EXPLICIT_SETUP,,romanticism,EXPLICIT,REMOVE,HIGH,ANACHRONISTIC,Prérequis non résolus sans importance pratique car le nœud est recommandé REMOVE: institutionalized_scientific_exchange.,"bâtiment:building_art_academy, décret:decree_greener_grass_campaign, loi:law_agrarianism, loi:law_industry_banned",Le mouvement romantique institutionnalisé émerge à la fin du XVIIIe siècle; le paquet gameplay n'est pas une capacité locale établie au 1er janvier 1776.,https://www.new.ox.ac.uk/english-literature-through-the-ages/eighteenth-century-and-romanticism-1701-1836,https://revistadeindias.revistas.csic.es/index.php/revistadeindias/article/download/630/696/1115
CUB,Cuba,Amériques et Caraïbes,Central America,tier_4,REPLACE_WITH_EXPLICIT_SETUP,,codified_practical_knowledge,TIER,REVIEW,MEDIUM,ABSTRACT,"Si le nœud est retenu après REVIEW, prérequis directs non établis: institutionalized_scientific_exchange, periodical_print_networks. Ne pas les auto-ajouter; arbitrer abstraction de l’arbre vs retrait.",—,Savoirs pratiques réels mais le nœud suppose aussi des réseaux institutionnels/éditoriaux; les prérequis ne sont pas tous assurés localement en 1776.,https://revistadeindias.revistas.csic.es/index.php/revistadeindias/article/download/630/696/1115,https://whc.unesco.org/en/tentativelists/6745/
CUB,Cuba,Amériques et Caraïbes,Central America,tier_4,REPLACE_WITH_EXPLICIT_SETUP,,distillation,TIER,KEEP,MEDIUM,ESTABLISHED,—,"PM:pm_pot_stills, PM:pm_spiced_food_preparations",Distillation artisanale/agroalimentaire établie ou très plausible dans l'économie locale; le nœud ne suppose pas une industrialisation lourde.,https://revistadeindias.revistas.csic.es/index.php/revistadeindias/article/download/630/696/1115,https://whc.unesco.org/en/tentativelists/6745/
CUB,Cuba,Amériques et Caraïbes,Central America,tier_4,REPLACE_WITH_EXPLICIT_SETUP,,improved_husbandry,TIER,KEEP,MEDIUM,ESTABLISHED,—,"bâtiment:building_banana_plantation, bâtiment:building_coffee_plantation, bâtiment:building_dye_plantation, bâtiment:building_livestock_ranch, bâtiment:building_maize_farm, bâtiment:building_millet_farm, bât…",Agriculture/élevage structurés et améliorations pratiques sont établis; le nœud est compatible avec une économie agricole non industrielle.,https://revistadeindias.revistas.csic.es/index.php/revistadeindias/article/download/630/696/1115,https://whc.unesco.org/en/tentativelists/6745/
CUB,Cuba,Amériques et Caraïbes,Central America,tier_4,REPLACE_WITH_EXPLICIT_SETUP,,international_relations,TIER,KEEP,MEDIUM,ABSTRACT,—,—,"Le nœud est interprété comme capacité de relations diplomatiques/commerciales, y compris dans un cadre colonial ou inter-polités, non comme ministère des affaires étrangères souverain.",https://revistadeindias.revistas.csic.es/index.php/revistadeindias/article/download/630/696/1115,https://whc.unesco.org/en/tentativelists/6745/
CUB,Cuba,Amériques et Caraïbes,Central America,tier_4,REPLACE_WITH_EXPLICIT_SETUP,,light_infantry_tactics,TIER,KEEP,MEDIUM,ESTABLISHED,Prérequis directs manquants après recommandation: regulated_small_arms. Ne pas les auto-ajouter; traiter l’incohérence dans l’arbre ou revoir le nœud.,—,"Tactiques d'infanterie légère, de frontière ou de milice sont plausibles/établies dans l'environnement militaire local de 1776.",https://revistadeindias.revistas.csic.es/index.php/revistadeindias/article/download/630/696/1115,https://whc.unesco.org/en/tentativelists/6745/
CUB,Cuba,Amériques et Caraïbes,Central America,tier_4,REPLACE_WITH_EXPLICIT_SETUP,,organized_textile_production,TIER,REVIEW,MEDIUM,SECTORAL,—,"PM:pm_craftsman_sewing, bâtiment:building_textile_mill","Des textiles domestiques/artisanaux existent, mais le bâtiment de manufacture textile du nœud peut surreprésenter la concentration productive locale.",https://revistadeindias.revistas.csic.es/index.php/revistadeindias/article/download/630/696/1115,https://whc.unesco.org/en/tentativelists/6745/
CUB,Cuba,Amériques et Caraïbes,Central America,tier_4,REPLACE_WITH_EXPLICIT_SETUP,,regulated_small_arms,TIER,REVIEW,MEDIUM,FRONTIER,Prérequis directs couverts par les recommandations fermes.,"bâtiment:building_arms_industry, bâtiment:building_artillery_foundry","Armes à feu et ateliers/arsenaux sont présents, mais le nœud débloque une industrie d'armes et d'artillerie structurée; la capacité locale à cette échelle doit rester sectorielle.",https://revistadeindias.revistas.csic.es/index.php/revistadeindias/article/download/630/696/1115,https://whc.unesco.org/en/tentativelists/6745/
CUB,Cuba,Amériques et Caraïbes,Central America,tier_4,REPLACE_WITH_EXPLICIT_SETUP,,shaft_mining,TIER,REMOVE,MEDIUM,ABSENT,—,"bâtiment:building_coal_mine, bâtiment:building_copper_mine, bâtiment:building_iron_mine, bâtiment:building_lead_mine, bâtiment:building_limestone_quarry, bâtiment:building_salt_mine, bâtiment:building_sulfur…",Aucun secteur minier local ne justifie le large déblocage de mines du nœud au niveau du TAG.,https://revistadeindias.revistas.csic.es/index.php/revistadeindias/article/download/630/696/1115,https://whc.unesco.org/en/tentativelists/6745/
CUB,Cuba,Amériques et Caraïbes,Central America,tier_4,REPLACE_WITH_EXPLICIT_SETUP,,standardized_field_artillery,TIER,KEEP,MEDIUM,SECTORAL,Prérequis directs manquants après recommandation: regulated_small_arms. Ne pas les auto-ajouter; traiter l’incohérence dans l’arbre ou revoir le nœud.,PM:pm_cannons,"Artillerie de garnison/forteresse et organisation militaire impériale sont localement établies; conservation comme capacité sectorielle, non comme production autonome.",https://revistadeindias.revistas.csic.es/index.php/revistadeindias/article/download/630/696/1115,https://whc.unesco.org/en/tentativelists/6745/
CUB,Cuba,Amériques et Caraïbes,Central America,tier_4,REPLACE_WITH_EXPLICIT_SETUP,,systematic_administrative_statistics,TIER,KEEP,MEDIUM,SECTORAL,—,"bâtiment:building_government_administration, décret:decree_emergency_relief, décret:decree_road_maintenance","Administration fiscale/coloniale structurée et tenue de registres établies; le nœud est retenu comme abstraction de cette capacité, sans supposer statistiques modernes.",https://revistadeindias.revistas.csic.es/index.php/revistadeindias/article/download/630/696/1115,https://whc.unesco.org/en/tentativelists/6745/
CUB,Cuba,Amériques et Caraïbes,Central America,tier_4,REPLACE_WITH_EXPLICIT_SETUP,,urbanization,TIER,KEEP,HIGH,ABSTRACT,—,"bâtiment:building_construction_sector, bâtiment:building_urban_center",Nœud de compatibilité du mod ouvrant construction/centre urbain; conservé comme abstraction technique et non comme mesure d'urbanisation réelle.,https://revistadeindias.revistas.csic.es/index.php/revistadeindias/article/download/630/696/1115,https://whc.unesco.org/en/tentativelists/6745/
CUB,Cuba,Amériques et Caraïbes,Central America,tier_4,REPLACE_WITH_EXPLICIT_SETUP,,medical_degrees,ABSENT,REVIEW,MEDIUM,SECTORAL,"Si le nœud est retenu après REVIEW, prérequis directs non établis: institutionalized_scientific_exchange. Ne pas les auto-ajouter; arbitrer abstraction de l’arbre vs retrait.",loi:law_charitable_health_system,"L'Université de La Havane existe depuis 1728, mais la correspondance précise avec un système de diplômes médicaux donnant le gameplay du nœud demande vérification institutionnelle plus fine.",https://whc.unesco.org/en/tentativelists/6745/,
CUB,Cuba,Amériques et Caraïbes,Central America,tier_4,REPLACE_WITH_EXPLICIT_SETUP,,scientific_fortification_siegecraft,ABSENT,ADD,HIGH,ESTABLISHED,—,"bâtiment:building_barrack, bâtiment:building_naval_fortification","La Havane possède un complexe fortifié et d'ingénierie militaire majeur, renforcé après 1763; la capacité est locale, pas seulement métropolitaine.",https://revistadeindias.revistas.csic.es/index.php/revistadeindias/article/download/630/696/1115,https://www.nps.gov/saju/learn/historyculture/history.htm
CUB,Cuba,Amériques et Caraïbes,Central America,tier_4,REPLACE_WITH_EXPLICIT_SETUP,,state_dockyard_systems,ABSENT,ADD,HIGH,ESTABLISHED,—,"bâtiment:building_naval_administration, bâtiment:building_shipyard",Le chantier naval de La Havane est un arsenal d'État majeur et construit une part importante des navires de guerre espagnols du XVIIIe siècle.,https://revistadeindias.revistas.csic.es/index.php/revistadeindias/article/download/630/696/1115,https://whc.unesco.org/en/tentativelists/6745/
GR5,Santo Domingo,Amériques et Caraïbes,Central America,tier_4,REPLACE_WITH_EXPLICIT_SETUP,,romanticism,EXPLICIT,REMOVE,HIGH,ANACHRONISTIC,Prérequis non résolus sans importance pratique car le nœud est recommandé REMOVE: institutionalized_scientific_exchange.,"bâtiment:building_art_academy, décret:decree_greener_grass_campaign, loi:law_agrarianism, loi:law_industry_banned",Le mouvement romantique institutionnalisé émerge à la fin du XVIIIe siècle; le paquet gameplay n'est pas une capacité locale établie au 1er janvier 1776.,https://www.new.ox.ac.uk/english-literature-through-the-ages/eighteenth-century-and-romanticism-1701-1836,https://www.cambridge.org/core/journals/americas/article/abs/santo-domingos-unrealized-plantation-complex-a-prelude-to-cubas-sugar-revolution-17601795/E7C18B216651B38755C01FE028049BA8
GR5,Santo Domingo,Amériques et Caraïbes,Central America,tier_4,REPLACE_WITH_EXPLICIT_SETUP,,codified_practical_knowledge,TIER,REMOVE,MEDIUM,ABSENT,"Prérequis non résolus sans importance pratique car le nœud est recommandé REMOVE: institutionalized_scientific_exchange, periodical_print_networks.",—,La combinaison institutionnelle et éditoriale représentée par le nœud n'est pas démontrée localement.,https://www.cambridge.org/core/journals/americas/article/abs/santo-domingos-unrealized-plantation-complex-a-prelude-to-cubas-sugar-revolution-17601795/E7C18B216651B38755C01FE028049BA8,https://www.nps.gov/saju/learn/historyculture/history.htm
GR5,Santo Domingo,Amériques et Caraïbes,Central America,tier_4,REPLACE_WITH_EXPLICIT_SETUP,,distillation,TIER,KEEP,MEDIUM,ESTABLISHED,—,"PM:pm_pot_stills, PM:pm_spiced_food_preparations",Distillation artisanale/agroalimentaire établie ou très plausible dans l'économie locale; le nœud ne suppose pas une industrialisation lourde.,https://www.cambridge.org/core/journals/americas/article/abs/santo-domingos-unrealized-plantation-complex-a-prelude-to-cubas-sugar-revolution-17601795/E7C18B216651B38755C01FE028049BA8,https://www.nps.gov/saju/learn/historyculture/history.htm
GR5,Santo Domingo,Amériques et Caraïbes,Central America,tier_4,REPLACE_WITH_EXPLICIT_SETUP,,improved_husbandry,TIER,KEEP,MEDIUM,ESTABLISHED,—,"bâtiment:building_banana_plantation, bâtiment:building_coffee_plantation, bâtiment:building_dye_plantation, bâtiment:building_livestock_ranch, bâtiment:building_maize_farm, bâtiment:building_millet_farm, bât…",Agriculture/élevage structurés et améliorations pratiques sont établis; le nœud est compatible avec une économie agricole non industrielle.,https://www.cambridge.org/core/journals/americas/article/abs/santo-domingos-unrealized-plantation-complex-a-prelude-to-cubas-sugar-revolution-17601795/E7C18B216651B38755C01FE028049BA8,https://www.nps.gov/saju/learn/historyculture/history.htm
GR5,Santo Domingo,Amériques et Caraïbes,Central America,tier_4,REPLACE_WITH_EXPLICIT_SETUP,,international_relations,TIER,KEEP,MEDIUM,ABSTRACT,—,—,"Le nœud est interprété comme capacité de relations diplomatiques/commerciales, y compris dans un cadre colonial ou inter-polités, non comme ministère des affaires étrangères souverain.",https://www.cambridge.org/core/journals/americas/article/abs/santo-domingos-unrealized-plantation-complex-a-prelude-to-cubas-sugar-revolution-17601795/E7C18B216651B38755C01FE028049BA8,https://www.nps.gov/saju/learn/historyculture/history.htm
GR5,Santo Domingo,Amériques et Caraïbes,Central America,tier_4,REPLACE_WITH_EXPLICIT_SETUP,,light_infantry_tactics,TIER,KEEP,MEDIUM,ESTABLISHED,Prérequis directs manquants après recommandation: regulated_small_arms. Ne pas les auto-ajouter; traiter l’incohérence dans l’arbre ou revoir le nœud.,—,"Tactiques d'infanterie légère, de frontière ou de milice sont plausibles/établies dans l'environnement militaire local de 1776.",https://www.cambridge.org/core/journals/americas/article/abs/santo-domingos-unrealized-plantation-complex-a-prelude-to-cubas-sugar-revolution-17601795/E7C18B216651B38755C01FE028049BA8,https://www.nps.gov/saju/learn/historyculture/history.htm
GR5,Santo Domingo,Amériques et Caraïbes,Central America,tier_4,REPLACE_WITH_EXPLICIT_SETUP,,organized_textile_production,TIER,REVIEW,MEDIUM,SECTORAL,—,"PM:pm_craftsman_sewing, bâtiment:building_textile_mill","Des textiles domestiques/artisanaux existent, mais le bâtiment de manufacture textile du nœud peut surreprésenter la concentration productive locale.",https://www.cambridge.org/core/journals/americas/article/abs/santo-domingos-unrealized-plantation-complex-a-prelude-to-cubas-sugar-revolution-17601795/E7C18B216651B38755C01FE028049BA8,https://www.nps.gov/saju/learn/historyculture/history.htm
GR5,Santo Domingo,Amériques et Caraïbes,Central America,tier_4,REPLACE_WITH_EXPLICIT_SETUP,,regulated_small_arms,TIER,REMOVE,MEDIUM,ABSENT,Prérequis non résolus sans importance pratique car le nœud est recommandé REMOVE: scientific_fortification_siegecraft.,"bâtiment:building_arms_industry, bâtiment:building_artillery_foundry",La présence d'armes importées ne suffit pas à justifier l'industrie locale débloquée par le nœud.,https://www.cambridge.org/core/journals/americas/article/abs/santo-domingos-unrealized-plantation-complex-a-prelude-to-cubas-sugar-revolution-17601795/E7C18B216651B38755C01FE028049BA8,https://www.nps.gov/saju/learn/historyculture/history.htm
GR5,Santo Domingo,Amériques et Caraïbes,Central America,tier_4,REPLACE_WITH_EXPLICIT_SETUP,,shaft_mining,TIER,REMOVE,MEDIUM,ABSENT,—,"bâtiment:building_coal_mine, bâtiment:building_copper_mine, bâtiment:building_iron_mine, bâtiment:building_lead_mine, bâtiment:building_limestone_quarry, bâtiment:building_salt_mine, bâtiment:building_sulfur…",Aucun secteur minier local ne justifie le large déblocage de mines du nœud au niveau du TAG.,https://www.cambridge.org/core/journals/americas/article/abs/santo-domingos-unrealized-plantation-complex-a-prelude-to-cubas-sugar-revolution-17601795/E7C18B216651B38755C01FE028049BA8,https://www.nps.gov/saju/learn/historyculture/history.htm
GR5,Santo Domingo,Amériques et Caraïbes,Central America,tier_4,REPLACE_WITH_EXPLICIT_SETUP,,standardized_field_artillery,TIER,REVIEW,MEDIUM,SECTORAL,"Si le nœud est retenu après REVIEW, prérequis directs non établis: regulated_small_arms. Ne pas les auto-ajouter; arbitrer abstraction de l’arbre vs retrait.",PM:pm_cannons,"L'artillerie est présente ou mobilisable, mais le degré de standardisation et de disponibilité locale au 1er janvier 1776 varie fortement.",https://www.cambridge.org/core/journals/americas/article/abs/santo-domingos-unrealized-plantation-complex-a-prelude-to-cubas-sugar-revolution-17601795/E7C18B216651B38755C01FE028049BA8,https://www.nps.gov/saju/learn/historyculture/history.htm
GR5,Santo Domingo,Amériques et Caraïbes,Central America,tier_4,REPLACE_WITH_EXPLICIT_SETUP,,systematic_administrative_statistics,TIER,KEEP,MEDIUM,SECTORAL,—,"bâtiment:building_government_administration, décret:decree_emergency_relief, décret:decree_road_maintenance","Administration fiscale/coloniale structurée et tenue de registres établies; le nœud est retenu comme abstraction de cette capacité, sans supposer statistiques modernes.",https://www.cambridge.org/core/journals/americas/article/abs/santo-domingos-unrealized-plantation-complex-a-prelude-to-cubas-sugar-revolution-17601795/E7C18B216651B38755C01FE028049BA8,https://www.nps.gov/saju/learn/historyculture/history.htm
GR5,Santo Domingo,Amériques et Caraïbes,Central America,tier_4,REPLACE_WITH_EXPLICIT_SETUP,,urbanization,TIER,KEEP,HIGH,ABSTRACT,—,"bâtiment:building_construction_sector, bâtiment:building_urban_center",Nœud de compatibilité du mod ouvrant construction/centre urbain; conservé comme abstraction technique et non comme mesure d'urbanisation réelle.,https://www.cambridge.org/core/journals/americas/article/abs/santo-domingos-unrealized-plantation-complex-a-prelude-to-cubas-sugar-revolution-17601795/E7C18B216651B38755C01FE028049BA8,https://www.nps.gov/saju/learn/historyculture/history.htm
HAI,Haiti,Amériques et Caraïbes,Central America,tier_4,REPLACE_WITH_EXPLICIT_SETUP,,colonization,EXPLICIT,KEEP,MEDIUM,ABSTRACT,Prérequis directs couverts par les recommandations fermes.,"bâtiment:building_suez_canal, loi:law_colonial_exploitation, loi:law_colonial_resettlement, loi:law_extraction_economy, loi:law_frontier_colonization","Conservé comme abstraction d'un appareil colonial/frontière effectivement actif sur le territoire, sans lui attribuer toutes les capacités de la métropole.",https://catalogue.bnf.fr/ark:/12148/cb32780604j,https://catalogue.bnf.fr/ark:/12148/cb155838965
HAI,Haiti,Amériques et Caraïbes,Central America,tier_4,REPLACE_WITH_EXPLICIT_SETUP,,institutionalized_scientific_exchange,EXPLICIT,REVIEW,HIGH,ABSENT,—,loi:law_freedom_of_conscience,"Le Cercle des Philadelphes, première académie scientifique locale marquante, n'est fondé qu'en 1784; d'éventuels échanges antérieurs sont insuffisants pour conclure.",https://catalogue.bnf.fr/ark:/12148/cb32780604j,https://catalogue.bnf.fr/ark:/12148/cb155838965
HAI,Haiti,Amériques et Caraïbes,Central America,tier_4,REPLACE_WITH_EXPLICIT_SETUP,,codified_practical_knowledge,TIER,REVIEW,MEDIUM,ABSTRACT,"Si le nœud est retenu après REVIEW, prérequis directs non établis: institutionalized_scientific_exchange. Ne pas les auto-ajouter; arbitrer abstraction de l’arbre vs retrait.",—,Savoirs pratiques réels mais le nœud suppose aussi des réseaux institutionnels/éditoriaux; les prérequis ne sont pas tous assurés localement en 1776.,https://catalogue.bnf.fr/ark:/12148/cb32780604j,https://catalogue.bnf.fr/ark:/12148/cb155838965
HAI,Haiti,Amériques et Caraïbes,Central America,tier_4,REPLACE_WITH_EXPLICIT_SETUP,,distillation,TIER,KEEP,MEDIUM,ESTABLISHED,—,"PM:pm_pot_stills, PM:pm_spiced_food_preparations",Distillation artisanale/agroalimentaire établie ou très plausible dans l'économie locale; le nœud ne suppose pas une industrialisation lourde.,https://catalogue.bnf.fr/ark:/12148/cb32780604j,https://catalogue.bnf.fr/ark:/12148/cb155838965
HAI,Haiti,Amériques et Caraïbes,Central America,tier_4,REPLACE_WITH_EXPLICIT_SETUP,,improved_husbandry,TIER,KEEP,MEDIUM,ESTABLISHED,—,"bâtiment:building_banana_plantation, bâtiment:building_coffee_plantation, bâtiment:building_dye_plantation, bâtiment:building_livestock_ranch, bâtiment:building_maize_farm, bâtiment:building_millet_farm, bât…",Agriculture/élevage structurés et améliorations pratiques sont établis; le nœud est compatible avec une économie agricole non industrielle.,https://catalogue.bnf.fr/ark:/12148/cb32780604j,https://catalogue.bnf.fr/ark:/12148/cb155838965
HAI,Haiti,Amériques et Caraïbes,Central America,tier_4,REPLACE_WITH_EXPLICIT_SETUP,,international_relations,TIER,KEEP,MEDIUM,ABSTRACT,—,—,"Le nœud est interprété comme capacité de relations diplomatiques/commerciales, y compris dans un cadre colonial ou inter-polités, non comme ministère des affaires étrangères souverain.",https://catalogue.bnf.fr/ark:/12148/cb32780604j,https://catalogue.bnf.fr/ark:/12148/cb155838965
HAI,Haiti,Amériques et Caraïbes,Central America,tier_4,REPLACE_WITH_EXPLICIT_SETUP,,light_infantry_tactics,TIER,KEEP,MEDIUM,ESTABLISHED,Prérequis directs manquants après recommandation: regulated_small_arms. Ne pas les auto-ajouter; traiter l’incohérence dans l’arbre ou revoir le nœud.,—,"Tactiques d'infanterie légère, de frontière ou de milice sont plausibles/établies dans l'environnement militaire local de 1776.",https://catalogue.bnf.fr/ark:/12148/cb32780604j,https://catalogue.bnf.fr/ark:/12148/cb155838965
HAI,Haiti,Amériques et Caraïbes,Central America,tier_4,REPLACE_WITH_EXPLICIT_SETUP,,organized_textile_production,TIER,REVIEW,MEDIUM,SECTORAL,—,"PM:pm_craftsman_sewing, bâtiment:building_textile_mill","Des textiles domestiques/artisanaux existent, mais le bâtiment de manufacture textile du nœud peut surreprésenter la concentration productive locale.",https://catalogue.bnf.fr/ark:/12148/cb32780604j,https://catalogue.bnf.fr/ark:/12148/cb155838965
HAI,Haiti,Amériques et Caraïbes,Central America,tier_4,REPLACE_WITH_EXPLICIT_SETUP,,regulated_small_arms,TIER,REMOVE,MEDIUM,ABSENT,Prérequis non résolus sans importance pratique car le nœud est recommandé REMOVE: scientific_fortification_siegecraft.,"bâtiment:building_arms_industry, bâtiment:building_artillery_foundry",La présence d'armes importées ne suffit pas à justifier l'industrie locale débloquée par le nœud.,https://catalogue.bnf.fr/ark:/12148/cb32780604j,https://catalogue.bnf.fr/ark:/12148/cb155838965
HAI,Haiti,Amériques et Caraïbes,Central America,tier_4,REPLACE_WITH_EXPLICIT_SETUP,,shaft_mining,TIER,REMOVE,MEDIUM,ABSENT,—,"bâtiment:building_coal_mine, bâtiment:building_copper_mine, bâtiment:building_iron_mine, bâtiment:building_lead_mine, bâtiment:building_limestone_quarry, bâtiment:building_salt_mine, bâtiment:building_sulfur…",Aucun secteur minier local ne justifie le large déblocage de mines du nœud au niveau du TAG.,https://catalogue.bnf.fr/ark:/12148/cb32780604j,https://catalogue.bnf.fr/ark:/12148/cb155838965
HAI,Haiti,Amériques et Caraïbes,Central America,tier_4,REPLACE_WITH_EXPLICIT_SETUP,,standardized_field_artillery,TIER,REVIEW,MEDIUM,SECTORAL,"Si le nœud est retenu après REVIEW, prérequis directs non établis: regulated_small_arms. Ne pas les auto-ajouter; arbitrer abstraction de l’arbre vs retrait.",PM:pm_cannons,"L'artillerie est présente ou mobilisable, mais le degré de standardisation et de disponibilité locale au 1er janvier 1776 varie fortement.",https://catalogue.bnf.fr/ark:/12148/cb32780604j,https://catalogue.bnf.fr/ark:/12148/cb155838965
HAI,Haiti,Amériques et Caraïbes,Central America,tier_4,REPLACE_WITH_EXPLICIT_SETUP,,systematic_administrative_statistics,TIER,KEEP,MEDIUM,SECTORAL,—,"bâtiment:building_government_administration, décret:decree_emergency_relief, décret:decree_road_maintenance","Administration fiscale/coloniale structurée et tenue de registres établies; le nœud est retenu comme abstraction de cette capacité, sans supposer statistiques modernes.",https://catalogue.bnf.fr/ark:/12148/cb32780604j,https://catalogue.bnf.fr/ark:/12148/cb155838965
HAI,Haiti,Amériques et Caraïbes,Central America,tier_4,REPLACE_WITH_EXPLICIT_SETUP,,urbanization,TIER,KEEP,HIGH,ABSTRACT,—,"bâtiment:building_construction_sector, bâtiment:building_urban_center",Nœud de compatibilité du mod ouvrant construction/centre urbain; conservé comme abstraction technique et non comme mesure d'urbanisation réelle.,https://catalogue.bnf.fr/ark:/12148/cb32780604j,https://catalogue.bnf.fr/ark:/12148/cb155838965
HAI,Haiti,Amériques et Caraïbes,Central America,tier_4,REPLACE_WITH_EXPLICIT_SETUP,,periodical_print_networks,ABSENT,ADD,HIGH,ESTABLISHED,—,"loi:law_censorship, loi:law_religious_schools","Gazette de S. Domingue (1764), puis Affiches américaines à partir de 1766 et suppléments : réseau périodique local continu avant 1776.",https://catalogue.bnf.fr/ark:/12148/cb32780604j,
MEX,Mexico,Amériques et Caraïbes,Central America,tier_4,REPLACE_WITH_EXPLICIT_SETUP,,colonization,EXPLICIT,KEEP,MEDIUM,ABSTRACT,Prérequis directs couverts par les recommandations fermes.,"bâtiment:building_suez_canal, loi:law_colonial_exploitation, loi:law_colonial_resettlement, loi:law_extraction_economy, loi:law_frontier_colonization","Conservé comme abstraction d'un appareil colonial/frontière effectivement actif sur le territoire, sans lui attribuer toutes les capacités de la métropole.",https://gazetademexico.colmex.mx/,https://www.ingenieria.unam.mx/historia.php
MEX,Mexico,Amériques et Caraïbes,Central America,tier_4,REPLACE_WITH_EXPLICIT_SETUP,,institutionalized_scientific_exchange,EXPLICIT,REVIEW,MEDIUM,SECTORAL,—,loi:law_freedom_of_conscience,"Enseignement supérieur, savants ou circulation de savoirs existent, mais le degré d'institutionnalisation locale correspondant au nœud reste incertain.",https://gazetademexico.colmex.mx/,https://www.ingenieria.unam.mx/historia.php
MEX,Mexico,Amériques et Caraïbes,Central America,tier_4,REPLACE_WITH_EXPLICIT_SETUP,,codified_practical_knowledge,TIER,REVIEW,MEDIUM,ABSTRACT,"Si le nœud est retenu après REVIEW, prérequis directs non établis: institutionalized_scientific_exchange, periodical_print_networks. Ne pas les auto-ajouter; arbitrer abstraction de l’arbre vs retrait.",—,Savoirs pratiques réels mais le nœud suppose aussi des réseaux institutionnels/éditoriaux; les prérequis ne sont pas tous assurés localement en 1776.,https://gazetademexico.colmex.mx/,https://www.ingenieria.unam.mx/historia.php
MEX,Mexico,Amériques et Caraïbes,Central America,tier_4,REPLACE_WITH_EXPLICIT_SETUP,,distillation,TIER,KEEP,MEDIUM,ESTABLISHED,—,"PM:pm_pot_stills, PM:pm_spiced_food_preparations",Distillation artisanale/agroalimentaire établie ou très plausible dans l'économie locale; le nœud ne suppose pas une industrialisation lourde.,https://gazetademexico.colmex.mx/,https://www.ingenieria.unam.mx/historia.php
MEX,Mexico,Amériques et Caraïbes,Central America,tier_4,REPLACE_WITH_EXPLICIT_SETUP,,improved_husbandry,TIER,KEEP,MEDIUM,ESTABLISHED,—,"bâtiment:building_banana_plantation, bâtiment:building_coffee_plantation, bâtiment:building_dye_plantation, bâtiment:building_livestock_ranch, bâtiment:building_maize_farm, bâtiment:building_millet_farm, bât…",Agriculture/élevage structurés et améliorations pratiques sont établis; le nœud est compatible avec une économie agricole non industrielle.,https://gazetademexico.colmex.mx/,https://www.ingenieria.unam.mx/historia.php
MEX,Mexico,Amériques et Caraïbes,Central America,tier_4,REPLACE_WITH_EXPLICIT_SETUP,,international_relations,TIER,KEEP,MEDIUM,ABSTRACT,—,—,"Le nœud est interprété comme capacité de relations diplomatiques/commerciales, y compris dans un cadre colonial ou inter-polités, non comme ministère des affaires étrangères souverain.",https://gazetademexico.colmex.mx/,https://www.ingenieria.unam.mx/historia.php
MEX,Mexico,Amériques et Caraïbes,Central America,tier_4,REPLACE_WITH_EXPLICIT_SETUP,,light_infantry_tactics,TIER,KEEP,MEDIUM,ESTABLISHED,Prérequis directs manquants après recommandation: regulated_small_arms. Ne pas les auto-ajouter; traiter l’incohérence dans l’arbre ou revoir le nœud.,—,"Tactiques d'infanterie légère, de frontière ou de milice sont plausibles/établies dans l'environnement militaire local de 1776.",https://gazetademexico.colmex.mx/,https://www.ingenieria.unam.mx/historia.php
MEX,Mexico,Amériques et Caraïbes,Central America,tier_4,REPLACE_WITH_EXPLICIT_SETUP,,organized_textile_production,TIER,KEEP,MEDIUM,SECTORAL,—,"PM:pm_craftsman_sewing, bâtiment:building_textile_mill",Production textile/artisanale organisée établie; conservation sectorielle sans supposer mécanisation.,https://gazetademexico.colmex.mx/,https://www.ingenieria.unam.mx/historia.php
MEX,Mexico,Amériques et Caraïbes,Central America,tier_4,REPLACE_WITH_EXPLICIT_SETUP,,regulated_small_arms,TIER,REVIEW,MEDIUM,FRONTIER,"Si le nœud est retenu après REVIEW, prérequis directs non établis: scientific_fortification_siegecraft. Ne pas les auto-ajouter; arbitrer abstraction de l’arbre vs retrait.","bâtiment:building_arms_industry, bâtiment:building_artillery_foundry","Armes à feu et ateliers/arsenaux sont présents, mais le nœud débloque une industrie d'armes et d'artillerie structurée; la capacité locale à cette échelle doit rester sectorielle.",https://gazetademexico.colmex.mx/,https://www.ingenieria.unam.mx/historia.php
MEX,Mexico,Amériques et Caraïbes,Central America,tier_4,REPLACE_WITH_EXPLICIT_SETUP,,shaft_mining,TIER,KEEP,HIGH,ESTABLISHED,—,"bâtiment:building_coal_mine, bâtiment:building_copper_mine, bâtiment:building_iron_mine, bâtiment:building_lead_mine, bâtiment:building_limestone_quarry, bâtiment:building_salt_mine, bâtiment:building_sulfur…",Extraction minière souterraine/organisée et chaînes de traitement sont établies dans ce territoire en 1776.,https://gazetademexico.colmex.mx/,https://www.ingenieria.unam.mx/historia.php
MEX,Mexico,Amériques et Caraïbes,Central America,tier_4,REPLACE_WITH_EXPLICIT_SETUP,,standardized_field_artillery,TIER,KEEP,MEDIUM,SECTORAL,Prérequis directs manquants après recommandation: regulated_small_arms. Ne pas les auto-ajouter; traiter l’incohérence dans l’arbre ou revoir le nœud.,PM:pm_cannons,"Artillerie de garnison/forteresse et organisation militaire impériale sont localement établies; conservation comme capacité sectorielle, non comme production autonome.",https://gazetademexico.colmex.mx/,https://www.ingenieria.unam.mx/historia.php
MEX,Mexico,Amériques et Caraïbes,Central America,tier_4,REPLACE_WITH_EXPLICIT_SETUP,,systematic_administrative_statistics,TIER,KEEP,MEDIUM,SECTORAL,—,"bâtiment:building_government_administration, décret:decree_emergency_relief, décret:decree_road_maintenance","Administration fiscale/coloniale structurée et tenue de registres établies; le nœud est retenu comme abstraction de cette capacité, sans supposer statistiques modernes.",https://gazetademexico.colmex.mx/,https://www.ingenieria.unam.mx/historia.php
MEX,Mexico,Amériques et Caraïbes,Central America,tier_4,REPLACE_WITH_EXPLICIT_SETUP,,urbanization,TIER,KEEP,HIGH,ABSTRACT,—,"bâtiment:building_construction_sector, bâtiment:building_urban_center",Nœud de compatibilité du mod ouvrant construction/centre urbain; conservé comme abstraction technique et non comme mesure d'urbanisation réelle.,https://gazetademexico.colmex.mx/,https://www.ingenieria.unam.mx/historia.php
MEX,Mexico,Amériques et Caraïbes,Central America,tier_4,REPLACE_WITH_EXPLICIT_SETUP,,applied_mineralogy,ABSENT,ADD,MEDIUM,SECTORAL,Prérequis directs couverts par les recommandations fermes.,"bâtiment:building_gold_field, bâtiment:building_gold_mine, bâtiment:building_phosphate_mine","La Nouvelle-Espagne dispose d'une industrie minière ancienne et de procédés pratiques avancés; le nœud est justifié comme savoir-faire sectoriel, mais pas comme l'académie minière de 1792.",https://www.ingenieria.unam.mx/historia.php,https://gazetademexico.colmex.mx/
MEX,Mexico,Amériques et Caraïbes,Central America,tier_4,REPLACE_WITH_EXPLICIT_SETUP,,periodical_print_networks,ABSENT,REVIEW,MEDIUM,SECTORAL,—,"loi:law_censorship, loi:law_religious_schools","La presse périodique est attestée en 1722 puis 1728-1742, mais la série suivante ne commence qu'en 1784; au 1er janvier 1776 la capacité d'imprimer existe sans réseau périodique actif démontré.",https://gazetademexico.colmex.mx/,
MKT,Miskitia,Amériques et Caraïbes,Central America,tier_4,REPLACE_WITH_EXPLICIT_SETUP,,codified_practical_knowledge,TIER,REMOVE,MEDIUM,ABSENT,"Prérequis non résolus sans importance pratique car le nœud est recommandé REMOVE: institutionalized_scientific_exchange, periodical_print_networks.",—,"Le nœud implique une industrie, artillerie, mine ou bureaucratie de type colonial/étatique non démontrée localement en 1776.",https://www.cambridge.org/core/journals/business-history-review/article/rise-and-fall-of-george-frederic-augustus-ii-the-central-american-caribbean-and-atlantic-life-of-a-miskitu-king-18051824/95104178A18D586FD39B892D1BC2BA18,https://www.nps.gov/saju/learn/historyculture/history.htm
MKT,Miskitia,Amériques et Caraïbes,Central America,tier_4,REPLACE_WITH_EXPLICIT_SETUP,,distillation,TIER,REMOVE,MEDIUM,ABSENT,—,"PM:pm_pot_stills, PM:pm_spiced_food_preparations","Le nœud implique une industrie, artillerie, mine ou bureaucratie de type colonial/étatique non démontrée localement en 1776.",https://www.cambridge.org/core/journals/business-history-review/article/rise-and-fall-of-george-frederic-augustus-ii-the-central-american-caribbean-and-atlantic-life-of-a-miskitu-king-18051824/95104178A18D586FD39B892D1BC2BA18,https://www.nps.gov/saju/learn/historyculture/history.htm
MKT,Miskitia,Amériques et Caraïbes,Central America,tier_4,REPLACE_WITH_EXPLICIT_SETUP,,improved_husbandry,TIER,REVIEW,MEDIUM,ABSTRACT,—,"bâtiment:building_banana_plantation, bâtiment:building_coffee_plantation, bâtiment:building_dye_plantation, bâtiment:building_livestock_ranch, bâtiment:building_maize_farm, bâtiment:building_millet_farm, bât…","Agriculture/horticulture ou gestion animale locale possible, mais le paquet de PM agricoles du jeu n'est pas un équivalent exact.",https://www.cambridge.org/core/journals/business-history-review/article/rise-and-fall-of-george-frederic-augustus-ii-the-central-american-caribbean-and-atlantic-life-of-a-miskitu-king-18051824/95104178A18D586FD39B892D1BC2BA18,https://www.nps.gov/saju/learn/historyculture/history.htm
MKT,Miskitia,Amériques et Caraïbes,Central America,tier_4,REPLACE_WITH_EXPLICIT_SETUP,,international_relations,TIER,KEEP,MEDIUM,ABSTRACT,—,—,"Diplomatie, commerce et relations inter-polités sont établis; le nœud est une abstraction institutionnelle.",https://www.cambridge.org/core/journals/business-history-review/article/rise-and-fall-of-george-frederic-augustus-ii-the-central-american-caribbean-and-atlantic-life-of-a-miskitu-king-18051824/95104178A18D586FD39B892D1BC2BA18,https://www.nps.gov/saju/learn/historyculture/history.htm
MKT,Miskitia,Amériques et Caraïbes,Central America,tier_4,REPLACE_WITH_EXPLICIT_SETUP,,light_infantry_tactics,TIER,KEEP,MEDIUM,ABSTRACT,Prérequis directs manquants après recommandation: regulated_small_arms. Ne pas les auto-ajouter; traiter l’incohérence dans l’arbre ou revoir le nœud.,—,"Tactiques de guerre mobile et connaissance du terrain sont réelles; conservation comme abstraction militaire, sans supposer une armée européenne standardisée.",https://www.cambridge.org/core/journals/business-history-review/article/rise-and-fall-of-george-frederic-augustus-ii-the-central-american-caribbean-and-atlantic-life-of-a-miskitu-king-18051824/95104178A18D586FD39B892D1BC2BA18,https://www.nps.gov/saju/learn/historyculture/history.htm
MKT,Miskitia,Amériques et Caraïbes,Central America,tier_4,REPLACE_WITH_EXPLICIT_SETUP,,organized_textile_production,TIER,REVIEW,MEDIUM,ABSTRACT,—,"PM:pm_craftsman_sewing, bâtiment:building_textile_mill","Production textile/artisanale locale possible, mais le nœud débloque une filière de type manufacture qui peut surreprésenter la réalité.",https://www.cambridge.org/core/journals/business-history-review/article/rise-and-fall-of-george-frederic-augustus-ii-the-central-american-caribbean-and-atlantic-life-of-a-miskitu-king-18051824/95104178A18D586FD39B892D1BC2BA18,https://www.nps.gov/saju/learn/historyculture/history.htm
MKT,Miskitia,Amériques et Caraïbes,Central America,tier_4,REPLACE_WITH_EXPLICIT_SETUP,,regulated_small_arms,TIER,REMOVE,MEDIUM,ABSENT,Prérequis non résolus sans importance pratique car le nœud est recommandé REMOVE: scientific_fortification_siegecraft.,"bâtiment:building_arms_industry, bâtiment:building_artillery_foundry","Le nœud implique une industrie, artillerie, mine ou bureaucratie de type colonial/étatique non démontrée localement en 1776.",https://www.cambridge.org/core/journals/business-history-review/article/rise-and-fall-of-george-frederic-augustus-ii-the-central-american-caribbean-and-atlantic-life-of-a-miskitu-king-18051824/95104178A18D586FD39B892D1BC2BA18,https://www.nps.gov/saju/learn/historyculture/history.htm
MKT,Miskitia,Amériques et Caraïbes,Central America,tier_4,REPLACE_WITH_EXPLICIT_SETUP,,shaft_mining,TIER,REMOVE,MEDIUM,ABSENT,—,"bâtiment:building_coal_mine, bâtiment:building_copper_mine, bâtiment:building_iron_mine, bâtiment:building_lead_mine, bâtiment:building_limestone_quarry, bâtiment:building_salt_mine, bâtiment:building_sulfur…","Le nœud implique une industrie, artillerie, mine ou bureaucratie de type colonial/étatique non démontrée localement en 1776.",https://www.cambridge.org/core/journals/business-history-review/article/rise-and-fall-of-george-frederic-augustus-ii-the-central-american-caribbean-and-atlantic-life-of-a-miskitu-king-18051824/95104178A18D586FD39B892D1BC2BA18,https://www.nps.gov/saju/learn/historyculture/history.htm
MKT,Miskitia,Amériques et Caraïbes,Central America,tier_4,REPLACE_WITH_EXPLICIT_SETUP,,standardized_field_artillery,TIER,REMOVE,MEDIUM,ABSENT,Prérequis non résolus sans importance pratique car le nœud est recommandé REMOVE: regulated_small_arms.,PM:pm_cannons,"Le nœud implique une industrie, artillerie, mine ou bureaucratie de type colonial/étatique non démontrée localement en 1776.",https://www.cambridge.org/core/journals/business-history-review/article/rise-and-fall-of-george-frederic-augustus-ii-the-central-american-caribbean-and-atlantic-life-of-a-miskitu-king-18051824/95104178A18D586FD39B892D1BC2BA18,https://www.nps.gov/saju/learn/historyculture/history.htm
MKT,Miskitia,Amériques et Caraïbes,Central America,tier_4,REPLACE_WITH_EXPLICIT_SETUP,,systematic_administrative_statistics,TIER,REMOVE,MEDIUM,ABSENT,—,"bâtiment:building_government_administration, décret:decree_emergency_relief, décret:decree_road_maintenance","Le nœud implique une industrie, artillerie, mine ou bureaucratie de type colonial/étatique non démontrée localement en 1776.",https://www.cambridge.org/core/journals/business-history-review/article/rise-and-fall-of-george-frederic-augustus-ii-the-central-american-caribbean-and-atlantic-life-of-a-miskitu-king-18051824/95104178A18D586FD39B892D1BC2BA18,https://www.nps.gov/saju/learn/historyculture/history.htm
MKT,Miskitia,Amériques et Caraïbes,Central America,tier_4,REPLACE_WITH_EXPLICIT_SETUP,,urbanization,TIER,KEEP,HIGH,ABSTRACT,—,"bâtiment:building_construction_sector, bâtiment:building_urban_center",Nœud de compatibilité du mod ouvrant construction/centre urbain; conservé comme abstraction technique et non comme mesure d'urbanisation réelle.,https://www.cambridge.org/core/journals/business-history-review/article/rise-and-fall-of-george-frederic-augustus-ii-the-central-american-caribbean-and-atlantic-life-of-a-miskitu-king-18051824/95104178A18D586FD39B892D1BC2BA18,https://www.nps.gov/saju/learn/historyculture/history.htm
PCO,Puerto Rico,Amériques et Caraïbes,Central America,tier_4,REPLACE_WITH_EXPLICIT_SETUP,,codified_practical_knowledge,TIER,REMOVE,MEDIUM,ABSENT,"Prérequis non résolus sans importance pratique car le nœud est recommandé REMOVE: institutionalized_scientific_exchange, periodical_print_networks.",—,La combinaison institutionnelle et éditoriale représentée par le nœud n'est pas démontrée localement.,https://www.nps.gov/saju/learn/historyculture/history.htm,https://www.loc.gov/item/2013201074/
PCO,Puerto Rico,Amériques et Caraïbes,Central America,tier_4,REPLACE_WITH_EXPLICIT_SETUP,,distillation,TIER,KEEP,MEDIUM,ESTABLISHED,—,"PM:pm_pot_stills, PM:pm_spiced_food_preparations",Distillation artisanale/agroalimentaire établie ou très plausible dans l'économie locale; le nœud ne suppose pas une industrialisation lourde.,https://www.nps.gov/saju/learn/historyculture/history.htm,https://www.loc.gov/item/2013201074/
PCO,Puerto Rico,Amériques et Caraïbes,Central America,tier_4,REPLACE_WITH_EXPLICIT_SETUP,,improved_husbandry,TIER,KEEP,MEDIUM,ESTABLISHED,—,"bâtiment:building_banana_plantation, bâtiment:building_coffee_plantation, bâtiment:building_dye_plantation, bâtiment:building_livestock_ranch, bâtiment:building_maize_farm, bâtiment:building_millet_farm, bât…",Agriculture/élevage structurés et améliorations pratiques sont établis; le nœud est compatible avec une économie agricole non industrielle.,https://www.nps.gov/saju/learn/historyculture/history.htm,https://www.loc.gov/item/2013201074/
PCO,Puerto Rico,Amériques et Caraïbes,Central America,tier_4,REPLACE_WITH_EXPLICIT_SETUP,,international_relations,TIER,KEEP,MEDIUM,ABSTRACT,—,—,"Le nœud est interprété comme capacité de relations diplomatiques/commerciales, y compris dans un cadre colonial ou inter-polités, non comme ministère des affaires étrangères souverain.",https://www.nps.gov/saju/learn/historyculture/history.htm,https://www.loc.gov/item/2013201074/
PCO,Puerto Rico,Amériques et Caraïbes,Central America,tier_4,REPLACE_WITH_EXPLICIT_SETUP,,light_infantry_tactics,TIER,KEEP,MEDIUM,ESTABLISHED,Prérequis directs manquants après recommandation: regulated_small_arms. Ne pas les auto-ajouter; traiter l’incohérence dans l’arbre ou revoir le nœud.,—,"Tactiques d'infanterie légère, de frontière ou de milice sont plausibles/établies dans l'environnement militaire local de 1776.",https://www.nps.gov/saju/learn/historyculture/history.htm,https://www.loc.gov/item/2013201074/
PCO,Puerto Rico,Amériques et Caraïbes,Central America,tier_4,REPLACE_WITH_EXPLICIT_SETUP,,organized_textile_production,TIER,REVIEW,MEDIUM,SECTORAL,—,"PM:pm_craftsman_sewing, bâtiment:building_textile_mill","Des textiles domestiques/artisanaux existent, mais le bâtiment de manufacture textile du nœud peut surreprésenter la concentration productive locale.",https://www.nps.gov/saju/learn/historyculture/history.htm,https://www.loc.gov/item/2013201074/
PCO,Puerto Rico,Amériques et Caraïbes,Central America,tier_4,REPLACE_WITH_EXPLICIT_SETUP,,regulated_small_arms,TIER,REVIEW,MEDIUM,FRONTIER,Prérequis directs couverts par les recommandations fermes.,"bâtiment:building_arms_industry, bâtiment:building_artillery_foundry","Armes à feu et ateliers/arsenaux sont présents, mais le nœud débloque une industrie d'armes et d'artillerie structurée; la capacité locale à cette échelle doit rester sectorielle.",https://www.nps.gov/saju/learn/historyculture/history.htm,https://www.loc.gov/item/2013201074/
PCO,Puerto Rico,Amériques et Caraïbes,Central America,tier_4,REPLACE_WITH_EXPLICIT_SETUP,,shaft_mining,TIER,REMOVE,MEDIUM,ABSENT,—,"bâtiment:building_coal_mine, bâtiment:building_copper_mine, bâtiment:building_iron_mine, bâtiment:building_lead_mine, bâtiment:building_limestone_quarry, bâtiment:building_salt_mine, bâtiment:building_sulfur…",Aucun secteur minier local ne justifie le large déblocage de mines du nœud au niveau du TAG.,https://www.nps.gov/saju/learn/historyculture/history.htm,https://www.loc.gov/item/2013201074/
PCO,Puerto Rico,Amériques et Caraïbes,Central America,tier_4,REPLACE_WITH_EXPLICIT_SETUP,,standardized_field_artillery,TIER,KEEP,MEDIUM,SECTORAL,Prérequis directs manquants après recommandation: regulated_small_arms. Ne pas les auto-ajouter; traiter l’incohérence dans l’arbre ou revoir le nœud.,PM:pm_cannons,"Artillerie de garnison/forteresse et organisation militaire impériale sont localement établies; conservation comme capacité sectorielle, non comme production autonome.",https://www.nps.gov/saju/learn/historyculture/history.htm,https://www.loc.gov/item/2013201074/
PCO,Puerto Rico,Amériques et Caraïbes,Central America,tier_4,REPLACE_WITH_EXPLICIT_SETUP,,systematic_administrative_statistics,TIER,KEEP,MEDIUM,SECTORAL,—,"bâtiment:building_government_administration, décret:decree_emergency_relief, décret:decree_road_maintenance","Administration fiscale/coloniale structurée et tenue de registres établies; le nœud est retenu comme abstraction de cette capacité, sans supposer statistiques modernes.",https://www.nps.gov/saju/learn/historyculture/history.htm,https://www.loc.gov/item/2013201074/
PCO,Puerto Rico,Amériques et Caraïbes,Central America,tier_4,REPLACE_WITH_EXPLICIT_SETUP,,urbanization,TIER,KEEP,HIGH,ABSTRACT,—,"bâtiment:building_construction_sector, bâtiment:building_urban_center",Nœud de compatibilité du mod ouvrant construction/centre urbain; conservé comme abstraction technique et non comme mesure d'urbanisation réelle.,https://www.nps.gov/saju/learn/historyculture/history.htm,https://www.loc.gov/item/2013201074/
PCO,Puerto Rico,Amériques et Caraïbes,Central America,tier_4,REPLACE_WITH_EXPLICIT_SETUP,,scientific_fortification_siegecraft,ABSENT,ADD,HIGH,ESTABLISHED,—,"bâtiment:building_barrack, bâtiment:building_naval_fortification",O’Reilly et O’Daly réorganisent les défenses à partir de 1765; un système de fortification en profondeur est déjà en construction en 1776.,https://www.nps.gov/saju/learn/historyculture/history.htm,
SC1,Nueva España,Amériques et Caraïbes,Central America,tier_4,REPLACE_WITH_EXPLICIT_SETUP,,colonization,EXPLICIT,KEEP,MEDIUM,ABSTRACT,Prérequis directs couverts par les recommandations fermes.,"bâtiment:building_suez_canal, loi:law_colonial_exploitation, loi:law_colonial_resettlement, loi:law_extraction_economy, loi:law_frontier_colonization","Conservé comme abstraction d'un appareil colonial/frontière effectivement actif sur le territoire, sans lui attribuer toutes les capacités de la métropole.",https://gazetademexico.colmex.mx/,https://www.ingenieria.unam.mx/historia.php
SC1,Nueva España,Amériques et Caraïbes,Central America,tier_4,REPLACE_WITH_EXPLICIT_SETUP,,institutionalized_scientific_exchange,EXPLICIT,REVIEW,MEDIUM,SECTORAL,—,loi:law_freedom_of_conscience,"Enseignement supérieur, savants ou circulation de savoirs existent, mais le degré d'institutionnalisation locale correspondant au nœud reste incertain.",https://gazetademexico.colmex.mx/,https://www.ingenieria.unam.mx/historia.php
SC1,Nueva España,Amériques et Caraïbes,Central America,tier_4,REPLACE_WITH_EXPLICIT_SETUP,,codified_practical_knowledge,TIER,REVIEW,MEDIUM,ABSTRACT,"Si le nœud est retenu après REVIEW, prérequis directs non établis: institutionalized_scientific_exchange, periodical_print_networks. Ne pas les auto-ajouter; arbitrer abstraction de l’arbre vs retrait.",—,Savoirs pratiques réels mais le nœud suppose aussi des réseaux institutionnels/éditoriaux; les prérequis ne sont pas tous assurés localement en 1776.,https://gazetademexico.colmex.mx/,https://www.ingenieria.unam.mx/historia.php
SC1,Nueva España,Amériques et Caraïbes,Central America,tier_4,REPLACE_WITH_EXPLICIT_SETUP,,distillation,TIER,KEEP,MEDIUM,ESTABLISHED,—,"PM:pm_pot_stills, PM:pm_spiced_food_preparations",Distillation artisanale/agroalimentaire établie ou très plausible dans l'économie locale; le nœud ne suppose pas une industrialisation lourde.,https://gazetademexico.colmex.mx/,https://www.ingenieria.unam.mx/historia.php
SC1,Nueva España,Amériques et Caraïbes,Central America,tier_4,REPLACE_WITH_EXPLICIT_SETUP,,improved_husbandry,TIER,KEEP,MEDIUM,ESTABLISHED,—,"bâtiment:building_banana_plantation, bâtiment:building_coffee_plantation, bâtiment:building_dye_plantation, bâtiment:building_livestock_ranch, bâtiment:building_maize_farm, bâtiment:building_millet_farm, bât…",Agriculture/élevage structurés et améliorations pratiques sont établis; le nœud est compatible avec une économie agricole non industrielle.,https://gazetademexico.colmex.mx/,https://www.ingenieria.unam.mx/historia.php
SC1,Nueva España,Amériques et Caraïbes,Central America,tier_4,REPLACE_WITH_EXPLICIT_SETUP,,international_relations,TIER,KEEP,MEDIUM,ABSTRACT,—,—,"Le nœud est interprété comme capacité de relations diplomatiques/commerciales, y compris dans un cadre colonial ou inter-polités, non comme ministère des affaires étrangères souverain.",https://gazetademexico.colmex.mx/,https://www.ingenieria.unam.mx/historia.php
SC1,Nueva España,Amériques et Caraïbes,Central America,tier_4,REPLACE_WITH_EXPLICIT_SETUP,,light_infantry_tactics,TIER,KEEP,MEDIUM,ESTABLISHED,Prérequis directs manquants après recommandation: regulated_small_arms. Ne pas les auto-ajouter; traiter l’incohérence dans l’arbre ou revoir le nœud.,—,"Tactiques d'infanterie légère, de frontière ou de milice sont plausibles/établies dans l'environnement militaire local de 1776.",https://gazetademexico.colmex.mx/,https://www.ingenieria.unam.mx/historia.php
SC1,Nueva España,Amériques et Caraïbes,Central America,tier_4,REPLACE_WITH_EXPLICIT_SETUP,,organized_textile_production,TIER,KEEP,MEDIUM,SECTORAL,—,"PM:pm_craftsman_sewing, bâtiment:building_textile_mill",Production textile/artisanale organisée établie; conservation sectorielle sans supposer mécanisation.,https://gazetademexico.colmex.mx/,https://www.ingenieria.unam.mx/historia.php
SC1,Nueva España,Amériques et Caraïbes,Central America,tier_4,REPLACE_WITH_EXPLICIT_SETUP,,regulated_small_arms,TIER,REVIEW,MEDIUM,FRONTIER,"Si le nœud est retenu après REVIEW, prérequis directs non établis: scientific_fortification_siegecraft. Ne pas les auto-ajouter; arbitrer abstraction de l’arbre vs retrait.","bâtiment:building_arms_industry, bâtiment:building_artillery_foundry","Armes à feu et ateliers/arsenaux sont présents, mais le nœud débloque une industrie d'armes et d'artillerie structurée; la capacité locale à cette échelle doit rester sectorielle.",https://gazetademexico.colmex.mx/,https://www.ingenieria.unam.mx/historia.php
SC1,Nueva España,Amériques et Caraïbes,Central America,tier_4,REPLACE_WITH_EXPLICIT_SETUP,,shaft_mining,TIER,KEEP,HIGH,ESTABLISHED,—,"bâtiment:building_coal_mine, bâtiment:building_copper_mine, bâtiment:building_iron_mine, bâtiment:building_lead_mine, bâtiment:building_limestone_quarry, bâtiment:building_salt_mine, bâtiment:building_sulfur…",Extraction minière souterraine/organisée et chaînes de traitement sont établies dans ce territoire en 1776.,https://gazetademexico.colmex.mx/,https://www.ingenieria.unam.mx/historia.php
SC1,Nueva España,Amériques et Caraïbes,Central America,tier_4,REPLACE_WITH_EXPLICIT_SETUP,,standardized_field_artillery,TIER,KEEP,MEDIUM,SECTORAL,Prérequis directs manquants après recommandation: regulated_small_arms. Ne pas les auto-ajouter; traiter l’incohérence dans l’arbre ou revoir le nœud.,PM:pm_cannons,"Artillerie de garnison/forteresse et organisation militaire impériale sont localement établies; conservation comme capacité sectorielle, non comme production autonome.",https://gazetademexico.colmex.mx/,https://www.ingenieria.unam.mx/historia.php
SC1,Nueva España,Amériques et Caraïbes,Central America,tier_4,REPLACE_WITH_EXPLICIT_SETUP,,systematic_administrative_statistics,TIER,KEEP,MEDIUM,SECTORAL,—,"bâtiment:building_government_administration, décret:decree_emergency_relief, décret:decree_road_maintenance","Administration fiscale/coloniale structurée et tenue de registres établies; le nœud est retenu comme abstraction de cette capacité, sans supposer statistiques modernes.",https://gazetademexico.colmex.mx/,https://www.ingenieria.unam.mx/historia.php
SC1,Nueva España,Amériques et Caraïbes,Central America,tier_4,REPLACE_WITH_EXPLICIT_SETUP,,urbanization,TIER,KEEP,HIGH,ABSTRACT,—,"bâtiment:building_construction_sector, bâtiment:building_urban_center",Nœud de compatibilité du mod ouvrant construction/centre urbain; conservé comme abstraction technique et non comme mesure d'urbanisation réelle.,https://gazetademexico.colmex.mx/,https://www.ingenieria.unam.mx/historia.php
SC1,Nueva España,Amériques et Caraïbes,Central America,tier_4,REPLACE_WITH_EXPLICIT_SETUP,,applied_mineralogy,ABSENT,ADD,MEDIUM,SECTORAL,Prérequis directs couverts par les recommandations fermes.,"bâtiment:building_gold_field, bâtiment:building_gold_mine, bâtiment:building_phosphate_mine","La Nouvelle-Espagne dispose d'une industrie minière ancienne et de procédés pratiques avancés; le nœud est justifié comme savoir-faire sectoriel, mais pas comme l'académie minière de 1792.",https://www.ingenieria.unam.mx/historia.php,https://gazetademexico.colmex.mx/
SC1,Nueva España,Amériques et Caraïbes,Central America,tier_4,REPLACE_WITH_EXPLICIT_SETUP,,periodical_print_networks,ABSENT,REVIEW,MEDIUM,SECTORAL,—,"loi:law_censorship, loi:law_religious_schools","La presse périodique est attestée en 1722 puis 1728-1742, mais la série suivante ne commence qu'en 1784; au 1er janvier 1776 la capacité d'imprimer existe sans réseau périodique actif démontré.",https://gazetademexico.colmex.mx/,
UCA,Central America,Amériques et Caraïbes,Central America,tier_4,REPLACE_WITH_EXPLICIT_SETUP,,colonization,EXPLICIT,KEEP,MEDIUM,ABSTRACT,Prérequis directs couverts par les recommandations fermes.,"bâtiment:building_suez_canal, loi:law_colonial_exploitation, loi:law_colonial_resettlement, loi:law_extraction_economy, loi:law_frontier_colonization","Conservé comme abstraction d'un appareil colonial/frontière effectivement actif sur le territoire, sans lui attribuer toutes les capacités de la métropole.",https://www.ingenieria.unam.mx/historia.php,https://www.nps.gov/saju/learn/historyculture/history.htm
UCA,Central America,Amériques et Caraïbes,Central America,tier_4,REPLACE_WITH_EXPLICIT_SETUP,,institutionalized_scientific_exchange,EXPLICIT,REVIEW,LOW,ABSTRACT,—,loi:law_freedom_of_conscience,"Circulation savante possible, mais preuves locales insuffisantes pour conclure à une institution durable.",https://www.ingenieria.unam.mx/historia.php,https://www.nps.gov/saju/learn/historyculture/history.htm
UCA,Central America,Amériques et Caraïbes,Central America,tier_4,REPLACE_WITH_EXPLICIT_SETUP,,codified_practical_knowledge,TIER,REMOVE,MEDIUM,ABSENT,"Prérequis non résolus sans importance pratique car le nœud est recommandé REMOVE: institutionalized_scientific_exchange, periodical_print_networks.",—,La combinaison institutionnelle et éditoriale représentée par le nœud n'est pas démontrée localement.,https://www.ingenieria.unam.mx/historia.php,https://www.nps.gov/saju/learn/historyculture/history.htm
UCA,Central America,Amériques et Caraïbes,Central America,tier_4,REPLACE_WITH_EXPLICIT_SETUP,,distillation,TIER,KEEP,MEDIUM,ESTABLISHED,—,"PM:pm_pot_stills, PM:pm_spiced_food_preparations",Distillation artisanale/agroalimentaire établie ou très plausible dans l'économie locale; le nœud ne suppose pas une industrialisation lourde.,https://www.ingenieria.unam.mx/historia.php,https://www.nps.gov/saju/learn/historyculture/history.htm
UCA,Central America,Amériques et Caraïbes,Central America,tier_4,REPLACE_WITH_EXPLICIT_SETUP,,improved_husbandry,TIER,KEEP,MEDIUM,ESTABLISHED,—,"bâtiment:building_banana_plantation, bâtiment:building_coffee_plantation, bâtiment:building_dye_plantation, bâtiment:building_livestock_ranch, bâtiment:building_maize_farm, bâtiment:building_millet_farm, bât…",Agriculture/élevage structurés et améliorations pratiques sont établis; le nœud est compatible avec une économie agricole non industrielle.,https://www.ingenieria.unam.mx/historia.php,https://www.nps.gov/saju/learn/historyculture/history.htm
UCA,Central America,Amériques et Caraïbes,Central America,tier_4,REPLACE_WITH_EXPLICIT_SETUP,,international_relations,TIER,KEEP,MEDIUM,ABSTRACT,—,—,"Le nœud est interprété comme capacité de relations diplomatiques/commerciales, y compris dans un cadre colonial ou inter-polités, non comme ministère des affaires étrangères souverain.",https://www.ingenieria.unam.mx/historia.php,https://www.nps.gov/saju/learn/historyculture/history.htm
UCA,Central America,Amériques et Caraïbes,Central America,tier_4,REPLACE_WITH_EXPLICIT_SETUP,,light_infantry_tactics,TIER,REVIEW,LOW,ABSTRACT,"Si le nœud est retenu après REVIEW, prérequis directs non établis: regulated_small_arms. Ne pas les auto-ajouter; arbitrer abstraction de l’arbre vs retrait.",—,"Le nœud peut représenter des tactiques locales, mais les preuves sont insuffisantes pour une équivalence nationale nette.",https://www.ingenieria.unam.mx/historia.php,https://www.nps.gov/saju/learn/historyculture/history.htm
UCA,Central America,Amériques et Caraïbes,Central America,tier_4,REPLACE_WITH_EXPLICIT_SETUP,,organized_textile_production,TIER,REVIEW,MEDIUM,SECTORAL,—,"PM:pm_craftsman_sewing, bâtiment:building_textile_mill","Des textiles domestiques/artisanaux existent, mais le bâtiment de manufacture textile du nœud peut surreprésenter la concentration productive locale.",https://www.ingenieria.unam.mx/historia.php,https://www.nps.gov/saju/learn/historyculture/history.htm
UCA,Central America,Amériques et Caraïbes,Central America,tier_4,REPLACE_WITH_EXPLICIT_SETUP,,regulated_small_arms,TIER,REMOVE,MEDIUM,ABSENT,Prérequis non résolus sans importance pratique car le nœud est recommandé REMOVE: scientific_fortification_siegecraft.,"bâtiment:building_arms_industry, bâtiment:building_artillery_foundry",La présence d'armes importées ne suffit pas à justifier l'industrie locale débloquée par le nœud.,https://www.ingenieria.unam.mx/historia.php,https://www.nps.gov/saju/learn/historyculture/history.htm
UCA,Central America,Amériques et Caraïbes,Central America,tier_4,REPLACE_WITH_EXPLICIT_SETUP,,shaft_mining,TIER,REMOVE,MEDIUM,ABSENT,—,"bâtiment:building_coal_mine, bâtiment:building_copper_mine, bâtiment:building_iron_mine, bâtiment:building_lead_mine, bâtiment:building_limestone_quarry, bâtiment:building_salt_mine, bâtiment:building_sulfur…",Aucun secteur minier local ne justifie le large déblocage de mines du nœud au niveau du TAG.,https://www.ingenieria.unam.mx/historia.php,https://www.nps.gov/saju/learn/historyculture/history.htm
UCA,Central America,Amériques et Caraïbes,Central America,tier_4,REPLACE_WITH_EXPLICIT_SETUP,,standardized_field_artillery,TIER,REMOVE,MEDIUM,ABSENT,Prérequis non résolus sans importance pratique car le nœud est recommandé REMOVE: regulated_small_arms.,PM:pm_cannons,Aucune capacité locale d'artillerie standardisée suffisamment démontrée pour ce TAG.,https://www.ingenieria.unam.mx/historia.php,https://www.nps.gov/saju/learn/historyculture/history.htm
UCA,Central America,Amériques et Caraïbes,Central America,tier_4,REPLACE_WITH_EXPLICIT_SETUP,,systematic_administrative_statistics,TIER,KEEP,MEDIUM,SECTORAL,—,"bâtiment:building_government_administration, décret:decree_emergency_relief, décret:decree_road_maintenance","Administration fiscale/coloniale structurée et tenue de registres établies; le nœud est retenu comme abstraction de cette capacité, sans supposer statistiques modernes.",https://www.ingenieria.unam.mx/historia.php,https://www.nps.gov/saju/learn/historyculture/history.htm
UCA,Central America,Amériques et Caraïbes,Central America,tier_4,REPLACE_WITH_EXPLICIT_SETUP,,urbanization,TIER,KEEP,HIGH,ABSTRACT,—,"bâtiment:building_construction_sector, bâtiment:building_urban_center",Nœud de compatibilité du mod ouvrant construction/centre urbain; conservé comme abstraction technique et non comme mesure d'urbanisation réelle.,https://www.ingenieria.unam.mx/historia.php,https://www.nps.gov/saju/learn/historyculture/history.htm
CLM,Colombia,Amériques et Caraïbes,Gran Colombia,tier_3,REPLACE_WITH_EXPLICIT_SETUP,,applied_mineralogy,TIER,KEEP,MEDIUM,SECTORAL,Prérequis directs couverts par les recommandations fermes.,"bâtiment:building_gold_field, bâtiment:building_gold_mine, bâtiment:building_phosphate_mine","L'extraction et le traitement des minerais sont des secteurs établis; ce nœud est retenu comme savoir-faire pratique sectoriel, pas comme science académique nationale.",https://www.imprenta.gov.co/museodeartesgraficas,https://whc.unesco.org/en/list/420
CLM,Colombia,Amériques et Caraïbes,Gran Colombia,tier_3,REPLACE_WITH_EXPLICIT_SETUP,,codified_practical_knowledge,TIER,REVIEW,MEDIUM,ABSTRACT,"Si le nœud est retenu après REVIEW, prérequis directs non établis: institutionalized_scientific_exchange, periodical_print_networks. Ne pas les auto-ajouter; arbitrer abstraction de l’arbre vs retrait.",—,Savoirs pratiques réels mais le nœud suppose aussi des réseaux institutionnels/éditoriaux; les prérequis ne sont pas tous assurés localement en 1776.,https://www.imprenta.gov.co/museodeartesgraficas,https://whc.unesco.org/en/list/420
CLM,Colombia,Amériques et Caraïbes,Gran Colombia,tier_3,REPLACE_WITH_EXPLICIT_SETUP,,coke_smelting,TIER,REMOVE,HIGH,ABSENT,Prérequis non résolus sans importance pratique car le nœud est recommandé REMOVE: organized_forestry.,"bâtiment:building_steel_mill, bâtiment:building_tooling_workshop",La fonte au coke est une innovation britannique concentrée autour de Coalbrookdale; aucune implantation locale pertinente n'est établie ici en 1776.,https://www.ironbridge.org.uk/about-us/key-figures-in-the-history-of-the-ironbridge-gorge/,https://www.imprenta.gov.co/museodeartesgraficas
CLM,Colombia,Amériques et Caraïbes,Gran Colombia,tier_3,REPLACE_WITH_EXPLICIT_SETUP,,commercial_insurance_markets,TIER,REVIEW,LOW,ABSTRACT,"Si le nœud est retenu après REVIEW, prérequis directs non établis: institutionalized_public_credit. Ne pas les auto-ajouter; arbitrer abstraction de l’arbre vs retrait.","loi:law_mercantilism, loi:law_mercantilism_navigation_acts","Des circuits marchands et assurances maritimes impériales existent, mais l'existence d'un marché d'assurance local suffisamment institutionnalisé au niveau du TAG reste incertaine.",https://www.imprenta.gov.co/museodeartesgraficas,https://whc.unesco.org/en/list/420
CLM,Colombia,Amériques et Caraïbes,Gran Colombia,tier_3,REPLACE_WITH_EXPLICIT_SETUP,,distillation,TIER,KEEP,MEDIUM,ESTABLISHED,—,"PM:pm_pot_stills, PM:pm_spiced_food_preparations",Distillation artisanale/agroalimentaire établie ou très plausible dans l'économie locale; le nœud ne suppose pas une industrialisation lourde.,https://www.imprenta.gov.co/museodeartesgraficas,https://whc.unesco.org/en/list/420
CLM,Colombia,Amériques et Caraïbes,Gran Colombia,tier_3,REPLACE_WITH_EXPLICIT_SETUP,,improved_husbandry,TIER,KEEP,MEDIUM,ESTABLISHED,—,"bâtiment:building_banana_plantation, bâtiment:building_coffee_plantation, bâtiment:building_dye_plantation, bâtiment:building_livestock_ranch, bâtiment:building_maize_farm, bâtiment:building_millet_farm, bât…",Agriculture/élevage structurés et améliorations pratiques sont établis; le nœud est compatible avec une économie agricole non industrielle.,https://www.imprenta.gov.co/museodeartesgraficas,https://whc.unesco.org/en/list/420
CLM,Colombia,Amériques et Caraïbes,Gran Colombia,tier_3,REPLACE_WITH_EXPLICIT_SETUP,,international_relations,TIER,KEEP,MEDIUM,ABSTRACT,—,—,"Le nœud est interprété comme capacité de relations diplomatiques/commerciales, y compris dans un cadre colonial ou inter-polités, non comme ministère des affaires étrangères souverain.",https://www.imprenta.gov.co/museodeartesgraficas,https://whc.unesco.org/en/list/420
CLM,Colombia,Amériques et Caraïbes,Gran Colombia,tier_3,REPLACE_WITH_EXPLICIT_SETUP,,light_infantry_tactics,TIER,REVIEW,LOW,ABSTRACT,"Si le nœud est retenu après REVIEW, prérequis directs non établis: regulated_small_arms. Ne pas les auto-ajouter; arbitrer abstraction de l’arbre vs retrait.",—,"Le nœud peut représenter des tactiques locales, mais les preuves sont insuffisantes pour une équivalence nationale nette.",https://www.imprenta.gov.co/museodeartesgraficas,https://whc.unesco.org/en/list/420
CLM,Colombia,Amériques et Caraïbes,Gran Colombia,tier_3,REPLACE_WITH_EXPLICIT_SETUP,,medical_degrees,TIER,REVIEW,MEDIUM,SECTORAL,"Si le nœud est retenu après REVIEW, prérequis directs non établis: institutionalized_scientific_exchange. Ne pas les auto-ajouter; arbitrer abstraction de l’arbre vs retrait.",loi:law_charitable_health_system,"Des universités coloniales existent, mais il faut distinguer enseignement supérieur général et système local de diplômes médicaux correspondant au nœud gameplay.",https://www.imprenta.gov.co/museodeartesgraficas,https://whc.unesco.org/en/list/420
CLM,Colombia,Amériques et Caraïbes,Gran Colombia,tier_3,REPLACE_WITH_EXPLICIT_SETUP,,organized_textile_production,TIER,KEEP,MEDIUM,SECTORAL,—,"PM:pm_craftsman_sewing, bâtiment:building_textile_mill",Production textile/artisanale organisée établie; conservation sectorielle sans supposer mécanisation.,https://www.imprenta.gov.co/museodeartesgraficas,https://whc.unesco.org/en/list/420
CLM,Colombia,Amériques et Caraïbes,Gran Colombia,tier_3,REPLACE_WITH_EXPLICIT_SETUP,,regulated_small_arms,TIER,REVIEW,MEDIUM,FRONTIER,"Si le nœud est retenu après REVIEW, prérequis directs non établis: scientific_fortification_siegecraft. Ne pas les auto-ajouter; arbitrer abstraction de l’arbre vs retrait.","bâtiment:building_arms_industry, bâtiment:building_artillery_foundry","Armes à feu et ateliers/arsenaux sont présents, mais le nœud débloque une industrie d'armes et d'artillerie structurée; la capacité locale à cette échelle doit rester sectorielle.",https://www.imprenta.gov.co/museodeartesgraficas,https://whc.unesco.org/en/list/420
CLM,Colombia,Amériques et Caraïbes,Gran Colombia,tier_3,REPLACE_WITH_EXPLICIT_SETUP,,shaft_mining,TIER,KEEP,MEDIUM,SECTORAL,—,"bâtiment:building_coal_mine, bâtiment:building_copper_mine, bâtiment:building_iron_mine, bâtiment:building_lead_mine, bâtiment:building_limestone_quarry, bâtiment:building_salt_mine, bâtiment:building_sulfur…",Extraction minière souterraine/organisée et chaînes de traitement sont établies dans ce territoire en 1776.,https://www.imprenta.gov.co/museodeartesgraficas,https://whc.unesco.org/en/list/420
CLM,Colombia,Amériques et Caraïbes,Gran Colombia,tier_3,REPLACE_WITH_EXPLICIT_SETUP,,specialized_technical_academies,TIER,REMOVE,HIGH,ABSENT,Prérequis non résolus sans importance pratique car le nœud est recommandé REMOVE: institutionalized_scientific_exchange.,bâtiment:building_university,"Le nœud ouvre l'université/enseignement technique spécialisé. Même en Nouvelle-Espagne, le Seminario de Minería n'ouvre qu'en 1792; attribution locale trop précoce.",https://www.imprenta.gov.co/museodeartesgraficas,https://whc.unesco.org/en/list/420
CLM,Colombia,Amériques et Caraïbes,Gran Colombia,tier_3,REPLACE_WITH_EXPLICIT_SETUP,,standardized_field_artillery,TIER,REVIEW,MEDIUM,SECTORAL,"Si le nœud est retenu après REVIEW, prérequis directs non établis: regulated_small_arms. Ne pas les auto-ajouter; arbitrer abstraction de l’arbre vs retrait.",PM:pm_cannons,"L'artillerie est présente ou mobilisable, mais le degré de standardisation et de disponibilité locale au 1er janvier 1776 varie fortement.",https://www.imprenta.gov.co/museodeartesgraficas,https://whc.unesco.org/en/list/420
CLM,Colombia,Amériques et Caraïbes,Gran Colombia,tier_3,REPLACE_WITH_EXPLICIT_SETUP,,systematic_administrative_statistics,TIER,KEEP,MEDIUM,SECTORAL,—,"bâtiment:building_government_administration, décret:decree_emergency_relief, décret:decree_road_maintenance","Administration fiscale/coloniale structurée et tenue de registres établies; le nœud est retenu comme abstraction de cette capacité, sans supposer statistiques modernes.",https://www.imprenta.gov.co/museodeartesgraficas,https://whc.unesco.org/en/list/420
CLM,Colombia,Amériques et Caraïbes,Gran Colombia,tier_3,REPLACE_WITH_EXPLICIT_SETUP,,urbanization,TIER,KEEP,HIGH,ABSTRACT,—,"bâtiment:building_construction_sector, bâtiment:building_urban_center",Nœud de compatibilité du mod ouvrant construction/centre urbain; conservé comme abstraction technique et non comme mesure d'urbanisation réelle.,https://www.imprenta.gov.co/museodeartesgraficas,https://whc.unesco.org/en/list/420
SC2,Nueva Granada,Amériques et Caraïbes,Gran Colombia,tier_4,REPLACE_WITH_EXPLICIT_SETUP,,colonization,EXPLICIT,KEEP,MEDIUM,ABSTRACT,Prérequis directs couverts par les recommandations fermes.,"bâtiment:building_suez_canal, loi:law_colonial_exploitation, loi:law_colonial_resettlement, loi:law_extraction_economy, loi:law_frontier_colonization","Conservé comme abstraction d'un appareil colonial/frontière effectivement actif sur le territoire, sans lui attribuer toutes les capacités de la métropole.",https://www.imprenta.gov.co/museodeartesgraficas,https://whc.unesco.org/en/list/420
SC2,Nueva Granada,Amériques et Caraïbes,Gran Colombia,tier_4,REPLACE_WITH_EXPLICIT_SETUP,,institutionalized_scientific_exchange,EXPLICIT,REVIEW,LOW,ABSTRACT,—,loi:law_freedom_of_conscience,"Circulation savante possible, mais preuves locales insuffisantes pour conclure à une institution durable.",https://www.imprenta.gov.co/museodeartesgraficas,https://whc.unesco.org/en/list/420
SC2,Nueva Granada,Amériques et Caraïbes,Gran Colombia,tier_4,REPLACE_WITH_EXPLICIT_SETUP,,codified_practical_knowledge,TIER,REMOVE,MEDIUM,ABSENT,"Prérequis non résolus sans importance pratique car le nœud est recommandé REMOVE: institutionalized_scientific_exchange, periodical_print_networks.",—,La combinaison institutionnelle et éditoriale représentée par le nœud n'est pas démontrée localement.,https://www.imprenta.gov.co/museodeartesgraficas,https://whc.unesco.org/en/list/420
SC2,Nueva Granada,Amériques et Caraïbes,Gran Colombia,tier_4,REPLACE_WITH_EXPLICIT_SETUP,,distillation,TIER,KEEP,MEDIUM,ESTABLISHED,—,"PM:pm_pot_stills, PM:pm_spiced_food_preparations",Distillation artisanale/agroalimentaire établie ou très plausible dans l'économie locale; le nœud ne suppose pas une industrialisation lourde.,https://www.imprenta.gov.co/museodeartesgraficas,https://whc.unesco.org/en/list/420
SC2,Nueva Granada,Amériques et Caraïbes,Gran Colombia,tier_4,REPLACE_WITH_EXPLICIT_SETUP,,improved_husbandry,TIER,KEEP,MEDIUM,ESTABLISHED,—,"bâtiment:building_banana_plantation, bâtiment:building_coffee_plantation, bâtiment:building_dye_plantation, bâtiment:building_livestock_ranch, bâtiment:building_maize_farm, bâtiment:building_millet_farm, bât…",Agriculture/élevage structurés et améliorations pratiques sont établis; le nœud est compatible avec une économie agricole non industrielle.,https://www.imprenta.gov.co/museodeartesgraficas,https://whc.unesco.org/en/list/420
SC2,Nueva Granada,Amériques et Caraïbes,Gran Colombia,tier_4,REPLACE_WITH_EXPLICIT_SETUP,,international_relations,TIER,KEEP,MEDIUM,ABSTRACT,—,—,"Le nœud est interprété comme capacité de relations diplomatiques/commerciales, y compris dans un cadre colonial ou inter-polités, non comme ministère des affaires étrangères souverain.",https://www.imprenta.gov.co/museodeartesgraficas,https://whc.unesco.org/en/list/420
SC2,Nueva Granada,Amériques et Caraïbes,Gran Colombia,tier_4,REPLACE_WITH_EXPLICIT_SETUP,,light_infantry_tactics,TIER,KEEP,MEDIUM,ESTABLISHED,Prérequis directs manquants après recommandation: regulated_small_arms. Ne pas les auto-ajouter; traiter l’incohérence dans l’arbre ou revoir le nœud.,—,"Tactiques d'infanterie légère, de frontière ou de milice sont plausibles/établies dans l'environnement militaire local de 1776.",https://www.imprenta.gov.co/museodeartesgraficas,https://whc.unesco.org/en/list/420
SC2,Nueva Granada,Amériques et Caraïbes,Gran Colombia,tier_4,REPLACE_WITH_EXPLICIT_SETUP,,organized_textile_production,TIER,KEEP,MEDIUM,SECTORAL,—,"PM:pm_craftsman_sewing, bâtiment:building_textile_mill",Production textile/artisanale organisée établie; conservation sectorielle sans supposer mécanisation.,https://www.imprenta.gov.co/museodeartesgraficas,https://whc.unesco.org/en/list/420
SC2,Nueva Granada,Amériques et Caraïbes,Gran Colombia,tier_4,REPLACE_WITH_EXPLICIT_SETUP,,regulated_small_arms,TIER,REMOVE,MEDIUM,ABSENT,Prérequis non résolus sans importance pratique car le nœud est recommandé REMOVE: scientific_fortification_siegecraft.,"bâtiment:building_arms_industry, bâtiment:building_artillery_foundry",La présence d'armes importées ne suffit pas à justifier l'industrie locale débloquée par le nœud.,https://www.imprenta.gov.co/museodeartesgraficas,https://whc.unesco.org/en/list/420
SC2,Nueva Granada,Amériques et Caraïbes,Gran Colombia,tier_4,REPLACE_WITH_EXPLICIT_SETUP,,shaft_mining,TIER,REMOVE,MEDIUM,ABSENT,—,"bâtiment:building_coal_mine, bâtiment:building_copper_mine, bâtiment:building_iron_mine, bâtiment:building_lead_mine, bâtiment:building_limestone_quarry, bâtiment:building_salt_mine, bâtiment:building_sulfur…",Aucun secteur minier local ne justifie le large déblocage de mines du nœud au niveau du TAG.,https://www.imprenta.gov.co/museodeartesgraficas,https://whc.unesco.org/en/list/420
SC2,Nueva Granada,Amériques et Caraïbes,Gran Colombia,tier_4,REPLACE_WITH_EXPLICIT_SETUP,,standardized_field_artillery,TIER,REMOVE,MEDIUM,ABSENT,Prérequis non résolus sans importance pratique car le nœud est recommandé REMOVE: regulated_small_arms.,PM:pm_cannons,Aucune capacité locale d'artillerie standardisée suffisamment démontrée pour ce TAG.,https://www.imprenta.gov.co/museodeartesgraficas,https://whc.unesco.org/en/list/420
SC2,Nueva Granada,Amériques et Caraïbes,Gran Colombia,tier_4,REPLACE_WITH_EXPLICIT_SETUP,,systematic_administrative_statistics,TIER,KEEP,MEDIUM,SECTORAL,—,"bâtiment:building_government_administration, décret:decree_emergency_relief, décret:decree_road_maintenance","Administration fiscale/coloniale structurée et tenue de registres établies; le nœud est retenu comme abstraction de cette capacité, sans supposer statistiques modernes.",https://www.imprenta.gov.co/museodeartesgraficas,https://whc.unesco.org/en/list/420
SC2,Nueva Granada,Amériques et Caraïbes,Gran Colombia,tier_4,REPLACE_WITH_EXPLICIT_SETUP,,urbanization,TIER,KEEP,HIGH,ABSTRACT,—,"bâtiment:building_construction_sector, bâtiment:building_urban_center",Nœud de compatibilité du mod ouvrant construction/centre urbain; conservé comme abstraction technique et non comme mesure d'urbanisation réelle.,https://www.imprenta.gov.co/museodeartesgraficas,https://whc.unesco.org/en/list/420
SC2,Nueva Granada,Amériques et Caraïbes,Gran Colombia,tier_4,REPLACE_WITH_EXPLICIT_SETUP,,applied_mineralogy,ABSENT,ADD,MEDIUM,SECTORAL,Prérequis directs manquants après recommandation: shaft_mining. Ne pas les auto-ajouter; traiter l’incohérence dans l’arbre ou revoir le nœud.,"bâtiment:building_gold_field, bâtiment:building_gold_mine, bâtiment:building_phosphate_mine","La Nouvelle-Grenade possède une économie aurifère importante; le nœud est proposé comme savoir-faire minier sectoriel, pas comme académie technique.",https://www.imprenta.gov.co/museodeartesgraficas,https://whc.unesco.org/en/list/420
VNZ,Venezuela,Amériques et Caraïbes,Gran Colombia,tier_4,REPLACE_WITH_EXPLICIT_SETUP,,colonization,EXPLICIT,KEEP,MEDIUM,ABSTRACT,Prérequis directs couverts par les recommandations fermes.,"bâtiment:building_suez_canal, loi:law_colonial_exploitation, loi:law_colonial_resettlement, loi:law_extraction_economy, loi:law_frontier_colonization","Conservé comme abstraction d'un appareil colonial/frontière effectivement actif sur le territoire, sans lui attribuer toutes les capacités de la métropole.",https://www.imprenta.gov.co/museodeartesgraficas,https://whc.unesco.org/en/list/420
VNZ,Venezuela,Amériques et Caraïbes,Gran Colombia,tier_4,REPLACE_WITH_EXPLICIT_SETUP,,institutionalized_scientific_exchange,EXPLICIT,REVIEW,LOW,ABSTRACT,—,loi:law_freedom_of_conscience,"Circulation savante possible, mais preuves locales insuffisantes pour conclure à une institution durable.",https://www.imprenta.gov.co/museodeartesgraficas,https://whc.unesco.org/en/list/420
VNZ,Venezuela,Amériques et Caraïbes,Gran Colombia,tier_4,REPLACE_WITH_EXPLICIT_SETUP,,codified_practical_knowledge,TIER,REMOVE,MEDIUM,ABSENT,"Prérequis non résolus sans importance pratique car le nœud est recommandé REMOVE: institutionalized_scientific_exchange, periodical_print_networks.",—,La combinaison institutionnelle et éditoriale représentée par le nœud n'est pas démontrée localement.,https://www.imprenta.gov.co/museodeartesgraficas,https://whc.unesco.org/en/list/420
VNZ,Venezuela,Amériques et Caraïbes,Gran Colombia,tier_4,REPLACE_WITH_EXPLICIT_SETUP,,distillation,TIER,KEEP,MEDIUM,ESTABLISHED,—,"PM:pm_pot_stills, PM:pm_spiced_food_preparations",Distillation artisanale/agroalimentaire établie ou très plausible dans l'économie locale; le nœud ne suppose pas une industrialisation lourde.,https://www.imprenta.gov.co/museodeartesgraficas,https://whc.unesco.org/en/list/420
VNZ,Venezuela,Amériques et Caraïbes,Gran Colombia,tier_4,REPLACE_WITH_EXPLICIT_SETUP,,improved_husbandry,TIER,KEEP,MEDIUM,ESTABLISHED,—,"bâtiment:building_banana_plantation, bâtiment:building_coffee_plantation, bâtiment:building_dye_plantation, bâtiment:building_livestock_ranch, bâtiment:building_maize_farm, bâtiment:building_millet_farm, bât…",Agriculture/élevage structurés et améliorations pratiques sont établis; le nœud est compatible avec une économie agricole non industrielle.,https://www.imprenta.gov.co/museodeartesgraficas,https://whc.unesco.org/en/list/420
VNZ,Venezuela,Amériques et Caraïbes,Gran Colombia,tier_4,REPLACE_WITH_EXPLICIT_SETUP,,international_relations,TIER,KEEP,MEDIUM,ABSTRACT,—,—,"Le nœud est interprété comme capacité de relations diplomatiques/commerciales, y compris dans un cadre colonial ou inter-polités, non comme ministère des affaires étrangères souverain.",https://www.imprenta.gov.co/museodeartesgraficas,https://whc.unesco.org/en/list/420
VNZ,Venezuela,Amériques et Caraïbes,Gran Colombia,tier_4,REPLACE_WITH_EXPLICIT_SETUP,,light_infantry_tactics,TIER,KEEP,MEDIUM,ESTABLISHED,Prérequis directs manquants après recommandation: regulated_small_arms. Ne pas les auto-ajouter; traiter l’incohérence dans l’arbre ou revoir le nœud.,—,"Tactiques d'infanterie légère, de frontière ou de milice sont plausibles/établies dans l'environnement militaire local de 1776.",https://www.imprenta.gov.co/museodeartesgraficas,https://whc.unesco.org/en/list/420
VNZ,Venezuela,Amériques et Caraïbes,Gran Colombia,tier_4,REPLACE_WITH_EXPLICIT_SETUP,,organized_textile_production,TIER,REVIEW,MEDIUM,SECTORAL,—,"PM:pm_craftsman_sewing, bâtiment:building_textile_mill","Des textiles domestiques/artisanaux existent, mais le bâtiment de manufacture textile du nœud peut surreprésenter la concentration productive locale.",https://www.imprenta.gov.co/museodeartesgraficas,https://whc.unesco.org/en/list/420
VNZ,Venezuela,Amériques et Caraïbes,Gran Colombia,tier_4,REPLACE_WITH_EXPLICIT_SETUP,,regulated_small_arms,TIER,REMOVE,MEDIUM,ABSENT,Prérequis non résolus sans importance pratique car le nœud est recommandé REMOVE: scientific_fortification_siegecraft.,"bâtiment:building_arms_industry, bâtiment:building_artillery_foundry",La présence d'armes importées ne suffit pas à justifier l'industrie locale débloquée par le nœud.,https://www.imprenta.gov.co/museodeartesgraficas,https://whc.unesco.org/en/list/420
VNZ,Venezuela,Amériques et Caraïbes,Gran Colombia,tier_4,REPLACE_WITH_EXPLICIT_SETUP,,shaft_mining,TIER,REVIEW,MEDIUM,SECTORAL,—,"bâtiment:building_coal_mine, bâtiment:building_copper_mine, bâtiment:building_iron_mine, bâtiment:building_lead_mine, bâtiment:building_limestone_quarry, bâtiment:building_salt_mine, bâtiment:building_sulfur…","Des exploitations minières existent, mais le nœud ouvre un ensemble de mines qui peut dépasser la capacité locale démontrée.",https://www.imprenta.gov.co/museodeartesgraficas,https://whc.unesco.org/en/list/420
VNZ,Venezuela,Amériques et Caraïbes,Gran Colombia,tier_4,REPLACE_WITH_EXPLICIT_SETUP,,standardized_field_artillery,TIER,REMOVE,MEDIUM,ABSENT,Prérequis non résolus sans importance pratique car le nœud est recommandé REMOVE: regulated_small_arms.,PM:pm_cannons,Aucune capacité locale d'artillerie standardisée suffisamment démontrée pour ce TAG.,https://www.imprenta.gov.co/museodeartesgraficas,https://whc.unesco.org/en/list/420
VNZ,Venezuela,Amériques et Caraïbes,Gran Colombia,tier_4,REPLACE_WITH_EXPLICIT_SETUP,,systematic_administrative_statistics,TIER,KEEP,MEDIUM,SECTORAL,—,"bâtiment:building_government_administration, décret:decree_emergency_relief, décret:decree_road_maintenance","Administration fiscale/coloniale structurée et tenue de registres établies; le nœud est retenu comme abstraction de cette capacité, sans supposer statistiques modernes.",https://www.imprenta.gov.co/museodeartesgraficas,https://whc.unesco.org/en/list/420
VNZ,Venezuela,Amériques et Caraïbes,Gran Colombia,tier_4,REPLACE_WITH_EXPLICIT_SETUP,,urbanization,TIER,KEEP,HIGH,ABSTRACT,—,"bâtiment:building_construction_sector, bâtiment:building_urban_center",Nœud de compatibilité du mod ouvrant construction/centre urbain; conservé comme abstraction technique et non comme mesure d'urbanisation réelle.,https://www.imprenta.gov.co/museodeartesgraficas,https://whc.unesco.org/en/list/420
BOL,Bolivia,Amériques et Caraïbes,The Andes,tier_4,REPLACE_WITH_EXPLICIT_SETUP,,colonization,EXPLICIT,KEEP,MEDIUM,ABSTRACT,Prérequis directs couverts par les recommandations fermes.,"bâtiment:building_suez_canal, loi:law_colonial_exploitation, loi:law_colonial_resettlement, loi:law_extraction_economy, loi:law_frontier_colonization","Conservé comme abstraction d'un appareil colonial/frontière effectivement actif sur le territoire, sans lui attribuer toutes les capacités de la métropole.",https://whc.unesco.org/en/list/420,https://whc.unesco.org/en/tentativelists/6263/
BOL,Bolivia,Amériques et Caraïbes,The Andes,tier_4,REPLACE_WITH_EXPLICIT_SETUP,,institutionalized_scientific_exchange,EXPLICIT,REVIEW,LOW,ABSTRACT,—,loi:law_freedom_of_conscience,"Circulation savante possible, mais preuves locales insuffisantes pour conclure à une institution durable.",https://whc.unesco.org/en/list/420,https://whc.unesco.org/en/tentativelists/6263/
BOL,Bolivia,Amériques et Caraïbes,The Andes,tier_4,REPLACE_WITH_EXPLICIT_SETUP,,codified_practical_knowledge,TIER,REMOVE,MEDIUM,ABSENT,"Prérequis non résolus sans importance pratique car le nœud est recommandé REMOVE: institutionalized_scientific_exchange, periodical_print_networks.",—,La combinaison institutionnelle et éditoriale représentée par le nœud n'est pas démontrée localement.,https://whc.unesco.org/en/list/420,https://whc.unesco.org/en/tentativelists/6263/
BOL,Bolivia,Amériques et Caraïbes,The Andes,tier_4,REPLACE_WITH_EXPLICIT_SETUP,,distillation,TIER,KEEP,MEDIUM,ESTABLISHED,—,"PM:pm_pot_stills, PM:pm_spiced_food_preparations",Distillation artisanale/agroalimentaire établie ou très plausible dans l'économie locale; le nœud ne suppose pas une industrialisation lourde.,https://whc.unesco.org/en/list/420,https://whc.unesco.org/en/tentativelists/6263/
BOL,Bolivia,Amériques et Caraïbes,The Andes,tier_4,REPLACE_WITH_EXPLICIT_SETUP,,improved_husbandry,TIER,KEEP,MEDIUM,ESTABLISHED,—,"bâtiment:building_banana_plantation, bâtiment:building_coffee_plantation, bâtiment:building_dye_plantation, bâtiment:building_livestock_ranch, bâtiment:building_maize_farm, bâtiment:building_millet_farm, bât…",Agriculture/élevage structurés et améliorations pratiques sont établis; le nœud est compatible avec une économie agricole non industrielle.,https://whc.unesco.org/en/list/420,https://whc.unesco.org/en/tentativelists/6263/
BOL,Bolivia,Amériques et Caraïbes,The Andes,tier_4,REPLACE_WITH_EXPLICIT_SETUP,,international_relations,TIER,KEEP,MEDIUM,ABSTRACT,—,—,"Le nœud est interprété comme capacité de relations diplomatiques/commerciales, y compris dans un cadre colonial ou inter-polités, non comme ministère des affaires étrangères souverain.",https://whc.unesco.org/en/list/420,https://whc.unesco.org/en/tentativelists/6263/
BOL,Bolivia,Amériques et Caraïbes,The Andes,tier_4,REPLACE_WITH_EXPLICIT_SETUP,,light_infantry_tactics,TIER,KEEP,MEDIUM,ESTABLISHED,Prérequis directs manquants après recommandation: regulated_small_arms. Ne pas les auto-ajouter; traiter l’incohérence dans l’arbre ou revoir le nœud.,—,"Tactiques d'infanterie légère, de frontière ou de milice sont plausibles/établies dans l'environnement militaire local de 1776.",https://whc.unesco.org/en/list/420,https://whc.unesco.org/en/tentativelists/6263/
BOL,Bolivia,Amériques et Caraïbes,The Andes,tier_4,REPLACE_WITH_EXPLICIT_SETUP,,organized_textile_production,TIER,KEEP,MEDIUM,SECTORAL,—,"PM:pm_craftsman_sewing, bâtiment:building_textile_mill",Production textile/artisanale organisée établie; conservation sectorielle sans supposer mécanisation.,https://whc.unesco.org/en/list/420,https://whc.unesco.org/en/tentativelists/6263/
BOL,Bolivia,Amériques et Caraïbes,The Andes,tier_4,REPLACE_WITH_EXPLICIT_SETUP,,regulated_small_arms,TIER,REVIEW,MEDIUM,FRONTIER,"Si le nœud est retenu après REVIEW, prérequis directs non établis: scientific_fortification_siegecraft. Ne pas les auto-ajouter; arbitrer abstraction de l’arbre vs retrait.","bâtiment:building_arms_industry, bâtiment:building_artillery_foundry","Armes à feu et ateliers/arsenaux sont présents, mais le nœud débloque une industrie d'armes et d'artillerie structurée; la capacité locale à cette échelle doit rester sectorielle.",https://whc.unesco.org/en/list/420,https://whc.unesco.org/en/tentativelists/6263/
BOL,Bolivia,Amériques et Caraïbes,The Andes,tier_4,REPLACE_WITH_EXPLICIT_SETUP,,shaft_mining,TIER,KEEP,HIGH,ESTABLISHED,—,"bâtiment:building_coal_mine, bâtiment:building_copper_mine, bâtiment:building_iron_mine, bâtiment:building_lead_mine, bâtiment:building_limestone_quarry, bâtiment:building_salt_mine, bâtiment:building_sulfur…",Extraction minière souterraine/organisée et chaînes de traitement sont établies dans ce territoire en 1776.,https://whc.unesco.org/en/list/420,https://whc.unesco.org/en/tentativelists/6263/
BOL,Bolivia,Amériques et Caraïbes,The Andes,tier_4,REPLACE_WITH_EXPLICIT_SETUP,,standardized_field_artillery,TIER,REVIEW,MEDIUM,SECTORAL,"Si le nœud est retenu après REVIEW, prérequis directs non établis: regulated_small_arms. Ne pas les auto-ajouter; arbitrer abstraction de l’arbre vs retrait.",PM:pm_cannons,"L'artillerie est présente ou mobilisable, mais le degré de standardisation et de disponibilité locale au 1er janvier 1776 varie fortement.",https://whc.unesco.org/en/list/420,https://whc.unesco.org/en/tentativelists/6263/
BOL,Bolivia,Amériques et Caraïbes,The Andes,tier_4,REPLACE_WITH_EXPLICIT_SETUP,,systematic_administrative_statistics,TIER,KEEP,MEDIUM,SECTORAL,—,"bâtiment:building_government_administration, décret:decree_emergency_relief, décret:decree_road_maintenance","Administration fiscale/coloniale structurée et tenue de registres établies; le nœud est retenu comme abstraction de cette capacité, sans supposer statistiques modernes.",https://whc.unesco.org/en/list/420,https://whc.unesco.org/en/tentativelists/6263/
BOL,Bolivia,Amériques et Caraïbes,The Andes,tier_4,REPLACE_WITH_EXPLICIT_SETUP,,urbanization,TIER,KEEP,HIGH,ABSTRACT,—,"bâtiment:building_construction_sector, bâtiment:building_urban_center",Nœud de compatibilité du mod ouvrant construction/centre urbain; conservé comme abstraction technique et non comme mesure d'urbanisation réelle.,https://whc.unesco.org/en/list/420,https://whc.unesco.org/en/tentativelists/6263/
BOL,Bolivia,Amériques et Caraïbes,The Andes,tier_4,REPLACE_WITH_EXPLICIT_SETUP,,applied_mineralogy,ABSENT,ADD,HIGH,SECTORAL,Prérequis directs couverts par les recommandations fermes.,"bâtiment:building_gold_field, bâtiment:building_gold_mine, bâtiment:building_phosphate_mine","Potosí/Huancavelica démontrent une chaîne minière complexe, hydraulique, broyage et amalgamation; le savoir-faire est sectoriel mais incontestablement local avant 1776.",https://whc.unesco.org/en/list/420,https://whc.unesco.org/en/tentativelists/6263/
ECU,Ecuador,Amériques et Caraïbes,The Andes,tier_4,REPLACE_WITH_EXPLICIT_SETUP,,colonization,EXPLICIT,KEEP,MEDIUM,ABSTRACT,Prérequis directs couverts par les recommandations fermes.,"bâtiment:building_suez_canal, loi:law_colonial_exploitation, loi:law_colonial_resettlement, loi:law_extraction_economy, loi:law_frontier_colonization","Conservé comme abstraction d'un appareil colonial/frontière effectivement actif sur le territoire, sans lui attribuer toutes les capacités de la métropole.",https://whc.unesco.org/en/list/420,https://whc.unesco.org/en/tentativelists/6263/
ECU,Ecuador,Amériques et Caraïbes,The Andes,tier_4,REPLACE_WITH_EXPLICIT_SETUP,,institutionalized_scientific_exchange,EXPLICIT,REVIEW,LOW,ABSTRACT,—,loi:law_freedom_of_conscience,"Circulation savante possible, mais preuves locales insuffisantes pour conclure à une institution durable.",https://whc.unesco.org/en/list/420,https://whc.unesco.org/en/tentativelists/6263/
ECU,Ecuador,Amériques et Caraïbes,The Andes,tier_4,REPLACE_WITH_EXPLICIT_SETUP,,codified_practical_knowledge,TIER,REMOVE,MEDIUM,ABSENT,"Prérequis non résolus sans importance pratique car le nœud est recommandé REMOVE: institutionalized_scientific_exchange, periodical_print_networks.",—,La combinaison institutionnelle et éditoriale représentée par le nœud n'est pas démontrée localement.,https://whc.unesco.org/en/list/420,https://whc.unesco.org/en/tentativelists/6263/
ECU,Ecuador,Amériques et Caraïbes,The Andes,tier_4,REPLACE_WITH_EXPLICIT_SETUP,,distillation,TIER,KEEP,MEDIUM,ESTABLISHED,—,"PM:pm_pot_stills, PM:pm_spiced_food_preparations",Distillation artisanale/agroalimentaire établie ou très plausible dans l'économie locale; le nœud ne suppose pas une industrialisation lourde.,https://whc.unesco.org/en/list/420,https://whc.unesco.org/en/tentativelists/6263/
ECU,Ecuador,Amériques et Caraïbes,The Andes,tier_4,REPLACE_WITH_EXPLICIT_SETUP,,improved_husbandry,TIER,KEEP,MEDIUM,ESTABLISHED,—,"bâtiment:building_banana_plantation, bâtiment:building_coffee_plantation, bâtiment:building_dye_plantation, bâtiment:building_livestock_ranch, bâtiment:building_maize_farm, bâtiment:building_millet_farm, bât…",Agriculture/élevage structurés et améliorations pratiques sont établis; le nœud est compatible avec une économie agricole non industrielle.,https://whc.unesco.org/en/list/420,https://whc.unesco.org/en/tentativelists/6263/
ECU,Ecuador,Amériques et Caraïbes,The Andes,tier_4,REPLACE_WITH_EXPLICIT_SETUP,,international_relations,TIER,KEEP,MEDIUM,ABSTRACT,—,—,"Le nœud est interprété comme capacité de relations diplomatiques/commerciales, y compris dans un cadre colonial ou inter-polités, non comme ministère des affaires étrangères souverain.",https://whc.unesco.org/en/list/420,https://whc.unesco.org/en/tentativelists/6263/
ECU,Ecuador,Amériques et Caraïbes,The Andes,tier_4,REPLACE_WITH_EXPLICIT_SETUP,,light_infantry_tactics,TIER,KEEP,MEDIUM,ESTABLISHED,Prérequis directs manquants après recommandation: regulated_small_arms. Ne pas les auto-ajouter; traiter l’incohérence dans l’arbre ou revoir le nœud.,—,"Tactiques d'infanterie légère, de frontière ou de milice sont plausibles/établies dans l'environnement militaire local de 1776.",https://whc.unesco.org/en/list/420,https://whc.unesco.org/en/tentativelists/6263/
ECU,Ecuador,Amériques et Caraïbes,The Andes,tier_4,REPLACE_WITH_EXPLICIT_SETUP,,organized_textile_production,TIER,KEEP,MEDIUM,SECTORAL,—,"PM:pm_craftsman_sewing, bâtiment:building_textile_mill",Production textile/artisanale organisée établie; conservation sectorielle sans supposer mécanisation.,https://whc.unesco.org/en/list/420,https://whc.unesco.org/en/tentativelists/6263/
ECU,Ecuador,Amériques et Caraïbes,The Andes,tier_4,REPLACE_WITH_EXPLICIT_SETUP,,regulated_small_arms,TIER,REMOVE,MEDIUM,ABSENT,Prérequis non résolus sans importance pratique car le nœud est recommandé REMOVE: scientific_fortification_siegecraft.,"bâtiment:building_arms_industry, bâtiment:building_artillery_foundry",La présence d'armes importées ne suffit pas à justifier l'industrie locale débloquée par le nœud.,https://whc.unesco.org/en/list/420,https://whc.unesco.org/en/tentativelists/6263/
ECU,Ecuador,Amériques et Caraïbes,The Andes,tier_4,REPLACE_WITH_EXPLICIT_SETUP,,shaft_mining,TIER,REVIEW,MEDIUM,SECTORAL,—,"bâtiment:building_coal_mine, bâtiment:building_copper_mine, bâtiment:building_iron_mine, bâtiment:building_lead_mine, bâtiment:building_limestone_quarry, bâtiment:building_salt_mine, bâtiment:building_sulfur…","Des exploitations minières existent, mais le nœud ouvre un ensemble de mines qui peut dépasser la capacité locale démontrée.",https://whc.unesco.org/en/list/420,https://whc.unesco.org/en/tentativelists/6263/
ECU,Ecuador,Amériques et Caraïbes,The Andes,tier_4,REPLACE_WITH_EXPLICIT_SETUP,,standardized_field_artillery,TIER,REMOVE,MEDIUM,ABSENT,Prérequis non résolus sans importance pratique car le nœud est recommandé REMOVE: regulated_small_arms.,PM:pm_cannons,Aucune capacité locale d'artillerie standardisée suffisamment démontrée pour ce TAG.,https://whc.unesco.org/en/list/420,https://whc.unesco.org/en/tentativelists/6263/
ECU,Ecuador,Amériques et Caraïbes,The Andes,tier_4,REPLACE_WITH_EXPLICIT_SETUP,,systematic_administrative_statistics,TIER,KEEP,MEDIUM,SECTORAL,—,"bâtiment:building_government_administration, décret:decree_emergency_relief, décret:decree_road_maintenance","Administration fiscale/coloniale structurée et tenue de registres établies; le nœud est retenu comme abstraction de cette capacité, sans supposer statistiques modernes.",https://whc.unesco.org/en/list/420,https://whc.unesco.org/en/tentativelists/6263/
ECU,Ecuador,Amériques et Caraïbes,The Andes,tier_4,REPLACE_WITH_EXPLICIT_SETUP,,urbanization,TIER,KEEP,HIGH,ABSTRACT,—,"bâtiment:building_construction_sector, bâtiment:building_urban_center",Nœud de compatibilité du mod ouvrant construction/centre urbain; conservé comme abstraction technique et non comme mesure d'urbanisation réelle.,https://whc.unesco.org/en/list/420,https://whc.unesco.org/en/tentativelists/6263/
IQU,Iquicha,Amériques et Caraïbes,The Andes,tier_3,REPLACE_WITH_EXPLICIT_SETUP,,applied_mineralogy,TIER,REVIEW,LOW,SECTORAL,"Si le nœud est retenu après REVIEW, prérequis directs non établis: shaft_mining. Ne pas les auto-ajouter; arbitrer abstraction de l’arbre vs retrait.","bâtiment:building_gold_field, bâtiment:building_gold_mine, bâtiment:building_phosphate_mine","La région andine connaît des activités minières, mais l'attribution à ce TAG local est trop large pour être certaine.",https://whc.unesco.org/en/list/420,https://whc.unesco.org/en/tentativelists/6263/
IQU,Iquicha,Amériques et Caraïbes,The Andes,tier_3,REPLACE_WITH_EXPLICIT_SETUP,,codified_practical_knowledge,TIER,REMOVE,MEDIUM,ABSENT,"Prérequis non résolus sans importance pratique car le nœud est recommandé REMOVE: institutionalized_scientific_exchange, periodical_print_networks.",—,La combinaison institutionnelle et éditoriale représentée par le nœud n'est pas démontrée localement.,https://whc.unesco.org/en/list/420,https://whc.unesco.org/en/tentativelists/6263/
IQU,Iquicha,Amériques et Caraïbes,The Andes,tier_3,REPLACE_WITH_EXPLICIT_SETUP,,coke_smelting,TIER,REMOVE,HIGH,ABSENT,Prérequis non résolus sans importance pratique car le nœud est recommandé REMOVE: organized_forestry.,"bâtiment:building_steel_mill, bâtiment:building_tooling_workshop",La fonte au coke est une innovation britannique concentrée autour de Coalbrookdale; aucune implantation locale pertinente n'est établie ici en 1776.,https://www.ironbridge.org.uk/about-us/key-figures-in-the-history-of-the-ironbridge-gorge/,https://whc.unesco.org/en/list/420
IQU,Iquicha,Amériques et Caraïbes,The Andes,tier_3,REPLACE_WITH_EXPLICIT_SETUP,,commercial_insurance_markets,TIER,REMOVE,MEDIUM,ABSENT,Prérequis non résolus sans importance pratique car le nœud est recommandé REMOVE: institutionalized_public_credit.,"loi:law_mercantilism, loi:law_mercantilism_navigation_acts",Le marché d'assurance commerciale institutionnalisé que représente le nœud n'est pas démontré localement.,https://whc.unesco.org/en/list/420,https://whc.unesco.org/en/tentativelists/6263/
IQU,Iquicha,Amériques et Caraïbes,The Andes,tier_3,REPLACE_WITH_EXPLICIT_SETUP,,distillation,TIER,REVIEW,LOW,SECTORAL,—,"PM:pm_pot_stills, PM:pm_spiced_food_preparations",Pratique possible localement mais diffusion insuffisamment documentée au niveau du TAG.,https://whc.unesco.org/en/list/420,https://whc.unesco.org/en/tentativelists/6263/
IQU,Iquicha,Amériques et Caraïbes,The Andes,tier_3,REPLACE_WITH_EXPLICIT_SETUP,,improved_husbandry,TIER,REVIEW,MEDIUM,ABSTRACT,—,"bâtiment:building_banana_plantation, bâtiment:building_coffee_plantation, bâtiment:building_dye_plantation, bâtiment:building_livestock_ranch, bâtiment:building_maize_farm, bâtiment:building_millet_farm, bât…",Le paquet de méthodes agricoles/élevage ne correspond pas proprement à l'économie locale; arbitrage régional nécessaire.,https://whc.unesco.org/en/list/420,https://whc.unesco.org/en/tentativelists/6263/
IQU,Iquicha,Amériques et Caraïbes,The Andes,tier_3,REPLACE_WITH_EXPLICIT_SETUP,,international_relations,TIER,KEEP,MEDIUM,ABSTRACT,—,—,"Le nœud est interprété comme capacité de relations diplomatiques/commerciales, y compris dans un cadre colonial ou inter-polités, non comme ministère des affaires étrangères souverain.",https://whc.unesco.org/en/list/420,https://whc.unesco.org/en/tentativelists/6263/
IQU,Iquicha,Amériques et Caraïbes,The Andes,tier_3,REPLACE_WITH_EXPLICIT_SETUP,,light_infantry_tactics,TIER,KEEP,MEDIUM,ESTABLISHED,Prérequis directs manquants après recommandation: regulated_small_arms. Ne pas les auto-ajouter; traiter l’incohérence dans l’arbre ou revoir le nœud.,—,"Tactiques d'infanterie légère, de frontière ou de milice sont plausibles/établies dans l'environnement militaire local de 1776.",https://whc.unesco.org/en/list/420,https://whc.unesco.org/en/tentativelists/6263/
IQU,Iquicha,Amériques et Caraïbes,The Andes,tier_3,REPLACE_WITH_EXPLICIT_SETUP,,medical_degrees,TIER,REMOVE,HIGH,ABSENT,Prérequis non résolus sans importance pratique car le nœud est recommandé REMOVE: institutionalized_scientific_exchange.,loi:law_charitable_health_system,Aucune institution locale de diplômes médicaux correspondant au nœud n'est établie pour ce TAG en 1776.,https://whc.unesco.org/en/list/420,https://whc.unesco.org/en/tentativelists/6263/
IQU,Iquicha,Amériques et Caraïbes,The Andes,tier_3,REPLACE_WITH_EXPLICIT_SETUP,,organized_textile_production,TIER,REMOVE,MEDIUM,ABSENT,—,"PM:pm_craftsman_sewing, bâtiment:building_textile_mill",Le niveau d'organisation manufacturière impliqué par le nœud n'est pas démontré localement.,https://whc.unesco.org/en/list/420,https://whc.unesco.org/en/tentativelists/6263/
IQU,Iquicha,Amériques et Caraïbes,The Andes,tier_3,REPLACE_WITH_EXPLICIT_SETUP,,regulated_small_arms,TIER,REMOVE,MEDIUM,ABSENT,Prérequis non résolus sans importance pratique car le nœud est recommandé REMOVE: scientific_fortification_siegecraft.,"bâtiment:building_arms_industry, bâtiment:building_artillery_foundry",La présence d'armes importées ne suffit pas à justifier l'industrie locale débloquée par le nœud.,https://whc.unesco.org/en/list/420,https://whc.unesco.org/en/tentativelists/6263/
IQU,Iquicha,Amériques et Caraïbes,The Andes,tier_3,REPLACE_WITH_EXPLICIT_SETUP,,shaft_mining,TIER,REVIEW,MEDIUM,SECTORAL,—,"bâtiment:building_coal_mine, bâtiment:building_copper_mine, bâtiment:building_iron_mine, bâtiment:building_lead_mine, bâtiment:building_limestone_quarry, bâtiment:building_salt_mine, bâtiment:building_sulfur…","Des exploitations minières existent, mais le nœud ouvre un ensemble de mines qui peut dépasser la capacité locale démontrée.",https://whc.unesco.org/en/list/420,https://whc.unesco.org/en/tentativelists/6263/
IQU,Iquicha,Amériques et Caraïbes,The Andes,tier_3,REPLACE_WITH_EXPLICIT_SETUP,,specialized_technical_academies,TIER,REMOVE,HIGH,ABSENT,Prérequis non résolus sans importance pratique car le nœud est recommandé REMOVE: institutionalized_scientific_exchange.,bâtiment:building_university,"Le nœud ouvre l'université/enseignement technique spécialisé. Même en Nouvelle-Espagne, le Seminario de Minería n'ouvre qu'en 1792; attribution locale trop précoce.",https://whc.unesco.org/en/list/420,https://whc.unesco.org/en/tentativelists/6263/
IQU,Iquicha,Amériques et Caraïbes,The Andes,tier_3,REPLACE_WITH_EXPLICIT_SETUP,,standardized_field_artillery,TIER,REMOVE,MEDIUM,ABSENT,Prérequis non résolus sans importance pratique car le nœud est recommandé REMOVE: regulated_small_arms.,PM:pm_cannons,Aucune capacité locale d'artillerie standardisée suffisamment démontrée pour ce TAG.,https://whc.unesco.org/en/list/420,https://whc.unesco.org/en/tentativelists/6263/
IQU,Iquicha,Amériques et Caraïbes,The Andes,tier_3,REPLACE_WITH_EXPLICIT_SETUP,,systematic_administrative_statistics,TIER,REMOVE,MEDIUM,ABSENT,—,"bâtiment:building_government_administration, décret:decree_emergency_relief, décret:decree_road_maintenance",Aucun appareil local de statistiques/administration comparable n'est démontré.,https://whc.unesco.org/en/list/420,https://whc.unesco.org/en/tentativelists/6263/
IQU,Iquicha,Amériques et Caraïbes,The Andes,tier_3,REPLACE_WITH_EXPLICIT_SETUP,,urbanization,TIER,KEEP,HIGH,ABSTRACT,—,"bâtiment:building_construction_sector, bâtiment:building_urban_center",Nœud de compatibilité du mod ouvrant construction/centre urbain; conservé comme abstraction technique et non comme mesure d'urbanisation réelle.,https://whc.unesco.org/en/list/420,https://whc.unesco.org/en/tentativelists/6263/
NPU,North Peru,Amériques et Caraïbes,The Andes,tier_3,REPLACE_WITH_EXPLICIT_SETUP,,applied_mineralogy,TIER,KEEP,MEDIUM,SECTORAL,Prérequis directs couverts par les recommandations fermes.,"bâtiment:building_gold_field, bâtiment:building_gold_mine, bâtiment:building_phosphate_mine","L'extraction et le traitement des minerais sont des secteurs établis; ce nœud est retenu comme savoir-faire pratique sectoriel, pas comme science académique nationale.",https://whc.unesco.org/en/list/420,https://whc.unesco.org/en/tentativelists/6263/
NPU,North Peru,Amériques et Caraïbes,The Andes,tier_3,REPLACE_WITH_EXPLICIT_SETUP,,codified_practical_knowledge,TIER,REVIEW,MEDIUM,ABSTRACT,"Si le nœud est retenu après REVIEW, prérequis directs non établis: institutionalized_scientific_exchange, periodical_print_networks. Ne pas les auto-ajouter; arbitrer abstraction de l’arbre vs retrait.",—,Savoirs pratiques réels mais le nœud suppose aussi des réseaux institutionnels/éditoriaux; les prérequis ne sont pas tous assurés localement en 1776.,https://whc.unesco.org/en/list/420,https://whc.unesco.org/en/tentativelists/6263/
NPU,North Peru,Amériques et Caraïbes,The Andes,tier_3,REPLACE_WITH_EXPLICIT_SETUP,,coke_smelting,TIER,REMOVE,HIGH,ABSENT,Prérequis non résolus sans importance pratique car le nœud est recommandé REMOVE: organized_forestry.,"bâtiment:building_steel_mill, bâtiment:building_tooling_workshop",La fonte au coke est une innovation britannique concentrée autour de Coalbrookdale; aucune implantation locale pertinente n'est établie ici en 1776.,https://www.ironbridge.org.uk/about-us/key-figures-in-the-history-of-the-ironbridge-gorge/,https://whc.unesco.org/en/list/420
NPU,North Peru,Amériques et Caraïbes,The Andes,tier_3,REPLACE_WITH_EXPLICIT_SETUP,,commercial_insurance_markets,TIER,REVIEW,LOW,ABSTRACT,"Si le nœud est retenu après REVIEW, prérequis directs non établis: institutionalized_public_credit. Ne pas les auto-ajouter; arbitrer abstraction de l’arbre vs retrait.","loi:law_mercantilism, loi:law_mercantilism_navigation_acts","Des circuits marchands et assurances maritimes impériales existent, mais l'existence d'un marché d'assurance local suffisamment institutionnalisé au niveau du TAG reste incertaine.",https://whc.unesco.org/en/list/420,https://whc.unesco.org/en/tentativelists/6263/
NPU,North Peru,Amériques et Caraïbes,The Andes,tier_3,REPLACE_WITH_EXPLICIT_SETUP,,distillation,TIER,KEEP,MEDIUM,ESTABLISHED,—,"PM:pm_pot_stills, PM:pm_spiced_food_preparations",Distillation artisanale/agroalimentaire établie ou très plausible dans l'économie locale; le nœud ne suppose pas une industrialisation lourde.,https://whc.unesco.org/en/list/420,https://whc.unesco.org/en/tentativelists/6263/
NPU,North Peru,Amériques et Caraïbes,The Andes,tier_3,REPLACE_WITH_EXPLICIT_SETUP,,improved_husbandry,TIER,KEEP,MEDIUM,ESTABLISHED,—,"bâtiment:building_banana_plantation, bâtiment:building_coffee_plantation, bâtiment:building_dye_plantation, bâtiment:building_livestock_ranch, bâtiment:building_maize_farm, bâtiment:building_millet_farm, bât…",Agriculture/élevage structurés et améliorations pratiques sont établis; le nœud est compatible avec une économie agricole non industrielle.,https://whc.unesco.org/en/list/420,https://whc.unesco.org/en/tentativelists/6263/
NPU,North Peru,Amériques et Caraïbes,The Andes,tier_3,REPLACE_WITH_EXPLICIT_SETUP,,international_relations,TIER,KEEP,MEDIUM,ABSTRACT,—,—,"Le nœud est interprété comme capacité de relations diplomatiques/commerciales, y compris dans un cadre colonial ou inter-polités, non comme ministère des affaires étrangères souverain.",https://whc.unesco.org/en/list/420,https://whc.unesco.org/en/tentativelists/6263/
NPU,North Peru,Amériques et Caraïbes,The Andes,tier_3,REPLACE_WITH_EXPLICIT_SETUP,,light_infantry_tactics,TIER,KEEP,MEDIUM,ESTABLISHED,Prérequis directs manquants après recommandation: regulated_small_arms. Ne pas les auto-ajouter; traiter l’incohérence dans l’arbre ou revoir le nœud.,—,"Tactiques d'infanterie légère, de frontière ou de milice sont plausibles/établies dans l'environnement militaire local de 1776.",https://whc.unesco.org/en/list/420,https://whc.unesco.org/en/tentativelists/6263/
NPU,North Peru,Amériques et Caraïbes,The Andes,tier_3,REPLACE_WITH_EXPLICIT_SETUP,,medical_degrees,TIER,REVIEW,MEDIUM,SECTORAL,"Si le nœud est retenu après REVIEW, prérequis directs non établis: institutionalized_scientific_exchange. Ne pas les auto-ajouter; arbitrer abstraction de l’arbre vs retrait.",loi:law_charitable_health_system,"Des universités coloniales existent, mais il faut distinguer enseignement supérieur général et système local de diplômes médicaux correspondant au nœud gameplay.",https://whc.unesco.org/en/list/420,https://whc.unesco.org/en/tentativelists/6263/
NPU,North Peru,Amériques et Caraïbes,The Andes,tier_3,REPLACE_WITH_EXPLICIT_SETUP,,organized_textile_production,TIER,KEEP,MEDIUM,SECTORAL,—,"PM:pm_craftsman_sewing, bâtiment:building_textile_mill",Production textile/artisanale organisée établie; conservation sectorielle sans supposer mécanisation.,https://whc.unesco.org/en/list/420,https://whc.unesco.org/en/tentativelists/6263/
NPU,North Peru,Amériques et Caraïbes,The Andes,tier_3,REPLACE_WITH_EXPLICIT_SETUP,,regulated_small_arms,TIER,REVIEW,MEDIUM,FRONTIER,"Si le nœud est retenu après REVIEW, prérequis directs non établis: scientific_fortification_siegecraft. Ne pas les auto-ajouter; arbitrer abstraction de l’arbre vs retrait.","bâtiment:building_arms_industry, bâtiment:building_artillery_foundry","Armes à feu et ateliers/arsenaux sont présents, mais le nœud débloque une industrie d'armes et d'artillerie structurée; la capacité locale à cette échelle doit rester sectorielle.",https://whc.unesco.org/en/list/420,https://whc.unesco.org/en/tentativelists/6263/
NPU,North Peru,Amériques et Caraïbes,The Andes,tier_3,REPLACE_WITH_EXPLICIT_SETUP,,shaft_mining,TIER,KEEP,MEDIUM,SECTORAL,—,"bâtiment:building_coal_mine, bâtiment:building_copper_mine, bâtiment:building_iron_mine, bâtiment:building_lead_mine, bâtiment:building_limestone_quarry, bâtiment:building_salt_mine, bâtiment:building_sulfur…",Extraction minière souterraine/organisée et chaînes de traitement sont établies dans ce territoire en 1776.,https://whc.unesco.org/en/list/420,https://whc.unesco.org/en/tentativelists/6263/
NPU,North Peru,Amériques et Caraïbes,The Andes,tier_3,REPLACE_WITH_EXPLICIT_SETUP,,specialized_technical_academies,TIER,REMOVE,HIGH,ABSENT,Prérequis non résolus sans importance pratique car le nœud est recommandé REMOVE: institutionalized_scientific_exchange.,bâtiment:building_university,"Le nœud ouvre l'université/enseignement technique spécialisé. Même en Nouvelle-Espagne, le Seminario de Minería n'ouvre qu'en 1792; attribution locale trop précoce.",https://whc.unesco.org/en/list/420,https://whc.unesco.org/en/tentativelists/6263/
NPU,North Peru,Amériques et Caraïbes,The Andes,tier_3,REPLACE_WITH_EXPLICIT_SETUP,,standardized_field_artillery,TIER,REVIEW,MEDIUM,SECTORAL,"Si le nœud est retenu après REVIEW, prérequis directs non établis: regulated_small_arms. Ne pas les auto-ajouter; arbitrer abstraction de l’arbre vs retrait.",PM:pm_cannons,"L'artillerie est présente ou mobilisable, mais le degré de standardisation et de disponibilité locale au 1er janvier 1776 varie fortement.",https://whc.unesco.org/en/list/420,https://whc.unesco.org/en/tentativelists/6263/
NPU,North Peru,Amériques et Caraïbes,The Andes,tier_3,REPLACE_WITH_EXPLICIT_SETUP,,systematic_administrative_statistics,TIER,KEEP,MEDIUM,SECTORAL,—,"bâtiment:building_government_administration, décret:decree_emergency_relief, décret:decree_road_maintenance","Administration fiscale/coloniale structurée et tenue de registres établies; le nœud est retenu comme abstraction de cette capacité, sans supposer statistiques modernes.",https://whc.unesco.org/en/list/420,https://whc.unesco.org/en/tentativelists/6263/
NPU,North Peru,Amériques et Caraïbes,The Andes,tier_3,REPLACE_WITH_EXPLICIT_SETUP,,urbanization,TIER,KEEP,HIGH,ABSTRACT,—,"bâtiment:building_construction_sector, bâtiment:building_urban_center",Nœud de compatibilité du mod ouvrant construction/centre urbain; conservé comme abstraction technique et non comme mesure d'urbanisation réelle.,https://whc.unesco.org/en/list/420,https://whc.unesco.org/en/tentativelists/6263/
PEU,Peru,Amériques et Caraïbes,The Andes,tier_4,REPLACE_WITH_EXPLICIT_SETUP,,colonization,EXPLICIT,KEEP,MEDIUM,ABSTRACT,Prérequis directs couverts par les recommandations fermes.,"bâtiment:building_suez_canal, loi:law_colonial_exploitation, loi:law_colonial_resettlement, loi:law_extraction_economy, loi:law_frontier_colonization","Conservé comme abstraction d'un appareil colonial/frontière effectivement actif sur le territoire, sans lui attribuer toutes les capacités de la métropole.",https://whc.unesco.org/en/list/420,https://whc.unesco.org/en/tentativelists/6263/
PEU,Peru,Amériques et Caraïbes,The Andes,tier_4,REPLACE_WITH_EXPLICIT_SETUP,,institutionalized_scientific_exchange,EXPLICIT,REVIEW,MEDIUM,SECTORAL,—,loi:law_freedom_of_conscience,"Enseignement supérieur, savants ou circulation de savoirs existent, mais le degré d'institutionnalisation locale correspondant au nœud reste incertain.",https://whc.unesco.org/en/list/420,https://whc.unesco.org/en/tentativelists/6263/
PEU,Peru,Amériques et Caraïbes,The Andes,tier_4,REPLACE_WITH_EXPLICIT_SETUP,,codified_practical_knowledge,TIER,REVIEW,MEDIUM,ABSTRACT,"Si le nœud est retenu après REVIEW, prérequis directs non établis: institutionalized_scientific_exchange, periodical_print_networks. Ne pas les auto-ajouter; arbitrer abstraction de l’arbre vs retrait.",—,Savoirs pratiques réels mais le nœud suppose aussi des réseaux institutionnels/éditoriaux; les prérequis ne sont pas tous assurés localement en 1776.,https://whc.unesco.org/en/list/420,https://whc.unesco.org/en/tentativelists/6263/
PEU,Peru,Amériques et Caraïbes,The Andes,tier_4,REPLACE_WITH_EXPLICIT_SETUP,,distillation,TIER,KEEP,MEDIUM,ESTABLISHED,—,"PM:pm_pot_stills, PM:pm_spiced_food_preparations",Distillation artisanale/agroalimentaire établie ou très plausible dans l'économie locale; le nœud ne suppose pas une industrialisation lourde.,https://whc.unesco.org/en/list/420,https://whc.unesco.org/en/tentativelists/6263/
PEU,Peru,Amériques et Caraïbes,The Andes,tier_4,REPLACE_WITH_EXPLICIT_SETUP,,improved_husbandry,TIER,KEEP,MEDIUM,ESTABLISHED,—,"bâtiment:building_banana_plantation, bâtiment:building_coffee_plantation, bâtiment:building_dye_plantation, bâtiment:building_livestock_ranch, bâtiment:building_maize_farm, bâtiment:building_millet_farm, bât…",Agriculture/élevage structurés et améliorations pratiques sont établis; le nœud est compatible avec une économie agricole non industrielle.,https://whc.unesco.org/en/list/420,https://whc.unesco.org/en/tentativelists/6263/
PEU,Peru,Amériques et Caraïbes,The Andes,tier_4,REPLACE_WITH_EXPLICIT_SETUP,,international_relations,TIER,KEEP,MEDIUM,ABSTRACT,—,—,"Le nœud est interprété comme capacité de relations diplomatiques/commerciales, y compris dans un cadre colonial ou inter-polités, non comme ministère des affaires étrangères souverain.",https://whc.unesco.org/en/list/420,https://whc.unesco.org/en/tentativelists/6263/
PEU,Peru,Amériques et Caraïbes,The Andes,tier_4,REPLACE_WITH_EXPLICIT_SETUP,,light_infantry_tactics,TIER,KEEP,MEDIUM,ESTABLISHED,Prérequis directs manquants après recommandation: regulated_small_arms. Ne pas les auto-ajouter; traiter l’incohérence dans l’arbre ou revoir le nœud.,—,"Tactiques d'infanterie légère, de frontière ou de milice sont plausibles/établies dans l'environnement militaire local de 1776.",https://whc.unesco.org/en/list/420,https://whc.unesco.org/en/tentativelists/6263/
PEU,Peru,Amériques et Caraïbes,The Andes,tier_4,REPLACE_WITH_EXPLICIT_SETUP,,organized_textile_production,TIER,KEEP,MEDIUM,SECTORAL,—,"PM:pm_craftsman_sewing, bâtiment:building_textile_mill",Production textile/artisanale organisée établie; conservation sectorielle sans supposer mécanisation.,https://whc.unesco.org/en/list/420,https://whc.unesco.org/en/tentativelists/6263/
PEU,Peru,Amériques et Caraïbes,The Andes,tier_4,REPLACE_WITH_EXPLICIT_SETUP,,regulated_small_arms,TIER,REVIEW,MEDIUM,FRONTIER,"Si le nœud est retenu après REVIEW, prérequis directs non établis: scientific_fortification_siegecraft. Ne pas les auto-ajouter; arbitrer abstraction de l’arbre vs retrait.","bâtiment:building_arms_industry, bâtiment:building_artillery_foundry","Armes à feu et ateliers/arsenaux sont présents, mais le nœud débloque une industrie d'armes et d'artillerie structurée; la capacité locale à cette échelle doit rester sectorielle.",https://whc.unesco.org/en/list/420,https://whc.unesco.org/en/tentativelists/6263/
PEU,Peru,Amériques et Caraïbes,The Andes,tier_4,REPLACE_WITH_EXPLICIT_SETUP,,shaft_mining,TIER,KEEP,HIGH,ESTABLISHED,—,"bâtiment:building_coal_mine, bâtiment:building_copper_mine, bâtiment:building_iron_mine, bâtiment:building_lead_mine, bâtiment:building_limestone_quarry, bâtiment:building_salt_mine, bâtiment:building_sulfur…",Extraction minière souterraine/organisée et chaînes de traitement sont établies dans ce territoire en 1776.,https://whc.unesco.org/en/list/420,https://whc.unesco.org/en/tentativelists/6263/
PEU,Peru,Amériques et Caraïbes,The Andes,tier_4,REPLACE_WITH_EXPLICIT_SETUP,,standardized_field_artillery,TIER,KEEP,MEDIUM,SECTORAL,Prérequis directs manquants après recommandation: regulated_small_arms. Ne pas les auto-ajouter; traiter l’incohérence dans l’arbre ou revoir le nœud.,PM:pm_cannons,"Artillerie de garnison/forteresse et organisation militaire impériale sont localement établies; conservation comme capacité sectorielle, non comme production autonome.",https://whc.unesco.org/en/list/420,https://whc.unesco.org/en/tentativelists/6263/
PEU,Peru,Amériques et Caraïbes,The Andes,tier_4,REPLACE_WITH_EXPLICIT_SETUP,,systematic_administrative_statistics,TIER,KEEP,MEDIUM,SECTORAL,—,"bâtiment:building_government_administration, décret:decree_emergency_relief, décret:decree_road_maintenance","Administration fiscale/coloniale structurée et tenue de registres établies; le nœud est retenu comme abstraction de cette capacité, sans supposer statistiques modernes.",https://whc.unesco.org/en/list/420,https://whc.unesco.org/en/tentativelists/6263/
PEU,Peru,Amériques et Caraïbes,The Andes,tier_4,REPLACE_WITH_EXPLICIT_SETUP,,urbanization,TIER,KEEP,HIGH,ABSTRACT,—,"bâtiment:building_construction_sector, bâtiment:building_urban_center",Nœud de compatibilité du mod ouvrant construction/centre urbain; conservé comme abstraction technique et non comme mesure d'urbanisation réelle.,https://whc.unesco.org/en/list/420,https://whc.unesco.org/en/tentativelists/6263/
PEU,Peru,Amériques et Caraïbes,The Andes,tier_4,REPLACE_WITH_EXPLICIT_SETUP,,applied_mineralogy,ABSENT,ADD,HIGH,SECTORAL,Prérequis directs couverts par les recommandations fermes.,"bâtiment:building_gold_field, bâtiment:building_gold_mine, bâtiment:building_phosphate_mine","Potosí/Huancavelica démontrent une chaîne minière complexe, hydraulique, broyage et amalgamation; le savoir-faire est sectoriel mais incontestablement local avant 1776.",https://whc.unesco.org/en/list/420,https://whc.unesco.org/en/tentativelists/6263/
PEU,Peru,Amériques et Caraïbes,The Andes,tier_4,REPLACE_WITH_EXPLICIT_SETUP,,periodical_print_networks,ABSENT,REVIEW,LOW,SECTORAL,—,"loi:law_censorship, loi:law_religious_schools",Une tradition de gazettes existe à Lima avant 1776 mais la continuité exacte au cutoff est insuffisante pour un ADD assuré; conserver en arbitrage.,https://whc.unesco.org/en/list/420,
SC3,Perú,Amériques et Caraïbes,The Andes,tier_4,REPLACE_WITH_EXPLICIT_SETUP,,colonization,EXPLICIT,KEEP,MEDIUM,ABSTRACT,Prérequis directs couverts par les recommandations fermes.,"bâtiment:building_suez_canal, loi:law_colonial_exploitation, loi:law_colonial_resettlement, loi:law_extraction_economy, loi:law_frontier_colonization","Conservé comme abstraction d'un appareil colonial/frontière effectivement actif sur le territoire, sans lui attribuer toutes les capacités de la métropole.",https://whc.unesco.org/en/list/420,https://whc.unesco.org/en/tentativelists/6263/
SC3,Perú,Amériques et Caraïbes,The Andes,tier_4,REPLACE_WITH_EXPLICIT_SETUP,,institutionalized_scientific_exchange,EXPLICIT,REVIEW,MEDIUM,SECTORAL,—,loi:law_freedom_of_conscience,"Enseignement supérieur, savants ou circulation de savoirs existent, mais le degré d'institutionnalisation locale correspondant au nœud reste incertain.",https://whc.unesco.org/en/list/420,https://whc.unesco.org/en/tentativelists/6263/
SC3,Perú,Amériques et Caraïbes,The Andes,tier_4,REPLACE_WITH_EXPLICIT_SETUP,,codified_practical_knowledge,TIER,REVIEW,MEDIUM,ABSTRACT,"Si le nœud est retenu après REVIEW, prérequis directs non établis: institutionalized_scientific_exchange, periodical_print_networks. Ne pas les auto-ajouter; arbitrer abstraction de l’arbre vs retrait.",—,Savoirs pratiques réels mais le nœud suppose aussi des réseaux institutionnels/éditoriaux; les prérequis ne sont pas tous assurés localement en 1776.,https://whc.unesco.org/en/list/420,https://whc.unesco.org/en/tentativelists/6263/
SC3,Perú,Amériques et Caraïbes,The Andes,tier_4,REPLACE_WITH_EXPLICIT_SETUP,,distillation,TIER,KEEP,MEDIUM,ESTABLISHED,—,"PM:pm_pot_stills, PM:pm_spiced_food_preparations",Distillation artisanale/agroalimentaire établie ou très plausible dans l'économie locale; le nœud ne suppose pas une industrialisation lourde.,https://whc.unesco.org/en/list/420,https://whc.unesco.org/en/tentativelists/6263/
SC3,Perú,Amériques et Caraïbes,The Andes,tier_4,REPLACE_WITH_EXPLICIT_SETUP,,improved_husbandry,TIER,KEEP,MEDIUM,ESTABLISHED,—,"bâtiment:building_banana_plantation, bâtiment:building_coffee_plantation, bâtiment:building_dye_plantation, bâtiment:building_livestock_ranch, bâtiment:building_maize_farm, bâtiment:building_millet_farm, bât…",Agriculture/élevage structurés et améliorations pratiques sont établis; le nœud est compatible avec une économie agricole non industrielle.,https://whc.unesco.org/en/list/420,https://whc.unesco.org/en/tentativelists/6263/
SC3,Perú,Amériques et Caraïbes,The Andes,tier_4,REPLACE_WITH_EXPLICIT_SETUP,,international_relations,TIER,KEEP,MEDIUM,ABSTRACT,—,—,"Le nœud est interprété comme capacité de relations diplomatiques/commerciales, y compris dans un cadre colonial ou inter-polités, non comme ministère des affaires étrangères souverain.",https://whc.unesco.org/en/list/420,https://whc.unesco.org/en/tentativelists/6263/
SC3,Perú,Amériques et Caraïbes,The Andes,tier_4,REPLACE_WITH_EXPLICIT_SETUP,,light_infantry_tactics,TIER,KEEP,MEDIUM,ESTABLISHED,Prérequis directs manquants après recommandation: regulated_small_arms. Ne pas les auto-ajouter; traiter l’incohérence dans l’arbre ou revoir le nœud.,—,"Tactiques d'infanterie légère, de frontière ou de milice sont plausibles/établies dans l'environnement militaire local de 1776.",https://whc.unesco.org/en/list/420,https://whc.unesco.org/en/tentativelists/6263/
SC3,Perú,Amériques et Caraïbes,The Andes,tier_4,REPLACE_WITH_EXPLICIT_SETUP,,organized_textile_production,TIER,KEEP,MEDIUM,SECTORAL,—,"PM:pm_craftsman_sewing, bâtiment:building_textile_mill",Production textile/artisanale organisée établie; conservation sectorielle sans supposer mécanisation.,https://whc.unesco.org/en/list/420,https://whc.unesco.org/en/tentativelists/6263/
SC3,Perú,Amériques et Caraïbes,The Andes,tier_4,REPLACE_WITH_EXPLICIT_SETUP,,regulated_small_arms,TIER,REVIEW,MEDIUM,FRONTIER,"Si le nœud est retenu après REVIEW, prérequis directs non établis: scientific_fortification_siegecraft. Ne pas les auto-ajouter; arbitrer abstraction de l’arbre vs retrait.","bâtiment:building_arms_industry, bâtiment:building_artillery_foundry","Armes à feu et ateliers/arsenaux sont présents, mais le nœud débloque une industrie d'armes et d'artillerie structurée; la capacité locale à cette échelle doit rester sectorielle.",https://whc.unesco.org/en/list/420,https://whc.unesco.org/en/tentativelists/6263/
SC3,Perú,Amériques et Caraïbes,The Andes,tier_4,REPLACE_WITH_EXPLICIT_SETUP,,shaft_mining,TIER,KEEP,HIGH,ESTABLISHED,—,"bâtiment:building_coal_mine, bâtiment:building_copper_mine, bâtiment:building_iron_mine, bâtiment:building_lead_mine, bâtiment:building_limestone_quarry, bâtiment:building_salt_mine, bâtiment:building_sulfur…",Extraction minière souterraine/organisée et chaînes de traitement sont établies dans ce territoire en 1776.,https://whc.unesco.org/en/list/420,https://whc.unesco.org/en/tentativelists/6263/
SC3,Perú,Amériques et Caraïbes,The Andes,tier_4,REPLACE_WITH_EXPLICIT_SETUP,,standardized_field_artillery,TIER,KEEP,MEDIUM,SECTORAL,Prérequis directs manquants après recommandation: regulated_small_arms. Ne pas les auto-ajouter; traiter l’incohérence dans l’arbre ou revoir le nœud.,PM:pm_cannons,"Artillerie de garnison/forteresse et organisation militaire impériale sont localement établies; conservation comme capacité sectorielle, non comme production autonome.",https://whc.unesco.org/en/list/420,https://whc.unesco.org/en/tentativelists/6263/
SC3,Perú,Amériques et Caraïbes,The Andes,tier_4,REPLACE_WITH_EXPLICIT_SETUP,,systematic_administrative_statistics,TIER,KEEP,MEDIUM,SECTORAL,—,"bâtiment:building_government_administration, décret:decree_emergency_relief, décret:decree_road_maintenance","Administration fiscale/coloniale structurée et tenue de registres établies; le nœud est retenu comme abstraction de cette capacité, sans supposer statistiques modernes.",https://whc.unesco.org/en/list/420,https://whc.unesco.org/en/tentativelists/6263/
SC3,Perú,Amériques et Caraïbes,The Andes,tier_4,REPLACE_WITH_EXPLICIT_SETUP,,urbanization,TIER,KEEP,HIGH,ABSTRACT,—,"bâtiment:building_construction_sector, bâtiment:building_urban_center",Nœud de compatibilité du mod ouvrant construction/centre urbain; conservé comme abstraction technique et non comme mesure d'urbanisation réelle.,https://whc.unesco.org/en/list/420,https://whc.unesco.org/en/tentativelists/6263/
SC3,Perú,Amériques et Caraïbes,The Andes,tier_4,REPLACE_WITH_EXPLICIT_SETUP,,applied_mineralogy,ABSENT,ADD,HIGH,SECTORAL,Prérequis directs couverts par les recommandations fermes.,"bâtiment:building_gold_field, bâtiment:building_gold_mine, bâtiment:building_phosphate_mine","Potosí/Huancavelica démontrent une chaîne minière complexe, hydraulique, broyage et amalgamation; le savoir-faire est sectoriel mais incontestablement local avant 1776.",https://whc.unesco.org/en/list/420,https://whc.unesco.org/en/tentativelists/6263/
SC3,Perú,Amériques et Caraïbes,The Andes,tier_4,REPLACE_WITH_EXPLICIT_SETUP,,periodical_print_networks,ABSENT,REVIEW,LOW,SECTORAL,—,"loi:law_censorship, loi:law_religious_schools",Une tradition de gazettes existe à Lima avant 1776 mais la continuité exacte au cutoff est insuffisante pour un ADD assuré; conserver en arbitrage.,https://whc.unesco.org/en/list/420,
SPU,South Peru,Amériques et Caraïbes,The Andes,tier_3,REPLACE_WITH_EXPLICIT_SETUP,,applied_mineralogy,TIER,KEEP,MEDIUM,SECTORAL,Prérequis directs couverts par les recommandations fermes.,"bâtiment:building_gold_field, bâtiment:building_gold_mine, bâtiment:building_phosphate_mine","L'extraction et le traitement des minerais sont des secteurs établis; ce nœud est retenu comme savoir-faire pratique sectoriel, pas comme science académique nationale.",https://whc.unesco.org/en/list/420,https://whc.unesco.org/en/tentativelists/6263/
SPU,South Peru,Amériques et Caraïbes,The Andes,tier_3,REPLACE_WITH_EXPLICIT_SETUP,,codified_practical_knowledge,TIER,REVIEW,MEDIUM,ABSTRACT,"Si le nœud est retenu après REVIEW, prérequis directs non établis: institutionalized_scientific_exchange, periodical_print_networks. Ne pas les auto-ajouter; arbitrer abstraction de l’arbre vs retrait.",—,Savoirs pratiques réels mais le nœud suppose aussi des réseaux institutionnels/éditoriaux; les prérequis ne sont pas tous assurés localement en 1776.,https://whc.unesco.org/en/list/420,https://whc.unesco.org/en/tentativelists/6263/
SPU,South Peru,Amériques et Caraïbes,The Andes,tier_3,REPLACE_WITH_EXPLICIT_SETUP,,coke_smelting,TIER,REMOVE,HIGH,ABSENT,Prérequis non résolus sans importance pratique car le nœud est recommandé REMOVE: organized_forestry.,"bâtiment:building_steel_mill, bâtiment:building_tooling_workshop",La fonte au coke est une innovation britannique concentrée autour de Coalbrookdale; aucune implantation locale pertinente n'est établie ici en 1776.,https://www.ironbridge.org.uk/about-us/key-figures-in-the-history-of-the-ironbridge-gorge/,https://whc.unesco.org/en/list/420
SPU,South Peru,Amériques et Caraïbes,The Andes,tier_3,REPLACE_WITH_EXPLICIT_SETUP,,commercial_insurance_markets,TIER,REVIEW,LOW,ABSTRACT,"Si le nœud est retenu après REVIEW, prérequis directs non établis: institutionalized_public_credit. Ne pas les auto-ajouter; arbitrer abstraction de l’arbre vs retrait.","loi:law_mercantilism, loi:law_mercantilism_navigation_acts","Des circuits marchands et assurances maritimes impériales existent, mais l'existence d'un marché d'assurance local suffisamment institutionnalisé au niveau du TAG reste incertaine.",https://whc.unesco.org/en/list/420,https://whc.unesco.org/en/tentativelists/6263/
SPU,South Peru,Amériques et Caraïbes,The Andes,tier_3,REPLACE_WITH_EXPLICIT_SETUP,,distillation,TIER,KEEP,MEDIUM,ESTABLISHED,—,"PM:pm_pot_stills, PM:pm_spiced_food_preparations",Distillation artisanale/agroalimentaire établie ou très plausible dans l'économie locale; le nœud ne suppose pas une industrialisation lourde.,https://whc.unesco.org/en/list/420,https://whc.unesco.org/en/tentativelists/6263/
SPU,South Peru,Amériques et Caraïbes,The Andes,tier_3,REPLACE_WITH_EXPLICIT_SETUP,,improved_husbandry,TIER,KEEP,MEDIUM,ESTABLISHED,—,"bâtiment:building_banana_plantation, bâtiment:building_coffee_plantation, bâtiment:building_dye_plantation, bâtiment:building_livestock_ranch, bâtiment:building_maize_farm, bâtiment:building_millet_farm, bât…",Agriculture/élevage structurés et améliorations pratiques sont établis; le nœud est compatible avec une économie agricole non industrielle.,https://whc.unesco.org/en/list/420,https://whc.unesco.org/en/tentativelists/6263/
SPU,South Peru,Amériques et Caraïbes,The Andes,tier_3,REPLACE_WITH_EXPLICIT_SETUP,,international_relations,TIER,KEEP,MEDIUM,ABSTRACT,—,—,"Le nœud est interprété comme capacité de relations diplomatiques/commerciales, y compris dans un cadre colonial ou inter-polités, non comme ministère des affaires étrangères souverain.",https://whc.unesco.org/en/list/420,https://whc.unesco.org/en/tentativelists/6263/
SPU,South Peru,Amériques et Caraïbes,The Andes,tier_3,REPLACE_WITH_EXPLICIT_SETUP,,light_infantry_tactics,TIER,KEEP,MEDIUM,ESTABLISHED,Prérequis directs manquants après recommandation: regulated_small_arms. Ne pas les auto-ajouter; traiter l’incohérence dans l’arbre ou revoir le nœud.,—,"Tactiques d'infanterie légère, de frontière ou de milice sont plausibles/établies dans l'environnement militaire local de 1776.",https://whc.unesco.org/en/list/420,https://whc.unesco.org/en/tentativelists/6263/
SPU,South Peru,Amériques et Caraïbes,The Andes,tier_3,REPLACE_WITH_EXPLICIT_SETUP,,medical_degrees,TIER,REVIEW,MEDIUM,SECTORAL,"Si le nœud est retenu après REVIEW, prérequis directs non établis: institutionalized_scientific_exchange. Ne pas les auto-ajouter; arbitrer abstraction de l’arbre vs retrait.",loi:law_charitable_health_system,"Des universités coloniales existent, mais il faut distinguer enseignement supérieur général et système local de diplômes médicaux correspondant au nœud gameplay.",https://whc.unesco.org/en/list/420,https://whc.unesco.org/en/tentativelists/6263/
SPU,South Peru,Amériques et Caraïbes,The Andes,tier_3,REPLACE_WITH_EXPLICIT_SETUP,,organized_textile_production,TIER,KEEP,MEDIUM,SECTORAL,—,"PM:pm_craftsman_sewing, bâtiment:building_textile_mill",Production textile/artisanale organisée établie; conservation sectorielle sans supposer mécanisation.,https://whc.unesco.org/en/list/420,https://whc.unesco.org/en/tentativelists/6263/
SPU,South Peru,Amériques et Caraïbes,The Andes,tier_3,REPLACE_WITH_EXPLICIT_SETUP,,regulated_small_arms,TIER,REVIEW,MEDIUM,FRONTIER,"Si le nœud est retenu après REVIEW, prérequis directs non établis: scientific_fortification_siegecraft. Ne pas les auto-ajouter; arbitrer abstraction de l’arbre vs retrait.","bâtiment:building_arms_industry, bâtiment:building_artillery_foundry","Armes à feu et ateliers/arsenaux sont présents, mais le nœud débloque une industrie d'armes et d'artillerie structurée; la capacité locale à cette échelle doit rester sectorielle.",https://whc.unesco.org/en/list/420,https://whc.unesco.org/en/tentativelists/6263/
SPU,South Peru,Amériques et Caraïbes,The Andes,tier_3,REPLACE_WITH_EXPLICIT_SETUP,,shaft_mining,TIER,KEEP,MEDIUM,SECTORAL,—,"bâtiment:building_coal_mine, bâtiment:building_copper_mine, bâtiment:building_iron_mine, bâtiment:building_lead_mine, bâtiment:building_limestone_quarry, bâtiment:building_salt_mine, bâtiment:building_sulfur…",Extraction minière souterraine/organisée et chaînes de traitement sont établies dans ce territoire en 1776.,https://whc.unesco.org/en/list/420,https://whc.unesco.org/en/tentativelists/6263/
SPU,South Peru,Amériques et Caraïbes,The Andes,tier_3,REPLACE_WITH_EXPLICIT_SETUP,,specialized_technical_academies,TIER,REMOVE,HIGH,ABSENT,Prérequis non résolus sans importance pratique car le nœud est recommandé REMOVE: institutionalized_scientific_exchange.,bâtiment:building_university,"Le nœud ouvre l'université/enseignement technique spécialisé. Même en Nouvelle-Espagne, le Seminario de Minería n'ouvre qu'en 1792; attribution locale trop précoce.",https://whc.unesco.org/en/list/420,https://whc.unesco.org/en/tentativelists/6263/
SPU,South Peru,Amériques et Caraïbes,The Andes,tier_3,REPLACE_WITH_EXPLICIT_SETUP,,standardized_field_artillery,TIER,REVIEW,MEDIUM,SECTORAL,"Si le nœud est retenu après REVIEW, prérequis directs non établis: regulated_small_arms. Ne pas les auto-ajouter; arbitrer abstraction de l’arbre vs retrait.",PM:pm_cannons,"L'artillerie est présente ou mobilisable, mais le degré de standardisation et de disponibilité locale au 1er janvier 1776 varie fortement.",https://whc.unesco.org/en/list/420,https://whc.unesco.org/en/tentativelists/6263/
SPU,South Peru,Amériques et Caraïbes,The Andes,tier_3,REPLACE_WITH_EXPLICIT_SETUP,,systematic_administrative_statistics,TIER,KEEP,MEDIUM,SECTORAL,—,"bâtiment:building_government_administration, décret:decree_emergency_relief, décret:decree_road_maintenance","Administration fiscale/coloniale structurée et tenue de registres établies; le nœud est retenu comme abstraction de cette capacité, sans supposer statistiques modernes.",https://whc.unesco.org/en/list/420,https://whc.unesco.org/en/tentativelists/6263/
SPU,South Peru,Amériques et Caraïbes,The Andes,tier_3,REPLACE_WITH_EXPLICIT_SETUP,,urbanization,TIER,KEEP,HIGH,ABSTRACT,—,"bâtiment:building_construction_sector, bâtiment:building_urban_center",Nœud de compatibilité du mod ouvrant construction/centre urbain; conservé comme abstraction technique et non comme mesure d'urbanisation réelle.,https://whc.unesco.org/en/list/420,https://whc.unesco.org/en/tentativelists/6263/
BRZ,Brazil,Amériques et Caraïbes,Brazil,tier_4,REPLACE_WITH_EXPLICIT_SETUP,,colonization,EXPLICIT,KEEP,MEDIUM,ABSTRACT,Prérequis directs couverts par les recommandations fermes.,"bâtiment:building_suez_canal, loi:law_colonial_exploitation, loi:law_colonial_resettlement, loi:law_extraction_economy, loi:law_frontier_colonization","Conservé comme abstraction d'un appareil colonial/frontière effectivement actif sur le territoire, sans lui attribuer toutes les capacités de la métropole.",https://arquivodamarinha.marinha.mil.br/index.php/arsenal-de-marinha-do-rio-de-janeiro-4,https://www.fazenda.mg.gov.br/secretaria/historia/
BRZ,Brazil,Amériques et Caraïbes,Brazil,tier_4,REPLACE_WITH_EXPLICIT_SETUP,,institutionalized_scientific_exchange,EXPLICIT,REMOVE,MEDIUM,ABSENT,—,loi:law_freedom_of_conscience,Aucun réseau scientifique local institutionnalisé comparable n'est démontré au cutoff; ne pas importer l'institution de la métropole ou d'une période ultérieure.,https://arquivodamarinha.marinha.mil.br/index.php/arsenal-de-marinha-do-rio-de-janeiro-4,https://www.fazenda.mg.gov.br/secretaria/historia/
BRZ,Brazil,Amériques et Caraïbes,Brazil,tier_4,REPLACE_WITH_EXPLICIT_SETUP,,codified_practical_knowledge,TIER,REVIEW,MEDIUM,ABSTRACT,"Si le nœud est retenu après REVIEW, prérequis directs non établis: institutionalized_scientific_exchange, periodical_print_networks. Ne pas les auto-ajouter; arbitrer abstraction de l’arbre vs retrait.",—,Savoirs pratiques réels mais le nœud suppose aussi des réseaux institutionnels/éditoriaux; les prérequis ne sont pas tous assurés localement en 1776.,https://arquivodamarinha.marinha.mil.br/index.php/arsenal-de-marinha-do-rio-de-janeiro-4,https://www.fazenda.mg.gov.br/secretaria/historia/
BRZ,Brazil,Amériques et Caraïbes,Brazil,tier_4,REPLACE_WITH_EXPLICIT_SETUP,,distillation,TIER,KEEP,MEDIUM,ESTABLISHED,—,"PM:pm_pot_stills, PM:pm_spiced_food_preparations",Distillation artisanale/agroalimentaire établie ou très plausible dans l'économie locale; le nœud ne suppose pas une industrialisation lourde.,https://arquivodamarinha.marinha.mil.br/index.php/arsenal-de-marinha-do-rio-de-janeiro-4,https://www.fazenda.mg.gov.br/secretaria/historia/
BRZ,Brazil,Amériques et Caraïbes,Brazil,tier_4,REPLACE_WITH_EXPLICIT_SETUP,,improved_husbandry,TIER,KEEP,MEDIUM,ESTABLISHED,—,"bâtiment:building_banana_plantation, bâtiment:building_coffee_plantation, bâtiment:building_dye_plantation, bâtiment:building_livestock_ranch, bâtiment:building_maize_farm, bâtiment:building_millet_farm, bât…",Agriculture/élevage structurés et améliorations pratiques sont établis; le nœud est compatible avec une économie agricole non industrielle.,https://arquivodamarinha.marinha.mil.br/index.php/arsenal-de-marinha-do-rio-de-janeiro-4,https://www.fazenda.mg.gov.br/secretaria/historia/
BRZ,Brazil,Amériques et Caraïbes,Brazil,tier_4,REPLACE_WITH_EXPLICIT_SETUP,,international_relations,TIER,KEEP,MEDIUM,ABSTRACT,—,—,"Le nœud est interprété comme capacité de relations diplomatiques/commerciales, y compris dans un cadre colonial ou inter-polités, non comme ministère des affaires étrangères souverain.",https://arquivodamarinha.marinha.mil.br/index.php/arsenal-de-marinha-do-rio-de-janeiro-4,https://www.fazenda.mg.gov.br/secretaria/historia/
BRZ,Brazil,Amériques et Caraïbes,Brazil,tier_4,REPLACE_WITH_EXPLICIT_SETUP,,light_infantry_tactics,TIER,REVIEW,LOW,ABSTRACT,"Si le nœud est retenu après REVIEW, prérequis directs non établis: regulated_small_arms. Ne pas les auto-ajouter; arbitrer abstraction de l’arbre vs retrait.",—,"Le nœud peut représenter des tactiques locales, mais les preuves sont insuffisantes pour une équivalence nationale nette.",https://arquivodamarinha.marinha.mil.br/index.php/arsenal-de-marinha-do-rio-de-janeiro-4,https://www.fazenda.mg.gov.br/secretaria/historia/
BRZ,Brazil,Amériques et Caraïbes,Brazil,tier_4,REPLACE_WITH_EXPLICIT_SETUP,,organized_textile_production,TIER,KEEP,MEDIUM,SECTORAL,—,"PM:pm_craftsman_sewing, bâtiment:building_textile_mill",Production textile/artisanale organisée établie; conservation sectorielle sans supposer mécanisation.,https://arquivodamarinha.marinha.mil.br/index.php/arsenal-de-marinha-do-rio-de-janeiro-4,https://www.fazenda.mg.gov.br/secretaria/historia/
BRZ,Brazil,Amériques et Caraïbes,Brazil,tier_4,REPLACE_WITH_EXPLICIT_SETUP,,regulated_small_arms,TIER,REVIEW,MEDIUM,FRONTIER,"Si le nœud est retenu après REVIEW, prérequis directs non établis: scientific_fortification_siegecraft. Ne pas les auto-ajouter; arbitrer abstraction de l’arbre vs retrait.","bâtiment:building_arms_industry, bâtiment:building_artillery_foundry","Armes à feu et ateliers/arsenaux sont présents, mais le nœud débloque une industrie d'armes et d'artillerie structurée; la capacité locale à cette échelle doit rester sectorielle.",https://arquivodamarinha.marinha.mil.br/index.php/arsenal-de-marinha-do-rio-de-janeiro-4,https://www.fazenda.mg.gov.br/secretaria/historia/
BRZ,Brazil,Amériques et Caraïbes,Brazil,tier_4,REPLACE_WITH_EXPLICIT_SETUP,,shaft_mining,TIER,KEEP,MEDIUM,SECTORAL,—,"bâtiment:building_coal_mine, bâtiment:building_copper_mine, bâtiment:building_iron_mine, bâtiment:building_lead_mine, bâtiment:building_limestone_quarry, bâtiment:building_salt_mine, bâtiment:building_sulfur…",Extraction minière souterraine/organisée et chaînes de traitement sont établies dans ce territoire en 1776.,https://arquivodamarinha.marinha.mil.br/index.php/arsenal-de-marinha-do-rio-de-janeiro-4,https://www.fazenda.mg.gov.br/secretaria/historia/
BRZ,Brazil,Amériques et Caraïbes,Brazil,tier_4,REPLACE_WITH_EXPLICIT_SETUP,,standardized_field_artillery,TIER,REVIEW,MEDIUM,SECTORAL,"Si le nœud est retenu après REVIEW, prérequis directs non établis: regulated_small_arms. Ne pas les auto-ajouter; arbitrer abstraction de l’arbre vs retrait.",PM:pm_cannons,"L'artillerie est présente ou mobilisable, mais le degré de standardisation et de disponibilité locale au 1er janvier 1776 varie fortement.",https://arquivodamarinha.marinha.mil.br/index.php/arsenal-de-marinha-do-rio-de-janeiro-4,https://www.fazenda.mg.gov.br/secretaria/historia/
BRZ,Brazil,Amériques et Caraïbes,Brazil,tier_4,REPLACE_WITH_EXPLICIT_SETUP,,systematic_administrative_statistics,TIER,KEEP,MEDIUM,SECTORAL,—,"bâtiment:building_government_administration, décret:decree_emergency_relief, décret:decree_road_maintenance","Administration fiscale/coloniale structurée et tenue de registres établies; le nœud est retenu comme abstraction de cette capacité, sans supposer statistiques modernes.",https://arquivodamarinha.marinha.mil.br/index.php/arsenal-de-marinha-do-rio-de-janeiro-4,https://www.fazenda.mg.gov.br/secretaria/historia/
BRZ,Brazil,Amériques et Caraïbes,Brazil,tier_4,REPLACE_WITH_EXPLICIT_SETUP,,urbanization,TIER,KEEP,HIGH,ABSTRACT,—,"bâtiment:building_construction_sector, bâtiment:building_urban_center",Nœud de compatibilité du mod ouvrant construction/centre urbain; conservé comme abstraction technique et non comme mesure d'urbanisation réelle.,https://arquivodamarinha.marinha.mil.br/index.php/arsenal-de-marinha-do-rio-de-janeiro-4,https://www.fazenda.mg.gov.br/secretaria/historia/
BRZ,Brazil,Amériques et Caraïbes,Brazil,tier_4,REPLACE_WITH_EXPLICIT_SETUP,,state_dockyard_systems,ABSENT,ADD,HIGH,ESTABLISHED,—,"bâtiment:building_naval_administration, bâtiment:building_shipyard",L'Arsenal Real da Marinha de Rio est fondé en 1763 et lance le São Sebastião en 1767 avant d'assurer réparation et entretien de la flotte.,https://arquivodamarinha.marinha.mil.br/index.php/arsenal-de-marinha-do-rio-de-janeiro-4,https://www.fazenda.mg.gov.br/secretaria/historia/
PNI,Piratini,Amériques et Caraïbes,Brazil,tier_3,REPLACE_WITH_EXPLICIT_SETUP,,applied_mineralogy,TIER,REMOVE,HIGH,ABSENT,Prérequis non résolus sans importance pratique car le nœud est recommandé REMOVE: shaft_mining.,"bâtiment:building_gold_field, bâtiment:building_gold_mine, bâtiment:building_phosphate_mine",Aucun secteur local ne justifie ici ce déblocage minier avancé au niveau du TAG en 1776.,https://www.fazenda.mg.gov.br/secretaria/historia/,https://arquivodamarinha.marinha.mil.br/index.php/arsenal-de-marinha-do-rio-de-janeiro-4
PNI,Piratini,Amériques et Caraïbes,Brazil,tier_3,REPLACE_WITH_EXPLICIT_SETUP,,codified_practical_knowledge,TIER,REMOVE,MEDIUM,ABSENT,"Prérequis non résolus sans importance pratique car le nœud est recommandé REMOVE: institutionalized_scientific_exchange, periodical_print_networks.",—,La combinaison institutionnelle et éditoriale représentée par le nœud n'est pas démontrée localement.,https://www.fazenda.mg.gov.br/secretaria/historia/,https://arquivodamarinha.marinha.mil.br/index.php/arsenal-de-marinha-do-rio-de-janeiro-4
PNI,Piratini,Amériques et Caraïbes,Brazil,tier_3,REPLACE_WITH_EXPLICIT_SETUP,,coke_smelting,TIER,REMOVE,HIGH,ABSENT,Prérequis non résolus sans importance pratique car le nœud est recommandé REMOVE: organized_forestry.,"bâtiment:building_steel_mill, bâtiment:building_tooling_workshop",La fonte au coke est une innovation britannique concentrée autour de Coalbrookdale; aucune implantation locale pertinente n'est établie ici en 1776.,https://www.ironbridge.org.uk/about-us/key-figures-in-the-history-of-the-ironbridge-gorge/,https://www.fazenda.mg.gov.br/secretaria/historia/
PNI,Piratini,Amériques et Caraïbes,Brazil,tier_3,REPLACE_WITH_EXPLICIT_SETUP,,commercial_insurance_markets,TIER,REMOVE,MEDIUM,ABSENT,Prérequis non résolus sans importance pratique car le nœud est recommandé REMOVE: institutionalized_public_credit.,"loi:law_mercantilism, loi:law_mercantilism_navigation_acts",Le marché d'assurance commerciale institutionnalisé que représente le nœud n'est pas démontré localement.,https://www.fazenda.mg.gov.br/secretaria/historia/,https://arquivodamarinha.marinha.mil.br/index.php/arsenal-de-marinha-do-rio-de-janeiro-4
PNI,Piratini,Amériques et Caraïbes,Brazil,tier_3,REPLACE_WITH_EXPLICIT_SETUP,,distillation,TIER,KEEP,MEDIUM,ESTABLISHED,—,"PM:pm_pot_stills, PM:pm_spiced_food_preparations",Distillation artisanale/agroalimentaire établie ou très plausible dans l'économie locale; le nœud ne suppose pas une industrialisation lourde.,https://www.fazenda.mg.gov.br/secretaria/historia/,https://arquivodamarinha.marinha.mil.br/index.php/arsenal-de-marinha-do-rio-de-janeiro-4
PNI,Piratini,Amériques et Caraïbes,Brazil,tier_3,REPLACE_WITH_EXPLICIT_SETUP,,improved_husbandry,TIER,KEEP,MEDIUM,ESTABLISHED,—,"bâtiment:building_banana_plantation, bâtiment:building_coffee_plantation, bâtiment:building_dye_plantation, bâtiment:building_livestock_ranch, bâtiment:building_maize_farm, bâtiment:building_millet_farm, bât…",Agriculture/élevage structurés et améliorations pratiques sont établis; le nœud est compatible avec une économie agricole non industrielle.,https://www.fazenda.mg.gov.br/secretaria/historia/,https://arquivodamarinha.marinha.mil.br/index.php/arsenal-de-marinha-do-rio-de-janeiro-4
PNI,Piratini,Amériques et Caraïbes,Brazil,tier_3,REPLACE_WITH_EXPLICIT_SETUP,,international_relations,TIER,KEEP,MEDIUM,ABSTRACT,—,—,"Le nœud est interprété comme capacité de relations diplomatiques/commerciales, y compris dans un cadre colonial ou inter-polités, non comme ministère des affaires étrangères souverain.",https://www.fazenda.mg.gov.br/secretaria/historia/,https://arquivodamarinha.marinha.mil.br/index.php/arsenal-de-marinha-do-rio-de-janeiro-4
PNI,Piratini,Amériques et Caraïbes,Brazil,tier_3,REPLACE_WITH_EXPLICIT_SETUP,,light_infantry_tactics,TIER,KEEP,MEDIUM,ESTABLISHED,Prérequis directs manquants après recommandation: regulated_small_arms. Ne pas les auto-ajouter; traiter l’incohérence dans l’arbre ou revoir le nœud.,—,"Tactiques d'infanterie légère, de frontière ou de milice sont plausibles/établies dans l'environnement militaire local de 1776.",https://www.fazenda.mg.gov.br/secretaria/historia/,https://arquivodamarinha.marinha.mil.br/index.php/arsenal-de-marinha-do-rio-de-janeiro-4
PNI,Piratini,Amériques et Caraïbes,Brazil,tier_3,REPLACE_WITH_EXPLICIT_SETUP,,medical_degrees,TIER,REMOVE,HIGH,ABSENT,Prérequis non résolus sans importance pratique car le nœud est recommandé REMOVE: institutionalized_scientific_exchange.,loi:law_charitable_health_system,Aucune institution locale de diplômes médicaux correspondant au nœud n'est établie pour ce TAG en 1776.,https://www.fazenda.mg.gov.br/secretaria/historia/,https://arquivodamarinha.marinha.mil.br/index.php/arsenal-de-marinha-do-rio-de-janeiro-4
PNI,Piratini,Amériques et Caraïbes,Brazil,tier_3,REPLACE_WITH_EXPLICIT_SETUP,,organized_textile_production,TIER,REMOVE,MEDIUM,ABSENT,—,"PM:pm_craftsman_sewing, bâtiment:building_textile_mill",Le niveau d'organisation manufacturière impliqué par le nœud n'est pas démontré localement.,https://www.fazenda.mg.gov.br/secretaria/historia/,https://arquivodamarinha.marinha.mil.br/index.php/arsenal-de-marinha-do-rio-de-janeiro-4
PNI,Piratini,Amériques et Caraïbes,Brazil,tier_3,REPLACE_WITH_EXPLICIT_SETUP,,regulated_small_arms,TIER,REVIEW,LOW,SECTORAL,"Si le nœud est retenu après REVIEW, prérequis directs non établis: scientific_fortification_siegecraft. Ne pas les auto-ajouter; arbitrer abstraction de l’arbre vs retrait.","bâtiment:building_arms_industry, bâtiment:building_artillery_foundry","Garnisons/frontière disposent d'armes, sans preuve d'une industrie locale standardisée; conserver seulement si le nœud est lu comme abstraction.",https://www.fazenda.mg.gov.br/secretaria/historia/,https://arquivodamarinha.marinha.mil.br/index.php/arsenal-de-marinha-do-rio-de-janeiro-4
PNI,Piratini,Amériques et Caraïbes,Brazil,tier_3,REPLACE_WITH_EXPLICIT_SETUP,,shaft_mining,TIER,REMOVE,MEDIUM,ABSENT,—,"bâtiment:building_coal_mine, bâtiment:building_copper_mine, bâtiment:building_iron_mine, bâtiment:building_lead_mine, bâtiment:building_limestone_quarry, bâtiment:building_salt_mine, bâtiment:building_sulfur…",Aucun secteur minier local ne justifie le large déblocage de mines du nœud au niveau du TAG.,https://www.fazenda.mg.gov.br/secretaria/historia/,https://arquivodamarinha.marinha.mil.br/index.php/arsenal-de-marinha-do-rio-de-janeiro-4
PNI,Piratini,Amériques et Caraïbes,Brazil,tier_3,REPLACE_WITH_EXPLICIT_SETUP,,specialized_technical_academies,TIER,REMOVE,HIGH,ABSENT,Prérequis non résolus sans importance pratique car le nœud est recommandé REMOVE: institutionalized_scientific_exchange.,bâtiment:building_university,"Le nœud ouvre l'université/enseignement technique spécialisé. Même en Nouvelle-Espagne, le Seminario de Minería n'ouvre qu'en 1792; attribution locale trop précoce.",https://www.fazenda.mg.gov.br/secretaria/historia/,https://arquivodamarinha.marinha.mil.br/index.php/arsenal-de-marinha-do-rio-de-janeiro-4
PNI,Piratini,Amériques et Caraïbes,Brazil,tier_3,REPLACE_WITH_EXPLICIT_SETUP,,standardized_field_artillery,TIER,REVIEW,MEDIUM,SECTORAL,"Si le nœud est retenu après REVIEW, prérequis directs non établis: regulated_small_arms. Ne pas les auto-ajouter; arbitrer abstraction de l’arbre vs retrait.",PM:pm_cannons,"L'artillerie est présente ou mobilisable, mais le degré de standardisation et de disponibilité locale au 1er janvier 1776 varie fortement.",https://www.fazenda.mg.gov.br/secretaria/historia/,https://arquivodamarinha.marinha.mil.br/index.php/arsenal-de-marinha-do-rio-de-janeiro-4
PNI,Piratini,Amériques et Caraïbes,Brazil,tier_3,REPLACE_WITH_EXPLICIT_SETUP,,systematic_administrative_statistics,TIER,REVIEW,MEDIUM,ABSTRACT,—,"bâtiment:building_government_administration, décret:decree_emergency_relief, décret:decree_road_maintenance",Registres et administration existent mais leur systématicité/échelle au niveau du TAG est incertaine au cutoff.,https://www.fazenda.mg.gov.br/secretaria/historia/,https://arquivodamarinha.marinha.mil.br/index.php/arsenal-de-marinha-do-rio-de-janeiro-4
PNI,Piratini,Amériques et Caraïbes,Brazil,tier_3,REPLACE_WITH_EXPLICIT_SETUP,,urbanization,TIER,KEEP,HIGH,ABSTRACT,—,"bâtiment:building_construction_sector, bâtiment:building_urban_center",Nœud de compatibilité du mod ouvrant construction/centre urbain; conservé comme abstraction technique et non comme mesure d'urbanisation réelle.,https://www.fazenda.mg.gov.br/secretaria/historia/,https://arquivodamarinha.marinha.mil.br/index.php/arsenal-de-marinha-do-rio-de-janeiro-4
PRA,Grão-Pará,Amériques et Caraïbes,Brazil,tier_3,REPLACE_WITH_EXPLICIT_SETUP,,applied_mineralogy,TIER,REMOVE,HIGH,ABSENT,Prérequis non résolus sans importance pratique car le nœud est recommandé REMOVE: shaft_mining.,"bâtiment:building_gold_field, bâtiment:building_gold_mine, bâtiment:building_phosphate_mine",Aucun secteur local ne justifie ici ce déblocage minier avancé au niveau du TAG en 1776.,https://www.fazenda.mg.gov.br/secretaria/historia/,https://arquivodamarinha.marinha.mil.br/index.php/arsenal-de-marinha-do-rio-de-janeiro-4
PRA,Grão-Pará,Amériques et Caraïbes,Brazil,tier_3,REPLACE_WITH_EXPLICIT_SETUP,,codified_practical_knowledge,TIER,REMOVE,MEDIUM,ABSENT,"Prérequis non résolus sans importance pratique car le nœud est recommandé REMOVE: institutionalized_scientific_exchange, periodical_print_networks.",—,La combinaison institutionnelle et éditoriale représentée par le nœud n'est pas démontrée localement.,https://www.fazenda.mg.gov.br/secretaria/historia/,https://arquivodamarinha.marinha.mil.br/index.php/arsenal-de-marinha-do-rio-de-janeiro-4
PRA,Grão-Pará,Amériques et Caraïbes,Brazil,tier_3,REPLACE_WITH_EXPLICIT_SETUP,,coke_smelting,TIER,REMOVE,HIGH,ABSENT,Prérequis non résolus sans importance pratique car le nœud est recommandé REMOVE: organized_forestry.,"bâtiment:building_steel_mill, bâtiment:building_tooling_workshop",La fonte au coke est une innovation britannique concentrée autour de Coalbrookdale; aucune implantation locale pertinente n'est établie ici en 1776.,https://www.ironbridge.org.uk/about-us/key-figures-in-the-history-of-the-ironbridge-gorge/,https://www.fazenda.mg.gov.br/secretaria/historia/
PRA,Grão-Pará,Amériques et Caraïbes,Brazil,tier_3,REPLACE_WITH_EXPLICIT_SETUP,,commercial_insurance_markets,TIER,REMOVE,MEDIUM,ABSENT,Prérequis non résolus sans importance pratique car le nœud est recommandé REMOVE: institutionalized_public_credit.,"loi:law_mercantilism, loi:law_mercantilism_navigation_acts",Le marché d'assurance commerciale institutionnalisé que représente le nœud n'est pas démontré localement.,https://www.fazenda.mg.gov.br/secretaria/historia/,https://arquivodamarinha.marinha.mil.br/index.php/arsenal-de-marinha-do-rio-de-janeiro-4
PRA,Grão-Pará,Amériques et Caraïbes,Brazil,tier_3,REPLACE_WITH_EXPLICIT_SETUP,,distillation,TIER,KEEP,MEDIUM,ESTABLISHED,—,"PM:pm_pot_stills, PM:pm_spiced_food_preparations",Distillation artisanale/agroalimentaire établie ou très plausible dans l'économie locale; le nœud ne suppose pas une industrialisation lourde.,https://www.fazenda.mg.gov.br/secretaria/historia/,https://arquivodamarinha.marinha.mil.br/index.php/arsenal-de-marinha-do-rio-de-janeiro-4
PRA,Grão-Pará,Amériques et Caraïbes,Brazil,tier_3,REPLACE_WITH_EXPLICIT_SETUP,,improved_husbandry,TIER,KEEP,MEDIUM,ESTABLISHED,—,"bâtiment:building_banana_plantation, bâtiment:building_coffee_plantation, bâtiment:building_dye_plantation, bâtiment:building_livestock_ranch, bâtiment:building_maize_farm, bâtiment:building_millet_farm, bât…",Agriculture/élevage structurés et améliorations pratiques sont établis; le nœud est compatible avec une économie agricole non industrielle.,https://www.fazenda.mg.gov.br/secretaria/historia/,https://arquivodamarinha.marinha.mil.br/index.php/arsenal-de-marinha-do-rio-de-janeiro-4
PRA,Grão-Pará,Amériques et Caraïbes,Brazil,tier_3,REPLACE_WITH_EXPLICIT_SETUP,,international_relations,TIER,KEEP,MEDIUM,ABSTRACT,—,—,"Le nœud est interprété comme capacité de relations diplomatiques/commerciales, y compris dans un cadre colonial ou inter-polités, non comme ministère des affaires étrangères souverain.",https://www.fazenda.mg.gov.br/secretaria/historia/,https://arquivodamarinha.marinha.mil.br/index.php/arsenal-de-marinha-do-rio-de-janeiro-4
PRA,Grão-Pará,Amériques et Caraïbes,Brazil,tier_3,REPLACE_WITH_EXPLICIT_SETUP,,light_infantry_tactics,TIER,KEEP,MEDIUM,ESTABLISHED,Prérequis directs manquants après recommandation: regulated_small_arms. Ne pas les auto-ajouter; traiter l’incohérence dans l’arbre ou revoir le nœud.,—,"Tactiques d'infanterie légère, de frontière ou de milice sont plausibles/établies dans l'environnement militaire local de 1776.",https://www.fazenda.mg.gov.br/secretaria/historia/,https://arquivodamarinha.marinha.mil.br/index.php/arsenal-de-marinha-do-rio-de-janeiro-4
PRA,Grão-Pará,Amériques et Caraïbes,Brazil,tier_3,REPLACE_WITH_EXPLICIT_SETUP,,medical_degrees,TIER,REMOVE,HIGH,ABSENT,Prérequis non résolus sans importance pratique car le nœud est recommandé REMOVE: institutionalized_scientific_exchange.,loi:law_charitable_health_system,Aucune institution locale de diplômes médicaux correspondant au nœud n'est établie pour ce TAG en 1776.,https://www.fazenda.mg.gov.br/secretaria/historia/,https://arquivodamarinha.marinha.mil.br/index.php/arsenal-de-marinha-do-rio-de-janeiro-4
PRA,Grão-Pará,Amériques et Caraïbes,Brazil,tier_3,REPLACE_WITH_EXPLICIT_SETUP,,organized_textile_production,TIER,REVIEW,MEDIUM,SECTORAL,—,"PM:pm_craftsman_sewing, bâtiment:building_textile_mill","Des textiles domestiques/artisanaux existent, mais le bâtiment de manufacture textile du nœud peut surreprésenter la concentration productive locale.",https://www.fazenda.mg.gov.br/secretaria/historia/,https://arquivodamarinha.marinha.mil.br/index.php/arsenal-de-marinha-do-rio-de-janeiro-4
PRA,Grão-Pará,Amériques et Caraïbes,Brazil,tier_3,REPLACE_WITH_EXPLICIT_SETUP,,regulated_small_arms,TIER,REMOVE,MEDIUM,ABSENT,Prérequis non résolus sans importance pratique car le nœud est recommandé REMOVE: scientific_fortification_siegecraft.,"bâtiment:building_arms_industry, bâtiment:building_artillery_foundry",La présence d'armes importées ne suffit pas à justifier l'industrie locale débloquée par le nœud.,https://www.fazenda.mg.gov.br/secretaria/historia/,https://arquivodamarinha.marinha.mil.br/index.php/arsenal-de-marinha-do-rio-de-janeiro-4
PRA,Grão-Pará,Amériques et Caraïbes,Brazil,tier_3,REPLACE_WITH_EXPLICIT_SETUP,,shaft_mining,TIER,REMOVE,MEDIUM,ABSENT,—,"bâtiment:building_coal_mine, bâtiment:building_copper_mine, bâtiment:building_iron_mine, bâtiment:building_lead_mine, bâtiment:building_limestone_quarry, bâtiment:building_salt_mine, bâtiment:building_sulfur…",Aucun secteur minier local ne justifie le large déblocage de mines du nœud au niveau du TAG.,https://www.fazenda.mg.gov.br/secretaria/historia/,https://arquivodamarinha.marinha.mil.br/index.php/arsenal-de-marinha-do-rio-de-janeiro-4
PRA,Grão-Pará,Amériques et Caraïbes,Brazil,tier_3,REPLACE_WITH_EXPLICIT_SETUP,,specialized_technical_academies,TIER,REMOVE,HIGH,ABSENT,Prérequis non résolus sans importance pratique car le nœud est recommandé REMOVE: institutionalized_scientific_exchange.,bâtiment:building_university,"Le nœud ouvre l'université/enseignement technique spécialisé. Même en Nouvelle-Espagne, le Seminario de Minería n'ouvre qu'en 1792; attribution locale trop précoce.",https://www.fazenda.mg.gov.br/secretaria/historia/,https://arquivodamarinha.marinha.mil.br/index.php/arsenal-de-marinha-do-rio-de-janeiro-4
PRA,Grão-Pará,Amériques et Caraïbes,Brazil,tier_3,REPLACE_WITH_EXPLICIT_SETUP,,standardized_field_artillery,TIER,REMOVE,MEDIUM,ABSENT,Prérequis non résolus sans importance pratique car le nœud est recommandé REMOVE: regulated_small_arms.,PM:pm_cannons,Aucune capacité locale d'artillerie standardisée suffisamment démontrée pour ce TAG.,https://www.fazenda.mg.gov.br/secretaria/historia/,https://arquivodamarinha.marinha.mil.br/index.php/arsenal-de-marinha-do-rio-de-janeiro-4
PRA,Grão-Pará,Amériques et Caraïbes,Brazil,tier_3,REPLACE_WITH_EXPLICIT_SETUP,,systematic_administrative_statistics,TIER,REVIEW,MEDIUM,ABSTRACT,—,"bâtiment:building_government_administration, décret:decree_emergency_relief, décret:decree_road_maintenance",Registres et administration existent mais leur systématicité/échelle au niveau du TAG est incertaine au cutoff.,https://www.fazenda.mg.gov.br/secretaria/historia/,https://arquivodamarinha.marinha.mil.br/index.php/arsenal-de-marinha-do-rio-de-janeiro-4
PRA,Grão-Pará,Amériques et Caraïbes,Brazil,tier_3,REPLACE_WITH_EXPLICIT_SETUP,,urbanization,TIER,KEEP,HIGH,ABSTRACT,—,"bâtiment:building_construction_sector, bâtiment:building_urban_center",Nœud de compatibilité du mod ouvrant construction/centre urbain; conservé comme abstraction technique et non comme mesure d'urbanisation réelle.,https://www.fazenda.mg.gov.br/secretaria/historia/,https://arquivodamarinha.marinha.mil.br/index.php/arsenal-de-marinha-do-rio-de-janeiro-4
URU,Uruguay,Amériques et Caraïbes,Brazil,tier_4,REPLACE_WITH_EXPLICIT_SETUP,,colonization,EXPLICIT,KEEP,MEDIUM,ABSTRACT,Prérequis directs couverts par les recommandations fermes.,"bâtiment:building_suez_canal, loi:law_colonial_exploitation, loi:law_colonial_resettlement, loi:law_extraction_economy, loi:law_frontier_colonization","Conservé comme abstraction d'un appareil colonial/frontière effectivement actif sur le territoire, sans lui attribuer toutes les capacités de la métropole.",https://www.fazenda.mg.gov.br/secretaria/historia/,https://arquivodamarinha.marinha.mil.br/index.php/arsenal-de-marinha-do-rio-de-janeiro-4
URU,Uruguay,Amériques et Caraïbes,Brazil,tier_4,REPLACE_WITH_EXPLICIT_SETUP,,institutionalized_scientific_exchange,EXPLICIT,REMOVE,MEDIUM,ABSENT,—,loi:law_freedom_of_conscience,Aucun réseau scientifique local institutionnalisé comparable n'est démontré au cutoff; ne pas importer l'institution de la métropole ou d'une période ultérieure.,https://www.fazenda.mg.gov.br/secretaria/historia/,https://arquivodamarinha.marinha.mil.br/index.php/arsenal-de-marinha-do-rio-de-janeiro-4
URU,Uruguay,Amériques et Caraïbes,Brazil,tier_4,REPLACE_WITH_EXPLICIT_SETUP,,codified_practical_knowledge,TIER,REMOVE,MEDIUM,ABSENT,"Prérequis non résolus sans importance pratique car le nœud est recommandé REMOVE: institutionalized_scientific_exchange, periodical_print_networks.",—,La combinaison institutionnelle et éditoriale représentée par le nœud n'est pas démontrée localement.,https://www.fazenda.mg.gov.br/secretaria/historia/,https://arquivodamarinha.marinha.mil.br/index.php/arsenal-de-marinha-do-rio-de-janeiro-4
URU,Uruguay,Amériques et Caraïbes,Brazil,tier_4,REPLACE_WITH_EXPLICIT_SETUP,,distillation,TIER,KEEP,MEDIUM,ESTABLISHED,—,"PM:pm_pot_stills, PM:pm_spiced_food_preparations",Distillation artisanale/agroalimentaire établie ou très plausible dans l'économie locale; le nœud ne suppose pas une industrialisation lourde.,https://www.fazenda.mg.gov.br/secretaria/historia/,https://arquivodamarinha.marinha.mil.br/index.php/arsenal-de-marinha-do-rio-de-janeiro-4
URU,Uruguay,Amériques et Caraïbes,Brazil,tier_4,REPLACE_WITH_EXPLICIT_SETUP,,improved_husbandry,TIER,KEEP,MEDIUM,ESTABLISHED,—,"bâtiment:building_banana_plantation, bâtiment:building_coffee_plantation, bâtiment:building_dye_plantation, bâtiment:building_livestock_ranch, bâtiment:building_maize_farm, bâtiment:building_millet_farm, bât…",Agriculture/élevage structurés et améliorations pratiques sont établis; le nœud est compatible avec une économie agricole non industrielle.,https://www.fazenda.mg.gov.br/secretaria/historia/,https://arquivodamarinha.marinha.mil.br/index.php/arsenal-de-marinha-do-rio-de-janeiro-4
URU,Uruguay,Amériques et Caraïbes,Brazil,tier_4,REPLACE_WITH_EXPLICIT_SETUP,,international_relations,TIER,KEEP,MEDIUM,ABSTRACT,—,—,"Le nœud est interprété comme capacité de relations diplomatiques/commerciales, y compris dans un cadre colonial ou inter-polités, non comme ministère des affaires étrangères souverain.",https://www.fazenda.mg.gov.br/secretaria/historia/,https://arquivodamarinha.marinha.mil.br/index.php/arsenal-de-marinha-do-rio-de-janeiro-4
URU,Uruguay,Amériques et Caraïbes,Brazil,tier_4,REPLACE_WITH_EXPLICIT_SETUP,,light_infantry_tactics,TIER,KEEP,MEDIUM,ESTABLISHED,Prérequis directs manquants après recommandation: regulated_small_arms. Ne pas les auto-ajouter; traiter l’incohérence dans l’arbre ou revoir le nœud.,—,"Tactiques d'infanterie légère, de frontière ou de milice sont plausibles/établies dans l'environnement militaire local de 1776.",https://www.fazenda.mg.gov.br/secretaria/historia/,https://arquivodamarinha.marinha.mil.br/index.php/arsenal-de-marinha-do-rio-de-janeiro-4
URU,Uruguay,Amériques et Caraïbes,Brazil,tier_4,REPLACE_WITH_EXPLICIT_SETUP,,organized_textile_production,TIER,REVIEW,MEDIUM,SECTORAL,—,"PM:pm_craftsman_sewing, bâtiment:building_textile_mill","Des textiles domestiques/artisanaux existent, mais le bâtiment de manufacture textile du nœud peut surreprésenter la concentration productive locale.",https://www.fazenda.mg.gov.br/secretaria/historia/,https://arquivodamarinha.marinha.mil.br/index.php/arsenal-de-marinha-do-rio-de-janeiro-4
URU,Uruguay,Amériques et Caraïbes,Brazil,tier_4,REPLACE_WITH_EXPLICIT_SETUP,,regulated_small_arms,TIER,REVIEW,LOW,SECTORAL,"Si le nœud est retenu après REVIEW, prérequis directs non établis: scientific_fortification_siegecraft. Ne pas les auto-ajouter; arbitrer abstraction de l’arbre vs retrait.","bâtiment:building_arms_industry, bâtiment:building_artillery_foundry","Garnisons/frontière disposent d'armes, sans preuve d'une industrie locale standardisée; conserver seulement si le nœud est lu comme abstraction.",https://www.fazenda.mg.gov.br/secretaria/historia/,https://arquivodamarinha.marinha.mil.br/index.php/arsenal-de-marinha-do-rio-de-janeiro-4
URU,Uruguay,Amériques et Caraïbes,Brazil,tier_4,REPLACE_WITH_EXPLICIT_SETUP,,shaft_mining,TIER,REMOVE,MEDIUM,ABSENT,—,"bâtiment:building_coal_mine, bâtiment:building_copper_mine, bâtiment:building_iron_mine, bâtiment:building_lead_mine, bâtiment:building_limestone_quarry, bâtiment:building_salt_mine, bâtiment:building_sulfur…",Aucun secteur minier local ne justifie le large déblocage de mines du nœud au niveau du TAG.,https://www.fazenda.mg.gov.br/secretaria/historia/,https://arquivodamarinha.marinha.mil.br/index.php/arsenal-de-marinha-do-rio-de-janeiro-4
URU,Uruguay,Amériques et Caraïbes,Brazil,tier_4,REPLACE_WITH_EXPLICIT_SETUP,,standardized_field_artillery,TIER,REVIEW,MEDIUM,SECTORAL,"Si le nœud est retenu après REVIEW, prérequis directs non établis: regulated_small_arms. Ne pas les auto-ajouter; arbitrer abstraction de l’arbre vs retrait.",PM:pm_cannons,"L'artillerie est présente ou mobilisable, mais le degré de standardisation et de disponibilité locale au 1er janvier 1776 varie fortement.",https://www.fazenda.mg.gov.br/secretaria/historia/,https://arquivodamarinha.marinha.mil.br/index.php/arsenal-de-marinha-do-rio-de-janeiro-4
URU,Uruguay,Amériques et Caraïbes,Brazil,tier_4,REPLACE_WITH_EXPLICIT_SETUP,,systematic_administrative_statistics,TIER,REVIEW,MEDIUM,ABSTRACT,—,"bâtiment:building_government_administration, décret:decree_emergency_relief, décret:decree_road_maintenance",Registres et administration existent mais leur systématicité/échelle au niveau du TAG est incertaine au cutoff.,https://www.fazenda.mg.gov.br/secretaria/historia/,https://arquivodamarinha.marinha.mil.br/index.php/arsenal-de-marinha-do-rio-de-janeiro-4
URU,Uruguay,Amériques et Caraïbes,Brazil,tier_4,REPLACE_WITH_EXPLICIT_SETUP,,urbanization,TIER,KEEP,HIGH,ABSTRACT,—,"bâtiment:building_construction_sector, bâtiment:building_urban_center",Nœud de compatibilité du mod ouvrant construction/centre urbain; conservé comme abstraction technique et non comme mesure d'urbanisation réelle.,https://www.fazenda.mg.gov.br/secretaria/historia/,https://arquivodamarinha.marinha.mil.br/index.php/arsenal-de-marinha-do-rio-de-janeiro-4
ARG,Argentina,Amériques et Caraïbes,La Plata,tier_4,REPLACE_WITH_EXPLICIT_SETUP,,colonization,EXPLICIT,KEEP,MEDIUM,ABSTRACT,Prérequis directs couverts par les recommandations fermes.,"bâtiment:building_suez_canal, loi:law_colonial_exploitation, loi:law_colonial_resettlement, loi:law_extraction_economy, loi:law_frontier_colonization","Conservé comme abstraction d'un appareil colonial/frontière effectivement actif sur le territoire, sans lui attribuer toutes les capacités de la métropole.",https://buenosaires.gob.ar/gcaba_historico/laciudad/calendario-historico/agosto,https://whc.unesco.org/en/list/420
ARG,Argentina,Amériques et Caraïbes,La Plata,tier_4,REPLACE_WITH_EXPLICIT_SETUP,,institutionalized_scientific_exchange,EXPLICIT,REMOVE,MEDIUM,ABSENT,—,loi:law_freedom_of_conscience,Aucun réseau scientifique local institutionnalisé comparable n'est démontré au cutoff; ne pas importer l'institution de la métropole ou d'une période ultérieure.,https://buenosaires.gob.ar/gcaba_historico/laciudad/calendario-historico/agosto,https://whc.unesco.org/en/list/420
ARG,Argentina,Amériques et Caraïbes,La Plata,tier_4,REPLACE_WITH_EXPLICIT_SETUP,,codified_practical_knowledge,TIER,REMOVE,MEDIUM,ABSENT,"Prérequis non résolus sans importance pratique car le nœud est recommandé REMOVE: institutionalized_scientific_exchange, periodical_print_networks.",—,La combinaison institutionnelle et éditoriale représentée par le nœud n'est pas démontrée localement.,https://buenosaires.gob.ar/gcaba_historico/laciudad/calendario-historico/agosto,https://whc.unesco.org/en/list/420
ARG,Argentina,Amériques et Caraïbes,La Plata,tier_4,REPLACE_WITH_EXPLICIT_SETUP,,distillation,TIER,KEEP,MEDIUM,ESTABLISHED,—,"PM:pm_pot_stills, PM:pm_spiced_food_preparations",Distillation artisanale/agroalimentaire établie ou très plausible dans l'économie locale; le nœud ne suppose pas une industrialisation lourde.,https://buenosaires.gob.ar/gcaba_historico/laciudad/calendario-historico/agosto,https://whc.unesco.org/en/list/420
ARG,Argentina,Amériques et Caraïbes,La Plata,tier_4,REPLACE_WITH_EXPLICIT_SETUP,,improved_husbandry,TIER,KEEP,MEDIUM,ESTABLISHED,—,"bâtiment:building_banana_plantation, bâtiment:building_coffee_plantation, bâtiment:building_dye_plantation, bâtiment:building_livestock_ranch, bâtiment:building_maize_farm, bâtiment:building_millet_farm, bât…",Agriculture/élevage structurés et améliorations pratiques sont établis; le nœud est compatible avec une économie agricole non industrielle.,https://buenosaires.gob.ar/gcaba_historico/laciudad/calendario-historico/agosto,https://whc.unesco.org/en/list/420
ARG,Argentina,Amériques et Caraïbes,La Plata,tier_4,REPLACE_WITH_EXPLICIT_SETUP,,international_relations,TIER,KEEP,MEDIUM,ABSTRACT,—,—,"Le nœud est interprété comme capacité de relations diplomatiques/commerciales, y compris dans un cadre colonial ou inter-polités, non comme ministère des affaires étrangères souverain.",https://buenosaires.gob.ar/gcaba_historico/laciudad/calendario-historico/agosto,https://whc.unesco.org/en/list/420
ARG,Argentina,Amériques et Caraïbes,La Plata,tier_4,REPLACE_WITH_EXPLICIT_SETUP,,light_infantry_tactics,TIER,KEEP,MEDIUM,ESTABLISHED,Prérequis directs manquants après recommandation: regulated_small_arms. Ne pas les auto-ajouter; traiter l’incohérence dans l’arbre ou revoir le nœud.,—,"Tactiques d'infanterie légère, de frontière ou de milice sont plausibles/établies dans l'environnement militaire local de 1776.",https://buenosaires.gob.ar/gcaba_historico/laciudad/calendario-historico/agosto,https://whc.unesco.org/en/list/420
ARG,Argentina,Amériques et Caraïbes,La Plata,tier_4,REPLACE_WITH_EXPLICIT_SETUP,,organized_textile_production,TIER,REVIEW,MEDIUM,SECTORAL,—,"PM:pm_craftsman_sewing, bâtiment:building_textile_mill","Des textiles domestiques/artisanaux existent, mais le bâtiment de manufacture textile du nœud peut surreprésenter la concentration productive locale.",https://buenosaires.gob.ar/gcaba_historico/laciudad/calendario-historico/agosto,https://whc.unesco.org/en/list/420
ARG,Argentina,Amériques et Caraïbes,La Plata,tier_4,REPLACE_WITH_EXPLICIT_SETUP,,regulated_small_arms,TIER,REMOVE,MEDIUM,ABSENT,Prérequis non résolus sans importance pratique car le nœud est recommandé REMOVE: scientific_fortification_siegecraft.,"bâtiment:building_arms_industry, bâtiment:building_artillery_foundry",La présence d'armes importées ne suffit pas à justifier l'industrie locale débloquée par le nœud.,https://buenosaires.gob.ar/gcaba_historico/laciudad/calendario-historico/agosto,https://whc.unesco.org/en/list/420
ARG,Argentina,Amériques et Caraïbes,La Plata,tier_4,REPLACE_WITH_EXPLICIT_SETUP,,shaft_mining,TIER,REMOVE,MEDIUM,ABSENT,—,"bâtiment:building_coal_mine, bâtiment:building_copper_mine, bâtiment:building_iron_mine, bâtiment:building_lead_mine, bâtiment:building_limestone_quarry, bâtiment:building_salt_mine, bâtiment:building_sulfur…",Aucun secteur minier local ne justifie le large déblocage de mines du nœud au niveau du TAG.,https://buenosaires.gob.ar/gcaba_historico/laciudad/calendario-historico/agosto,https://whc.unesco.org/en/list/420
ARG,Argentina,Amériques et Caraïbes,La Plata,tier_4,REPLACE_WITH_EXPLICIT_SETUP,,standardized_field_artillery,TIER,REMOVE,MEDIUM,ABSENT,Prérequis non résolus sans importance pratique car le nœud est recommandé REMOVE: regulated_small_arms.,PM:pm_cannons,Aucune capacité locale d'artillerie standardisée suffisamment démontrée pour ce TAG.,https://buenosaires.gob.ar/gcaba_historico/laciudad/calendario-historico/agosto,https://whc.unesco.org/en/list/420
ARG,Argentina,Amériques et Caraïbes,La Plata,tier_4,REPLACE_WITH_EXPLICIT_SETUP,,systematic_administrative_statistics,TIER,REVIEW,MEDIUM,ABSTRACT,—,"bâtiment:building_government_administration, décret:decree_emergency_relief, décret:decree_road_maintenance",Registres et administration existent mais leur systématicité/échelle au niveau du TAG est incertaine au cutoff.,https://buenosaires.gob.ar/gcaba_historico/laciudad/calendario-historico/agosto,https://whc.unesco.org/en/list/420
ARG,Argentina,Amériques et Caraïbes,La Plata,tier_4,REPLACE_WITH_EXPLICIT_SETUP,,urbanization,TIER,KEEP,HIGH,ABSTRACT,—,"bâtiment:building_construction_sector, bâtiment:building_urban_center",Nœud de compatibilité du mod ouvrant construction/centre urbain; conservé comme abstraction technique et non comme mesure d'urbanisation réelle.,https://buenosaires.gob.ar/gcaba_historico/laciudad/calendario-historico/agosto,https://whc.unesco.org/en/list/420
CHL,Chile,Amériques et Caraïbes,La Plata,tier_3,REPLACE_WITH_EXPLICIT_SETUP,,applied_mineralogy,TIER,KEEP,MEDIUM,SECTORAL,Prérequis directs couverts par les recommandations fermes.,"bâtiment:building_gold_field, bâtiment:building_gold_mine, bâtiment:building_phosphate_mine","L'extraction et le traitement des minerais sont des secteurs établis; ce nœud est retenu comme savoir-faire pratique sectoriel, pas comme science académique nationale.",https://buenosaires.gob.ar/gcaba_historico/laciudad/calendario-historico/agosto,https://whc.unesco.org/en/list/420
CHL,Chile,Amériques et Caraïbes,La Plata,tier_3,REPLACE_WITH_EXPLICIT_SETUP,,codified_practical_knowledge,TIER,REVIEW,MEDIUM,ABSTRACT,"Si le nœud est retenu après REVIEW, prérequis directs non établis: institutionalized_scientific_exchange, periodical_print_networks. Ne pas les auto-ajouter; arbitrer abstraction de l’arbre vs retrait.",—,Savoirs pratiques réels mais le nœud suppose aussi des réseaux institutionnels/éditoriaux; les prérequis ne sont pas tous assurés localement en 1776.,https://buenosaires.gob.ar/gcaba_historico/laciudad/calendario-historico/agosto,https://whc.unesco.org/en/list/420
CHL,Chile,Amériques et Caraïbes,La Plata,tier_3,REPLACE_WITH_EXPLICIT_SETUP,,coke_smelting,TIER,REMOVE,HIGH,ABSENT,Prérequis non résolus sans importance pratique car le nœud est recommandé REMOVE: organized_forestry.,"bâtiment:building_steel_mill, bâtiment:building_tooling_workshop",La fonte au coke est une innovation britannique concentrée autour de Coalbrookdale; aucune implantation locale pertinente n'est établie ici en 1776.,https://www.ironbridge.org.uk/about-us/key-figures-in-the-history-of-the-ironbridge-gorge/,https://buenosaires.gob.ar/gcaba_historico/laciudad/calendario-historico/agosto
CHL,Chile,Amériques et Caraïbes,La Plata,tier_3,REPLACE_WITH_EXPLICIT_SETUP,,commercial_insurance_markets,TIER,REVIEW,LOW,ABSTRACT,"Si le nœud est retenu après REVIEW, prérequis directs non établis: institutionalized_public_credit. Ne pas les auto-ajouter; arbitrer abstraction de l’arbre vs retrait.","loi:law_mercantilism, loi:law_mercantilism_navigation_acts","Des circuits marchands et assurances maritimes impériales existent, mais l'existence d'un marché d'assurance local suffisamment institutionnalisé au niveau du TAG reste incertaine.",https://buenosaires.gob.ar/gcaba_historico/laciudad/calendario-historico/agosto,https://whc.unesco.org/en/list/420
CHL,Chile,Amériques et Caraïbes,La Plata,tier_3,REPLACE_WITH_EXPLICIT_SETUP,,distillation,TIER,KEEP,MEDIUM,ESTABLISHED,—,"PM:pm_pot_stills, PM:pm_spiced_food_preparations",Distillation artisanale/agroalimentaire établie ou très plausible dans l'économie locale; le nœud ne suppose pas une industrialisation lourde.,https://buenosaires.gob.ar/gcaba_historico/laciudad/calendario-historico/agosto,https://whc.unesco.org/en/list/420
CHL,Chile,Amériques et Caraïbes,La Plata,tier_3,REPLACE_WITH_EXPLICIT_SETUP,,improved_husbandry,TIER,KEEP,MEDIUM,ESTABLISHED,—,"bâtiment:building_banana_plantation, bâtiment:building_coffee_plantation, bâtiment:building_dye_plantation, bâtiment:building_livestock_ranch, bâtiment:building_maize_farm, bâtiment:building_millet_farm, bât…",Agriculture/élevage structurés et améliorations pratiques sont établis; le nœud est compatible avec une économie agricole non industrielle.,https://buenosaires.gob.ar/gcaba_historico/laciudad/calendario-historico/agosto,https://whc.unesco.org/en/list/420
CHL,Chile,Amériques et Caraïbes,La Plata,tier_3,REPLACE_WITH_EXPLICIT_SETUP,,international_relations,TIER,KEEP,MEDIUM,ABSTRACT,—,—,"Le nœud est interprété comme capacité de relations diplomatiques/commerciales, y compris dans un cadre colonial ou inter-polités, non comme ministère des affaires étrangères souverain.",https://buenosaires.gob.ar/gcaba_historico/laciudad/calendario-historico/agosto,https://whc.unesco.org/en/list/420
CHL,Chile,Amériques et Caraïbes,La Plata,tier_3,REPLACE_WITH_EXPLICIT_SETUP,,light_infantry_tactics,TIER,KEEP,MEDIUM,ESTABLISHED,Prérequis directs manquants après recommandation: regulated_small_arms. Ne pas les auto-ajouter; traiter l’incohérence dans l’arbre ou revoir le nœud.,—,"Tactiques d'infanterie légère, de frontière ou de milice sont plausibles/établies dans l'environnement militaire local de 1776.",https://buenosaires.gob.ar/gcaba_historico/laciudad/calendario-historico/agosto,https://whc.unesco.org/en/list/420
CHL,Chile,Amériques et Caraïbes,La Plata,tier_3,REPLACE_WITH_EXPLICIT_SETUP,,medical_degrees,TIER,REVIEW,MEDIUM,SECTORAL,"Si le nœud est retenu après REVIEW, prérequis directs non établis: institutionalized_scientific_exchange. Ne pas les auto-ajouter; arbitrer abstraction de l’arbre vs retrait.",loi:law_charitable_health_system,"Des universités coloniales existent, mais il faut distinguer enseignement supérieur général et système local de diplômes médicaux correspondant au nœud gameplay.",https://buenosaires.gob.ar/gcaba_historico/laciudad/calendario-historico/agosto,https://whc.unesco.org/en/list/420
CHL,Chile,Amériques et Caraïbes,La Plata,tier_3,REPLACE_WITH_EXPLICIT_SETUP,,organized_textile_production,TIER,KEEP,MEDIUM,SECTORAL,—,"PM:pm_craftsman_sewing, bâtiment:building_textile_mill",Production textile/artisanale organisée établie; conservation sectorielle sans supposer mécanisation.,https://buenosaires.gob.ar/gcaba_historico/laciudad/calendario-historico/agosto,https://whc.unesco.org/en/list/420
CHL,Chile,Amériques et Caraïbes,La Plata,tier_3,REPLACE_WITH_EXPLICIT_SETUP,,regulated_small_arms,TIER,REVIEW,MEDIUM,FRONTIER,"Si le nœud est retenu après REVIEW, prérequis directs non établis: scientific_fortification_siegecraft. Ne pas les auto-ajouter; arbitrer abstraction de l’arbre vs retrait.","bâtiment:building_arms_industry, bâtiment:building_artillery_foundry","Armes à feu et ateliers/arsenaux sont présents, mais le nœud débloque une industrie d'armes et d'artillerie structurée; la capacité locale à cette échelle doit rester sectorielle.",https://buenosaires.gob.ar/gcaba_historico/laciudad/calendario-historico/agosto,https://whc.unesco.org/en/list/420
CHL,Chile,Amériques et Caraïbes,La Plata,tier_3,REPLACE_WITH_EXPLICIT_SETUP,,shaft_mining,TIER,KEEP,MEDIUM,SECTORAL,—,"bâtiment:building_coal_mine, bâtiment:building_copper_mine, bâtiment:building_iron_mine, bâtiment:building_lead_mine, bâtiment:building_limestone_quarry, bâtiment:building_salt_mine, bâtiment:building_sulfur…",Extraction minière souterraine/organisée et chaînes de traitement sont établies dans ce territoire en 1776.,https://buenosaires.gob.ar/gcaba_historico/laciudad/calendario-historico/agosto,https://whc.unesco.org/en/list/420
CHL,Chile,Amériques et Caraïbes,La Plata,tier_3,REPLACE_WITH_EXPLICIT_SETUP,,specialized_technical_academies,TIER,REMOVE,HIGH,ABSENT,Prérequis non résolus sans importance pratique car le nœud est recommandé REMOVE: institutionalized_scientific_exchange.,bâtiment:building_university,"Le nœud ouvre l'université/enseignement technique spécialisé. Même en Nouvelle-Espagne, le Seminario de Minería n'ouvre qu'en 1792; attribution locale trop précoce.",https://buenosaires.gob.ar/gcaba_historico/laciudad/calendario-historico/agosto,https://whc.unesco.org/en/list/420
CHL,Chile,Amériques et Caraïbes,La Plata,tier_3,REPLACE_WITH_EXPLICIT_SETUP,,standardized_field_artillery,TIER,REVIEW,MEDIUM,SECTORAL,"Si le nœud est retenu après REVIEW, prérequis directs non établis: regulated_small_arms. Ne pas les auto-ajouter; arbitrer abstraction de l’arbre vs retrait.",PM:pm_cannons,"L'artillerie est présente ou mobilisable, mais le degré de standardisation et de disponibilité locale au 1er janvier 1776 varie fortement.",https://buenosaires.gob.ar/gcaba_historico/laciudad/calendario-historico/agosto,https://whc.unesco.org/en/list/420
CHL,Chile,Amériques et Caraïbes,La Plata,tier_3,REPLACE_WITH_EXPLICIT_SETUP,,systematic_administrative_statistics,TIER,KEEP,MEDIUM,SECTORAL,—,"bâtiment:building_government_administration, décret:decree_emergency_relief, décret:decree_road_maintenance","Administration fiscale/coloniale structurée et tenue de registres établies; le nœud est retenu comme abstraction de cette capacité, sans supposer statistiques modernes.",https://buenosaires.gob.ar/gcaba_historico/laciudad/calendario-historico/agosto,https://whc.unesco.org/en/list/420
CHL,Chile,Amériques et Caraïbes,La Plata,tier_3,REPLACE_WITH_EXPLICIT_SETUP,,urbanization,TIER,KEEP,HIGH,ABSTRACT,—,"bâtiment:building_construction_sector, bâtiment:building_urban_center",Nœud de compatibilité du mod ouvrant construction/centre urbain; conservé comme abstraction technique et non comme mesure d'urbanisation réelle.,https://buenosaires.gob.ar/gcaba_historico/laciudad/calendario-historico/agosto,https://whc.unesco.org/en/list/420
GNI,Guarani,Amériques et Caraïbes,La Plata,tier_6,KEEP_TIER,,improved_husbandry,TIER,KEEP,MEDIUM,SECTORAL,—,"bâtiment:building_banana_plantation, bâtiment:building_coffee_plantation, bâtiment:building_dye_plantation, bâtiment:building_livestock_ranch, bâtiment:building_maize_farm, bâtiment:building_millet_farm, bât…","Agriculture, élevage ou gestion animale/subsistance organisée sont attestés ou plausibles localement; le nœud reste une abstraction imparfaite mais utile.",https://www.cambridge.org/core/journals/journal-of-economic-history/article/guarani-and-their-missions-a-socioeconomic-history-by-j-s-sarreal-julia-stanford-ca-stanford-university-press-2014-pp-xiii-335-6500-cloth/9DE161D10001BBFEE73BBB7903FCF229,https://buenosaires.gob.ar/gcaba_historico/laciudad/calendario-historico/agosto
GNI,Guarani,Amériques et Caraïbes,La Plata,tier_6,KEEP_TIER,,urbanization,TIER,KEEP,HIGH,ABSTRACT,—,"bâtiment:building_construction_sector, bâtiment:building_urban_center",Nœud de compatibilité du mod ouvrant construction/centre urbain; conservé comme abstraction technique et non comme mesure d'urbanisation réelle.,https://www.cambridge.org/core/journals/journal-of-economic-history/article/guarani-and-their-missions-a-socioeconomic-history-by-j-s-sarreal-julia-stanford-ca-stanford-university-press-2014-pp-xiii-335-6500-cloth/9DE161D10001BBFEE73BBB7903FCF229,https://buenosaires.gob.ar/gcaba_historico/laciudad/calendario-historico/agosto
PAT,Mapuche,Amériques et Caraïbes,La Plata,tier_6,KEEP_TIER,,improved_husbandry,TIER,KEEP,MEDIUM,SECTORAL,—,"bâtiment:building_banana_plantation, bâtiment:building_coffee_plantation, bâtiment:building_dye_plantation, bâtiment:building_livestock_ranch, bâtiment:building_maize_farm, bâtiment:building_millet_farm, bât…","Agriculture, élevage ou gestion animale/subsistance organisée sont attestés ou plausibles localement; le nœud reste une abstraction imparfaite mais utile.",https://www.memoriachilena.gob.cl/602/w3-article-95800.html,https://buenosaires.gob.ar/gcaba_historico/laciudad/calendario-historico/agosto
PAT,Mapuche,Amériques et Caraïbes,La Plata,tier_6,KEEP_TIER,,urbanization,TIER,KEEP,HIGH,ABSTRACT,—,"bâtiment:building_construction_sector, bâtiment:building_urban_center",Nœud de compatibilité du mod ouvrant construction/centre urbain; conservé comme abstraction technique et non comme mesure d'urbanisation réelle.,https://www.memoriachilena.gob.cl/602/w3-article-95800.html,https://buenosaires.gob.ar/gcaba_historico/laciudad/calendario-historico/agosto
PRG,Paraguay,Amériques et Caraïbes,La Plata,tier_4,REPLACE_WITH_EXPLICIT_SETUP,,colonization,EXPLICIT,KEEP,MEDIUM,ABSTRACT,Prérequis directs couverts par les recommandations fermes.,"bâtiment:building_suez_canal, loi:law_colonial_exploitation, loi:law_colonial_resettlement, loi:law_extraction_economy, loi:law_frontier_colonization","Conservé comme abstraction d'un appareil colonial/frontière effectivement actif sur le territoire, sans lui attribuer toutes les capacités de la métropole.",https://buenosaires.gob.ar/gcaba_historico/laciudad/calendario-historico/agosto,https://whc.unesco.org/en/list/420
PRG,Paraguay,Amériques et Caraïbes,La Plata,tier_4,REPLACE_WITH_EXPLICIT_SETUP,,institutionalized_scientific_exchange,EXPLICIT,REMOVE,MEDIUM,ABSENT,—,loi:law_freedom_of_conscience,Aucun réseau scientifique local institutionnalisé comparable n'est démontré au cutoff; ne pas importer l'institution de la métropole ou d'une période ultérieure.,https://buenosaires.gob.ar/gcaba_historico/laciudad/calendario-historico/agosto,https://whc.unesco.org/en/list/420
PRG,Paraguay,Amériques et Caraïbes,La Plata,tier_4,REPLACE_WITH_EXPLICIT_SETUP,,codified_practical_knowledge,TIER,REMOVE,MEDIUM,ABSENT,"Prérequis non résolus sans importance pratique car le nœud est recommandé REMOVE: institutionalized_scientific_exchange, periodical_print_networks.",—,La combinaison institutionnelle et éditoriale représentée par le nœud n'est pas démontrée localement.,https://buenosaires.gob.ar/gcaba_historico/laciudad/calendario-historico/agosto,https://whc.unesco.org/en/list/420
PRG,Paraguay,Amériques et Caraïbes,La Plata,tier_4,REPLACE_WITH_EXPLICIT_SETUP,,distillation,TIER,KEEP,MEDIUM,ESTABLISHED,—,"PM:pm_pot_stills, PM:pm_spiced_food_preparations",Distillation artisanale/agroalimentaire établie ou très plausible dans l'économie locale; le nœud ne suppose pas une industrialisation lourde.,https://buenosaires.gob.ar/gcaba_historico/laciudad/calendario-historico/agosto,https://whc.unesco.org/en/list/420
PRG,Paraguay,Amériques et Caraïbes,La Plata,tier_4,REPLACE_WITH_EXPLICIT_SETUP,,improved_husbandry,TIER,KEEP,MEDIUM,ESTABLISHED,—,"bâtiment:building_banana_plantation, bâtiment:building_coffee_plantation, bâtiment:building_dye_plantation, bâtiment:building_livestock_ranch, bâtiment:building_maize_farm, bâtiment:building_millet_farm, bât…",Agriculture/élevage structurés et améliorations pratiques sont établis; le nœud est compatible avec une économie agricole non industrielle.,https://buenosaires.gob.ar/gcaba_historico/laciudad/calendario-historico/agosto,https://whc.unesco.org/en/list/420
PRG,Paraguay,Amériques et Caraïbes,La Plata,tier_4,REPLACE_WITH_EXPLICIT_SETUP,,international_relations,TIER,KEEP,MEDIUM,ABSTRACT,—,—,"Le nœud est interprété comme capacité de relations diplomatiques/commerciales, y compris dans un cadre colonial ou inter-polités, non comme ministère des affaires étrangères souverain.",https://buenosaires.gob.ar/gcaba_historico/laciudad/calendario-historico/agosto,https://whc.unesco.org/en/list/420
PRG,Paraguay,Amériques et Caraïbes,La Plata,tier_4,REPLACE_WITH_EXPLICIT_SETUP,,light_infantry_tactics,TIER,KEEP,MEDIUM,ESTABLISHED,Prérequis directs manquants après recommandation: regulated_small_arms. Ne pas les auto-ajouter; traiter l’incohérence dans l’arbre ou revoir le nœud.,—,"Tactiques d'infanterie légère, de frontière ou de milice sont plausibles/établies dans l'environnement militaire local de 1776.",https://buenosaires.gob.ar/gcaba_historico/laciudad/calendario-historico/agosto,https://whc.unesco.org/en/list/420
PRG,Paraguay,Amériques et Caraïbes,La Plata,tier_4,REPLACE_WITH_EXPLICIT_SETUP,,organized_textile_production,TIER,KEEP,MEDIUM,SECTORAL,—,"PM:pm_craftsman_sewing, bâtiment:building_textile_mill",Production textile/artisanale organisée établie; conservation sectorielle sans supposer mécanisation.,https://buenosaires.gob.ar/gcaba_historico/laciudad/calendario-historico/agosto,https://whc.unesco.org/en/list/420
PRG,Paraguay,Amériques et Caraïbes,La Plata,tier_4,REPLACE_WITH_EXPLICIT_SETUP,,regulated_small_arms,TIER,REMOVE,MEDIUM,ABSENT,Prérequis non résolus sans importance pratique car le nœud est recommandé REMOVE: scientific_fortification_siegecraft.,"bâtiment:building_arms_industry, bâtiment:building_artillery_foundry",La présence d'armes importées ne suffit pas à justifier l'industrie locale débloquée par le nœud.,https://buenosaires.gob.ar/gcaba_historico/laciudad/calendario-historico/agosto,https://whc.unesco.org/en/list/420
PRG,Paraguay,Amériques et Caraïbes,La Plata,tier_4,REPLACE_WITH_EXPLICIT_SETUP,,shaft_mining,TIER,REMOVE,MEDIUM,ABSENT,—,"bâtiment:building_coal_mine, bâtiment:building_copper_mine, bâtiment:building_iron_mine, bâtiment:building_lead_mine, bâtiment:building_limestone_quarry, bâtiment:building_salt_mine, bâtiment:building_sulfur…",Aucun secteur minier local ne justifie le large déblocage de mines du nœud au niveau du TAG.,https://buenosaires.gob.ar/gcaba_historico/laciudad/calendario-historico/agosto,https://whc.unesco.org/en/list/420
PRG,Paraguay,Amériques et Caraïbes,La Plata,tier_4,REPLACE_WITH_EXPLICIT_SETUP,,standardized_field_artillery,TIER,REMOVE,MEDIUM,ABSENT,Prérequis non résolus sans importance pratique car le nœud est recommandé REMOVE: regulated_small_arms.,PM:pm_cannons,Aucune capacité locale d'artillerie standardisée suffisamment démontrée pour ce TAG.,https://buenosaires.gob.ar/gcaba_historico/laciudad/calendario-historico/agosto,https://whc.unesco.org/en/list/420
PRG,Paraguay,Amériques et Caraïbes,La Plata,tier_4,REPLACE_WITH_EXPLICIT_SETUP,,systematic_administrative_statistics,TIER,REVIEW,MEDIUM,ABSTRACT,—,"bâtiment:building_government_administration, décret:decree_emergency_relief, décret:decree_road_maintenance",Registres et administration existent mais leur systématicité/échelle au niveau du TAG est incertaine au cutoff.,https://buenosaires.gob.ar/gcaba_historico/laciudad/calendario-historico/agosto,https://whc.unesco.org/en/list/420
PRG,Paraguay,Amériques et Caraïbes,La Plata,tier_4,REPLACE_WITH_EXPLICIT_SETUP,,urbanization,TIER,KEEP,HIGH,ABSTRACT,—,"bâtiment:building_construction_sector, bâtiment:building_urban_center",Nœud de compatibilité du mod ouvrant construction/centre urbain; conservé comme abstraction technique et non comme mesure d'urbanisation réelle.,https://buenosaires.gob.ar/gcaba_historico/laciudad/calendario-historico/agosto,https://whc.unesco.org/en/list/420
SC4,Río de la Plata,Amériques et Caraïbes,La Plata,tier_4,REPLACE_WITH_EXPLICIT_SETUP,,colonization,EXPLICIT,KEEP,MEDIUM,ABSTRACT,Prérequis directs couverts par les recommandations fermes.,"bâtiment:building_suez_canal, loi:law_colonial_exploitation, loi:law_colonial_resettlement, loi:law_extraction_economy, loi:law_frontier_colonization","Conservé comme abstraction d'un appareil colonial/frontière effectivement actif sur le territoire, sans lui attribuer toutes les capacités de la métropole.",https://buenosaires.gob.ar/gcaba_historico/laciudad/calendario-historico/agosto,https://whc.unesco.org/en/list/420
SC4,Río de la Plata,Amériques et Caraïbes,La Plata,tier_4,REPLACE_WITH_EXPLICIT_SETUP,,institutionalized_scientific_exchange,EXPLICIT,REMOVE,MEDIUM,ABSENT,—,loi:law_freedom_of_conscience,Aucun réseau scientifique local institutionnalisé comparable n'est démontré au cutoff; ne pas importer l'institution de la métropole ou d'une période ultérieure.,https://buenosaires.gob.ar/gcaba_historico/laciudad/calendario-historico/agosto,https://whc.unesco.org/en/list/420
SC4,Río de la Plata,Amériques et Caraïbes,La Plata,tier_4,REPLACE_WITH_EXPLICIT_SETUP,,codified_practical_knowledge,TIER,REMOVE,MEDIUM,ABSENT,"Prérequis non résolus sans importance pratique car le nœud est recommandé REMOVE: institutionalized_scientific_exchange, periodical_print_networks.",—,La combinaison institutionnelle et éditoriale représentée par le nœud n'est pas démontrée localement.,https://buenosaires.gob.ar/gcaba_historico/laciudad/calendario-historico/agosto,https://whc.unesco.org/en/list/420
SC4,Río de la Plata,Amériques et Caraïbes,La Plata,tier_4,REPLACE_WITH_EXPLICIT_SETUP,,distillation,TIER,KEEP,MEDIUM,ESTABLISHED,—,"PM:pm_pot_stills, PM:pm_spiced_food_preparations",Distillation artisanale/agroalimentaire établie ou très plausible dans l'économie locale; le nœud ne suppose pas une industrialisation lourde.,https://buenosaires.gob.ar/gcaba_historico/laciudad/calendario-historico/agosto,https://whc.unesco.org/en/list/420
SC4,Río de la Plata,Amériques et Caraïbes,La Plata,tier_4,REPLACE_WITH_EXPLICIT_SETUP,,improved_husbandry,TIER,KEEP,MEDIUM,ESTABLISHED,—,"bâtiment:building_banana_plantation, bâtiment:building_coffee_plantation, bâtiment:building_dye_plantation, bâtiment:building_livestock_ranch, bâtiment:building_maize_farm, bâtiment:building_millet_farm, bât…",Agriculture/élevage structurés et améliorations pratiques sont établis; le nœud est compatible avec une économie agricole non industrielle.,https://buenosaires.gob.ar/gcaba_historico/laciudad/calendario-historico/agosto,https://whc.unesco.org/en/list/420
SC4,Río de la Plata,Amériques et Caraïbes,La Plata,tier_4,REPLACE_WITH_EXPLICIT_SETUP,,international_relations,TIER,KEEP,MEDIUM,ABSTRACT,—,—,"Le nœud est interprété comme capacité de relations diplomatiques/commerciales, y compris dans un cadre colonial ou inter-polités, non comme ministère des affaires étrangères souverain.",https://buenosaires.gob.ar/gcaba_historico/laciudad/calendario-historico/agosto,https://whc.unesco.org/en/list/420
SC4,Río de la Plata,Amériques et Caraïbes,La Plata,tier_4,REPLACE_WITH_EXPLICIT_SETUP,,light_infantry_tactics,TIER,KEEP,MEDIUM,ESTABLISHED,Prérequis directs manquants après recommandation: regulated_small_arms. Ne pas les auto-ajouter; traiter l’incohérence dans l’arbre ou revoir le nœud.,—,"Tactiques d'infanterie légère, de frontière ou de milice sont plausibles/établies dans l'environnement militaire local de 1776.",https://buenosaires.gob.ar/gcaba_historico/laciudad/calendario-historico/agosto,https://whc.unesco.org/en/list/420
SC4,Río de la Plata,Amériques et Caraïbes,La Plata,tier_4,REPLACE_WITH_EXPLICIT_SETUP,,organized_textile_production,TIER,REVIEW,MEDIUM,SECTORAL,—,"PM:pm_craftsman_sewing, bâtiment:building_textile_mill","Des textiles domestiques/artisanaux existent, mais le bâtiment de manufacture textile du nœud peut surreprésenter la concentration productive locale.",https://buenosaires.gob.ar/gcaba_historico/laciudad/calendario-historico/agosto,https://whc.unesco.org/en/list/420
SC4,Río de la Plata,Amériques et Caraïbes,La Plata,tier_4,REPLACE_WITH_EXPLICIT_SETUP,,regulated_small_arms,TIER,REMOVE,MEDIUM,ABSENT,Prérequis non résolus sans importance pratique car le nœud est recommandé REMOVE: scientific_fortification_siegecraft.,"bâtiment:building_arms_industry, bâtiment:building_artillery_foundry",La présence d'armes importées ne suffit pas à justifier l'industrie locale débloquée par le nœud.,https://buenosaires.gob.ar/gcaba_historico/laciudad/calendario-historico/agosto,https://whc.unesco.org/en/list/420
SC4,Río de la Plata,Amériques et Caraïbes,La Plata,tier_4,REPLACE_WITH_EXPLICIT_SETUP,,shaft_mining,TIER,REMOVE,MEDIUM,ABSENT,—,"bâtiment:building_coal_mine, bâtiment:building_copper_mine, bâtiment:building_iron_mine, bâtiment:building_lead_mine, bâtiment:building_limestone_quarry, bâtiment:building_salt_mine, bâtiment:building_sulfur…",Aucun secteur minier local ne justifie le large déblocage de mines du nœud au niveau du TAG.,https://buenosaires.gob.ar/gcaba_historico/laciudad/calendario-historico/agosto,https://whc.unesco.org/en/list/420
SC4,Río de la Plata,Amériques et Caraïbes,La Plata,tier_4,REPLACE_WITH_EXPLICIT_SETUP,,standardized_field_artillery,TIER,REMOVE,MEDIUM,ABSENT,Prérequis non résolus sans importance pratique car le nœud est recommandé REMOVE: regulated_small_arms.,PM:pm_cannons,Aucune capacité locale d'artillerie standardisée suffisamment démontrée pour ce TAG.,https://buenosaires.gob.ar/gcaba_historico/laciudad/calendario-historico/agosto,https://whc.unesco.org/en/list/420
SC4,Río de la Plata,Amériques et Caraïbes,La Plata,tier_4,REPLACE_WITH_EXPLICIT_SETUP,,systematic_administrative_statistics,TIER,REVIEW,MEDIUM,ABSTRACT,—,"bâtiment:building_government_administration, décret:decree_emergency_relief, décret:decree_road_maintenance",Registres et administration existent mais leur systématicité/échelle au niveau du TAG est incertaine au cutoff.,https://buenosaires.gob.ar/gcaba_historico/laciudad/calendario-historico/agosto,https://whc.unesco.org/en/list/420
SC4,Río de la Plata,Amériques et Caraïbes,La Plata,tier_4,REPLACE_WITH_EXPLICIT_SETUP,,urbanization,TIER,KEEP,HIGH,ABSTRACT,—,"bâtiment:building_construction_sector, bâtiment:building_urban_center",Nœud de compatibilité du mod ouvrant construction/centre urbain; conservé comme abstraction technique et non comme mesure d'urbanisation réelle.,https://buenosaires.gob.ar/gcaba_historico/laciudad/calendario-historico/agosto,https://whc.unesco.org/en/list/420
SLK,Selk’nam,Amériques et Caraïbes,La Plata,tier_6,REVIEW_TIER,,improved_husbandry,TIER,REVIEW,MEDIUM,ABSTRACT,—,"bâtiment:building_banana_plantation, bâtiment:building_coffee_plantation, bâtiment:building_dye_plantation, bâtiment:building_livestock_ranch, bâtiment:building_maize_farm, bâtiment:building_millet_farm, bât…",Le nœud agricole du jeu couvre plusieurs pratiques de culture/élevage qui ne correspondent pas uniformément à l'économie locale; éviter de classer la société par un tier de 'civilisation'.,https://buenosaires.gob.ar/gcaba_historico/laciudad/calendario-historico/agosto,https://whc.unesco.org/en/list/420
SLK,Selk’nam,Amériques et Caraïbes,La Plata,tier_6,REVIEW_TIER,,urbanization,TIER,KEEP,HIGH,ABSTRACT,—,"bâtiment:building_construction_sector, bâtiment:building_urban_center",Nœud de compatibilité du mod ouvrant construction/centre urbain; conservé comme abstraction technique et non comme mesure d'urbanisation réelle.,https://buenosaires.gob.ar/gcaba_historico/laciudad/calendario-historico/agosto,https://whc.unesco.org/en/list/420
THL,Tehuelche,Amériques et Caraïbes,La Plata,tier_6,REVIEW_TIER,,improved_husbandry,TIER,REVIEW,MEDIUM,ABSTRACT,—,"bâtiment:building_banana_plantation, bâtiment:building_coffee_plantation, bâtiment:building_dye_plantation, bâtiment:building_livestock_ranch, bâtiment:building_maize_farm, bâtiment:building_millet_farm, bât…",Le nœud agricole du jeu couvre plusieurs pratiques de culture/élevage qui ne correspondent pas uniformément à l'économie locale; éviter de classer la société par un tier de 'civilisation'.,https://buenosaires.gob.ar/gcaba_historico/laciudad/calendario-historico/agosto,https://whc.unesco.org/en/list/420
THL,Tehuelche,Amériques et Caraïbes,La Plata,tier_6,REVIEW_TIER,,urbanization,TIER,KEEP,HIGH,ABSTRACT,—,"bâtiment:building_construction_sector, bâtiment:building_urban_center",Nœud de compatibilité du mod ouvrant construction/centre urbain; conservé comme abstraction technique et non comme mesure d'urbanisation réelle.,https://buenosaires.gob.ar/gcaba_historico/laciudad/calendario-historico/agosto,https://whc.unesco.org/en/list/420
