TAG,Country,Region,Subregion,Current_Tier,Tier_Action,Recommended_Tier,Technology_ID,Current_Status,Decision,Confidence,Historical_Status,Prerequisite_Note,Gameplay_Note,Reason,Source_1,Source_2
SWE,Sweden,Northern Europe,Sweden,tier_4,KEEP_TIER,tier_4,regulated_small_arms,TIER,KEEP,HIGH,ESTABLISHED,Prerequisites historically justified/recommended: scientific_fortification_siegecraft.,"Unlocks: bâtiment:building_arms_industry, bâtiment:building_artillery_foundry; Modifier: no","Armes réglementaires et capacité d'approvisionnement militaire centralisé attestées, au moins dans les principaux arsenaux/centres.",https://www.artillerimuseet.se/sv-SE/english-deutsch/english/history-of-artillery-45539508,https://www.nrm.se/engelska/in-english/collections/geological-collections---minerals/history-of-our-collections/the-bergskollegium-collection
SWE,Sweden,Northern Europe,Sweden,tier_4,KEEP_TIER,tier_4,light_infantry_tactics,TIER,KEEP,MEDIUM,SECTORAL,Prerequisites historically justified/recommended: regulated_small_arms.,Unlocks: —; Modifier: yes: unit_experience_gain_mult,Tactiques d'infanterie légère présentes ou émergentes dans les armées régulières; nœud frontière à traiter comme sectoriel.,https://www.artillerimuseet.se/sv-SE/english-deutsch/english/history-of-artillery-45539508,https://www.nrm.se/engelska/in-english/collections/geological-collections---minerals/history-of-our-collections/the-bergskollegium-collection
SWE,Sweden,Northern Europe,Sweden,tier_4,KEEP_TIER,tier_4,standardized_field_artillery,TIER,KEEP,MEDIUM,SECTORAL,Prerequisites historically justified/recommended: regulated_small_arms.,Unlocks: PM:pm_cannons; Modifier: no,Artillerie de campagne régulière et systèmes de pièces organisés attestés; nœud frontière mais plausible en 1776.,https://www.artillerimuseet.se/sv-SE/english-deutsch/english/history-of-artillery-45539508,https://www.nrm.se/engelska/in-english/collections/geological-collections---minerals/history-of-our-collections/the-bergskollegium-collection
SWE,Sweden,Northern Europe,Sweden,tier_4,KEEP_TIER,tier_4,distillation,TIER,KEEP,HIGH,ESTABLISHED,No direct prerequisite.,"Unlocks: PM:pm_pot_stills, PM:pm_spiced_food_preparations; Modifier: no",La distillation est une technique préindustrielle établie; aucun indice ne justifie de retirer ce socle à Sweden.,https://www.jernkontoret.se/en/the-steel-industry/the-history-of-swedish-steel-industry/,https://www.nrm.se/engelska/in-english/collections/geological-collections---minerals/history-of-our-collections/the-bergskollegium-collection
SWE,Sweden,Northern Europe,Sweden,tier_4,KEEP_TIER,tier_4,improved_husbandry,TIER,KEEP,HIGH,ESTABLISHED,No direct prerequisite.,"Unlocks: bâtiment:building_banana_plantation, bâtiment:building_coffee_plantation, bâtiment:building_dye_plantation, bâtiment:building_livestock_ranch, bâtiment:building_maize_farm, bâtiment:building_millet_farm, bâtiment:building_opium_plantation, bâtiment:building_rice_farm, bâtiment:building_rye_farm, bâtiment:building_silk_plantation, bâtiment:building_spice_plantation, bâtiment:building_sugar_plantation, bâtiment:building_tea_plantation, bâtiment:building_tobacco_plantation, bâtiment:building_vineyard, bâtiment:building_wheat_farm, décret:decree_encourage_agricultural_industry; Modifier: no","Le nœud représente un socle agricole/élevage amélioré, compatible avec les pratiques établies de Sweden en 1776.",https://www.jernkontoret.se/en/the-steel-industry/the-history-of-swedish-steel-industry/,https://www.kva.se/en/about-us/history/
SWE,Sweden,Northern Europe,Sweden,tier_4,KEEP_TIER,tier_4,organized_textile_production,TIER,KEEP,HIGH,ESTABLISHED,No direct prerequisite.,"Unlocks: PM:pm_craftsman_sewing, bâtiment:building_textile_mill; Modifier: no",Production textile artisanale/proto-industrielle établie; le nœud ne suppose pas encore la mécanisation britannique.,https://www.jernkontoret.se/en/the-steel-industry/the-history-of-swedish-steel-industry/,https://www.nrm.se/engelska/in-english/collections/geological-collections---minerals/history-of-our-collections/the-bergskollegium-collection
SWE,Sweden,Northern Europe,Sweden,tier_4,KEEP_TIER,tier_4,shaft_mining,TIER,KEEP,HIGH,ESTABLISHED,No direct prerequisite.,"Unlocks: bâtiment:building_coal_mine, bâtiment:building_copper_mine, bâtiment:building_iron_mine, bâtiment:building_lead_mine, bâtiment:building_limestone_quarry, bâtiment:building_salt_mine, bâtiment:building_sulfur_mine, décret:decree_encourage_resource_industry; Modifier: no",Exploitation minière en puits ou industrie extractive organisée attestée à l'échelle pertinente de Sweden.,https://www.jernkontoret.se/en/the-steel-industry/the-history-of-swedish-steel-industry/,https://www.nrm.se/engelska/in-english/collections/geological-collections---minerals/history-of-our-collections/the-bergskollegium-collection
SWE,Sweden,Northern Europe,Sweden,tier_4,KEEP_TIER,tier_4,international_relations,TIER,KEEP,HIGH,ESTABLISHED,No direct prerequisite.,Unlocks: —; Modifier: no,Capacité diplomatique et relations extérieures institutionnalisées établies en 1776.,https://www.kva.se/en/about-us/history/,https://www.scb.se/en/About-us/main-activity/history-of-statistics-sweden/?menu=open
SWE,Sweden,Northern Europe,Sweden,tier_4,KEEP_TIER,tier_4,codified_practical_knowledge,TIER,KEEP,HIGH,ESTABLISHED,"Prerequisites historically justified/recommended: institutionalized_scientific_exchange, periodical_print_networks.",Unlocks: —; Modifier: no,"Savoirs administratifs et pratiques codifiés plausibles, mais la chaîne de prérequis doit être historiquement vérifiée plutôt que complétée mécaniquement.",https://www.kva.se/en/about-us/history/,https://www.scb.se/en/About-us/main-activity/history-of-statistics-sweden/?menu=open
SWE,Sweden,Northern Europe,Sweden,tier_4,KEEP_TIER,tier_4,systematic_administrative_statistics,TIER,KEEP,HIGH,ESTABLISHED,No direct prerequisite.,"Unlocks: bâtiment:building_government_administration, décret:decree_emergency_relief, décret:decree_road_maintenance; Modifier: yes: country_institution_home_affairs_max_investment_add, state_incorporation_speed_mult, state_tax_capacity_add",Appareil administratif capable de collecte/usage régulier de données; le degré de diffusion varie fortement selon les territoires.,https://www.kva.se/en/about-us/history/,https://www.scb.se/en/About-us/main-activity/history-of-statistics-sweden/?menu=open
SWE,Sweden,Northern Europe,Sweden,tier_4,KEEP_TIER,tier_4,specialized_technical_academies,EXPLICIT,KEEP,HIGH,SECTORAL,Prerequisites historically justified/recommended: institutionalized_scientific_exchange.,Unlocks: bâtiment:building_university; Modifier: no,Les institutions minières/scientifiques et la formation technique spécialisée sont anciennes; le Bergskollegium et les milieux savants constituent un équivalent sectoriel crédible du nœud.,https://www.nrm.se/engelska/in-english/collections/geological-collections---minerals/history-of-our-collections/the-bergskollegium-collection,https://www.kva.se/en/about-us/history/
SWE,Sweden,Northern Europe,Sweden,tier_4,KEEP_TIER,tier_4,colonization,EXPLICIT,REMOVE,HIGH,ABSENT,Prerequisites historically justified/recommended: international_relations.,"Unlocks: bâtiment:building_suez_canal, loi:law_colonial_exploitation, loi:law_colonial_resettlement, loi:law_extraction_economy, loi:law_frontier_colonization; Modifier: yes: country_infamy_generation_against_unrecognized_mult, country_institution_colonial_affairs_max_investment_add","Le gameplay du nœud implique un appareil colonial actif. Au 1er janvier 1776 la Suède ne possède pas encore Saint-Barthélemy (acquise en 1784); les projets coloniaux de 1776 sont des projets, pas une capacité coloniale établie.",https://sok.riksarkivet.se/sbl/Presentation.aspx?forceOrdinarySite=true&id=8240,https://www.kva.se/en/about-us/history/
SWE,Sweden,Northern Europe,Sweden,tier_4,KEEP_TIER,tier_4,urbanization,TIER,KEEP,MEDIUM,ABSTRACT,No direct prerequisite.,"Unlocks: bâtiment:building_construction_sector, bâtiment:building_urban_center; Modifier: no",Nœud abstrait de compatibilité débloquant centres urbains/construction; présence de villes et de métiers de construction suffisante.,https://www.kva.se/en/about-us/history/,https://www.scb.se/en/About-us/main-activity/history-of-statistics-sweden/?menu=open
SWE,Sweden,Northern Europe,Sweden,tier_4,KEEP_TIER,tier_4,enclosed_dock_systems,ABSENT,ADD,HIGH,ESTABLISHED,No direct prerequisite.,Unlocks: bâtiment:building_port; Modifier: no,La marine suédoise dispose d’infrastructures navales permanentes; ce parent est cohérent avec les chantiers et bases de la flotte.,https://www.sjohistoriska.se/en/explore/collections/archives/ritningar/fredrik-henrik-af-chapman,https://www.artillerimuseet.se/sv-SE/english-deutsch/english/history-of-artillery-45539508
SWE,Sweden,Northern Europe,Sweden,tier_4,KEEP_TIER,tier_4,scientific_fortification_siegecraft,ABSENT,ADD,MEDIUM,ESTABLISHED,No direct prerequisite.,"Unlocks: bâtiment:building_barrack, bâtiment:building_naval_fortification; Modifier: no",L’artillerie et les fortifications suédoises sont institutionnalisées; ce parent est historiquement plus plausible que de laisser regulated_small_arms sans lui.,https://www.artillerimuseet.se/sv-SE/english-deutsch/english/history-of-artillery-45539508,https://www.kva.se/en/about-us/history/
SWE,Sweden,Northern Europe,Sweden,tier_4,KEEP_TIER,tier_4,state_dockyard_systems,ABSENT,ADD,HIGH,ESTABLISHED,No direct prerequisite.,"Unlocks: bâtiment:building_naval_administration, bâtiment:building_shipyard; Modifier: yes: country_admiral_rank_impact_mult",Chantiers et administration navale d’État sont clairement établis; Chapman travaille dans un système public de construction navale.,https://www.sjohistoriska.se/en/explore/collections/archives/ritningar/fredrik-henrik-af-chapman,https://www.artillerimuseet.se/sv-SE/english-deutsch/english/history-of-artillery-45539508
SWE,Sweden,Northern Europe,Sweden,tier_4,KEEP_TIER,tier_4,scientific_naval_architecture,ABSENT,ADD,HIGH,ESTABLISHED,Prerequisites historically justified/recommended: state_dockyard_systems.,Unlocks: —; Modifier: no,Chapman publie Architectura Navalis Mercatoria en 1768 et applique une approche mathématique/systématique à la construction navale suédoise.,https://www.sjohistoriska.se/en/explore/collections/archives/ritningar/fredrik-henrik-af-chapman,https://www.kva.se/en/about-us/history/
SWE,Sweden,Northern Europe,Sweden,tier_4,KEEP_TIER,tier_4,armament_standardization_inspection,ABSENT,REVIEW,MEDIUM,SECTORAL,"Prerequisites historically justified/recommended: regulated_small_arms, standardized_field_artillery.",Unlocks: —; Modifier: no,"La centralisation de l’artillerie et des établissements militaires rend plausible une standardisation/inspection, mais les preuves disponibles ici ne documentent pas assez précisément un système national de contrôle comparable au nœud.",https://www.artillerimuseet.se/sv-SE/english-deutsch/english/history-of-artillery-45539508,https://www.nrm.se/engelska/in-english/collections/geological-collections---minerals/history-of-our-collections/the-bergskollegium-collection
SWE,Sweden,Northern Europe,Sweden,tier_4,KEEP_TIER,tier_4,applied_mineralogy,ABSENT,ADD,HIGH,SECTORAL,Prerequisites historically justified/recommended: shaft_mining.,"Unlocks: bâtiment:building_gold_field, bâtiment:building_gold_mine, bâtiment:building_phosphate_mine; Modifier: no","Le Bergskollegium possède laboratoire chimique, chambre d’essai et administration des mines; la minéralogie appliquée est sectoriellement très forte.",https://www.nrm.se/engelska/in-english/collections/geological-collections---minerals/history-of-our-collections/the-bergskollegium-collection,https://www.jernkontoret.se/en/the-steel-industry/the-history-of-swedish-steel-industry/
SWE,Sweden,Northern Europe,Sweden,tier_4,KEEP_TIER,tier_4,institutionalized_scientific_exchange,ABSENT,ADD,HIGH,ESTABLISHED,No direct prerequisite.,"Unlocks: loi:law_freedom_of_conscience; Modifier: yes: country_diplomatic_play_maneuvers_mult, country_influence_mult, country_tech_spread_mult","L’Académie royale des sciences existe depuis 1739, publie et diffuse activement les connaissances utiles.",https://www.kva.se/en/about-us/history/,https://www.nrm.se/engelska/in-english/collections/geological-collections---minerals/history-of-our-collections/the-bergskollegium-collection
SWE,Sweden,Northern Europe,Sweden,tier_4,KEEP_TIER,tier_4,periodical_print_networks,ABSENT,ADD,MEDIUM,ESTABLISHED,No direct prerequisite.,"Unlocks: loi:law_censorship, loi:law_religious_schools; Modifier: yes: country_authority_mult, country_voting_power_mult",L’Académie diffuse des publications et la Suède dispose d’un espace imprimé périodique suffisant pour le sens gameplay du nœud.,https://www.kva.se/en/about-us/history/,https://www.scb.se/en/About-us/main-activity/history-of-statistics-sweden/?menu=open
SWE,Sweden,Northern Europe,Sweden,tier_4,KEEP_TIER,tier_4,systematic_population_registration,ABSENT,ADD,HIGH,ESTABLISHED,Prerequisites historically justified/recommended: systematic_administrative_statistics.,"Unlocks: PM:pm_horizontal_drawer_cabinets, loi:law_per_capita_based_taxation; Modifier: no",Tabellverket fonctionne depuis 1749 et une commission permanente depuis 1756; c’est un des cas les plus solides de registre/statistique de population avant 1776.,https://www.scb.se/en/About-us/main-activity/history-of-statistics-sweden/?menu=open,https://www.kva.se/en/about-us/history/
SWE,Sweden,Northern Europe,Sweden,tier_4,KEEP_TIER,tier_4,systematic_cadastral_surveying,ABSENT,ADD,HIGH,ESTABLISHED,Prerequisites historically justified/recommended: systematic_administrative_statistics.,Unlocks: —; Modifier: no,La Suède dispose depuis le XVIIe siècle d’un appareil cartographique cadastral et de registres géométriques détaillés.,https://www.lantmateriet.se/sv/kartor/vara-karttjanster/Historiska-kartor/Arkiven-som-ingar/Lantmateristyrelsens-arkiv---LMS/,https://www.scb.se/en/About-us/main-activity/history-of-statistics-sweden/?menu=open
DEN,Denmark,Northern Europe,Denmark proper,tier_4,REPLACE_WITH_EXPLICIT_SETUP,,regulated_small_arms,TIER,KEEP,HIGH,ESTABLISHED,Prerequisites historically justified/recommended: scientific_fortification_siegecraft.,"Unlocks: bâtiment:building_arms_industry, bâtiment:building_artillery_foundry; Modifier: no","Armes réglementaires et capacité d'approvisionnement militaire centralisé attestées, au moins dans les principaux arsenaux/centres.",https://lex.dk/S%C3%B8v%C3%A6rnets_historie,https://royalacademy.dk/tidslinje/
DEN,Denmark,Northern Europe,Denmark proper,tier_4,REPLACE_WITH_EXPLICIT_SETUP,,light_infantry_tactics,TIER,KEEP,MEDIUM,SECTORAL,Prerequisites historically justified/recommended: regulated_small_arms.,Unlocks: —; Modifier: yes: unit_experience_gain_mult,Tactiques d'infanterie légère présentes ou émergentes dans les armées régulières; nœud frontière à traiter comme sectoriel.,https://lex.dk/S%C3%B8v%C3%A6rnets_historie,https://royalacademy.dk/tidslinje/
DEN,Denmark,Northern Europe,Denmark proper,tier_4,REPLACE_WITH_EXPLICIT_SETUP,,standardized_field_artillery,TIER,KEEP,MEDIUM,SECTORAL,Prerequisites historically justified/recommended: regulated_small_arms.,Unlocks: PM:pm_cannons; Modifier: no,Artillerie de campagne régulière et systèmes de pièces organisés attestés; nœud frontière mais plausible en 1776.,https://lex.dk/S%C3%B8v%C3%A6rnets_historie,https://royalacademy.dk/tidslinje/
DEN,Denmark,Northern Europe,Denmark proper,tier_4,REPLACE_WITH_EXPLICIT_SETUP,,distillation,TIER,KEEP,HIGH,ESTABLISHED,No direct prerequisite.,"Unlocks: PM:pm_pot_stills, PM:pm_spiced_food_preparations; Modifier: no",La distillation est une technique préindustrielle établie; aucun indice ne justifie de retirer ce socle à Denmark.,https://lex.dk/S%C3%B8v%C3%A6rnets_historie,https://royalacademy.dk/tidslinje/
DEN,Denmark,Northern Europe,Denmark proper,tier_4,REPLACE_WITH_EXPLICIT_SETUP,,improved_husbandry,TIER,KEEP,HIGH,ESTABLISHED,No direct prerequisite.,"Unlocks: bâtiment:building_banana_plantation, bâtiment:building_coffee_plantation, bâtiment:building_dye_plantation, bâtiment:building_livestock_ranch, bâtiment:building_maize_farm, bâtiment:building_millet_farm, bâtiment:building_opium_plantation, bâtiment:building_rice_farm, bâtiment:building_rye_farm, bâtiment:building_silk_plantation, bâtiment:building_spice_plantation, bâtiment:building_sugar_plantation, bâtiment:building_tea_plantation, bâtiment:building_tobacco_plantation, bâtiment:building_vineyard, bâtiment:building_wheat_farm, décret:decree_encourage_agricultural_industry; Modifier: no","Le nœud représente un socle agricole/élevage amélioré, compatible avec les pratiques établies de Denmark en 1776.",https://lex.dk/S%C3%B8v%C3%A6rnets_historie,https://royalacademy.dk/tidslinje/
DEN,Denmark,Northern Europe,Denmark proper,tier_4,REPLACE_WITH_EXPLICIT_SETUP,,organized_textile_production,TIER,KEEP,HIGH,ESTABLISHED,No direct prerequisite.,"Unlocks: PM:pm_craftsman_sewing, bâtiment:building_textile_mill; Modifier: no",Production textile artisanale/proto-industrielle établie; le nœud ne suppose pas encore la mécanisation britannique.,https://lex.dk/S%C3%B8v%C3%A6rnets_historie,https://royalacademy.dk/tidslinje/
DEN,Denmark,Northern Europe,Denmark proper,tier_4,REPLACE_WITH_EXPLICIT_SETUP,,shaft_mining,TIER,REMOVE,HIGH,ABSENT,No direct prerequisite.,"Unlocks: bâtiment:building_coal_mine, bâtiment:building_copper_mine, bâtiment:building_iron_mine, bâtiment:building_lead_mine, bâtiment:building_limestone_quarry, bâtiment:building_salt_mine, bâtiment:building_sulfur_mine, décret:decree_encourage_resource_industry; Modifier: no","Le Danemark propre ne possède pas les grands complexes miniers de Kongsberg/Røros, qui sont norvégiens. Conserver ce nœud dans DEN confondrait les capacités locales de DEN avec celles de DENNOR.",https://royalacademy.dk/tidslinje/,https://snl.no/Bergseminaret_p%C3%A5_Kongsberg
DEN,Denmark,Northern Europe,Denmark proper,tier_4,REPLACE_WITH_EXPLICIT_SETUP,,international_relations,TIER,KEEP,HIGH,ESTABLISHED,No direct prerequisite.,Unlocks: —; Modifier: no,Capacité diplomatique et relations extérieures institutionnalisées établies en 1776.,https://lex.dk/S%C3%B8v%C3%A6rnets_historie,https://royalacademy.dk/tidslinje/
DEN,Denmark,Northern Europe,Denmark proper,tier_4,REPLACE_WITH_EXPLICIT_SETUP,,codified_practical_knowledge,TIER,KEEP,HIGH,ESTABLISHED,"Prerequisites historically justified/recommended: institutionalized_scientific_exchange, periodical_print_networks.",Unlocks: —; Modifier: no,"Savoirs administratifs et pratiques codifiés plausibles, mais la chaîne de prérequis doit être historiquement vérifiée plutôt que complétée mécaniquement.",https://lex.dk/S%C3%B8v%C3%A6rnets_historie,https://royalacademy.dk/tidslinje/
DEN,Denmark,Northern Europe,Denmark proper,tier_4,REPLACE_WITH_EXPLICIT_SETUP,,systematic_administrative_statistics,TIER,KEEP,HIGH,ESTABLISHED,No direct prerequisite.,"Unlocks: bâtiment:building_government_administration, décret:decree_emergency_relief, décret:decree_road_maintenance; Modifier: yes: country_institution_home_affairs_max_investment_add, state_incorporation_speed_mult, state_tax_capacity_add",Appareil administratif capable de collecte/usage régulier de données; le degré de diffusion varie fortement selon les territoires.,https://lex.dk/S%C3%B8v%C3%A6rnets_historie,https://royalacademy.dk/tidslinje/
DEN,Denmark,Northern Europe,Denmark proper,tier_4,REPLACE_WITH_EXPLICIT_SETUP,,specialized_technical_academies,EXPLICIT,KEEP,HIGH,SECTORAL,Prerequisites historically justified/recommended: institutionalized_scientific_exchange.,Unlocks: bâtiment:building_university; Modifier: no,"L’Académie navale danoise, fondée en 1701, fournit une formation technique/navale spécialisée; la flotte du XVIIIe siècle repose sur des commissions et une expertise professionnelle.",https://lex.dk/S%C3%B8v%C3%A6rnets_historie,https://royalacademy.dk/tidslinje/
DEN,Denmark,Northern Europe,Denmark proper,tier_4,REPLACE_WITH_EXPLICIT_SETUP,,urbanization,TIER,KEEP,MEDIUM,ABSTRACT,No direct prerequisite.,"Unlocks: bâtiment:building_construction_sector, bâtiment:building_urban_center; Modifier: no",Nœud abstrait de compatibilité débloquant centres urbains/construction; présence de villes et de métiers de construction suffisante.,https://lex.dk/S%C3%B8v%C3%A6rnets_historie,https://royalacademy.dk/tidslinje/
DEN,Denmark,Northern Europe,Denmark proper,tier_4,REPLACE_WITH_EXPLICIT_SETUP,,enclosed_dock_systems,ABSENT,ADD,HIGH,ESTABLISHED,No direct prerequisite.,Unlocks: bâtiment:building_port; Modifier: no,La réorganisation navale du milieu du XVIIIe siècle comprend une cale sèche et l’expansion de Nyholm.,https://lex.dk/S%C3%B8v%C3%A6rnets_historie,https://www.forsvaret.dk/da/organisation/soevaernet/nyholm/lidt-historie/
DEN,Denmark,Northern Europe,Denmark proper,tier_4,REPLACE_WITH_EXPLICIT_SETUP,,scientific_fortification_siegecraft,ABSENT,ADD,MEDIUM,ESTABLISHED,No direct prerequisite.,"Unlocks: bâtiment:building_barrack, bâtiment:building_naval_fortification; Modifier: no",L’appareil militaire et naval professionnel possède ingénierie et fortifications; le parent de regulated_small_arms est justifié.,https://lex.dk/S%C3%B8v%C3%A6rnets_historie,https://www.forsvaret.dk/da/organisation/soevaernet/nyholm/lidt-historie/
DEN,Denmark,Northern Europe,Denmark proper,tier_4,REPLACE_WITH_EXPLICIT_SETUP,,state_dockyard_systems,ABSENT,ADD,HIGH,ESTABLISHED,No direct prerequisite.,"Unlocks: bâtiment:building_naval_administration, bâtiment:building_shipyard; Modifier: yes: country_admiral_rank_impact_mult","Nyholm est la base principale de la flotte avec chantier, magasins et expertise; arsenal d’État pleinement établi.",https://www.forsvaret.dk/da/organisation/soevaernet/nyholm/lidt-historie/,https://lex.dk/S%C3%B8v%C3%A6rnets_historie
DEN,Denmark,Northern Europe,Denmark proper,tier_4,REPLACE_WITH_EXPLICIT_SETUP,,scientific_naval_architecture,ABSENT,ADD,HIGH,ESTABLISHED,Prerequisites historically justified/recommended: state_dockyard_systems.,Unlocks: —; Modifier: no,La Konstruktionskommission et la formation des officiers structurent une architecture navale technique; Henrik Gerner est actif à partir de 1772.,https://lex.dk/S%C3%B8v%C3%A6rnets_historie,https://royalacademy.dk/tidslinje/
DEN,Denmark,Northern Europe,Denmark proper,tier_4,REPLACE_WITH_EXPLICIT_SETUP,,institutionalized_scientific_exchange,ABSENT,ADD,HIGH,ESTABLISHED,No direct prerequisite.,"Unlocks: loi:law_freedom_of_conscience; Modifier: yes: country_diplomatic_play_maneuvers_mult, country_influence_mult, country_tech_spread_mult",La Royal Danish Academy existe depuis 1742 et publie depuis 1745.,https://royalacademy.dk/tidslinje/,https://www.dst.dk/pubfile/3854/history
DEN,Denmark,Northern Europe,Denmark proper,tier_4,REPLACE_WITH_EXPLICIT_SETUP,,periodical_print_networks,ABSENT,ADD,MEDIUM,ESTABLISHED,No direct prerequisite.,"Unlocks: loi:law_censorship, loi:law_religious_schools; Modifier: yes: country_authority_mult, country_voting_power_mult",La publication scientifique régulière et l’imprimé périodique danois rendent le nœud établi à Copenhague et dans les grands centres.,https://royalacademy.dk/tidslinje/,https://www.dst.dk/pubfile/3854/history
DEN,Denmark,Northern Europe,Denmark proper,tier_4,REPLACE_WITH_EXPLICIT_SETUP,,systematic_population_registration,ABSENT,ADD,HIGH,FRONTIER,Prerequisites historically justified/recommended: systematic_administrative_statistics.,"Unlocks: PM:pm_horizontal_drawer_cabinets, loi:law_per_capita_based_taxation; Modifier: no","Le recensement de 1769 couvre la monarchie, y compris le Danemark; c’est une capacité institutionnelle directement attestée.",https://www.dst.dk/pubfile/3854/history,https://royalacademy.dk/tidslinje/
DEN,Denmark,Northern Europe,Denmark proper,tier_4,REPLACE_WITH_EXPLICIT_SETUP,,colonization,ABSENT,ADD,HIGH,ESTABLISHED,Prerequisites historically justified/recommended: international_relations.,"Unlocks: bâtiment:building_suez_canal, loi:law_colonial_exploitation, loi:law_colonial_resettlement, loi:law_extraction_economy, loi:law_frontier_colonization; Modifier: yes: country_infamy_generation_against_unrecognized_mult, country_institution_colonial_affairs_max_investment_add","Le Danemark possède en 1776 des colonies et comptoirs établis dans les Antilles, en Afrique et en Inde; le nœud colonial est donc institutionnellement réel.",https://en.natmus.dk/historical-knowledge/historical-themes/danish-colonies/,https://en.natmus.dk/historical-knowledge/historical-themes/danish-colonies/the-danish-west-indies/
DEN,Denmark,Northern Europe,Denmark proper,tier_4,REPLACE_WITH_EXPLICIT_SETUP,,systematic_cadastral_surveying,ABSENT,ADD,HIGH,FRONTIER,Prerequisites historically justified/recommended: systematic_administrative_statistics.,Unlocks: —; Modifier: no,L’Académie conduit une mesure géographique et trigonométrique du Danemark et du Schleswig-Holstein depuis 1761.,https://royalacademy.dk/tidslinje/,https://www.dst.dk/pubfile/3854/history
DENNOR,Denmark-Norway,Northern Europe,Composite monarchy,tier_4,KEEP_TIER,tier_4,regulated_small_arms,TIER,KEEP,HIGH,ESTABLISHED,Prerequisites historically justified/recommended: scientific_fortification_siegecraft.,"Unlocks: bâtiment:building_arms_industry, bâtiment:building_artillery_foundry; Modifier: no","Armes réglementaires et capacité d'approvisionnement militaire centralisé attestées, au moins dans les principaux arsenaux/centres.",https://lex.dk/S%C3%B8v%C3%A6rnets_historie,https://royalacademy.dk/tidslinje/
DENNOR,Denmark-Norway,Northern Europe,Composite monarchy,tier_4,KEEP_TIER,tier_4,light_infantry_tactics,TIER,KEEP,MEDIUM,SECTORAL,Prerequisites historically justified/recommended: regulated_small_arms.,Unlocks: —; Modifier: yes: unit_experience_gain_mult,Tactiques d'infanterie légère présentes ou émergentes dans les armées régulières; nœud frontière à traiter comme sectoriel.,https://lex.dk/S%C3%B8v%C3%A6rnets_historie,https://royalacademy.dk/tidslinje/
DENNOR,Denmark-Norway,Northern Europe,Composite monarchy,tier_4,KEEP_TIER,tier_4,standardized_field_artillery,TIER,KEEP,MEDIUM,SECTORAL,Prerequisites historically justified/recommended: regulated_small_arms.,Unlocks: PM:pm_cannons; Modifier: no,Artillerie de campagne régulière et systèmes de pièces organisés attestés; nœud frontière mais plausible en 1776.,https://lex.dk/S%C3%B8v%C3%A6rnets_historie,https://royalacademy.dk/tidslinje/
DENNOR,Denmark-Norway,Northern Europe,Composite monarchy,tier_4,KEEP_TIER,tier_4,distillation,TIER,KEEP,HIGH,ESTABLISHED,No direct prerequisite.,"Unlocks: PM:pm_pot_stills, PM:pm_spiced_food_preparations; Modifier: no",La distillation est une technique préindustrielle établie; aucun indice ne justifie de retirer ce socle à Denmark-Norway.,https://lex.dk/S%C3%B8v%C3%A6rnets_historie,https://royalacademy.dk/tidslinje/
DENNOR,Denmark-Norway,Northern Europe,Composite monarchy,tier_4,KEEP_TIER,tier_4,improved_husbandry,TIER,KEEP,HIGH,ESTABLISHED,No direct prerequisite.,"Unlocks: bâtiment:building_banana_plantation, bâtiment:building_coffee_plantation, bâtiment:building_dye_plantation, bâtiment:building_livestock_ranch, bâtiment:building_maize_farm, bâtiment:building_millet_farm, bâtiment:building_opium_plantation, bâtiment:building_rice_farm, bâtiment:building_rye_farm, bâtiment:building_silk_plantation, bâtiment:building_spice_plantation, bâtiment:building_sugar_plantation, bâtiment:building_tea_plantation, bâtiment:building_tobacco_plantation, bâtiment:building_vineyard, bâtiment:building_wheat_farm, décret:decree_encourage_agricultural_industry; Modifier: no","Le nœud représente un socle agricole/élevage amélioré, compatible avec les pratiques établies de Denmark-Norway en 1776.",https://lex.dk/S%C3%B8v%C3%A6rnets_historie,https://royalacademy.dk/tidslinje/
DENNOR,Denmark-Norway,Northern Europe,Composite monarchy,tier_4,KEEP_TIER,tier_4,organized_textile_production,TIER,KEEP,HIGH,ESTABLISHED,No direct prerequisite.,"Unlocks: PM:pm_craftsman_sewing, bâtiment:building_textile_mill; Modifier: no",Production textile artisanale/proto-industrielle établie; le nœud ne suppose pas encore la mécanisation britannique.,https://lex.dk/S%C3%B8v%C3%A6rnets_historie,https://royalacademy.dk/tidslinje/
DENNOR,Denmark-Norway,Northern Europe,Composite monarchy,tier_4,KEEP_TIER,tier_4,shaft_mining,TIER,KEEP,HIGH,ESTABLISHED,No direct prerequisite.,"Unlocks: bâtiment:building_coal_mine, bâtiment:building_copper_mine, bâtiment:building_iron_mine, bâtiment:building_lead_mine, bâtiment:building_limestone_quarry, bâtiment:building_salt_mine, bâtiment:building_sulfur_mine, décret:decree_encourage_resource_industry; Modifier: no",Exploitation minière en puits ou industrie extractive organisée attestée à l'échelle pertinente de Denmark-Norway.,https://lex.dk/S%C3%B8v%C3%A6rnets_historie,https://royalacademy.dk/tidslinje/
DENNOR,Denmark-Norway,Northern Europe,Composite monarchy,tier_4,KEEP_TIER,tier_4,international_relations,TIER,KEEP,HIGH,ESTABLISHED,No direct prerequisite.,Unlocks: —; Modifier: no,Capacité diplomatique et relations extérieures institutionnalisées établies en 1776.,https://lex.dk/S%C3%B8v%C3%A6rnets_historie,https://royalacademy.dk/tidslinje/
DENNOR,Denmark-Norway,Northern Europe,Composite monarchy,tier_4,KEEP_TIER,tier_4,codified_practical_knowledge,TIER,KEEP,HIGH,ESTABLISHED,"Prerequisites historically justified/recommended: institutionalized_scientific_exchange, periodical_print_networks.",Unlocks: —; Modifier: no,"Savoirs administratifs et pratiques codifiés plausibles, mais la chaîne de prérequis doit être historiquement vérifiée plutôt que complétée mécaniquement.",https://lex.dk/S%C3%B8v%C3%A6rnets_historie,https://royalacademy.dk/tidslinje/
DENNOR,Denmark-Norway,Northern Europe,Composite monarchy,tier_4,KEEP_TIER,tier_4,systematic_administrative_statistics,TIER,KEEP,HIGH,ESTABLISHED,No direct prerequisite.,"Unlocks: bâtiment:building_government_administration, décret:decree_emergency_relief, décret:decree_road_maintenance; Modifier: yes: country_institution_home_affairs_max_investment_add, state_incorporation_speed_mult, state_tax_capacity_add",Appareil administratif capable de collecte/usage régulier de données; le degré de diffusion varie fortement selon les territoires.,https://lex.dk/S%C3%B8v%C3%A6rnets_historie,https://royalacademy.dk/tidslinje/
DENNOR,Denmark-Norway,Northern Europe,Composite monarchy,tier_4,KEEP_TIER,tier_4,specialized_technical_academies,EXPLICIT,KEEP,HIGH,ESTABLISHED,Prerequisites historically justified/recommended: institutionalized_scientific_exchange.,Unlocks: bâtiment:building_university; Modifier: no,Le nœud est soutenu à la fois par la formation navale à Copenhague et par le Bergseminaret de Kongsberg (1757).,https://lex.dk/S%C3%B8v%C3%A6rnets_historie,https://snl.no/Bergseminaret_p%C3%A5_Kongsberg
DENNOR,Denmark-Norway,Northern Europe,Composite monarchy,tier_4,KEEP_TIER,tier_4,colonization,EXPLICIT,KEEP,HIGH,ESTABLISHED,Prerequisites historically justified/recommended: international_relations.,"Unlocks: bâtiment:building_suez_canal, loi:law_colonial_exploitation, loi:law_colonial_resettlement, loi:law_extraction_economy, loi:law_frontier_colonization; Modifier: yes: country_infamy_generation_against_unrecognized_mult, country_institution_colonial_affairs_max_investment_add","La monarchie dano-norvégienne possède un appareil colonial actif en 1776, avec Antilles danoises et établissements asiatiques.",https://en.natmus.dk/historical-knowledge/historical-themes/danish-colonies/,https://en.natmus.dk/historical-knowledge/historical-knowledge-the-world/asia/india/the-history-of-serampore/
DENNOR,Denmark-Norway,Northern Europe,Composite monarchy,tier_4,KEEP_TIER,tier_4,urbanization,TIER,KEEP,MEDIUM,ABSTRACT,No direct prerequisite.,"Unlocks: bâtiment:building_construction_sector, bâtiment:building_urban_center; Modifier: no",Nœud abstrait de compatibilité débloquant centres urbains/construction; présence de villes et de métiers de construction suffisante.,https://lex.dk/S%C3%B8v%C3%A6rnets_historie,https://royalacademy.dk/tidslinje/
DENNOR,Denmark-Norway,Northern Europe,Composite monarchy,tier_4,KEEP_TIER,tier_4,enclosed_dock_systems,ABSENT,ADD,HIGH,ESTABLISHED,No direct prerequisite.,Unlocks: bâtiment:building_port; Modifier: no,Cale sèche et infrastructures de la flotte à Copenhague: capacité de la monarchie pleinement établie.,https://lex.dk/S%C3%B8v%C3%A6rnets_historie,https://www.forsvaret.dk/da/organisation/soevaernet/nyholm/lidt-historie/
DENNOR,Denmark-Norway,Northern Europe,Composite monarchy,tier_4,KEEP_TIER,tier_4,scientific_fortification_siegecraft,ABSENT,ADD,MEDIUM,ESTABLISHED,No direct prerequisite.,"Unlocks: bâtiment:building_barrack, bâtiment:building_naval_fortification; Modifier: no","Fortifications, artillerie et formation militaire structurée justifient le parent des armes réglementaires.",https://lex.dk/S%C3%B8v%C3%A6rnets_historie,https://snl.no/Fredriksvern_verft
DENNOR,Denmark-Norway,Northern Europe,Composite monarchy,tier_4,KEEP_TIER,tier_4,state_dockyard_systems,ABSENT,ADD,HIGH,ESTABLISHED,No direct prerequisite.,"Unlocks: bâtiment:building_naval_administration, bâtiment:building_shipyard; Modifier: yes: country_admiral_rank_impact_mult",Nyholm et l’administration de la flotte forment un arsenal d’État mature.,https://www.forsvaret.dk/da/organisation/soevaernet/nyholm/lidt-historie/,https://lex.dk/S%C3%B8v%C3%A6rnets_historie
DENNOR,Denmark-Norway,Northern Europe,Composite monarchy,tier_4,KEEP_TIER,tier_4,scientific_naval_architecture,ABSENT,ADD,HIGH,ESTABLISHED,Prerequisites historically justified/recommended: state_dockyard_systems.,Unlocks: —; Modifier: no,La construction navale est organisée par commissions et officiers spécialisés; Gerner est actif depuis 1772.,https://lex.dk/S%C3%B8v%C3%A6rnets_historie,https://royalacademy.dk/tidslinje/
DENNOR,Denmark-Norway,Northern Europe,Composite monarchy,tier_4,KEEP_TIER,tier_4,applied_mineralogy,ABSENT,ADD,HIGH,SECTORAL,Prerequisites historically justified/recommended: shaft_mining.,"Unlocks: bâtiment:building_gold_field, bâtiment:building_gold_mine, bâtiment:building_phosphate_mine; Modifier: no",Kongsberg et son séminaire technique rendent la minéralogie appliquée fortement établie dans la composante norvégienne de la monarchie.,https://snl.no/Bergseminaret_p%C3%A5_Kongsberg,https://snl.no/Moss_Jernverk
DENNOR,Denmark-Norway,Northern Europe,Composite monarchy,tier_4,KEEP_TIER,tier_4,institutionalized_scientific_exchange,ABSENT,ADD,HIGH,ESTABLISHED,No direct prerequisite.,"Unlocks: loi:law_freedom_of_conscience; Modifier: yes: country_diplomatic_play_maneuvers_mult, country_influence_mult, country_tech_spread_mult",Académie danoise (1742) et société scientifique norvégienne (1760/1767) forment un réseau savant réel.,https://royalacademy.dk/tidslinje/,https://snl.no/Det_Kongelige_Norske_Videnskabers_Selskab
DENNOR,Denmark-Norway,Northern Europe,Composite monarchy,tier_4,KEEP_TIER,tier_4,periodical_print_networks,ABSENT,ADD,HIGH,ESTABLISHED,No direct prerequisite.,"Unlocks: loi:law_censorship, loi:law_religious_schools; Modifier: yes: country_authority_mult, country_voting_power_mult","Publications savantes et presse périodique existent dans plusieurs centres de la monarchie, dont la Norvège dès 1763.",https://royalacademy.dk/tidslinje/,https://snl.no/norsk_presses_historie
DENNOR,Denmark-Norway,Northern Europe,Composite monarchy,tier_4,KEEP_TIER,tier_4,systematic_population_registration,ABSENT,ADD,HIGH,FRONTIER,Prerequisites historically justified/recommended: systematic_administrative_statistics.,"Unlocks: PM:pm_horizontal_drawer_cabinets, loi:law_per_capita_based_taxation; Modifier: no",Le recensement de 1769 couvre explicitement Danemark et Norvège ainsi que d’autres possessions.,https://www.dst.dk/pubfile/3854/history,https://snl.no/Det_Kongelige_Norske_Videnskabers_Selskab
DENNOR,Denmark-Norway,Northern Europe,Composite monarchy,tier_4,KEEP_TIER,tier_4,systematic_cadastral_surveying,ABSENT,ADD,HIGH,FRONTIER,Prerequisites historically justified/recommended: systematic_administrative_statistics.,Unlocks: —; Modifier: no,"Les levés trigonométriques menés depuis 1761 constituent une capacité de la monarchie, même si leur couverture est progressive.",https://royalacademy.dk/tidslinje/,https://www.dst.dk/pubfile/3854/history
NOR,Norway,Northern Europe,Norway under Denmark-Norway,tier_4,KEEP_TIER,tier_4,regulated_small_arms,TIER,KEEP,HIGH,ESTABLISHED,Prerequisites historically justified/recommended: scientific_fortification_siegecraft.,"Unlocks: bâtiment:building_arms_industry, bâtiment:building_artillery_foundry; Modifier: no","Armes réglementaires et capacité d'approvisionnement militaire centralisé attestées, au moins dans les principaux arsenaux/centres.",https://snl.no/Bergseminaret_p%C3%A5_Kongsberg,https://snl.no/Det_Kongelige_Norske_Videnskabers_Selskab
NOR,Norway,Northern Europe,Norway under Denmark-Norway,tier_4,KEEP_TIER,tier_4,light_infantry_tactics,TIER,KEEP,MEDIUM,SECTORAL,Prerequisites historically justified/recommended: regulated_small_arms.,Unlocks: —; Modifier: yes: unit_experience_gain_mult,Tactiques d'infanterie légère présentes ou émergentes dans les armées régulières; nœud frontière à traiter comme sectoriel.,https://snl.no/Bergseminaret_p%C3%A5_Kongsberg,https://snl.no/Det_Kongelige_Norske_Videnskabers_Selskab
NOR,Norway,Northern Europe,Norway under Denmark-Norway,tier_4,KEEP_TIER,tier_4,standardized_field_artillery,TIER,KEEP,MEDIUM,SECTORAL,Prerequisites historically justified/recommended: regulated_small_arms.,Unlocks: PM:pm_cannons; Modifier: no,Artillerie de campagne régulière et systèmes de pièces organisés attestés; nœud frontière mais plausible en 1776.,https://snl.no/Bergseminaret_p%C3%A5_Kongsberg,https://snl.no/Det_Kongelige_Norske_Videnskabers_Selskab
NOR,Norway,Northern Europe,Norway under Denmark-Norway,tier_4,KEEP_TIER,tier_4,distillation,TIER,KEEP,HIGH,ESTABLISHED,No direct prerequisite.,"Unlocks: PM:pm_pot_stills, PM:pm_spiced_food_preparations; Modifier: no",La distillation est une technique préindustrielle établie; aucun indice ne justifie de retirer ce socle à Norway.,https://snl.no/Bergseminaret_p%C3%A5_Kongsberg,https://snl.no/Det_Kongelige_Norske_Videnskabers_Selskab
NOR,Norway,Northern Europe,Norway under Denmark-Norway,tier_4,KEEP_TIER,tier_4,improved_husbandry,TIER,KEEP,HIGH,ESTABLISHED,No direct prerequisite.,"Unlocks: bâtiment:building_banana_plantation, bâtiment:building_coffee_plantation, bâtiment:building_dye_plantation, bâtiment:building_livestock_ranch, bâtiment:building_maize_farm, bâtiment:building_millet_farm, bâtiment:building_opium_plantation, bâtiment:building_rice_farm, bâtiment:building_rye_farm, bâtiment:building_silk_plantation, bâtiment:building_spice_plantation, bâtiment:building_sugar_plantation, bâtiment:building_tea_plantation, bâtiment:building_tobacco_plantation, bâtiment:building_vineyard, bâtiment:building_wheat_farm, décret:decree_encourage_agricultural_industry; Modifier: no","Le nœud représente un socle agricole/élevage amélioré, compatible avec les pratiques établies de Norway en 1776.",https://snl.no/Bergseminaret_p%C3%A5_Kongsberg,https://snl.no/Det_Kongelige_Norske_Videnskabers_Selskab
NOR,Norway,Northern Europe,Norway under Denmark-Norway,tier_4,KEEP_TIER,tier_4,organized_textile_production,TIER,KEEP,HIGH,ESTABLISHED,No direct prerequisite.,"Unlocks: PM:pm_craftsman_sewing, bâtiment:building_textile_mill; Modifier: no",Production textile artisanale/proto-industrielle établie; le nœud ne suppose pas encore la mécanisation britannique.,https://snl.no/Bergseminaret_p%C3%A5_Kongsberg,https://snl.no/Det_Kongelige_Norske_Videnskabers_Selskab
NOR,Norway,Northern Europe,Norway under Denmark-Norway,tier_4,KEEP_TIER,tier_4,shaft_mining,TIER,KEEP,HIGH,ESTABLISHED,No direct prerequisite.,"Unlocks: bâtiment:building_coal_mine, bâtiment:building_copper_mine, bâtiment:building_iron_mine, bâtiment:building_lead_mine, bâtiment:building_limestone_quarry, bâtiment:building_salt_mine, bâtiment:building_sulfur_mine, décret:decree_encourage_resource_industry; Modifier: no",Exploitation minière en puits ou industrie extractive organisée attestée à l'échelle pertinente de Norway.,https://snl.no/Bergseminaret_p%C3%A5_Kongsberg,https://snl.no/Det_Kongelige_Norske_Videnskabers_Selskab
NOR,Norway,Northern Europe,Norway under Denmark-Norway,tier_4,KEEP_TIER,tier_4,international_relations,TIER,KEEP,HIGH,ESTABLISHED,No direct prerequisite.,Unlocks: —; Modifier: no,Capacité diplomatique et relations extérieures institutionnalisées établies en 1776.,https://snl.no/Bergseminaret_p%C3%A5_Kongsberg,https://snl.no/Det_Kongelige_Norske_Videnskabers_Selskab
NOR,Norway,Northern Europe,Norway under Denmark-Norway,tier_4,KEEP_TIER,tier_4,codified_practical_knowledge,TIER,KEEP,HIGH,ESTABLISHED,"Prerequisites historically justified/recommended: institutionalized_scientific_exchange, periodical_print_networks.",Unlocks: —; Modifier: no,"Savoirs administratifs et pratiques codifiés plausibles, mais la chaîne de prérequis doit être historiquement vérifiée plutôt que complétée mécaniquement.",https://snl.no/Bergseminaret_p%C3%A5_Kongsberg,https://snl.no/Det_Kongelige_Norske_Videnskabers_Selskab
NOR,Norway,Northern Europe,Norway under Denmark-Norway,tier_4,KEEP_TIER,tier_4,systematic_administrative_statistics,TIER,KEEP,HIGH,ESTABLISHED,No direct prerequisite.,"Unlocks: bâtiment:building_government_administration, décret:decree_emergency_relief, décret:decree_road_maintenance; Modifier: yes: country_institution_home_affairs_max_investment_add, state_incorporation_speed_mult, state_tax_capacity_add",Appareil administratif capable de collecte/usage régulier de données; le degré de diffusion varie fortement selon les territoires.,https://snl.no/Bergseminaret_p%C3%A5_Kongsberg,https://snl.no/Det_Kongelige_Norske_Videnskabers_Selskab
NOR,Norway,Northern Europe,Norway under Denmark-Norway,tier_4,KEEP_TIER,tier_4,specialized_technical_academies,EXPLICIT,KEEP,HIGH,ESTABLISHED,Prerequisites historically justified/recommended: institutionalized_scientific_exchange.,Unlocks: bâtiment:building_university; Modifier: no,"Le Bergseminaret de Kongsberg, créé en 1757, est un établissement supérieur technique consacré aux mines, à la métallurgie et aux disciplines d’ingénierie.",https://snl.no/Bergseminaret_p%C3%A5_Kongsberg,https://snl.no/Det_Kongelige_Norske_Videnskabers_Selskab
NOR,Norway,Northern Europe,Norway under Denmark-Norway,tier_4,KEEP_TIER,tier_4,urbanization,TIER,KEEP,MEDIUM,ABSTRACT,No direct prerequisite.,"Unlocks: bâtiment:building_construction_sector, bâtiment:building_urban_center; Modifier: no",Nœud abstrait de compatibilité débloquant centres urbains/construction; présence de villes et de métiers de construction suffisante.,https://snl.no/Bergseminaret_p%C3%A5_Kongsberg,https://snl.no/Det_Kongelige_Norske_Videnskabers_Selskab
NOR,Norway,Northern Europe,Norway under Denmark-Norway,tier_4,KEEP_TIER,tier_4,enclosed_dock_systems,ABSENT,REVIEW,LOW,SECTORAL,No direct prerequisite.,Unlocks: bâtiment:building_port; Modifier: no,"La présence d’un chantier naval permanent est sûre, mais les sources utilisées ne démontrent pas assez précisément un système de bassins fermés comparable au nœud.",https://snl.no/Fredriksvern_verft,https://lex.dk/S%C3%B8v%C3%A6rnets_historie
NOR,Norway,Northern Europe,Norway under Denmark-Norway,tier_4,KEEP_TIER,tier_4,scientific_fortification_siegecraft,ABSENT,ADD,MEDIUM,ESTABLISHED,No direct prerequisite.,"Unlocks: bâtiment:building_barrack, bâtiment:building_naval_fortification; Modifier: no",Forteresses et appareil militaire danois-norvégien sont présents localement; parent plausible des armes/artillerie.,https://snl.no/Fredriksvern_verft,https://snl.no/Moss_Jernverk
NOR,Norway,Northern Europe,Norway under Denmark-Norway,tier_4,KEEP_TIER,tier_4,state_dockyard_systems,ABSENT,ADD,HIGH,ESTABLISHED,No direct prerequisite.,"Unlocks: bâtiment:building_naval_administration, bâtiment:building_shipyard; Modifier: yes: country_admiral_rank_impact_mult",Fredriksvern est créé en 1750 comme chantier de galères et station navale principale; capacité navale d’État locale.,https://snl.no/Fredriksvern_verft,https://lex.dk/S%C3%B8v%C3%A6rnets_historie
NOR,Norway,Northern Europe,Norway under Denmark-Norway,tier_4,KEEP_TIER,tier_4,scientific_naval_architecture,ABSENT,REVIEW,MEDIUM,SECTORAL,Prerequisites historically justified/recommended: state_dockyard_systems.,Unlocks: —; Modifier: no,"Construction navale locale et expertise de la monarchie sont réelles, mais la preuve d’une école locale d’architecture navale scientifique est moins directe.",https://snl.no/Fredriksvern_verft,https://lex.dk/S%C3%B8v%C3%A6rnets_historie
NOR,Norway,Northern Europe,Norway under Denmark-Norway,tier_4,KEEP_TIER,tier_4,applied_mineralogy,ABSENT,ADD,HIGH,SECTORAL,Prerequisites historically justified/recommended: shaft_mining.,"Unlocks: bâtiment:building_gold_field, bâtiment:building_gold_mine, bâtiment:building_phosphate_mine; Modifier: no",Kongsberg combine exploitation minière à grande échelle et enseignement de minéralogie/métallurgie.,https://snl.no/Bergseminaret_p%C3%A5_Kongsberg,https://snl.no/Moss_Jernverk
NOR,Norway,Northern Europe,Norway under Denmark-Norway,tier_4,KEEP_TIER,tier_4,institutionalized_scientific_exchange,ABSENT,ADD,HIGH,ESTABLISHED,No direct prerequisite.,"Unlocks: loi:law_freedom_of_conscience; Modifier: yes: country_diplomatic_play_maneuvers_mult, country_influence_mult, country_tech_spread_mult","La Société royale norvégienne des sciences et lettres est fondée en 1760, publie dès 1761 et reçoit le statut royal en 1767.",https://snl.no/Det_Kongelige_Norske_Videnskabers_Selskab,https://snl.no/norsk_presses_historie
NOR,Norway,Northern Europe,Norway under Denmark-Norway,tier_4,KEEP_TIER,tier_4,periodical_print_networks,ABSENT,ADD,HIGH,ESTABLISHED,No direct prerequisite.,"Unlocks: loi:law_censorship, loi:law_religious_schools; Modifier: yes: country_authority_mult, country_voting_power_mult","La première presse norvégienne paraît en 1763, suivie d’autres journaux à Bergen et Trondheim avant 1776.",https://snl.no/norsk_presses_historie,https://snl.no/Det_Kongelige_Norske_Videnskabers_Selskab
NOR,Norway,Northern Europe,Norway under Denmark-Norway,tier_4,KEEP_TIER,tier_4,systematic_population_registration,ABSENT,ADD,HIGH,FRONTIER,Prerequisites historically justified/recommended: systematic_administrative_statistics.,"Unlocks: PM:pm_horizontal_drawer_cabinets, loi:law_per_capita_based_taxation; Modifier: no",La Norvège est explicitement couverte par le recensement de 1769 de la monarchie.,https://www.dst.dk/pubfile/3854/history,https://snl.no/Det_Kongelige_Norske_Videnskabers_Selskab
FIN,Finland,Northern Europe,Finland under Sweden,tier_2,REPLACE_WITH_EXPLICIT_SETUP,,enclosed_dock_systems,TIER,KEEP,HIGH,ESTABLISHED,No direct prerequisite.,Unlocks: bâtiment:building_port; Modifier: no,Sveaborg comprend une cale sèche destinée à construire les navires de la flotte de l’archipel dès le milieu du XVIIIe siècle.,https://suomenlinna.fi/en/explore/history/,https://www.sjohistoriska.se/en/explore/collections/archives/ritningar/fredrik-henrik-af-chapman
FIN,Finland,Northern Europe,Finland under Sweden,tier_2,REPLACE_WITH_EXPLICIT_SETUP,,scientific_fortification_siegecraft,TIER,KEEP,HIGH,ESTABLISHED,No direct prerequisite.,"Unlocks: bâtiment:building_barrack, bâtiment:building_naval_fortification; Modifier: no",Sveaborg est précisément une grande forteresse maritime planifiée et construite à partir de 1748.,https://suomenlinna.fi/en/explore/history/,https://www.artillerimuseet.se/sv-SE/english-deutsch/english/history-of-artillery-45539508
FIN,Finland,Northern Europe,Finland under Sweden,tier_2,REPLACE_WITH_EXPLICIT_SETUP,,state_dockyard_systems,TIER,KEEP,HIGH,ESTABLISHED,No direct prerequisite.,"Unlocks: bâtiment:building_naval_administration, bâtiment:building_shipyard; Modifier: yes: country_admiral_rank_impact_mult",La base navale et le chantier de Sveaborg constituent un système d’arsenal public suédois implanté en Finlande.,https://suomenlinna.fi/en/explore/history/,https://www.sjohistoriska.se/en/explore/collections/archives/ritningar/fredrik-henrik-af-chapman
FIN,Finland,Northern Europe,Finland under Sweden,tier_2,REPLACE_WITH_EXPLICIT_SETUP,,coke_smelting,TIER,REMOVE,HIGH,ABSENT,Prerequisites historically justified/recommended: organized_forestry.,"Unlocks: bâtiment:building_steel_mill, bâtiment:building_tooling_workshop; Modifier: no",Le nœud représente la fonte au coke; la sidérurgie nordique repose encore essentiellement sur le charbon de bois. Aucune implantation finlandaise comparable n’est établie en 1776.,https://www.jernkontoret.se/en/the-steel-industry/the-history-of-swedish-steel-industry/,https://suomenlinna.fi/en/explore/history/
FIN,Finland,Northern Europe,Finland under Sweden,tier_2,REPLACE_WITH_EXPLICIT_SETUP,,distillation,TIER,KEEP,HIGH,ESTABLISHED,No direct prerequisite.,"Unlocks: PM:pm_pot_stills, PM:pm_spiced_food_preparations; Modifier: no",La distillation est une technique préindustrielle établie; aucun indice ne justifie de retirer ce socle à Finland.,https://suomenlinna.fi/en/explore/history/,https://www.utu.fi/en/university/history
FIN,Finland,Northern Europe,Finland under Sweden,tier_2,REPLACE_WITH_EXPLICIT_SETUP,,improved_husbandry,TIER,KEEP,HIGH,ESTABLISHED,No direct prerequisite.,"Unlocks: bâtiment:building_banana_plantation, bâtiment:building_coffee_plantation, bâtiment:building_dye_plantation, bâtiment:building_livestock_ranch, bâtiment:building_maize_farm, bâtiment:building_millet_farm, bâtiment:building_opium_plantation, bâtiment:building_rice_farm, bâtiment:building_rye_farm, bâtiment:building_silk_plantation, bâtiment:building_spice_plantation, bâtiment:building_sugar_plantation, bâtiment:building_tea_plantation, bâtiment:building_tobacco_plantation, bâtiment:building_vineyard, bâtiment:building_wheat_farm, décret:decree_encourage_agricultural_industry; Modifier: no","Le nœud représente un socle agricole/élevage amélioré, compatible avec les pratiques établies de Finland en 1776.",https://suomenlinna.fi/en/explore/history/,https://www.utu.fi/en/university/history
FIN,Finland,Northern Europe,Finland under Sweden,tier_2,REPLACE_WITH_EXPLICIT_SETUP,,organized_forestry,TIER,KEEP,HIGH,ESTABLISHED,No direct prerequisite.,Unlocks: bâtiment:building_logging_camp; Modifier: no,Économie forestière et scieries hydrauliques sont établies en Finlande au XVIIIe siècle; le nœud de base est approprié.,https://www.upm.com/news-and-stories/articles/2019/06/upms-family-treefrom-the-roots-to-the-leaves/,https://suomenlinna.fi/en/explore/history/
FIN,Finland,Northern Europe,Finland under Sweden,tier_2,REPLACE_WITH_EXPLICIT_SETUP,,organized_textile_production,TIER,KEEP,HIGH,ESTABLISHED,No direct prerequisite.,"Unlocks: PM:pm_craftsman_sewing, bâtiment:building_textile_mill; Modifier: no",Production textile artisanale/proto-industrielle établie; le nœud ne suppose pas encore la mécanisation britannique.,https://suomenlinna.fi/en/explore/history/,https://www.utu.fi/en/university/history
FIN,Finland,Northern Europe,Finland under Sweden,tier_2,REPLACE_WITH_EXPLICIT_SETUP,,shaft_mining,TIER,REVIEW,MEDIUM,SECTORAL,No direct prerequisite.,"Unlocks: bâtiment:building_coal_mine, bâtiment:building_copper_mine, bâtiment:building_iron_mine, bâtiment:building_lead_mine, bâtiment:building_limestone_quarry, bâtiment:building_salt_mine, bâtiment:building_sulfur_mine, décret:decree_encourage_resource_industry; Modifier: no","La Finlande possède métallurgie et exploitations locales, mais le niveau exact correspondant aux mines en puits du nœud reste moins bien documenté que pour la Suède centrale ou Kongsberg.",https://www.nrm.se/engelska/in-english/collections/geological-collections---minerals/history-of-our-collections/the-bergskollegium-collection,https://www.utu.fi/en/university/history
FIN,Finland,Northern Europe,Finland under Sweden,tier_2,REPLACE_WITH_EXPLICIT_SETUP,,traditional_food_processing,TIER,KEEP,HIGH,ESTABLISHED,No direct prerequisite.,Unlocks: bâtiment:building_food_industry; Modifier: no,Transformation alimentaire traditionnelle: capacité de base sans implication industrielle moderne.,https://www.utu.fi/en/university/history,https://blogs.helsinki.fi/scriptaselecta/2021/01/11/porthan-kieli-kansakunta/
FIN,Finland,Northern Europe,Finland under Sweden,tier_2,REPLACE_WITH_EXPLICIT_SETUP,,traditional_papermaking,TIER,KEEP,MEDIUM,ESTABLISHED,Prerequisites historically justified/recommended: organized_forestry.,Unlocks: bâtiment:building_paper_mill; Modifier: no,Culture imprimée et institutions éducatives rendent la papeterie traditionnelle plausible; rien n’indique une technologie mécanisée.,https://blogs.helsinki.fi/scriptaselecta/2021/01/11/porthan-kieli-kansakunta/,https://www.utu.fi/en/university/history
FIN,Finland,Northern Europe,Finland under Sweden,tier_2,REPLACE_WITH_EXPLICIT_SETUP,,atmospheric_engine,TIER,REMOVE,HIGH,ABSENT,Do not repair prerequisites: technology itself is recommended for removal; missing/irrelevant parents: coke_smelting.,"Unlocks: PM:pm_atmospheric_engine_pump_building_coal_mine, PM:pm_atmospheric_engine_pump_building_copper_mine, PM:pm_atmospheric_engine_pump_building_gold_mine, PM:pm_atmospheric_engine_pump_building_iron_mine, PM:pm_atmospheric_engine_pump_building_lead_mine, PM:pm_atmospheric_engine_pump_building_phosphate_mine, PM:pm_atmospheric_engine_pump_building_salt_mine, PM:pm_atmospheric_engine_pump_building_sulfur_mine; Modifier: no",Le nœud débloque spécifiquement des pompes de mine à moteur atmosphérique. Aucune diffusion locale finlandaise comparable n’est établie en 1776.,https://suomenlinna.fi/en/explore/history/,https://www.jernkontoret.se/en/the-steel-industry/the-history-of-swedish-steel-industry/
FIN,Finland,Northern Europe,Finland under Sweden,tier_2,REPLACE_WITH_EXPLICIT_SETUP,,precision_boring,TIER,REMOVE,HIGH,ABSENT,"Do not repair prerequisites: technology itself is recommended for removal; missing/irrelevant parents: coke_smelting, atmospheric_engine.","Unlocks: PM:coffee_plantation_wet_process_manual, PM:molds, PM:pm_pig_iron; Modifier: no","L’alésage de précision du nœud dépend de la chaîne coke + moteur atmosphérique, elle-même injustifiée localement.",https://www.jernkontoret.se/en/the-steel-industry/the-history-of-swedish-steel-industry/,https://suomenlinna.fi/en/explore/history/
FIN,Finland,Northern Europe,Finland under Sweden,tier_2,REPLACE_WITH_EXPLICIT_SETUP,,institutionalized_public_credit,TIER,REMOVE,MEDIUM,ABSENT,No direct prerequisite.,"Unlocks: loi:law_merchant_banking; Modifier: yes: country_loan_interest_rate_add, country_minting_mult, state_max_trade_advantage_from_capacity_add",La Finlande n’est pas un État financier séparé en 1776; attribuer un crédit public national local autonome sur la seule base du tier est excessif.,https://www.utu.fi/en/university/history,https://www.scb.se/en/About-us/main-activity/history-of-statistics-sweden/?menu=open
FIN,Finland,Northern Europe,Finland under Sweden,tier_2,REPLACE_WITH_EXPLICIT_SETUP,,institutionalized_scientific_exchange,TIER,KEEP,HIGH,ESTABLISHED,No direct prerequisite.,"Unlocks: loi:law_freedom_of_conscience; Modifier: yes: country_diplomatic_play_maneuvers_mult, country_influence_mult, country_tech_spread_mult",L’Académie royale de Turku existe depuis 1640; elle fournit une institution savante locale durable.,https://www.utu.fi/en/university/history,https://blogs.helsinki.fi/scriptaselecta/2021/01/11/porthan-kieli-kansakunta/
FIN,Finland,Northern Europe,Finland under Sweden,tier_2,REPLACE_WITH_EXPLICIT_SETUP,,international_relations,TIER,REVIEW,MEDIUM,ABSTRACT,No direct prerequisite.,Unlocks: —; Modifier: no,"La compétence diplomatique appartient à Stockholm; un TAG Finlande jouable peut hériter de savoirs administratifs, mais ce n’est pas une capacité locale souveraine en 1776.",https://suomenlinna.fi/en/explore/history/,https://www.scb.se/en/About-us/main-activity/history-of-statistics-sweden/?menu=open
FIN,Finland,Northern Europe,Finland under Sweden,tier_2,REPLACE_WITH_EXPLICIT_SETUP,,periodical_print_networks,TIER,KEEP,HIGH,ESTABLISHED,No direct prerequisite.,"Unlocks: loi:law_censorship, loi:law_religious_schools; Modifier: yes: country_authority_mult, country_voting_power_mult",Une société savante et le premier journal finlandais paraissent à Turku à partir de 1771.,https://blogs.helsinki.fi/scriptaselecta/2021/01/11/porthan-kieli-kansakunta/,https://www.utu.fi/en/university/history
FIN,Finland,Northern Europe,Finland under Sweden,tier_2,REPLACE_WITH_EXPLICIT_SETUP,,commercial_insurance_markets,TIER,REMOVE,MEDIUM,ABSENT,Do not repair prerequisites: technology itself is recommended for removal; missing/irrelevant parents: institutionalized_public_credit.,"Unlocks: loi:law_mercantilism, loi:law_mercantilism_navigation_acts; Modifier: no",Aucun marché d’assurance commerciale finlandais autonome de l’ampleur du nœud n’est établi par les sources utilisées.,https://www.utu.fi/en/university/history,https://blogs.helsinki.fi/scriptaselecta/2021/01/11/porthan-kieli-kansakunta/
FIN,Finland,Northern Europe,Finland under Sweden,tier_2,REPLACE_WITH_EXPLICIT_SETUP,,stock_exchange,TIER,REMOVE,HIGH,ABSENT,Do not repair prerequisites: technology itself is recommended for removal; missing/irrelevant parents: institutionalized_public_credit.,"Unlocks: —; Modifier: yes: country_free_charters_add, country_max_companies_add, state_market_access_price_impact, state_urbanization_per_level_mult",Aucune bourse finlandaise comparable au nœud n’existe en 1776.,https://www.utu.fi/en/university/history,https://blogs.helsinki.fi/scriptaselecta/2021/01/11/porthan-kieli-kansakunta/
FIN,Finland,Northern Europe,Finland under Sweden,tier_2,REPLACE_WITH_EXPLICIT_SETUP,,scientific_naval_architecture,ABSENT,ADD,HIGH,SECTORAL,Prerequisites historically justified/recommended: state_dockyard_systems.,Unlocks: —; Modifier: no,Sveaborg sert de base à la flotte de l’archipel et s’insère dans le système de construction navale scientifique associé à Chapman.,https://suomenlinna.fi/en/explore/history/,https://www.sjohistoriska.se/en/explore/collections/archives/ritningar/fredrik-henrik-af-chapman
FIN,Finland,Northern Europe,Finland under Sweden,tier_2,REPLACE_WITH_EXPLICIT_SETUP,,systematic_administrative_statistics,ABSENT,ADD,HIGH,ESTABLISHED,No direct prerequisite.,"Unlocks: bâtiment:building_government_administration, décret:decree_emergency_relief, décret:decree_road_maintenance; Modifier: yes: country_institution_home_affairs_max_investment_add, state_incorporation_speed_mult, state_tax_capacity_add",La Finlande fait partie du système suédois de Tabellverket; les séries de population suédo-finlandaises commencent en 1749.,https://www.scb.se/en/About-us/main-activity/history-of-statistics-sweden/?menu=open,https://www.utu.fi/en/university/history
FIN,Finland,Northern Europe,Finland under Sweden,tier_2,REPLACE_WITH_EXPLICIT_SETUP,,systematic_population_registration,ABSENT,ADD,HIGH,FRONTIER,Prerequisites historically justified/recommended: systematic_administrative_statistics.,"Unlocks: PM:pm_horizontal_drawer_cabinets, loi:law_per_capita_based_taxation; Modifier: no",Le système paroissial et Tabellverket couvrent Suède et Finlande avant 1776; le nœud frontière est justifié.,https://www.scb.se/en/About-us/main-activity/history-of-statistics-sweden/?menu=open,https://www.utu.fi/en/university/history
FIN,Finland,Northern Europe,Finland under Sweden,tier_2,REPLACE_WITH_EXPLICIT_SETUP,,systematic_cadastral_surveying,ABSENT,ADD,MEDIUM,SECTORAL,Prerequisites historically justified/recommended: systematic_administrative_statistics.,Unlocks: —; Modifier: no,Le service cadastral suédois et ses méthodes opèrent dans le royaume; l’attribution locale finlandaise est plausible mais moins directement documentée dans les sources utilisées.,https://www.lantmateriet.se/sv/kartor/vara-karttjanster/Historiska-kartor/Arkiven-som-ingar/Lantmateristyrelsens-arkiv---LMS/,https://www.utu.fi/en/university/history
RUS,Russia,Eastern Europe,Russian Empire,tier_4,KEEP_TIER,tier_4,regulated_small_arms,TIER,KEEP,HIGH,ESTABLISHED,Prerequisites historically justified/recommended: scientific_fortification_siegecraft.,"Unlocks: bâtiment:building_arms_industry, bâtiment:building_artillery_foundry; Modifier: no",Tula est un arsenal d’État depuis 1712-1714; des échantillons standards y sont conservés dès 1715.,https://museum-arms.ru/about/history,https://www.cambridge.org/core/journals/international-labor-and-working-class-history/article/abs/proletarians-by-fiat-the-compulsory-ural-metallurgical-work-force-16301861/FC641C55CCDF44B0B8C632152F6D7687
RUS,Russia,Eastern Europe,Russian Empire,tier_4,KEEP_TIER,tier_4,light_infantry_tactics,TIER,KEEP,MEDIUM,SECTORAL,Prerequisites historically justified/recommended: regulated_small_arms.,Unlocks: —; Modifier: yes: unit_experience_gain_mult,Tactiques d'infanterie légère présentes ou émergentes dans les armées régulières; nœud frontière à traiter comme sectoriel.,https://www.cambridge.org/core/journals/international-labor-and-working-class-history/article/abs/proletarians-by-fiat-the-compulsory-ural-metallurgical-work-force-16301861/FC641C55CCDF44B0B8C632152F6D7687,https://museum-arms.ru/about/history
RUS,Russia,Eastern Europe,Russian Empire,tier_4,KEEP_TIER,tier_4,standardized_field_artillery,TIER,KEEP,MEDIUM,SECTORAL,Prerequisites historically justified/recommended: regulated_small_arms.,Unlocks: PM:pm_cannons; Modifier: no,Artillerie de campagne régulière et systèmes de pièces organisés attestés; nœud frontière mais plausible en 1776.,https://www.cambridge.org/core/journals/international-labor-and-working-class-history/article/abs/proletarians-by-fiat-the-compulsory-ural-metallurgical-work-force-16301861/FC641C55CCDF44B0B8C632152F6D7687,https://museum-arms.ru/about/history
RUS,Russia,Eastern Europe,Russian Empire,tier_4,KEEP_TIER,tier_4,distillation,TIER,KEEP,HIGH,ESTABLISHED,No direct prerequisite.,"Unlocks: PM:pm_pot_stills, PM:pm_spiced_food_preparations; Modifier: no",La distillation est une technique préindustrielle établie; aucun indice ne justifie de retirer ce socle à Russia.,https://www.cambridge.org/core/journals/international-labor-and-working-class-history/article/abs/proletarians-by-fiat-the-compulsory-ural-metallurgical-work-force-16301861/FC641C55CCDF44B0B8C632152F6D7687,https://museum-arms.ru/about/history
RUS,Russia,Eastern Europe,Russian Empire,tier_4,KEEP_TIER,tier_4,improved_husbandry,TIER,KEEP,HIGH,ESTABLISHED,No direct prerequisite.,"Unlocks: bâtiment:building_banana_plantation, bâtiment:building_coffee_plantation, bâtiment:building_dye_plantation, bâtiment:building_livestock_ranch, bâtiment:building_maize_farm, bâtiment:building_millet_farm, bâtiment:building_opium_plantation, bâtiment:building_rice_farm, bâtiment:building_rye_farm, bâtiment:building_silk_plantation, bâtiment:building_spice_plantation, bâtiment:building_sugar_plantation, bâtiment:building_tea_plantation, bâtiment:building_tobacco_plantation, bâtiment:building_vineyard, bâtiment:building_wheat_farm, décret:decree_encourage_agricultural_industry; Modifier: no","Le nœud représente un socle agricole/élevage amélioré, compatible avec les pratiques établies de Russia en 1776.",https://www.cambridge.org/core/journals/international-labor-and-working-class-history/article/abs/proletarians-by-fiat-the-compulsory-ural-metallurgical-work-force-16301861/FC641C55CCDF44B0B8C632152F6D7687,https://museum-arms.ru/about/history
RUS,Russia,Eastern Europe,Russian Empire,tier_4,KEEP_TIER,tier_4,organized_textile_production,TIER,KEEP,HIGH,ESTABLISHED,No direct prerequisite.,"Unlocks: PM:pm_craftsman_sewing, bâtiment:building_textile_mill; Modifier: no",Production textile artisanale/proto-industrielle établie; le nœud ne suppose pas encore la mécanisation britannique.,https://www.cambridge.org/core/journals/international-labor-and-working-class-history/article/abs/proletarians-by-fiat-the-compulsory-ural-metallurgical-work-force-16301861/FC641C55CCDF44B0B8C632152F6D7687,https://museum-arms.ru/about/history
RUS,Russia,Eastern Europe,Russian Empire,tier_4,KEEP_TIER,tier_4,shaft_mining,TIER,KEEP,HIGH,SECTORAL,No direct prerequisite.,"Unlocks: bâtiment:building_coal_mine, bâtiment:building_copper_mine, bâtiment:building_iron_mine, bâtiment:building_lead_mine, bâtiment:building_limestone_quarry, bâtiment:building_salt_mine, bâtiment:building_sulfur_mine, décret:decree_encourage_resource_industry; Modifier: no",L’Oural dispose de grands gisements et d’une exploitation métallurgique à grande échelle; capacité puissante mais concentrée géographiquement.,https://www.cambridge.org/core/journals/international-labor-and-working-class-history/article/abs/proletarians-by-fiat-the-compulsory-ural-metallurgical-work-force-16301861/FC641C55CCDF44B0B8C632152F6D7687,https://www.prlib.ru/node/619681
RUS,Russia,Eastern Europe,Russian Empire,tier_4,KEEP_TIER,tier_4,international_relations,TIER,KEEP,HIGH,ESTABLISHED,No direct prerequisite.,Unlocks: —; Modifier: no,Capacité diplomatique et relations extérieures institutionnalisées établies en 1776.,https://www.cambridge.org/core/journals/international-labor-and-working-class-history/article/abs/proletarians-by-fiat-the-compulsory-ural-metallurgical-work-force-16301861/FC641C55CCDF44B0B8C632152F6D7687,https://museum-arms.ru/about/history
RUS,Russia,Eastern Europe,Russian Empire,tier_4,KEEP_TIER,tier_4,codified_practical_knowledge,TIER,KEEP,HIGH,ESTABLISHED,"Prerequisites historically justified/recommended: institutionalized_scientific_exchange, periodical_print_networks.",Unlocks: —; Modifier: no,"Savoirs administratifs et pratiques codifiés plausibles, mais la chaîne de prérequis doit être historiquement vérifiée plutôt que complétée mécaniquement.",https://www.cambridge.org/core/journals/international-labor-and-working-class-history/article/abs/proletarians-by-fiat-the-compulsory-ural-metallurgical-work-force-16301861/FC641C55CCDF44B0B8C632152F6D7687,https://museum-arms.ru/about/history
RUS,Russia,Eastern Europe,Russian Empire,tier_4,KEEP_TIER,tier_4,systematic_administrative_statistics,TIER,KEEP,HIGH,SECTORAL,No direct prerequisite.,"Unlocks: bâtiment:building_government_administration, décret:decree_emergency_relief, décret:decree_road_maintenance; Modifier: yes: country_institution_home_affairs_max_investment_add, state_incorporation_speed_mult, state_tax_capacity_add","L’État impérial dispose d’outils fiscaux, recensements par révisions et administrations spécialisées, mais leur qualité/diffusion reste très inégale.",https://www.statmuseum.ru/en/cbook/statistics-in-the-russian-empire/peter-s-reforms-and-population-statistics/,https://old.bigenc.ru/domestic_history/text/2350140
RUS,Russia,Eastern Europe,Russian Empire,tier_4,KEEP_TIER,tier_4,colonization,EXPLICIT,KEEP,HIGH,ABSTRACT,Prerequisites historically justified/recommended: international_relations.,"Unlocks: bâtiment:building_suez_canal, loi:law_colonial_exploitation, loi:law_colonial_resettlement, loi:law_extraction_economy, loi:law_frontier_colonization; Modifier: yes: country_infamy_generation_against_unrecognized_mult, country_institution_colonial_affairs_max_investment_add",Le nœud abstrait correspond aux politiques de peuplement et d’expansion frontalière de l’Empire; il ne doit pas être lu comme une colonie maritime occidentale.,https://academic.oup.com/book/11102/chapter-abstract/159521036,https://old.bigenc.ru/domestic_history/text/2350140
RUS,Russia,Eastern Europe,Russian Empire,tier_4,KEEP_TIER,tier_4,systematic_legal_codification,EXPLICIT,REMOVE,HIGH,ABSENT,Prerequisites historically justified/recommended: systematic_administrative_statistics.,Unlocks: loi:law_tenant_farmers; Modifier: no,"La Commission législative de 1767-1768 ne produit aucun nouveau code; le Nakaz est un programme/instruction, pas une codification systématique accomplie au 1er janvier 1776.",https://www.encyclopedia.com/history/encyclopedias-almanacs-transcripts-and-maps/legislative-commission-1767-1768,https://www.prlib.ru/node/797541
RUS,Russia,Eastern Europe,Russian Empire,tier_4,KEEP_TIER,tier_4,urbanization,TIER,KEEP,MEDIUM,ABSTRACT,No direct prerequisite.,"Unlocks: bâtiment:building_construction_sector, bâtiment:building_urban_center; Modifier: no",Nœud abstrait de compatibilité débloquant centres urbains/construction; présence de villes et de métiers de construction suffisante.,https://www.cambridge.org/core/journals/international-labor-and-working-class-history/article/abs/proletarians-by-fiat-the-compulsory-ural-metallurgical-work-force-16301861/FC641C55CCDF44B0B8C632152F6D7687,https://museum-arms.ru/about/history
RUS,Russia,Eastern Europe,Russian Empire,tier_4,KEEP_TIER,tier_4,enclosed_dock_systems,ABSENT,ADD,MEDIUM,SECTORAL,No direct prerequisite.,Unlocks: bâtiment:building_port; Modifier: no,Les grands établissements navals de la Baltique impliquent des installations portuaires et de construction permanentes; le nœud est sectoriellement crédible.,https://www.prlib.ru/history/619267,https://academic.oup.com/book/11102/chapter-abstract/159521036
RUS,Russia,Eastern Europe,Russian Empire,tier_4,KEEP_TIER,tier_4,scientific_fortification_siegecraft,ABSENT,ADD,HIGH,ESTABLISHED,No direct prerequisite.,"Unlocks: bâtiment:building_barrack, bâtiment:building_naval_fortification; Modifier: no",L’armée impériale et les grands complexes fortifiés disposent d’ingénieurs et d’artillerie professionnels; parent historiquement justifié.,https://www.prlib.ru/history/619267,https://museum-arms.ru/about/history
RUS,Russia,Eastern Europe,Russian Empire,tier_4,KEEP_TIER,tier_4,state_dockyard_systems,ABSENT,ADD,HIGH,ESTABLISHED,No direct prerequisite.,"Unlocks: bâtiment:building_naval_administration, bâtiment:building_shipyard; Modifier: yes: country_admiral_rank_impact_mult",L’Amirauté de Saint-Pétersbourg est un grand chantier d’État depuis 1704; la capacité navale est institutionnalisée.,https://www.prlib.ru/history/619267,https://www.prlib.ru/node/619681
RUS,Russia,Eastern Europe,Russian Empire,tier_4,KEEP_TIER,tier_4,scientific_naval_architecture,ABSENT,ADD,HIGH,SECTORAL,Prerequisites historically justified/recommended: state_dockyard_systems.,Unlocks: —; Modifier: no,"La construction navale impériale utilise plans, modèles et organisation technique; capacité concentrée à Saint-Pétersbourg/Kronstadt.",https://www.prlib.ru/history/619267,https://www.prlib.ru/node/619681
RUS,Russia,Eastern Europe,Russian Empire,tier_4,KEEP_TIER,tier_4,armament_standardization_inspection,ABSENT,ADD,HIGH,SECTORAL,"Prerequisites historically justified/recommended: regulated_small_arms, standardized_field_artillery.",Unlocks: —; Modifier: no,Tula conserve des modèles standards d’armes dès 1715; cela correspond directement à une logique de standards et contrôles d’armement.,https://museum-arms.ru/about/history,https://www.cambridge.org/core/journals/international-labor-and-working-class-history/article/abs/proletarians-by-fiat-the-compulsory-ural-metallurgical-work-force-16301861/FC641C55CCDF44B0B8C632152F6D7687
RUS,Russia,Eastern Europe,Russian Empire,tier_4,KEEP_TIER,tier_4,atmospheric_engine,ABSENT,REVIEW,MEDIUM,SECTORAL,Missing after recommendation: coke_smelting. Do not auto-add; treat as abstraction or resolve later in the tree.,"Unlocks: PM:pm_atmospheric_engine_pump_building_coal_mine, PM:pm_atmospheric_engine_pump_building_copper_mine, PM:pm_atmospheric_engine_pump_building_gold_mine, PM:pm_atmospheric_engine_pump_building_iron_mine, PM:pm_atmospheric_engine_pump_building_lead_mine, PM:pm_atmospheric_engine_pump_building_phosphate_mine, PM:pm_atmospheric_engine_pump_building_salt_mine, PM:pm_atmospheric_engine_pump_building_sulfur_mine; Modifier: no","Polzunov démontre une machine à vapeur en Sibérie en 1766, mais ce cas isolé ne correspond pas au gameplay de pompes atmosphériques diffusées dans les mines; ne pas généraliser à l’Empire.",https://barnaul.org/news/proekt-k-290-letiyu-barnaula-znay-svoy-gorod-ivan-ivanovich-polzunov-geniy-inzhenernogo-dela.html,https://www.cambridge.org/core/journals/international-labor-and-working-class-history/article/abs/proletarians-by-fiat-the-compulsory-ural-metallurgical-work-force-16301861/FC641C55CCDF44B0B8C632152F6D7687
RUS,Russia,Eastern Europe,Russian Empire,tier_4,KEEP_TIER,tier_4,applied_mineralogy,ABSENT,ADD,HIGH,SECTORAL,Prerequisites historically justified/recommended: shaft_mining.,"Unlocks: bâtiment:building_gold_field, bâtiment:building_gold_mine, bâtiment:building_phosphate_mine; Modifier: no","L’industrie minière de l’Oural et l’École des mines démontrent une minéralogie/métallurgie appliquée institutionnelle, quoique sectorielle.",https://www.cambridge.org/core/journals/international-labor-and-working-class-history/article/abs/proletarians-by-fiat-the-compulsory-ural-metallurgical-work-force-16301861/FC641C55CCDF44B0B8C632152F6D7687,https://www.prlib.ru/node/619681
RUS,Russia,Eastern Europe,Russian Empire,tier_4,KEEP_TIER,tier_4,institutionalized_scientific_exchange,ABSENT,ADD,HIGH,SECTORAL,No direct prerequisite.,"Unlocks: loi:law_freedom_of_conscience; Modifier: yes: country_diplomatic_play_maneuvers_mult, country_influence_mult, country_tech_spread_mult",L’Empire possède des institutions savantes pétriniennes et un enseignement technique supérieur; diffusion surtout métropolitaine.,https://www.prlib.ru/node/619681,https://old.bigenc.ru/domestic_history/text/2350140
RUS,Russia,Eastern Europe,Russian Empire,tier_4,KEEP_TIER,tier_4,periodical_print_networks,ABSENT,ADD,MEDIUM,SECTORAL,No direct prerequisite.,"Unlocks: loi:law_censorship, loi:law_religious_schools; Modifier: yes: country_authority_mult, country_voting_power_mult",L’imprimé périodique et les publications savantes existent à Saint-Pétersbourg/Moscou; réseau réel mais très urbain et limité.,https://www.prlib.ru/node/619681,https://www.prlib.ru/node/797541
RUS,Russia,Eastern Europe,Russian Empire,tier_4,KEEP_TIER,tier_4,specialized_technical_academies,ABSENT,ADD,HIGH,FRONTIER,Prerequisites historically justified/recommended: institutionalized_scientific_exchange.,Unlocks: bâtiment:building_university; Modifier: no,"L’École des mines de Saint-Pétersbourg est fondée en 1773 pour mines, métallurgie et métallurgie de transformation; elle fonctionne avant 1776.",https://www.prlib.ru/node/619681,https://www.cambridge.org/core/journals/international-labor-and-working-class-history/article/abs/proletarians-by-fiat-the-compulsory-ural-metallurgical-work-force-16301861/FC641C55CCDF44B0B8C632152F6D7687
RUS,Russia,Eastern Europe,Russian Empire,tier_4,KEEP_TIER,tier_4,systematic_population_registration,ABSENT,ADD,HIGH,FRONTIER,Prerequisites historically justified/recommended: systematic_administrative_statistics.,"Unlocks: PM:pm_horizontal_drawer_cabinets, loi:law_per_capita_based_taxation; Modifier: no","Les «révisions des âmes» constituent des recensements nominaux fiscaux réguliers; incomplets socialement, mais assez institutionnalisés pour le nœud frontière.",https://www.statmuseum.ru/en/cbook/statistics-in-the-russian-empire/peter-s-reforms-and-population-statistics/,https://old.bigenc.ru/domestic_history/text/2350140
RUS,Russia,Eastern Europe,Russian Empire,tier_4,KEEP_TIER,tier_4,systematic_cadastral_surveying,ABSENT,ADD,HIGH,FRONTIER,Prerequisites historically justified/recommended: systematic_administrative_statistics.,Unlocks: —; Modifier: no,"Le General Land Survey commence par manifeste en 1765 et produit plans, livres fonciers et données économiques; couverture encore progressive en 1776.",https://old.bigenc.ru/domestic_history/text/2350140,https://www.prlib.ru/history/619585
PLC,Poland-Lithuania,Eastern Europe,Polish-Lithuanian Commonwealth,tier_4,KEEP_TIER,tier_4,regulated_small_arms,TIER,KEEP,MEDIUM,SECTORAL,Prerequisites historically justified/recommended: scientific_fortification_siegecraft.,"Unlocks: bâtiment:building_arms_industry, bâtiment:building_artillery_foundry; Modifier: no",Le Commonwealth dispose d’unités régulières et de production métallurgique/armurière sectorielle; les manufactures de Grodno incluent des productions d’armes à partir des années 1770.,https://www.lazienki-krolewskie.pl/pl/edukacja/baza-wiedzy/ekonomie-krolewskie-za-panowania-stanislawa-augusta,https://www.lituanistika.lt/content/75067
PLC,Poland-Lithuania,Eastern Europe,Polish-Lithuanian Commonwealth,tier_4,KEEP_TIER,tier_4,light_infantry_tactics,TIER,REVIEW,MEDIUM,SECTORAL,Prerequisites historically justified/recommended: regulated_small_arms.,Unlocks: —; Modifier: yes: unit_experience_gain_mult,Les armées de la Couronne et de Lituanie sont en réforme mais restent décrites comme petites et stagnantes; preuve insuffisante pour un nœud frontière diffusé à l’échelle du Commonwealth.,https://www.lituanistika.lt/content/75067,https://muzeumwp.pl/timeline/zalozenie-szkoly-rycerskiej-w-warszawie/
PLC,Poland-Lithuania,Eastern Europe,Polish-Lithuanian Commonwealth,tier_4,KEEP_TIER,tier_4,standardized_field_artillery,TIER,KEEP,MEDIUM,SECTORAL,Prerequisites historically justified/recommended: regulated_small_arms.,Unlocks: PM:pm_cannons; Modifier: no,"Artillerie régulière et écoles militaires existent, mais les forces restent petites et les réformes 1775-1776 n’ont pas encore produit une modernisation générale.",https://www.lituanistika.lt/content/75067,https://www.lituanistika.lt/content/57655
PLC,Poland-Lithuania,Eastern Europe,Polish-Lithuanian Commonwealth,tier_4,KEEP_TIER,tier_4,distillation,TIER,KEEP,HIGH,ESTABLISHED,No direct prerequisite.,"Unlocks: PM:pm_pot_stills, PM:pm_spiced_food_preparations; Modifier: no",La distillation est une technique préindustrielle établie; aucun indice ne justifie de retirer ce socle à Poland-Lithuania.,https://www.lazienki-krolewskie.pl/pl/edukacja/baza-wiedzy/ekonomie-krolewskie-za-panowania-stanislawa-augusta,https://www.lituanistika.lt/content/75067
PLC,Poland-Lithuania,Eastern Europe,Polish-Lithuanian Commonwealth,tier_4,KEEP_TIER,tier_4,improved_husbandry,TIER,KEEP,HIGH,ESTABLISHED,No direct prerequisite.,"Unlocks: bâtiment:building_banana_plantation, bâtiment:building_coffee_plantation, bâtiment:building_dye_plantation, bâtiment:building_livestock_ranch, bâtiment:building_maize_farm, bâtiment:building_millet_farm, bâtiment:building_opium_plantation, bâtiment:building_rice_farm, bâtiment:building_rye_farm, bâtiment:building_silk_plantation, bâtiment:building_spice_plantation, bâtiment:building_sugar_plantation, bâtiment:building_tea_plantation, bâtiment:building_tobacco_plantation, bâtiment:building_vineyard, bâtiment:building_wheat_farm, décret:decree_encourage_agricultural_industry; Modifier: no","Le nœud représente un socle agricole/élevage amélioré, compatible avec les pratiques établies de Poland-Lithuania en 1776.",https://www.lazienki-krolewskie.pl/pl/edukacja/baza-wiedzy/ekonomie-krolewskie-za-panowania-stanislawa-augusta,https://www.lituanistika.lt/content/75067
PLC,Poland-Lithuania,Eastern Europe,Polish-Lithuanian Commonwealth,tier_4,KEEP_TIER,tier_4,organized_textile_production,TIER,KEEP,HIGH,SECTORAL,No direct prerequisite.,"Unlocks: PM:pm_craftsman_sewing, bâtiment:building_textile_mill; Modifier: no","Les manufactures de Grodno existent depuis la fin des années 1760 (lin, drap, soie, teinturerie) et s’étendent encore en 1774-1776.",https://www.lazienki-krolewskie.pl/pl/edukacja/baza-wiedzy/ekonomie-krolewskie-za-panowania-stanislawa-augusta,https://www.lituanistika.lt/content/81646
PLC,Poland-Lithuania,Eastern Europe,Polish-Lithuanian Commonwealth,tier_4,KEEP_TIER,tier_4,shaft_mining,TIER,KEEP,HIGH,ESTABLISHED,No direct prerequisite.,"Unlocks: bâtiment:building_coal_mine, bâtiment:building_copper_mine, bâtiment:building_iron_mine, bâtiment:building_lead_mine, bâtiment:building_limestone_quarry, bâtiment:building_salt_mine, bâtiment:building_sulfur_mine, décret:decree_encourage_resource_industry; Modifier: no",Exploitation minière en puits ou industrie extractive organisée attestée à l'échelle pertinente de Poland-Lithuania.,https://www.lazienki-krolewskie.pl/pl/edukacja/baza-wiedzy/ekonomie-krolewskie-za-panowania-stanislawa-augusta,https://www.lituanistika.lt/content/75067
PLC,Poland-Lithuania,Eastern Europe,Polish-Lithuanian Commonwealth,tier_4,KEEP_TIER,tier_4,international_relations,TIER,KEEP,HIGH,ESTABLISHED,No direct prerequisite.,Unlocks: —; Modifier: no,Capacité diplomatique et relations extérieures institutionnalisées établies en 1776.,https://www.lazienki-krolewskie.pl/pl/edukacja/baza-wiedzy/ekonomie-krolewskie-za-panowania-stanislawa-augusta,https://www.lituanistika.lt/content/75067
PLC,Poland-Lithuania,Eastern Europe,Polish-Lithuanian Commonwealth,tier_4,KEEP_TIER,tier_4,codified_practical_knowledge,TIER,KEEP,HIGH,ESTABLISHED,"Prerequisites historically justified/recommended: institutionalized_scientific_exchange, periodical_print_networks.",Unlocks: —; Modifier: no,"Savoirs administratifs et pratiques codifiés plausibles, mais la chaîne de prérequis doit être historiquement vérifiée plutôt que complétée mécaniquement.",https://www.lazienki-krolewskie.pl/pl/edukacja/baza-wiedzy/ekonomie-krolewskie-za-panowania-stanislawa-augusta,https://www.lituanistika.lt/content/75067
PLC,Poland-Lithuania,Eastern Europe,Polish-Lithuanian Commonwealth,tier_4,KEEP_TIER,tier_4,systematic_administrative_statistics,TIER,KEEP,MEDIUM,FRONTIER,No direct prerequisite.,"Unlocks: bâtiment:building_government_administration, décret:decree_emergency_relief, décret:decree_road_maintenance; Modifier: yes: country_institution_home_affairs_max_investment_add, state_incorporation_speed_mult, state_tax_capacity_add","Le Conseil permanent créé en 1775 et les commissions centrales donnent une administration plus régulière; en 1776 la réforme est très récente, donc statut frontière plutôt qu’appareil mature.",https://zpe.gov.pl/a/przeczytaj/DW1nyx3ti,https://www.lituanistika.lt/content/75067
PLC,Poland-Lithuania,Eastern Europe,Polish-Lithuanian Commonwealth,tier_4,KEEP_TIER,tier_4,urbanization,TIER,KEEP,MEDIUM,ABSTRACT,No direct prerequisite.,"Unlocks: bâtiment:building_construction_sector, bâtiment:building_urban_center; Modifier: no",Nœud abstrait de compatibilité débloquant centres urbains/construction; présence de villes et de métiers de construction suffisante.,https://www.lazienki-krolewskie.pl/pl/edukacja/baza-wiedzy/ekonomie-krolewskie-za-panowania-stanislawa-augusta,https://www.lituanistika.lt/content/75067
PLC,Poland-Lithuania,Eastern Europe,Polish-Lithuanian Commonwealth,tier_4,KEEP_TIER,tier_4,scientific_fortification_siegecraft,ABSENT,ADD,MEDIUM,SECTORAL,No direct prerequisite.,"Unlocks: bâtiment:building_barrack, bâtiment:building_naval_fortification; Modifier: no","Les écoles d’artillerie/ingénierie et le Corps des cadets fournissent une capacité spécialisée; suffisante pour rendre le parent de regulated_small_arms plausible, mais sectorielle.",https://www.lituanistika.lt/content/57655,https://muzeumwp.pl/timeline/zalozenie-szkoly-rycerskiej-w-warszawie/
PLC,Poland-Lithuania,Eastern Europe,Polish-Lithuanian Commonwealth,tier_4,KEEP_TIER,tier_4,armament_standardization_inspection,ABSENT,REVIEW,LOW,SECTORAL,"Prerequisites historically justified/recommended: regulated_small_arms, standardized_field_artillery.",Unlocks: —; Modifier: no,"Les réformes militaires et quelques manufactures sont réelles, mais le contrôle uniforme des standards d’armement n’est pas suffisamment démontré en 1776.",https://www.lituanistika.lt/content/75067,https://www.lazienki-krolewskie.pl/pl/edukacja/baza-wiedzy/ekonomie-krolewskie-za-panowania-stanislawa-augusta
PLC,Poland-Lithuania,Eastern Europe,Polish-Lithuanian Commonwealth,tier_4,KEEP_TIER,tier_4,institutionalized_scientific_exchange,ABSENT,ADD,MEDIUM,SECTORAL,No direct prerequisite.,"Unlocks: loi:law_freedom_of_conscience; Modifier: yes: country_diplomatic_play_maneuvers_mult, country_influence_mult, country_tech_spread_mult","La KEN supervise académies et écoles, et les centres de Varsovie, Cracovie et Vilnius participent à des circulations savantes; institution réelle mais réforme en cours.",https://www.gov.pl/web/nauka/250-rocznica-powolania-komisji-edukacji-narodowej,https://www.lituanistika.lt/content/81646
PLC,Poland-Lithuania,Eastern Europe,Polish-Lithuanian Commonwealth,tier_4,KEEP_TIER,tier_4,periodical_print_networks,ABSENT,ADD,HIGH,ESTABLISHED,No direct prerequisite.,"Unlocks: loi:law_censorship, loi:law_religious_schools; Modifier: yes: country_authority_mult, country_voting_power_mult",Varsovie et Vilnius possèdent des hebdomadaires continus avant 1776; le réseau postal et l’échange d’informations sont explicitement attestés.,https://www.ldkistorija.lt/spausdinti-xviii-a-vilniaus-ir-gardino-laikrasciai/,https://www.lituanistika.lt/content/81646
PLC,Poland-Lithuania,Eastern Europe,Polish-Lithuanian Commonwealth,tier_4,KEEP_TIER,tier_4,organized_elementary_schooling,ABSENT,ADD,HIGH,FRONTIER,Prerequisites historically justified/recommended: periodical_print_networks.,"Unlocks: loi:law_private_schools; Modifier: yes: country_institution_schools_max_investment_add, state_education_access_wealth_add",La Commission de l’Éducation nationale existe depuis 1773 et organise un réseau scolaire national; en 1776 le système est encore en phase de construction.,https://www.gov.pl/web/nauka/250-rocznica-powolania-komisji-edukacji-narodowej,https://www.lituanistika.lt/content/81646
PLC,Poland-Lithuania,Eastern Europe,Polish-Lithuanian Commonwealth,tier_4,KEEP_TIER,tier_4,specialized_technical_academies,ABSENT,ADD,HIGH,SECTORAL,Prerequisites historically justified/recommended: institutionalized_scientific_exchange.,Unlocks: bâtiment:building_university; Modifier: no,"L’École des chevaliers de Varsovie (1765) et des écoles militaires spécialisées forment des officiers, ingénieurs et artilleurs avant 1776.",https://muzeumwp.pl/timeline/zalozenie-szkoly-rycerskiej-w-warszawie/,https://www.lituanistika.lt/content/57655
UBD,United Baltic Provinces,Eastern Europe,Baltic provinces (Livonia/Estonia abstraction),tier_4,REPLACE_WITH_EXPLICIT_SETUP,,regulated_small_arms,TIER,REMOVE,MEDIUM,ABSENT,Do not repair prerequisites: technology itself is recommended for removal; missing/irrelevant parents: scientific_fortification_siegecraft.,"Unlocks: bâtiment:building_arms_industry, bâtiment:building_artillery_foundry; Modifier: no",Les provinces disposent de garnisons impériales mais pas d’un appareil local autonome d’industrie d’armes correspondant au nœud; ne pas convertir automatiquement la présence russe en technologie nationale UBD.,https://www.cambridge.org/core/journals/central-european-history/article/abs/gutsherrschaft-in-east-elbian-germany-and-livonia-15001800-a-critique-of-the-model/E75E65E9C9B7B67DE3D56CCAC7CCDCE1,https://www.persee.fr/doc/cmr_0008-0160_1993_num_34_1_2349
UBD,United Baltic Provinces,Eastern Europe,Baltic provinces (Livonia/Estonia abstraction),tier_4,REPLACE_WITH_EXPLICIT_SETUP,,light_infantry_tactics,TIER,REVIEW,LOW,SECTORAL,Missing after recommendation: regulated_small_arms. Do not auto-add; treat as abstraction or resolve later in the tree.,Unlocks: —; Modifier: yes: unit_experience_gain_mult,"Les tactiques peuvent être présentes via les forces impériales, mais leur attribution à une polity baltique locale unifiée est une abstraction politique forte.",https://www.cambridge.org/core/journals/central-european-history/article/abs/gutsherrschaft-in-east-elbian-germany-and-livonia-15001800-a-critique-of-the-model/E75E65E9C9B7B67DE3D56CCAC7CCDCE1,https://www.persee.fr/doc/cmr_0008-0160_1993_num_34_1_2349
UBD,United Baltic Provinces,Eastern Europe,Baltic provinces (Livonia/Estonia abstraction),tier_4,REPLACE_WITH_EXPLICIT_SETUP,,standardized_field_artillery,TIER,REVIEW,LOW,SECTORAL,Missing after recommendation: regulated_small_arms. Do not auto-add; treat as abstraction or resolve later in the tree.,Unlocks: PM:pm_cannons; Modifier: no,"Artillerie impériale présente dans les places baltiques, mais pas de système autonome UBD attesté.",https://www.cambridge.org/core/journals/central-european-history/article/abs/gutsherrschaft-in-east-elbian-germany-and-livonia-15001800-a-critique-of-the-model/E75E65E9C9B7B67DE3D56CCAC7CCDCE1,https://www.persee.fr/doc/cmr_0008-0160_1993_num_34_1_2349
UBD,United Baltic Provinces,Eastern Europe,Baltic provinces (Livonia/Estonia abstraction),tier_4,REPLACE_WITH_EXPLICIT_SETUP,,distillation,TIER,KEEP,HIGH,ESTABLISHED,No direct prerequisite.,"Unlocks: PM:pm_pot_stills, PM:pm_spiced_food_preparations; Modifier: no","Technique de transformation préindustrielle commune, compatible avec l’économie agraire et urbaine balte.",https://www.cambridge.org/core/journals/central-european-history/article/abs/gutsherrschaft-in-east-elbian-germany-and-livonia-15001800-a-critique-of-the-model/E75E65E9C9B7B67DE3D56CCAC7CCDCE1,https://enciklopedija.lv/skirklis/22122-druk
UBD,United Baltic Provinces,Eastern Europe,Baltic provinces (Livonia/Estonia abstraction),tier_4,REPLACE_WITH_EXPLICIT_SETUP,,improved_husbandry,TIER,KEEP,HIGH,ESTABLISHED,No direct prerequisite.,"Unlocks: bâtiment:building_banana_plantation, bâtiment:building_coffee_plantation, bâtiment:building_dye_plantation, bâtiment:building_livestock_ranch, bâtiment:building_maize_farm, bâtiment:building_millet_farm, bâtiment:building_opium_plantation, bâtiment:building_rice_farm, bâtiment:building_rye_farm, bâtiment:building_silk_plantation, bâtiment:building_spice_plantation, bâtiment:building_sugar_plantation, bâtiment:building_tea_plantation, bâtiment:building_tobacco_plantation, bâtiment:building_vineyard, bâtiment:building_wheat_farm, décret:decree_encourage_agricultural_industry; Modifier: no",Grande agriculture seigneuriale et élevage sont structurants dans les provinces baltiques; le nœud agricole de base est approprié.,https://www.cambridge.org/core/journals/central-european-history/article/abs/gutsherrschaft-in-east-elbian-germany-and-livonia-15001800-a-critique-of-the-model/E75E65E9C9B7B67DE3D56CCAC7CCDCE1,https://www.cambridge.org/core/journals/international-review-of-social-history/article/wrecking-peasants-and-salvaging-landlords-or-vice-versa-wrecking-in-the-russian-baltic-provinces-of-estland-and-livland-17801870/9FFD886209887C4A1D406EE3CE959C53
UBD,United Baltic Provinces,Eastern Europe,Baltic provinces (Livonia/Estonia abstraction),tier_4,REPLACE_WITH_EXPLICIT_SETUP,,organized_textile_production,TIER,KEEP,HIGH,ESTABLISHED,No direct prerequisite.,"Unlocks: PM:pm_craftsman_sewing, bâtiment:building_textile_mill; Modifier: no",Lin et textile sont intégrés à l’économie exportatrice baltique; production proto-industrielle/artisanale plausible.,https://www.cambridge.org/core/journals/international-review-of-social-history/article/wrecking-peasants-and-salvaging-landlords-or-vice-versa-wrecking-in-the-russian-baltic-provinces-of-estland-and-livland-17801870/9FFD886209887C4A1D406EE3CE959C53,https://www.cambridge.org/core/journals/central-european-history/article/abs/gutsherrschaft-in-east-elbian-germany-and-livonia-15001800-a-critique-of-the-model/E75E65E9C9B7B67DE3D56CCAC7CCDCE1
UBD,United Baltic Provinces,Eastern Europe,Baltic provinces (Livonia/Estonia abstraction),tier_4,REPLACE_WITH_EXPLICIT_SETUP,,shaft_mining,TIER,REMOVE,MEDIUM,ABSENT,No direct prerequisite.,"Unlocks: bâtiment:building_coal_mine, bâtiment:building_copper_mine, bâtiment:building_iron_mine, bâtiment:building_lead_mine, bâtiment:building_limestone_quarry, bâtiment:building_salt_mine, bâtiment:building_sulfur_mine, décret:decree_encourage_resource_industry; Modifier: no","L’économie des provinces étudiées repose surtout sur agriculture, forêts, commerce et ports; le tier générique surévalue la mine en puits locale.",https://www.cambridge.org/core/journals/international-review-of-social-history/article/wrecking-peasants-and-salvaging-landlords-or-vice-versa-wrecking-in-the-russian-baltic-provinces-of-estland-and-livland-17801870/9FFD886209887C4A1D406EE3CE959C53,https://www.cambridge.org/core/journals/central-european-history/article/abs/gutsherrschaft-in-east-elbian-germany-and-livonia-15001800-a-critique-of-the-model/E75E65E9C9B7B67DE3D56CCAC7CCDCE1
UBD,United Baltic Provinces,Eastern Europe,Baltic provinces (Livonia/Estonia abstraction),tier_4,REPLACE_WITH_EXPLICIT_SETUP,,international_relations,TIER,REMOVE,MEDIUM,ABSENT,No direct prerequisite.,Unlocks: —; Modifier: no,Les Ritterschaften ont une large autonomie corporative mais ne disposent pas d’une diplomatie souveraine; elles négocient avec le tsar dans le cadre impérial.,https://www.persee.fr/doc/cmr_0008-0160_1993_num_34_1_2349,https://www.cambridge.org/core/journals/central-european-history/article/abs/gutsherrschaft-in-east-elbian-germany-and-livonia-15001800-a-critique-of-the-model/E75E65E9C9B7B67DE3D56CCAC7CCDCE1
UBD,United Baltic Provinces,Eastern Europe,Baltic provinces (Livonia/Estonia abstraction),tier_4,REPLACE_WITH_EXPLICIT_SETUP,,codified_practical_knowledge,TIER,KEEP,MEDIUM,SECTORAL,Missing after recommendation: institutionalized_scientific_exchange. Do not auto-add; treat as abstraction or resolve later in the tree.,Unlocks: —; Modifier: no,"Les institutions germano-baltes conservent droit, administration et culture écrite propres; savoirs codifiés locaux plausibles.",https://www.persee.fr/doc/cmr_0008-0160_1993_num_34_1_2349,https://enciklopedija.lv/skirklis/22122-druk
UBD,United Baltic Provinces,Eastern Europe,Baltic provinces (Livonia/Estonia abstraction),tier_4,REPLACE_WITH_EXPLICIT_SETUP,,systematic_administrative_statistics,TIER,REVIEW,MEDIUM,SECTORAL,No direct prerequisite.,"Unlocks: bâtiment:building_government_administration, décret:decree_emergency_relief, décret:decree_road_maintenance; Modifier: yes: country_institution_home_affairs_max_investment_add, state_incorporation_speed_mult, state_tax_capacity_add","Administration provinciale solide héritée des Suédois et autonomie nobiliaire, mais le contenu statistique systématique du nœud n’est pas directement démontré.",https://www.cambridge.org/core/journals/central-european-history/article/abs/gutsherrschaft-in-east-elbian-germany-and-livonia-15001800-a-critique-of-the-model/E75E65E9C9B7B67DE3D56CCAC7CCDCE1,https://www.persee.fr/doc/cmr_0008-0160_1993_num_34_1_2349
UBD,United Baltic Provinces,Eastern Europe,Baltic provinces (Livonia/Estonia abstraction),tier_4,REPLACE_WITH_EXPLICIT_SETUP,,urbanization,TIER,KEEP,HIGH,ABSTRACT,No direct prerequisite.,"Unlocks: bâtiment:building_construction_sector, bâtiment:building_urban_center; Modifier: no","Riga, Tallinn/Reval et d’autres villes portuaires rendent le nœud abstrait d’urbanisation incontestable.",https://www.cambridge.org/core/journals/central-european-history/article/abs/gutsherrschaft-in-east-elbian-germany-and-livonia-15001800-a-critique-of-the-model/E75E65E9C9B7B67DE3D56CCAC7CCDCE1,https://enciklopedija.lv/skirklis/22122-druk
UBD,United Baltic Provinces,Eastern Europe,Baltic provinces (Livonia/Estonia abstraction),tier_4,REPLACE_WITH_EXPLICIT_SETUP,,organized_forestry,ABSENT,ADD,MEDIUM,SECTORAL,No direct prerequisite.,Unlocks: bâtiment:building_logging_camp; Modifier: no,Bois et produits forestiers font partie des exportations baltiques; une exploitation organisée est cohérente avec l’économie portuaire régionale.,https://www.cambridge.org/core/journals/international-review-of-social-history/article/wrecking-peasants-and-salvaging-landlords-or-vice-versa-wrecking-in-the-russian-baltic-provinces-of-estland-and-livland-17801870/9FFD886209887C4A1D406EE3CE959C53,https://www.cambridge.org/core/journals/central-european-history/article/abs/gutsherrschaft-in-east-elbian-germany-and-livonia-15001800-a-critique-of-the-model/E75E65E9C9B7B67DE3D56CCAC7CCDCE1
UBD,United Baltic Provinces,Eastern Europe,Baltic provinces (Livonia/Estonia abstraction),tier_4,REPLACE_WITH_EXPLICIT_SETUP,,periodical_print_networks,ABSENT,ADD,HIGH,ESTABLISHED,No direct prerequisite.,"Unlocks: loi:law_censorship, loi:law_religious_schools; Modifier: yes: country_authority_mult, country_voting_power_mult",Riga possède une tradition de presse périodique ancienne; des publications imprimées en allemand et en langues locales existent avant 1776.,https://enciklopedija.lv/skirklis/22122-druk,https://www.persee.fr/doc/cmr_0008-0160_1993_num_34_1_2349
KRA,Krakow,Eastern Europe,Kraków / Lesser Poland abstraction,tier_2,REPLACE_WITH_EXPLICIT_SETUP,,enclosed_dock_systems,TIER,REMOVE,HIGH,ABSENT,No direct prerequisite.,Unlocks: bâtiment:building_port; Modifier: no,Kraków est intérieur des terres: aucun système de bassins navals correspondant au nœud.,https://cm-uj.krakow.pl/history/,https://muzeum.wieliczka.pl/en/salt-mine-history
KRA,Krakow,Eastern Europe,Kraków / Lesser Poland abstraction,tier_2,REPLACE_WITH_EXPLICIT_SETUP,,scientific_fortification_siegecraft,TIER,REVIEW,LOW,SECTORAL,No direct prerequisite.,"Unlocks: bâtiment:building_barrack, bâtiment:building_naval_fortification; Modifier: no","Kraków possède des fortifications et une tradition militaire, mais le nœud d’ingénierie/siège institutionnalisé n’est pas suffisamment documenté ici.",https://cm-uj.krakow.pl/history/,https://www.lituanistika.lt/content/57655
KRA,Krakow,Eastern Europe,Kraków / Lesser Poland abstraction,tier_2,REPLACE_WITH_EXPLICIT_SETUP,,state_dockyard_systems,TIER,REMOVE,HIGH,ABSENT,No direct prerequisite.,"Unlocks: bâtiment:building_naval_administration, bâtiment:building_shipyard; Modifier: yes: country_admiral_rank_impact_mult",Aucun arsenal naval d’État local; attribution purement artificielle du tier 2.,https://cm-uj.krakow.pl/history/,https://muzeum.wieliczka.pl/en/salt-mine-history
KRA,Krakow,Eastern Europe,Kraków / Lesser Poland abstraction,tier_2,REPLACE_WITH_EXPLICIT_SETUP,,coke_smelting,TIER,REMOVE,HIGH,ABSENT,Prerequisites historically justified/recommended: organized_forestry.,"Unlocks: bâtiment:building_steel_mill, bâtiment:building_tooling_workshop; Modifier: no",Aucune fonte au coke locale attestée; la modernisation mécanique des mines de Wieliczka est postérieure et sous administration autrichienne.,https://muzeum.wieliczka.pl/en/salt-mine-history,https://cm-uj.krakow.pl/history/
KRA,Krakow,Eastern Europe,Kraków / Lesser Poland abstraction,tier_2,REPLACE_WITH_EXPLICIT_SETUP,,distillation,TIER,KEEP,HIGH,ESTABLISHED,No direct prerequisite.,"Unlocks: PM:pm_pot_stills, PM:pm_spiced_food_preparations; Modifier: no",La distillation est une technique préindustrielle établie; aucun indice ne justifie de retirer ce socle à Krakow.,https://cm-uj.krakow.pl/history/,https://muzeum.wieliczka.pl/en/salt-mine-history
KRA,Krakow,Eastern Europe,Kraków / Lesser Poland abstraction,tier_2,REPLACE_WITH_EXPLICIT_SETUP,,improved_husbandry,TIER,KEEP,HIGH,ESTABLISHED,No direct prerequisite.,"Unlocks: bâtiment:building_banana_plantation, bâtiment:building_coffee_plantation, bâtiment:building_dye_plantation, bâtiment:building_livestock_ranch, bâtiment:building_maize_farm, bâtiment:building_millet_farm, bâtiment:building_opium_plantation, bâtiment:building_rice_farm, bâtiment:building_rye_farm, bâtiment:building_silk_plantation, bâtiment:building_spice_plantation, bâtiment:building_sugar_plantation, bâtiment:building_tea_plantation, bâtiment:building_tobacco_plantation, bâtiment:building_vineyard, bâtiment:building_wheat_farm, décret:decree_encourage_agricultural_industry; Modifier: no","Le nœud représente un socle agricole/élevage amélioré, compatible avec les pratiques établies de Krakow en 1776.",https://cm-uj.krakow.pl/history/,https://muzeum.wieliczka.pl/en/salt-mine-history
KRA,Krakow,Eastern Europe,Kraków / Lesser Poland abstraction,tier_2,REPLACE_WITH_EXPLICIT_SETUP,,organized_forestry,TIER,KEEP,MEDIUM,ESTABLISHED,No direct prerequisite.,Unlocks: bâtiment:building_logging_camp; Modifier: no,Le nœud représente une économie forestière organisée préindustrielle; rien ne justifie son retrait dans la région de Petite-Pologne.,https://muzeum.wieliczka.pl/en/salt-mine-history,https://cm-uj.krakow.pl/history/
KRA,Krakow,Eastern Europe,Kraków / Lesser Poland abstraction,tier_2,REPLACE_WITH_EXPLICIT_SETUP,,organized_textile_production,TIER,KEEP,HIGH,ESTABLISHED,No direct prerequisite.,"Unlocks: PM:pm_craftsman_sewing, bâtiment:building_textile_mill; Modifier: no",Production textile artisanale/proto-industrielle établie; le nœud ne suppose pas encore la mécanisation britannique.,https://cm-uj.krakow.pl/history/,https://muzeum.wieliczka.pl/en/salt-mine-history
KRA,Krakow,Eastern Europe,Kraków / Lesser Poland abstraction,tier_2,REPLACE_WITH_EXPLICIT_SETUP,,shaft_mining,TIER,REVIEW,MEDIUM,SECTORAL,No direct prerequisite.,"Unlocks: bâtiment:building_coal_mine, bâtiment:building_copper_mine, bâtiment:building_iron_mine, bâtiment:building_lead_mine, bâtiment:building_limestone_quarry, bâtiment:building_salt_mine, bâtiment:building_sulfur_mine, décret:decree_encourage_resource_industry; Modifier: no","Les célèbres mines de Wieliczka/Bochnia sont techniquement très proches, mais elles ont été annexées par l’Autriche en 1772; décision dépendante de la géographie exacte du TAG KRA.",https://muzeum.wieliczka.pl/en/salt-mine-history,https://cm-uj.krakow.pl/history/
KRA,Krakow,Eastern Europe,Kraków / Lesser Poland abstraction,tier_2,REPLACE_WITH_EXPLICIT_SETUP,,traditional_food_processing,TIER,KEEP,HIGH,ESTABLISHED,No direct prerequisite.,Unlocks: bâtiment:building_food_industry; Modifier: no,Transformation alimentaire traditionnelle clairement préindustrielle et adaptée à une grande ville régionale.,https://cm-uj.krakow.pl/history/,https://muzeum.wieliczka.pl/en/salt-mine-history
KRA,Krakow,Eastern Europe,Kraków / Lesser Poland abstraction,tier_2,REPLACE_WITH_EXPLICIT_SETUP,,traditional_papermaking,TIER,KEEP,MEDIUM,ESTABLISHED,Prerequisites historically justified/recommended: organized_forestry.,Unlocks: bâtiment:building_paper_mill; Modifier: no,"Production et culture imprimée du Commonwealth supposent un approvisionnement papetier traditionnel; attribution plausible, sans mécanisation.",https://www.ldkistorija.lt/spausdinti-xviii-a-vilniaus-ir-gardino-laikrasciai/,https://cm-uj.krakow.pl/history/
KRA,Krakow,Eastern Europe,Kraków / Lesser Poland abstraction,tier_2,REPLACE_WITH_EXPLICIT_SETUP,,atmospheric_engine,TIER,REMOVE,HIGH,ANACHRONISTIC,Do not repair prerequisites: technology itself is recommended for removal; missing/irrelevant parents: coke_smelting.,"Unlocks: PM:pm_atmospheric_engine_pump_building_coal_mine, PM:pm_atmospheric_engine_pump_building_copper_mine, PM:pm_atmospheric_engine_pump_building_gold_mine, PM:pm_atmospheric_engine_pump_building_iron_mine, PM:pm_atmospheric_engine_pump_building_lead_mine, PM:pm_atmospheric_engine_pump_building_phosphate_mine, PM:pm_atmospheric_engine_pump_building_salt_mine, PM:pm_atmospheric_engine_pump_building_sulfur_mine; Modifier: no","Pour la zone de Cracovie, l’usage de machines à vapeur dans les mines relève de la période autrichienne postérieure; rien ne justifie la pompe atmosphérique au 1er janvier 1776.",https://muzeum.wieliczka.pl/en/salt-mine-history,https://cm-uj.krakow.pl/history/
KRA,Krakow,Eastern Europe,Kraków / Lesser Poland abstraction,tier_2,REPLACE_WITH_EXPLICIT_SETUP,,precision_boring,TIER,REMOVE,HIGH,ABSENT,"Do not repair prerequisites: technology itself is recommended for removal; missing/irrelevant parents: coke_smelting, atmospheric_engine.","Unlocks: PM:coffee_plantation_wet_process_manual, PM:molds, PM:pm_pig_iron; Modifier: no","Le nœud dépend de coke + moteur atmosphérique, eux-mêmes injustifiés; pas de capacité locale équivalente documentée.",https://muzeum.wieliczka.pl/en/salt-mine-history,https://cm-uj.krakow.pl/history/
KRA,Krakow,Eastern Europe,Kraków / Lesser Poland abstraction,tier_2,REPLACE_WITH_EXPLICIT_SETUP,,institutionalized_public_credit,TIER,REMOVE,MEDIUM,ABSENT,No direct prerequisite.,"Unlocks: loi:law_merchant_banking; Modifier: yes: country_loan_interest_rate_add, country_minting_mult, state_max_trade_advantage_from_capacity_add",KRA n’est pas un État financier autonome en 1776; le tier 2 lui attribue artificiellement un système national de crédit public.,https://cm-uj.krakow.pl/history/,https://nsa.gov.pl/sadownictwo-administracyjne/2-sadownictwo-administracyjne/sa-historia/tradycje-sadownictwa-administracyjnego-w-polsce/
KRA,Krakow,Eastern Europe,Kraków / Lesser Poland abstraction,tier_2,REPLACE_WITH_EXPLICIT_SETUP,,institutionalized_scientific_exchange,TIER,KEEP,MEDIUM,SECTORAL,No direct prerequisite.,"Unlocks: loi:law_freedom_of_conscience; Modifier: yes: country_diplomatic_play_maneuvers_mult, country_influence_mult, country_tech_spread_mult","L’Université de Cracovie existe, mais elle est encore en déclin; la grande réforme de Kołłątaj ne commence qu’en 1778. Le nœud peut rester comme capacité savante sectorielle, pas comme institutions modernes achevées.",https://cm-uj.krakow.pl/history/,https://nsa.gov.pl/sadownictwo-administracyjne/2-sadownictwo-administracyjne/sa-historia/tradycje-sadownictwa-administracyjnego-w-polsce/
KRA,Krakow,Eastern Europe,Kraków / Lesser Poland abstraction,tier_2,REPLACE_WITH_EXPLICIT_SETUP,,international_relations,TIER,REMOVE,HIGH,ABSENT,No direct prerequisite.,Unlocks: —; Modifier: no,Kraków n’est pas une cité-État souveraine en 1776; la «Free City» est un arrangement de 1815.,https://cm-uj.krakow.pl/history/,https://nsa.gov.pl/sadownictwo-administracyjne/2-sadownictwo-administracyjne/sa-historia/tradycje-sadownictwa-administracyjnego-w-polsce/
KRA,Krakow,Eastern Europe,Kraków / Lesser Poland abstraction,tier_2,REPLACE_WITH_EXPLICIT_SETUP,,periodical_print_networks,TIER,REVIEW,MEDIUM,SECTORAL,No direct prerequisite.,"Unlocks: loi:law_censorship, loi:law_religious_schools; Modifier: yes: country_authority_mult, country_voting_power_mult","Culture imprimée réelle dans le Commonwealth, mais la preuve locale de Kraków correspondant à un réseau périodique mature est moins forte que pour Varsovie/Vilnius.",https://www.ldkistorija.lt/spausdinti-xviii-a-vilniaus-ir-gardino-laikrasciai/,https://cm-uj.krakow.pl/history/
KRA,Krakow,Eastern Europe,Kraków / Lesser Poland abstraction,tier_2,REPLACE_WITH_EXPLICIT_SETUP,,commercial_insurance_markets,TIER,REMOVE,MEDIUM,ABSENT,"Do not repair prerequisites: technology itself is recommended for removal; missing/irrelevant parents: institutionalized_public_credit, international_relations.","Unlocks: loi:law_mercantilism, loi:law_mercantilism_navigation_acts; Modifier: no",Pas de marché d’assurance commerciale autonome d’échelle nationale démontré pour Kraków.,https://cm-uj.krakow.pl/history/,https://www.ldkistorija.lt/spausdinti-xviii-a-vilniaus-ir-gardino-laikrasciai/
KRA,Krakow,Eastern Europe,Kraków / Lesser Poland abstraction,tier_2,REPLACE_WITH_EXPLICIT_SETUP,,stock_exchange,TIER,REMOVE,HIGH,ABSENT,Do not repair prerequisites: technology itself is recommended for removal; missing/irrelevant parents: institutionalized_public_credit.,"Unlocks: —; Modifier: yes: country_free_charters_add, country_max_companies_add, state_market_access_price_impact, state_urbanization_per_level_mult",Aucune bourse de type national/organisé correspondant au nœud n’est établie à Kraków en 1776.,https://cm-uj.krakow.pl/history/,https://www.ldkistorija.lt/spausdinti-xviii-a-vilniaus-ir-gardino-laikrasciai/
KRA,Krakow,Eastern Europe,Kraków / Lesser Poland abstraction,tier_2,REPLACE_WITH_EXPLICIT_SETUP,,organized_elementary_schooling,ABSENT,ADD,MEDIUM,FRONTIER,Prerequisites historically justified/recommended: periodical_print_networks.,"Unlocks: loi:law_private_schools; Modifier: yes: country_institution_schools_max_investment_add, state_education_access_wealth_add","Kraków relève du système de la Commission de l’Éducation nationale dès 1773; en 1776 l’organisation scolaire est en cours de structuration, donc nœud frontière.",https://nsa.gov.pl/sadownictwo-administracyjne/2-sadownictwo-administracyjne/sa-historia/tradycje-sadownictwa-administracyjnego-w-polsce/,https://www.lituanistika.lt/content/81646
CRI,Crimea,Eastern Europe,Crimean Khanate,tier_5,REPLACE_WITH_EXPLICIT_SETUP,,improved_husbandry,TIER,KEEP,HIGH,ESTABLISHED,No direct prerequisite.,"Unlocks: bâtiment:building_banana_plantation, bâtiment:building_coffee_plantation, bâtiment:building_dye_plantation, bâtiment:building_livestock_ranch, bâtiment:building_maize_farm, bâtiment:building_millet_farm, bâtiment:building_opium_plantation, bâtiment:building_rice_farm, bâtiment:building_rye_farm, bâtiment:building_silk_plantation, bâtiment:building_spice_plantation, bâtiment:building_sugar_plantation, bâtiment:building_tea_plantation, bâtiment:building_tobacco_plantation, bâtiment:building_vineyard, bâtiment:building_wheat_farm, décret:decree_encourage_agricultural_industry; Modifier: no",Élevage pastoral et agriculture sont des composantes fondamentales de l’économie du khanat; le nœud agricole de base est approprié.,https://estudiosgeograficos.revistas.csic.es/index.php/estudiosgeograficos/article/download/1172/1452?inline=1,https://wiki.crimea-is-ukraine.org/en/wiki/concepts/zaporozko-krymski-torgovelni-vidnosyny-xviii/
CRI,Crimea,Eastern Europe,Crimean Khanate,tier_5,REPLACE_WITH_EXPLICIT_SETUP,,organized_textile_production,TIER,KEEP,MEDIUM,SECTORAL,No direct prerequisite.,"Unlocks: PM:pm_craftsman_sewing, bâtiment:building_textile_mill; Modifier: no","Artisanat urbain et production de tapis/textiles existent; le nœud doit être lu comme artisanat organisé, non comme usine mécanisée.",https://estudiosgeograficos.revistas.csic.es/index.php/estudiosgeograficos/article/download/1172/1452?inline=1,https://wiki.crimea-is-ukraine.org/en/wiki/concepts/zaporozko-krymski-torgovelni-vidnosyny-xviii/
CRI,Crimea,Eastern Europe,Crimean Khanate,tier_5,REPLACE_WITH_EXPLICIT_SETUP,,shaft_mining,TIER,REMOVE,MEDIUM,ABSENT,No direct prerequisite.,"Unlocks: bâtiment:building_coal_mine, bâtiment:building_copper_mine, bâtiment:building_iron_mine, bâtiment:building_lead_mine, bâtiment:building_limestone_quarry, bâtiment:building_salt_mine, bâtiment:building_sulfur_mine, décret:decree_encourage_resource_industry; Modifier: no","Le commerce du sel et les ressources existent, mais les sources utilisées ne montrent pas une industrie de mines en puits correspondant au gameplay du nœud.",https://wiki.crimea-is-ukraine.org/en/wiki/concepts/zaporozko-krymski-torgovelni-vidnosyny-xviii/,https://estudiosgeograficos.revistas.csic.es/index.php/estudiosgeograficos/article/download/1172/1452?inline=1
CRI,Crimea,Eastern Europe,Crimean Khanate,tier_5,REPLACE_WITH_EXPLICIT_SETUP,,international_relations,EXPLICIT,KEEP,HIGH,ESTABLISHED,No direct prerequisite.,Unlocks: —; Modifier: no,Le traité de Küçük Kaynarca (1774) fait du khanat un État formellement indépendant; en 1776 il mène une politique extérieure sous très forte influence russe.,https://ppu.gov.ua/en/press-center/kiuchuk-kaynardzhiyskyy-myrnyy-dohovir-21-lypnia-1774-roku-250-rokiv-z-chasu-pidpysannia/,https://estudiosgeograficos.revistas.csic.es/index.php/estudiosgeograficos/article/download/1172/1452?inline=1
CRI,Crimea,Eastern Europe,Crimean Khanate,tier_5,REPLACE_WITH_EXPLICIT_SETUP,,codified_practical_knowledge,TIER,REVIEW,LOW,ABSTRACT,"Missing after recommendation: institutionalized_scientific_exchange, periodical_print_networks. Do not auto-add; treat as abstraction or resolve later in the tree.",Unlocks: —; Modifier: no,"Le khanat possède institutions juridiques, fiscales et artisanales, mais le nœud dépend d’échanges scientifiques et de presse périodique que les sources utilisées ne permettent pas d’établir.",https://estudiosgeograficos.revistas.csic.es/index.php/estudiosgeograficos/article/download/1172/1452?inline=1,https://ppu.gov.ua/en/press-center/kiuchuk-kaynardzhiyskyy-myrnyy-dohovir-21-lypnia-1774-roku-250-rokiv-z-chasu-pidpysannia/
CRI,Crimea,Eastern Europe,Crimean Khanate,tier_5,REPLACE_WITH_EXPLICIT_SETUP,,systematic_administrative_statistics,TIER,REMOVE,MEDIUM,ABSENT,No direct prerequisite.,"Unlocks: bâtiment:building_government_administration, décret:decree_emergency_relief, décret:decree_road_maintenance; Modifier: yes: country_institution_home_affairs_max_investment_add, state_incorporation_speed_mult, state_tax_capacity_add","Administration fiscale et patrimoniale existe, mais pas de système de statistiques d’État comparable au sens gameplay du nœud.",https://estudiosgeograficos.revistas.csic.es/index.php/estudiosgeograficos/article/download/1172/1452?inline=1,https://ppu.gov.ua/en/press-center/kiuchuk-kaynardzhiyskyy-myrnyy-dohovir-21-lypnia-1774-roku-250-rokiv-z-chasu-pidpysannia/
CRI,Crimea,Eastern Europe,Crimean Khanate,tier_5,REPLACE_WITH_EXPLICIT_SETUP,,urbanization,TIER,KEEP,HIGH,ABSTRACT,No direct prerequisite.,"Unlocks: bâtiment:building_construction_sector, bâtiment:building_urban_center; Modifier: no",Bakhchysarai et plusieurs villes/comptoirs structurent une économie urbaine; le nœud abstrait est approprié.,https://estudiosgeograficos.revistas.csic.es/index.php/estudiosgeograficos/article/download/1172/1452?inline=1,https://wiki.crimea-is-ukraine.org/en/wiki/concepts/zaporozko-krymski-torgovelni-vidnosyny-xviii/
