Owner_TAG,Country,State_ID,State_Name,Current_Level,Road_PM,Canal_PM,Rail_PM,Passenger_PM,Infrastructure_Available,Infrastructure_Used,Current_Market_Access,Additional_Level_Needed,Historical_Connectivity_Exception,Evidence,Final_Target_Level,Final_Infrastructure_Available,Reason
ABB,Arab Emirates,STATE_ABU_DHABI,Trucial Coast,0,pm_traditional_road_network,pm_no_canal_network,pm_no_rail_network,pm_no_passenger_trains,3.0,1.0,100.0_PROJECTED,0,NO,No prior historical transport row; gameplay capacity uses the least-modern road PM.,0,3.0,Target satisfies usage 1.0 plus engine AI surplus 2; fixed capacity 3.0 per level; no rail or passenger service.
ABS,Absaroka,STATE_MONTANA,Montana,0,pm_traditional_road_network,pm_no_canal_network,pm_no_rail_network,pm_no_passenger_trains,3.0,0.0,100.0_PROJECTED,0,NO,No prior historical transport row; gameplay capacity uses the least-modern road PM.,0,3.0,Target satisfies usage 0.0 plus engine AI surplus 2; fixed capacity 3.0 per level; no rail or passenger service.
ABS,Absaroka,STATE_WYOMING,Wyoming,0,pm_traditional_road_network,pm_no_canal_network,pm_no_rail_network,pm_no_passenger_trains,3.0,0.0,100.0_PROJECTED,0,NO,No prior historical transport row; gameplay capacity uses the least-modern road PM.,0,3.0,Target satisfies usage 0.0 plus engine AI surplus 2; fixed capacity 3.0 per level; no rail or passenger service.
ACE,Aceh,STATE_ACEH,Aceh,1,pm_traditional_road_network,pm_no_canal_network,pm_no_rail_network,pm_no_passenger_trains,6.0,4.0,100.0_PROJECTED,0,NO,No prior historical transport row; gameplay capacity uses the least-modern road PM.,1,6.0,Target satisfies usage 4.0 plus engine AI surplus 2; fixed capacity 3.0 per level; no rail or passenger service.
ACH,Acholi,STATE_UGANDA,Uganda,0,pm_traditional_road_network,pm_no_canal_network,pm_no_rail_network,pm_no_passenger_trains,3.0,0.0,100.0_PROJECTED,0,NO,No prior historical transport row; gameplay capacity uses the least-modern road PM.,0,3.0,Target satisfies usage 0.0 plus engine AI surplus 2; fixed capacity 3.0 per level; no rail or passenger service.
ADG,Kel Adagh,STATE_EAST_SAHARA,East Sahara,0,pm_traditional_road_network,pm_no_canal_network,pm_no_rail_network,pm_no_passenger_trains,3.0,1.0,100.0_PROJECTED,0,NO,No prior historical transport row; gameplay capacity uses the least-modern road PM.,0,3.0,Target satisfies usage 1.0 plus engine AI surplus 2; fixed capacity 3.0 per level; no rail or passenger service.
ADG,Kel Adagh,STATE_TIMBUKTU,Timbuktu,0,pm_traditional_road_network,pm_no_canal_network,pm_no_rail_network,pm_no_passenger_trains,3.0,1.0,100.0_PROJECTED,0,NO,No prior historical transport row; gameplay capacity uses the least-modern road PM.,0,3.0,Target satisfies usage 1.0 plus engine AI surplus 2; fixed capacity 3.0 per level; no rail or passenger service.
ADR,Adrar,STATE_INNER_MAURITANIA,Inner Mauritania,1,pm_traditional_road_network,pm_no_canal_network,pm_no_rail_network,pm_no_passenger_trains,6.0,3.0,100.0_PROJECTED,0,NO,No prior historical transport row; gameplay capacity uses the least-modern road PM.,1,6.0,Target satisfies usage 3.0 plus engine AI surplus 2; fixed capacity 3.0 per level; no rail or passenger service.
ADR,Adrar,STATE_MAURITANIA,Mauritania,0,pm_traditional_road_network,pm_no_canal_network,pm_no_rail_network,pm_no_passenger_trains,3.0,1.0,100.0_PROJECTED,0,NO,No prior historical transport row; gameplay capacity uses the least-modern road PM.,0,3.0,Target satisfies usage 1.0 plus engine AI surplus 2; fixed capacity 3.0 per level; no rail or passenger service.
ADR,Adrar,STATE_TIMBUKTU,Timbuktu,0,pm_traditional_road_network,pm_no_canal_network,pm_no_rail_network,pm_no_passenger_trains,3.0,1.0,100.0_PROJECTED,0,NO,No prior historical transport row; gameplay capacity uses the least-modern road PM.,0,3.0,Target satisfies usage 1.0 plus engine AI surplus 2; fixed capacity 3.0 per level; no rail or passenger service.
AGC,Angoche,STATE_MOCAMBIQUE,Mocambique,0,pm_traditional_road_network,pm_no_canal_network,pm_no_rail_network,pm_no_passenger_trains,3.0,0.0,100.0_PROJECTED,0,NO,No prior historical transport row; gameplay capacity uses the least-modern road PM.,0,3.0,Target satisfies usage 0.0 plus engine AI surplus 2; fixed capacity 3.0 per level; no rail or passenger service.
AHG,Kel Ahaggar,STATE_EAST_SAHARA,East Sahara,0,pm_traditional_road_network,pm_no_canal_network,pm_no_rail_network,pm_no_passenger_trains,3.0,1.0,100.0_PROJECTED,0,NO,No prior historical transport row; gameplay capacity uses the least-modern road PM.,0,3.0,Target satisfies usage 1.0 plus engine AI surplus 2; fixed capacity 3.0 per level; no rail or passenger service.
AIN,Ainu Mosir,STATE_SAKHALIN,Sakhalin,0,pm_traditional_road_network,pm_no_canal_network,pm_no_rail_network,pm_no_passenger_trains,3.0,0.0,100.0_PROJECTED,0,NO,No prior historical transport row; gameplay capacity uses the least-modern road PM.,0,3.0,Target satisfies usage 0.0 plus engine AI surplus 2; fixed capacity 3.0 per level; no rail or passenger service.
AIR,Kel Air,STATE_NIGER,Niger,1,pm_traditional_road_network,pm_no_canal_network,pm_no_rail_network,pm_no_passenger_trains,6.0,2.0,100.0_PROJECTED,0,NO,No prior historical transport row; gameplay capacity uses the least-modern road PM.,1,6.0,Target satisfies usage 2.0 plus engine AI surplus 2; fixed capacity 3.0 per level; no rail or passenger service.
AIT,Ait Abbas,STATE_CONSTANTINE,Constantine,2,pm_traditional_road_network,pm_no_canal_network,pm_no_rail_network,pm_no_passenger_trains,9.0,4.5,100.0_PROJECTED,0,NO,No prior historical transport row; gameplay capacity uses the least-modern road PM.,2,9.0,Target satisfies usage 4.5 plus engine AI surplus 2; fixed capacity 3.0 per level; no rail or passenger service.
AJJ,Kel Ajjer,STATE_EAST_SAHARA,East Sahara,0,pm_traditional_road_network,pm_no_canal_network,pm_no_rail_network,pm_no_passenger_trains,3.0,1.0,100.0_PROJECTED,0,NO,No prior historical transport row; gameplay capacity uses the least-modern road PM.,0,3.0,Target satisfies usage 1.0 plus engine AI surplus 2; fixed capacity 3.0 per level; no rail or passenger service.
AJJ,Kel Ajjer,STATE_LIBYAN_DESERT,Fezzan,0,pm_traditional_road_network,pm_no_canal_network,pm_no_rail_network,pm_no_passenger_trains,3.0,1.0,100.0_PROJECTED,0,NO,No prior historical transport row; gameplay capacity uses the least-modern road PM.,0,3.0,Target satisfies usage 1.0 plus engine AI surplus 2; fixed capacity 3.0 per level; no rail or passenger service.
AJJ,Kel Ajjer,STATE_NIGER,Niger,0,pm_traditional_road_network,pm_no_canal_network,pm_no_rail_network,pm_no_passenger_trains,3.0,1.0,100.0_PROJECTED,0,NO,No prior historical transport row; gameplay capacity uses the least-modern road PM.,0,3.0,Target satisfies usage 1.0 plus engine AI surplus 2; fixed capacity 3.0 per level; no rail or passenger service.
AJR,Ajuran,STATE_KENYA,Kenya,0,pm_traditional_road_network,pm_no_canal_network,pm_no_rail_network,pm_no_passenger_trains,3.0,0.0,100.0_PROJECTED,0,NO,No prior historical transport row; gameplay capacity uses the least-modern road PM.,0,3.0,Target satisfies usage 0.0 plus engine AI surplus 2; fixed capacity 3.0 per level; no rail or passenger service.
ALK,Alaska,STATE_ALASKA,Alaska,0,pm_traditional_road_network,pm_no_canal_network,pm_no_rail_network,pm_no_passenger_trains,3.0,0.0,100.0_PROJECTED,0,NO,No prior historical transport row; gameplay capacity uses the least-modern road PM.,0,3.0,Target satisfies usage 0.0 plus engine AI surplus 2; fixed capacity 3.0 per level; no rail or passenger service.
ALK,Alaska,STATE_SAKHALIN,Sakhalin,0,pm_traditional_road_network,pm_no_canal_network,pm_no_rail_network,pm_no_passenger_trains,3.0,0.0,100.0_PROJECTED,0,NO,No prior historical transport row; gameplay capacity uses the least-modern road PM.,0,3.0,Target satisfies usage 0.0 plus engine AI surplus 2; fixed capacity 3.0 per level; no rail or passenger service.
ANH,Anhalt,STATE_ANHALT,Anhalt,1,pm_traditional_road_network,pm_no_canal_network,pm_no_rail_network,pm_no_passenger_trains,6.0,1.5,100.0_PROJECTED,0,NO,Basic state-maintained roads and post routes justify only the minimum structured road level. | No industrial canal network assigned.,1,6.0,Target satisfies usage 1.5 plus engine AI surplus 2; fixed capacity 3.0 per level; no rail or passenger service.
ANK,Ankole,STATE_UGANDA,Uganda,0,pm_traditional_road_network,pm_no_canal_network,pm_no_rail_network,pm_no_passenger_trains,3.0,1.0,100.0_PROJECTED,0,NO,No prior historical transport row; gameplay capacity uses the least-modern road PM.,0,3.0,Target satisfies usage 1.0 plus engine AI surplus 2; fixed capacity 3.0 per level; no rail or passenger service.
AP7,Kayapo,STATE_ACRE,Acre,0,pm_traditional_road_network,pm_no_canal_network,pm_no_rail_network,pm_no_passenger_trains,3.0,0.0,100.0_PROJECTED,0,NO,No prior historical transport row; gameplay capacity uses the least-modern road PM.,0,3.0,Target satisfies usage 0.0 plus engine AI surplus 2; fixed capacity 3.0 per level; no rail or passenger service.
AP7,Kayapo,STATE_AMAZONAS,Amazonas,0,pm_traditional_road_network,pm_no_canal_network,pm_no_rail_network,pm_no_passenger_trains,3.0,0.0,100.0_PROJECTED,0,NO,No prior historical transport row; gameplay capacity uses the least-modern road PM.,0,3.0,Target satisfies usage 0.0 plus engine AI surplus 2; fixed capacity 3.0 per level; no rail or passenger service.
AP7,Kayapo,STATE_GUAYANA,Guyana,0,pm_traditional_road_network,pm_no_canal_network,pm_no_rail_network,pm_no_passenger_trains,3.0,0.0,100.0_PROJECTED,0,NO,No prior historical transport row; gameplay capacity uses the least-modern road PM.,0,3.0,Target satisfies usage 0.0 plus engine AI surplus 2; fixed capacity 3.0 per level; no rail or passenger service.
AP7,Kayapo,STATE_LA_PAZ,La Paz,0,pm_traditional_road_network,pm_no_canal_network,pm_no_rail_network,pm_no_passenger_trains,3.0,0.0,100.0_PROJECTED,0,NO,No prior historical transport row; gameplay capacity uses the least-modern road PM.,0,3.0,Target satisfies usage 0.0 plus engine AI surplus 2; fixed capacity 3.0 per level; no rail or passenger service.
AP7,Kayapo,STATE_MATO_GROSSO,Mato Grosso,0,pm_traditional_road_network,pm_no_canal_network,pm_no_rail_network,pm_no_passenger_trains,3.0,0.0,100.0_PROJECTED,0,NO,No prior historical transport row; gameplay capacity uses the least-modern road PM.,0,3.0,Target satisfies usage 0.0 plus engine AI surplus 2; fixed capacity 3.0 per level; no rail or passenger service.
APC,Apache,STATE_ARIZONA,Arizona,0,pm_traditional_road_network,pm_no_canal_network,pm_no_rail_network,pm_no_passenger_trains,3.0,0.0,100.0_PROJECTED,0,NO,No prior historical transport row; gameplay capacity uses the least-modern road PM.,0,3.0,Target satisfies usage 0.0 plus engine AI surplus 2; fixed capacity 3.0 per level; no rail or passenger service.
APC,Apache,STATE_CALIFORNIA,California,0,pm_traditional_road_network,pm_no_canal_network,pm_no_rail_network,pm_no_passenger_trains,3.0,0.0,100.0_PROJECTED,0,NO,No prior historical transport row; gameplay capacity uses the least-modern road PM.,0,3.0,Target satisfies usage 0.0 plus engine AI surplus 2; fixed capacity 3.0 per level; no rail or passenger service.
APC,Apache,STATE_NEW_MEXICO,New Mexico,0,pm_traditional_road_network,pm_no_canal_network,pm_no_rail_network,pm_no_passenger_trains,3.0,0.0,100.0_PROJECTED,0,NO,No prior historical transport row; gameplay capacity uses the least-modern road PM.,0,3.0,Target satisfies usage 0.0 plus engine AI surplus 2; fixed capacity 3.0 per level; no rail or passenger service.
ARB,Arabistan,STATE_KHUZESTAN,Arabistan,1,pm_traditional_road_network,pm_no_canal_network,pm_no_rail_network,pm_no_passenger_trains,6.0,4.0,100.0_PROJECTED,0,NO,"One road level linking Khuzestan to Mesopotamia and interior Persia. | No transport-canal level recommended. | A durable inter-urban caravan, pilgrimage, military or administrative corridor justifies one pre-rail regional infrastructure level; no railway PM is permitted.",1,6.0,Target satisfies usage 4.0 plus engine AI surplus 2; fixed capacity 3.0 per level; no rail or passenger service.
ARH,Arnhem,STATE_NORTHERN_TERRITORY,Northern Territory,0,pm_traditional_road_network,pm_no_canal_network,pm_no_rail_network,pm_no_passenger_trains,3.0,0.0,100.0_PROJECTED,0,NO,No prior historical transport row; gameplay capacity uses the least-modern road PM.,0,3.0,Target satisfies usage 0.0 plus engine AI surplus 2; fixed capacity 3.0 per level; no rail or passenger service.
ARP,Arapaho,STATE_COLORADO,Colorado,0,pm_traditional_road_network,pm_no_canal_network,pm_no_rail_network,pm_no_passenger_trains,3.0,0.0,100.0_PROJECTED,0,NO,No prior historical transport row; gameplay capacity uses the least-modern road PM.,0,3.0,Target satisfies usage 0.0 plus engine AI surplus 2; fixed capacity 3.0 per level; no rail or passenger service.
ARP,Arapaho,STATE_WYOMING,Wyoming,0,pm_traditional_road_network,pm_no_canal_network,pm_no_rail_network,pm_no_passenger_trains,3.0,0.0,100.0_PROJECTED,0,NO,No prior historical transport row; gameplay capacity uses the least-modern road PM.,0,3.0,Target satisfies usage 0.0 plus engine AI surplus 2; fixed capacity 3.0 per level; no rail or passenger service.
ARR,Arrernte,STATE_NORTHERN_TERRITORY,Northern Territory,0,pm_traditional_road_network,pm_no_canal_network,pm_no_rail_network,pm_no_passenger_trains,3.0,0.0,100.0_PROJECTED,0,NO,No prior historical transport row; gameplay capacity uses the least-modern road PM.,0,3.0,Target satisfies usage 0.0 plus engine AI surplus 2; fixed capacity 3.0 per level; no rail or passenger service.
ARR,Arrernte,STATE_QUEENSLAND,Queensland,0,pm_traditional_road_network,pm_no_canal_network,pm_no_rail_network,pm_no_passenger_trains,3.0,0.0,100.0_PROJECTED,0,NO,No prior historical transport row; gameplay capacity uses the least-modern road PM.,0,3.0,Target satisfies usage 0.0 plus engine AI surplus 2; fixed capacity 3.0 per level; no rail or passenger service.
ASH,Ashanti,STATE_GOLD_COAST,Gold Coast,1,pm_traditional_road_network,pm_no_canal_network,pm_no_rail_network,pm_no_passenger_trains,6.0,2.5,100.0_PROJECTED,0,NO,No prior historical transport row; gameplay capacity uses the least-modern road PM.,1,6.0,Target satisfies usage 2.5 plus engine AI surplus 2; fixed capacity 3.0 per level; no rail or passenger service.
ASH,Ashanti,STATE_TOGO,Togo,0,pm_traditional_road_network,pm_no_canal_network,pm_no_rail_network,pm_no_passenger_trains,3.0,0.0,100.0_PROJECTED,0,NO,No prior historical transport row; gameplay capacity uses the least-modern road PM.,0,3.0,Target satisfies usage 0.0 plus engine AI surplus 2; fixed capacity 3.0 per level; no rail or passenger service.
ATB,Athabaska,STATE_ALASKA,Alaska,0,pm_traditional_road_network,pm_no_canal_network,pm_no_rail_network,pm_no_passenger_trains,3.0,0.0,100.0_PROJECTED,0,NO,No prior historical transport row; gameplay capacity uses the least-modern road PM.,0,3.0,Target satisfies usage 0.0 plus engine AI surplus 2; fixed capacity 3.0 per level; no rail or passenger service.
ATB,Athabaska,STATE_BRITISH_COLUMBIA,Northern Columbia,0,pm_traditional_road_network,pm_no_canal_network,pm_no_rail_network,pm_no_passenger_trains,3.0,0.0,100.0_PROJECTED,0,NO,No prior historical transport row; gameplay capacity uses the least-modern road PM.,0,3.0,Target satisfies usage 0.0 plus engine AI surplus 2; fixed capacity 3.0 per level; no rail or passenger service.
ATB,Athabaska,STATE_CHUKOTKA,Chukotka,0,pm_traditional_road_network,pm_no_canal_network,pm_no_rail_network,pm_no_passenger_trains,3.0,0.0,100.0_PROJECTED,0,NO,No prior historical transport row; gameplay capacity uses the least-modern road PM.,0,3.0,Target satisfies usage 0.0 plus engine AI surplus 2; fixed capacity 3.0 per level; no rail or passenger service.
ATB,Athabaska,STATE_NORTHWEST_TERRITORIES,Northwest Territories,0,pm_traditional_road_network,pm_no_canal_network,pm_no_rail_network,pm_no_passenger_trains,3.0,0.0,100.0_PROJECTED,0,NO,No prior historical transport row; gameplay capacity uses the least-modern road PM.,0,3.0,Target satisfies usage 0.0 plus engine AI surplus 2; fixed capacity 3.0 per level; no rail or passenger service.
ATB,Athabaska,STATE_NUNAVUT,Nunavut,0,pm_traditional_road_network,pm_no_canal_network,pm_no_rail_network,pm_no_passenger_trains,3.0,0.0,100.0_PROJECTED,0,NO,No prior historical transport row; gameplay capacity uses the least-modern road PM.,0,3.0,Target satisfies usage 0.0 plus engine AI surplus 2; fixed capacity 3.0 per level; no rail or passenger service.
ATB,Athabaska,STATE_OREGON,Oregon,0,pm_traditional_road_network,pm_no_canal_network,pm_no_rail_network,pm_no_passenger_trains,3.0,0.0,100.0_PROJECTED,0,NO,No prior historical transport row; gameplay capacity uses the least-modern road PM.,0,3.0,Target satisfies usage 0.0 plus engine AI surplus 2; fixed capacity 3.0 per level; no rail or passenger service.
ATB,Athabaska,STATE_WASHINGTON,Southern Columbia,0,pm_traditional_road_network,pm_no_canal_network,pm_no_rail_network,pm_no_passenger_trains,3.0,0.0,100.0_PROJECTED,0,NO,No prior historical transport row; gameplay capacity uses the least-modern road PM.,0,3.0,Target satisfies usage 0.0 plus engine AI surplus 2; fixed capacity 3.0 per level; no rail or passenger service.
ATB,Athabaska,STATE_YUKON_TERRITORY,Yukon Territory,0,pm_traditional_road_network,pm_no_canal_network,pm_no_rail_network,pm_no_passenger_trains,3.0,0.0,100.0_PROJECTED,0,NO,No prior historical transport row; gameplay capacity uses the least-modern road PM.,0,3.0,Target satisfies usage 0.0 plus engine AI surplus 2; fixed capacity 3.0 per level; no rail or passenger service.
ATR,Kel Ataram,STATE_TIMBUKTU,Timbuktu,0,pm_traditional_road_network,pm_no_canal_network,pm_no_rail_network,pm_no_passenger_trains,3.0,1.0,100.0_PROJECTED,0,NO,No prior historical transport row; gameplay capacity uses the least-modern road PM.,0,3.0,Target satisfies usage 1.0 plus engine AI surplus 2; fixed capacity 3.0 per level; no rail or passenger service.
AUL,Aulihan,STATE_KENYA,Kenya,0,pm_traditional_road_network,pm_no_canal_network,pm_no_rail_network,pm_no_passenger_trains,3.0,0.0,100.0_PROJECTED,0,NO,No prior historical transport row; gameplay capacity uses the least-modern road PM.,0,3.0,Target satisfies usage 0.0 plus engine AI surplus 2; fixed capacity 3.0 per level; no rail or passenger service.
AUS,Austria,STATE_AUSTRIA,Austria,4,pm_traditional_road_network,pm_no_canal_network,pm_no_rail_network,pm_no_passenger_trains,15.0,13.0,100.0_PROJECTED,0,NO,Imperial postal and trunk-road administration centered routes on Vienna | No regional industrial canal level justified at 1776 cutoff. | Imperial postal and trunk-road administration centered routes on Vienna; level kept conservative because many large road improvements accelerated later in the century.,4,15.0,Target satisfies usage 13.0 plus engine AI surplus 2; fixed capacity 3.0 per level; no rail or passenger service.
AUS,Austria,STATE_BOHEMIA,Bohemia,6,pm_traditional_road_network,pm_no_canal_network,pm_no_rail_network,pm_no_passenger_trains,21.0,18.5,100.0_PROJECTED,0,NO,"A substantial territorial road network existed, but evidence for highly engineered state roads before the cutoff is mixed. | No regional industrial canal level recommended.",6,21.0,Target satisfies usage 18.5 plus engine AI surplus 2; fixed capacity 3.0 per level; no rail or passenger service.
AUS,Austria,STATE_BUKOVINA,Bukovina,1,pm_traditional_road_network,pm_no_canal_network,pm_no_rail_network,pm_no_passenger_trains,6.0,2.0,100.0_PROJECTED,0,NO,No prior historical transport row; gameplay capacity uses the least-modern road PM.,1,6.0,Target satisfies usage 2.0 plus engine AI surplus 2; fixed capacity 3.0 per level; no rail or passenger service.
AUS,Austria,STATE_CROATIA,Croatia,1,pm_traditional_road_network,pm_no_canal_network,pm_no_rail_network,pm_no_passenger_trains,6.0,2.4,100.0_PROJECTED,0,NO,No prior historical transport row; gameplay capacity uses the least-modern road PM.,1,6.0,Target satisfies usage 2.4 plus engine AI surplus 2; fixed capacity 3.0 per level; no rail or passenger service.
AUS,Austria,STATE_EAST_SWITZERLAND,East Switzerland,0,pm_traditional_road_network,pm_no_canal_network,pm_no_rail_network,pm_no_passenger_trains,3.0,0.0,100.0_PROJECTED,0,NO,No prior historical transport row; gameplay capacity uses the least-modern road PM.,0,3.0,Target satisfies usage 0.0 plus engine AI surplus 2; fixed capacity 3.0 per level; no rail or passenger service.
AUS,Austria,STATE_LOMBARDY,Lombardy,3,pm_traditional_road_network,pm_industrial_canals,pm_no_rail_network,pm_no_passenger_trains,15.0,10.5,100.0_PROJECTED,0,NO,Dense road connections centered on Milan and an economically integrated plain justify above-minimum road capacity. | CANAL level justified: Lombardy’s Navigli formed a long-established navigable canal system serving Milan.,3,15.0,Target satisfies usage 10.5 plus engine AI surplus 2; fixed capacity 4.0 per level; no rail or passenger service.
AUS,Austria,STATE_MORAVIA,Moravia,1,pm_traditional_road_network,pm_no_canal_network,pm_no_rail_network,pm_no_passenger_trains,6.0,3.0,100.0_PROJECTED,0,NO,"Commercial links to Vienna and Brno justify basic structured road capacity, but not a high road level. | No industrial canal network established for this state by the cutoff.",1,6.0,Target satisfies usage 3.0 plus engine AI surplus 2; fixed capacity 3.0 per level; no rail or passenger service.
AUS,Austria,STATE_SLAVONIA,Slavonia,1,pm_traditional_road_network,pm_no_canal_network,pm_no_rail_network,pm_no_passenger_trains,6.0,2.0,100.0_PROJECTED,0,NO,No prior historical transport row; gameplay capacity uses the least-modern road PM.,1,6.0,Target satisfies usage 2.0 plus engine AI surplus 2; fixed capacity 3.0 per level; no rail or passenger service.
AUS,Austria,STATE_SLOVENIA,Slovenia,2,pm_traditional_road_network,pm_no_canal_network,pm_no_rail_network,pm_no_passenger_trains,9.0,3.5,100.0_PROJECTED,0,NO,Habsburg policy explicitly oriented road connections toward Trieste to integrate the imperial hinterland with the port. | No separate regional industrial canal network justified,2,9.0,Target satisfies usage 3.5 plus engine AI surplus 2; fixed capacity 3.0 per level; no rail or passenger service.
AUS,Austria,STATE_STYRIA,Styria,2,pm_traditional_road_network,pm_no_canal_network,pm_no_rail_network,pm_no_passenger_trains,9.0,5.0,100.0_PROJECTED,0,NO,Alpine trade and state routes existed but evidence does not support a high engineered-road level. | No industrial canal network justified.,2,9.0,Target satisfies usage 5.0 plus engine AI surplus 2; fixed capacity 3.0 per level; no rail or passenger service.
AUS,Austria,STATE_TYROL,Tyrol,2,pm_traditional_road_network,pm_no_canal_network,pm_no_rail_network,pm_no_passenger_trains,9.0,5.0,100.0_PROJECTED,0,NO,Brenner and Alpine routes served salt and imperial transit | No industrial canal network possible/justified. | Brenner and Alpine routes served salt and imperial transit; state postal organization was significant.,2,9.0,Target satisfies usage 5.0 plus engine AI surplus 2; fixed capacity 3.0 per level; no rail or passenger service.
AUS,Austria,STATE_UPPER_SILESIA,Upper Silesia,1,pm_traditional_road_network,pm_no_canal_network,pm_no_rail_network,pm_no_passenger_trains,6.0,3.0,100.0_PROJECTED,0,NO,No prior historical transport row; gameplay capacity uses the least-modern road PM.,1,6.0,Target satisfies usage 3.0 plus engine AI surplus 2; fixed capacity 3.0 per level; no rail or passenger service.
AWA,Awadh,STATE_AWADH,Oudh,5,pm_traditional_road_network,pm_no_canal_network,pm_no_rail_network,pm_no_passenger_trains,18.0,14.0,100.0_PROJECTED,0,NO,regional trunk routes linking Awadh to Delhi/Patna | none | Awadh was integrated into the north-Indian overland trade network.,5,18.0,Target satisfies usage 14.0 plus engine AI surplus 2; fixed capacity 3.0 per level; no rail or passenger service.
AYI,Anyi,STATE_IVORY_COAST,Ivory Coast,0,pm_traditional_road_network,pm_no_canal_network,pm_no_rail_network,pm_no_passenger_trains,3.0,0.0,100.0_PROJECTED,0,NO,No prior historical transport row; gameplay capacity uses the least-modern road PM.,0,3.0,Target satisfies usage 0.0 plus engine AI surplus 2; fixed capacity 3.0 per level; no rail or passenger service.
BAD,Baden,STATE_BADEN,Baden,2,pm_traditional_road_network,pm_no_canal_network,pm_no_rail_network,pm_no_passenger_trains,9.0,5.0,100.0_PROJECTED,0,NO,No prior historical transport row; gameplay capacity uses the least-modern road PM.,2,9.0,Target satisfies usage 5.0 plus engine AI surplus 2; fixed capacity 3.0 per level; no rail or passenger service.
BAL,Bali,STATE_SUNDA_ISLANDS,Sunda Islands,1,pm_traditional_road_network,pm_no_canal_network,pm_no_rail_network,pm_no_passenger_trains,6.0,2.0,100.0_PROJECTED,0,NO,No prior historical transport row; gameplay capacity uses the least-modern road PM.,1,6.0,Target satisfies usage 2.0 plus engine AI surplus 2; fixed capacity 3.0 per level; no rail or passenger service.
BAV,Bavaria,STATE_BAVARIA,Bavaria,1,pm_traditional_road_network,pm_no_canal_network,pm_no_rail_network,pm_no_passenger_trains,6.0,3.5,100.0_PROJECTED,0,NO,Important territorial roads existed but a high engineered-road network is not firmly demonstrated for 1776. | No industrial canal network assigned.,1,6.0,Target satisfies usage 3.5 plus engine AI surplus 2; fixed capacity 3.0 per level; no rail or passenger service.
BAV,Bavaria,STATE_FRANCONIA,Franconia,2,pm_traditional_road_network,pm_no_canal_network,pm_no_rail_network,pm_no_passenger_trains,9.0,6.0,100.0_PROJECTED,0,NO,No prior historical transport row; gameplay capacity uses the least-modern road PM.,2,9.0,Target satisfies usage 6.0 plus engine AI surplus 2; fixed capacity 3.0 per level; no rail or passenger service.
BAV,Bavaria,STATE_RHINELAND,Rhineland,0,pm_traditional_road_network,pm_no_canal_network,pm_no_rail_network,pm_no_passenger_trains,3.0,1.0,100.0_PROJECTED,0,NO,No prior historical transport row; gameplay capacity uses the least-modern road PM.,0,3.0,Target satisfies usage 1.0 plus engine AI surplus 2; fixed capacity 3.0 per level; no rail or passenger service.
BEN,Benin,STATE_BENIN,Benin,0,pm_traditional_road_network,pm_no_canal_network,pm_no_rail_network,pm_no_passenger_trains,3.0,0.0,100.0_PROJECTED,0,NO,No prior historical transport row; gameplay capacity uses the least-modern road PM.,0,3.0,Target satisfies usage 0.0 plus engine AI surplus 2; fixed capacity 3.0 per level; no rail or passenger service.
BEO,Belgium,STATE_FLANDERS,Flanders,5,pm_traditional_road_network,pm_industrial_canals,pm_no_rail_network,pm_no_passenger_trains,23.0,18.5,100.0_PROJECTED,0,NO,Paved trunk roads and waterways supported transit and export commerce. | organized canal network attested | The Austrian Netherlands developed an unusually dense paved-road system and connected waterways.,5,23.0,Target satisfies usage 18.5 plus engine AI surplus 2; fixed capacity 4.0 per level; no rail or passenger service.
BEO,Belgium,STATE_GELRE,Gelre,0,pm_traditional_road_network,pm_no_canal_network,pm_no_rail_network,pm_no_passenger_trains,3.0,0.0,100.0_PROJECTED,0,NO,No prior historical transport row; gameplay capacity uses the least-modern road PM.,0,3.0,Target satisfies usage 0.0 plus engine AI surplus 2; fixed capacity 3.0 per level; no rail or passenger service.
BEO,Belgium,STATE_WALLONIA,Wallonia,6,pm_traditional_road_network,pm_industrial_canals,pm_no_rail_network,pm_no_passenger_trains,27.0,25.0,100.0_PROJECTED,0,NO,Roads and navigable waterways connected mining/manufacturing centres. | organized canal network attested | Paved roads and waterways served the mining and metalworking zone.,6,27.0,Target satisfies usage 25.0 plus engine AI surplus 2; fixed capacity 4.0 per level; no rail or passenger service.
BGI,Bagirmi,STATE_WADDAI,Waddai,0,pm_traditional_road_network,pm_no_canal_network,pm_no_rail_network,pm_no_passenger_trains,3.0,0.0,100.0_PROJECTED,0,NO,No prior historical transport row; gameplay capacity uses the least-modern road PM.,0,3.0,Target satisfies usage 0.0 plus engine AI surplus 2; fixed capacity 3.0 per level; no rail or passenger service.
BHN,Bahrain,STATE_ABU_DHABI,Trucial Coast,1,pm_traditional_road_network,pm_no_canal_network,pm_no_rail_network,pm_no_passenger_trains,6.0,1.5,100.0_PROJECTED,0,NO,No prior historical transport row; gameplay capacity uses the least-modern road PM.,1,6.0,Target satisfies usage 1.5 plus engine AI surplus 2; fixed capacity 3.0 per level; no rail or passenger service.
BHN,Bahrain,STATE_LARISTAN,Hormuz,0,pm_traditional_road_network,pm_no_canal_network,pm_no_rail_network,pm_no_passenger_trains,3.0,0.0,100.0_PROJECTED,0,NO,No prior historical transport row; gameplay capacity uses the least-modern road PM.,0,3.0,Target satisfies usage 0.0 plus engine AI surplus 2; fixed capacity 3.0 per level; no rail or passenger service.
BHU,Bhutan,STATE_EASTERN_HIMALAYAS,Eastern Himalayas,1,pm_traditional_road_network,pm_no_canal_network,pm_no_rail_network,pm_no_passenger_trains,6.0,2.0,100.0_PROJECTED,0,NO,No prior historical transport row; gameplay capacity uses the least-modern road PM.,1,6.0,Target satisfies usage 2.0 plus engine AI surplus 2; fixed capacity 3.0 per level; no rail or passenger service.
BHV,Bhavnagar,STATE_GUJARAT,Gujarat,7,pm_traditional_road_network,pm_no_canal_network,pm_no_rail_network,pm_no_passenger_trains,24.0,22.0,100.0_PROJECTED,0,NO,"Surat/Cambay links to Agra, Malwa and Deccan | none | The Surat–Agra route through Gujarat/Malwa was a major long-distance commercial road.",7,24.0,Target satisfies usage 22.0 plus engine AI surplus 2; fixed capacity 3.0 per level; no rail or passenger service.
BIC,East India,STATE_AWADH,Oudh,1,pm_traditional_road_network,pm_no_canal_network,pm_no_rail_network,pm_no_passenger_trains,6.0,3.5,100.0_PROJECTED,0,NO,regional trunk routes linking Awadh to Delhi/Patna | none | Awadh was integrated into the north-Indian overland trade network.,1,6.0,Target satisfies usage 3.5 plus engine AI surplus 2; fixed capacity 3.0 per level; no rail or passenger service.
BIC,East India,STATE_BIHAR,Bihar,3,pm_traditional_road_network,pm_no_canal_network,pm_no_rail_network,pm_no_passenger_trains,12.0,9.5,100.0_PROJECTED,0,NO,"major Gangetic overland connections | none, river transport excluded | Patna/Bihar was tied into the Gangetic road-and-river commercial corridor.",3,12.0,Target satisfies usage 9.5 plus engine AI surplus 2; fixed capacity 3.0 per level; no rail or passenger service.
BIC,East India,STATE_BUNDELKHAND,Bundelkhand,0,pm_traditional_road_network,pm_no_canal_network,pm_no_rail_network,pm_no_passenger_trains,3.0,0.0,100.0_PROJECTED,0,NO,No prior historical transport row; gameplay capacity uses the least-modern road PM.,0,3.0,Target satisfies usage 0.0 plus engine AI surplus 2; fixed capacity 3.0 per level; no rail or passenger service.
BIC,East India,STATE_CIRCARS,Northern Circars,4,pm_traditional_road_network,pm_no_canal_network,pm_no_rail_network,pm_no_passenger_trains,15.0,11.5,100.0_PROJECTED,0,NO,No prior historical transport row; gameplay capacity uses the least-modern road PM.,4,15.0,Target satisfies usage 11.5 plus engine AI surplus 2; fixed capacity 3.0 per level; no rail or passenger service.
BIC,East India,STATE_EAST_BENGAL,East Bengal,9,pm_traditional_road_network,pm_no_canal_network,pm_no_rail_network,pm_no_passenger_trains,30.0,27.0,100.0_PROJECTED,0,NO,No prior historical transport row; gameplay capacity uses the least-modern road PM.,9,30.0,Target satisfies usage 27.0 plus engine AI surplus 2; fixed capacity 3.0 per level; no rail or passenger service.
BIC,East India,STATE_PEGU,Pegu,0,pm_traditional_road_network,pm_no_canal_network,pm_no_rail_network,pm_no_passenger_trains,3.0,0.0,100.0_PROJECTED,0,NO,No prior historical transport row; gameplay capacity uses the least-modern road PM.,0,3.0,Target satisfies usage 0.0 plus engine AI surplus 2; fixed capacity 3.0 per level; no rail or passenger service.
BIC,East India,STATE_WEST_BENGAL,West Bengal,15,pm_traditional_road_network,pm_no_canal_network,pm_no_rail_network,pm_no_passenger_trains,48.0,43.0,100.0_PROJECTED,0,NO,No prior historical transport row; gameplay capacity uses the least-modern road PM.,15,48.0,Target satisfies usage 43.0 plus engine AI surplus 2; fixed capacity 3.0 per level; no rail or passenger service.
BLA,Bilua,STATE_SOLOMON_ISLANDS,Solomon Islands,0,pm_traditional_road_network,pm_no_canal_network,pm_no_rail_network,pm_no_passenger_trains,3.0,0.0,100.0_PROJECTED,0,NO,No prior historical transport row; gameplay capacity uses the least-modern road PM.,0,3.0,Target satisfies usage 0.0 plus engine AI surplus 2; fixed capacity 3.0 per level; no rail or passenger service.
BLE,Baule,STATE_IVORY_COAST,Ivory Coast,0,pm_traditional_road_network,pm_no_canal_network,pm_no_rail_network,pm_no_passenger_trains,3.0,0.0,100.0_PROJECTED,0,NO,No prior historical transport row; gameplay capacity uses the least-modern road PM.,0,3.0,Target satisfies usage 0.0 plus engine AI surplus 2; fixed capacity 3.0 per level; no rail or passenger service.
BLE,Baule,STATE_WINDWARD_COAST,Windward Coast,0,pm_traditional_road_network,pm_no_canal_network,pm_no_rail_network,pm_no_passenger_trains,3.0,0.0,100.0_PROJECTED,0,NO,No prior historical transport row; gameplay capacity uses the least-modern road PM.,0,3.0,Target satisfies usage 0.0 plus engine AI surplus 2; fixed capacity 3.0 per level; no rail or passenger service.
BLF,Niitsitapi,STATE_ALBERTA,Alberta,0,pm_traditional_road_network,pm_no_canal_network,pm_no_rail_network,pm_no_passenger_trains,3.0,0.0,100.0_PROJECTED,0,NO,No prior historical transport row; gameplay capacity uses the least-modern road PM.,0,3.0,Target satisfies usage 0.0 plus engine AI surplus 2; fixed capacity 3.0 per level; no rail or passenger service.
BLF,Niitsitapi,STATE_MONTANA,Montana,0,pm_traditional_road_network,pm_no_canal_network,pm_no_rail_network,pm_no_passenger_trains,3.0,0.0,100.0_PROJECTED,0,NO,No prior historical transport row; gameplay capacity uses the least-modern road PM.,0,3.0,Target satisfies usage 0.0 plus engine AI surplus 2; fixed capacity 3.0 per level; no rail or passenger service.
BLG,Bulungan,STATE_EAST_BORNEO,East Borneo,0,pm_traditional_road_network,pm_no_canal_network,pm_no_rail_network,pm_no_passenger_trains,3.0,0.0,100.0_PROJECTED,0,NO,No prior historical transport row; gameplay capacity uses the least-modern road PM.,0,3.0,Target satisfies usage 0.0 plus engine AI surplus 2; fixed capacity 3.0 per level; no rail or passenger service.
BLG,Bulungan,STATE_NORTH_BORNEO,North Borneo,0,pm_traditional_road_network,pm_no_canal_network,pm_no_rail_network,pm_no_passenger_trains,3.0,0.0,100.0_PROJECTED,0,NO,No prior historical transport row; gameplay capacity uses the least-modern road PM.,0,3.0,Target satisfies usage 0.0 plus engine AI surplus 2; fixed capacity 3.0 per level; no rail or passenger service.
BMB,Bemba,STATE_KAZEMBE,Kazembe,0,pm_traditional_road_network,pm_no_canal_network,pm_no_rail_network,pm_no_passenger_trains,3.0,0.0,100.0_PROJECTED,0,NO,No prior historical transport row; gameplay capacity uses the least-modern road PM.,0,3.0,Target satisfies usage 0.0 plus engine AI surplus 2; fixed capacity 3.0 per level; no rail or passenger service.
BMB,Bemba,STATE_ZAMBIA,Zambia,0,pm_traditional_road_network,pm_no_canal_network,pm_no_rail_network,pm_no_passenger_trains,3.0,0.0,100.0_PROJECTED,0,NO,No prior historical transport row; gameplay capacity uses the least-modern road PM.,0,3.0,Target satisfies usage 0.0 plus engine AI surplus 2; fixed capacity 3.0 per level; no rail or passenger service.
BMM,Bamum,STATE_NORTH_CAMEROON,North Cameroon,0,pm_traditional_road_network,pm_no_canal_network,pm_no_rail_network,pm_no_passenger_trains,3.0,0.0,100.0_PROJECTED,0,NO,No prior historical transport row; gameplay capacity uses the least-modern road PM.,0,3.0,Target satisfies usage 0.0 plus engine AI surplus 2; fixed capacity 3.0 per level; no rail or passenger service.
BND,Bundu,STATE_SENEGAL,Senegal,0,pm_traditional_road_network,pm_no_canal_network,pm_no_rail_network,pm_no_passenger_trains,3.0,0.0,100.0_PROJECTED,0,NO,No prior historical transport row; gameplay capacity uses the least-modern road PM.,0,3.0,Target satisfies usage 0.0 plus engine AI surplus 2; fixed capacity 3.0 per level; no rail or passenger service.
BNG,Bangala,STATE_EQUATEUR,Equateur,0,pm_traditional_road_network,pm_no_canal_network,pm_no_rail_network,pm_no_passenger_trains,3.0,0.0,100.0_PROJECTED,0,NO,No prior historical transport row; gameplay capacity uses the least-modern road PM.,0,3.0,Target satisfies usage 0.0 plus engine AI surplus 2; fixed capacity 3.0 per level; no rail or passenger service.
BNJ,Banjar,STATE_EAST_BORNEO,East Borneo,1,pm_traditional_road_network,pm_no_canal_network,pm_no_rail_network,pm_no_passenger_trains,6.0,1.5,100.0_PROJECTED,0,NO,No prior historical transport row; gameplay capacity uses the least-modern road PM.,1,6.0,Target satisfies usage 1.5 plus engine AI surplus 2; fixed capacity 3.0 per level; no rail or passenger service.
BNN,Pannakwati,STATE_IDAHO,Idaho,0,pm_traditional_road_network,pm_no_canal_network,pm_no_rail_network,pm_no_passenger_trains,3.0,0.0,100.0_PROJECTED,0,NO,No prior historical transport row; gameplay capacity uses the least-modern road PM.,0,3.0,Target satisfies usage 0.0 plus engine AI surplus 2; fixed capacity 3.0 per level; no rail or passenger service.
BNN,Pannakwati,STATE_NEVADA,Nevada,0,pm_traditional_road_network,pm_no_canal_network,pm_no_rail_network,pm_no_passenger_trains,3.0,0.0,100.0_PROJECTED,0,NO,No prior historical transport row; gameplay capacity uses the least-modern road PM.,0,3.0,Target satisfies usage 0.0 plus engine AI surplus 2; fixed capacity 3.0 per level; no rail or passenger service.
BNN,Pannakwati,STATE_WYOMING,Wyoming,0,pm_traditional_road_network,pm_no_canal_network,pm_no_rail_network,pm_no_passenger_trains,3.0,0.0,100.0_PROJECTED,0,NO,No prior historical transport row; gameplay capacity uses the least-modern road PM.,0,3.0,Target satisfies usage 0.0 plus engine AI surplus 2; fixed capacity 3.0 per level; no rail or passenger service.
BNY,Bunyoro,STATE_UGANDA,Uganda,1,pm_traditional_road_network,pm_no_canal_network,pm_no_rail_network,pm_no_passenger_trains,6.0,2.0,100.0_PROJECTED,0,NO,No prior historical transport row; gameplay capacity uses the least-modern road PM.,1,6.0,Target satisfies usage 2.0 plus engine AI surplus 2; fixed capacity 3.0 per level; no rail or passenger service.
BOB,Bobangi,STATE_CONGO,Congo,0,pm_traditional_road_network,pm_no_canal_network,pm_no_rail_network,pm_no_passenger_trains,3.0,0.0,100.0_PROJECTED,0,NO,No prior historical transport row; gameplay capacity uses the least-modern road PM.,0,3.0,Target satisfies usage 0.0 plus engine AI surplus 2; fixed capacity 3.0 per level; no rail or passenger service.
BOB,Bobangi,STATE_EQUATEUR,Equateur,0,pm_traditional_road_network,pm_no_canal_network,pm_no_rail_network,pm_no_passenger_trains,3.0,0.0,100.0_PROJECTED,0,NO,No prior historical transport row; gameplay capacity uses the least-modern road PM.,0,3.0,Target satisfies usage 0.0 plus engine AI surplus 2; fixed capacity 3.0 per level; no rail or passenger service.
BOR,Bornu,STATE_BORNU,Bornu,0,pm_traditional_road_network,pm_no_canal_network,pm_no_rail_network,pm_no_passenger_trains,3.0,0.5,100.0_PROJECTED,0,NO,No prior historical transport row; gameplay capacity uses the least-modern road PM.,0,3.0,Target satisfies usage 0.5 plus engine AI surplus 2; fixed capacity 3.0 per level; no rail or passenger service.
BOR,Bornu,STATE_CHAD,Chad,1,pm_traditional_road_network,pm_no_canal_network,pm_no_rail_network,pm_no_passenger_trains,6.0,4.0,100.0_PROJECTED,0,NO,"One caravan-road level. | No canal level recommended. | A durable inter-urban caravan, pilgrimage, military or administrative corridor justifies one pre-rail regional infrastructure level; no railway PM is permitted.",1,6.0,Target satisfies usage 4.0 plus engine AI surplus 2; fixed capacity 3.0 per level; no rail or passenger service.
BOR,Bornu,STATE_OUTER_HAUSALAND,Outer Hausaland,0,pm_traditional_road_network,pm_no_canal_network,pm_no_rail_network,pm_no_passenger_trains,3.0,0.0,100.0_PROJECTED,0,NO,No prior historical transport row; gameplay capacity uses the least-modern road PM.,0,3.0,Target satisfies usage 0.0 plus engine AI surplus 2; fixed capacity 3.0 per level; no rail or passenger service.
BOR,Bornu,STATE_WADDAI,Waddai,0,pm_traditional_road_network,pm_no_canal_network,pm_no_rail_network,pm_no_passenger_trains,3.0,0.0,100.0_PROJECTED,0,NO,No prior historical transport row; gameplay capacity uses the least-modern road PM.,0,3.0,Target satisfies usage 0.0 plus engine AI surplus 2; fixed capacity 3.0 per level; no rail or passenger service.
BRA,Brunswick,STATE_BRUNSWICK,Brunswick,1,pm_traditional_road_network,pm_no_canal_network,pm_no_rail_network,pm_no_passenger_trains,6.0,3.0,100.0_PROJECTED,0,NO,Brunswick adopted engineered road building around 1770 specifically to improve commerce. | No industrial canal network assigned.,1,6.0,Target satisfies usage 3.0 plus engine AI surplus 2; fixed capacity 3.0 per level; no rail or passenger service.
BRD,Burundi,STATE_TANGANYIKA,Tanganyika,0,pm_traditional_road_network,pm_no_canal_network,pm_no_rail_network,pm_no_passenger_trains,3.0,1.0,100.0_PROJECTED,0,NO,No prior historical transport row; gameplay capacity uses the least-modern road PM.,0,3.0,Target satisfies usage 1.0 plus engine AI surplus 2; fixed capacity 3.0 per level; no rail or passenger service.
BRE,Bremen,STATE_ELBE,Elbe,1,pm_traditional_road_network,pm_no_canal_network,pm_no_rail_network,pm_no_passenger_trains,6.0,2.5,100.0_PROJECTED,0,NO,No prior historical transport row; gameplay capacity uses the least-modern road PM.,1,6.0,Target satisfies usage 2.5 plus engine AI surplus 2; fixed capacity 3.0 per level; no rail or passenger service.
BRG,Borgu,STATE_DAHOMEY,Dahomey,0,pm_traditional_road_network,pm_no_canal_network,pm_no_rail_network,pm_no_passenger_trains,3.0,0.0,100.0_PROJECTED,0,NO,No prior historical transport row; gameplay capacity uses the least-modern road PM.,0,3.0,Target satisfies usage 0.0 plus engine AI surplus 2; fixed capacity 3.0 per level; no rail or passenger service.
BRG,Borgu,STATE_HAUSALAND,Hausaland,0,pm_traditional_road_network,pm_no_canal_network,pm_no_rail_network,pm_no_passenger_trains,3.0,0.0,100.0_PROJECTED,0,NO,No prior historical transport row; gameplay capacity uses the least-modern road PM.,0,3.0,Target satisfies usage 0.0 plus engine AI surplus 2; fixed capacity 3.0 per level; no rail or passenger service.
BRK,Brakna,STATE_MAURITANIA,Mauritania,0,pm_traditional_road_network,pm_no_canal_network,pm_no_rail_network,pm_no_passenger_trains,3.0,1.0,100.0_PROJECTED,0,NO,No prior historical transport row; gameplay capacity uses the least-modern road PM.,0,3.0,Target satisfies usage 1.0 plus engine AI surplus 2; fixed capacity 3.0 per level; no rail or passenger service.
BRU,Brunei,STATE_NORTH_BORNEO,North Borneo,0,pm_traditional_road_network,pm_no_canal_network,pm_no_rail_network,pm_no_passenger_trains,3.0,0.5,100.0_PROJECTED,0,NO,No prior historical transport row; gameplay capacity uses the least-modern road PM.,0,3.0,Target satisfies usage 0.5 plus engine AI surplus 2; fixed capacity 3.0 per level; no rail or passenger service.
BRZ,Brazil,STATE_BAHIA,Bahia,6,pm_traditional_road_network,pm_no_canal_network,pm_no_rail_network,pm_no_passenger_trains,21.0,17.5,100.0_PROJECTED,0,NO,No prior historical transport row; gameplay capacity uses the least-modern road PM.,6,21.0,Target satisfies usage 17.5 plus engine AI surplus 2; fixed capacity 3.0 per level; no rail or passenger service.
BRZ,Brazil,STATE_CEARA,Ceará,1,pm_traditional_road_network,pm_no_canal_network,pm_no_rail_network,pm_no_passenger_trains,6.0,4.0,100.0_PROJECTED,0,NO,No prior historical transport row; gameplay capacity uses the least-modern road PM.,1,6.0,Target satisfies usage 4.0 plus engine AI surplus 2; fixed capacity 3.0 per level; no rail or passenger service.
BRZ,Brazil,STATE_GOIAS,Goiás,2,pm_traditional_road_network,pm_no_canal_network,pm_no_rail_network,pm_no_passenger_trains,9.0,5.0,100.0_PROJECTED,0,NO,1 | 0 | Goiás was one of the major gold discoveries of the first half of the eighteenth century.,2,9.0,Target satisfies usage 5.0 plus engine AI surplus 2; fixed capacity 3.0 per level; no rail or passenger service.
BRZ,Brazil,STATE_MARANHAO,Maranhão,2,pm_traditional_road_network,pm_no_canal_network,pm_no_rail_network,pm_no_passenger_trains,9.0,4.5,100.0_PROJECTED,0,NO,No prior historical transport row; gameplay capacity uses the least-modern road PM.,2,9.0,Target satisfies usage 4.5 plus engine AI surplus 2; fixed capacity 3.0 per level; no rail or passenger service.
BRZ,Brazil,STATE_MINAS_GERAIS,Minas Gerais,7,pm_traditional_road_network,pm_no_canal_network,pm_no_rail_network,pm_no_passenger_trains,24.0,19.5,100.0_PROJECTED,0,NO,2 | 0 | Minas Gerais was the central gold-mining region of eighteenth-century Portuguese America and generated a large internal market.,7,24.0,Target satisfies usage 19.5 plus engine AI surplus 2; fixed capacity 3.0 per level; no rail or passenger service.
BRZ,Brazil,STATE_PARA,Pará,2,pm_traditional_road_network,pm_no_canal_network,pm_no_rail_network,pm_no_passenger_trains,9.0,6.5,100.0_PROJECTED,0,NO,No prior historical transport row; gameplay capacity uses the least-modern road PM.,2,9.0,Target satisfies usage 6.5 plus engine AI surplus 2; fixed capacity 3.0 per level; no rail or passenger service.
BRZ,Brazil,STATE_PARAIBA,Paraíba,1,pm_traditional_road_network,pm_no_canal_network,pm_no_rail_network,pm_no_passenger_trains,6.0,1.5,100.0_PROJECTED,0,NO,No prior historical transport row; gameplay capacity uses the least-modern road PM.,1,6.0,Target satisfies usage 1.5 plus engine AI surplus 2; fixed capacity 3.0 per level; no rail or passenger service.
BRZ,Brazil,STATE_PARANA,Paraná,0,pm_traditional_road_network,pm_no_canal_network,pm_no_rail_network,pm_no_passenger_trains,3.0,1.0,100.0_PROJECTED,0,NO,No prior historical transport row; gameplay capacity uses the least-modern road PM.,0,3.0,Target satisfies usage 1.0 plus engine AI surplus 2; fixed capacity 3.0 per level; no rail or passenger service.
BRZ,Brazil,STATE_PERNAMBUCO,Pernambuco,2,pm_traditional_road_network,pm_no_canal_network,pm_no_rail_network,pm_no_passenger_trains,9.0,6.5,100.0_PROJECTED,0,NO,No prior historical transport row; gameplay capacity uses the least-modern road PM.,2,9.0,Target satisfies usage 6.5 plus engine AI surplus 2; fixed capacity 3.0 per level; no rail or passenger service.
BRZ,Brazil,STATE_PIAUI,Piauí,1,pm_traditional_road_network,pm_no_canal_network,pm_no_rail_network,pm_no_passenger_trains,6.0,3.0,100.0_PROJECTED,0,NO,No prior historical transport row; gameplay capacity uses the least-modern road PM.,1,6.0,Target satisfies usage 3.0 plus engine AI surplus 2; fixed capacity 3.0 per level; no rail or passenger service.
BRZ,Brazil,STATE_RIO_DE_JANEIRO,Rio de Janeiro,8,pm_traditional_road_network,pm_no_canal_network,pm_no_rail_network,pm_no_passenger_trains,27.0,23.0,100.0_PROJECTED,0,NO,2 | 0 | Rio became the colony's principal export/import port for the mining economy and the viceregal capital in 1763.,8,27.0,Target satisfies usage 23.0 plus engine AI surplus 2; fixed capacity 3.0 per level; no rail or passenger service.
BRZ,Brazil,STATE_RIO_GRANDE_DO_NORTE,Rio Grande do Norte,1,pm_traditional_road_network,pm_no_canal_network,pm_no_rail_network,pm_no_passenger_trains,6.0,2.5,100.0_PROJECTED,0,NO,No prior historical transport row; gameplay capacity uses the least-modern road PM.,1,6.0,Target satisfies usage 2.5 plus engine AI surplus 2; fixed capacity 3.0 per level; no rail or passenger service.
BRZ,Brazil,STATE_RIO_GRANDE_DO_SUL,Rio Grande do Sul,1,pm_traditional_road_network,pm_no_canal_network,pm_no_rail_network,pm_no_passenger_trains,6.0,3.0,100.0_PROJECTED,0,NO,No prior historical transport row; gameplay capacity uses the least-modern road PM.,1,6.0,Target satisfies usage 3.0 plus engine AI surplus 2; fixed capacity 3.0 per level; no rail or passenger service.
BRZ,Brazil,STATE_SANTA_CATARINA,Santa Catarina,1,pm_traditional_road_network,pm_no_canal_network,pm_no_rail_network,pm_no_passenger_trains,6.0,2.0,100.0_PROJECTED,0,NO,No prior historical transport row; gameplay capacity uses the least-modern road PM.,1,6.0,Target satisfies usage 2.0 plus engine AI surplus 2; fixed capacity 3.0 per level; no rail or passenger service.
BRZ,Brazil,STATE_SAO_PAULO,São Paulo,1,pm_traditional_road_network,pm_no_canal_network,pm_no_rail_network,pm_no_passenger_trains,6.0,3.5,100.0_PROJECTED,0,NO,"1 | 0 | São Paulo/Santos supported regional agriculture, cattle and coastal trade before the coffee era.",1,6.0,Target satisfies usage 3.5 plus engine AI surplus 2; fixed capacity 3.0 per level; no rail or passenger service.
BST,Basutoland,STATE_VRYSTAAT,Transorangia,0,pm_traditional_road_network,pm_no_canal_network,pm_no_rail_network,pm_no_passenger_trains,3.0,1.0,100.0_PROJECTED,0,NO,No prior historical transport row; gameplay capacity uses the least-modern road PM.,0,3.0,Target satisfies usage 1.0 plus engine AI surplus 2; fixed capacity 3.0 per level; no rail or passenger service.
BST,Basutoland,STATE_ZULULAND,Zululand,0,pm_traditional_road_network,pm_no_canal_network,pm_no_rail_network,pm_no_passenger_trains,3.0,0.0,100.0_PROJECTED,0,NO,No prior historical transport row; gameplay capacity uses the least-modern road PM.,0,3.0,Target satisfies usage 0.0 plus engine AI surplus 2; fixed capacity 3.0 per level; no rail or passenger service.
BTN,Buton,STATE_CELEBES,Celebes,0,pm_traditional_road_network,pm_no_canal_network,pm_no_rail_network,pm_no_passenger_trains,3.0,0.5,100.0_PROJECTED,0,NO,No prior historical transport row; gameplay capacity uses the least-modern road PM.,0,3.0,Target satisfies usage 0.5 plus engine AI surplus 2; fixed capacity 3.0 per level; no rail or passenger service.
BUG,Buganda,STATE_UGANDA,Uganda,1,pm_traditional_road_network,pm_no_canal_network,pm_no_rail_network,pm_no_passenger_trains,6.0,2.0,100.0_PROJECTED,0,NO,No prior historical transport row; gameplay capacity uses the least-modern road PM.,1,6.0,Target satisfies usage 2.0 plus engine AI surplus 2; fixed capacity 3.0 per level; no rail or passenger service.
BUK,Bukhara,STATE_MERZ,Merv,0,pm_traditional_road_network,pm_no_canal_network,pm_no_rail_network,pm_no_passenger_trains,3.0,1.0,100.0_PROJECTED,0,NO,No prior historical transport row; gameplay capacity uses the least-modern road PM.,0,3.0,Target satisfies usage 1.0 plus engine AI surplus 2; fixed capacity 3.0 per level; no rail or passenger service.
BUK,Bukhara,STATE_TAJIKISTAN,Tajikistan,2,pm_traditional_road_network,pm_no_canal_network,pm_no_rail_network,pm_no_passenger_trains,9.0,4.5,100.0_PROJECTED,0,NO,"One oasis/caravan road level. | No transport-canal level recommended. | A durable inter-urban caravan, pilgrimage, military or administrative corridor justifies one pre-rail regional infrastructure level; no railway PM is permitted.",2,9.0,Target satisfies usage 4.5 plus engine AI surplus 2; fixed capacity 3.0 per level; no rail or passenger service.
BUK,Bukhara,STATE_UZBEKIA,Uzbekia,5,pm_traditional_road_network,pm_no_canal_network,pm_no_rail_network,pm_no_passenger_trains,18.0,15.5,100.0_PROJECTED,0,NO,Two road-network levels. | No engineered transport-canal level recommended; irrigation canals are not automatically transport canals. | Bukhara lay at the center of irrigated oasis and caravan networks.,5,18.0,Target satisfies usage 15.5 plus engine AI surplus 2; fixed capacity 3.0 per level; no rail or passenger service.
BUR,Burma,STATE_KACHIN,Sagaing,0,pm_traditional_road_network,pm_no_canal_network,pm_no_rail_network,pm_no_passenger_trains,3.0,0.0,100.0_PROJECTED,0,NO,No prior historical transport row; gameplay capacity uses the least-modern road PM.,0,3.0,Target satisfies usage 0.0 plus engine AI surplus 2; fixed capacity 3.0 per level; no rail or passenger service.
BUR,Burma,STATE_MANDALAY,Mandalay,1,pm_traditional_road_network,pm_no_canal_network,pm_no_rail_network,pm_no_passenger_trains,6.0,4.0,100.0_PROJECTED,0,NO,No prior historical transport row; gameplay capacity uses the least-modern road PM.,1,6.0,Target satisfies usage 4.0 plus engine AI surplus 2; fixed capacity 3.0 per level; no rail or passenger service.
BUR,Burma,STATE_PEGU,Pegu,2,pm_traditional_road_network,pm_no_canal_network,pm_no_rail_network,pm_no_passenger_trains,9.0,4.5,100.0_PROJECTED,0,NO,No prior historical transport row; gameplay capacity uses the least-modern road PM.,2,9.0,Target satisfies usage 4.5 plus engine AI surplus 2; fixed capacity 3.0 per level; no rail or passenger service.
BUR,Burma,STATE_SHAN_STATES,Shan States,0,pm_traditional_road_network,pm_no_canal_network,pm_no_rail_network,pm_no_passenger_trains,3.0,0.0,100.0_PROJECTED,0,NO,No prior historical transport row; gameplay capacity uses the least-modern road PM.,0,3.0,Target satisfies usage 0.0 plus engine AI surplus 2; fixed capacity 3.0 per level; no rail or passenger service.
BUR,Burma,STATE_TENASSERIM,Tenasserim,0,pm_traditional_road_network,pm_no_canal_network,pm_no_rail_network,pm_no_passenger_trains,3.0,1.0,100.0_PROJECTED,0,NO,No prior historical transport row; gameplay capacity uses the least-modern road PM.,0,3.0,Target satisfies usage 1.0 plus engine AI surplus 2; fixed capacity 3.0 per level; no rail or passenger service.
CAM,Cambodia,STATE_CAMBODIA,Cambodia,0,pm_traditional_road_network,pm_no_canal_network,pm_no_rail_network,pm_no_passenger_trains,3.0,1.0,100.0_PROJECTED,0,NO,No prior historical transport row; gameplay capacity uses the least-modern road PM.,0,3.0,Target satisfies usage 1.0 plus engine AI surplus 2; fixed capacity 3.0 per level; no rail or passenger service.
CAUC,Caucuses,STATE_DAGESTAN,Dagestan,1,pm_traditional_road_network,pm_no_canal_network,pm_no_rail_network,pm_no_passenger_trains,6.0,3.5,100.0_PROJECTED,0,NO,No prior historical transport row; gameplay capacity uses the least-modern road PM.,1,6.0,Target satisfies usage 3.5 plus engine AI surplus 2; fixed capacity 3.0 per level; no rail or passenger service.
CAUC,Caucuses,STATE_GREATER_CAUCASUS,Tiflis,2,pm_traditional_road_network,pm_no_canal_network,pm_no_rail_network,pm_no_passenger_trains,9.0,5.5,100.0_PROJECTED,0,NO,"One Caucasian road/trade level. | No canal level recommended. | A durable inter-urban caravan, pilgrimage, military or administrative corridor justifies one pre-rail regional infrastructure level; no railway PM is permitted.",2,9.0,Target satisfies usage 5.5 plus engine AI surplus 2; fixed capacity 3.0 per level; no rail or passenger service.
CAUC,Caucuses,STATE_NORTH_CAUCASUS,North Caucasus,0,pm_traditional_road_network,pm_no_canal_network,pm_no_rail_network,pm_no_passenger_trains,3.0,1.0,100.0_PROJECTED,0,NO,No prior historical transport row; gameplay capacity uses the least-modern road PM.,0,3.0,Target satisfies usage 1.0 plus engine AI surplus 2; fixed capacity 3.0 per level; no rail or passenger service.
CAUC,Caucuses,STATE_STAVROPOL,Stavropol,0,pm_traditional_road_network,pm_no_canal_network,pm_no_rail_network,pm_no_passenger_trains,3.0,1.0,100.0_PROJECTED,0,NO,No prior historical transport row; gameplay capacity uses the least-modern road PM.,0,3.0,Target satisfies usage 1.0 plus engine AI surplus 2; fixed capacity 3.0 per level; no rail or passenger service.
CAY,Cayor,STATE_SENEGAL,Senegal,0,pm_traditional_road_network,pm_no_canal_network,pm_no_rail_network,pm_no_passenger_trains,3.0,0.0,100.0_PROJECTED,0,NO,No prior historical transport row; gameplay capacity uses the least-modern road PM.,0,3.0,Target satisfies usage 0.0 plus engine AI surplus 2; fixed capacity 3.0 per level; no rail or passenger service.
CHC,Chechnya,STATE_DAGESTAN,Dagestan,2,pm_traditional_road_network,pm_no_canal_network,pm_no_rail_network,pm_no_passenger_trains,9.0,4.5,100.0_PROJECTED,0,NO,No prior historical transport row; gameplay capacity uses the least-modern road PM.,2,9.0,Target satisfies usage 4.5 plus engine AI surplus 2; fixed capacity 3.0 per level; no rail or passenger service.
CHC,Chechnya,STATE_NORTH_CAUCASUS,North Caucasus,0,pm_traditional_road_network,pm_no_canal_network,pm_no_rail_network,pm_no_passenger_trains,3.0,1.0,100.0_PROJECTED,0,NO,No prior historical transport row; gameplay capacity uses the least-modern road PM.,0,3.0,Target satisfies usage 1.0 plus engine AI surplus 2; fixed capacity 3.0 per level; no rail or passenger service.
CHI,China,STATE_ALTAI,Altai,0,pm_traditional_road_network,pm_no_canal_network,pm_no_rail_network,pm_no_passenger_trains,3.0,0.0,100.0_PROJECTED,0,NO,No prior historical transport row; gameplay capacity uses the least-modern road PM.,0,3.0,Target satisfies usage 0.0 plus engine AI surplus 2; fixed capacity 3.0 per level; no rail or passenger service.
CHI,China,STATE_ALXA,Alxa,0,pm_traditional_road_network,pm_no_canal_network,pm_no_rail_network,pm_no_passenger_trains,3.0,0.0,100.0_PROJECTED,0,NO,No prior historical transport row; gameplay capacity uses the least-modern road PM.,0,3.0,Target satisfies usage 0.0 plus engine AI surplus 2; fixed capacity 3.0 per level; no rail or passenger service.
CHI,China,STATE_AMUR,Northern Heilongjiang,0,pm_traditional_road_network,pm_no_canal_network,pm_no_rail_network,pm_no_passenger_trains,3.0,1.0,100.0_PROJECTED,0,NO,No prior historical transport row; gameplay capacity uses the least-modern road PM.,0,3.0,Target satisfies usage 1.0 plus engine AI surplus 2; fixed capacity 3.0 per level; no rail or passenger service.
CHI,China,STATE_BEIJING,Beijing,21,pm_traditional_road_network,pm_industrial_canals,pm_no_rail_network,pm_no_passenger_trains,87.0,83.0,100.0_PROJECTED,0,NO,2 | 1 | Imperial road network and northern terminus of Grand Canal system,21,87.0,Target satisfies usage 83.0 plus engine AI surplus 2; fixed capacity 4.0 per level; no rail or passenger service.
CHI,China,STATE_CHONGQING,Chongqing,0,pm_traditional_road_network,pm_no_canal_network,pm_no_rail_network,pm_no_passenger_trains,3.0,0.0,100.0_PROJECTED,0,NO,No prior historical transport row; gameplay capacity uses the least-modern road PM.,0,3.0,Target satisfies usage 0.0 plus engine AI surplus 2; fixed capacity 3.0 per level; no rail or passenger service.
CHI,China,STATE_DZUNGARIA,Dzungaria,0,pm_traditional_road_network,pm_no_canal_network,pm_no_rail_network,pm_no_passenger_trains,3.0,0.0,100.0_PROJECTED,0,NO,No prior historical transport row; gameplay capacity uses the least-modern road PM.,0,3.0,Target satisfies usage 0.0 plus engine AI surplus 2; fixed capacity 3.0 per level; no rail or passenger service.
CHI,China,STATE_EASTERN_HUBEI,Eastern Hubei,14,pm_traditional_road_network,pm_no_canal_network,pm_no_rail_network,pm_no_passenger_trains,45.0,42.5,100.0_PROJECTED,0,NO,No prior historical transport row; gameplay capacity uses the least-modern road PM.,14,45.0,Target satisfies usage 42.5 plus engine AI surplus 2; fixed capacity 3.0 per level; no rail or passenger service.
CHI,China,STATE_FORMOSA,Formosa,1,pm_traditional_road_network,pm_no_canal_network,pm_no_rail_network,pm_no_passenger_trains,6.0,2.0,100.0_PROJECTED,0,NO,No prior historical transport row; gameplay capacity uses the least-modern road PM.,1,6.0,Target satisfies usage 2.0 plus engine AI surplus 2; fixed capacity 3.0 per level; no rail or passenger service.
CHI,China,STATE_FUJIAN,Fujian,14,pm_traditional_road_network,pm_no_canal_network,pm_no_rail_network,pm_no_passenger_trains,45.0,41.0,100.0_PROJECTED,0,NO,No prior historical transport row; gameplay capacity uses the least-modern road PM.,14,45.0,Target satisfies usage 41.0 plus engine AI surplus 2; fixed capacity 3.0 per level; no rail or passenger service.
CHI,China,STATE_GANSU,Gansu,0,pm_traditional_road_network,pm_no_canal_network,pm_no_rail_network,pm_no_passenger_trains,3.0,0.0,100.0_PROJECTED,0,NO,No prior historical transport row; gameplay capacity uses the least-modern road PM.,0,3.0,Target satisfies usage 0.0 plus engine AI surplus 2; fixed capacity 3.0 per level; no rail or passenger service.
CHI,China,STATE_GUANGDONG,Western Guangdong,2,pm_traditional_road_network,pm_no_canal_network,pm_no_rail_network,pm_no_passenger_trains,9.0,5.4,100.0_PROJECTED,0,NO,No prior historical transport row; gameplay capacity uses the least-modern road PM.,2,9.0,Target satisfies usage 5.4 plus engine AI surplus 2; fixed capacity 3.0 per level; no rail or passenger service.
CHI,China,STATE_GUANGXI,Guangxi,0,pm_traditional_road_network,pm_no_canal_network,pm_no_rail_network,pm_no_passenger_trains,3.0,0.0,100.0_PROJECTED,0,NO,No prior historical transport row; gameplay capacity uses the least-modern road PM.,0,3.0,Target satisfies usage 0.0 plus engine AI surplus 2; fixed capacity 3.0 per level; no rail or passenger service.
CHI,China,STATE_GUIZHOU,Guizhou,0,pm_traditional_road_network,pm_no_canal_network,pm_no_rail_network,pm_no_passenger_trains,3.0,0.0,100.0_PROJECTED,0,NO,No prior historical transport row; gameplay capacity uses the least-modern road PM.,0,3.0,Target satisfies usage 0.0 plus engine AI surplus 2; fixed capacity 3.0 per level; no rail or passenger service.
CHI,China,STATE_HENAN,Henan,18,pm_traditional_road_network,pm_no_canal_network,pm_no_rail_network,pm_no_passenger_trains,57.0,55.0,100.0_PROJECTED,0,NO,No prior historical transport row; gameplay capacity uses the least-modern road PM.,18,57.0,Target satisfies usage 55.0 plus engine AI surplus 2; fixed capacity 3.0 per level; no rail or passenger service.
CHI,China,STATE_HINGGAN,Inner Mongolia,0,pm_traditional_road_network,pm_no_canal_network,pm_no_rail_network,pm_no_passenger_trains,3.0,0.0,100.0_PROJECTED,0,NO,No prior historical transport row; gameplay capacity uses the least-modern road PM.,0,3.0,Target satisfies usage 0.0 plus engine AI surplus 2; fixed capacity 3.0 per level; no rail or passenger service.
CHI,China,STATE_HUNAN,Hunan,13,pm_traditional_road_network,pm_no_canal_network,pm_no_rail_network,pm_no_passenger_trains,42.0,40.0,100.0_PROJECTED,0,NO,No prior historical transport row; gameplay capacity uses the least-modern road PM.,13,42.0,Target satisfies usage 40.0 plus engine AI surplus 2; fixed capacity 3.0 per level; no rail or passenger service.
CHI,China,STATE_JETISY,Ili,0,pm_traditional_road_network,pm_no_canal_network,pm_no_rail_network,pm_no_passenger_trains,3.0,0.0,100.0_PROJECTED,0,NO,No prior historical transport row; gameplay capacity uses the least-modern road PM.,0,3.0,Target satisfies usage 0.0 plus engine AI surplus 2; fixed capacity 3.0 per level; no rail or passenger service.
CHI,China,STATE_JIANGSU,Jiangsu,13,pm_traditional_road_network,pm_industrial_canals,pm_no_rail_network,pm_no_passenger_trains,55.0,52.0,100.0_PROJECTED,0,NO,2 | 3 | Core lower Grand Canal transport corridor,13,55.0,Target satisfies usage 52.0 plus engine AI surplus 2; fixed capacity 4.0 per level; no rail or passenger service.
CHI,China,STATE_JIANGXI,Jiangxi,16,pm_traditional_road_network,pm_no_canal_network,pm_no_rail_network,pm_no_passenger_trains,51.0,48.0,100.0_PROJECTED,0,NO,No prior historical transport row; gameplay capacity uses the least-modern road PM.,16,51.0,Target satisfies usage 48.0 plus engine AI surplus 2; fixed capacity 3.0 per level; no rail or passenger service.
CHI,China,STATE_KIRGHIZIA,Kirghizia,1,pm_traditional_road_network,pm_no_canal_network,pm_no_rail_network,pm_no_passenger_trains,6.0,2.0,100.0_PROJECTED,0,NO,No prior historical transport row; gameplay capacity uses the least-modern road PM.,1,6.0,Target satisfies usage 2.0 plus engine AI surplus 2; fixed capacity 3.0 per level; no rail or passenger service.
CHI,China,STATE_NANJING,Nanjing,20,pm_traditional_road_network,pm_industrial_canals,pm_no_rail_network,pm_no_passenger_trains,83.0,77.5,100.0_PROJECTED,0,NO,1 | 2 | Grand Canal/Yangzi-linked transport system,20,83.0,Target satisfies usage 77.5 plus engine AI surplus 2; fixed capacity 4.0 per level; no rail or passenger service.
CHI,China,STATE_NINGXIA,Ningxia,0,pm_traditional_road_network,pm_no_canal_network,pm_no_rail_network,pm_no_passenger_trains,3.0,0.0,100.0_PROJECTED,0,NO,No prior historical transport row; gameplay capacity uses the least-modern road PM.,0,3.0,Target satisfies usage 0.0 plus engine AI surplus 2; fixed capacity 3.0 per level; no rail or passenger service.
CHI,China,STATE_NORTHERN_ANHUI,Northern Anhui,0,pm_traditional_road_network,pm_no_canal_network,pm_no_rail_network,pm_no_passenger_trains,3.0,0.0,100.0_PROJECTED,0,NO,No prior historical transport row; gameplay capacity uses the least-modern road PM.,0,3.0,Target satisfies usage 0.0 plus engine AI surplus 2; fixed capacity 3.0 per level; no rail or passenger service.
CHI,China,STATE_NORTHERN_MANCHURIA,Southern Heilongjiang,0,pm_traditional_road_network,pm_no_canal_network,pm_no_rail_network,pm_no_passenger_trains,3.0,0.0,100.0_PROJECTED,0,NO,No prior historical transport row; gameplay capacity uses the least-modern road PM.,0,3.0,Target satisfies usage 0.0 plus engine AI surplus 2; fixed capacity 3.0 per level; no rail or passenger service.
CHI,China,STATE_OUTER_MANCHURIA,Northern Jilin,0,pm_traditional_road_network,pm_no_canal_network,pm_no_rail_network,pm_no_passenger_trains,3.0,0.0,100.0_PROJECTED,0,NO,No prior historical transport row; gameplay capacity uses the least-modern road PM.,0,3.0,Target satisfies usage 0.0 plus engine AI surplus 2; fixed capacity 3.0 per level; no rail or passenger service.
CHI,China,STATE_QINGHAI,Qinghai,0,pm_traditional_road_network,pm_no_canal_network,pm_no_rail_network,pm_no_passenger_trains,3.0,0.0,100.0_PROJECTED,0,NO,No prior historical transport row; gameplay capacity uses the least-modern road PM.,0,3.0,Target satisfies usage 0.0 plus engine AI surplus 2; fixed capacity 3.0 per level; no rail or passenger service.
CHI,China,STATE_SHANDONG,Shandong,15,pm_traditional_road_network,pm_industrial_canals,pm_no_rail_network,pm_no_passenger_trains,63.0,59.4,100.0_PROJECTED,0,NO,1 | 2 | Grand Canal corridor through Shandong,15,63.0,Target satisfies usage 59.4 plus engine AI surplus 2; fixed capacity 4.0 per level; no rail or passenger service.
CHI,China,STATE_SHANXI,Shanxi,14,pm_traditional_road_network,pm_no_canal_network,pm_no_rail_network,pm_no_passenger_trains,45.0,42.0,100.0_PROJECTED,0,NO,No prior historical transport row; gameplay capacity uses the least-modern road PM.,14,45.0,Target satisfies usage 42.0 plus engine AI surplus 2; fixed capacity 3.0 per level; no rail or passenger service.
CHI,China,STATE_SHAOZHOU,Eastern Guangdong,0,pm_traditional_road_network,pm_no_canal_network,pm_no_rail_network,pm_no_passenger_trains,3.0,0.0,100.0_PROJECTED,0,NO,No prior historical transport row; gameplay capacity uses the least-modern road PM.,0,3.0,Target satisfies usage 0.0 plus engine AI surplus 2; fixed capacity 3.0 per level; no rail or passenger service.
CHI,China,STATE_SHENGJING,Shengjing,0,pm_traditional_road_network,pm_no_canal_network,pm_no_rail_network,pm_no_passenger_trains,3.0,0.0,100.0_PROJECTED,0,NO,No prior historical transport row; gameplay capacity uses the least-modern road PM.,0,3.0,Target satisfies usage 0.0 plus engine AI surplus 2; fixed capacity 3.0 per level; no rail or passenger service.
CHI,China,STATE_SICHUAN,Sichuan,18,pm_traditional_road_network,pm_no_canal_network,pm_no_rail_network,pm_no_passenger_trains,57.0,52.5,100.0_PROJECTED,0,NO,No prior historical transport row; gameplay capacity uses the least-modern road PM.,18,57.0,Target satisfies usage 52.5 plus engine AI surplus 2; fixed capacity 3.0 per level; no rail or passenger service.
CHI,China,STATE_SOUTHERN_ANHUI,Southern Anhui,0,pm_traditional_road_network,pm_no_canal_network,pm_no_rail_network,pm_no_passenger_trains,3.0,0.0,100.0_PROJECTED,0,NO,No prior historical transport row; gameplay capacity uses the least-modern road PM.,0,3.0,Target satisfies usage 0.0 plus engine AI surplus 2; fixed capacity 3.0 per level; no rail or passenger service.
CHI,China,STATE_SOUTHERN_MANCHURIA,Southern Jilin,0,pm_traditional_road_network,pm_no_canal_network,pm_no_rail_network,pm_no_passenger_trains,3.0,0.0,100.0_PROJECTED,0,NO,No prior historical transport row; gameplay capacity uses the least-modern road PM.,0,3.0,Target satisfies usage 0.0 plus engine AI surplus 2; fixed capacity 3.0 per level; no rail or passenger service.
CHI,China,STATE_SUZHOU,Suzhou,15,pm_traditional_road_network,pm_industrial_canals,pm_no_rail_network,pm_no_passenger_trains,63.0,60.5,100.0_PROJECTED,0,NO,1 | 2 | Canal-rich Jiangnan transport system,15,63.0,Target satisfies usage 60.5 plus engine AI surplus 2; fixed capacity 4.0 per level; no rail or passenger service.
CHI,China,STATE_TIANSHAN,Tarim Basin,0,pm_traditional_road_network,pm_no_canal_network,pm_no_rail_network,pm_no_passenger_trains,3.0,0.0,100.0_PROJECTED,0,NO,No prior historical transport row; gameplay capacity uses the least-modern road PM.,0,3.0,Target satisfies usage 0.0 plus engine AI surplus 2; fixed capacity 3.0 per level; no rail or passenger service.
CHI,China,STATE_TUVA,Tuva,0,pm_traditional_road_network,pm_no_canal_network,pm_no_rail_network,pm_no_passenger_trains,3.0,0.0,100.0_PROJECTED,0,NO,No prior historical transport row; gameplay capacity uses the least-modern road PM.,0,3.0,Target satisfies usage 0.0 plus engine AI surplus 2; fixed capacity 3.0 per level; no rail or passenger service.
CHI,China,STATE_ULIASTAI,Uliastai,0,pm_traditional_road_network,pm_no_canal_network,pm_no_rail_network,pm_no_passenger_trains,3.0,0.0,100.0_PROJECTED,0,NO,No prior historical transport row; gameplay capacity uses the least-modern road PM.,0,3.0,Target satisfies usage 0.0 plus engine AI surplus 2; fixed capacity 3.0 per level; no rail or passenger service.
CHI,China,STATE_URGA,Urga,0,pm_traditional_road_network,pm_no_canal_network,pm_no_rail_network,pm_no_passenger_trains,3.0,0.0,100.0_PROJECTED,0,NO,No prior historical transport row; gameplay capacity uses the least-modern road PM.,0,3.0,Target satisfies usage 0.0 plus engine AI surplus 2; fixed capacity 3.0 per level; no rail or passenger service.
CHI,China,STATE_WESTERN_HUBEI,Western Hubei,12,pm_traditional_road_network,pm_no_canal_network,pm_no_rail_network,pm_no_passenger_trains,39.0,36.0,100.0_PROJECTED,0,NO,No prior historical transport row; gameplay capacity uses the least-modern road PM.,12,39.0,Target satisfies usage 36.0 plus engine AI surplus 2; fixed capacity 3.0 per level; no rail or passenger service.
CHI,China,STATE_XIAN,Xi’an,12,pm_traditional_road_network,pm_no_canal_network,pm_no_rail_network,pm_no_passenger_trains,39.0,35.0,100.0_PROJECTED,0,NO,No prior historical transport row; gameplay capacity uses the least-modern road PM.,12,39.0,Target satisfies usage 35.0 plus engine AI surplus 2; fixed capacity 3.0 per level; no rail or passenger service.
CHI,China,STATE_YUNNAN,Yunnan,3,pm_traditional_road_network,pm_no_canal_network,pm_no_rail_network,pm_no_passenger_trains,12.0,10.0,100.0_PROJECTED,0,NO,No prior historical transport row; gameplay capacity uses the least-modern road PM.,3,12.0,Target satisfies usage 10.0 plus engine AI surplus 2; fixed capacity 3.0 per level; no rail or passenger service.
CHI,China,STATE_ZHEJIANG,Zhejiang,2,pm_traditional_road_network,pm_industrial_canals,pm_no_rail_network,pm_no_passenger_trains,11.0,8.5,100.0_PROJECTED,0,NO,1 | 2 | Southern terminus and feeder waterways of Grand Canal,2,11.0,Target satisfies usage 8.5 plus engine AI surplus 2; fixed capacity 4.0 per level; no rail or passenger service.
CHI,China,STATE_ZHILI,Hebei,15,pm_traditional_road_network,pm_industrial_canals,pm_no_rail_network,pm_no_passenger_trains,63.0,57.5,100.0_PROJECTED,0,NO,2 | Grand Canal and capital road approaches,15,63.0,Target satisfies usage 57.5 plus engine AI surplus 2; fixed capacity 4.0 per level; no rail or passenger service.
CHK,Chokwe,STATE_EAST_ANGOLA,East Angola,0,pm_traditional_road_network,pm_no_canal_network,pm_no_rail_network,pm_no_passenger_trains,3.0,0.0,100.0_PROJECTED,0,NO,No prior historical transport row; gameplay capacity uses the least-modern road PM.,0,3.0,Target satisfies usage 0.0 plus engine AI surplus 2; fixed capacity 3.0 per level; no rail or passenger service.
CHP,Champasak,STATE_LAOS,Laos,0,pm_traditional_road_network,pm_no_canal_network,pm_no_rail_network,pm_no_passenger_trains,3.0,0.0,100.0_PROJECTED,0,NO,No prior historical transport row; gameplay capacity uses the least-modern road PM.,0,3.0,Target satisfies usage 0.0 plus engine AI surplus 2; fixed capacity 3.0 per level; no rail or passenger service.
CIR,Circassia,STATE_KUBAN,Kuban,2,pm_traditional_road_network,pm_no_canal_network,pm_no_rail_network,pm_no_passenger_trains,9.0,4.5,100.0_PROJECTED,0,NO,No prior historical transport row; gameplay capacity uses the least-modern road PM.,2,9.0,Target satisfies usage 4.5 plus engine AI surplus 2; fixed capacity 3.0 per level; no rail or passenger service.
CIR,Circassia,STATE_NORTH_CAUCASUS,North Caucasus,0,pm_traditional_road_network,pm_no_canal_network,pm_no_rail_network,pm_no_passenger_trains,3.0,1.0,100.0_PROJECTED,0,NO,No prior historical transport row; gameplay capacity uses the least-modern road PM.,0,3.0,Target satisfies usage 1.0 plus engine AI surplus 2; fixed capacity 3.0 per level; no rail or passenger service.
CMB,Chaamba,STATE_EAST_SAHARA,East Sahara,0,pm_traditional_road_network,pm_no_canal_network,pm_no_rail_network,pm_no_passenger_trains,3.0,1.0,100.0_PROJECTED,0,NO,No prior historical transport row; gameplay capacity uses the least-modern road PM.,0,3.0,Target satisfies usage 1.0 plus engine AI surplus 2; fixed capacity 3.0 per level; no rail or passenger service.
CMB,Chaamba,STATE_SAHARA,Sahara,0,pm_traditional_road_network,pm_no_canal_network,pm_no_rail_network,pm_no_passenger_trains,3.0,1.0,100.0_PROJECTED,0,NO,No prior historical transport row; gameplay capacity uses the least-modern road PM.,0,3.0,Target satisfies usage 1.0 plus engine AI surplus 2; fixed capacity 3.0 per level; no rail or passenger service.
CMI,Chiang Mai,STATE_CHIANG_MAI,Chiang Mai,0,pm_traditional_road_network,pm_no_canal_network,pm_no_rail_network,pm_no_passenger_trains,3.0,0.5,100.0_PROJECTED,0,NO,No prior historical transport row; gameplay capacity uses the least-modern road PM.,0,3.0,Target satisfies usage 0.5 plus engine AI surplus 2; fixed capacity 3.0 per level; no rail or passenger service.
COB,Saxe-Coburg-Gotha,STATE_SAXONY,Saxony,1,pm_traditional_road_network,pm_no_canal_network,pm_no_rail_network,pm_no_passenger_trains,6.0,1.5,100.0_PROJECTED,0,NO,No prior historical transport row; gameplay capacity uses the least-modern road PM.,1,6.0,Target satisfies usage 1.5 plus engine AI surplus 2; fixed capacity 3.0 per level; no rail or passenger service.
COC,Cochin,STATE_TRAVANCORE,Malabar,2,pm_traditional_road_network,pm_no_canal_network,pm_no_rail_network,pm_no_passenger_trains,9.0,6.0,100.0_PROJECTED,0,NO,No prior historical transport row; gameplay capacity uses the least-modern road PM.,2,9.0,Target satisfies usage 6.0 plus engine AI surplus 2; fixed capacity 3.0 per level; no rail or passenger service.
COM,Comanche,STATE_ALABAMA,Alabama,0,pm_traditional_road_network,pm_no_canal_network,pm_no_rail_network,pm_no_passenger_trains,3.0,0.0,100.0_PROJECTED,0,NO,No prior historical transport row; gameplay capacity uses the least-modern road PM.,0,3.0,Target satisfies usage 0.0 plus engine AI surplus 2; fixed capacity 3.0 per level; no rail or passenger service.
COM,Comanche,STATE_ARKANSAS,Arkansas,0,pm_traditional_road_network,pm_no_canal_network,pm_no_rail_network,pm_no_passenger_trains,3.0,0.0,100.0_PROJECTED,0,NO,No prior historical transport row; gameplay capacity uses the least-modern road PM.,0,3.0,Target satisfies usage 0.0 plus engine AI surplus 2; fixed capacity 3.0 per level; no rail or passenger service.
COM,Comanche,STATE_KANSAS,Kansas,0,pm_traditional_road_network,pm_no_canal_network,pm_no_rail_network,pm_no_passenger_trains,3.0,0.0,100.0_PROJECTED,0,NO,No prior historical transport row; gameplay capacity uses the least-modern road PM.,0,3.0,Target satisfies usage 0.0 plus engine AI surplus 2; fixed capacity 3.0 per level; no rail or passenger service.
COM,Comanche,STATE_KENTUCKY,Kentucky,0,pm_traditional_road_network,pm_no_canal_network,pm_no_rail_network,pm_no_passenger_trains,3.0,0.0,100.0_PROJECTED,0,NO,No prior historical transport row; gameplay capacity uses the least-modern road PM.,0,3.0,Target satisfies usage 0.0 plus engine AI surplus 2; fixed capacity 3.0 per level; no rail or passenger service.
COM,Comanche,STATE_MISSISSIPPI,Mississippi,0,pm_traditional_road_network,pm_no_canal_network,pm_no_rail_network,pm_no_passenger_trains,3.0,0.0,100.0_PROJECTED,0,NO,No prior historical transport row; gameplay capacity uses the least-modern road PM.,0,3.0,Target satisfies usage 0.0 plus engine AI surplus 2; fixed capacity 3.0 per level; no rail or passenger service.
COM,Comanche,STATE_MISSOURI,Missouri,0,pm_traditional_road_network,pm_no_canal_network,pm_no_rail_network,pm_no_passenger_trains,3.0,0.0,100.0_PROJECTED,0,NO,No prior historical transport row; gameplay capacity uses the least-modern road PM.,0,3.0,Target satisfies usage 0.0 plus engine AI surplus 2; fixed capacity 3.0 per level; no rail or passenger service.
COM,Comanche,STATE_NEW_MEXICO,New Mexico,0,pm_traditional_road_network,pm_no_canal_network,pm_no_rail_network,pm_no_passenger_trains,3.0,0.0,100.0_PROJECTED,0,NO,No prior historical transport row; gameplay capacity uses the least-modern road PM.,0,3.0,Target satisfies usage 0.0 plus engine AI surplus 2; fixed capacity 3.0 per level; no rail or passenger service.
COM,Comanche,STATE_OKLAHOMA,Oklahoma,0,pm_traditional_road_network,pm_no_canal_network,pm_no_rail_network,pm_no_passenger_trains,3.0,0.0,100.0_PROJECTED,0,NO,No prior historical transport row; gameplay capacity uses the least-modern road PM.,0,3.0,Target satisfies usage 0.0 plus engine AI surplus 2; fixed capacity 3.0 per level; no rail or passenger service.
COM,Comanche,STATE_TENNESSEE,Tennessee,0,pm_traditional_road_network,pm_no_canal_network,pm_no_rail_network,pm_no_passenger_trains,3.0,0.0,100.0_PROJECTED,0,NO,No prior historical transport row; gameplay capacity uses the least-modern road PM.,0,3.0,Target satisfies usage 0.0 plus engine AI surplus 2; fixed capacity 3.0 per level; no rail or passenger service.
COM,Comanche,STATE_TEXAS,Texas,0,pm_traditional_road_network,pm_no_canal_network,pm_no_rail_network,pm_no_passenger_trains,3.0,0.0,100.0_PROJECTED,0,NO,No prior historical transport row; gameplay capacity uses the least-modern road PM.,0,3.0,Target satisfies usage 0.0 plus engine AI surplus 2; fixed capacity 3.0 per level; no rail or passenger service.
CON,Constantine,STATE_CONSTANTINE,Constantine,3,pm_traditional_road_network,pm_no_canal_network,pm_no_rail_network,pm_no_passenger_trains,12.0,8.0,100.0_PROJECTED,0,NO,"One road-network level. | No canal level recommended. | A durable inter-urban caravan, pilgrimage, military or administrative corridor justifies one pre-rail regional infrastructure level; no railway PM is permitted.",3,12.0,Target satisfies usage 8.0 plus engine AI surplus 2; fixed capacity 3.0 per level; no rail or passenger service.
COO,Cooch Behar,STATE_WEST_BENGAL,West Bengal,0,pm_traditional_road_network,pm_no_canal_network,pm_no_rail_network,pm_no_passenger_trains,3.0,0.0,100.0_PROJECTED,0,NO,No prior historical transport row; gameplay capacity uses the least-modern road PM.,0,3.0,Target satisfies usage 0.0 plus engine AI surplus 2; fixed capacity 3.0 per level; no rail or passenger service.
CRI,Crimea,STATE_BESSARABIA,Bessarabia,1,pm_traditional_road_network,pm_no_canal_network,pm_no_rail_network,pm_no_passenger_trains,6.0,3.0,100.0_PROJECTED,0,NO,No prior historical transport row; gameplay capacity uses the least-modern road PM.,1,6.0,Target satisfies usage 3.0 plus engine AI surplus 2; fixed capacity 3.0 per level; no rail or passenger service.
CRI,Crimea,STATE_CHERSON,Odessa,1,pm_traditional_road_network,pm_no_canal_network,pm_no_rail_network,pm_no_passenger_trains,6.0,2.0,100.0_PROJECTED,0,NO,No prior historical transport row; gameplay capacity uses the least-modern road PM.,1,6.0,Target satisfies usage 2.0 plus engine AI surplus 2; fixed capacity 3.0 per level; no rail or passenger service.
CRI,Crimea,STATE_CRIMEA,Crimea,3,pm_traditional_road_network,pm_no_canal_network,pm_no_rail_network,pm_no_passenger_trains,12.0,9.0,100.0_PROJECTED,0,NO,Level 1 traditional road/caravan network. | No canal PM. | Caravan and overland routes linked Crimean market towns; keep road infrastructure minimal.,3,12.0,Target satisfies usage 9.0 plus engine AI surplus 2; fixed capacity 3.0 per level; no rail or passenger service.
CRI,Crimea,STATE_KUBAN,Kuban,1,pm_traditional_road_network,pm_no_canal_network,pm_no_rail_network,pm_no_passenger_trains,6.0,2.0,100.0_PROJECTED,0,NO,No prior historical transport row; gameplay capacity uses the least-modern road PM.,1,6.0,Target satisfies usage 2.0 plus engine AI surplus 2; fixed capacity 3.0 per level; no rail or passenger service.
CRI,Crimea,STATE_TAURIDA,Aleksandrovsk,2,pm_traditional_road_network,pm_no_canal_network,pm_no_rail_network,pm_no_passenger_trains,9.0,5.0,100.0_PROJECTED,0,NO,No prior historical transport row; gameplay capacity uses the least-modern road PM.,2,9.0,Target satisfies usage 5.0 plus engine AI surplus 2; fixed capacity 3.0 per level; no rail or passenger service.
CUB,Cuba,STATE_CENTRAL_CUBA,Central Cuba,1,pm_traditional_road_network,pm_no_canal_network,pm_no_rail_network,pm_no_passenger_trains,6.0,4.0,100.0_PROJECTED,0,NO,No prior historical transport row; gameplay capacity uses the least-modern road PM.,1,6.0,Target satisfies usage 4.0 plus engine AI surplus 2; fixed capacity 3.0 per level; no rail or passenger service.
CUB,Cuba,STATE_EASTERN_CUBA,Eastern Cuba,1,pm_traditional_road_network,pm_no_canal_network,pm_no_rail_network,pm_no_passenger_trains,6.0,4.0,100.0_PROJECTED,0,NO,No prior historical transport row; gameplay capacity uses the least-modern road PM.,1,6.0,Target satisfies usage 4.0 plus engine AI surplus 2; fixed capacity 3.0 per level; no rail or passenger service.
CUB,Cuba,STATE_WESTERN_CUBA,Western Cuba,5,pm_traditional_road_network,pm_no_canal_network,pm_no_rail_network,pm_no_passenger_trains,18.0,14.0,100.0_PROJECTED,0,NO,1 | 0 | Havana was a major imperial port and the most productive Spanish naval shipyard in the eighteenth century.,5,18.0,Target satisfies usage 14.0 plus engine AI surplus 2; fixed capacity 3.0 per level; no rail or passenger service.
DAH,Dahomey,STATE_DAHOMEY,Dahomey,0,pm_traditional_road_network,pm_no_canal_network,pm_no_rail_network,pm_no_passenger_trains,3.0,0.5,100.0_PROJECTED,0,NO,No prior historical transport row; gameplay capacity uses the least-modern road PM.,0,3.0,Target satisfies usage 0.5 plus engine AI surplus 2; fixed capacity 3.0 per level; no rail or passenger service.
DAI,Dai Nam,STATE_ANNAM,Annam,3,pm_traditional_road_network,pm_no_canal_network,pm_no_rail_network,pm_no_passenger_trains,12.0,9.5,100.0_PROJECTED,0,NO,No prior historical transport row; gameplay capacity uses the least-modern road PM.,3,12.0,Target satisfies usage 9.5 plus engine AI surplus 2; fixed capacity 3.0 per level; no rail or passenger service.
DAI,Dai Nam,STATE_LAOS,Laos,0,pm_traditional_road_network,pm_no_canal_network,pm_no_rail_network,pm_no_passenger_trains,3.0,0.0,100.0_PROJECTED,0,NO,No prior historical transport row; gameplay capacity uses the least-modern road PM.,0,3.0,Target satisfies usage 0.0 plus engine AI surplus 2; fixed capacity 3.0 per level; no rail or passenger service.
DAI,Dai Nam,STATE_MEKONG,Mekong,1,pm_traditional_road_network,pm_no_canal_network,pm_no_rail_network,pm_no_passenger_trains,6.0,4.0,100.0_PROJECTED,0,NO,No prior historical transport row; gameplay capacity uses the least-modern road PM.,1,6.0,Target satisfies usage 4.0 plus engine AI surplus 2; fixed capacity 3.0 per level; no rail or passenger service.
DAI,Dai Nam,STATE_TONKIN,Tonkin,3,pm_traditional_road_network,pm_no_canal_network,pm_no_rail_network,pm_no_passenger_trains,12.0,10.0,100.0_PROJECTED,0,NO,No prior historical transport row; gameplay capacity uses the least-modern road PM.,3,12.0,Target satisfies usage 10.0 plus engine AI surplus 2; fixed capacity 3.0 per level; no rail or passenger service.
DAK,Dar al Kuti,STATE_UBANGI_SHARI,Ubangi-Shari,0,pm_traditional_road_network,pm_no_canal_network,pm_no_rail_network,pm_no_passenger_trains,3.0,0.0,100.0_PROJECTED,0,NO,No prior historical transport row; gameplay capacity uses the least-modern road PM.,0,3.0,Target satisfies usage 0.0 plus engine AI surplus 2; fixed capacity 3.0 per level; no rail or passenger service.
DEI,East Indies,STATE_CAPE_COLONY,Cape Colony,2,pm_traditional_road_network,pm_no_canal_network,pm_no_rail_network,pm_no_passenger_trains,9.0,5.0,100.0_PROJECTED,0,NO,No prior historical transport row; gameplay capacity uses the least-modern road PM.,2,9.0,Target satisfies usage 5.0 plus engine AI surplus 2; fixed capacity 3.0 per level; no rail or passenger service.
DEI,East Indies,STATE_CELEBES,Celebes,0,pm_traditional_road_network,pm_no_canal_network,pm_no_rail_network,pm_no_passenger_trains,3.0,0.5,100.0_PROJECTED,0,NO,No prior historical transport row; gameplay capacity uses the least-modern road PM.,0,3.0,Target satisfies usage 0.5 plus engine AI surplus 2; fixed capacity 3.0 per level; no rail or passenger service.
DEI,East Indies,STATE_CENTRAL_JAVA,Central Java,2,pm_traditional_road_network,pm_no_canal_network,pm_no_rail_network,pm_no_passenger_trains,9.0,5.0,100.0_PROJECTED,0,NO,No prior historical transport row; gameplay capacity uses the least-modern road PM.,2,9.0,Target satisfies usage 5.0 plus engine AI surplus 2; fixed capacity 3.0 per level; no rail or passenger service.
DEI,East Indies,STATE_CEYLON,Ceylon,3,pm_traditional_road_network,pm_industrial_canals,pm_no_rail_network,pm_no_passenger_trains,15.0,12.0,100.0_PROJECTED,0,NO,organized colonial coastal-road communications | VOC navigable canal system in maritime Ceylon | Dutch Ceylon inherited and extended navigable canal links around Colombo/Negombo and maintained coastal communications.,3,15.0,Target satisfies usage 12.0 plus engine AI surplus 2; fixed capacity 4.0 per level; no rail or passenger service.
DEI,East Indies,STATE_EASTERN_CAPE,Eastern Cape,0,pm_traditional_road_network,pm_no_canal_network,pm_no_rail_network,pm_no_passenger_trains,3.0,1.0,100.0_PROJECTED,0,NO,No prior historical transport row; gameplay capacity uses the least-modern road PM.,0,3.0,Target satisfies usage 1.0 plus engine AI surplus 2; fixed capacity 3.0 per level; no rail or passenger service.
DEI,East Indies,STATE_EAST_JAVA,East Java,1,pm_traditional_road_network,pm_no_canal_network,pm_no_rail_network,pm_no_passenger_trains,6.0,2.0,100.0_PROJECTED,0,NO,No prior historical transport row; gameplay capacity uses the least-modern road PM.,1,6.0,Target satisfies usage 2.0 plus engine AI surplus 2; fixed capacity 3.0 per level; no rail or passenger service.
DEI,East Indies,STATE_MOLUCCAS,Moluccas,2,pm_traditional_road_network,pm_no_canal_network,pm_no_rail_network,pm_no_passenger_trains,9.0,5.0,100.0_PROJECTED,0,NO,No prior historical transport row; gameplay capacity uses the least-modern road PM.,2,9.0,Target satisfies usage 5.0 plus engine AI surplus 2; fixed capacity 3.0 per level; no rail or passenger service.
DEI,East Indies,STATE_SUNDA_ISLANDS,Sunda Islands,0,pm_traditional_road_network,pm_no_canal_network,pm_no_rail_network,pm_no_passenger_trains,3.0,0.0,100.0_PROJECTED,0,NO,No prior historical transport row; gameplay capacity uses the least-modern road PM.,0,3.0,Target satisfies usage 0.0 plus engine AI surplus 2; fixed capacity 3.0 per level; no rail or passenger service.
DEI,East Indies,STATE_WEST_JAVA,West Java,8,pm_traditional_road_network,pm_no_canal_network,pm_no_rail_network,pm_no_passenger_trains,27.0,23.2,100.0_PROJECTED,0,NO,No prior historical transport row; gameplay capacity uses the least-modern road PM.,8,27.0,Target satisfies usage 23.2 plus engine AI surplus 2; fixed capacity 3.0 per level; no rail or passenger service.
DENNOR,Denmark-Norway,STATE_EASTERN_NORWAY,Eastern Norway,2,pm_traditional_road_network,pm_no_canal_network,pm_no_rail_network,pm_no_passenger_trains,9.0,4.5,100.0_PROJECTED,0,NO,Level 1 road network anchored by Kongsberg–Drammen/Christiania supply routes. | No industrial canal seed. | The Sølvveien and mining supply routes linking Kongsberg to Drammen were established regional transport infrastructure.,2,9.0,Target satisfies usage 4.5 plus engine AI surplus 2; fixed capacity 3.0 per level; no rail or passenger service.
DENNOR,Denmark-Norway,STATE_GOLD_COAST,Gold Coast,0,pm_traditional_road_network,pm_no_canal_network,pm_no_rail_network,pm_no_passenger_trains,3.0,0.5,100.0_PROJECTED,0,NO,No prior historical transport row; gameplay capacity uses the least-modern road PM.,0,3.0,Target satisfies usage 0.5 plus engine AI surplus 2; fixed capacity 3.0 per level; no rail or passenger service.
DENNOR,Denmark-Norway,STATE_GREENLAND,Greenland,0,pm_traditional_road_network,pm_no_canal_network,pm_no_rail_network,pm_no_passenger_trains,3.0,0.5,100.0_PROJECTED,0,NO,No prior historical transport row; gameplay capacity uses the least-modern road PM.,0,3.0,Target satisfies usage 0.5 plus engine AI surplus 2; fixed capacity 3.0 per level; no rail or passenger service.
DENNOR,Denmark-Norway,STATE_ICELAND,Iceland,1,pm_traditional_road_network,pm_no_canal_network,pm_no_rail_network,pm_no_passenger_trains,6.0,2.0,100.0_PROJECTED,0,NO,No prior historical transport row; gameplay capacity uses the least-modern road PM.,1,6.0,Target satisfies usage 2.0 plus engine AI surplus 2; fixed capacity 3.0 per level; no rail or passenger service.
DENNOR,Denmark-Norway,STATE_JUTLAND,Jutland,1,pm_traditional_road_network,pm_no_canal_network,pm_no_rail_network,pm_no_passenger_trains,6.0,4.0,100.0_PROJECTED,0,NO,Level 1 traditional road network. | No industrial canal seed. | A basic crown/post-road network is justified.,1,6.0,Target satisfies usage 4.0 plus engine AI surplus 2; fixed capacity 3.0 per level; no rail or passenger service.
DENNOR,Denmark-Norway,STATE_MADRAS,Carnatic,1,pm_traditional_road_network,pm_no_canal_network,pm_no_rail_network,pm_no_passenger_trains,6.0,1.5,100.0_PROJECTED,0,NO,No prior historical transport row; gameplay capacity uses the least-modern road PM.,1,6.0,Target satisfies usage 1.5 plus engine AI surplus 2; fixed capacity 3.0 per level; no rail or passenger service.
DENNOR,Denmark-Norway,STATE_NORTHERN_NORWAY,Northern Norway,2,pm_traditional_road_network,pm_no_canal_network,pm_no_rail_network,pm_no_passenger_trains,9.0,5.0,100.0_PROJECTED,0,NO,No prior historical transport row; gameplay capacity uses the least-modern road PM.,2,9.0,Target satisfies usage 5.0 plus engine AI surplus 2; fixed capacity 3.0 per level; no rail or passenger service.
DENNOR,Denmark-Norway,STATE_PEGU,Pegu,0,pm_traditional_road_network,pm_no_canal_network,pm_no_rail_network,pm_no_passenger_trains,3.0,0.0,100.0_PROJECTED,0,NO,No prior historical transport row; gameplay capacity uses the least-modern road PM.,0,3.0,Target satisfies usage 0.0 plus engine AI surplus 2; fixed capacity 3.0 per level; no rail or passenger service.
DENNOR,Denmark-Norway,STATE_WESTERN_NORWAY,Western Norway,2,pm_traditional_road_network,pm_no_canal_network,pm_no_rail_network,pm_no_passenger_trains,9.0,4.5,100.0_PROJECTED,0,NO,Level 1 only; maritime transport remained dominant. | No canal seed. | Regional roads existed but western transport remained strongly maritime; keep road scale modest.,2,9.0,Target satisfies usage 4.5 plus engine AI surplus 2; fixed capacity 3.0 per level; no rail or passenger service.
DENNOR,Denmark-Norway,STATE_WEST_INDIES,West Indies,1,pm_traditional_road_network,pm_no_canal_network,pm_no_rail_network,pm_no_passenger_trains,6.0,2.5,100.0_PROJECTED,0,NO,No prior historical transport row; gameplay capacity uses the least-modern road PM.,1,6.0,Target satisfies usage 2.5 plus engine AI surplus 2; fixed capacity 3.0 per level; no rail or passenger service.
DENNOR,Denmark-Norway,STATE_ZEALAND,Zealand,6,pm_traditional_road_network,pm_no_canal_network,pm_no_rail_network,pm_no_passenger_trains,21.0,17.3,100.0_PROJECTED,0,NO,Level 2 traditional road network around Copenhagen and Zealand. | No industrial canal seed. | Dense capital-region roads and royal communications justify a stronger road network.,6,21.0,Target satisfies usage 17.3 plus engine AI surplus 2; fixed capacity 3.0 per level; no rail or passenger service.
DFR,Darfur,STATE_DARFUR,Darfur,1,pm_traditional_road_network,pm_no_canal_network,pm_no_rail_network,pm_no_passenger_trains,6.0,2.5,100.0_PROJECTED,0,NO,"One caravan-road level. | No canal level recommended. | A durable inter-urban caravan, pilgrimage, military or administrative corridor justifies one pre-rail regional infrastructure level; no railway PM is permitted.",1,6.0,Target satisfies usage 2.5 plus engine AI surplus 2; fixed capacity 3.0 per level; no rail or passenger service.
DFT,Dar Fertit,STATE_EQUATORIA,Equatoria,0,pm_traditional_road_network,pm_no_canal_network,pm_no_rail_network,pm_no_passenger_trains,3.0,0.0,100.0_PROJECTED,0,NO,No prior historical transport row; gameplay capacity uses the least-modern road PM.,0,3.0,Target satisfies usage 0.0 plus engine AI surplus 2; fixed capacity 3.0 per level; no rail or passenger service.
DGR,Degar,STATE_MEKONG,Mekong,0,pm_traditional_road_network,pm_no_canal_network,pm_no_rail_network,pm_no_passenger_trains,3.0,0.0,100.0_PROJECTED,0,NO,No prior historical transport row; gameplay capacity uses the least-modern road PM.,0,3.0,Target satisfies usage 0.0 plus engine AI surplus 2; fixed capacity 3.0 per level; no rail or passenger service.
DIN,Kel Dinnik,STATE_NIGER,Niger,1,pm_traditional_road_network,pm_no_canal_network,pm_no_rail_network,pm_no_passenger_trains,6.0,2.0,100.0_PROJECTED,0,NO,No prior historical transport row; gameplay capacity uses the least-modern road PM.,1,6.0,Target satisfies usage 2.0 plus engine AI surplus 2; fixed capacity 3.0 per level; no rail or passenger service.
DIO,Diola,STATE_SENEGAL,Senegal,0,pm_traditional_road_network,pm_no_canal_network,pm_no_rail_network,pm_no_passenger_trains,3.0,0.0,100.0_PROJECTED,0,NO,No prior historical transport row; gameplay capacity uses the least-modern road PM.,0,3.0,Target satisfies usage 0.0 plus engine AI surplus 2; fixed capacity 3.0 per level; no rail or passenger service.
DLA,Duala,STATE_SOUTH_CAMEROON,South Cameroon,0,pm_traditional_road_network,pm_no_canal_network,pm_no_rail_network,pm_no_passenger_trains,3.0,0.0,100.0_PROJECTED,0,NO,No prior historical transport row; gameplay capacity uses the least-modern road PM.,0,3.0,Target satisfies usage 0.0 plus engine AI surplus 2; fixed capacity 3.0 per level; no rail or passenger service.
DLM,Delim,STATE_MAURITANIA,Mauritania,0,pm_traditional_road_network,pm_no_canal_network,pm_no_rail_network,pm_no_passenger_trains,3.0,1.0,100.0_PROJECTED,0,NO,No prior historical transport row; gameplay capacity uses the least-modern road PM.,0,3.0,Target satisfies usage 1.0 plus engine AI surplus 2; fixed capacity 3.0 per level; no rail or passenger service.
DLM,Delim,STATE_WEST_SAHARA,West Sahara,0,pm_traditional_road_network,pm_no_canal_network,pm_no_rail_network,pm_no_passenger_trains,3.0,1.0,100.0_PROJECTED,0,NO,No prior historical transport row; gameplay capacity uses the least-modern road PM.,0,3.0,Target satisfies usage 1.0 plus engine AI surplus 2; fixed capacity 3.0 per level; no rail or passenger service.
DNK,Dinka,STATE_EQUATORIA,Equatoria,0,pm_traditional_road_network,pm_no_canal_network,pm_no_rail_network,pm_no_passenger_trains,3.0,0.0,100.0_PROJECTED,0,NO,No prior historical transport row; gameplay capacity uses the least-modern road PM.,0,3.0,Target satisfies usage 0.0 plus engine AI surplus 2; fixed capacity 3.0 per level; no rail or passenger service.
DUR,Afghanistan,STATE_BALKH,Southern Turkestan,2,pm_traditional_road_network,pm_no_canal_network,pm_no_rail_network,pm_no_passenger_trains,9.0,5.5,100.0_PROJECTED,0,NO,"One caravan-road level. | No canal level recommended. | A durable inter-urban caravan, pilgrimage, military or administrative corridor justifies one pre-rail regional infrastructure level; no railway PM is permitted.",2,9.0,Target satisfies usage 5.5 plus engine AI surplus 2; fixed capacity 3.0 per level; no rail or passenger service.
DUR,Afghanistan,STATE_BALUCHISTAN,Baluchistan,2,pm_traditional_road_network,pm_no_canal_network,pm_no_rail_network,pm_no_passenger_trains,9.0,5.0,100.0_PROJECTED,0,NO,One caravan/pass road level. | No canal level recommended. | Bolan and related routes linked Kandahar to the Indus.,2,9.0,Target satisfies usage 5.0 plus engine AI surplus 2; fixed capacity 3.0 per level; no rail or passenger service.
DUR,Afghanistan,STATE_CENTRAL_HIGHLANDS,Hazaristan,0,pm_traditional_road_network,pm_no_canal_network,pm_no_rail_network,pm_no_passenger_trains,3.0,1.0,100.0_PROJECTED,0,NO,No prior historical transport row; gameplay capacity uses the least-modern road PM.,0,3.0,Target satisfies usage 1.0 plus engine AI surplus 2; fixed capacity 3.0 per level; no rail or passenger service.
DUR,Afghanistan,STATE_HERAT,Herat,5,pm_traditional_road_network,pm_no_canal_network,pm_no_rail_network,pm_no_passenger_trains,18.0,14.5,100.0_PROJECTED,0,NO,"One caravan-road level. | No canal level recommended. | A durable inter-urban caravan, pilgrimage, military or administrative corridor justifies one pre-rail regional infrastructure level; no railway PM is permitted.",5,18.0,Target satisfies usage 14.5 plus engine AI surplus 2; fixed capacity 3.0 per level; no rail or passenger service.
DUR,Afghanistan,STATE_HILL_PUNJAB,Punjab Hills,2,pm_traditional_road_network,pm_no_canal_network,pm_no_rail_network,pm_no_passenger_trains,9.0,5.0,100.0_PROJECTED,0,NO,No prior historical transport row; gameplay capacity uses the least-modern road PM.,2,9.0,Target satisfies usage 5.0 plus engine AI surplus 2; fixed capacity 3.0 per level; no rail or passenger service.
DUR,Afghanistan,STATE_KABUL,Kabulistan,2,pm_traditional_road_network,pm_no_canal_network,pm_no_rail_network,pm_no_passenger_trains,9.0,5.5,100.0_PROJECTED,0,NO,Two road-network levels for major pass/caravan connectivity. | No canal level recommended. | Kabul was a major node on India–Central Asia/Persia routes.,2,9.0,Target satisfies usage 5.5 plus engine AI surplus 2; fixed capacity 3.0 per level; no rail or passenger service.
DUR,Afghanistan,STATE_KANDAHAR,Kandahar,5,pm_traditional_road_network,pm_no_canal_network,pm_no_rail_network,pm_no_passenger_trains,18.0,14.5,100.0_PROJECTED,0,NO,Two road-network levels. | No canal level recommended. | Kandahar sat on the principal India–Iran caravan axis.,5,18.0,Target satisfies usage 14.5 plus engine AI surplus 2; fixed capacity 3.0 per level; no rail or passenger service.
DUR,Afghanistan,STATE_KASHMIR,Kashmir,1,pm_traditional_road_network,pm_no_canal_network,pm_no_rail_network,pm_no_passenger_trains,6.0,1.5,100.0_PROJECTED,0,NO,No prior historical transport row; gameplay capacity uses the least-modern road PM.,1,6.0,Target satisfies usage 1.5 plus engine AI surplus 2; fixed capacity 3.0 per level; no rail or passenger service.
DUR,Afghanistan,STATE_NORTHERN_BALUCHISTAN,Northern Baluchistan,0,pm_traditional_road_network,pm_no_canal_network,pm_no_rail_network,pm_no_passenger_trains,3.0,1.0,100.0_PROJECTED,0,NO,No prior historical transport row; gameplay capacity uses the least-modern road PM.,0,3.0,Target satisfies usage 1.0 plus engine AI surplus 2; fixed capacity 3.0 per level; no rail or passenger service.
DUR,Afghanistan,STATE_PASHTUNISTAN,Pashtunistan,1,pm_traditional_road_network,pm_no_canal_network,pm_no_rail_network,pm_no_passenger_trains,6.0,2.0,100.0_PROJECTED,0,NO,One pass/caravan road level. | No canal level recommended. | Khyber/Gomal and related corridors formed durable commercial and migration routes.,1,6.0,Target satisfies usage 2.0 plus engine AI surplus 2; fixed capacity 3.0 per level; no rail or passenger service.
DUR,Afghanistan,STATE_PUNJAB,Punjab,0,pm_traditional_road_network,pm_no_canal_network,pm_no_rail_network,pm_no_passenger_trains,3.0,0.5,100.0_PROJECTED,0,NO,No prior historical transport row; gameplay capacity uses the least-modern road PM.,0,3.0,Target satisfies usage 0.5 plus engine AI surplus 2; fixed capacity 3.0 per level; no rail or passenger service.
DUR,Afghanistan,STATE_QUETTA,Quetta,1,pm_traditional_road_network,pm_no_canal_network,pm_no_rail_network,pm_no_passenger_trains,6.0,1.0,100.0_PROJECTED,0,NO,One pass-road level. | No canal level recommended. | The Bolan corridor justifies one road/pass level.,1,6.0,Target satisfies usage 1.0 plus engine AI surplus 2; fixed capacity 3.0 per level; no rail or passenger service.
DUR,Afghanistan,STATE_SISTAN,Bampur,1,pm_traditional_road_network,pm_no_canal_network,pm_no_rail_network,pm_no_passenger_trains,6.0,2.0,100.0_PROJECTED,0,NO,No prior historical transport row; gameplay capacity uses the least-modern road PM.,1,6.0,Target satisfies usage 2.0 plus engine AI surplus 2; fixed capacity 3.0 per level; no rail or passenger service.
ETH,Ethiopia,STATE_AMHARA,Amhara,1,pm_traditional_road_network,pm_no_canal_network,pm_no_rail_network,pm_no_passenger_trains,6.0,3.0,100.0_PROJECTED,0,NO,No prior historical transport row; gameplay capacity uses the least-modern road PM.,1,6.0,Target satisfies usage 3.0 plus engine AI surplus 2; fixed capacity 3.0 per level; no rail or passenger service.
ETH,Ethiopia,STATE_ERITREA,Eritrea,0,pm_traditional_road_network,pm_no_canal_network,pm_no_rail_network,pm_no_passenger_trains,3.0,1.0,100.0_PROJECTED,0,NO,No prior historical transport row; gameplay capacity uses the least-modern road PM.,0,3.0,Target satisfies usage 1.0 plus engine AI surplus 2; fixed capacity 3.0 per level; no rail or passenger service.
ETH,Ethiopia,STATE_GONDER,Gonder,0,pm_traditional_road_network,pm_no_canal_network,pm_no_rail_network,pm_no_passenger_trains,3.0,1.0,100.0_PROJECTED,0,NO,No prior historical transport row; gameplay capacity uses the least-modern road PM.,0,3.0,Target satisfies usage 1.0 plus engine AI surplus 2; fixed capacity 3.0 per level; no rail or passenger service.
ETH,Ethiopia,STATE_OROMIA,Oromia,0,pm_traditional_road_network,pm_no_canal_network,pm_no_rail_network,pm_no_passenger_trains,3.0,0.0,100.0_PROJECTED,0,NO,No prior historical transport row; gameplay capacity uses the least-modern road PM.,0,3.0,Target satisfies usage 0.0 plus engine AI surplus 2; fixed capacity 3.0 per level; no rail or passenger service.
EWE,Ewe,STATE_TOGO,Togo,0,pm_traditional_road_network,pm_no_canal_network,pm_no_rail_network,pm_no_passenger_trains,3.0,0.0,100.0_PROJECTED,0,NO,No prior historical transport row; gameplay capacity uses the least-modern road PM.,0,3.0,Target satisfies usage 0.0 plus engine AI surplus 2; fixed capacity 3.0 per level; no rail or passenger service.
EZO,Ezochi,STATE_HOKKAIDO,Yezo,0,pm_traditional_road_network,pm_no_canal_network,pm_no_rail_network,pm_no_passenger_trains,3.0,1.0,100.0_PROJECTED,0,NO,No prior historical transport row; gameplay capacity uses the least-modern road PM.,0,3.0,Target satisfies usage 1.0 plus engine AI surplus 2; fixed capacity 3.0 per level; no rail or passenger service.
EZO,Ezochi,STATE_SAKHALIN,Sakhalin,0,pm_traditional_road_network,pm_no_canal_network,pm_no_rail_network,pm_no_passenger_trains,3.0,0.0,100.0_PROJECTED,0,NO,No prior historical transport row; gameplay capacity uses the least-modern road PM.,0,3.0,Target satisfies usage 0.0 plus engine AI surplus 2; fixed capacity 3.0 per level; no rail or passenger service.
FJI,Fiji,STATE_FIJI,Fiji,0,pm_traditional_road_network,pm_no_canal_network,pm_no_rail_network,pm_no_passenger_trains,3.0,0.0,100.0_PROJECTED,0,NO,No prior historical transport row; gameplay capacity uses the least-modern road PM.,0,3.0,Target satisfies usage 0.0 plus engine AI surplus 2; fixed capacity 3.0 per level; no rail or passenger service.
FNG,Fang,STATE_GABON,Gabon,0,pm_traditional_road_network,pm_no_canal_network,pm_no_rail_network,pm_no_passenger_trains,3.0,0.0,100.0_PROJECTED,0,NO,No prior historical transport row; gameplay capacity uses the least-modern road PM.,0,3.0,Target satisfies usage 0.0 plus engine AI surplus 2; fixed capacity 3.0 per level; no rail or passenger service.
FNG,Fang,STATE_SOUTH_CAMEROON,South Cameroon,0,pm_traditional_road_network,pm_no_canal_network,pm_no_rail_network,pm_no_passenger_trains,3.0,0.0,100.0_PROJECTED,0,NO,No prior historical transport row; gameplay capacity uses the least-modern road PM.,0,3.0,Target satisfies usage 0.0 plus engine AI surplus 2; fixed capacity 3.0 per level; no rail or passenger service.
FRA,France,STATE_ALSACE_LORRAINE,Alsace-Lorraine,4,pm_traditional_road_network,pm_no_canal_network,pm_no_rail_network,pm_no_passenger_trains,15.0,13.0,100.0_PROJECTED,0,NO,No prior historical transport row; gameplay capacity uses the least-modern road PM.,4,15.0,Target satisfies usage 13.0 plus engine AI surplus 2; fixed capacity 3.0 per level; no rail or passenger service.
FRA,France,STATE_AQUITAINE,Aquitaine,2,pm_traditional_road_network,pm_no_canal_network,pm_no_rail_network,pm_no_passenger_trains,9.0,6.0,100.0_PROJECTED,0,NO,One road-network level | none required for this recommendation | Roads connected Bordeaux's wine hinterland with its port.,2,9.0,Target satisfies usage 6.0 plus engine AI surplus 2; fixed capacity 3.0 per level; no rail or passenger service.
FRA,France,STATE_AUVERGNE_LIMOUSIN,Auvergne-Limousin,2,pm_traditional_road_network,pm_no_canal_network,pm_no_rail_network,pm_no_passenger_trains,9.0,6.5,100.0_PROJECTED,0,NO,No prior historical transport row; gameplay capacity uses the least-modern road PM.,2,9.0,Target satisfies usage 6.5 plus engine AI surplus 2; fixed capacity 3.0 per level; no rail or passenger service.
FRA,France,STATE_BRITTANY,Brittany,6,pm_traditional_road_network,pm_no_canal_network,pm_no_rail_network,pm_no_passenger_trains,21.0,17.3,100.0_PROJECTED,0,NO,"One road-network level | none required for this recommendation | Market and military roads linked Nantes, Brest and other Breton centres.",6,21.0,Target satisfies usage 17.3 plus engine AI surplus 2; fixed capacity 3.0 per level; no rail or passenger service.
FRA,France,STATE_BURGUNDY,Burgundy,2,pm_traditional_road_network,pm_no_canal_network,pm_no_rail_network,pm_no_passenger_trains,9.0,6.5,100.0_PROJECTED,0,NO,No prior historical transport row; gameplay capacity uses the least-modern road PM.,2,9.0,Target satisfies usage 6.5 plus engine AI surplus 2; fixed capacity 3.0 per level; no rail or passenger service.
FRA,France,STATE_CHAMPAGNE,Champagne,2,pm_traditional_road_network,pm_no_canal_network,pm_no_rail_network,pm_no_passenger_trains,9.0,5.0,51_RUNTIME,0,NO,No prior historical transport row; gameplay capacity uses the least-modern road PM.,2,9.0,Target satisfies usage 5.0 plus engine AI surplus 2; fixed capacity 3.0 per level; no rail or passenger service.
FRA,France,STATE_CORSICA,Corsica,1,pm_traditional_road_network,pm_no_canal_network,pm_no_rail_network,pm_no_passenger_trains,6.0,3.0,100.0_PROJECTED,0,NO,No prior historical transport row; gameplay capacity uses the least-modern road PM.,1,6.0,Target satisfies usage 3.0 plus engine AI surplus 2; fixed capacity 3.0 per level; no rail or passenger service.
FRA,France,STATE_FRANCHE_COMTE,Franche-Comté,3,pm_traditional_road_network,pm_no_canal_network,pm_no_rail_network,pm_no_passenger_trains,12.0,8.5,100.0_PROJECTED,0,NO,No prior historical transport row; gameplay capacity uses the least-modern road PM.,3,12.0,Target satisfies usage 8.5 plus engine AI surplus 2; fixed capacity 3.0 per level; no rail or passenger service.
FRA,France,STATE_FRENCH_LOW_COUNTRIES,French Low Countries,4,pm_traditional_road_network,pm_no_canal_network,pm_no_rail_network,pm_no_passenger_trains,15.0,11.0,100.0_PROJECTED,0,NO,One road level. | none required for this recommendation | Dense northern market and mining/manufacturing roads supported regional trade.,4,15.0,Target satisfies usage 11.0 plus engine AI surplus 2; fixed capacity 3.0 per level; no rail or passenger service.
FRA,France,STATE_GUAYANA,Guyana,0,pm_traditional_road_network,pm_no_canal_network,pm_no_rail_network,pm_no_passenger_trains,3.0,0.5,100.0_PROJECTED,0,NO,No prior historical transport row; gameplay capacity uses the least-modern road PM.,0,3.0,Target satisfies usage 0.5 plus engine AI surplus 2; fixed capacity 3.0 per level; no rail or passenger service.
FRA,France,STATE_GUYENNE,Guyenne,1,pm_traditional_road_network,pm_no_canal_network,pm_no_rail_network,pm_no_passenger_trains,6.0,4.0,100.0_PROJECTED,0,NO,No prior historical transport row; gameplay capacity uses the least-modern road PM.,1,6.0,Target satisfies usage 4.0 plus engine AI surplus 2; fixed capacity 3.0 per level; no rail or passenger service.
FRA,France,STATE_ILE_DE_FRANCE,Île-de-France,17,pm_traditional_road_network,pm_no_canal_network,pm_no_rail_network,pm_no_passenger_trains,54.0,51.5,100.0_PROJECTED,0,NO,Level 2 for exceptionally important engineered roads | none required for this recommendation | The royal road system was centred on Paris and maintained by the Ponts et Chaussées.,17,54.0,Target satisfies usage 51.5 plus engine AI surplus 2; fixed capacity 3.0 per level; no rail or passenger service.
FRA,France,STATE_INDIAN_OCEAN_TERRITORY,Indian Ocean Territory,0,pm_traditional_road_network,pm_no_canal_network,pm_no_rail_network,pm_no_passenger_trains,3.0,0.0,100.0_PROJECTED,0,NO,No prior historical transport row; gameplay capacity uses the least-modern road PM.,0,3.0,Target satisfies usage 0.0 plus engine AI surplus 2; fixed capacity 3.0 per level; no rail or passenger service.
FRA,France,STATE_IVORY_COAST,Ivory Coast,0,pm_traditional_road_network,pm_no_canal_network,pm_no_rail_network,pm_no_passenger_trains,3.0,0.0,100.0_PROJECTED,0,NO,No prior historical transport row; gameplay capacity uses the least-modern road PM.,0,3.0,Target satisfies usage 0.0 plus engine AI surplus 2; fixed capacity 3.0 per level; no rail or passenger service.
FRA,France,STATE_LANGUEDOC,Languedoc,2,pm_traditional_road_network,pm_industrial_canals,pm_no_rail_network,pm_no_passenger_trains,11.0,8.0,100.0_PROJECTED,0,NO,"Canal du Midi fully operational before 1776, plus connecting roads. | organized canal network attested | The Canal du Midi was an operating engineered navigation axis linking the Atlantic and Mediterranean basins.",2,11.0,Target satisfies usage 8.0 plus engine AI surplus 2; fixed capacity 4.0 per level; no rail or passenger service.
FRA,France,STATE_LORRAINE,Lorraine,6,pm_traditional_road_network,pm_no_canal_network,pm_no_rail_network,pm_no_passenger_trains,21.0,17.5,100.0_PROJECTED,0,NO,No prior historical transport row; gameplay capacity uses the least-modern road PM.,6,21.0,Target satisfies usage 17.5 plus engine AI surplus 2; fixed capacity 3.0 per level; no rail or passenger service.
FRA,France,STATE_MADRAS,Carnatic,1,pm_traditional_road_network,pm_no_canal_network,pm_no_rail_network,pm_no_passenger_trains,6.0,4.0,100.0_PROJECTED,0,NO,No prior historical transport row; gameplay capacity uses the least-modern road PM.,1,6.0,Target satisfies usage 4.0 plus engine AI surplus 2; fixed capacity 3.0 per level; no rail or passenger service.
FRA,France,STATE_MAINE_ANJOU,Maine-Anjou,1,pm_traditional_road_network,pm_no_canal_network,pm_no_rail_network,pm_no_passenger_trains,6.0,4.0,100.0_PROJECTED,0,NO,No prior historical transport row; gameplay capacity uses the least-modern road PM.,1,6.0,Target satisfies usage 4.0 plus engine AI surplus 2; fixed capacity 3.0 per level; no rail or passenger service.
FRA,France,STATE_NORMANDY,Normandy,5,pm_traditional_road_network,pm_no_canal_network,pm_no_rail_network,pm_no_passenger_trains,18.0,15.5,100.0_PROJECTED,0,NO,One road-network level. | none required for this recommendation | Roads connected Rouen/Le Havre to Paris and textile hinterlands.,5,18.0,Target satisfies usage 15.5 plus engine AI surplus 2; fixed capacity 3.0 per level; no rail or passenger service.
FRA,France,STATE_ORLEANS,Orléanais-Berry,2,pm_traditional_road_network,pm_no_canal_network,pm_no_rail_network,pm_no_passenger_trains,9.0,4.5,100.0_PROJECTED,0,NO,No prior historical transport row; gameplay capacity uses the least-modern road PM.,2,9.0,Target satisfies usage 4.5 plus engine AI surplus 2; fixed capacity 3.0 per level; no rail or passenger service.
FRA,France,STATE_PICARDY,Picardy,2,pm_traditional_road_network,pm_no_canal_network,pm_no_rail_network,pm_no_passenger_trains,9.0,4.5,100.0_PROJECTED,0,NO,No prior historical transport row; gameplay capacity uses the least-modern road PM.,2,9.0,Target satisfies usage 4.5 plus engine AI surplus 2; fixed capacity 3.0 per level; no rail or passenger service.
FRA,France,STATE_POITOU,Poitou-Saintonge,3,pm_traditional_road_network,pm_no_canal_network,pm_no_rail_network,pm_no_passenger_trains,12.0,10.0,100.0_PROJECTED,0,NO,No prior historical transport row; gameplay capacity uses the least-modern road PM.,3,12.0,Target satisfies usage 10.0 plus engine AI surplus 2; fixed capacity 3.0 per level; no rail or passenger service.
FRA,France,STATE_PROVENCE,Provence,4,pm_traditional_road_network,pm_no_canal_network,pm_no_rail_network,pm_no_passenger_trains,15.0,10.3,100.0_PROJECTED,0,NO,One road level. | none required for this recommendation | Road links served Marseille/Toulon and the Rhône/Provençal hinterland.,4,15.0,Target satisfies usage 10.3 plus engine AI surplus 2; fixed capacity 3.0 per level; no rail or passenger service.
FRA,France,STATE_RHONE,Rhône,5,pm_traditional_road_network,pm_no_canal_network,pm_no_rail_network,pm_no_passenger_trains,18.0,16.0,100.0_PROJECTED,0,NO,One road-network level. | none required for this recommendation | Road and river-market connections integrated Lyon and Saint-Étienne with national markets.,5,18.0,Target satisfies usage 16.0 plus engine AI surplus 2; fixed capacity 3.0 per level; no rail or passenger service.
FRA,France,STATE_SENEGAL,Senegal,0,pm_traditional_road_network,pm_no_canal_network,pm_no_rail_network,pm_no_passenger_trains,3.0,0.5,100.0_PROJECTED,0,NO,No prior historical transport row; gameplay capacity uses the least-modern road PM.,0,3.0,Target satisfies usage 0.5 plus engine AI surplus 2; fixed capacity 3.0 per level; no rail or passenger service.
FRA,France,STATE_WEST_INDIES,West Indies,1,pm_traditional_road_network,pm_no_canal_network,pm_no_rail_network,pm_no_passenger_trains,6.0,4.0,100.0_PROJECTED,0,NO,No prior historical transport row; gameplay capacity uses the least-modern road PM.,1,6.0,Target satisfies usage 4.0 plus engine AI surplus 2; fixed capacity 3.0 per level; no rail or passenger service.
FRM,Frankfurt,STATE_HESSE,Hesse,1,pm_traditional_road_network,pm_no_canal_network,pm_no_rail_network,pm_no_passenger_trains,6.0,1.0,100.0_PROJECTED,0,NO,"Frankfurt’s role as a fair and transit city implies maintained regional roads, but not a sovereign engineered network comparable to larger states. | No industrial canal network assigned.",1,6.0,Target satisfies usage 1.0 plus engine AI surplus 2; fixed capacity 3.0 per level; no rail or passenger service.
FTJ,Futa Jallon,STATE_GUINEA,Guinea,0,pm_traditional_road_network,pm_no_canal_network,pm_no_rail_network,pm_no_passenger_trains,3.0,0.0,100.0_PROJECTED,0,NO,No prior historical transport row; gameplay capacity uses the least-modern road PM.,0,3.0,Target satisfies usage 0.0 plus engine AI surplus 2; fixed capacity 3.0 per level; no rail or passenger service.
FTR,Futa Toro,STATE_MAURITANIA,Mauritania,0,pm_traditional_road_network,pm_no_canal_network,pm_no_rail_network,pm_no_passenger_trains,3.0,1.0,100.0_PROJECTED,0,NO,No prior historical transport row; gameplay capacity uses the least-modern road PM.,0,3.0,Target satisfies usage 1.0 plus engine AI surplus 2; fixed capacity 3.0 per level; no rail or passenger service.
FTR,Futa Toro,STATE_SENEGAL,Senegal,0,pm_traditional_road_network,pm_no_canal_network,pm_no_rail_network,pm_no_passenger_trains,3.0,0.0,100.0_PROJECTED,0,NO,No prior historical transport row; gameplay capacity uses the least-modern road PM.,0,3.0,Target satisfies usage 0.0 plus engine AI surplus 2; fixed capacity 3.0 per level; no rail or passenger service.
GAL,Galicia-Lodomeria,STATE_EAST_GALICIA,East Galicia,1,pm_traditional_road_network,pm_no_canal_network,pm_no_rail_network,pm_no_passenger_trains,6.0,4.0,100.0_PROJECTED,0,NO,No prior historical transport row; gameplay capacity uses the least-modern road PM.,1,6.0,Target satisfies usage 4.0 plus engine AI surplus 2; fixed capacity 3.0 per level; no rail or passenger service.
GAL,Galicia-Lodomeria,STATE_WEST_GALICIA,West Galicia,1,pm_traditional_road_network,pm_no_canal_network,pm_no_rail_network,pm_no_passenger_trains,6.0,4.0,100.0_PROJECTED,0,NO,No prior historical transport row; gameplay capacity uses the least-modern road PM.,1,6.0,Target satisfies usage 4.0 plus engine AI surplus 2; fixed capacity 3.0 per level; no rail or passenger service.
GAR,Garhwal,STATE_AGRA,Agra,0,pm_traditional_road_network,pm_no_canal_network,pm_no_rail_network,pm_no_passenger_trains,3.0,0.0,100.0_PROJECTED,0,NO,No prior historical transport row; gameplay capacity uses the least-modern road PM.,0,3.0,Target satisfies usage 0.0 plus engine AI surplus 2; fixed capacity 3.0 per level; no rail or passenger service.
GBR,Great Britain,STATE_BAHAMAS,Bahamas,2,pm_traditional_road_network,pm_no_canal_network,pm_no_rail_network,pm_no_passenger_trains,9.0,6.5,100.0_PROJECTED,0,NO,No prior historical transport row; gameplay capacity uses the least-modern road PM.,2,9.0,Target satisfies usage 6.5 plus engine AI surplus 2; fixed capacity 3.0 per level; no rail or passenger service.
GBR,Great Britain,STATE_BALEARIC_ISLANDS,Balearic Islands,0,pm_traditional_road_network,pm_no_canal_network,pm_no_rail_network,pm_no_passenger_trains,3.0,0.0,100.0_PROJECTED,0,NO,No prior historical transport row; gameplay capacity uses the least-modern road PM.,0,3.0,Target satisfies usage 0.0 plus engine AI surplus 2; fixed capacity 3.0 per level; no rail or passenger service.
GBR,Great Britain,STATE_BERMUDA,Bermuda,1,pm_traditional_road_network,pm_no_canal_network,pm_no_rail_network,pm_no_passenger_trains,6.0,2.5,100.0_PROJECTED,0,NO,No prior historical transport row; gameplay capacity uses the least-modern road PM.,1,6.0,Target satisfies usage 2.5 plus engine AI surplus 2; fixed capacity 3.0 per level; no rail or passenger service.
GBR,Great Britain,STATE_CEYLON,Ceylon,0,pm_traditional_road_network,pm_no_canal_network,pm_no_rail_network,pm_no_passenger_trains,3.0,1.0,100.0_PROJECTED,0,NO,No prior historical transport row; gameplay capacity uses the least-modern road PM.,0,3.0,Target satisfies usage 1.0 plus engine AI surplus 2; fixed capacity 3.0 per level; no rail or passenger service.
GBR,Great Britain,STATE_EAST_ANGLIA,East Anglia,7,pm_traditional_road_network,pm_no_canal_network,pm_no_rail_network,pm_no_passenger_trains,24.0,21.0,100.0_PROJECTED,0,NO,One road-network level | none required for this recommendation | Dense market roads linked agricultural districts to London and east-coast ports.,7,24.0,Target satisfies usage 21.0 plus engine AI surplus 2; fixed capacity 3.0 per level; no rail or passenger service.
GBR,Great Britain,STATE_FLORIDA,Florida,2,pm_traditional_road_network,pm_no_canal_network,pm_no_rail_network,pm_no_passenger_trains,9.0,6.5,100.0_PROJECTED,0,NO,No prior historical transport row; gameplay capacity uses the least-modern road PM.,2,9.0,Target satisfies usage 6.5 plus engine AI surplus 2; fixed capacity 3.0 per level; no rail or passenger service.
GBR,Great Britain,STATE_GUATEMALA,Guatemala,0,pm_traditional_road_network,pm_no_canal_network,pm_no_rail_network,pm_no_passenger_trains,3.0,0.0,100.0_PROJECTED,0,NO,No prior historical transport row; gameplay capacity uses the least-modern road PM.,0,3.0,Target satisfies usage 0.0 plus engine AI surplus 2; fixed capacity 3.0 per level; no rail or passenger service.
GBR,Great Britain,STATE_HIGHLANDS,Highlands,2,pm_traditional_road_network,pm_no_canal_network,pm_no_rail_network,pm_no_passenger_trains,9.0,6.0,100.0_PROJECTED,0,NO,No prior historical transport row; gameplay capacity uses the least-modern road PM.,2,9.0,Target satisfies usage 6.0 plus engine AI surplus 2; fixed capacity 3.0 per level; no rail or passenger service.
GBR,Great Britain,STATE_HOME_COUNTIES,Home Counties,38,pm_traditional_road_network,pm_no_canal_network,pm_no_rail_network,pm_no_passenger_trains,117.0,112.5,100.0_PROJECTED,0,NO,Dense turnpike/market-road capacity centred on London. | none required for this recommendation | The London approaches were the core of a dense turnpike-road system.,38,117.0,Target satisfies usage 112.5 plus engine AI surplus 2; fixed capacity 3.0 per level; no rail or passenger service.
GBR,Great Britain,STATE_INDIAN_OCEAN_TERRITORY,Indian Ocean Territory,0,pm_traditional_road_network,pm_no_canal_network,pm_no_rail_network,pm_no_passenger_trains,3.0,0.0,100.0_PROJECTED,0,NO,No prior historical transport row; gameplay capacity uses the least-modern road PM.,0,3.0,Target satisfies usage 0.0 plus engine AI surplus 2; fixed capacity 3.0 per level; no rail or passenger service.
GBR,Great Britain,STATE_JAMAICA,Jamaica,6,pm_traditional_road_network,pm_no_canal_network,pm_no_rail_network,pm_no_passenger_trains,21.0,18.0,100.0_PROJECTED,0,NO,No prior historical transport row; gameplay capacity uses the least-modern road PM.,6,21.0,Target satisfies usage 18.0 plus engine AI surplus 2; fixed capacity 3.0 per level; no rail or passenger service.
GBR,Great Britain,STATE_LANCASHIRE,Lancashire,19,pm_traditional_road_network,pm_industrial_canals,pm_no_rail_network,pm_no_passenger_trains,79.0,75.0,100.0_PROJECTED,0,NO,"Roads connected Manchester/Liverpool markets | organized canal network attested | Turnpike roads plus the Sankey/Bridgewater canal systems linked coal, Manchester and Liverpool.",19,79.0,Target satisfies usage 75.0 plus engine AI surplus 2; fixed capacity 4.0 per level; no rail or passenger service.
GBR,Great Britain,STATE_LOWLANDS,Lowlands,7,pm_traditional_road_network,pm_no_canal_network,pm_no_rail_network,pm_no_passenger_trains,24.0,21.0,100.0_PROJECTED,0,NO,One regional road level | none required for this recommendation | Central Lowlands roads supported the country's main urban-commercial corridor.,7,24.0,Target satisfies usage 21.0 plus engine AI surplus 2; fixed capacity 3.0 per level; no rail or passenger service.
GBR,Great Britain,STATE_MIDLANDS,Midlands,15,pm_traditional_road_network,pm_industrial_canals,pm_no_rail_network,pm_no_passenger_trains,63.0,58.0,100.0_PROJECTED,0,NO,Market roads plus navigable waterways/canals serving the Birmingham industrial district. | organized canal network attested | Improved roads and navigations served the expanding Midlands workshop economy.,15,63.0,Target satisfies usage 58.0 plus engine AI surplus 2; fixed capacity 4.0 per level; no rail or passenger service.
GBR,Great Britain,STATE_NEWFOUNDLAND,Newfoundland,4,pm_traditional_road_network,pm_no_canal_network,pm_no_rail_network,pm_no_passenger_trains,15.0,13.0,100.0_PROJECTED,0,NO,No prior historical transport row; gameplay capacity uses the least-modern road PM.,4,15.0,Target satisfies usage 13.0 plus engine AI surplus 2; fixed capacity 3.0 per level; no rail or passenger service.
GBR,Great Britain,STATE_SOUTH_ATLANTIC_ISLANDS,South Atlantic Islands,0,pm_traditional_road_network,pm_no_canal_network,pm_no_rail_network,pm_no_passenger_trains,3.0,0.0,100.0_PROJECTED,0,NO,No prior historical transport row; gameplay capacity uses the least-modern road PM.,0,3.0,Target satisfies usage 0.0 plus engine AI surplus 2; fixed capacity 3.0 per level; no rail or passenger service.
GBR,Great Britain,STATE_UPPER_ANDALUSIA,Upper Andalusia,1,pm_traditional_road_network,pm_no_canal_network,pm_no_rail_network,pm_no_passenger_trains,6.0,2.8,100.0_PROJECTED,0,NO,No prior historical transport row; gameplay capacity uses the least-modern road PM.,1,6.0,Target satisfies usage 2.8 plus engine AI surplus 2; fixed capacity 3.0 per level; no rail or passenger service.
GBR,Great Britain,STATE_WALES,Wales,5,pm_traditional_road_network,pm_no_canal_network,pm_no_rail_network,pm_no_passenger_trains,18.0,14.5,100.0_PROJECTED,0,NO,One road-network level | none required for this recommendation | Road and river/coastal links served mining districts.,5,18.0,Target satisfies usage 14.5 plus engine AI surplus 2; fixed capacity 3.0 per level; no rail or passenger service.
GBR,Great Britain,STATE_WEST_COUNTRY,West Country,14,pm_traditional_road_network,pm_no_canal_network,pm_no_rail_network,pm_no_passenger_trains,45.0,41.0,100.0_PROJECTED,0,NO,"One road-network level. | none required for this recommendation | Turnpike and market roads linked mining, Bristol and dockyard centres.",14,45.0,Target satisfies usage 41.0 plus engine AI surplus 2; fixed capacity 3.0 per level; no rail or passenger service.
GBR,Great Britain,STATE_WEST_INDIES,West Indies,3,pm_traditional_road_network,pm_no_canal_network,pm_no_rail_network,pm_no_passenger_trains,12.0,10.0,100.0_PROJECTED,0,NO,No prior historical transport row; gameplay capacity uses the least-modern road PM.,3,12.0,Target satisfies usage 10.0 plus engine AI surplus 2; fixed capacity 3.0 per level; no rail or passenger service.
GBR,Great Britain,STATE_YORKSHIRE,Yorkshire,14,pm_traditional_road_network,pm_industrial_canals,pm_no_rail_network,pm_no_passenger_trains,59.0,53.0,100.0_PROJECTED,0,NO,Roads and navigable waterways linked the textile and metalworking districts. | organized canal network attested | Turnpikes and navigations linked Halifax/Leeds/Sheffield districts to national markets.,14,59.0,Target satisfies usage 53.0 plus engine AI surplus 2; fixed capacity 4.0 per level; no rail or passenger service.
GEN,Most Serene Republic of Genoa,STATE_PIEDMONT,Piedmont,0,pm_traditional_road_network,pm_no_canal_network,pm_no_rail_network,pm_no_passenger_trains,3.0,26.4,11.4_PROJECTED,0,NO,No prior historical transport row; gameplay capacity uses the least-modern road PM.,0,3.0,Target satisfies usage 26.4 plus engine AI surplus 2; fixed capacity 3.0 per level; no rail or passenger service.
GGO,Gogo,STATE_LINDI,Rufiji,0,pm_traditional_road_network,pm_no_canal_network,pm_no_rail_network,pm_no_passenger_trains,3.0,0.0,100.0_PROJECTED,0,NO,No prior historical transport row; gameplay capacity uses the least-modern road PM.,0,3.0,Target satisfies usage 0.0 plus engine AI surplus 2; fixed capacity 3.0 per level; no rail or passenger service.
GLD,Geledi,STATE_SOMALILAND,Somaliland,0,pm_traditional_road_network,pm_no_canal_network,pm_no_rail_network,pm_no_passenger_trains,3.0,0.0,100.0_PROJECTED,0,NO,No prior historical transport row; gameplay capacity uses the least-modern road PM.,0,3.0,Target satisfies usage 0.0 plus engine AI surplus 2; fixed capacity 3.0 per level; no rail or passenger service.
GNI,Guarani,STATE_ALTO_PARAGUAY,Alto Paraguay,0,pm_traditional_road_network,pm_no_canal_network,pm_no_rail_network,pm_no_passenger_trains,3.0,0.0,100.0_PROJECTED,0,NO,No prior historical transport row; gameplay capacity uses the least-modern road PM.,0,3.0,Target satisfies usage 0.0 plus engine AI surplus 2; fixed capacity 3.0 per level; no rail or passenger service.
GNI,Guarani,STATE_CHACO,Chaco,0,pm_traditional_road_network,pm_no_canal_network,pm_no_rail_network,pm_no_passenger_trains,3.0,0.0,100.0_PROJECTED,0,NO,No prior historical transport row; gameplay capacity uses the least-modern road PM.,0,3.0,Target satisfies usage 0.0 plus engine AI surplus 2; fixed capacity 3.0 per level; no rail or passenger service.
GNI,Guarani,STATE_SANTA_FE,Santa Fe,0,pm_traditional_road_network,pm_no_canal_network,pm_no_rail_network,pm_no_passenger_trains,3.0,0.0,100.0_PROJECTED,0,NO,No prior historical transport row; gameplay capacity uses the least-modern road PM.,0,3.0,Target satisfies usage 0.0 plus engine AI surplus 2; fixed capacity 3.0 per level; no rail or passenger service.
GR3,Sicily,STATE_SICILY,Sicily,3,pm_traditional_road_network,pm_no_canal_network,pm_no_rail_network,pm_no_passenger_trains,12.0,9.0,100.0_PROJECTED,0,NO,No prior historical transport row; gameplay capacity uses the least-modern road PM.,3,12.0,Target satisfies usage 9.0 plus engine AI surplus 2; fixed capacity 3.0 per level; no rail or passenger service.
GR5,Santo Domingo,STATE_SANTO_DOMINGO,Santo Domingo,2,pm_traditional_road_network,pm_no_canal_network,pm_no_rail_network,pm_no_passenger_trains,9.0,4.5,100.0_PROJECTED,0,NO,No prior historical transport row; gameplay capacity uses the least-modern road PM.,2,9.0,Target satisfies usage 4.5 plus engine AI surplus 2; fixed capacity 3.0 per level; no rail or passenger service.
GR7,Inuit,STATE_GREENLAND,Greenland,0,pm_traditional_road_network,pm_no_canal_network,pm_no_rail_network,pm_no_passenger_trains,3.0,0.0,100.0_PROJECTED,0,NO,No prior historical transport row; gameplay capacity uses the least-modern road PM.,0,3.0,Target satisfies usage 0.0 plus engine AI surplus 2; fixed capacity 3.0 per level; no rail or passenger service.
GRW,Garawa,STATE_NORTHERN_TERRITORY,Northern Territory,0,pm_traditional_road_network,pm_no_canal_network,pm_no_rail_network,pm_no_passenger_trains,3.0,0.0,100.0_PROJECTED,0,NO,No prior historical transport row; gameplay capacity uses the least-modern road PM.,0,3.0,Target satisfies usage 0.0 plus engine AI surplus 2; fixed capacity 3.0 per level; no rail or passenger service.
GRW,Garawa,STATE_QUEENSLAND,Queensland,0,pm_traditional_road_network,pm_no_canal_network,pm_no_rail_network,pm_no_passenger_trains,3.0,0.0,100.0_PROJECTED,0,NO,No prior historical transport row; gameplay capacity uses the least-modern road PM.,0,3.0,Target satisfies usage 0.0 plus engine AI surplus 2; fixed capacity 3.0 per level; no rail or passenger service.
GWA,Gwalior,STATE_MALWA,Malwa,3,pm_traditional_road_network,pm_no_canal_network,pm_no_rail_network,pm_no_passenger_trains,12.0,8.5,100.0_PROJECTED,0,NO,"Great Road Surat–Agra through Malwa | none | The great road from Surat to Agra ran through the Malwa plateau and was used by merchants, diplomats and armies.",3,12.0,Target satisfies usage 8.5 plus engine AI surplus 2; fixed capacity 3.0 per level; no rail or passenger service.
GWA,Gwalior,STATE_RAJPUTANA,Rajputana,3,pm_traditional_road_network,pm_no_canal_network,pm_no_rail_network,pm_no_passenger_trains,12.0,8.0,100.0_PROJECTED,0,NO,Gujarat–Rajasthan–Agra commercial route | none | A major alternative Surat–north India route ran through Gujarat and Rajasthan.,3,12.0,Target satisfies usage 8.0 plus engine AI surplus 2; fixed capacity 3.0 per level; no rail or passenger service.
HAI,Haiti,STATE_HAITI,Haiti,4,pm_traditional_road_network,pm_no_canal_network,pm_no_rail_network,pm_no_passenger_trains,15.0,11.5,100.0_PROJECTED,0,NO,No prior historical transport row; gameplay capacity uses the least-modern road PM.,4,15.0,Target satisfies usage 11.5 plus engine AI surplus 2; fixed capacity 3.0 per level; no rail or passenger service.
HAM,Hamburg,STATE_ELBE,Elbe,5,pm_traditional_road_network,pm_no_canal_network,pm_no_rail_network,pm_no_passenger_trains,18.0,13.5,100.0_PROJECTED,0,NO,"As a commercial city Hamburg had dense local/connecting transport infrastructure, but not a state-scale engineered road network comparable to Hanover. | No industrial canal network assigned",5,18.0,Target satisfies usage 13.5 plus engine AI surplus 2; fixed capacity 3.0 per level; no rail or passenger service.
HAN,Hanover,STATE_BRUNSWICK,Brunswick,1,pm_traditional_road_network,pm_no_canal_network,pm_no_rail_network,pm_no_passenger_trains,6.0,3.0,100.0_PROJECTED,0,NO,Braunschweig followed the Hanoverian engineered-road movement around 1770 to improve commerce. | No industrial canal network assigned.,1,6.0,Target satisfies usage 3.0 plus engine AI surplus 2; fixed capacity 3.0 per level; no rail or passenger service.
HAN,Hanover,STATE_ELBE,Elbe,0,pm_traditional_road_network,pm_no_canal_network,pm_no_rail_network,pm_no_passenger_trains,3.0,0.0,100.0_PROJECTED,0,NO,No prior historical transport row; gameplay capacity uses the least-modern road PM.,0,3.0,Target satisfies usage 0.0 plus engine AI surplus 2; fixed capacity 3.0 per level; no rail or passenger service.
HAN,Hanover,STATE_HANNOVER,Hanover,2,pm_traditional_road_network,pm_no_canal_network,pm_no_rail_network,pm_no_passenger_trains,9.0,2.0,100.0_PROJECTED,0,NO,"Hanover created a road-building authority in 1764 and built engineered chaussées from Hannover to Hameln, Kassel and Nienburg before 1776. | No industrial canal network assigned.",2,9.0,Target satisfies usage 2.0 plus engine AI surplus 2; fixed capacity 3.0 per level; no rail or passenger service.
HAU,Gobir,STATE_OUTER_HAUSALAND,Outer Hausaland,0,pm_traditional_road_network,pm_no_canal_network,pm_no_rail_network,pm_no_passenger_trains,3.0,0.0,100.0_PROJECTED,0,NO,No prior historical transport row; gameplay capacity uses the least-modern road PM.,0,3.0,Target satisfies usage 0.0 plus engine AI surplus 2; fixed capacity 3.0 per level; no rail or passenger service.
HAW,Hawaii,STATE_HAWAIIAN_ISLANDS,Hawaiian Islands,2,pm_traditional_road_network,pm_no_canal_network,pm_no_rail_network,pm_no_passenger_trains,9.0,6.0,100.0_PROJECTED,0,NO,"YES (traditional road/trail network abstraction) | NO | NPS documents a 175-mile corridor of ancient and historic trails on Hawaii Island alone, connecting more than 200 ahupuaa; prehistoric ala loa linked shorter coastal and mountain-ocean routes and included purpose-built surfaces through difficult lava terrain.",2,9.0,Target satisfies usage 6.0 plus engine AI surplus 2; fixed capacity 3.0 per level; no rail or passenger service.
HBC,Hudson's Bay Company,STATE_MANITOBA,Manitoba,1,pm_traditional_road_network,pm_no_canal_network,pm_no_rail_network,pm_no_passenger_trains,6.0,2.5,100.0_PROJECTED,0,NO,No prior historical transport row; gameplay capacity uses the least-modern road PM.,1,6.0,Target satisfies usage 2.5 plus engine AI surplus 2; fixed capacity 3.0 per level; no rail or passenger service.
HBC,Hudson's Bay Company,STATE_NUNAVUT,Nunavut,0,pm_traditional_road_network,pm_no_canal_network,pm_no_rail_network,pm_no_passenger_trains,3.0,0.0,100.0_PROJECTED,0,NO,No prior historical transport row; gameplay capacity uses the least-modern road PM.,0,3.0,Target satisfies usage 0.0 plus engine AI surplus 2; fixed capacity 3.0 per level; no rail or passenger service.
HBC,Hudson's Bay Company,STATE_ONTARIO,Ontario,1,pm_traditional_road_network,pm_no_canal_network,pm_no_rail_network,pm_no_passenger_trains,6.0,1.5,100.0_PROJECTED,0,NO,No prior historical transport row; gameplay capacity uses the least-modern road PM.,1,6.0,Target satisfies usage 1.5 plus engine AI surplus 2; fixed capacity 3.0 per level; no rail or passenger service.
HBC,Hudson's Bay Company,STATE_QUEBEC,Quebec,1,pm_traditional_road_network,pm_no_canal_network,pm_no_rail_network,pm_no_passenger_trains,6.0,2.0,100.0_PROJECTED,0,NO,No prior historical transport row; gameplay capacity uses the least-modern road PM.,1,6.0,Target satisfies usage 2.0 plus engine AI surplus 2; fixed capacity 3.0 per level; no rail or passenger service.
HBC,Hudson's Bay Company,STATE_SASKATCHEWAN,Saskatchewan,0,pm_traditional_road_network,pm_no_canal_network,pm_no_rail_network,pm_no_passenger_trains,3.0,0.0,100.0_PROJECTED,0,NO,No prior historical transport row; gameplay capacity uses the least-modern road PM.,0,3.0,Target satisfies usage 0.0 plus engine AI surplus 2; fixed capacity 3.0 per level; no rail or passenger service.
HDJ,Hedjaz,STATE_HEDJAZ,Hedjaz,1,pm_traditional_road_network,pm_no_canal_network,pm_no_rail_network,pm_no_passenger_trains,6.0,2.0,100.0_PROJECTED,0,NO,One pilgrimage/commercial road level. | No canal level recommended. | The Jeddah–Mecca/Hajj route justifies one road-network level.,1,6.0,Target satisfies usage 2.0 plus engine AI surplus 2; fixed capacity 3.0 per level; no rail or passenger service.
HDJ,Hedjaz,STATE_YEMEN,Yemen,0,pm_traditional_road_network,pm_no_canal_network,pm_no_rail_network,pm_no_passenger_trains,3.0,1.0,100.0_PROJECTED,0,NO,No prior historical transport row; gameplay capacity uses the least-modern road PM.,0,3.0,Target satisfies usage 1.0 plus engine AI surplus 2; fixed capacity 3.0 per level; no rail or passenger service.
HEK,Hesse-Kassel,STATE_HESSE,Hesse,1,pm_traditional_road_network,pm_no_canal_network,pm_no_rail_network,pm_no_passenger_trains,6.0,1.5,100.0_PROJECTED,0,NO,No prior historical transport row; gameplay capacity uses the least-modern road PM.,1,6.0,Target satisfies usage 1.5 plus engine AI surplus 2; fixed capacity 3.0 per level; no rail or passenger service.
HES,Hesse,STATE_HESSE,Hesse,1,pm_traditional_road_network,pm_no_canal_network,pm_no_rail_network,pm_no_passenger_trains,6.0,1.5,100.0_PROJECTED,0,NO,No prior historical transport row; gameplay capacity uses the least-modern road PM.,1,6.0,Target satisfies usage 1.5 plus engine AI surplus 2; fixed capacity 3.0 per level; no rail or passenger service.
HHE,Hehe,STATE_LINDI,Rufiji,0,pm_traditional_road_network,pm_no_canal_network,pm_no_rail_network,pm_no_passenger_trains,3.0,0.0,100.0_PROJECTED,0,NO,No prior historical transport row; gameplay capacity uses the least-modern road PM.,0,3.0,Target satisfies usage 0.0 plus engine AI surplus 2; fixed capacity 3.0 per level; no rail or passenger service.
HLA,Halia,STATE_BOUGAINVILLE,Bougainville,0,pm_traditional_road_network,pm_no_canal_network,pm_no_rail_network,pm_no_passenger_trains,3.0,0.0,100.0_PROJECTED,0,NO,No prior historical transport row; gameplay capacity uses the least-modern road PM.,0,3.0,Target satisfies usage 0.0 plus engine AI surplus 2; fixed capacity 3.0 per level; no rail or passenger service.
HMB,Hemba,STATE_CONGO_ORIENTALE,Lualaba,0,pm_traditional_road_network,pm_no_canal_network,pm_no_rail_network,pm_no_passenger_trains,3.0,0.0,100.0_PROJECTED,0,NO,No prior historical transport row; gameplay capacity uses the least-modern road PM.,0,3.0,Target satisfies usage 0.0 plus engine AI surplus 2; fixed capacity 3.0 per level; no rail or passenger service.
HOH,Hohenzollern,STATE_WURTTEMBERG,Württemberg,0,pm_traditional_road_network,pm_no_canal_network,pm_no_rail_network,pm_no_passenger_trains,3.0,0.0,100.0_PROJECTED,0,NO,No prior historical transport row; gameplay capacity uses the least-modern road PM.,0,3.0,Target satisfies usage 0.0 plus engine AI surplus 2; fixed capacity 3.0 per level; no rail or passenger service.
HOL,Holstein,STATE_SCHLESWIG_HOLSTEIN,Schleswig-Holstein,0,pm_traditional_road_network,pm_no_canal_network,pm_no_rail_network,pm_no_passenger_trains,3.0,1.0,100.0_PROJECTED,0,NO,No prior historical transport row; gameplay capacity uses the least-modern road PM.,0,3.0,Target satisfies usage 1.0 plus engine AI surplus 2; fixed capacity 3.0 per level; no rail or passenger service.
HRO,Herero,STATE_HEREROLAND,Hereroland,0,pm_traditional_road_network,pm_no_canal_network,pm_no_rail_network,pm_no_passenger_trains,3.0,1.0,100.0_PROJECTED,0,NO,No prior historical transport row; gameplay capacity uses the least-modern road PM.,0,3.0,Target satisfies usage 1.0 plus engine AI surplus 2; fixed capacity 3.0 per level; no rail or passenger service.
HRO,Herero,STATE_SOUTH_ANGOLA,South Angola,0,pm_traditional_road_network,pm_no_canal_network,pm_no_rail_network,pm_no_passenger_trains,3.0,1.0,100.0_PROJECTED,0,NO,No prior historical transport row; gameplay capacity uses the least-modern road PM.,0,3.0,Target satisfies usage 1.0 plus engine AI surplus 2; fixed capacity 3.0 per level; no rail or passenger service.
HUN,Hungary,STATE_BANAT,Banat,0,pm_traditional_road_network,pm_no_canal_network,pm_no_rail_network,pm_no_passenger_trains,3.0,1.0,100.0_PROJECTED,0,NO,No prior historical transport row; gameplay capacity uses the least-modern road PM.,0,3.0,Target satisfies usage 1.0 plus engine AI surplus 2; fixed capacity 3.0 per level; no rail or passenger service.
HUN,Hungary,STATE_BEKES,Partium,0,pm_traditional_road_network,pm_no_canal_network,pm_no_rail_network,pm_no_passenger_trains,3.0,0.0,100.0_PROJECTED,0,NO,No prior historical transport row; gameplay capacity uses the least-modern road PM.,0,3.0,Target satisfies usage 0.0 plus engine AI surplus 2; fixed capacity 3.0 per level; no rail or passenger service.
HUN,Hungary,STATE_CENTRAL_HUNGARY,Great Hungarian Plain,1,pm_traditional_road_network,pm_no_canal_network,pm_no_rail_network,pm_no_passenger_trains,6.0,4.0,100.0_PROJECTED,0,NO,No prior historical transport row; gameplay capacity uses the least-modern road PM.,1,6.0,Target satisfies usage 4.0 plus engine AI surplus 2; fixed capacity 3.0 per level; no rail or passenger service.
HUN,Hungary,STATE_DELVIDEK,Vojvodina,0,pm_traditional_road_network,pm_no_canal_network,pm_no_rail_network,pm_no_passenger_trains,3.0,0.0,100.0_PROJECTED,0,NO,No prior historical transport row; gameplay capacity uses the least-modern road PM.,0,3.0,Target satisfies usage 0.0 plus engine AI surplus 2; fixed capacity 3.0 per level; no rail or passenger service.
HUN,Hungary,STATE_RUTHENIA,Ruthenia,0,pm_traditional_road_network,pm_no_canal_network,pm_no_rail_network,pm_no_passenger_trains,3.0,0.0,100.0_PROJECTED,0,NO,No prior historical transport row; gameplay capacity uses the least-modern road PM.,0,3.0,Target satisfies usage 0.0 plus engine AI surplus 2; fixed capacity 3.0 per level; no rail or passenger service.
HUN,Hungary,STATE_SLOVAKIA,Slovakia,1,pm_traditional_road_network,pm_no_canal_network,pm_no_rail_network,pm_no_passenger_trains,6.0,3.0,100.0_PROJECTED,0,NO,No prior historical transport row; gameplay capacity uses the least-modern road PM.,1,6.0,Target satisfies usage 3.0 plus engine AI surplus 2; fixed capacity 3.0 per level; no rail or passenger service.
HUN,Hungary,STATE_TRANSDANUBIA,Transdanubia,0,pm_traditional_road_network,pm_no_canal_network,pm_no_rail_network,pm_no_passenger_trains,3.0,0.0,100.0_PROJECTED,0,NO,No prior historical transport row; gameplay capacity uses the least-modern road PM.,0,3.0,Target satisfies usage 0.0 plus engine AI surplus 2; fixed capacity 3.0 per level; no rail or passenger service.
HYD,Hyderabad,STATE_CENTRAL_PROVINCES,Central Provinces,0,pm_traditional_road_network,pm_no_canal_network,pm_no_rail_network,pm_no_passenger_trains,3.0,0.0,100.0_PROJECTED,0,NO,No prior historical transport row; gameplay capacity uses the least-modern road PM.,0,3.0,Target satisfies usage 0.0 plus engine AI surplus 2; fixed capacity 3.0 per level; no rail or passenger service.
HYD,Hyderabad,STATE_HYDERABAD,Hyderabad,4,pm_traditional_road_network,pm_no_canal_network,pm_no_rail_network,pm_no_passenger_trains,15.0,12.0,100.0_PROJECTED,0,NO,Deccan trunk-route connectivity | none | The Deccan was crossed by durable interregional routes linking northern India to southern ports.,4,15.0,Target satisfies usage 12.0 plus engine AI surplus 2; fixed capacity 3.0 per level; no rail or passenger service.
IBO,Igbo,STATE_NIGER_DELTA,Niger Delta,0,pm_traditional_road_network,pm_no_canal_network,pm_no_rail_network,pm_no_passenger_trains,3.0,0.0,100.0_PROJECTED,0,NO,No prior historical transport row; gameplay capacity uses the least-modern road PM.,0,3.0,Target satisfies usage 0.0 plus engine AI surplus 2; fixed capacity 3.0 per level; no rail or passenger service.
INDOP,Indonesian Princley States,STATE_ACEH,Aceh,1,pm_traditional_road_network,pm_no_canal_network,pm_no_rail_network,pm_no_passenger_trains,6.0,1.5,100.0_PROJECTED,0,NO,No prior historical transport row; gameplay capacity uses the least-modern road PM.,1,6.0,Target satisfies usage 1.5 plus engine AI surplus 2; fixed capacity 3.0 per level; no rail or passenger service.
INDOP,Indonesian Princley States,STATE_EAST_BORNEO,East Borneo,0,pm_traditional_road_network,pm_no_canal_network,pm_no_rail_network,pm_no_passenger_trains,3.0,1.0,100.0_PROJECTED,0,NO,No prior historical transport row; gameplay capacity uses the least-modern road PM.,0,3.0,Target satisfies usage 1.0 plus engine AI surplus 2; fixed capacity 3.0 per level; no rail or passenger service.
INDOP,Indonesian Princley States,STATE_NORTH_SUMATRA,North Sumatra,0,pm_traditional_road_network,pm_no_canal_network,pm_no_rail_network,pm_no_passenger_trains,3.0,1.0,100.0_PROJECTED,0,NO,No prior historical transport row; gameplay capacity uses the least-modern road PM.,0,3.0,Target satisfies usage 1.0 plus engine AI surplus 2; fixed capacity 3.0 per level; no rail or passenger service.
INDOP,Indonesian Princley States,STATE_SOUTH_SUMATRA,South Sumatra,0,pm_traditional_road_network,pm_no_canal_network,pm_no_rail_network,pm_no_passenger_trains,3.0,0.0,100.0_PROJECTED,0,NO,No prior historical transport row; gameplay capacity uses the least-modern road PM.,0,3.0,Target satisfies usage 0.0 plus engine AI surplus 2; fixed capacity 3.0 per level; no rail or passenger service.
INDOP,Indonesian Princley States,STATE_WEST_BORNEO,West Borneo,0,pm_traditional_road_network,pm_no_canal_network,pm_no_rail_network,pm_no_passenger_trains,3.0,1.0,100.0_PROJECTED,0,NO,No prior historical transport row; gameplay capacity uses the least-modern road PM.,0,3.0,Target satisfies usage 1.0 plus engine AI surplus 2; fixed capacity 3.0 per level; no rail or passenger service.
IQU,Iquicha,STATE_ICA,Ica,0,pm_traditional_road_network,pm_no_canal_network,pm_no_rail_network,pm_no_passenger_trains,3.0,0.2,100.0_PROJECTED,0,NO,No prior historical transport row; gameplay capacity uses the least-modern road PM.,0,3.0,Target satisfies usage 0.2 plus engine AI surplus 2; fixed capacity 3.0 per level; no rail or passenger service.
IR1,Mamluk Iraq,STATE_BAGHDAD,Baghdad,2,pm_traditional_road_network,pm_no_canal_network,pm_no_rail_network,pm_no_passenger_trains,9.0,5.5,100.0_PROJECTED,0,NO,"Two road levels for the Baghdad caravan nexus. | No engineered transport-canal level recommended in this first pass. | A durable inter-urban caravan, pilgrimage, military or administrative corridor justifies one pre-rail regional infrastructure level; no railway PM is permitted.",2,9.0,Target satisfies usage 5.5 plus engine AI surplus 2; fixed capacity 3.0 per level; no rail or passenger service.
IR1,Mamluk Iraq,STATE_BASRA,Basra,1,pm_traditional_road_network,pm_no_canal_network,pm_no_rail_network,pm_no_passenger_trains,6.0,4.0,100.0_PROJECTED,0,NO,"One road level linking Basra to Baghdad and Persia. | No separate engineered canal recommendation; river transport is not automatically equivalent to this PM. | A durable inter-urban caravan, pilgrimage, military or administrative corridor justifies one pre-rail regional infrastructure level; no railway PM is permitted.",1,6.0,Target satisfies usage 4.0 plus engine AI surplus 2; fixed capacity 3.0 per level; no rail or passenger service.
IR1,Mamluk Iraq,STATE_DEIR_EZ_ZOR,Deir-Ez-Zor,1,pm_traditional_road_network,pm_no_canal_network,pm_no_rail_network,pm_no_passenger_trains,6.0,2.0,100.0_PROJECTED,0,NO,No prior historical transport row; gameplay capacity uses the least-modern road PM.,1,6.0,Target satisfies usage 2.0 plus engine AI surplus 2; fixed capacity 3.0 per level; no rail or passenger service.
IR1,Mamluk Iraq,STATE_MOSUL,Mosul,1,pm_traditional_road_network,pm_no_canal_network,pm_no_rail_network,pm_no_passenger_trains,6.0,3.5,100.0_PROJECTED,0,NO,"One road level on the Aleppo–Persia corridor. | No canal level recommended. | A durable inter-urban caravan, pilgrimage, military or administrative corridor justifies one pre-rail regional infrastructure level; no railway PM is permitted.",1,6.0,Target satisfies usage 3.5 plus engine AI surplus 2; fixed capacity 3.0 per level; no rail or passenger service.
IRC,Iron Confederacy,STATE_ALBERTA,Alberta,0,pm_traditional_road_network,pm_no_canal_network,pm_no_rail_network,pm_no_passenger_trains,3.0,0.0,100.0_PROJECTED,0,NO,No prior historical transport row; gameplay capacity uses the least-modern road PM.,0,3.0,Target satisfies usage 0.0 plus engine AI surplus 2; fixed capacity 3.0 per level; no rail or passenger service.
IRC,Iron Confederacy,STATE_MANITOBA,Manitoba,0,pm_traditional_road_network,pm_no_canal_network,pm_no_rail_network,pm_no_passenger_trains,3.0,0.0,100.0_PROJECTED,0,NO,No prior historical transport row; gameplay capacity uses the least-modern road PM.,0,3.0,Target satisfies usage 0.0 plus engine AI surplus 2; fixed capacity 3.0 per level; no rail or passenger service.
IRC,Iron Confederacy,STATE_SASKATCHEWAN,Saskatchewan,0,pm_traditional_road_network,pm_no_canal_network,pm_no_rail_network,pm_no_passenger_trains,3.0,0.0,100.0_PROJECTED,0,NO,No prior historical transport row; gameplay capacity uses the least-modern road PM.,0,3.0,Target satisfies usage 0.0 plus engine AI surplus 2; fixed capacity 3.0 per level; no rail or passenger service.
IREK,Kingdom of Ireland,STATE_CONNAUGHT,Connaught,1,pm_traditional_road_network,pm_no_canal_network,pm_no_rail_network,pm_no_passenger_trains,6.0,2.0,100.0_PROJECTED,0,NO,No prior historical transport row; gameplay capacity uses the least-modern road PM.,1,6.0,Target satisfies usage 2.0 plus engine AI surplus 2; fixed capacity 3.0 per level; no rail or passenger service.
IREK,Kingdom of Ireland,STATE_LEINSTER,Leinster,4,pm_traditional_road_network,pm_no_canal_network,pm_no_rail_network,pm_no_passenger_trains,15.0,10.5,100.0_PROJECTED,0,NO,Grand Canal work had begun but does not justify an operating canal network at the strict cutoff. | none required for this recommendation | Improved roads linked Dublin with its hinterland; the Grand Canal was still incomplete at the cutoff.,4,15.0,Target satisfies usage 10.5 plus engine AI surplus 2; fixed capacity 3.0 per level; no rail or passenger service.
IREK,Kingdom of Ireland,STATE_MUNSTER,Munster,3,pm_traditional_road_network,pm_no_canal_network,pm_no_rail_network,pm_no_passenger_trains,12.0,8.5,100.0_PROJECTED,0,NO,One road level. | none required for this recommendation | Market roads connected Cork with its provisioning hinterland.,3,12.0,Target satisfies usage 8.5 plus engine AI surplus 2; fixed capacity 3.0 per level; no rail or passenger service.
IREK,Kingdom of Ireland,STATE_ULSTER,Ulster,3,pm_traditional_road_network,pm_no_canal_network,pm_no_rail_network,pm_no_passenger_trains,12.0,8.0,100.0_PROJECTED,0,NO,One road level. | none required for this recommendation | Roads connected the linen districts and Belfast-area commerce.,3,12.0,Target satisfies usage 8.0 plus engine AI surplus 2; fixed capacity 3.0 per level; no rail or passenger service.
ISQ,Isaaq,STATE_SOMALILAND,Somaliland,0,pm_traditional_road_network,pm_no_canal_network,pm_no_rail_network,pm_no_passenger_trains,3.0,0.0,100.0_PROJECTED,0,NO,No prior historical transport row; gameplay capacity uses the least-modern road PM.,0,3.0,Target satisfies usage 0.0 plus engine AI surplus 2; fixed capacity 3.0 per level; no rail or passenger service.
JAP,Japan,STATE_CHUGOKU,Chugoku,2,pm_traditional_road_network,pm_no_canal_network,pm_no_rail_network,pm_no_passenger_trains,9.0,5.0,100.0_PROJECTED,0,NO,No prior historical transport row; gameplay capacity uses the least-modern road PM.,2,9.0,Target satisfies usage 5.0 plus engine AI surplus 2; fixed capacity 3.0 per level; no rail or passenger service.
JAP,Japan,STATE_HOKKAIDO,Yezo,0,pm_traditional_road_network,pm_no_canal_network,pm_no_rail_network,pm_no_passenger_trains,3.0,0.0,100.0_PROJECTED,0,NO,No prior historical transport row; gameplay capacity uses the least-modern road PM.,0,3.0,Target satisfies usage 0.0 plus engine AI surplus 2; fixed capacity 3.0 per level; no rail or passenger service.
JAP,Japan,STATE_HOKUSHINETSU,Hokushin'etsu,2,pm_traditional_road_network,pm_no_canal_network,pm_no_rail_network,pm_no_passenger_trains,9.0,6.0,100.0_PROJECTED,0,NO,1 | 0 | Nakasendo/Hokuriku post-road links,2,9.0,Target satisfies usage 6.0 plus engine AI surplus 2; fixed capacity 3.0 per level; no rail or passenger service.
JAP,Japan,STATE_KANSAI,Osaka,4,pm_traditional_road_network,pm_industrial_canals,pm_no_rail_network,pm_no_passenger_trains,19.0,15.5,100.0_PROJECTED,0,NO,2 | 1 | Tokaido and dense Kinai road system,4,19.0,Target satisfies usage 15.5 plus engine AI surplus 2; fixed capacity 4.0 per level; no rail or passenger service.
JAP,Japan,STATE_KANTO,Kanto,2,pm_traditional_road_network,pm_no_canal_network,pm_no_rail_network,pm_no_passenger_trains,9.0,4.0,100.0_PROJECTED,0,NO,"2 | 0 | Five highways radiating from Edo, including Tokaido",2,9.0,Target satisfies usage 4.0 plus engine AI surplus 2; fixed capacity 3.0 per level; no rail or passenger service.
JAP,Japan,STATE_KYOTO,Kyoto,2,pm_traditional_road_network,pm_no_canal_network,pm_no_rail_network,pm_no_passenger_trains,9.0,5.0,100.0_PROJECTED,0,NO,1 | 0 | Tokaido terminus and organized post-road connections,2,9.0,Target satisfies usage 5.0 plus engine AI surplus 2; fixed capacity 3.0 per level; no rail or passenger service.
JAP,Japan,STATE_KYUSHU,Kyushu,2,pm_traditional_road_network,pm_no_canal_network,pm_no_rail_network,pm_no_passenger_trains,9.0,7.0,100.0_PROJECTED,0,NO,No prior historical transport row; gameplay capacity uses the least-modern road PM.,2,9.0,Target satisfies usage 7.0 plus engine AI surplus 2; fixed capacity 3.0 per level; no rail or passenger service.
JAP,Japan,STATE_RYUKYU_ISLANDS,Ryukyu Islands,0,pm_traditional_road_network,pm_no_canal_network,pm_no_rail_network,pm_no_passenger_trains,3.0,1.0,100.0_PROJECTED,0,NO,No prior historical transport row; gameplay capacity uses the least-modern road PM.,0,3.0,Target satisfies usage 1.0 plus engine AI surplus 2; fixed capacity 3.0 per level; no rail or passenger service.
JAP,Japan,STATE_SHIKOKU,Shikoku,2,pm_traditional_road_network,pm_no_canal_network,pm_no_rail_network,pm_no_passenger_trains,9.0,7.0,100.0_PROJECTED,0,NO,No prior historical transport row; gameplay capacity uses the least-modern road PM.,2,9.0,Target satisfies usage 7.0 plus engine AI surplus 2; fixed capacity 3.0 per level; no rail or passenger service.
JAP,Japan,STATE_TOHOKU,Tohoku,1,pm_traditional_road_network,pm_no_canal_network,pm_no_rail_network,pm_no_passenger_trains,6.0,3.0,100.0_PROJECTED,0,NO,No prior historical transport row; gameplay capacity uses the least-modern road PM.,1,6.0,Target satisfies usage 3.0 plus engine AI surplus 2; fixed capacity 3.0 per level; no rail or passenger service.
JAP,Japan,STATE_TOKAI,Tokai,2,pm_traditional_road_network,pm_no_canal_network,pm_no_rail_network,pm_no_passenger_trains,9.0,2.0,100.0_PROJECTED,0,NO,2 | 0 | Tokaido main trunk crossed Tokai,2,9.0,Target satisfies usage 2.0 plus engine AI surplus 2; fixed capacity 3.0 per level; no rail or passenger service.
JBB,Jabal,STATE_HAIL,Hail,0,pm_traditional_road_network,pm_no_canal_network,pm_no_rail_network,pm_no_passenger_trains,3.0,1.0,100.0_PROJECTED,0,NO,No prior historical transport row; gameplay capacity uses the least-modern road PM.,0,3.0,Target satisfies usage 1.0 plus engine AI surplus 2; fixed capacity 3.0 per level; no rail or passenger service.
JEY,Jeypore,STATE_CIRCARS,Northern Circars,0,pm_traditional_road_network,pm_no_canal_network,pm_no_rail_network,pm_no_passenger_trains,3.0,0.0,100.0_PROJECTED,0,NO,No prior historical transport row; gameplay capacity uses the least-modern road PM.,0,3.0,Target satisfies usage 0.0 plus engine AI surplus 2; fixed capacity 3.0 per level; no rail or passenger service.
JLF,Jolof,STATE_SENEGAL,Senegal,0,pm_traditional_road_network,pm_no_canal_network,pm_no_rail_network,pm_no_passenger_trains,3.0,0.0,100.0_PROJECTED,0,NO,No prior historical transport row; gameplay capacity uses the least-modern road PM.,0,3.0,Target satisfies usage 0.0 plus engine AI surplus 2; fixed capacity 3.0 per level; no rail or passenger service.
JMB,Jambi,STATE_NORTH_SUMATRA,North Sumatra,0,pm_traditional_road_network,pm_no_canal_network,pm_no_rail_network,pm_no_passenger_trains,3.0,1.0,100.0_PROJECTED,0,NO,No prior historical transport row; gameplay capacity uses the least-modern road PM.,0,3.0,Target satisfies usage 1.0 plus engine AI surplus 2; fixed capacity 3.0 per level; no rail or passenger service.
JOH,Johore,STATE_MALAYA,Malaya,0,pm_traditional_road_network,pm_no_canal_network,pm_no_rail_network,pm_no_passenger_trains,3.0,1.0,100.0_PROJECTED,0,NO,No prior historical transport row; gameplay capacity uses the least-modern road PM.,0,3.0,Target satisfies usage 1.0 plus engine AI surplus 2; fixed capacity 3.0 per level; no rail or passenger service.
KAU,Kaurna,STATE_SOUTH_AUSTRALIA,South Australia,0,pm_traditional_road_network,pm_no_canal_network,pm_no_rail_network,pm_no_passenger_trains,3.0,0.0,100.0_PROJECTED,0,NO,No prior historical transport row; gameplay capacity uses the least-modern road PM.,0,3.0,Target satisfies usage 0.0 plus engine AI surplus 2; fixed capacity 3.0 per level; no rail or passenger service.
KBA,Kuba,STATE_KASAI,Kasai,0,pm_traditional_road_network,pm_no_canal_network,pm_no_rail_network,pm_no_passenger_trains,3.0,0.0,100.0_PROJECTED,0,NO,No prior historical transport row; gameplay capacity uses the least-modern road PM.,0,3.0,Target satisfies usage 0.0 plus engine AI surplus 2; fixed capacity 3.0 per level; no rail or passenger service.
KBB,Kathiri,STATE_YEMEN,Yemen,1,pm_traditional_road_network,pm_no_canal_network,pm_no_rail_network,pm_no_passenger_trains,6.0,2.5,100.0_PROJECTED,0,NO,No prior historical transport row; gameplay capacity uses the least-modern road PM.,1,6.0,Target satisfies usage 2.5 plus engine AI surplus 2; fixed capacity 3.0 per level; no rail or passenger service.
KBD,Kabadougou,STATE_WINDWARD_COAST,Windward Coast,0,pm_traditional_road_network,pm_no_canal_network,pm_no_rail_network,pm_no_passenger_trains,3.0,0.0,100.0_PROJECTED,0,NO,No prior historical transport row; gameplay capacity uses the least-modern road PM.,0,3.0,Target satisfies usage 0.0 plus engine AI surplus 2; fixed capacity 3.0 per level; no rail or passenger service.
KBU,Kaabu,STATE_GUINEA,Guinea,0,pm_traditional_road_network,pm_no_canal_network,pm_no_rail_network,pm_no_passenger_trains,3.0,0.0,100.0_PROJECTED,0,NO,No prior historical transport row; gameplay capacity uses the least-modern road PM.,0,3.0,Target satisfies usage 0.0 plus engine AI surplus 2; fixed capacity 3.0 per level; no rail or passenger service.
KBU,Kaabu,STATE_SENEGAL,Senegal,0,pm_traditional_road_network,pm_no_canal_network,pm_no_rail_network,pm_no_passenger_trains,3.0,0.0,100.0_PROJECTED,0,NO,No prior historical transport row; gameplay capacity uses the least-modern road PM.,0,3.0,Target satisfies usage 0.0 plus engine AI surplus 2; fixed capacity 3.0 per level; no rail or passenger service.
KHI,Khiva,STATE_KHIVA,Chorasmia,0,pm_traditional_road_network,pm_no_canal_network,pm_no_rail_network,pm_no_passenger_trains,3.0,1.0,100.0_PROJECTED,0,NO,No prior historical transport row; gameplay capacity uses the least-modern road PM.,0,3.0,Target satisfies usage 1.0 plus engine AI surplus 2; fixed capacity 3.0 per level; no rail or passenger service.
KHI,Khiva,STATE_MERZ,Merv,0,pm_traditional_road_network,pm_no_canal_network,pm_no_rail_network,pm_no_passenger_trains,3.0,1.0,100.0_PROJECTED,0,NO,No prior historical transport row; gameplay capacity uses the least-modern road PM.,0,3.0,Target satisfies usage 1.0 plus engine AI surplus 2; fixed capacity 3.0 per level; no rail or passenger service.
KHI,Khiva,STATE_TURKMENIA,Turkmenia,1,pm_traditional_road_network,pm_no_canal_network,pm_no_rail_network,pm_no_passenger_trains,6.0,4.0,100.0_PROJECTED,0,NO,"One oasis/caravan-road level. | No transport-canal level; irrigation canals are not counted as industrial navigation canals. | A durable inter-urban caravan, pilgrimage, military or administrative corridor justifies one pre-rail regional infrastructure level; no railway PM is permitted.",1,6.0,Target satisfies usage 4.0 plus engine AI surplus 2; fixed capacity 3.0 per level; no rail or passenger service.
KHP,Kolhapur,STATE_BOMBAY,Bombay,0,pm_traditional_road_network,pm_no_canal_network,pm_no_rail_network,pm_no_passenger_trains,3.0,0.0,100.0_PROJECTED,0,NO,No prior historical transport row; gameplay capacity uses the least-modern road PM.,0,3.0,Target satisfies usage 0.0 plus engine AI surplus 2; fixed capacity 3.0 per level; no rail or passenger service.
KKI,Kuki,STATE_ARAKAN,Arakan,0,pm_traditional_road_network,pm_no_canal_network,pm_no_rail_network,pm_no_passenger_trains,3.0,0.0,100.0_PROJECTED,0,NO,No prior historical transport row; gameplay capacity uses the least-modern road PM.,0,3.0,Target satisfies usage 0.0 plus engine AI surplus 2; fixed capacity 3.0 per level; no rail or passenger service.
KKI,Kuki,STATE_ASSAM,Assam,0,pm_traditional_road_network,pm_no_canal_network,pm_no_rail_network,pm_no_passenger_trains,3.0,0.0,100.0_PROJECTED,0,NO,No prior historical transport row; gameplay capacity uses the least-modern road PM.,0,3.0,Target satisfies usage 0.0 plus engine AI surplus 2; fixed capacity 3.0 per level; no rail or passenger service.
KKI,Kuki,STATE_MANDALAY,Mandalay,0,pm_traditional_road_network,pm_no_canal_network,pm_no_rail_network,pm_no_passenger_trains,3.0,0.0,100.0_PROJECTED,0,NO,No prior historical transport row; gameplay capacity uses the least-modern road PM.,0,3.0,Target satisfies usage 0.0 plus engine AI surplus 2; fixed capacity 3.0 per level; no rail or passenger service.
KKY,Kikuyu,STATE_KENYA,Kenya,0,pm_traditional_road_network,pm_no_canal_network,pm_no_rail_network,pm_no_passenger_trains,3.0,0.0,100.0_PROJECTED,0,NO,No prior historical transport row; gameplay capacity uses the least-modern road PM.,0,3.0,Target satisfies usage 0.0 plus engine AI surplus 2; fixed capacity 3.0 per level; no rail or passenger service.
KLN,Kulin,STATE_NEW_SOUTH_WALES,New South Wales,0,pm_traditional_road_network,pm_no_canal_network,pm_no_rail_network,pm_no_passenger_trains,3.0,0.0,100.0_PROJECTED,0,NO,No prior historical transport row; gameplay capacity uses the least-modern road PM.,0,3.0,Target satisfies usage 0.0 plus engine AI surplus 2; fixed capacity 3.0 per level; no rail or passenger service.
KLN,Kulin,STATE_SOUTH_AUSTRALIA,South Australia,0,pm_traditional_road_network,pm_no_canal_network,pm_no_rail_network,pm_no_passenger_trains,3.0,0.0,100.0_PROJECTED,0,NO,No prior historical transport row; gameplay capacity uses the least-modern road PM.,0,3.0,Target satisfies usage 0.0 plus engine AI surplus 2; fixed capacity 3.0 per level; no rail or passenger service.
KLN,Kulin,STATE_VICTORIA,Victoria,0,pm_traditional_road_network,pm_no_canal_network,pm_no_rail_network,pm_no_passenger_trains,3.0,0.0,100.0_PROJECTED,0,NO,No prior historical transport row; gameplay capacity uses the least-modern road PM.,0,3.0,Target satisfies usage 0.0 plus engine AI surplus 2; fixed capacity 3.0 per level; no rail or passenger service.
KLO,Khmer Loeu,STATE_CAMBODIA,Cambodia,0,pm_traditional_road_network,pm_no_canal_network,pm_no_rail_network,pm_no_passenger_trains,3.0,0.0,100.0_PROJECTED,0,NO,No prior historical transport row; gameplay capacity uses the least-modern road PM.,0,3.0,Target satisfies usage 0.0 plus engine AI surplus 2; fixed capacity 3.0 per level; no rail or passenger service.
KNC,Karna,STATE_NEW_SOUTH_WALES,New South Wales,0,pm_traditional_road_network,pm_no_canal_network,pm_no_rail_network,pm_no_passenger_trains,3.0,0.0,100.0_PROJECTED,0,NO,No prior historical transport row; gameplay capacity uses the least-modern road PM.,0,3.0,Target satisfies usage 0.0 plus engine AI surplus 2; fixed capacity 3.0 per level; no rail or passenger service.
KNC,Karna,STATE_NORTHERN_TERRITORY,Northern Territory,0,pm_traditional_road_network,pm_no_canal_network,pm_no_rail_network,pm_no_passenger_trains,3.0,0.0,100.0_PROJECTED,0,NO,No prior historical transport row; gameplay capacity uses the least-modern road PM.,0,3.0,Target satisfies usage 0.0 plus engine AI surplus 2; fixed capacity 3.0 per level; no rail or passenger service.
KNC,Karna,STATE_QUEENSLAND,Queensland,0,pm_traditional_road_network,pm_no_canal_network,pm_no_rail_network,pm_no_passenger_trains,3.0,0.0,100.0_PROJECTED,0,NO,No prior historical transport row; gameplay capacity uses the least-modern road PM.,0,3.0,Target satisfies usage 0.0 plus engine AI surplus 2; fixed capacity 3.0 per level; no rail or passenger service.
KNC,Karna,STATE_SOUTH_AUSTRALIA,South Australia,0,pm_traditional_road_network,pm_no_canal_network,pm_no_rail_network,pm_no_passenger_trains,3.0,0.0,100.0_PROJECTED,0,NO,No prior historical transport row; gameplay capacity uses the least-modern road PM.,0,3.0,Target satisfies usage 0.0 plus engine AI surplus 2; fixed capacity 3.0 per level; no rail or passenger service.
KNG,Kong,STATE_IVORY_COAST,Ivory Coast,0,pm_traditional_road_network,pm_no_canal_network,pm_no_rail_network,pm_no_passenger_trains,3.0,0.0,100.0_PROJECTED,0,NO,No prior historical transport row; gameplay capacity uses the least-modern road PM.,0,3.0,Target satisfies usage 0.0 plus engine AI surplus 2; fixed capacity 3.0 per level; no rail or passenger service.
KNG,Kong,STATE_VOLTA,Volta,0,pm_traditional_road_network,pm_no_canal_network,pm_no_rail_network,pm_no_passenger_trains,3.0,0.0,100.0_PROJECTED,0,NO,No prior historical transport row; gameplay capacity uses the least-modern road PM.,0,3.0,Target satisfies usage 0.0 plus engine AI surplus 2; fixed capacity 3.0 per level; no rail or passenger service.
KNK,Kanak,STATE_KANAK,Kanak,0,pm_traditional_road_network,pm_no_canal_network,pm_no_rail_network,pm_no_passenger_trains,3.0,0.0,100.0_PROJECTED,0,NO,No prior historical transport row; gameplay capacity uses the least-modern road PM.,0,3.0,Target satisfies usage 0.0 plus engine AI surplus 2; fixed capacity 3.0 per level; no rail or passenger service.
KNO,Kurnool,STATE_KURNOOL,Ceded Districts,0,pm_traditional_road_network,pm_no_canal_network,pm_no_rail_network,pm_no_passenger_trains,3.0,0.0,100.0_PROJECTED,0,NO,No prior historical transport row; gameplay capacity uses the least-modern road PM.,0,3.0,Target satisfies usage 0.0 plus engine AI surplus 2; fixed capacity 3.0 per level; no rail or passenger service.
KOK,Kokand,STATE_FERGANA,Fergana,0,pm_traditional_road_network,pm_no_canal_network,pm_no_rail_network,pm_no_passenger_trains,3.0,1.0,100.0_PROJECTED,0,NO,No prior historical transport row; gameplay capacity uses the least-modern road PM.,0,3.0,Target satisfies usage 1.0 plus engine AI surplus 2; fixed capacity 3.0 per level; no rail or passenger service.
KOK,Kokand,STATE_KIRGHIZIA,Kirghizia,2,pm_traditional_road_network,pm_no_canal_network,pm_no_rail_network,pm_no_passenger_trains,9.0,4.5,100.0_PROJECTED,0,NO,"One oasis/caravan road level. | No canal level recommended. | A durable inter-urban caravan, pilgrimage, military or administrative corridor justifies one pre-rail regional infrastructure level; no railway PM is permitted.",2,9.0,Target satisfies usage 4.5 plus engine AI surplus 2; fixed capacity 3.0 per level; no rail or passenger service.
KOK,Kokand,STATE_SYRDARYA,Syrdarya,0,pm_traditional_road_network,pm_no_canal_network,pm_no_rail_network,pm_no_passenger_trains,3.0,1.0,100.0_PROJECTED,0,NO,No prior historical transport row; gameplay capacity uses the least-modern road PM.,0,3.0,Target satisfies usage 1.0 plus engine AI surplus 2; fixed capacity 3.0 per level; no rail or passenger service.
KOK,Kokand,STATE_TAJIKISTAN,Tajikistan,2,pm_traditional_road_network,pm_no_canal_network,pm_no_rail_network,pm_no_passenger_trains,9.0,5.0,100.0_PROJECTED,0,NO,"One oasis/caravan road level. | No canal level recommended. | A durable inter-urban caravan, pilgrimage, military or administrative corridor justifies one pre-rail regional infrastructure level; no railway PM is permitted.",2,9.0,Target satisfies usage 5.0 plus engine AI surplus 2; fixed capacity 3.0 per level; no rail or passenger service.
KON,Kongo,STATE_BAS_CONGO,Lower Congo,0,pm_traditional_road_network,pm_no_canal_network,pm_no_rail_network,pm_no_passenger_trains,3.0,0.0,100.0_PROJECTED,0,NO,No prior historical transport row; gameplay capacity uses the least-modern road PM.,0,3.0,Target satisfies usage 0.0 plus engine AI surplus 2; fixed capacity 3.0 per level; no rail or passenger service.
KON,Kongo,STATE_NORTH_ANGOLA,North Angola,0,pm_traditional_road_network,pm_no_canal_network,pm_no_rail_network,pm_no_passenger_trains,3.0,0.0,100.0_PROJECTED,0,NO,No prior historical transport row; gameplay capacity uses the least-modern road PM.,0,3.0,Target satisfies usage 0.0 plus engine AI surplus 2; fixed capacity 3.0 per level; no rail or passenger service.
KOR,Korea,STATE_BUSAN,Yeongnam,1,pm_traditional_road_network,pm_no_canal_network,pm_no_rail_network,pm_no_passenger_trains,6.0,2.5,100.0_PROJECTED,0,NO,No prior historical transport row; gameplay capacity uses the least-modern road PM.,1,6.0,Target satisfies usage 2.5 plus engine AI surplus 2; fixed capacity 3.0 per level; no rail or passenger service.
KOR,Korea,STATE_PYONGYANG,Yangseo,4,pm_traditional_road_network,pm_no_canal_network,pm_no_rail_network,pm_no_passenger_trains,15.0,12.5,100.0_PROJECTED,0,NO,No prior historical transport row; gameplay capacity uses the least-modern road PM.,4,15.0,Target satisfies usage 12.5 plus engine AI surplus 2; fixed capacity 3.0 per level; no rail or passenger service.
KOR,Korea,STATE_SARIWON,Gwanbuk,0,pm_traditional_road_network,pm_no_canal_network,pm_no_rail_network,pm_no_passenger_trains,3.0,0.0,100.0_PROJECTED,0,NO,No prior historical transport row; gameplay capacity uses the least-modern road PM.,0,3.0,Target satisfies usage 0.0 plus engine AI surplus 2; fixed capacity 3.0 per level; no rail or passenger service.
KOR,Korea,STATE_SEOUL,Gyeonggi,7,pm_traditional_road_network,pm_no_canal_network,pm_no_rail_network,pm_no_passenger_trains,24.0,22.0,100.0_PROJECTED,0,NO,No prior historical transport row; gameplay capacity uses the least-modern road PM.,7,24.0,Target satisfies usage 22.0 plus engine AI surplus 2; fixed capacity 3.0 per level; no rail or passenger service.
KOR,Korea,STATE_YANGHO,Yangho,5,pm_traditional_road_network,pm_no_canal_network,pm_no_rail_network,pm_no_passenger_trains,18.0,15.0,100.0_PROJECTED,0,NO,No prior historical transport row; gameplay capacity uses the least-modern road PM.,5,18.0,Target satisfies usage 15.0 plus engine AI surplus 2; fixed capacity 3.0 per level; no rail or passenger service.
KRG,Karagwe,STATE_TANGANYIKA,Tanganyika,1,pm_traditional_road_network,pm_no_canal_network,pm_no_rail_network,pm_no_passenger_trains,6.0,2.0,100.0_PROJECTED,0,NO,No prior historical transport row; gameplay capacity uses the least-modern road PM.,1,6.0,Target satisfies usage 2.0 plus engine AI surplus 2; fixed capacity 3.0 per level; no rail or passenger service.
KRI,Douriango,STATE_NEW_SOUTH_WALES,New South Wales,0,pm_traditional_road_network,pm_no_canal_network,pm_no_rail_network,pm_no_passenger_trains,3.0,0.0,100.0_PROJECTED,0,NO,No prior historical transport row; gameplay capacity uses the least-modern road PM.,0,3.0,Target satisfies usage 0.0 plus engine AI surplus 2; fixed capacity 3.0 per level; no rail or passenger service.
KRI,Douriango,STATE_VICTORIA,Victoria,0,pm_traditional_road_network,pm_no_canal_network,pm_no_rail_network,pm_no_passenger_trains,3.0,0.0,100.0_PROJECTED,0,NO,No prior historical transport row; gameplay capacity uses the least-modern road PM.,0,3.0,Target satisfies usage 0.0 plus engine AI surplus 2; fixed capacity 3.0 per level; no rail or passenger service.
KRT,Kaarta,STATE_WESTERN_MALI,Western Mali,2,pm_traditional_road_network,pm_no_canal_network,pm_no_rail_network,pm_no_passenger_trains,9.0,4.5,100.0_PROJECTED,0,NO,"One regional caravan-road level. | No canal level recommended. | A durable inter-urban caravan, pilgrimage, military or administrative corridor justifies one pre-rail regional infrastructure level; no railway PM is permitted.",2,9.0,Target satisfies usage 4.5 plus engine AI surplus 2; fixed capacity 3.0 per level; no rail or passenger service.
KRU,Kru,STATE_LIBERIA,Grain Coast,0,pm_traditional_road_network,pm_no_canal_network,pm_no_rail_network,pm_no_passenger_trains,3.0,0.0,100.0_PROJECTED,0,NO,No prior historical transport row; gameplay capacity uses the least-modern road PM.,0,3.0,Target satisfies usage 0.0 plus engine AI surplus 2; fixed capacity 3.0 per level; no rail or passenger service.
KRU,Kru,STATE_WINDWARD_COAST,Windward Coast,0,pm_traditional_road_network,pm_no_canal_network,pm_no_rail_network,pm_no_passenger_trains,3.0,0.0,100.0_PROJECTED,0,NO,No prior historical transport row; gameplay capacity uses the least-modern road PM.,0,3.0,Target satisfies usage 0.0 plus engine AI surplus 2; fixed capacity 3.0 per level; no rail or passenger service.
KSN,Kasanje,STATE_EAST_ANGOLA,East Angola,0,pm_traditional_road_network,pm_no_canal_network,pm_no_rail_network,pm_no_passenger_trains,3.0,0.0,100.0_PROJECTED,0,NO,No prior historical transport row; gameplay capacity uses the least-modern road PM.,0,3.0,Target satisfies usage 0.0 plus engine AI surplus 2; fixed capacity 3.0 per level; no rail or passenger service.
KTI,Kutai,STATE_EAST_BORNEO,East Borneo,0,pm_traditional_road_network,pm_no_canal_network,pm_no_rail_network,pm_no_passenger_trains,3.0,0.0,100.0_PROJECTED,0,NO,No prior historical transport row; gameplay capacity uses the least-modern road PM.,0,3.0,Target satisfies usage 0.0 plus engine AI surplus 2; fixed capacity 3.0 per level; no rail or passenger service.
KTU,Kartu,STATE_WESTERN_AUSTRALIA,Western Australia,0,pm_traditional_road_network,pm_no_canal_network,pm_no_rail_network,pm_no_passenger_trains,3.0,0.0,100.0_PROJECTED,0,NO,No prior historical transport row; gameplay capacity uses the least-modern road PM.,0,3.0,Target satisfies usage 0.0 plus engine AI surplus 2; fixed capacity 3.0 per level; no rail or passenger service.
KYN,Pilbara,STATE_WESTERN_AUSTRALIA,Western Australia,0,pm_traditional_road_network,pm_no_canal_network,pm_no_rail_network,pm_no_passenger_trains,3.0,0.0,100.0_PROJECTED,0,NO,No prior historical transport row; gameplay capacity uses the least-modern road PM.,0,3.0,Target satisfies usage 0.0 plus engine AI surplus 2; fixed capacity 3.0 per level; no rail or passenger service.
KZH,Kishi Zhuz,STATE_AKTOBE,Aktobe,0,pm_traditional_road_network,pm_no_canal_network,pm_no_rail_network,pm_no_passenger_trains,3.0,1.0,100.0_PROJECTED,0,NO,No prior historical transport row; gameplay capacity uses the least-modern road PM.,0,3.0,Target satisfies usage 1.0 plus engine AI surplus 2; fixed capacity 3.0 per level; no rail or passenger service.
KZH,Kishi Zhuz,STATE_CHELYABINSK,Chelyabinsk,0,pm_traditional_road_network,pm_no_canal_network,pm_no_rail_network,pm_no_passenger_trains,3.0,1.0,100.0_PROJECTED,0,NO,No prior historical transport row; gameplay capacity uses the least-modern road PM.,0,3.0,Target satisfies usage 1.0 plus engine AI surplus 2; fixed capacity 3.0 per level; no rail or passenger service.
KZH,Kishi Zhuz,STATE_KHIVA,Chorasmia,0,pm_traditional_road_network,pm_no_canal_network,pm_no_rail_network,pm_no_passenger_trains,3.0,1.0,100.0_PROJECTED,0,NO,No prior historical transport row; gameplay capacity uses the least-modern road PM.,0,3.0,Target satisfies usage 1.0 plus engine AI surplus 2; fixed capacity 3.0 per level; no rail or passenger service.
KZH,Kishi Zhuz,STATE_SAMARA,Samara,1,pm_traditional_road_network,pm_no_canal_network,pm_no_rail_network,pm_no_passenger_trains,6.0,2.0,100.0_PROJECTED,0,NO,No prior historical transport row; gameplay capacity uses the least-modern road PM.,1,6.0,Target satisfies usage 2.0 plus engine AI surplus 2; fixed capacity 3.0 per level; no rail or passenger service.
KZH,Kishi Zhuz,STATE_SYRDARYA,Syrdarya,0,pm_traditional_road_network,pm_no_canal_network,pm_no_rail_network,pm_no_passenger_trains,3.0,1.0,100.0_PROJECTED,0,NO,No prior historical transport row; gameplay capacity uses the least-modern road PM.,0,3.0,Target satisfies usage 1.0 plus engine AI surplus 2; fixed capacity 3.0 per level; no rail or passenger service.
KZH,Kishi Zhuz,STATE_URALSK,Uralsk,0,pm_traditional_road_network,pm_no_canal_network,pm_no_rail_network,pm_no_passenger_trains,3.0,1.0,100.0_PROJECTED,0,NO,No prior historical transport row; gameplay capacity uses the least-modern road PM.,0,3.0,Target satisfies usage 1.0 plus engine AI surplus 2; fixed capacity 3.0 per level; no rail or passenger service.
KZM,Kazembe,STATE_KATANGA,Katanga,1,pm_traditional_road_network,pm_no_canal_network,pm_no_rail_network,pm_no_passenger_trains,6.0,2.0,100.0_PROJECTED,0,NO,No prior historical transport row; gameplay capacity uses the least-modern road PM.,1,6.0,Target satisfies usage 2.0 plus engine AI surplus 2; fixed capacity 3.0 per level; no rail or passenger service.
KZM,Kazembe,STATE_KAZEMBE,Kazembe,0,pm_traditional_road_network,pm_no_canal_network,pm_no_rail_network,pm_no_passenger_trains,3.0,0.5,100.0_PROJECTED,0,NO,No prior historical transport row; gameplay capacity uses the least-modern road PM.,0,3.0,Target satisfies usage 0.5 plus engine AI surplus 2; fixed capacity 3.0 per level; no rail or passenger service.
LAH,Lahej,STATE_YEMEN,Yemen,1,pm_traditional_road_network,pm_no_canal_network,pm_no_rail_network,pm_no_passenger_trains,6.0,2.5,100.0_PROJECTED,0,NO,No prior historical transport row; gameplay capacity uses the least-modern road PM.,1,6.0,Target satisfies usage 2.5 plus engine AI surplus 2; fixed capacity 3.0 per level; no rail or passenger service.
LAN,Lanfang,STATE_WEST_BORNEO,West Borneo,0,pm_traditional_road_network,pm_no_canal_network,pm_no_rail_network,pm_no_passenger_trains,3.0,0.0,100.0_PROJECTED,0,NO,No prior historical transport row; gameplay capacity uses the least-modern road PM.,0,3.0,Target satisfies usage 0.0 plus engine AI surplus 2; fixed capacity 3.0 per level; no rail or passenger service.
LBA,Luba,STATE_CONGO_ORIENTALE,Lualaba,0,pm_traditional_road_network,pm_no_canal_network,pm_no_rail_network,pm_no_passenger_trains,3.0,0.0,100.0_PROJECTED,0,NO,No prior historical transport row; gameplay capacity uses the least-modern road PM.,0,3.0,Target satisfies usage 0.0 plus engine AI surplus 2; fixed capacity 3.0 per level; no rail or passenger service.
LBA,Luba,STATE_KASAI,Kasai,0,pm_traditional_road_network,pm_no_canal_network,pm_no_rail_network,pm_no_passenger_trains,3.0,0.0,100.0_PROJECTED,0,NO,No prior historical transport row; gameplay capacity uses the least-modern road PM.,0,3.0,Target satisfies usage 0.0 plus engine AI surplus 2; fixed capacity 3.0 per level; no rail or passenger service.
LBA,Luba,STATE_KATANGA,Katanga,1,pm_traditional_road_network,pm_no_canal_network,pm_no_rail_network,pm_no_passenger_trains,6.0,2.0,100.0_PROJECTED,0,NO,No prior historical transport row; gameplay capacity uses the least-modern road PM.,1,6.0,Target satisfies usage 2.0 plus engine AI surplus 2; fixed capacity 3.0 per level; no rail or passenger service.
LGA,Lega,STATE_CONGO_ORIENTALE,Lualaba,0,pm_traditional_road_network,pm_no_canal_network,pm_no_rail_network,pm_no_passenger_trains,3.0,0.0,100.0_PROJECTED,0,NO,No prior historical transport row; gameplay capacity uses the least-modern road PM.,0,3.0,Target satisfies usage 0.0 plus engine AI surplus 2; fixed capacity 3.0 per level; no rail or passenger service.
LIP,Lippe,STATE_WESTPHALIA,Westphalia,1,pm_traditional_road_network,pm_no_canal_network,pm_no_rail_network,pm_no_passenger_trains,6.0,1.5,100.0_PROJECTED,0,NO,No prior historical transport row; gameplay capacity uses the least-modern road PM.,1,6.0,Target satisfies usage 1.5 plus engine AI surplus 2; fixed capacity 3.0 per level; no rail or passenger service.
LKT,Lakota,STATE_IOWA,Iowa,0,pm_traditional_road_network,pm_no_canal_network,pm_no_rail_network,pm_no_passenger_trains,3.0,0.0,100.0_PROJECTED,0,NO,No prior historical transport row; gameplay capacity uses the least-modern road PM.,0,3.0,Target satisfies usage 0.0 plus engine AI surplus 2; fixed capacity 3.0 per level; no rail or passenger service.
LKT,Lakota,STATE_MINNESOTA,Minnesota,0,pm_traditional_road_network,pm_no_canal_network,pm_no_rail_network,pm_no_passenger_trains,3.0,0.0,100.0_PROJECTED,0,NO,No prior historical transport row; gameplay capacity uses the least-modern road PM.,0,3.0,Target satisfies usage 0.0 plus engine AI surplus 2; fixed capacity 3.0 per level; no rail or passenger service.
LKT,Lakota,STATE_MONTANA,Montana,0,pm_traditional_road_network,pm_no_canal_network,pm_no_rail_network,pm_no_passenger_trains,3.0,0.0,100.0_PROJECTED,0,NO,No prior historical transport row; gameplay capacity uses the least-modern road PM.,0,3.0,Target satisfies usage 0.0 plus engine AI surplus 2; fixed capacity 3.0 per level; no rail or passenger service.
LKT,Lakota,STATE_NEBRASKA,Nebraska,0,pm_traditional_road_network,pm_no_canal_network,pm_no_rail_network,pm_no_passenger_trains,3.0,0.0,100.0_PROJECTED,0,NO,No prior historical transport row; gameplay capacity uses the least-modern road PM.,0,3.0,Target satisfies usage 0.0 plus engine AI surplus 2; fixed capacity 3.0 per level; no rail or passenger service.
LKT,Lakota,STATE_NORTH_DAKOTA,North Dakota,0,pm_traditional_road_network,pm_no_canal_network,pm_no_rail_network,pm_no_passenger_trains,3.0,0.0,100.0_PROJECTED,0,NO,No prior historical transport row; gameplay capacity uses the least-modern road PM.,0,3.0,Target satisfies usage 0.0 plus engine AI surplus 2; fixed capacity 3.0 per level; no rail or passenger service.
LKT,Lakota,STATE_SOUTH_DAKOTA,South Dakota,0,pm_traditional_road_network,pm_no_canal_network,pm_no_rail_network,pm_no_passenger_trains,3.0,0.0,100.0_PROJECTED,0,NO,No prior historical transport row; gameplay capacity uses the least-modern road PM.,0,3.0,Target satisfies usage 0.0 plus engine AI surplus 2; fixed capacity 3.0 per level; no rail or passenger service.
LKT,Lakota,STATE_WYOMING,Wyoming,0,pm_traditional_road_network,pm_no_canal_network,pm_no_rail_network,pm_no_passenger_trains,3.0,0.0,100.0_PROJECTED,0,NO,No prior historical transport row; gameplay capacity uses the least-modern road PM.,0,3.0,Target satisfies usage 0.0 plus engine AI surplus 2; fixed capacity 3.0 per level; no rail or passenger service.
LND,Lunda,STATE_EAST_ANGOLA,East Angola,0,pm_traditional_road_network,pm_no_canal_network,pm_no_rail_network,pm_no_passenger_trains,3.0,0.5,100.0_PROJECTED,0,NO,No prior historical transport row; gameplay capacity uses the least-modern road PM.,0,3.0,Target satisfies usage 0.5 plus engine AI surplus 2; fixed capacity 3.0 per level; no rail or passenger service.
LND,Lunda,STATE_KATANGA,Katanga,1,pm_traditional_road_network,pm_no_canal_network,pm_no_rail_network,pm_no_passenger_trains,6.0,2.0,100.0_PROJECTED,0,NO,No prior historical transport row; gameplay capacity uses the least-modern road PM.,1,6.0,Target satisfies usage 2.0 plus engine AI surplus 2; fixed capacity 3.0 per level; no rail or passenger service.
LNG,Loango,STATE_CONGO,Congo,0,pm_traditional_road_network,pm_no_canal_network,pm_no_rail_network,pm_no_passenger_trains,3.0,0.0,100.0_PROJECTED,0,NO,No prior historical transport row; gameplay capacity uses the least-modern road PM.,0,3.0,Target satisfies usage 0.0 plus engine AI surplus 2; fixed capacity 3.0 per level; no rail or passenger service.
LNG,Loango,STATE_GABON,Gabon,0,pm_traditional_road_network,pm_no_canal_network,pm_no_rail_network,pm_no_passenger_trains,3.0,0.0,100.0_PROJECTED,0,NO,No prior historical transport row; gameplay capacity uses the least-modern road PM.,0,3.0,Target satisfies usage 0.0 plus engine AI surplus 2; fixed capacity 3.0 per level; no rail or passenger service.
LOU,Louisiana,STATE_LOUISIANA,Louisiana,1,pm_traditional_road_network,pm_no_canal_network,pm_no_rail_network,pm_no_passenger_trains,6.0,1.5,100.0_PROJECTED,0,NO,No prior historical transport row; gameplay capacity uses the least-modern road PM.,1,6.0,Target satisfies usage 1.5 plus engine AI surplus 2; fixed capacity 3.0 per level; no rail or passenger service.
LRR,Larrakia,STATE_NORTHERN_TERRITORY,Northern Territory,0,pm_traditional_road_network,pm_no_canal_network,pm_no_rail_network,pm_no_passenger_trains,3.0,0.0,100.0_PROJECTED,0,NO,No prior historical transport row; gameplay capacity uses the least-modern road PM.,0,3.0,Target satisfies usage 0.0 plus engine AI surplus 2; fixed capacity 3.0 per level; no rail or passenger service.
LUA,Luang Prabang,STATE_LAOS,Laos,0,pm_traditional_road_network,pm_no_canal_network,pm_no_rail_network,pm_no_passenger_trains,3.0,0.5,100.0_PROJECTED,0,NO,No prior historical transport row; gameplay capacity uses the least-modern road PM.,0,3.0,Target satisfies usage 0.5 plus engine AI surplus 2; fixed capacity 3.0 per level; no rail or passenger service.
LUB,Lübeck,STATE_SCHLESWIG_HOLSTEIN,Schleswig-Holstein,0,pm_traditional_road_network,pm_no_canal_network,pm_no_rail_network,pm_no_passenger_trains,3.0,0.5,100.0_PROJECTED,0,NO,No prior historical transport row; gameplay capacity uses the least-modern road PM.,0,3.0,Target satisfies usage 0.5 plus engine AI surplus 2; fixed capacity 3.0 per level; no rail or passenger service.
LUC,Lucca,STATE_EMILIA,Emilia,1,pm_traditional_road_network,pm_no_canal_network,pm_no_rail_network,pm_no_passenger_trains,6.0,2.5,100.0_PROJECTED,0,NO,No prior historical transport row; gameplay capacity uses the least-modern road PM.,1,6.0,Target satisfies usage 2.5 plus engine AI surplus 2; fixed capacity 3.0 per level; no rail or passenger service.
LUO,Luo,STATE_RIFT_VALLEY,Rift Valley,0,pm_traditional_road_network,pm_no_canal_network,pm_no_rail_network,pm_no_passenger_trains,3.0,0.0,100.0_PROJECTED,0,NO,No prior historical transport row; gameplay capacity uses the least-modern road PM.,0,3.0,Target satisfies usage 0.0 plus engine AI surplus 2; fixed capacity 3.0 per level; no rail or passenger service.
LUX,Luxembourg,STATE_WALLONIA,Wallonia,0,pm_traditional_road_network,pm_no_canal_network,pm_no_rail_network,pm_no_passenger_trains,3.0,1.0,100.0_PROJECTED,0,NO,No prior historical transport row; gameplay capacity uses the least-modern road PM.,0,3.0,Target satisfies usage 1.0 plus engine AI surplus 2; fixed capacity 3.0 per level; no rail or passenger service.
LZO,Barotse,STATE_BOTSWANA,Botswana,0,pm_traditional_road_network,pm_no_canal_network,pm_no_rail_network,pm_no_passenger_trains,3.0,0.0,100.0_PROJECTED,0,NO,No prior historical transport row; gameplay capacity uses the least-modern road PM.,0,3.0,Target satisfies usage 0.0 plus engine AI surplus 2; fixed capacity 3.0 per level; no rail or passenger service.
LZO,Barotse,STATE_EAST_ANGOLA,East Angola,0,pm_traditional_road_network,pm_no_canal_network,pm_no_rail_network,pm_no_passenger_trains,3.0,0.0,100.0_PROJECTED,0,NO,No prior historical transport row; gameplay capacity uses the least-modern road PM.,0,3.0,Target satisfies usage 0.0 plus engine AI surplus 2; fixed capacity 3.0 per level; no rail or passenger service.
LZO,Barotse,STATE_ZAMBIA,Zambia,0,pm_traditional_road_network,pm_no_canal_network,pm_no_rail_network,pm_no_passenger_trains,3.0,0.0,100.0_PROJECTED,0,NO,No prior historical transport row; gameplay capacity uses the least-modern road PM.,0,3.0,Target satisfies usage 0.0 plus engine AI surplus 2; fixed capacity 3.0 per level; no rail or passenger service.
MAD,Madagascar,STATE_NORTH_MADAGASCAR,North Madagascar,0,pm_traditional_road_network,pm_no_canal_network,pm_no_rail_network,pm_no_passenger_trains,3.0,0.0,100.0_PROJECTED,0,NO,No prior historical transport row; gameplay capacity uses the least-modern road PM.,0,3.0,Target satisfies usage 0.0 plus engine AI surplus 2; fixed capacity 3.0 per level; no rail or passenger service.
MAD,Madagascar,STATE_SOUTH_MADAGASCAR,South Madagascar,0,pm_traditional_road_network,pm_no_canal_network,pm_no_rail_network,pm_no_passenger_trains,3.0,0.0,100.0_PROJECTED,0,NO,No prior historical transport row; gameplay capacity uses the least-modern road PM.,0,3.0,Target satisfies usage 0.0 plus engine AI surplus 2; fixed capacity 3.0 per level; no rail or passenger service.
MARATH,Maratha Confederacy,STATE_AGRA,Agra,10,pm_traditional_road_network,pm_no_canal_network,pm_no_rail_network,pm_no_passenger_trains,33.0,29.5,100.0_PROJECTED,0,NO,"major Agra–Malwa–Surat/Deccan road network | none demonstrated as transport canal | Agra lay on major overland arteries linking Delhi, Malwa, Surat and the Deccan.",10,33.0,Target satisfies usage 29.5 plus engine AI surplus 2; fixed capacity 3.0 per level; no rail or passenger service.
MARATH,Maratha Confederacy,STATE_BOMBAY,Bombay,12,pm_traditional_road_network,pm_no_canal_network,pm_no_rail_network,pm_no_passenger_trains,39.0,34.2,100.0_PROJECTED,0,NO,Konkan–Deccan and northbound commercial roads | none | Western Deccan routes connected Konkan ports with the plateau and northbound routes.,12,39.0,Target satisfies usage 34.2 plus engine AI surplus 2; fixed capacity 3.0 per level; no rail or passenger service.
MARATH,Maratha Confederacy,STATE_BUNDELKHAND,Bundelkhand,0,pm_traditional_road_network,pm_no_canal_network,pm_no_rail_network,pm_no_passenger_trains,3.0,0.0,100.0_PROJECTED,0,NO,No prior historical transport row; gameplay capacity uses the least-modern road PM.,0,3.0,Target satisfies usage 0.0 plus engine AI surplus 2; fixed capacity 3.0 per level; no rail or passenger service.
MARATH,Maratha Confederacy,STATE_CENTRAL_PROVINCES,Central Provinces,0,pm_traditional_road_network,pm_no_canal_network,pm_no_rail_network,pm_no_passenger_trains,3.0,1.0,100.0_PROJECTED,0,NO,No prior historical transport row; gameplay capacity uses the least-modern road PM.,0,3.0,Target satisfies usage 1.0 plus engine AI surplus 2; fixed capacity 3.0 per level; no rail or passenger service.
MARATH,Maratha Confederacy,STATE_MALWA,Malwa,1,pm_traditional_road_network,pm_no_canal_network,pm_no_rail_network,pm_no_passenger_trains,6.0,1.0,100.0_PROJECTED,0,NO,Malwa trunk corridor | none | Maratha armies and merchants used the Malwa trunk corridor toward Agra and Surat.,1,6.0,Target satisfies usage 1.0 plus engine AI surplus 2; fixed capacity 3.0 per level; no rail or passenger service.
MAS,Mascara,STATE_ALGIERS,Algiers,3,pm_traditional_road_network,pm_no_canal_network,pm_no_rail_network,pm_no_passenger_trains,12.0,9.5,100.0_PROJECTED,0,NO,"One coastal-hinterland road level. | No canal level recommended. | A durable inter-urban caravan, pilgrimage, military or administrative corridor justifies one pre-rail regional infrastructure level; no railway PM is permitted.",3,12.0,Target satisfies usage 9.5 plus engine AI surplus 2; fixed capacity 3.0 per level; no rail or passenger service.
MAS,Mascara,STATE_ORAN,Oran,3,pm_traditional_road_network,pm_no_canal_network,pm_no_rail_network,pm_no_passenger_trains,12.0,9.5,100.0_PROJECTED,0,NO,"One coastal-hinterland road level. | No canal level recommended. | A durable inter-urban caravan, pilgrimage, military or administrative corridor justifies one pre-rail regional infrastructure level; no railway PM is permitted.",3,12.0,Target satisfies usage 9.5 plus engine AI surplus 2; fixed capacity 3.0 per level; no rail or passenger service.
MBB,Mahra,STATE_YEMEN,Yemen,1,pm_traditional_road_network,pm_no_canal_network,pm_no_rail_network,pm_no_passenger_trains,6.0,2.5,100.0_PROJECTED,0,NO,No prior historical transport row; gameplay capacity uses the least-modern road PM.,1,6.0,Target satisfies usage 2.5 plus engine AI surplus 2; fixed capacity 3.0 per level; no rail or passenger service.
MBS,Mombasa,STATE_KENYA,Kenya,0,pm_traditional_road_network,pm_no_canal_network,pm_no_rail_network,pm_no_passenger_trains,3.0,0.5,100.0_PROJECTED,0,NO,No prior historical transport row; gameplay capacity uses the least-modern road PM.,0,3.0,Target satisfies usage 0.5 plus engine AI surplus 2; fixed capacity 3.0 per level; no rail or passenger service.
MCR,Micronesia,STATE_EAST_MICRONESIA,East Micronesia,0,pm_traditional_road_network,pm_no_canal_network,pm_no_rail_network,pm_no_passenger_trains,3.0,0.0,100.0_PROJECTED,0,NO,No prior historical transport row; gameplay capacity uses the least-modern road PM.,0,3.0,Target satisfies usage 0.0 plus engine AI surplus 2; fixed capacity 3.0 per level; no rail or passenger service.
MCR,Micronesia,STATE_WEST_MICRONESIA,West Micronesia,0,pm_traditional_road_network,pm_no_canal_network,pm_no_rail_network,pm_no_passenger_trains,3.0,0.0,100.0_PROJECTED,0,NO,No prior historical transport row; gameplay capacity uses the least-modern road PM.,0,3.0,Target satisfies usage 0.0 plus engine AI surplus 2; fixed capacity 3.0 per level; no rail or passenger service.
MDK,Mandinka,STATE_GUINEA,Guinea,0,pm_traditional_road_network,pm_no_canal_network,pm_no_rail_network,pm_no_passenger_trains,3.0,0.0,100.0_PROJECTED,0,NO,No prior historical transport row; gameplay capacity uses the least-modern road PM.,0,3.0,Target satisfies usage 0.0 plus engine AI surplus 2; fixed capacity 3.0 per level; no rail or passenger service.
MDK,Mandinka,STATE_LIBERIA,Grain Coast,0,pm_traditional_road_network,pm_no_canal_network,pm_no_rail_network,pm_no_passenger_trains,3.0,0.0,100.0_PROJECTED,0,NO,No prior historical transport row; gameplay capacity uses the least-modern road PM.,0,3.0,Target satisfies usage 0.0 plus engine AI surplus 2; fixed capacity 3.0 per level; no rail or passenger service.
MDK,Mandinka,STATE_SIERRA_LEONE,Sierra Leone,0,pm_traditional_road_network,pm_no_canal_network,pm_no_rail_network,pm_no_passenger_trains,3.0,0.0,100.0_PROJECTED,0,NO,No prior historical transport row; gameplay capacity uses the least-modern road PM.,0,3.0,Target satisfies usage 0.0 plus engine AI surplus 2; fixed capacity 3.0 per level; no rail or passenger service.
MEC,Mecklenburg,STATE_MECKLENBURG,Mecklenburg,1,pm_traditional_road_network,pm_no_canal_network,pm_no_rail_network,pm_no_passenger_trains,6.0,2.0,100.0_PROJECTED,0,NO,Basic state-maintained roads and post routes justify only the minimum structured road level. | No industrial canal network assigned.,1,6.0,Target satisfies usage 2.0 plus engine AI surplus 2; fixed capacity 3.0 per level; no rail or passenger service.
MEI,Saxe-Meiningen,STATE_SAXONY,Saxony,1,pm_traditional_road_network,pm_no_canal_network,pm_no_rail_network,pm_no_passenger_trains,6.0,1.5,100.0_PROJECTED,0,NO,No prior historical transport row; gameplay capacity uses the least-modern road PM.,1,6.0,Target satisfies usage 1.5 plus engine AI surplus 2; fixed capacity 3.0 per level; no rail or passenger service.
MGD,Maguindanao,STATE_MINDANAO,Mindanao,0,pm_traditional_road_network,pm_no_canal_network,pm_no_rail_network,pm_no_passenger_trains,3.0,0.5,100.0_PROJECTED,0,NO,No prior historical transport row; gameplay capacity uses the least-modern road PM.,0,3.0,Target satisfies usage 0.5 plus engine AI surplus 2; fixed capacity 3.0 per level; no rail or passenger service.
MGH,Khasi,STATE_ASSAM,Assam,0,pm_traditional_road_network,pm_no_canal_network,pm_no_rail_network,pm_no_passenger_trains,3.0,0.0,100.0_PROJECTED,0,NO,No prior historical transport row; gameplay capacity uses the least-modern road PM.,0,3.0,Target satisfies usage 0.0 plus engine AI surplus 2; fixed capacity 3.0 per level; no rail or passenger service.
MICC,Michigan Tribal Confederation,STATE_ILLINOIS,Illinois,0,pm_traditional_road_network,pm_no_canal_network,pm_no_rail_network,pm_no_passenger_trains,3.0,0.0,100.0_PROJECTED,0,NO,No prior historical transport row; gameplay capacity uses the least-modern road PM.,0,3.0,Target satisfies usage 0.0 plus engine AI surplus 2; fixed capacity 3.0 per level; no rail or passenger service.
MICC,Michigan Tribal Confederation,STATE_INDIANA,Indiana,0,pm_traditional_road_network,pm_no_canal_network,pm_no_rail_network,pm_no_passenger_trains,3.0,0.0,100.0_PROJECTED,0,NO,No prior historical transport row; gameplay capacity uses the least-modern road PM.,0,3.0,Target satisfies usage 0.0 plus engine AI surplus 2; fixed capacity 3.0 per level; no rail or passenger service.
MICC,Michigan Tribal Confederation,STATE_MICHIGAN,Michigan,0,pm_traditional_road_network,pm_no_canal_network,pm_no_rail_network,pm_no_passenger_trains,3.0,0.0,100.0_PROJECTED,0,NO,No prior historical transport row; gameplay capacity uses the least-modern road PM.,0,3.0,Target satisfies usage 0.0 plus engine AI surplus 2; fixed capacity 3.0 per level; no rail or passenger service.
MICC,Michigan Tribal Confederation,STATE_OHIO,Ohio,0,pm_traditional_road_network,pm_no_canal_network,pm_no_rail_network,pm_no_passenger_trains,3.0,0.0,100.0_PROJECTED,0,NO,No prior historical transport row; gameplay capacity uses the least-modern road PM.,0,3.0,Target satisfies usage 0.0 plus engine AI surplus 2; fixed capacity 3.0 per level; no rail or passenger service.
MICC,Michigan Tribal Confederation,STATE_WISCONSIN,Wisconsin,0,pm_traditional_road_network,pm_no_canal_network,pm_no_rail_network,pm_no_passenger_trains,3.0,0.0,100.0_PROJECTED,0,NO,No prior historical transport row; gameplay capacity uses the least-modern road PM.,0,3.0,Target satisfies usage 0.0 plus engine AI surplus 2; fixed capacity 3.0 per level; no rail or passenger service.
MJK,Mijikenda,STATE_KENYA,Kenya,0,pm_traditional_road_network,pm_no_canal_network,pm_no_rail_network,pm_no_passenger_trains,3.0,0.0,100.0_PROJECTED,0,NO,No prior historical transport row; gameplay capacity uses the least-modern road PM.,0,3.0,Target satisfies usage 0.0 plus engine AI surplus 2; fixed capacity 3.0 per level; no rail or passenger service.
MJT,Majerteen,STATE_SOMALILAND,Somaliland,0,pm_traditional_road_network,pm_no_canal_network,pm_no_rail_network,pm_no_passenger_trains,3.0,0.0,100.0_PROJECTED,0,NO,No prior historical transport row; gameplay capacity uses the least-modern road PM.,0,3.0,Target satisfies usage 0.0 plus engine AI surplus 2; fixed capacity 3.0 per level; no rail or passenger service.
MKT,Miskitia,STATE_NICARAGUA,Nicaragua,0,pm_traditional_road_network,pm_no_canal_network,pm_no_rail_network,pm_no_passenger_trains,3.0,0.0,100.0_PROJECTED,0,NO,No prior historical transport row; gameplay capacity uses the least-modern road PM.,0,3.0,Target satisfies usage 0.0 plus engine AI surplus 2; fixed capacity 3.0 per level; no rail or passenger service.
MLD,Maldives,STATE_CEYLON,Ceylon,0,pm_traditional_road_network,pm_no_canal_network,pm_no_rail_network,pm_no_passenger_trains,3.0,0.0,100.0_PROJECTED,0,NO,No prior historical transport row; gameplay capacity uses the least-modern road PM.,0,3.0,Target satisfies usage 0.0 plus engine AI surplus 2; fixed capacity 3.0 per level; no rail or passenger service.
MLT,Malta,STATE_MALTA,Malta,1,pm_traditional_road_network,pm_no_canal_network,pm_no_rail_network,pm_no_passenger_trains,6.0,2.0,100.0_PROJECTED,0,NO,No prior historical transport row; gameplay capacity uses the least-modern road PM.,1,6.0,Target satisfies usage 2.0 plus engine AI surplus 2; fixed capacity 3.0 per level; no rail or passenger service.
MNB,Mangbetu,STATE_CONGO_ORIENTALE,Lualaba,0,pm_traditional_road_network,pm_no_canal_network,pm_no_rail_network,pm_no_passenger_trains,3.0,0.0,100.0_PROJECTED,0,NO,No prior historical transport row; gameplay capacity uses the least-modern road PM.,0,3.0,Target satisfies usage 0.0 plus engine AI surplus 2; fixed capacity 3.0 per level; no rail or passenger service.
MNC,Manica,STATE_ZAMBEZI,Zambezi,0,pm_traditional_road_network,pm_no_canal_network,pm_no_rail_network,pm_no_passenger_trains,3.0,0.0,100.0_PROJECTED,0,NO,No prior historical transport row; gameplay capacity uses the least-modern road PM.,0,3.0,Target satisfies usage 0.0 plus engine AI surplus 2; fixed capacity 3.0 per level; no rail or passenger service.
MNC,Manica,STATE_ZAMBEZIA,Zambezia,0,pm_traditional_road_network,pm_no_canal_network,pm_no_rail_network,pm_no_passenger_trains,3.0,0.0,100.0_PROJECTED,0,NO,No prior historical transport row; gameplay capacity uses the least-modern road PM.,0,3.0,Target satisfies usage 0.0 plus engine AI surplus 2; fixed capacity 3.0 per level; no rail or passenger service.
MND,Mindanao,STATE_MINDANAO,Mindanao,0,pm_traditional_road_network,pm_no_canal_network,pm_no_rail_network,pm_no_passenger_trains,3.0,0.0,100.0_PROJECTED,0,NO,No prior historical transport row; gameplay capacity uses the least-modern road PM.,0,3.0,Target satisfies usage 0.0 plus engine AI surplus 2; fixed capacity 3.0 per level; no rail or passenger service.
MOD,Modena,STATE_EMILIA,Emilia,1,pm_traditional_road_network,pm_no_canal_network,pm_no_rail_network,pm_no_passenger_trains,6.0,2.5,100.0_PROJECTED,0,NO,No prior historical transport row; gameplay capacity uses the least-modern road PM.,1,6.0,Target satisfies usage 2.5 plus engine AI surplus 2; fixed capacity 3.0 per level; no rail or passenger service.
MOL,Moldavia,STATE_MOLDAVIA,Moldavia,0,pm_traditional_road_network,pm_no_canal_network,pm_no_rail_network,pm_no_passenger_trains,3.0,0.0,100.0_PROJECTED,0,NO,No prior historical transport row; gameplay capacity uses the least-modern road PM.,0,3.0,Target satisfies usage 0.0 plus engine AI surplus 2; fixed capacity 3.0 per level; no rail or passenger service.
MON,Montenegro,STATE_MONTENEGRO,Montenegro,0,pm_traditional_road_network,pm_no_canal_network,pm_no_rail_network,pm_no_passenger_trains,3.0,0.0,100.0_PROJECTED,0,NO,No prior historical transport row; gameplay capacity uses the least-modern road PM.,0,3.0,Target satisfies usage 0.0 plus engine AI surplus 2; fixed capacity 3.0 per level; no rail or passenger service.
MOR,Morocco,STATE_AL_RIF,al Rif,1,pm_traditional_road_network,pm_no_canal_network,pm_no_rail_network,pm_no_passenger_trains,6.0,3.0,100.0_PROJECTED,0,NO,"One road level. | No canal level recommended. | A durable inter-urban caravan, pilgrimage, military or administrative corridor justifies one pre-rail regional infrastructure level; no railway PM is permitted.",1,6.0,Target satisfies usage 3.0 plus engine AI surplus 2; fixed capacity 3.0 per level; no rail or passenger service.
MOR,Morocco,STATE_FEZ,Fez,5,pm_traditional_road_network,pm_no_canal_network,pm_no_rail_network,pm_no_passenger_trains,18.0,14.0,100.0_PROJECTED,0,NO,"Two road-network levels for the major northern Moroccan hub. | No canal level recommended. | A durable inter-urban caravan, pilgrimage, military or administrative corridor justifies one pre-rail regional infrastructure level; no railway PM is permitted.",5,18.0,Target satisfies usage 14.0 plus engine AI surplus 2; fixed capacity 3.0 per level; no rail or passenger service.
MOR,Morocco,STATE_INNER_MOROCCO,Inner Morocco,1,pm_traditional_road_network,pm_no_canal_network,pm_no_rail_network,pm_no_passenger_trains,6.0,2.0,100.0_PROJECTED,0,NO,"One caravan-road level. | No canal level recommended. | A durable inter-urban caravan, pilgrimage, military or administrative corridor justifies one pre-rail regional infrastructure level; no railway PM is permitted.",1,6.0,Target satisfies usage 2.0 plus engine AI surplus 2; fixed capacity 3.0 per level; no rail or passenger service.
MOR,Morocco,STATE_MARRAKECH,Marrakech,2,pm_traditional_road_network,pm_no_canal_network,pm_no_rail_network,pm_no_passenger_trains,9.0,5.5,100.0_PROJECTED,0,NO,"One road-network level. | No canal level recommended. | A durable inter-urban caravan, pilgrimage, military or administrative corridor justifies one pre-rail regional infrastructure level; no railway PM is permitted.",2,9.0,Target satisfies usage 5.5 plus engine AI surplus 2; fixed capacity 3.0 per level; no rail or passenger service.
MOS,Mossi,STATE_VOLTA,Volta,0,pm_traditional_road_network,pm_no_canal_network,pm_no_rail_network,pm_no_passenger_trains,3.0,0.0,100.0_PROJECTED,0,NO,No prior historical transport row; gameplay capacity uses the least-modern road PM.,0,3.0,Target satisfies usage 0.0 plus engine AI surplus 2; fixed capacity 3.0 per level; no rail or passenger service.
MRA,Mara,STATE_QUEENSLAND,Queensland,0,pm_traditional_road_network,pm_no_canal_network,pm_no_rail_network,pm_no_passenger_trains,3.0,0.0,100.0_PROJECTED,0,NO,No prior historical transport row; gameplay capacity uses the least-modern road PM.,0,3.0,Target satisfies usage 0.0 plus engine AI surplus 2; fixed capacity 3.0 per level; no rail or passenger service.
MRN,Mirning,STATE_SOUTH_AUSTRALIA,South Australia,0,pm_traditional_road_network,pm_no_canal_network,pm_no_rail_network,pm_no_passenger_trains,3.0,0.0,100.0_PROJECTED,0,NO,No prior historical transport row; gameplay capacity uses the least-modern road PM.,0,3.0,Target satisfies usage 0.0 plus engine AI surplus 2; fixed capacity 3.0 per level; no rail or passenger service.
MRN,Mirning,STATE_WESTERN_AUSTRALIA,Western Australia,0,pm_traditional_road_network,pm_no_canal_network,pm_no_rail_network,pm_no_passenger_trains,3.0,0.0,100.0_PROJECTED,0,NO,No prior historical transport row; gameplay capacity uses the least-modern road PM.,0,3.0,Target satisfies usage 0.0 plus engine AI surplus 2; fixed capacity 3.0 per level; no rail or passenger service.
MRV,Maravi,STATE_KAZEMBE,Kazembe,0,pm_traditional_road_network,pm_no_canal_network,pm_no_rail_network,pm_no_passenger_trains,3.0,0.0,100.0_PROJECTED,0,NO,No prior historical transport row; gameplay capacity uses the least-modern road PM.,0,3.0,Target satisfies usage 0.0 plus engine AI surplus 2; fixed capacity 3.0 per level; no rail or passenger service.
MRV,Maravi,STATE_MOCAMBIQUE,Mocambique,0,pm_traditional_road_network,pm_no_canal_network,pm_no_rail_network,pm_no_passenger_trains,3.0,0.0,100.0_PROJECTED,0,NO,No prior historical transport row; gameplay capacity uses the least-modern road PM.,0,3.0,Target satisfies usage 0.0 plus engine AI surplus 2; fixed capacity 3.0 per level; no rail or passenger service.
MSH,Mashona,STATE_ZAMBEZI,Zambezi,0,pm_traditional_road_network,pm_no_canal_network,pm_no_rail_network,pm_no_passenger_trains,3.0,0.0,100.0_PROJECTED,0,NO,No prior historical transport row; gameplay capacity uses the least-modern road PM.,0,3.0,Target satisfies usage 0.0 plus engine AI surplus 2; fixed capacity 3.0 per level; no rail or passenger service.
MSI,Masai,STATE_RIFT_VALLEY,Rift Valley,0,pm_traditional_road_network,pm_no_canal_network,pm_no_rail_network,pm_no_passenger_trains,3.0,0.0,100.0_PROJECTED,0,NO,No prior historical transport row; gameplay capacity uses the least-modern road PM.,0,3.0,Target satisfies usage 0.0 plus engine AI surplus 2; fixed capacity 3.0 per level; no rail or passenger service.
MSI,Masai,STATE_TANGANYIKA,Tanganyika,0,pm_traditional_road_network,pm_no_canal_network,pm_no_rail_network,pm_no_passenger_trains,3.0,0.0,100.0_PROJECTED,0,NO,No prior historical transport row; gameplay capacity uses the least-modern road PM.,0,3.0,Target satisfies usage 0.0 plus engine AI surplus 2; fixed capacity 3.0 per level; no rail or passenger service.
MSK,Maseko,STATE_ZAMBEZIA,Zambezia,0,pm_traditional_road_network,pm_no_canal_network,pm_no_rail_network,pm_no_passenger_trains,3.0,0.0,100.0_PROJECTED,0,NO,No prior historical transport row; gameplay capacity uses the least-modern road PM.,0,3.0,Target satisfies usage 0.0 plus engine AI surplus 2; fixed capacity 3.0 per level; no rail or passenger service.
MSN,Massina,STATE_EASTERN_MALI,Eastern Mali,2,pm_traditional_road_network,pm_no_canal_network,pm_no_rail_network,pm_no_passenger_trains,9.0,4.5,100.0_PROJECTED,0,NO,No prior historical transport row; gameplay capacity uses the least-modern road PM.,2,9.0,Target satisfies usage 4.5 plus engine AI surplus 2; fixed capacity 3.0 per level; no rail or passenger service.
MSN,Massina,STATE_TIMBUKTU,Timbuktu,2,pm_traditional_road_network,pm_no_canal_network,pm_no_rail_network,pm_no_passenger_trains,9.0,6.0,100.0_PROJECTED,0,NO,"One caravan-road level. | No canal level recommended. | A durable inter-urban caravan, pilgrimage, military or administrative corridor justifies one pre-rail regional infrastructure level; no railway PM is permitted.",2,9.0,Target satisfies usage 6.0 plus engine AI surplus 2; fixed capacity 3.0 per level; no rail or passenger service.
MST,Mecklenburg-Strelitz,STATE_MECKLENBURG,Mecklenburg,0,pm_traditional_road_network,pm_no_canal_network,pm_no_rail_network,pm_no_passenger_trains,3.0,1.0,100.0_PROJECTED,0,NO,No prior historical transport row; gameplay capacity uses the least-modern road PM.,0,3.0,Target satisfies usage 1.0 plus engine AI surplus 2; fixed capacity 3.0 per level; no rail or passenger service.
MTB,Ndebele,STATE_TRANSVAAL,Transvaal,0,pm_traditional_road_network,pm_no_canal_network,pm_no_rail_network,pm_no_passenger_trains,3.0,0.0,100.0_PROJECTED,0,NO,No prior historical transport row; gameplay capacity uses the least-modern road PM.,0,3.0,Target satisfies usage 0.0 plus engine AI surplus 2; fixed capacity 3.0 per level; no rail or passenger service.
MTP,Mutapa,STATE_ZAMBEZI,Zambezi,0,pm_traditional_road_network,pm_no_canal_network,pm_no_rail_network,pm_no_passenger_trains,3.0,0.0,100.0_PROJECTED,0,NO,No prior historical transport row; gameplay capacity uses the least-modern road PM.,0,3.0,Target satisfies usage 0.0 plus engine AI surplus 2; fixed capacity 3.0 per level; no rail or passenger service.
MTP,Mutapa,STATE_ZAMBEZIA,Zambezia,0,pm_traditional_road_network,pm_no_canal_network,pm_no_rail_network,pm_no_passenger_trains,3.0,0.0,100.0_PROJECTED,0,NO,No prior historical transport row; gameplay capacity uses the least-modern road PM.,0,3.0,Target satisfies usage 0.0 plus engine AI surplus 2; fixed capacity 3.0 per level; no rail or passenger service.
MUG,Hindustan,STATE_DELHI,Delhi,5,pm_traditional_road_network,pm_no_canal_network,pm_no_rail_network,pm_no_passenger_trains,18.0,13.5,100.0_PROJECTED,0,NO,"major Mughal trunk-road hub | none used for transport at state scale | Delhi anchored major north-Indian trunk routes including links toward Agra, Lahore and the Deccan.",5,18.0,Target satisfies usage 13.5 plus engine AI surplus 2; fixed capacity 3.0 per level; no rail or passenger service.
MYS,Mysore,STATE_MYSORE,Mysore,6,pm_traditional_road_network,pm_no_canal_network,pm_no_rail_network,pm_no_passenger_trains,21.0,19.0,100.0_PROJECTED,0,NO,state/military roads across Mysore | none—irrigation tanks/channels are not transport canals | State and military communications connected the Mysore plateau to coastal and Carnatic fronts.,6,21.0,Target satisfies usage 19.0 plus engine AI surplus 2; fixed capacity 3.0 per level; no rail or passenger service.
MZB,Mzab,STATE_SAHARA,Sahara,0,pm_traditional_road_network,pm_no_canal_network,pm_no_rail_network,pm_no_passenger_trains,3.0,0.0,100.0_PROJECTED,0,NO,No prior historical transport row; gameplay capacity uses the least-modern road PM.,0,3.0,Target satisfies usage 0.0 plus engine AI surplus 2; fixed capacity 3.0 per level; no rail or passenger service.
NAG,Nagpur,STATE_CENTRAL_PROVINCES,Central Provinces,1,pm_traditional_road_network,pm_no_canal_network,pm_no_rail_network,pm_no_passenger_trains,6.0,3.5,100.0_PROJECTED,0,NO,No prior historical transport row; gameplay capacity uses the least-modern road PM.,1,6.0,Target satisfies usage 3.5 plus engine AI surplus 2; fixed capacity 3.0 per level; no rail or passenger service.
NAG,Nagpur,STATE_ORISSA,Orissa,3,pm_traditional_road_network,pm_no_canal_network,pm_no_rail_network,pm_no_passenger_trains,12.0,8.0,100.0_PROJECTED,0,NO,No prior historical transport row; gameplay capacity uses the least-modern road PM.,3,12.0,Target satisfies usage 8.0 plus engine AI surplus 2; fixed capacity 3.0 per level; no rail or passenger service.
NAM,Nama,STATE_CAPE_COLONY,Cape Colony,0,pm_traditional_road_network,pm_no_canal_network,pm_no_rail_network,pm_no_passenger_trains,3.0,0.0,100.0_PROJECTED,0,NO,No prior historical transport row; gameplay capacity uses the least-modern road PM.,0,3.0,Target satisfies usage 0.0 plus engine AI surplus 2; fixed capacity 3.0 per level; no rail or passenger service.
NAM,Nama,STATE_NAMAQUALAND,Namaqualand,0,pm_traditional_road_network,pm_no_canal_network,pm_no_rail_network,pm_no_passenger_trains,3.0,1.0,100.0_PROJECTED,0,NO,No prior historical transport row; gameplay capacity uses the least-modern road PM.,0,3.0,Target satisfies usage 1.0 plus engine AI surplus 2; fixed capacity 3.0 per level; no rail or passenger service.
NAS,Nassau,STATE_HESSE,Hesse,1,pm_traditional_road_network,pm_no_canal_network,pm_no_rail_network,pm_no_passenger_trains,6.0,1.5,100.0_PROJECTED,0,NO,No prior historical transport row; gameplay capacity uses the least-modern road PM.,1,6.0,Target satisfies usage 1.5 plus engine AI surplus 2; fixed capacity 3.0 per level; no rail or passenger service.
NBB,Nejd,STATE_HAIL,Hail,0,pm_traditional_road_network,pm_no_canal_network,pm_no_rail_network,pm_no_passenger_trains,3.0,1.0,100.0_PROJECTED,0,NO,No prior historical transport row; gameplay capacity uses the least-modern road PM.,0,3.0,Target satisfies usage 1.0 plus engine AI surplus 2; fixed capacity 3.0 per level; no rail or passenger service.
NBB,Nejd,STATE_NEJD,Nejd,1,pm_traditional_road_network,pm_no_canal_network,pm_no_rail_network,pm_no_passenger_trains,6.0,2.0,100.0_PROJECTED,0,NO,No prior historical transport row; gameplay capacity uses the least-modern road PM.,1,6.0,Target satisfies usage 2.0 plus engine AI surplus 2; fixed capacity 3.0 per level; no rail or passenger service.
NBS,New Brunswick,STATE_NEW_BRUNSWICK,Maritimes,1,pm_traditional_road_network,pm_no_canal_network,pm_no_rail_network,pm_no_passenger_trains,6.0,1.4,100.0_PROJECTED,0,NO,No prior historical transport row; gameplay capacity uses the least-modern road PM.,1,6.0,Target satisfies usage 1.4 plus engine AI surplus 2; fixed capacity 3.0 per level; no rail or passenger service.
NEP,Nepal,STATE_HIMALAYAS,Western Himalayas,1,pm_traditional_road_network,pm_no_canal_network,pm_no_rail_network,pm_no_passenger_trains,6.0,4.0,100.0_PROJECTED,0,NO,"One caravan-road level through the Kathmandu trade corridor. | No canal level recommended. | A durable inter-urban caravan, pilgrimage, military or administrative corridor justifies one pre-rail regional infrastructure level; no railway PM is permitted.",1,6.0,Target satisfies usage 4.0 plus engine AI surplus 2; fixed capacity 3.0 per level; no rail or passenger service.
NET,Netherlands,STATE_FRIESLAND,Friesland,2,pm_traditional_road_network,pm_industrial_canals,pm_no_rail_network,pm_no_passenger_trains,11.0,7.5,100.0_PROJECTED,0,NO,Waterways and market roads were integral to regional transport. | organized canal network attested | Road and water connections served Friesland's market towns and maritime economy.,2,11.0,Target satisfies usage 7.5 plus engine AI surplus 2; fixed capacity 4.0 per level; no rail or passenger service.
NET,Netherlands,STATE_GELRE,Gelre,2,pm_traditional_road_network,pm_no_canal_network,pm_no_rail_network,pm_no_passenger_trains,9.0,6.5,100.0_PROJECTED,0,NO,One regional transport level. | none required for this recommendation | Roads and inland waterways linked Gelre to the Dutch commercial core.,2,9.0,Target satisfies usage 6.5 plus engine AI surplus 2; fixed capacity 3.0 per level; no rail or passenger service.
NET,Netherlands,STATE_GOLD_COAST,Gold Coast,0,pm_traditional_road_network,pm_no_canal_network,pm_no_rail_network,pm_no_passenger_trains,3.0,0.5,100.0_PROJECTED,0,NO,No prior historical transport row; gameplay capacity uses the least-modern road PM.,0,3.0,Target satisfies usage 0.5 plus engine AI surplus 2; fixed capacity 3.0 per level; no rail or passenger service.
NET,Netherlands,STATE_GUAYANA,Guyana,2,pm_traditional_road_network,pm_industrial_canals,pm_no_rail_network,pm_no_passenger_trains,11.0,9.0,100.0_PROJECTED,0,NO,"0 | 1 | Suriname had a mature slave-plantation export economy in the eighteenth century, supported by river/canal transport and Paramaribo.",2,11.0,Target satisfies usage 9.0 plus engine AI surplus 2; fixed capacity 4.0 per level; no rail or passenger service.
NET,Netherlands,STATE_HOLLAND,Holland,8,pm_traditional_road_network,pm_industrial_canals,pm_no_rail_network,pm_no_passenger_trains,35.0,32.3,100.0_PROJECTED,0,NO,"Dense canal/towpath and road network tied Amsterdam, Leiden, Haarlem, Rotterdam and their hinterlands. | organized canal network attested | Holland possessed an exceptionally dense canal, towpath, road and urban-waterway network.",8,35.0,Target satisfies usage 32.3 plus engine AI surplus 2; fixed capacity 4.0 per level; no rail or passenger service.
NET,Netherlands,STATE_TRAVANCORE,Malabar,1,pm_traditional_road_network,pm_no_canal_network,pm_no_rail_network,pm_no_passenger_trains,6.0,2.5,100.0_PROJECTED,0,NO,No prior historical transport row; gameplay capacity uses the least-modern road PM.,1,6.0,Target satisfies usage 2.5 plus engine AI surplus 2; fixed capacity 3.0 per level; no rail or passenger service.
NET,Netherlands,STATE_WEST_INDIES,West Indies,1,pm_traditional_road_network,pm_no_canal_network,pm_no_rail_network,pm_no_passenger_trains,6.0,3.5,100.0_PROJECTED,0,NO,No prior historical transport row; gameplay capacity uses the least-modern road PM.,1,6.0,Target satisfies usage 3.5 plus engine AI surplus 2; fixed capacity 3.0 per level; no rail or passenger service.
NGA,Naga,STATE_ASSAM,Assam,0,pm_traditional_road_network,pm_no_canal_network,pm_no_rail_network,pm_no_passenger_trains,3.0,0.0,100.0_PROJECTED,0,NO,No prior historical transport row; gameplay capacity uses the least-modern road PM.,0,3.0,Target satisfies usage 0.0 plus engine AI surplus 2; fixed capacity 3.0 per level; no rail or passenger service.
NNG,Noongar,STATE_WESTERN_AUSTRALIA,Western Australia,0,pm_traditional_road_network,pm_no_canal_network,pm_no_rail_network,pm_no_passenger_trains,3.0,0.0,100.0_PROJECTED,0,NO,No prior historical transport row; gameplay capacity uses the least-modern road PM.,0,3.0,Target satisfies usage 0.0 plus engine AI surplus 2; fixed capacity 3.0 per level; no rail or passenger service.
NRU,Nauru,STATE_NAURU,Nauru,0,pm_traditional_road_network,pm_no_canal_network,pm_no_rail_network,pm_no_passenger_trains,3.0,0.0,100.0_PROJECTED,0,NO,No prior historical transport row; gameplay capacity uses the least-modern road PM.,0,3.0,Target satisfies usage 0.0 plus engine AI surplus 2; fixed capacity 3.0 per level; no rail or passenger service.
NTO,Ngāti Toa,STATE_NORTH_ISLAND,North Island,0,pm_traditional_road_network,pm_no_canal_network,pm_no_rail_network,pm_no_passenger_trains,3.0,0.0,100.0_PROJECTED,0,NO,No prior historical transport row; gameplay capacity uses the least-modern road PM.,0,3.0,Target satisfies usage 0.0 plus engine AI surplus 2; fixed capacity 3.0 per level; no rail or passenger service.
NTO,Ngāti Toa,STATE_SOUTH_ISLAND,South Island,0,pm_traditional_road_network,pm_no_canal_network,pm_no_rail_network,pm_no_passenger_trains,3.0,0.0,100.0_PROJECTED,0,NO,No prior historical transport row; gameplay capacity uses the least-modern road PM.,0,3.0,Target satisfies usage 0.0 plus engine AI surplus 2; fixed capacity 3.0 per level; no rail or passenger service.
NTU,Ngāi Tahu,STATE_SOUTH_ISLAND,South Island,0,pm_traditional_road_network,pm_no_canal_network,pm_no_rail_network,pm_no_passenger_trains,3.0,0.0,100.0_PROJECTED,0,NO,No prior historical transport row; gameplay capacity uses the least-modern road PM.,0,3.0,Target satisfies usage 0.0 plus engine AI surplus 2; fixed capacity 3.0 per level; no rail or passenger service.
NUE,Nuer,STATE_EQUATORIA,Equatoria,0,pm_traditional_road_network,pm_no_canal_network,pm_no_rail_network,pm_no_passenger_trains,3.0,0.0,100.0_PROJECTED,0,NO,No prior historical transport row; gameplay capacity uses the least-modern road PM.,0,3.0,Target satisfies usage 0.0 plus engine AI surplus 2; fixed capacity 3.0 per level; no rail or passenger service.
NVJ,Navajo,STATE_ARIZONA,Arizona,0,pm_traditional_road_network,pm_no_canal_network,pm_no_rail_network,pm_no_passenger_trains,3.0,0.0,100.0_PROJECTED,0,NO,No prior historical transport row; gameplay capacity uses the least-modern road PM.,0,3.0,Target satisfies usage 0.0 plus engine AI surplus 2; fixed capacity 3.0 per level; no rail or passenger service.
NVJ,Navajo,STATE_NEW_MEXICO,New Mexico,0,pm_traditional_road_network,pm_no_canal_network,pm_no_rail_network,pm_no_passenger_trains,3.0,0.0,100.0_PROJECTED,0,NO,No prior historical transport row; gameplay capacity uses the least-modern road PM.,0,3.0,Target satisfies usage 0.0 plus engine AI surplus 2; fixed capacity 3.0 per level; no rail or passenger service.
NVJ,Navajo,STATE_UTAH,Utah,0,pm_traditional_road_network,pm_no_canal_network,pm_no_rail_network,pm_no_passenger_trains,3.0,0.0,100.0_PROJECTED,0,NO,No prior historical transport row; gameplay capacity uses the least-modern road PM.,0,3.0,Target satisfies usage 0.0 plus engine AI surplus 2; fixed capacity 3.0 per level; no rail or passenger service.
NVS,Nova Scotia,STATE_NEW_BRUNSWICK,Maritimes,2,pm_traditional_road_network,pm_no_canal_network,pm_no_rail_network,pm_no_passenger_trains,9.0,6.1,100.0_PROJECTED,0,NO,No prior historical transport row; gameplay capacity uses the least-modern road PM.,2,9.0,Target satisfies usage 6.1 plus engine AI surplus 2; fixed capacity 3.0 per level; no rail or passenger service.
NYM,Unyamwezi,STATE_TANGANYIKA,Tanganyika,0,pm_traditional_road_network,pm_no_canal_network,pm_no_rail_network,pm_no_passenger_trains,3.0,0.0,100.0_PROJECTED,0,NO,No prior historical transport row; gameplay capacity uses the least-modern road PM.,0,3.0,Target satisfies usage 0.0 plus engine AI surplus 2; fixed capacity 3.0 per level; no rail or passenger service.
NYP,Ngumpin-Yapa,STATE_NORTHERN_TERRITORY,Northern Territory,0,pm_traditional_road_network,pm_no_canal_network,pm_no_rail_network,pm_no_passenger_trains,3.0,0.0,100.0_PROJECTED,0,NO,No prior historical transport row; gameplay capacity uses the least-modern road PM.,0,3.0,Target satisfies usage 0.0 plus engine AI surplus 2; fixed capacity 3.0 per level; no rail or passenger service.
NYP,Ngumpin-Yapa,STATE_WESTERN_AUSTRALIA,Western Australia,0,pm_traditional_road_network,pm_no_canal_network,pm_no_rail_network,pm_no_passenger_trains,3.0,0.0,100.0_PROJECTED,0,NO,No prior historical transport row; gameplay capacity uses the least-modern road PM.,0,3.0,Target satisfies usage 0.0 plus engine AI surplus 2; fixed capacity 3.0 per level; no rail or passenger service.
NZP,Nimíipuu,STATE_IDAHO,Idaho,0,pm_traditional_road_network,pm_no_canal_network,pm_no_rail_network,pm_no_passenger_trains,3.0,0.0,100.0_PROJECTED,0,NO,No prior historical transport row; gameplay capacity uses the least-modern road PM.,0,3.0,Target satisfies usage 0.0 plus engine AI surplus 2; fixed capacity 3.0 per level; no rail or passenger service.
OLD,Oldenburg,STATE_HANNOVER,Hanover,1,pm_traditional_road_network,pm_no_canal_network,pm_no_rail_network,pm_no_passenger_trains,6.0,1.0,100.0_PROJECTED,0,NO,Basic state-maintained roads and post routes justify only the minimum structured road level. | No industrial canal network assigned.,1,6.0,Target satisfies usage 1.0 plus engine AI surplus 2; fixed capacity 3.0 per level; no rail or passenger service.
OMA,Oman,STATE_ABU_DHABI,Trucial Coast,0,pm_traditional_road_network,pm_no_canal_network,pm_no_rail_network,pm_no_passenger_trains,3.0,0.0,100.0_PROJECTED,0,NO,No prior historical transport row; gameplay capacity uses the least-modern road PM.,0,3.0,Target satisfies usage 0.0 plus engine AI surplus 2; fixed capacity 3.0 per level; no rail or passenger service.
OMA,Oman,STATE_BALUCHISTAN,Baluchistan,0,pm_traditional_road_network,pm_no_canal_network,pm_no_rail_network,pm_no_passenger_trains,3.0,1.0,100.0_PROJECTED,0,NO,No prior historical transport row; gameplay capacity uses the least-modern road PM.,0,3.0,Target satisfies usage 1.0 plus engine AI surplus 2; fixed capacity 3.0 per level; no rail or passenger service.
OMA,Oman,STATE_KENYA,Kenya,0,pm_traditional_road_network,pm_no_canal_network,pm_no_rail_network,pm_no_passenger_trains,3.0,0.5,100.0_PROJECTED,0,NO,No prior historical transport row; gameplay capacity uses the least-modern road PM.,0,3.0,Target satisfies usage 0.5 plus engine AI surplus 2; fixed capacity 3.0 per level; no rail or passenger service.
OMA,Oman,STATE_LARISTAN,Hormuz,0,pm_traditional_road_network,pm_no_canal_network,pm_no_rail_network,pm_no_passenger_trains,3.0,1.0,100.0_PROJECTED,0,NO,No prior historical transport row; gameplay capacity uses the least-modern road PM.,0,3.0,Target satisfies usage 1.0 plus engine AI surplus 2; fixed capacity 3.0 per level; no rail or passenger service.
OMA,Oman,STATE_OMAN,Oman,3,pm_traditional_road_network,pm_no_canal_network,pm_no_rail_network,pm_no_passenger_trains,12.0,7.8,100.0_PROJECTED,0,NO,"One road level linking Muscat/coastal settlements to the interior. | No canal level recommended. | A durable inter-urban caravan, pilgrimage, military or administrative corridor justifies one pre-rail regional infrastructure level; no railway PM is permitted.",3,12.0,Target satisfies usage 7.8 plus engine AI surplus 2; fixed capacity 3.0 per level; no rail or passenger service.
OMA,Oman,STATE_SISTAN,Bampur,0,pm_traditional_road_network,pm_no_canal_network,pm_no_rail_network,pm_no_passenger_trains,3.0,0.0,100.0_PROJECTED,0,NO,No prior historical transport row; gameplay capacity uses the least-modern road PM.,0,3.0,Target satisfies usage 0.0 plus engine AI surplus 2; fixed capacity 3.0 per level; no rail or passenger service.
OMA,Oman,STATE_ZANZIBAR,Zanzibar,1,pm_traditional_road_network,pm_no_canal_network,pm_no_rail_network,pm_no_passenger_trains,6.0,2.5,100.0_PROJECTED,0,NO,No prior historical transport row; gameplay capacity uses the least-modern road PM.,1,6.0,Target satisfies usage 2.5 plus engine AI surplus 2; fixed capacity 3.0 per level; no rail or passenger service.
ONT,Ontario,STATE_ONTARIO,Ontario,0,pm_traditional_road_network,pm_no_canal_network,pm_no_rail_network,pm_no_passenger_trains,3.0,1.0,100.0_PROJECTED,0,NO,No prior historical transport row; gameplay capacity uses the least-modern road PM.,0,3.0,Target satisfies usage 1.0 plus engine AI surplus 2; fixed capacity 3.0 per level; no rail or passenger service.
ORA,Oranje,STATE_VRYSTAAT,Transorangia,1,pm_traditional_road_network,pm_no_canal_network,pm_no_rail_network,pm_no_passenger_trains,6.0,1.4,100.0_PROJECTED,0,NO,No prior historical transport row; gameplay capacity uses the least-modern road PM.,1,6.0,Target satisfies usage 1.4 plus engine AI surplus 2; fixed capacity 3.0 per level; no rail or passenger service.
ORM,Orma,STATE_KENYA,Kenya,0,pm_traditional_road_network,pm_no_canal_network,pm_no_rail_network,pm_no_passenger_trains,3.0,0.0,100.0_PROJECTED,0,NO,No prior historical transport row; gameplay capacity uses the least-modern road PM.,0,3.0,Target satisfies usage 0.0 plus engine AI surplus 2; fixed capacity 3.0 per level; no rail or passenger service.
OUA,Tagant,STATE_INNER_MAURITANIA,Inner Mauritania,0,pm_traditional_road_network,pm_no_canal_network,pm_no_rail_network,pm_no_passenger_trains,3.0,1.0,100.0_PROJECTED,0,NO,No prior historical transport row; gameplay capacity uses the least-modern road PM.,0,3.0,Target satisfies usage 1.0 plus engine AI surplus 2; fixed capacity 3.0 per level; no rail or passenger service.
OUA,Tagant,STATE_MAURITANIA,Mauritania,0,pm_traditional_road_network,pm_no_canal_network,pm_no_rail_network,pm_no_passenger_trains,3.0,1.0,100.0_PROJECTED,0,NO,No prior historical transport row; gameplay capacity uses the least-modern road PM.,0,3.0,Target satisfies usage 1.0 plus engine AI surplus 2; fixed capacity 3.0 per level; no rail or passenger service.
OUA,Tagant,STATE_TIMBUKTU,Timbuktu,0,pm_traditional_road_network,pm_no_canal_network,pm_no_rail_network,pm_no_passenger_trains,3.0,1.0,100.0_PROJECTED,0,NO,No prior historical transport row; gameplay capacity uses the least-modern road PM.,0,3.0,Target satisfies usage 1.0 plus engine AI surplus 2; fixed capacity 3.0 per level; no rail or passenger service.
OVB,Ovambo,STATE_HEREROLAND,Hereroland,0,pm_traditional_road_network,pm_no_canal_network,pm_no_rail_network,pm_no_passenger_trains,3.0,1.0,100.0_PROJECTED,0,NO,No prior historical transport row; gameplay capacity uses the least-modern road PM.,0,3.0,Target satisfies usage 1.0 plus engine AI surplus 2; fixed capacity 3.0 per level; no rail or passenger service.
OVB,Ovambo,STATE_SOUTH_ANGOLA,South Angola,0,pm_traditional_road_network,pm_no_canal_network,pm_no_rail_network,pm_no_passenger_trains,3.0,1.0,100.0_PROJECTED,0,NO,No prior historical transport row; gameplay capacity uses the least-modern road PM.,0,3.0,Target satisfies usage 1.0 plus engine AI surplus 2; fixed capacity 3.0 per level; no rail or passenger service.
OVM,Ovimbundu,STATE_SOUTH_ANGOLA,South Angola,0,pm_traditional_road_network,pm_no_canal_network,pm_no_rail_network,pm_no_passenger_trains,3.0,1.0,100.0_PROJECTED,0,NO,No prior historical transport row; gameplay capacity uses the least-modern road PM.,0,3.0,Target satisfies usage 1.0 plus engine AI surplus 2; fixed capacity 3.0 per level; no rail or passenger service.
OYO,Oyo,STATE_YORUBA_STATES,Yoruba States,0,pm_traditional_road_network,pm_no_canal_network,pm_no_rail_network,pm_no_passenger_trains,3.0,0.5,100.0_PROJECTED,0,NO,No prior historical transport row; gameplay capacity uses the least-modern road PM.,0,3.0,Target satisfies usage 0.5 plus engine AI surplus 2; fixed capacity 3.0 per level; no rail or passenger service.
OZH,Orta Zhuz,STATE_AKMOLINSK,Akmolinsk,0,pm_traditional_road_network,pm_no_canal_network,pm_no_rail_network,pm_no_passenger_trains,3.0,1.0,100.0_PROJECTED,0,NO,No prior historical transport row; gameplay capacity uses the least-modern road PM.,0,3.0,Target satisfies usage 1.0 plus engine AI surplus 2; fixed capacity 3.0 per level; no rail or passenger service.
OZH,Orta Zhuz,STATE_CHELYABINSK,Chelyabinsk,0,pm_traditional_road_network,pm_no_canal_network,pm_no_rail_network,pm_no_passenger_trains,3.0,1.0,100.0_PROJECTED,0,NO,No prior historical transport row; gameplay capacity uses the least-modern road PM.,0,3.0,Target satisfies usage 1.0 plus engine AI surplus 2; fixed capacity 3.0 per level; no rail or passenger service.
OZH,Orta Zhuz,STATE_SEMIRECHE,Semipalatinsk,0,pm_traditional_road_network,pm_no_canal_network,pm_no_rail_network,pm_no_passenger_trains,3.0,1.0,100.0_PROJECTED,0,NO,No prior historical transport row; gameplay capacity uses the least-modern road PM.,0,3.0,Target satisfies usage 1.0 plus engine AI surplus 2; fixed capacity 3.0 per level; no rail or passenger service.
OZH,Orta Zhuz,STATE_SYRDARYA,Syrdarya,0,pm_traditional_road_network,pm_no_canal_network,pm_no_rail_network,pm_no_passenger_trains,3.0,1.0,100.0_PROJECTED,0,NO,No prior historical transport row; gameplay capacity uses the least-modern road PM.,0,3.0,Target satisfies usage 1.0 plus engine AI surplus 2; fixed capacity 3.0 per level; no rail or passenger service.
PAA,Paakintyi,STATE_NEW_SOUTH_WALES,New South Wales,0,pm_traditional_road_network,pm_no_canal_network,pm_no_rail_network,pm_no_passenger_trains,3.0,0.0,100.0_PROJECTED,0,NO,No prior historical transport row; gameplay capacity uses the least-modern road PM.,0,3.0,Target satisfies usage 0.0 plus engine AI surplus 2; fixed capacity 3.0 per level; no rail or passenger service.
PAA,Paakintyi,STATE_QUEENSLAND,Queensland,0,pm_traditional_road_network,pm_no_canal_network,pm_no_rail_network,pm_no_passenger_trains,3.0,0.0,100.0_PROJECTED,0,NO,No prior historical transport row; gameplay capacity uses the least-modern road PM.,0,3.0,Target satisfies usage 0.0 plus engine AI surplus 2; fixed capacity 3.0 per level; no rail or passenger service.
PAA,Paakintyi,STATE_SOUTH_AUSTRALIA,South Australia,0,pm_traditional_road_network,pm_no_canal_network,pm_no_rail_network,pm_no_passenger_trains,3.0,0.0,100.0_PROJECTED,0,NO,No prior historical transport row; gameplay capacity uses the least-modern road PM.,0,3.0,Target satisfies usage 0.0 plus engine AI surplus 2; fixed capacity 3.0 per level; no rail or passenger service.
PAN,Punjab,STATE_PUNJAB,Punjab,6,pm_traditional_road_network,pm_no_canal_network,pm_no_rail_network,pm_no_passenger_trains,21.0,16.5,100.0_PROJECTED,0,NO,Delhi–Lahore imperial trunk road | irrigation canals not counted as transport canals | Punjab lay on the old imperial trunk route linking Delhi and Lahore toward the northwest.,6,21.0,Target satisfies usage 16.5 plus engine AI surplus 2; fixed capacity 3.0 per level; no rail or passenger service.
PAP,Rome,STATE_LAZIO,Lazio,3,pm_traditional_road_network,pm_no_canal_network,pm_no_rail_network,pm_no_passenger_trains,12.0,9.2,100.0_PROJECTED,0,NO,"Rome-centered roads supported administration and pilgrimage, but evidence for a broad engineered network at high level is insufficient. | No industrial canal network assigned.",3,12.0,Target satisfies usage 9.2 plus engine AI surplus 2; fixed capacity 3.0 per level; no rail or passenger service.
PAP,Rome,STATE_ROMAGNA,Romagna,2,pm_traditional_road_network,pm_no_canal_network,pm_no_rail_network,pm_no_passenger_trains,9.0,5.0,100.0_PROJECTED,0,NO,"The Via Clementina was cut across the Apennines specifically to connect Ancona’s free port to the interior. | Bologna had urban canals powering silk mills, but this does not justify a separate state-scale industrial canal PM.",2,9.0,Target satisfies usage 5.0 plus engine AI surplus 2; fixed capacity 3.0 per level; no rail or passenger service.
PAP,Rome,STATE_UMBRIA,Umbria,1,pm_traditional_road_network,pm_no_canal_network,pm_no_rail_network,pm_no_passenger_trains,6.0,2.5,100.0_PROJECTED,0,NO,No prior historical transport row; gameplay capacity uses the least-modern road PM.,1,6.0,Target satisfies usage 2.5 plus engine AI surplus 2; fixed capacity 3.0 per level; no rail or passenger service.
PAR,Parma,STATE_EMILIA,Emilia,1,pm_traditional_road_network,pm_no_canal_network,pm_no_rail_network,pm_no_passenger_trains,6.0,2.5,100.0_PROJECTED,0,NO,No prior historical transport row; gameplay capacity uses the least-modern road PM.,1,6.0,Target satisfies usage 2.5 plus engine AI surplus 2; fixed capacity 3.0 per level; no rail or passenger service.
PAT,Mapuche,STATE_BUENOS_AIRES,Buenos Aires,0,pm_traditional_road_network,pm_no_canal_network,pm_no_rail_network,pm_no_passenger_trains,3.0,0.0,100.0_PROJECTED,0,NO,No prior historical transport row; gameplay capacity uses the least-modern road PM.,0,3.0,Target satisfies usage 0.0 plus engine AI surplus 2; fixed capacity 3.0 per level; no rail or passenger service.
PAT,Mapuche,STATE_PATAGONIA,Patagonia,0,pm_traditional_road_network,pm_no_canal_network,pm_no_rail_network,pm_no_passenger_trains,3.0,0.0,100.0_PROJECTED,0,NO,No prior historical transport row; gameplay capacity uses the least-modern road PM.,0,3.0,Target satisfies usage 0.0 plus engine AI surplus 2; fixed capacity 3.0 per level; no rail or passenger service.
PAT,Mapuche,STATE_RIO_NEGRO,Mendoza,0,pm_traditional_road_network,pm_no_canal_network,pm_no_rail_network,pm_no_passenger_trains,3.0,0.0,100.0_PROJECTED,0,NO,No prior historical transport row; gameplay capacity uses the least-modern road PM.,0,3.0,Target satisfies usage 0.0 plus engine AI surplus 2; fixed capacity 3.0 per level; no rail or passenger service.
PCO,Puerto Rico,STATE_PUERTO_RICO,Porto Rico,1,pm_traditional_road_network,pm_no_canal_network,pm_no_rail_network,pm_no_passenger_trains,6.0,3.5,100.0_PROJECTED,0,NO,No prior historical transport row; gameplay capacity uses the least-modern road PM.,1,6.0,Target satisfies usage 3.5 plus engine AI surplus 2; fixed capacity 3.0 per level; no rail or passenger service.
PDI,Pedi,STATE_TRANSVAAL,Transvaal,0,pm_traditional_road_network,pm_no_canal_network,pm_no_rail_network,pm_no_passenger_trains,3.0,0.0,100.0_PROJECTED,0,NO,No prior historical transport row; gameplay capacity uses the least-modern road PM.,0,3.0,Target satisfies usage 0.0 plus engine AI surplus 2; fixed capacity 3.0 per level; no rail or passenger service.
PER,Persia,STATE_ARMENIA,Armenia,2,pm_traditional_road_network,pm_no_canal_network,pm_no_rail_network,pm_no_passenger_trains,9.0,4.5,100.0_PROJECTED,0,NO,"One Caucasus–Tabriz road level. | No transport-canal level recommended. | A durable inter-urban caravan, pilgrimage, military or administrative corridor justifies one pre-rail regional infrastructure level; no railway PM is permitted.",2,9.0,Target satisfies usage 4.5 plus engine AI surplus 2; fixed capacity 3.0 per level; no rail or passenger service.
PER,Persia,STATE_AZERBAIJAN,Baku,1,pm_traditional_road_network,pm_no_canal_network,pm_no_rail_network,pm_no_passenger_trains,6.0,3.5,100.0_PROJECTED,0,NO,"One road level. | No transport-canal level recommended. | A durable inter-urban caravan, pilgrimage, military or administrative corridor justifies one pre-rail regional infrastructure level; no railway PM is permitted.",1,6.0,Target satisfies usage 3.5 plus engine AI surplus 2; fixed capacity 3.0 per level; no rail or passenger service.
PER,Persia,STATE_ELIZAVETPOL,Elizavetpol,0,pm_traditional_road_network,pm_no_canal_network,pm_no_rail_network,pm_no_passenger_trains,3.0,0.0,100.0_PROJECTED,0,NO,No prior historical transport row; gameplay capacity uses the least-modern road PM.,0,3.0,Target satisfies usage 0.0 plus engine AI surplus 2; fixed capacity 3.0 per level; no rail or passenger service.
PER,Persia,STATE_FARS,Fars,5,pm_traditional_road_network,pm_no_canal_network,pm_no_rail_network,pm_no_passenger_trains,18.0,15.0,100.0_PROJECTED,0,NO,Two road-network levels for the Zand capital and Gulf route. | No transport-canal level recommended. | Shiraz lay on the Bushehr–Isfahan caravan axis with established caravanserais.,5,18.0,Target satisfies usage 15.0 plus engine AI surplus 2; fixed capacity 3.0 per level; no rail or passenger service.
PER,Persia,STATE_IRAKAJEMI,Irak-i-Ajami,5,pm_traditional_road_network,pm_no_canal_network,pm_no_rail_network,pm_no_passenger_trains,18.0,15.5,100.0_PROJECTED,0,NO,"One central-plateau road level. | No transport-canal level recommended. | A durable inter-urban caravan, pilgrimage, military or administrative corridor justifies one pre-rail regional infrastructure level; no railway PM is permitted.",5,18.0,Target satisfies usage 15.5 plus engine AI surplus 2; fixed capacity 3.0 per level; no rail or passenger service.
PER,Persia,STATE_ISFAHAN,Isfahan,4,pm_traditional_road_network,pm_no_canal_network,pm_no_rail_network,pm_no_passenger_trains,15.0,12.5,100.0_PROJECTED,0,NO,"Two road-network levels for the national caravan nexus. | No transport-canal level recommended. | Safavid road/caravanserai systems linked Isfahan to Fars, Kerman, Khorasan and the north.",4,15.0,Target satisfies usage 12.5 plus engine AI surplus 2; fixed capacity 3.0 per level; no rail or passenger service.
PER,Persia,STATE_KERMAN,Kerman,2,pm_traditional_road_network,pm_no_canal_network,pm_no_rail_network,pm_no_passenger_trains,9.0,6.0,100.0_PROJECTED,0,NO,"One road level on Kerman’s caravan links to India, Isfahan and the Gulf. | No transport-canal level recommended. | A durable inter-urban caravan, pilgrimage, military or administrative corridor justifies one pre-rail regional infrastructure level; no railway PM is permitted.",2,9.0,Target satisfies usage 6.0 plus engine AI surplus 2; fixed capacity 3.0 per level; no rail or passenger service.
PER,Persia,STATE_KHORASAN,Khorasan,2,pm_traditional_road_network,pm_no_canal_network,pm_no_rail_network,pm_no_passenger_trains,9.0,6.0,100.0_PROJECTED,0,NO,"One major caravan-road level. | No transport-canal level recommended. | A durable inter-urban caravan, pilgrimage, military or administrative corridor justifies one pre-rail regional infrastructure level; no railway PM is permitted.",2,9.0,Target satisfies usage 6.0 plus engine AI surplus 2; fixed capacity 3.0 per level; no rail or passenger service.
PER,Persia,STATE_LARISTAN,Hormuz,1,pm_traditional_road_network,pm_no_canal_network,pm_no_rail_network,pm_no_passenger_trains,6.0,1.0,100.0_PROJECTED,0,NO,"One Gulf-interior caravan-road level. | No canal level recommended. | A durable inter-urban caravan, pilgrimage, military or administrative corridor justifies one pre-rail regional infrastructure level; no railway PM is permitted.",1,6.0,Target satisfies usage 1.0 plus engine AI surplus 2; fixed capacity 3.0 per level; no rail or passenger service.
PER,Persia,STATE_LURISTAN,Luristan,1,pm_traditional_road_network,pm_no_canal_network,pm_no_rail_network,pm_no_passenger_trains,6.0,3.5,100.0_PROJECTED,0,NO,No prior historical transport row; gameplay capacity uses the least-modern road PM.,1,6.0,Target satisfies usage 3.5 plus engine AI surplus 2; fixed capacity 3.0 per level; no rail or passenger service.
PER,Persia,STATE_MAZANDARAN,Mazandaran,2,pm_traditional_road_network,pm_no_canal_network,pm_no_rail_network,pm_no_passenger_trains,9.0,6.0,100.0_PROJECTED,0,NO,"One road level across the Caspian-hinterland network. | No transport-canal level recommended. | A durable inter-urban caravan, pilgrimage, military or administrative corridor justifies one pre-rail regional infrastructure level; no railway PM is permitted.",2,9.0,Target satisfies usage 6.0 plus engine AI surplus 2; fixed capacity 3.0 per level; no rail or passenger service.
PER,Persia,STATE_PERSIAN_KURDISTAN,Persian Kurdistan,1,pm_traditional_road_network,pm_no_canal_network,pm_no_rail_network,pm_no_passenger_trains,6.0,3.5,100.0_PROJECTED,0,NO,"One road level. | No canal level recommended. | A durable inter-urban caravan, pilgrimage, military or administrative corridor justifies one pre-rail regional infrastructure level; no railway PM is permitted.",1,6.0,Target satisfies usage 3.5 plus engine AI surplus 2; fixed capacity 3.0 per level; no rail or passenger service.
PER,Persia,STATE_SEMNAN,Semnan,1,pm_traditional_road_network,pm_no_canal_network,pm_no_rail_network,pm_no_passenger_trains,6.0,1.0,100.0_PROJECTED,0,NO,"One east-west caravan-road level. | No canal level recommended. | A durable inter-urban caravan, pilgrimage, military or administrative corridor justifies one pre-rail regional infrastructure level; no railway PM is permitted.",1,6.0,Target satisfies usage 1.0 plus engine AI surplus 2; fixed capacity 3.0 per level; no rail or passenger service.
PER,Persia,STATE_TABRIZ,Tabriz,5,pm_traditional_road_network,pm_no_canal_network,pm_no_rail_network,pm_no_passenger_trains,18.0,15.0,100.0_PROJECTED,0,NO,"Two road-network levels for the major northwestern caravan nexus. | No transport-canal level recommended. | A durable inter-urban caravan, pilgrimage, military or administrative corridor justifies one pre-rail regional infrastructure level; no railway PM is permitted.",5,18.0,Target satisfies usage 15.0 plus engine AI surplus 2; fixed capacity 3.0 per level; no rail or passenger service.
PER,Persia,STATE_URMIA,Urmia,2,pm_traditional_road_network,pm_no_canal_network,pm_no_rail_network,pm_no_passenger_trains,9.0,4.5,100.0_PROJECTED,0,NO,No prior historical transport row; gameplay capacity uses the least-modern road PM.,2,9.0,Target satisfies usage 4.5 plus engine AI surplus 2; fixed capacity 3.0 per level; no rail or passenger service.
PHI,Philippines,STATE_LUZON,Luzón,3,pm_traditional_road_network,pm_no_canal_network,pm_no_rail_network,pm_no_passenger_trains,12.0,8.5,100.0_PROJECTED,0,NO,No prior historical transport row; gameplay capacity uses the least-modern road PM.,3,12.0,Target satisfies usage 8.5 plus engine AI surplus 2; fixed capacity 3.0 per level; no rail or passenger service.
PHI,Philippines,STATE_MINDANAO,Mindanao,0,pm_traditional_road_network,pm_no_canal_network,pm_no_rail_network,pm_no_passenger_trains,3.0,0.0,100.0_PROJECTED,0,NO,No prior historical transport row; gameplay capacity uses the least-modern road PM.,0,3.0,Target satisfies usage 0.0 plus engine AI surplus 2; fixed capacity 3.0 per level; no rail or passenger service.
PHI,Philippines,STATE_VISAYAS,Visayas,1,pm_traditional_road_network,pm_no_canal_network,pm_no_rail_network,pm_no_passenger_trains,6.0,2.0,100.0_PROJECTED,0,NO,No prior historical transport row; gameplay capacity uses the least-modern road PM.,1,6.0,Target satisfies usage 2.0 plus engine AI surplus 2; fixed capacity 3.0 per level; no rail or passenger service.
PHI,Philippines,STATE_WEST_MICRONESIA,West Micronesia,0,pm_traditional_road_network,pm_no_canal_network,pm_no_rail_network,pm_no_passenger_trains,3.0,0.0,100.0_PROJECTED,0,NO,No prior historical transport row; gameplay capacity uses the least-modern road PM.,0,3.0,Target satisfies usage 0.0 plus engine AI surplus 2; fixed capacity 3.0 per level; no rail or passenger service.
PHL,Philippolis,STATE_VRYSTAAT,Transorangia,1,pm_traditional_road_network,pm_no_canal_network,pm_no_rail_network,pm_no_passenger_trains,6.0,1.2,100.0_PROJECTED,0,NO,No prior historical transport row; gameplay capacity uses the least-modern road PM.,1,6.0,Target satisfies usage 1.2 plus engine AI surplus 2; fixed capacity 3.0 per level; no rail or passenger service.
PLC,Poland-Lithuania,STATE_BREST,Hrodna,4,pm_traditional_road_network,pm_no_canal_network,pm_no_rail_network,pm_no_passenger_trains,15.0,12.0,100.0_PROJECTED,0,NO,"Level 1 traditional road network. | Dnieper–Bug works began in 1775, but no active industrial-canal PM recommended on 1776-01-01. | Grodno/Brest lay on important interregional routes; canal works begun in 1775 are too incomplete for an active canal PM at the reference date.",4,15.0,Target satisfies usage 12.0 plus engine AI surplus 2; fixed capacity 3.0 per level; no rail or passenger service.
PLC,Poland-Lithuania,STATE_COURLAND,Courland,1,pm_traditional_road_network,pm_no_canal_network,pm_no_rail_network,pm_no_passenger_trains,6.0,4.0,100.0_PROJECTED,0,NO,No prior historical transport row; gameplay capacity uses the least-modern road PM.,1,6.0,Target satisfies usage 4.0 plus engine AI surplus 2; fixed capacity 3.0 per level; no rail or passenger service.
PLC,Poland-Lithuania,STATE_GREATER_POLAND,Warszawa,7,pm_traditional_road_network,pm_no_canal_network,pm_no_rail_network,pm_no_passenger_trains,24.0,21.5,100.0_PROJECTED,0,NO,"Level 2 traditional road network centered on Warsaw. | No canal PM in this state. | Warsaw's role as capital and market supports a stronger road seed, but not a modern engineered network.",7,24.0,Target satisfies usage 21.5 plus engine AI surplus 2; fixed capacity 3.0 per level; no rail or passenger service.
PLC,Poland-Lithuania,STATE_KAUNAS,Lithuania,1,pm_traditional_road_network,pm_no_canal_network,pm_no_rail_network,pm_no_passenger_trains,6.0,2.0,100.0_PROJECTED,0,NO,No prior historical transport row; gameplay capacity uses the least-modern road PM.,1,6.0,Target satisfies usage 2.0 plus engine AI surplus 2; fixed capacity 3.0 per level; no rail or passenger service.
PLC,Poland-Lithuania,STATE_KIEV,Kyiv,3,pm_traditional_road_network,pm_no_canal_network,pm_no_rail_network,pm_no_passenger_trains,12.0,9.0,100.0_PROJECTED,0,NO,"Level 1 traditional road network. | River navigation important, but no artificial canal seed in this state. | Dnieper routes and overland connections justify a modest regional network.",3,12.0,Target satisfies usage 9.0 plus engine AI surplus 2; fixed capacity 3.0 per level; no rail or passenger service.
PLC,Poland-Lithuania,STATE_LESSER_POLAND,Lublin,5,pm_traditional_road_network,pm_no_canal_network,pm_no_rail_network,pm_no_passenger_trains,18.0,16.0,100.0_PROJECTED,0,NO,"Level 1 traditional road network. | No canal PM. | A basic regional road seed is justified for settled market provinces, without implying later engineered roads.",5,18.0,Target satisfies usage 16.0 plus engine AI surplus 2; fixed capacity 3.0 per level; no rail or passenger service.
PLC,Poland-Lithuania,STATE_MAZOVIA,Płock,1,pm_traditional_road_network,pm_no_canal_network,pm_no_rail_network,pm_no_passenger_trains,6.0,1.0,100.0_PROJECTED,0,NO,"Level 1 traditional road network. | No canal PM. | A basic regional road seed is justified for settled market provinces, without implying later engineered roads.",1,6.0,Target satisfies usage 1.0 plus engine AI surplus 2; fixed capacity 3.0 per level; no rail or passenger service.
PLC,Poland-Lithuania,STATE_MINSK,Minsk,3,pm_traditional_road_network,pm_no_canal_network,pm_no_rail_network,pm_no_passenger_trains,12.0,10.0,100.0_PROJECTED,0,NO,No prior historical transport row; gameplay capacity uses the least-modern road PM.,3,12.0,Target satisfies usage 10.0 plus engine AI surplus 2; fixed capacity 3.0 per level; no rail or passenger service.
PLC,Poland-Lithuania,STATE_POSEN,Posen,1,pm_traditional_road_network,pm_no_canal_network,pm_no_rail_network,pm_no_passenger_trains,6.0,1.0,100.0_PROJECTED,0,NO,"Level 1 traditional road network. | No canal PM. | A basic regional road seed is justified for settled market provinces, without implying later engineered roads.",1,6.0,Target satisfies usage 1.0 plus engine AI surplus 2; fixed capacity 3.0 per level; no rail or passenger service.
PLC,Poland-Lithuania,STATE_VILNIUS,Vilnius,3,pm_traditional_road_network,pm_no_canal_network,pm_no_rail_network,pm_no_passenger_trains,12.0,9.5,100.0_PROJECTED,0,NO,Level 1 traditional road network. | No canal PM. | A principal administrative city and trade-route node justifies a basic regional road network.,3,12.0,Target satisfies usage 9.5 plus engine AI surplus 2; fixed capacity 3.0 per level; no rail or passenger service.
PLC,Poland-Lithuania,STATE_VOLHYNIA,Volhynia,1,pm_traditional_road_network,pm_no_canal_network,pm_no_rail_network,pm_no_passenger_trains,6.0,2.0,100.0_PROJECTED,0,NO,No prior historical transport row; gameplay capacity uses the least-modern road PM.,1,6.0,Target satisfies usage 2.0 plus engine AI surplus 2; fixed capacity 3.0 per level; no rail or passenger service.
PLC,Poland-Lithuania,STATE_WEST_PRUSSIA,West Prussia,0,pm_traditional_road_network,pm_no_canal_network,pm_no_rail_network,pm_no_passenger_trains,3.0,1.0,100.0_PROJECTED,0,NO,No prior historical transport row; gameplay capacity uses the least-modern road PM.,0,3.0,Target satisfies usage 1.0 plus engine AI surplus 2; fixed capacity 3.0 per level; no rail or passenger service.
PLY,Tahiti,STATE_TAHITI,Tahiti,0,pm_traditional_road_network,pm_no_canal_network,pm_no_rail_network,pm_no_passenger_trains,3.0,0.5,100.0_PROJECTED,0,NO,No prior historical transport row; gameplay capacity uses the least-modern road PM.,0,3.0,Target satisfies usage 0.5 plus engine AI surplus 2; fixed capacity 3.0 per level; no rail or passenger service.
PMA,Pama,STATE_QUEENSLAND,Queensland,0,pm_traditional_road_network,pm_no_canal_network,pm_no_rail_network,pm_no_passenger_trains,3.0,0.0,100.0_PROJECTED,0,NO,No prior historical transport row; gameplay capacity uses the least-modern road PM.,0,3.0,Target satisfies usage 0.0 plus engine AI surplus 2; fixed capacity 3.0 per level; no rail or passenger service.
PON,Pontianak,STATE_WEST_BORNEO,West Borneo,2,pm_traditional_road_network,pm_no_canal_network,pm_no_rail_network,pm_no_passenger_trains,9.0,4.5,100.0_PROJECTED,0,NO,No prior historical transport row; gameplay capacity uses the least-modern road PM.,2,9.0,Target satisfies usage 4.5 plus engine AI surplus 2; fixed capacity 3.0 per level; no rail or passenger service.
POR,Portugal,STATE_ALENTEJO,Alentejo,2,pm_traditional_road_network,pm_no_canal_network,pm_no_rail_network,pm_no_passenger_trains,9.0,7.0,100.0_PROJECTED,0,NO,No prior historical transport row; gameplay capacity uses the least-modern road PM.,2,9.0,Target satisfies usage 7.0 plus engine AI surplus 2; fixed capacity 3.0 per level; no rail or passenger service.
POR,Portugal,STATE_AZORES,Azores,1,pm_traditional_road_network,pm_no_canal_network,pm_no_rail_network,pm_no_passenger_trains,6.0,3.5,100.0_PROJECTED,0,NO,No prior historical transport row; gameplay capacity uses the least-modern road PM.,1,6.0,Target satisfies usage 3.5 plus engine AI surplus 2; fixed capacity 3.0 per level; no rail or passenger service.
POR,Portugal,STATE_BEIRA,Beira,3,pm_traditional_road_network,pm_no_canal_network,pm_no_rail_network,pm_no_passenger_trains,12.0,10.0,100.0_PROJECTED,0,NO,One road level. | none required for this recommendation | Royal/market roads linked Coimbra and Beira with the coastal and Lisbon/Porto axes.,3,12.0,Target satisfies usage 10.0 plus engine AI surplus 2; fixed capacity 3.0 per level; no rail or passenger service.
POR,Portugal,STATE_BOMBAY,Bombay,2,pm_traditional_road_network,pm_no_canal_network,pm_no_rail_network,pm_no_passenger_trains,9.0,5.0,100.0_PROJECTED,0,NO,No prior historical transport row; gameplay capacity uses the least-modern road PM.,2,9.0,Target satisfies usage 5.0 plus engine AI surplus 2; fixed capacity 3.0 per level; no rail or passenger service.
POR,Portugal,STATE_CAPE_VERDE,Cape Verde,1,pm_traditional_road_network,pm_no_canal_network,pm_no_rail_network,pm_no_passenger_trains,6.0,2.5,100.0_PROJECTED,0,NO,No prior historical transport row; gameplay capacity uses the least-modern road PM.,1,6.0,Target satisfies usage 2.5 plus engine AI surplus 2; fixed capacity 3.0 per level; no rail or passenger service.
POR,Portugal,STATE_ENTRE_DOURO_E_MINHO,Entre Douro and Minho,7,pm_traditional_road_network,pm_no_canal_network,pm_no_rail_network,pm_no_passenger_trains,24.0,22.0,100.0_PROJECTED,0,NO,One regional transport level | none required for this recommendation | Road/river transport linked the Douro wine region to Porto's export economy.,7,24.0,Target satisfies usage 22.0 plus engine AI surplus 2; fixed capacity 3.0 per level; no rail or passenger service.
POR,Portugal,STATE_ESTREMADURA,Estremadura,15,pm_traditional_road_network,pm_no_canal_network,pm_no_rail_network,pm_no_passenger_trains,48.0,45.6,100.0_PROJECTED,0,NO,Level 2 for capital transport capacity | none required for this recommendation | Lisbon's capital/port economy was served by royal roads and Tagus-oriented transport.,15,48.0,Target satisfies usage 45.6 plus engine AI surplus 2; fixed capacity 3.0 per level; no rail or passenger service.
POR,Portugal,STATE_GUANGDONG,Western Guangdong,0,pm_traditional_road_network,pm_no_canal_network,pm_no_rail_network,pm_no_passenger_trains,3.0,1.0,100.0_PROJECTED,0,NO,No prior historical transport row; gameplay capacity uses the least-modern road PM.,0,3.0,Target satisfies usage 1.0 plus engine AI surplus 2; fixed capacity 3.0 per level; no rail or passenger service.
POR,Portugal,STATE_GUINEA,Guinea,0,pm_traditional_road_network,pm_no_canal_network,pm_no_rail_network,pm_no_passenger_trains,3.0,0.0,100.0_PROJECTED,0,NO,No prior historical transport row; gameplay capacity uses the least-modern road PM.,0,3.0,Target satisfies usage 0.0 plus engine AI surplus 2; fixed capacity 3.0 per level; no rail or passenger service.
POR,Portugal,STATE_GUJARAT,Gujarat,0,pm_traditional_road_network,pm_no_canal_network,pm_no_rail_network,pm_no_passenger_trains,3.0,0.5,100.0_PROJECTED,0,NO,No prior historical transport row; gameplay capacity uses the least-modern road PM.,0,3.0,Target satisfies usage 0.5 plus engine AI surplus 2; fixed capacity 3.0 per level; no rail or passenger service.
POR,Portugal,STATE_LOURENCO_MARQUES,Lourenço Marques,0,pm_traditional_road_network,pm_no_canal_network,pm_no_rail_network,pm_no_passenger_trains,3.0,0.0,100.0_PROJECTED,0,NO,No prior historical transport row; gameplay capacity uses the least-modern road PM.,0,3.0,Target satisfies usage 0.0 plus engine AI surplus 2; fixed capacity 3.0 per level; no rail or passenger service.
POR,Portugal,STATE_MADEIRA,Madeira,2,pm_traditional_road_network,pm_no_canal_network,pm_no_rail_network,pm_no_passenger_trains,9.0,5.0,100.0_PROJECTED,0,NO,No prior historical transport row; gameplay capacity uses the least-modern road PM.,2,9.0,Target satisfies usage 5.0 plus engine AI surplus 2; fixed capacity 3.0 per level; no rail or passenger service.
POR,Portugal,STATE_MOCAMBIQUE,Mocambique,0,pm_traditional_road_network,pm_no_canal_network,pm_no_rail_network,pm_no_passenger_trains,3.0,0.5,100.0_PROJECTED,0,NO,No prior historical transport row; gameplay capacity uses the least-modern road PM.,0,3.0,Target satisfies usage 0.5 plus engine AI surplus 2; fixed capacity 3.0 per level; no rail or passenger service.
POR,Portugal,STATE_NORTH_ANGOLA,North Angola,0,pm_traditional_road_network,pm_no_canal_network,pm_no_rail_network,pm_no_passenger_trains,3.0,0.5,100.0_PROJECTED,0,NO,No prior historical transport row; gameplay capacity uses the least-modern road PM.,0,3.0,Target satisfies usage 0.5 plus engine AI surplus 2; fixed capacity 3.0 per level; no rail or passenger service.
POR,Portugal,STATE_SENEGAL,Senegal,0,pm_traditional_road_network,pm_no_canal_network,pm_no_rail_network,pm_no_passenger_trains,3.0,0.0,100.0_PROJECTED,0,NO,No prior historical transport row; gameplay capacity uses the least-modern road PM.,0,3.0,Target satisfies usage 0.0 plus engine AI surplus 2; fixed capacity 3.0 per level; no rail or passenger service.
POR,Portugal,STATE_SOUTH_ANGOLA,South Angola,0,pm_traditional_road_network,pm_no_canal_network,pm_no_rail_network,pm_no_passenger_trains,3.0,0.0,100.0_PROJECTED,0,NO,No prior historical transport row; gameplay capacity uses the least-modern road PM.,0,3.0,Target satisfies usage 0.0 plus engine AI surplus 2; fixed capacity 3.0 per level; no rail or passenger service.
POR,Portugal,STATE_SOUTH_CAMEROON,South Cameroon,0,pm_traditional_road_network,pm_no_canal_network,pm_no_rail_network,pm_no_passenger_trains,3.0,0.0,100.0_PROJECTED,0,NO,No prior historical transport row; gameplay capacity uses the least-modern road PM.,0,3.0,Target satisfies usage 0.0 plus engine AI surplus 2; fixed capacity 3.0 per level; no rail or passenger service.
POR,Portugal,STATE_SUNDA_ISLANDS,Sunda Islands,0,pm_traditional_road_network,pm_no_canal_network,pm_no_rail_network,pm_no_passenger_trains,3.0,1.0,100.0_PROJECTED,0,NO,No prior historical transport row; gameplay capacity uses the least-modern road PM.,0,3.0,Target satisfies usage 1.0 plus engine AI surplus 2; fixed capacity 3.0 per level; no rail or passenger service.
POR,Portugal,STATE_ZAMBEZIA,Zambezia,0,pm_traditional_road_network,pm_no_canal_network,pm_no_rail_network,pm_no_passenger_trains,3.0,0.5,100.0_PROJECTED,0,NO,No prior historical transport row; gameplay capacity uses the least-modern road PM.,0,3.0,Target satisfies usage 0.5 plus engine AI surplus 2; fixed capacity 3.0 per level; no rail or passenger service.
PPU,Papua,STATE_EASTERN_NEW_GUINEA,Eastern New Guinea,0,pm_traditional_road_network,pm_no_canal_network,pm_no_rail_network,pm_no_passenger_trains,3.0,0.0,100.0_PROJECTED,0,NO,No prior historical transport row; gameplay capacity uses the least-modern road PM.,0,3.0,Target satisfies usage 0.0 plus engine AI surplus 2; fixed capacity 3.0 per level; no rail or passenger service.
PPU,Papua,STATE_WESTERN_NEW_GUINEA,Western New Guinea,0,pm_traditional_road_network,pm_no_canal_network,pm_no_rail_network,pm_no_passenger_trains,3.0,0.0,100.0_PROJECTED,0,NO,No prior historical transport row; gameplay capacity uses the least-modern road PM.,0,3.0,Target satisfies usage 0.0 plus engine AI surplus 2; fixed capacity 3.0 per level; no rail or passenger service.
PRK,Perak,STATE_MALAYA,Malaya,0,pm_traditional_road_network,pm_no_canal_network,pm_no_rail_network,pm_no_passenger_trains,3.0,0.0,100.0_PROJECTED,0,NO,No prior historical transport row; gameplay capacity uses the least-modern road PM.,0,3.0,Target satisfies usage 0.0 plus engine AI surplus 2; fixed capacity 3.0 per level; no rail or passenger service.
PRU,Prussia,STATE_ANHALT,Anhalt,1,pm_traditional_road_network,pm_no_canal_network,pm_no_rail_network,pm_no_passenger_trains,6.0,2.0,100.0_PROJECTED,0,NO,No prior historical transport row; gameplay capacity uses the least-modern road PM.,1,6.0,Target satisfies usage 2.0 plus engine AI surplus 2; fixed capacity 3.0 per level; no rail or passenger service.
PRU,Prussia,STATE_BRANDENBURG,Brandenburg,5,pm_traditional_road_network,pm_industrial_canals,pm_no_rail_network,pm_no_passenger_trains,23.0,18.5,100.0_PROJECTED,0,NO,"The core territory had a structured state transport policy connecting Berlin with river and canal routes. | CANAL level justified: eighteenth-century Prussian projects connected Oder, Havel and Spree systems, including mid-century canal reconstruction.",5,23.0,Target satisfies usage 18.5 plus engine AI surplus 2; fixed capacity 4.0 per level; no rail or passenger service.
PRU,Prussia,STATE_BRUNSWICK,Brunswick,0,pm_traditional_road_network,pm_no_canal_network,pm_no_rail_network,pm_no_passenger_trains,3.0,0.0,100.0_PROJECTED,0,NO,No prior historical transport row; gameplay capacity uses the least-modern road PM.,0,3.0,Target satisfies usage 0.0 plus engine AI surplus 2; fixed capacity 3.0 per level; no rail or passenger service.
PRU,Prussia,STATE_EAST_PRUSSIA,East Prussia,1,pm_traditional_road_network,pm_no_canal_network,pm_no_rail_network,pm_no_passenger_trains,6.0,3.5,100.0_PROJECTED,0,NO,No prior historical transport row; gameplay capacity uses the least-modern road PM.,1,6.0,Target satisfies usage 3.5 plus engine AI surplus 2; fixed capacity 3.0 per level; no rail or passenger service.
PRU,Prussia,STATE_LOWER_SILESIA,Lower Silesia,2,pm_traditional_road_network,pm_no_canal_network,pm_no_rail_network,pm_no_passenger_trains,9.0,4.5,100.0_PROJECTED,0,NO,"Commercial roads connected textile districts to export routes, but high engineered-road capacity is not proven at the cutoff. | No industrial canal level assigned within these owner-state rows.",2,9.0,Target satisfies usage 4.5 plus engine AI surplus 2; fixed capacity 3.0 per level; no rail or passenger service.
PRU,Prussia,STATE_NORTH_RHINE,North Rhine,1,pm_traditional_road_network,pm_no_canal_network,pm_no_rail_network,pm_no_passenger_trains,6.0,1.5,100.0_PROJECTED,0,NO,No prior historical transport row; gameplay capacity uses the least-modern road PM.,1,6.0,Target satisfies usage 1.5 plus engine AI surplus 2; fixed capacity 3.0 per level; no rail or passenger service.
PRU,Prussia,STATE_POMERANIA,Pomerania,1,pm_traditional_road_network,pm_no_canal_network,pm_no_rail_network,pm_no_passenger_trains,6.0,2.5,100.0_PROJECTED,0,NO,State water-engineering and transport projects sought to connect Stettin to Berlin and improve commercial movement. | Canal capacity is represented mainly in Brandenburg,1,6.0,Target satisfies usage 2.5 plus engine AI surplus 2; fixed capacity 3.0 per level; no rail or passenger service.
PRU,Prussia,STATE_RHINELAND,Rhineland,1,pm_traditional_road_network,pm_no_canal_network,pm_no_rail_network,pm_no_passenger_trains,6.0,4.0,100.0_PROJECTED,0,NO,No prior historical transport row; gameplay capacity uses the least-modern road PM.,1,6.0,Target satisfies usage 4.0 plus engine AI surplus 2; fixed capacity 3.0 per level; no rail or passenger service.
PRU,Prussia,STATE_RUHR,Ruhr,1,pm_traditional_road_network,pm_no_canal_network,pm_no_rail_network,pm_no_passenger_trains,6.0,3.5,100.0_PROJECTED,0,NO,No prior historical transport row; gameplay capacity uses the least-modern road PM.,1,6.0,Target satisfies usage 3.5 plus engine AI surplus 2; fixed capacity 3.0 per level; no rail or passenger service.
PRU,Prussia,STATE_UPPER_SILESIA,Upper Silesia,2,pm_traditional_road_network,pm_no_canal_network,pm_no_rail_network,pm_no_passenger_trains,9.0,7.0,100.0_PROJECTED,0,NO,"Commercial roads connected textile districts to export routes, but high engineered-road capacity is not proven at the cutoff. | No industrial canal level assigned within these owner-state rows.",2,9.0,Target satisfies usage 7.0 plus engine AI surplus 2; fixed capacity 3.0 per level; no rail or passenger service.
PRU,Prussia,STATE_WESTPHALIA,Westphalia,1,pm_traditional_road_network,pm_no_canal_network,pm_no_rail_network,pm_no_passenger_trains,6.0,1.5,100.0_PROJECTED,0,NO,No prior historical transport row; gameplay capacity uses the least-modern road PM.,1,6.0,Target satisfies usage 1.5 plus engine AI surplus 2; fixed capacity 3.0 per level; no rail or passenger service.
PRU,Prussia,STATE_WEST_PRUSSIA,West Prussia,1,pm_traditional_road_network,pm_no_canal_network,pm_no_rail_network,pm_no_passenger_trains,6.0,3.0,100.0_PROJECTED,0,NO,No prior historical transport row; gameplay capacity uses the least-modern road PM.,1,6.0,Target satisfies usage 3.0 plus engine AI surplus 2; fixed capacity 3.0 per level; no rail or passenger service.
PUD,Pudukottai,STATE_MADRAS,Carnatic,5,pm_traditional_road_network,pm_no_canal_network,pm_no_rail_network,pm_no_passenger_trains,18.0,14.0,100.0_PROJECTED,0,NO,No prior historical transport row; gameplay capacity uses the least-modern road PM.,5,18.0,Target satisfies usage 14.0 plus engine AI surplus 2; fixed capacity 3.0 per level; no rail or passenger service.
PWN,Pawnee,STATE_KANSAS,Kansas,0,pm_traditional_road_network,pm_no_canal_network,pm_no_rail_network,pm_no_passenger_trains,3.0,0.0,100.0_PROJECTED,0,NO,No prior historical transport row; gameplay capacity uses the least-modern road PM.,0,3.0,Target satisfies usage 0.0 plus engine AI surplus 2; fixed capacity 3.0 per level; no rail or passenger service.
PWN,Pawnee,STATE_NEBRASKA,Nebraska,0,pm_traditional_road_network,pm_no_canal_network,pm_no_rail_network,pm_no_passenger_trains,3.0,0.0,100.0_PROJECTED,0,NO,No prior historical transport row; gameplay capacity uses the least-modern road PM.,0,3.0,Target satisfies usage 0.0 plus engine AI surplus 2; fixed capacity 3.0 per level; no rail or passenger service.
QUE,Quebec,STATE_QUEBEC,Quebec,3,pm_traditional_road_network,pm_no_canal_network,pm_no_rail_network,pm_no_passenger_trains,12.0,8.5,100.0_PROJECTED,0,NO,1 | 0 | Quebec City/Montreal formed the administrative and commercial core of the St Lawrence colony.,3,12.0,Target satisfies usage 8.5 plus engine AI surplus 2; fixed capacity 3.0 per level; no rail or passenger service.
RGB,Reguibat,STATE_INNER_MAURITANIA,Inner Mauritania,0,pm_traditional_road_network,pm_no_canal_network,pm_no_rail_network,pm_no_passenger_trains,3.0,1.0,100.0_PROJECTED,0,NO,No prior historical transport row; gameplay capacity uses the least-modern road PM.,0,3.0,Target satisfies usage 1.0 plus engine AI surplus 2; fixed capacity 3.0 per level; no rail or passenger service.
RGB,Reguibat,STATE_SAHARA,Sahara,0,pm_traditional_road_network,pm_no_canal_network,pm_no_rail_network,pm_no_passenger_trains,3.0,1.0,100.0_PROJECTED,0,NO,No prior historical transport row; gameplay capacity uses the least-modern road PM.,0,3.0,Target satisfies usage 1.0 plus engine AI surplus 2; fixed capacity 3.0 per level; no rail or passenger service.
RGB,Reguibat,STATE_TIMBUKTU,Timbuktu,0,pm_traditional_road_network,pm_no_canal_network,pm_no_rail_network,pm_no_passenger_trains,3.0,1.0,100.0_PROJECTED,0,NO,No prior historical transport row; gameplay capacity uses the least-modern road PM.,0,3.0,Target satisfies usage 1.0 plus engine AI surplus 2; fixed capacity 3.0 per level; no rail or passenger service.
RGB,Reguibat,STATE_WEST_SAHARA,West Sahara,0,pm_traditional_road_network,pm_no_canal_network,pm_no_rail_network,pm_no_passenger_trains,3.0,1.0,100.0_PROJECTED,0,NO,No prior historical transport row; gameplay capacity uses the least-modern road PM.,0,3.0,Target satisfies usage 1.0 plus engine AI surplus 2; fixed capacity 3.0 per level; no rail or passenger service.
RUS,Russia,STATE_AKMOLINSK,Akmolinsk,0,pm_traditional_road_network,pm_no_canal_network,pm_no_rail_network,pm_no_passenger_trains,3.0,0.0,100.0_PROJECTED,0,NO,No prior historical transport row; gameplay capacity uses the least-modern road PM.,0,3.0,Target satisfies usage 0.0 plus engine AI surplus 2; fixed capacity 3.0 per level; no rail or passenger service.
RUS,Russia,STATE_ARKHANGELSK,Arkhangelsk,2,pm_traditional_road_network,pm_no_canal_network,pm_no_rail_network,pm_no_passenger_trains,9.0,5.5,100.0_PROJECTED,0,NO,No prior historical transport row; gameplay capacity uses the least-modern road PM.,2,9.0,Target satisfies usage 5.5 plus engine AI surplus 2; fixed capacity 3.0 per level; no rail or passenger service.
RUS,Russia,STATE_ASTRAKHAN,Astrakhan,1,pm_traditional_road_network,pm_no_canal_network,pm_no_rail_network,pm_no_passenger_trains,6.0,1.5,100.0_PROJECTED,0,NO,"One lower-Volga/caravan road level. | No canal level recommended. | A durable inter-urban caravan, pilgrimage, military or administrative corridor justifies one pre-rail regional infrastructure level; no railway PM is permitted.",1,6.0,Target satisfies usage 1.5 plus engine AI surplus 2; fixed capacity 3.0 per level; no rail or passenger service.
RUS,Russia,STATE_BURYATIA,Buryatia,0,pm_traditional_road_network,pm_no_canal_network,pm_no_rail_network,pm_no_passenger_trains,3.0,0.0,100.0_PROJECTED,0,NO,No prior historical transport row; gameplay capacity uses the least-modern road PM.,0,3.0,Target satisfies usage 0.0 plus engine AI surplus 2; fixed capacity 3.0 per level; no rail or passenger service.
RUS,Russia,STATE_CHELYABINSK,Chelyabinsk,3,pm_traditional_road_network,pm_no_canal_network,pm_no_rail_network,pm_no_passenger_trains,12.0,8.0,100.0_PROJECTED,0,NO,No prior historical transport row; gameplay capacity uses the least-modern road PM.,3,12.0,Target satisfies usage 8.0 plus engine AI surplus 2; fixed capacity 3.0 per level; no rail or passenger service.
RUS,Russia,STATE_CHERNIHIV,Chernihiv,1,pm_traditional_road_network,pm_no_canal_network,pm_no_rail_network,pm_no_passenger_trains,6.0,2.0,100.0_PROJECTED,0,NO,No prior historical transport row; gameplay capacity uses the least-modern road PM.,1,6.0,Target satisfies usage 2.0 plus engine AI surplus 2; fixed capacity 3.0 per level; no rail or passenger service.
RUS,Russia,STATE_CHUVASHIA,Cheboksary,0,pm_traditional_road_network,pm_no_canal_network,pm_no_rail_network,pm_no_passenger_trains,3.0,1.0,100.0_PROJECTED,0,NO,No prior historical transport row; gameplay capacity uses the least-modern road PM.,0,3.0,Target satisfies usage 1.0 plus engine AI surplus 2; fixed capacity 3.0 per level; no rail or passenger service.
RUS,Russia,STATE_DOBRUDJA,Dobrudja,0,pm_traditional_road_network,pm_no_canal_network,pm_no_rail_network,pm_no_passenger_trains,3.0,0.0,100.0_PROJECTED,0,NO,No prior historical transport row; gameplay capacity uses the least-modern road PM.,0,3.0,Target satisfies usage 0.0 plus engine AI surplus 2; fixed capacity 3.0 per level; no rail or passenger service.
RUS,Russia,STATE_EAST_KARELIA,East Karelia,1,pm_traditional_road_network,pm_no_canal_network,pm_no_rail_network,pm_no_passenger_trains,6.0,2.0,100.0_PROJECTED,0,NO,No prior historical transport row; gameplay capacity uses the least-modern road PM.,1,6.0,Target satisfies usage 2.0 plus engine AI surplus 2; fixed capacity 3.0 per level; no rail or passenger service.
RUS,Russia,STATE_GALICH,Vologda,0,pm_traditional_road_network,pm_no_canal_network,pm_no_rail_network,pm_no_passenger_trains,3.0,1.0,100.0_PROJECTED,0,NO,No prior historical transport row; gameplay capacity uses the least-modern road PM.,0,3.0,Target satisfies usage 1.0 plus engine AI surplus 2; fixed capacity 3.0 per level; no rail or passenger service.
RUS,Russia,STATE_INGRIA,Ingria,9,pm_traditional_road_network,pm_industrial_canals,pm_no_rail_network,pm_no_passenger_trains,39.0,35.9,100.0_PROJECTED,0,NO,Level 2 road network for imperial/post routes centered on St Petersburg. | Level 2 canal justification: the Ladoga bypass canal opened in 1731 and functioned as part of the Volga–Baltic supply route. | The capital was tied to Moscow and the interior by maintained state/post roads and the Volga–Baltic waterway.,9,39.0,Target satisfies usage 35.9 plus engine AI surplus 2; fixed capacity 4.0 per level; no rail or passenger service.
RUS,Russia,STATE_IRKUTSK,Irkutsk,0,pm_traditional_road_network,pm_no_canal_network,pm_no_rail_network,pm_no_passenger_trains,3.0,0.5,100.0_PROJECTED,0,NO,No prior historical transport row; gameplay capacity uses the least-modern road PM.,0,3.0,Target satisfies usage 0.5 plus engine AI surplus 2; fixed capacity 3.0 per level; no rail or passenger service.
RUS,Russia,STATE_KALMYKIA,Kalmykia,1,pm_traditional_road_network,pm_no_canal_network,pm_no_rail_network,pm_no_passenger_trains,6.0,2.0,100.0_PROJECTED,0,NO,No prior historical transport row; gameplay capacity uses the least-modern road PM.,1,6.0,Target satisfies usage 2.0 plus engine AI surplus 2; fixed capacity 3.0 per level; no rail or passenger service.
RUS,Russia,STATE_KAMCHATKA,Kamchatka,0,pm_traditional_road_network,pm_no_canal_network,pm_no_rail_network,pm_no_passenger_trains,3.0,0.0,100.0_PROJECTED,0,NO,No prior historical transport row; gameplay capacity uses the least-modern road PM.,0,3.0,Target satisfies usage 0.0 plus engine AI surplus 2; fixed capacity 3.0 per level; no rail or passenger service.
RUS,Russia,STATE_KAZAN,Kazan,1,pm_traditional_road_network,pm_no_canal_network,pm_no_rail_network,pm_no_passenger_trains,6.0,3.5,100.0_PROJECTED,0,NO,Level 1 traditional road network. | No canal PM. | Volga communications plus overland routes justify a modest regional network.,1,6.0,Target satisfies usage 3.5 plus engine AI surplus 2; fixed capacity 3.0 per level; no rail or passenger service.
RUS,Russia,STATE_KHARKOV,Kharkiv,1,pm_traditional_road_network,pm_no_canal_network,pm_no_rail_network,pm_no_passenger_trains,6.0,2.0,100.0_PROJECTED,0,NO,No prior historical transport row; gameplay capacity uses the least-modern road PM.,1,6.0,Target satisfies usage 2.0 plus engine AI surplus 2; fixed capacity 3.0 per level; no rail or passenger service.
RUS,Russia,STATE_KOLA,Kola,0,pm_traditional_road_network,pm_no_canal_network,pm_no_rail_network,pm_no_passenger_trains,3.0,1.0,100.0_PROJECTED,0,NO,No prior historical transport row; gameplay capacity uses the least-modern road PM.,0,3.0,Target satisfies usage 1.0 plus engine AI surplus 2; fixed capacity 3.0 per level; no rail or passenger service.
RUS,Russia,STATE_KOLYMA,Kolyma,0,pm_traditional_road_network,pm_no_canal_network,pm_no_rail_network,pm_no_passenger_trains,3.0,0.0,100.0_PROJECTED,0,NO,No prior historical transport row; gameplay capacity uses the least-modern road PM.,0,3.0,Target satisfies usage 0.0 plus engine AI surplus 2; fixed capacity 3.0 per level; no rail or passenger service.
RUS,Russia,STATE_KRASNOYARSK,Krasnoyarsk,0,pm_traditional_road_network,pm_no_canal_network,pm_no_rail_network,pm_no_passenger_trains,3.0,0.0,100.0_PROJECTED,0,NO,No prior historical transport row; gameplay capacity uses the least-modern road PM.,0,3.0,Target satisfies usage 0.0 plus engine AI surplus 2; fixed capacity 3.0 per level; no rail or passenger service.
RUS,Russia,STATE_KURSK,Kursk,1,pm_traditional_road_network,pm_no_canal_network,pm_no_rail_network,pm_no_passenger_trains,6.0,2.0,100.0_PROJECTED,0,NO,No prior historical transport row; gameplay capacity uses the least-modern road PM.,1,6.0,Target satisfies usage 2.0 plus engine AI surplus 2; fixed capacity 3.0 per level; no rail or passenger service.
RUS,Russia,STATE_MOGILEV,Magiliow,1,pm_traditional_road_network,pm_no_canal_network,pm_no_rail_network,pm_no_passenger_trains,6.0,2.0,100.0_PROJECTED,0,NO,No prior historical transport row; gameplay capacity uses the least-modern road PM.,1,6.0,Target satisfies usage 2.0 plus engine AI surplus 2; fixed capacity 3.0 per level; no rail or passenger service.
RUS,Russia,STATE_MOSCOW,Moscow,9,pm_traditional_road_network,pm_no_canal_network,pm_no_rail_network,pm_no_passenger_trains,30.0,26.0,100.0_PROJECTED,0,NO,Level 2 traditional/post road network. | No canal PM in the Moscow state abstraction. | Moscow anchored imperial roads toward St Petersburg and major provincial centers.,9,30.0,Target satisfies usage 26.0 plus engine AI surplus 2; fixed capacity 3.0 per level; no rail or passenger service.
RUS,Russia,STATE_NENETSIA,Nenetsia,0,pm_traditional_road_network,pm_no_canal_network,pm_no_rail_network,pm_no_passenger_trains,3.0,0.0,100.0_PROJECTED,0,NO,No prior historical transport row; gameplay capacity uses the least-modern road PM.,0,3.0,Target satisfies usage 0.0 plus engine AI surplus 2; fixed capacity 3.0 per level; no rail or passenger service.
RUS,Russia,STATE_NIZHNY_NOVGOROD,Nizhny Novgorod,1,pm_traditional_road_network,pm_no_canal_network,pm_no_rail_network,pm_no_passenger_trains,6.0,0.5,100.0_PROJECTED,0,NO,Level 1 traditional road network. | No industrial canal PM. | Major river junction and inland routes justify one regional network level.,1,6.0,Target satisfies usage 0.5 plus engine AI surplus 2; fixed capacity 3.0 per level; no rail or passenger service.
RUS,Russia,STATE_NOVGOROD,Novgorod,1,pm_traditional_road_network,pm_no_canal_network,pm_no_rail_network,pm_no_passenger_trains,6.0,2.0,100.0_PROJECTED,0,NO,Level 1 regional road network. | Canal/waterway role is material but the principal artificial works sit farther west; keep canal PM off here to avoid double counting. | Novgorod lay on the Msta–Volkhov water/road corridor feeding St Petersburg.,1,6.0,Target satisfies usage 2.0 plus engine AI surplus 2; fixed capacity 3.0 per level; no rail or passenger service.
RUS,Russia,STATE_OB,Ob,0,pm_traditional_road_network,pm_no_canal_network,pm_no_rail_network,pm_no_passenger_trains,3.0,0.0,100.0_PROJECTED,0,NO,No prior historical transport row; gameplay capacity uses the least-modern road PM.,0,3.0,Target satisfies usage 0.0 plus engine AI surplus 2; fixed capacity 3.0 per level; no rail or passenger service.
RUS,Russia,STATE_OKHOTSK,Okhotsk,0,pm_traditional_road_network,pm_no_canal_network,pm_no_rail_network,pm_no_passenger_trains,3.0,0.5,100.0_PROJECTED,0,NO,No prior historical transport row; gameplay capacity uses the least-modern road PM.,0,3.0,Target satisfies usage 0.5 plus engine AI surplus 2; fixed capacity 3.0 per level; no rail or passenger service.
RUS,Russia,STATE_ORYOL,Tula,3,pm_traditional_road_network,pm_no_canal_network,pm_no_rail_network,pm_no_passenger_trains,12.0,7.5,100.0_PROJECTED,0,NO,Level 1 traditional road network supporting state arms logistics. | No canal seed. | Tula was integrated into central state/military supply roads.,3,12.0,Target satisfies usage 7.5 plus engine AI surplus 2; fixed capacity 3.0 per level; no rail or passenger service.
RUS,Russia,STATE_PERM,Perm,3,pm_traditional_road_network,pm_no_canal_network,pm_no_rail_network,pm_no_passenger_trains,12.0,10.0,100.0_PROJECTED,0,NO,No prior historical transport row; gameplay capacity uses the least-modern road PM.,3,12.0,Target satisfies usage 10.0 plus engine AI surplus 2; fixed capacity 3.0 per level; no rail or passenger service.
RUS,Russia,STATE_PSKOV,Pskov,1,pm_traditional_road_network,pm_no_canal_network,pm_no_rail_network,pm_no_passenger_trains,6.0,2.0,100.0_PROJECTED,0,NO,No prior historical transport row; gameplay capacity uses the least-modern road PM.,1,6.0,Target satisfies usage 2.0 plus engine AI surplus 2; fixed capacity 3.0 per level; no rail or passenger service.
RUS,Russia,STATE_RIGA,South Livonia,0,pm_traditional_road_network,pm_no_canal_network,pm_no_rail_network,pm_no_passenger_trains,3.0,1.0,100.0_PROJECTED,0,NO,No prior historical transport row; gameplay capacity uses the least-modern road PM.,0,3.0,Target satisfies usage 1.0 plus engine AI surplus 2; fixed capacity 3.0 per level; no rail or passenger service.
RUS,Russia,STATE_ROSTOV,Rostov,1,pm_traditional_road_network,pm_no_canal_network,pm_no_rail_network,pm_no_passenger_trains,6.0,3.0,100.0_PROJECTED,0,NO,No prior historical transport row; gameplay capacity uses the least-modern road PM.,1,6.0,Target satisfies usage 3.0 plus engine AI surplus 2; fixed capacity 3.0 per level; no rail or passenger service.
RUS,Russia,STATE_RYAZAN,Ryazan,1,pm_traditional_road_network,pm_no_canal_network,pm_no_rail_network,pm_no_passenger_trains,6.0,2.0,100.0_PROJECTED,0,NO,No prior historical transport row; gameplay capacity uses the least-modern road PM.,1,6.0,Target satisfies usage 2.0 plus engine AI surplus 2; fixed capacity 3.0 per level; no rail or passenger service.
RUS,Russia,STATE_SMOLENSK,Smolensk,1,pm_traditional_road_network,pm_no_canal_network,pm_no_rail_network,pm_no_passenger_trains,6.0,2.0,100.0_PROJECTED,0,NO,No prior historical transport row; gameplay capacity uses the least-modern road PM.,1,6.0,Target satisfies usage 2.0 plus engine AI surplus 2; fixed capacity 3.0 per level; no rail or passenger service.
RUS,Russia,STATE_SURGUT,Surgut,0,pm_traditional_road_network,pm_no_canal_network,pm_no_rail_network,pm_no_passenger_trains,3.0,0.0,100.0_PROJECTED,0,NO,No prior historical transport row; gameplay capacity uses the least-modern road PM.,0,3.0,Target satisfies usage 0.0 plus engine AI surplus 2; fixed capacity 3.0 per level; no rail or passenger service.
RUS,Russia,STATE_TAMBOV,Tambov,1,pm_traditional_road_network,pm_no_canal_network,pm_no_rail_network,pm_no_passenger_trains,6.0,2.0,100.0_PROJECTED,0,NO,No prior historical transport row; gameplay capacity uses the least-modern road PM.,1,6.0,Target satisfies usage 2.0 plus engine AI surplus 2; fixed capacity 3.0 per level; no rail or passenger service.
RUS,Russia,STATE_TARTARIA,Saratov,1,pm_traditional_road_network,pm_no_canal_network,pm_no_rail_network,pm_no_passenger_trains,6.0,2.0,100.0_PROJECTED,0,NO,"One Volga road/trade level. | No canal level recommended. | A durable inter-urban caravan, pilgrimage, military or administrative corridor justifies one pre-rail regional infrastructure level; no railway PM is permitted.",1,6.0,Target satisfies usage 2.0 plus engine AI surplus 2; fixed capacity 3.0 per level; no rail or passenger service.
RUS,Russia,STATE_TOBOLSK,Tobolsk,0,pm_traditional_road_network,pm_no_canal_network,pm_no_rail_network,pm_no_passenger_trains,3.0,0.0,100.0_PROJECTED,0,NO,No prior historical transport row; gameplay capacity uses the least-modern road PM.,0,3.0,Target satisfies usage 0.0 plus engine AI surplus 2; fixed capacity 3.0 per level; no rail or passenger service.
RUS,Russia,STATE_TOMSK,Tomsk,0,pm_traditional_road_network,pm_no_canal_network,pm_no_rail_network,pm_no_passenger_trains,3.0,0.0,100.0_PROJECTED,0,NO,No prior historical transport row; gameplay capacity uses the least-modern road PM.,0,3.0,Target satisfies usage 0.0 plus engine AI surplus 2; fixed capacity 3.0 per level; no rail or passenger service.
RUS,Russia,STATE_TRANS_BAIKAL,Chita,0,pm_traditional_road_network,pm_no_canal_network,pm_no_rail_network,pm_no_passenger_trains,3.0,0.0,100.0_PROJECTED,0,NO,No prior historical transport row; gameplay capacity uses the least-modern road PM.,0,3.0,Target satisfies usage 0.0 plus engine AI surplus 2; fixed capacity 3.0 per level; no rail or passenger service.
RUS,Russia,STATE_TVER,Tver,2,pm_traditional_road_network,pm_industrial_canals,pm_no_rail_network,pm_no_passenger_trains,11.0,1.0,100.0_PROJECTED,0,NO,"Level 2 road network on the imperial capital route. | Level 1 canal justification for the Vyshny Volochyok water system, modernized before 1776. | The Moscow–St Petersburg state road and Vyshny Volochyok connection justify one of the empire's strongest inland transport seeds.",2,11.0,Target satisfies usage 1.0 plus engine AI surplus 2; fixed capacity 4.0 per level; no rail or passenger service.
RUS,Russia,STATE_UFA,Ufa,2,pm_traditional_road_network,pm_no_canal_network,pm_no_rail_network,pm_no_passenger_trains,9.0,5.0,100.0_PROJECTED,0,NO,No prior historical transport row; gameplay capacity uses the least-modern road PM.,2,9.0,Target satisfies usage 5.0 plus engine AI surplus 2; fixed capacity 3.0 per level; no rail or passenger service.
RUS,Russia,STATE_UPPER_YENISEYSK,Upper Yeniseysk,0,pm_traditional_road_network,pm_no_canal_network,pm_no_rail_network,pm_no_passenger_trains,3.0,0.0,100.0_PROJECTED,0,NO,No prior historical transport row; gameplay capacity uses the least-modern road PM.,0,3.0,Target satisfies usage 0.0 plus engine AI surplus 2; fixed capacity 3.0 per level; no rail or passenger service.
RUS,Russia,STATE_URAL,Ural,5,pm_traditional_road_network,pm_no_canal_network,pm_no_rail_network,pm_no_passenger_trains,18.0,15.5,100.0_PROJECTED,0,NO,No prior historical transport row; gameplay capacity uses the least-modern road PM.,5,18.0,Target satisfies usage 15.5 plus engine AI surplus 2; fixed capacity 3.0 per level; no rail or passenger service.
RUS,Russia,STATE_VITEBSK,Vitsyebsk,1,pm_traditional_road_network,pm_no_canal_network,pm_no_rail_network,pm_no_passenger_trains,6.0,2.0,100.0_PROJECTED,0,NO,No prior historical transport row; gameplay capacity uses the least-modern road PM.,1,6.0,Target satisfies usage 2.0 plus engine AI surplus 2; fixed capacity 3.0 per level; no rail or passenger service.
RUS,Russia,STATE_VYATKA,Vyatka,0,pm_traditional_road_network,pm_no_canal_network,pm_no_rail_network,pm_no_passenger_trains,3.0,1.0,100.0_PROJECTED,0,NO,No prior historical transport row; gameplay capacity uses the least-modern road PM.,0,3.0,Target satisfies usage 1.0 plus engine AI surplus 2; fixed capacity 3.0 per level; no rail or passenger service.
RUS,Russia,STATE_WEST_KARELIA,West Karelia,1,pm_traditional_road_network,pm_no_canal_network,pm_no_rail_network,pm_no_passenger_trains,6.0,2.0,100.0_PROJECTED,0,NO,No prior historical transport row; gameplay capacity uses the least-modern road PM.,1,6.0,Target satisfies usage 2.0 plus engine AI surplus 2; fixed capacity 3.0 per level; no rail or passenger service.
RUS,Russia,STATE_YAKUTSK,Yakutsk,0,pm_traditional_road_network,pm_no_canal_network,pm_no_rail_network,pm_no_passenger_trains,3.0,0.0,100.0_PROJECTED,0,NO,No prior historical transport row; gameplay capacity uses the least-modern road PM.,0,3.0,Target satisfies usage 0.0 plus engine AI surplus 2; fixed capacity 3.0 per level; no rail or passenger service.
RUS,Russia,STATE_YAROSLAVL,Yaroslavl,1,pm_traditional_road_network,pm_no_canal_network,pm_no_rail_network,pm_no_passenger_trains,6.0,1.5,100.0_PROJECTED,0,NO,Level 1 traditional road network. | No canal PM. | Volga and overland commercial connections justify a basic regional road level.,1,6.0,Target satisfies usage 1.5 plus engine AI surplus 2; fixed capacity 3.0 per level; no rail or passenger service.
RWD,Rwanda,STATE_TANGANYIKA,Tanganyika,1,pm_traditional_road_network,pm_no_canal_network,pm_no_rail_network,pm_no_passenger_trains,6.0,2.0,100.0_PROJECTED,0,NO,No prior historical transport row; gameplay capacity uses the least-modern road PM.,1,6.0,Target satisfies usage 2.0 plus engine AI surplus 2; fixed capacity 3.0 per level; no rail or passenger service.
RYU,Ryukyu,STATE_RYUKYU_ISLANDS,Ryukyu Islands,2,pm_traditional_road_network,pm_no_canal_network,pm_no_rail_network,pm_no_passenger_trains,9.0,6.7,100.0_PROJECTED,0,NO,No prior historical transport row; gameplay capacity uses the least-modern road PM.,2,9.0,Target satisfies usage 6.7 plus engine AI surplus 2; fixed capacity 3.0 per level; no rail or passenger service.
SAK,Siak,STATE_ACEH,Aceh,0,pm_traditional_road_network,pm_no_canal_network,pm_no_rail_network,pm_no_passenger_trains,3.0,1.0,100.0_PROJECTED,0,NO,No prior historical transport row; gameplay capacity uses the least-modern road PM.,0,3.0,Target satisfies usage 1.0 plus engine AI surplus 2; fixed capacity 3.0 per level; no rail or passenger service.
SAK,Siak,STATE_NORTH_SUMATRA,North Sumatra,0,pm_traditional_road_network,pm_no_canal_network,pm_no_rail_network,pm_no_passenger_trains,3.0,0.5,100.0_PROJECTED,0,NO,No prior historical transport row; gameplay capacity uses the least-modern road PM.,0,3.0,Target satisfies usage 0.5 plus engine AI surplus 2; fixed capacity 3.0 per level; no rail or passenger service.
SAN,San,STATE_BOTSWANA,Botswana,0,pm_traditional_road_network,pm_no_canal_network,pm_no_rail_network,pm_no_passenger_trains,3.0,0.0,100.0_PROJECTED,0,NO,No prior historical transport row; gameplay capacity uses the least-modern road PM.,0,3.0,Target satisfies usage 0.0 plus engine AI surplus 2; fixed capacity 3.0 per level; no rail or passenger service.
SAN,San,STATE_HEREROLAND,Hereroland,0,pm_traditional_road_network,pm_no_canal_network,pm_no_rail_network,pm_no_passenger_trains,3.0,0.0,100.0_PROJECTED,0,NO,No prior historical transport row; gameplay capacity uses the least-modern road PM.,0,3.0,Target satisfies usage 0.0 plus engine AI surplus 2; fixed capacity 3.0 per level; no rail or passenger service.
SAN,San,STATE_NAMAQUALAND,Namaqualand,0,pm_traditional_road_network,pm_no_canal_network,pm_no_rail_network,pm_no_passenger_trains,3.0,0.0,100.0_PROJECTED,0,NO,No prior historical transport row; gameplay capacity uses the least-modern road PM.,0,3.0,Target satisfies usage 0.0 plus engine AI surplus 2; fixed capacity 3.0 per level; no rail or passenger service.
SAN,San,STATE_NORTHERN_CAPE,Northern Cape,0,pm_traditional_road_network,pm_no_canal_network,pm_no_rail_network,pm_no_passenger_trains,3.0,0.0,100.0_PROJECTED,0,NO,No prior historical transport row; gameplay capacity uses the least-modern road PM.,0,3.0,Target satisfies usage 0.0 plus engine AI surplus 2; fixed capacity 3.0 per level; no rail or passenger service.
SAR,Sardinia-Piedmont,STATE_PIEDMONT,Piedmont,6,pm_traditional_road_network,pm_no_canal_network,pm_no_rail_network,pm_no_passenger_trains,21.0,18.0,100.0_PROJECTED,0,NO,Piedmont possessed a documented network of state roads and Alpine connections | No industrial canal network assigned. | Piedmont possessed a documented network of state roads and Alpine connections; level kept conservative.,6,21.0,Target satisfies usage 18.0 plus engine AI surplus 2; fixed capacity 3.0 per level; no rail or passenger service.
SAR,Sardinia-Piedmont,STATE_PROVENCE,Provence,0,pm_traditional_road_network,pm_no_canal_network,pm_no_rail_network,pm_no_passenger_trains,3.0,0.0,100.0_PROJECTED,0,NO,No prior historical transport row; gameplay capacity uses the least-modern road PM.,0,3.0,Target satisfies usage 0.0 plus engine AI surplus 2; fixed capacity 3.0 per level; no rail or passenger service.
SAR,Sardinia-Piedmont,STATE_SARDINIA,Sardinia,2,pm_traditional_road_network,pm_no_canal_network,pm_no_rail_network,pm_no_passenger_trains,9.0,5.6,100.0_PROJECTED,0,NO,No prior historical transport row; gameplay capacity uses the least-modern road PM.,2,9.0,Target satisfies usage 5.6 plus engine AI surplus 2; fixed capacity 3.0 per level; no rail or passenger service.
SAR,Sardinia-Piedmont,STATE_SAVOY,Savoy,1,pm_traditional_road_network,pm_no_canal_network,pm_no_rail_network,pm_no_passenger_trains,6.0,2.0,100.0_PROJECTED,0,NO,Major Alpine roads such as the Mont-Cenis/Chambéry routes are documented in 1770. | No industrial canal network possible/justified.,1,6.0,Target satisfies usage 2.0 plus engine AI surplus 2; fixed capacity 3.0 per level; no rail or passenger service.
SAT,Satara,STATE_BOMBAY,Bombay,0,pm_traditional_road_network,pm_no_canal_network,pm_no_rail_network,pm_no_passenger_trains,3.0,0.0,100.0_PROJECTED,0,NO,No prior historical transport row; gameplay capacity uses the least-modern road PM.,0,3.0,Target satisfies usage 0.0 plus engine AI surplus 2; fixed capacity 3.0 per level; no rail or passenger service.
SAX,Saxony,STATE_SAXONY,Saxony,5,pm_traditional_road_network,pm_no_canal_network,pm_no_rail_network,pm_no_passenger_trains,18.0,14.0,100.0_PROJECTED,0,NO,"A dense commercial region had substantial roads, but the strongest documented German state chaussée programs are clearer in Hanover at this date. | No industrial canal network assigned.",5,18.0,Target satisfies usage 14.0 plus engine AI surplus 2; fixed capacity 3.0 per level; no rail or passenger service.
SC1,Nueva España,STATE_BAJA_CALIFORNIA,Baja California,0,pm_traditional_road_network,pm_no_canal_network,pm_no_rail_network,pm_no_passenger_trains,3.0,0.0,100.0_PROJECTED,0,NO,No prior historical transport row; gameplay capacity uses the least-modern road PM.,0,3.0,Target satisfies usage 0.0 plus engine AI surplus 2; fixed capacity 3.0 per level; no rail or passenger service.
SC1,Nueva España,STATE_BAJIO,Bajío,3,pm_traditional_road_network,pm_no_canal_network,pm_no_rail_network,pm_no_passenger_trains,12.0,7.5,100.0_PROJECTED,0,NO,2 | 0 | Commercial farming/ranching and royal-road exchange supported the mining and urban economy of New Spain.,3,12.0,Target satisfies usage 7.5 plus engine AI surplus 2; fixed capacity 3.0 per level; no rail or passenger service.
SC1,Nueva España,STATE_CHIAPAS,Chiapas,0,pm_traditional_road_network,pm_no_canal_network,pm_no_rail_network,pm_no_passenger_trains,3.0,0.0,100.0_PROJECTED,0,NO,No prior historical transport row; gameplay capacity uses the least-modern road PM.,0,3.0,Target satisfies usage 0.0 plus engine AI surplus 2; fixed capacity 3.0 per level; no rail or passenger service.
SC1,Nueva España,STATE_CHIHUAHUA,Chihuahua,1,pm_traditional_road_network,pm_no_canal_network,pm_no_rail_network,pm_no_passenger_trains,6.0,2.0,100.0_PROJECTED,0,NO,1 | 0 | Commercial farming/ranching and royal-road exchange supported the mining and urban economy of New Spain.,1,6.0,Target satisfies usage 2.0 plus engine AI surplus 2; fixed capacity 3.0 per level; no rail or passenger service.
SC1,Nueva España,STATE_COSTA_RICA,Costa Rica,1,pm_traditional_road_network,pm_no_canal_network,pm_no_rail_network,pm_no_passenger_trains,6.0,2.2,100.0_PROJECTED,0,NO,No prior historical transport row; gameplay capacity uses the least-modern road PM.,1,6.0,Target satisfies usage 2.2 plus engine AI surplus 2; fixed capacity 3.0 per level; no rail or passenger service.
SC1,Nueva España,STATE_DURANGO,Durango,1,pm_traditional_road_network,pm_no_canal_network,pm_no_rail_network,pm_no_passenger_trains,6.0,3.0,100.0_PROJECTED,0,NO,1 | 0 | Commercial farming/ranching and royal-road exchange supported the mining and urban economy of New Spain.,1,6.0,Target satisfies usage 3.0 plus engine AI surplus 2; fixed capacity 3.0 per level; no rail or passenger service.
SC1,Nueva España,STATE_GUATEMALA,Guatemala,1,pm_traditional_road_network,pm_no_canal_network,pm_no_rail_network,pm_no_passenger_trains,6.0,3.4,100.0_PROJECTED,0,NO,No prior historical transport row; gameplay capacity uses the least-modern road PM.,1,6.0,Target satisfies usage 3.4 plus engine AI surplus 2; fixed capacity 3.0 per level; no rail or passenger service.
SC1,Nueva España,STATE_GUERRERO,Guerrero,1,pm_traditional_road_network,pm_no_canal_network,pm_no_rail_network,pm_no_passenger_trains,6.0,2.0,100.0_PROJECTED,0,NO,1 | 0 | Acapulco was the terminus of the Manila galleon and a long-distance redistribution port.,1,6.0,Target satisfies usage 2.0 plus engine AI surplus 2; fixed capacity 3.0 per level; no rail or passenger service.
SC1,Nueva España,STATE_HONDURAS,Honduras,1,pm_traditional_road_network,pm_no_canal_network,pm_no_rail_network,pm_no_passenger_trains,6.0,3.4,100.0_PROJECTED,0,NO,No prior historical transport row; gameplay capacity uses the least-modern road PM.,1,6.0,Target satisfies usage 3.4 plus engine AI surplus 2; fixed capacity 3.0 per level; no rail or passenger service.
SC1,Nueva España,STATE_JALISCO,Jalisco,10,pm_traditional_road_network,pm_no_canal_network,pm_no_rail_network,pm_no_passenger_trains,33.0,28.5,100.0_PROJECTED,0,NO,1 | 0 | Commercial farming/ranching and royal-road exchange supported the mining and urban economy of New Spain.,10,33.0,Target satisfies usage 28.5 plus engine AI surplus 2; fixed capacity 3.0 per level; no rail or passenger service.
SC1,Nueva España,STATE_MEXICO,México,19,pm_traditional_road_network,pm_no_canal_network,pm_no_rail_network,pm_no_passenger_trains,60.0,56.0,100.0_PROJECTED,0,NO,2 | 0 | Mexico City was the administrative and commercial centre of New Spain and the hub of the royal road system.,19,60.0,Target satisfies usage 56.0 plus engine AI surplus 2; fixed capacity 3.0 per level; no rail or passenger service.
SC1,Nueva España,STATE_NEW_MEXICO,New Mexico,1,pm_traditional_road_network,pm_no_canal_network,pm_no_rail_network,pm_no_passenger_trains,6.0,3.0,100.0_PROJECTED,0,NO,1 | 0 | Commercial farming/ranching and royal-road exchange supported the mining and urban economy of New Spain.,1,6.0,Target satisfies usage 3.0 plus engine AI surplus 2; fixed capacity 3.0 per level; no rail or passenger service.
SC1,Nueva España,STATE_NICARAGUA,Nicaragua,1,pm_traditional_road_network,pm_no_canal_network,pm_no_rail_network,pm_no_passenger_trains,6.0,2.2,100.0_PROJECTED,0,NO,No prior historical transport row; gameplay capacity uses the least-modern road PM.,1,6.0,Target satisfies usage 2.2 plus engine AI surplus 2; fixed capacity 3.0 per level; no rail or passenger service.
SC1,Nueva España,STATE_OAXACA,Oaxaca,1,pm_traditional_road_network,pm_no_canal_network,pm_no_rail_network,pm_no_passenger_trains,6.0,3.5,100.0_PROJECTED,0,NO,1 | 0 | Commercial farming/ranching and royal-road exchange supported the mining and urban economy of New Spain.,1,6.0,Target satisfies usage 3.5 plus engine AI surplus 2; fixed capacity 3.0 per level; no rail or passenger service.
SC1,Nueva España,STATE_RIO_GRANDE,Río Grande,1,pm_traditional_road_network,pm_no_canal_network,pm_no_rail_network,pm_no_passenger_trains,6.0,4.0,100.0_PROJECTED,0,NO,1 | 0 | Commercial farming/ranching and royal-road exchange supported the mining and urban economy of New Spain.,1,6.0,Target satisfies usage 4.0 plus engine AI surplus 2; fixed capacity 3.0 per level; no rail or passenger service.
SC1,Nueva España,STATE_SAN_SALVADOR,San Salvador,1,pm_traditional_road_network,pm_no_canal_network,pm_no_rail_network,pm_no_passenger_trains,6.0,3.9,100.0_PROJECTED,0,NO,No prior historical transport row; gameplay capacity uses the least-modern road PM.,1,6.0,Target satisfies usage 3.9 plus engine AI surplus 2; fixed capacity 3.0 per level; no rail or passenger service.
SC1,Nueva España,STATE_SINALOA,Sinaloa,1,pm_traditional_road_network,pm_no_canal_network,pm_no_rail_network,pm_no_passenger_trains,6.0,2.0,100.0_PROJECTED,0,NO,1 | 0 | Commercial farming/ranching and royal-road exchange supported the mining and urban economy of New Spain.,1,6.0,Target satisfies usage 2.0 plus engine AI surplus 2; fixed capacity 3.0 per level; no rail or passenger service.
SC1,Nueva España,STATE_SONORA,Sonora,1,pm_traditional_road_network,pm_no_canal_network,pm_no_rail_network,pm_no_passenger_trains,6.0,1.0,100.0_PROJECTED,0,NO,1 | 0 | Commercial farming/ranching and royal-road exchange supported the mining and urban economy of New Spain.,1,6.0,Target satisfies usage 1.0 plus engine AI surplus 2; fixed capacity 3.0 per level; no rail or passenger service.
SC1,Nueva España,STATE_TEXAS,Texas,1,pm_traditional_road_network,pm_no_canal_network,pm_no_rail_network,pm_no_passenger_trains,6.0,1.0,100.0_PROJECTED,0,NO,1 | 0 | Commercial farming/ranching and royal-road exchange supported the mining and urban economy of New Spain.,1,6.0,Target satisfies usage 1.0 plus engine AI surplus 2; fixed capacity 3.0 per level; no rail or passenger service.
SC1,Nueva España,STATE_VERACRUZ,Veracruz,2,pm_traditional_road_network,pm_no_canal_network,pm_no_rail_network,pm_no_passenger_trains,9.0,4.5,100.0_PROJECTED,0,NO,2 | 0 | Veracruz was New Spain's principal Atlantic port and terminus of the Mexico City road; plantation crops supplied export trade.,2,9.0,Target satisfies usage 4.5 plus engine AI surplus 2; fixed capacity 3.0 per level; no rail or passenger service.
SC1,Nueva España,STATE_YUCATAN,Yucatán,1,pm_traditional_road_network,pm_no_canal_network,pm_no_rail_network,pm_no_passenger_trains,6.0,2.5,100.0_PROJECTED,0,NO,No prior historical transport row; gameplay capacity uses the least-modern road PM.,1,6.0,Target satisfies usage 2.5 plus engine AI surplus 2; fixed capacity 3.0 per level; no rail or passenger service.
SC1,Nueva España,STATE_ZACATECAS,Zacatecas,0,pm_traditional_road_network,pm_no_canal_network,pm_no_rail_network,pm_no_passenger_trains,3.0,0.0,100.0_PROJECTED,0,NO,No prior historical transport row; gameplay capacity uses the least-modern road PM.,0,3.0,Target satisfies usage 0.0 plus engine AI surplus 2; fixed capacity 3.0 per level; no rail or passenger service.
SC2,Nueva Granada,STATE_ANTIOQUIA,Antioquia,1,pm_traditional_road_network,pm_no_canal_network,pm_no_rail_network,pm_no_passenger_trains,6.0,4.0,100.0_PROJECTED,0,NO,No prior historical transport row; gameplay capacity uses the least-modern road PM.,1,6.0,Target satisfies usage 4.0 plus engine AI surplus 2; fixed capacity 3.0 per level; no rail or passenger service.
SC2,Nueva Granada,STATE_BOLIVAR,Bolívar,4,pm_traditional_road_network,pm_no_canal_network,pm_no_rail_network,pm_no_passenger_trains,15.0,10.5,100.0_PROJECTED,0,NO,No prior historical transport row; gameplay capacity uses the least-modern road PM.,4,15.0,Target satisfies usage 10.5 plus engine AI surplus 2; fixed capacity 3.0 per level; no rail or passenger service.
SC2,Nueva Granada,STATE_CAUCA,Cauca,1,pm_traditional_road_network,pm_no_canal_network,pm_no_rail_network,pm_no_passenger_trains,6.0,2.0,100.0_PROJECTED,0,NO,No prior historical transport row; gameplay capacity uses the least-modern road PM.,1,6.0,Target satisfies usage 2.0 plus engine AI surplus 2; fixed capacity 3.0 per level; no rail or passenger service.
SC2,Nueva Granada,STATE_CUNDINAMARCA,Cundinamarca,5,pm_traditional_road_network,pm_no_canal_network,pm_no_rail_network,pm_no_passenger_trains,18.0,15.5,100.0_PROJECTED,0,NO,1 | 0 | Santafé de Bogotá was the viceregal administrative and inland commercial centre.,5,18.0,Target satisfies usage 15.5 plus engine AI surplus 2; fixed capacity 3.0 per level; no rail or passenger service.
SC2,Nueva Granada,STATE_ECUADOR,Ecuador,3,pm_traditional_road_network,pm_no_canal_network,pm_no_rail_network,pm_no_passenger_trains,12.0,8.5,100.0_PROJECTED,0,NO,No prior historical transport row; gameplay capacity uses the least-modern road PM.,3,12.0,Target satisfies usage 8.5 plus engine AI surplus 2; fixed capacity 3.0 per level; no rail or passenger service.
SC2,Nueva Granada,STATE_GUAVIARE,Guaviare,0,pm_traditional_road_network,pm_no_canal_network,pm_no_rail_network,pm_no_passenger_trains,3.0,0.0,100.0_PROJECTED,0,NO,No prior historical transport row; gameplay capacity uses the least-modern road PM.,0,3.0,Target satisfies usage 0.0 plus engine AI surplus 2; fixed capacity 3.0 per level; no rail or passenger service.
SC2,Nueva Granada,STATE_MIRANDA,Miranda,3,pm_traditional_road_network,pm_no_canal_network,pm_no_rail_network,pm_no_passenger_trains,12.0,9.0,100.0_PROJECTED,0,NO,No prior historical transport row; gameplay capacity uses the least-modern road PM.,3,12.0,Target satisfies usage 9.0 plus engine AI surplus 2; fixed capacity 3.0 per level; no rail or passenger service.
SC2,Nueva Granada,STATE_PANAMA,Panama,1,pm_traditional_road_network,pm_no_canal_network,pm_no_rail_network,pm_no_passenger_trains,6.0,1.0,100.0_PROJECTED,0,NO,1 | 0 | Portobelo/Panama formed a trans-isthmian imperial trade and fortified transport corridor.,1,6.0,Target satisfies usage 1.0 plus engine AI surplus 2; fixed capacity 3.0 per level; no rail or passenger service.
SC2,Nueva Granada,STATE_ZULIA,Zulia,1,pm_traditional_road_network,pm_no_canal_network,pm_no_rail_network,pm_no_passenger_trains,6.0,2.5,100.0_PROJECTED,0,NO,No prior historical transport row; gameplay capacity uses the least-modern road PM.,1,6.0,Target satisfies usage 2.5 plus engine AI surplus 2; fixed capacity 3.0 per level; no rail or passenger service.
SC3,Perú,STATE_ANTOFAGASTA,Antofagasta,0,pm_traditional_road_network,pm_no_canal_network,pm_no_rail_network,pm_no_passenger_trains,3.0,0.0,100.0_PROJECTED,0,NO,No prior historical transport row; gameplay capacity uses the least-modern road PM.,0,3.0,Target satisfies usage 0.0 plus engine AI surplus 2; fixed capacity 3.0 per level; no rail or passenger service.
SC3,Perú,STATE_ARAUCANIA,Araucania,0,pm_traditional_road_network,pm_no_canal_network,pm_no_rail_network,pm_no_passenger_trains,3.0,0.0,100.0_PROJECTED,0,NO,No prior historical transport row; gameplay capacity uses the least-modern road PM.,0,3.0,Target satisfies usage 0.0 plus engine AI surplus 2; fixed capacity 3.0 per level; no rail or passenger service.
SC3,Perú,STATE_AREQUIPA,Arequipa,1,pm_traditional_road_network,pm_no_canal_network,pm_no_rail_network,pm_no_passenger_trains,6.0,3.7,100.0_PROJECTED,0,NO,No prior historical transport row; gameplay capacity uses the least-modern road PM.,1,6.0,Target satisfies usage 3.7 plus engine AI surplus 2; fixed capacity 3.0 per level; no rail or passenger service.
SC3,Perú,STATE_CAJAMARCA,Cajamarca,1,pm_traditional_road_network,pm_no_canal_network,pm_no_rail_network,pm_no_passenger_trains,6.0,1.2,100.0_PROJECTED,0,NO,No prior historical transport row; gameplay capacity uses the least-modern road PM.,1,6.0,Target satisfies usage 1.2 plus engine AI surplus 2; fixed capacity 3.0 per level; no rail or passenger service.
SC3,Perú,STATE_ICA,Ica,2,pm_traditional_road_network,pm_no_canal_network,pm_no_rail_network,pm_no_passenger_trains,9.0,4.1,100.0_PROJECTED,0,NO,No prior historical transport row; gameplay capacity uses the least-modern road PM.,2,9.0,Target satisfies usage 4.1 plus engine AI surplus 2; fixed capacity 3.0 per level; no rail or passenger service.
SC3,Perú,STATE_LIMA,Lima,3,pm_traditional_road_network,pm_no_canal_network,pm_no_rail_network,pm_no_passenger_trains,12.0,9.1,100.0_PROJECTED,0,NO,"2 | 0 | Lima-Callao was the administrative, commercial and fortified maritime core of the viceroyalty.",3,12.0,Target satisfies usage 9.1 plus engine AI surplus 2; fixed capacity 3.0 per level; no rail or passenger service.
SC3,Perú,STATE_LOS_RIOS,Los Ríos,1,pm_traditional_road_network,pm_no_canal_network,pm_no_rail_network,pm_no_passenger_trains,6.0,4.0,100.0_PROJECTED,0,NO,No prior historical transport row; gameplay capacity uses the least-modern road PM.,1,6.0,Target satisfies usage 4.0 plus engine AI surplus 2; fixed capacity 3.0 per level; no rail or passenger service.
SC3,Perú,STATE_PASTAZA,Pastaza,0,pm_traditional_road_network,pm_no_canal_network,pm_no_rail_network,pm_no_passenger_trains,3.0,0.0,100.0_PROJECTED,0,NO,No prior historical transport row; gameplay capacity uses the least-modern road PM.,0,3.0,Target satisfies usage 0.0 plus engine AI surplus 2; fixed capacity 3.0 per level; no rail or passenger service.
SC3,Perú,STATE_POTOSI,Potosí,1,pm_traditional_road_network,pm_no_canal_network,pm_no_rail_network,pm_no_passenger_trains,6.0,2.9,100.0_PROJECTED,0,NO,"1 | 0 | Potosí's enormous silver complex supported administration, trade and engineered transport/water systems; no gold-mine substitution is made.",1,6.0,Target satisfies usage 2.9 plus engine AI surplus 2; fixed capacity 3.0 per level; no rail or passenger service.
SC3,Perú,STATE_SANTA_CRUZ,Santa Cruz,1,pm_traditional_road_network,pm_no_canal_network,pm_no_rail_network,pm_no_passenger_trains,6.0,3.0,100.0_PROJECTED,0,NO,No prior historical transport row; gameplay capacity uses the least-modern road PM.,1,6.0,Target satisfies usage 3.0 plus engine AI surplus 2; fixed capacity 3.0 per level; no rail or passenger service.
SC3,Perú,STATE_SANTIAGO,Santiago,3,pm_traditional_road_network,pm_no_canal_network,pm_no_rail_network,pm_no_passenger_trains,12.0,8.5,100.0_PROJECTED,0,NO,"1 | 0 | Central Chile supplied wheat, wine and livestock to domestic and Peruvian markets; Santiago/Valparaíso formed its administrative-commercial core.",3,12.0,Target satisfies usage 8.5 plus engine AI surplus 2; fixed capacity 3.0 per level; no rail or passenger service.
SC3,Perú,STATE_TARAPACA,Tarapacá,0,pm_traditional_road_network,pm_no_canal_network,pm_no_rail_network,pm_no_passenger_trains,3.0,0.0,100.0_PROJECTED,0,NO,No prior historical transport row; gameplay capacity uses the least-modern road PM.,0,3.0,Target satisfies usage 0.0 plus engine AI surplus 2; fixed capacity 3.0 per level; no rail or passenger service.
SC4,Río de la Plata,STATE_BAJO_PARAGUAY,Bajo Paraguay,1,pm_traditional_road_network,pm_no_canal_network,pm_no_rail_network,pm_no_passenger_trains,6.0,3.0,100.0_PROJECTED,0,NO,No prior historical transport row; gameplay capacity uses the least-modern road PM.,1,6.0,Target satisfies usage 3.0 plus engine AI surplus 2; fixed capacity 3.0 per level; no rail or passenger service.
SC4,Río de la Plata,STATE_BUENOS_AIRES,Buenos Aires,2,pm_traditional_road_network,pm_no_canal_network,pm_no_rail_network,pm_no_passenger_trains,9.0,6.0,100.0_PROJECTED,0,NO,1 | 0 | Buenos Aires exported very large quantities of hides in the decade 1767–1776 and functioned as a growing Atlantic port.,2,9.0,Target satisfies usage 6.0 plus engine AI surplus 2; fixed capacity 3.0 per level; no rail or passenger service.
SC4,Río de la Plata,STATE_CHACO,Chaco,0,pm_traditional_road_network,pm_no_canal_network,pm_no_rail_network,pm_no_passenger_trains,3.0,0.0,100.0_PROJECTED,0,NO,No prior historical transport row; gameplay capacity uses the least-modern road PM.,0,3.0,Target satisfies usage 0.0 plus engine AI surplus 2; fixed capacity 3.0 per level; no rail or passenger service.
SC4,Río de la Plata,STATE_CORRIENTES,Corrientes,1,pm_traditional_road_network,pm_no_canal_network,pm_no_rail_network,pm_no_passenger_trains,6.0,2.0,100.0_PROJECTED,0,NO,No prior historical transport row; gameplay capacity uses the least-modern road PM.,1,6.0,Target satisfies usage 2.0 plus engine AI surplus 2; fixed capacity 3.0 per level; no rail or passenger service.
SC4,Río de la Plata,STATE_JUJUY,Jujuy,1,pm_traditional_road_network,pm_no_canal_network,pm_no_rail_network,pm_no_passenger_trains,6.0,0.0,100.0_PROJECTED,0,NO,"1 | 0 | These provinces lay on established overland trade routes between Buenos Aires, Córdoba/Tucumán and Upper Peru.",1,6.0,Target satisfies usage 0.0 plus engine AI surplus 2; fixed capacity 3.0 per level; no rail or passenger service.
SC4,Río de la Plata,STATE_LA_PAMPA,Córdoba,1,pm_traditional_road_network,pm_no_canal_network,pm_no_rail_network,pm_no_passenger_trains,6.0,3.5,100.0_PROJECTED,0,NO,"1 | 0 | These provinces lay on established overland trade routes between Buenos Aires, Córdoba/Tucumán and Upper Peru.",1,6.0,Target satisfies usage 3.5 plus engine AI surplus 2; fixed capacity 3.0 per level; no rail or passenger service.
SC4,Río de la Plata,STATE_RIO_NEGRO,Mendoza,1,pm_traditional_road_network,pm_no_canal_network,pm_no_rail_network,pm_no_passenger_trains,6.0,3.0,100.0_PROJECTED,0,NO,1 | 0 | Mendoza/Cuyo possessed an established wine economy tied to livestock and trans-Andean trade.,1,6.0,Target satisfies usage 3.0 plus engine AI surplus 2; fixed capacity 3.0 per level; no rail or passenger service.
SC4,Río de la Plata,STATE_SANTA_FE,Santa Fe,1,pm_traditional_road_network,pm_no_canal_network,pm_no_rail_network,pm_no_passenger_trains,6.0,4.0,100.0_PROJECTED,0,NO,No prior historical transport row; gameplay capacity uses the least-modern road PM.,1,6.0,Target satisfies usage 4.0 plus engine AI surplus 2; fixed capacity 3.0 per level; no rail or passenger service.
SC4,Río de la Plata,STATE_TUCUMAN,Tucumán,1,pm_traditional_road_network,pm_no_canal_network,pm_no_rail_network,pm_no_passenger_trains,6.0,3.5,100.0_PROJECTED,0,NO,"1 | 0 | These provinces lay on established overland trade routes between Buenos Aires, Córdoba/Tucumán and Upper Peru.",1,6.0,Target satisfies usage 3.5 plus engine AI surplus 2; fixed capacity 3.0 per level; no rail or passenger service.
SC4,Río de la Plata,STATE_URUGUAY,Uruguay,1,pm_traditional_road_network,pm_no_canal_network,pm_no_rail_network,pm_no_passenger_trains,6.0,3.5,100.0_PROJECTED,0,NO,No prior historical transport row; gameplay capacity uses the least-modern road PM.,1,6.0,Target satisfies usage 3.5 plus engine AI surplus 2; fixed capacity 3.0 per level; no rail or passenger service.
SCH,Schleswig,STATE_SCHLESWIG_HOLSTEIN,Schleswig-Holstein,1,pm_traditional_road_network,pm_no_canal_network,pm_no_rail_network,pm_no_passenger_trains,6.0,2.0,100.0_PROJECTED,0,NO,No prior historical transport row; gameplay capacity uses the least-modern road PM.,1,6.0,Target satisfies usage 2.0 plus engine AI surplus 2; fixed capacity 3.0 per level; no rail or passenger service.
SCM,Schaumburg-Lippe,STATE_WESTPHALIA,Westphalia,1,pm_traditional_road_network,pm_no_canal_network,pm_no_rail_network,pm_no_passenger_trains,6.0,1.5,100.0_PROJECTED,0,NO,No prior historical transport row; gameplay capacity uses the least-modern road PM.,1,6.0,Target satisfies usage 1.5 plus engine AI surplus 2; fixed capacity 3.0 per level; no rail or passenger service.
SCT,Sip Song Chau Tai,STATE_LAOS,Laos,0,pm_traditional_road_network,pm_no_canal_network,pm_no_rail_network,pm_no_passenger_trains,3.0,0.0,100.0_PROJECTED,0,NO,No prior historical transport row; gameplay capacity uses the least-modern road PM.,0,3.0,Target satisfies usage 0.0 plus engine AI surplus 2; fixed capacity 3.0 per level; no rail or passenger service.
SCT,Sip Song Chau Tai,STATE_TONKIN,Tonkin,0,pm_traditional_road_network,pm_no_canal_network,pm_no_rail_network,pm_no_passenger_trains,3.0,0.0,100.0_PROJECTED,0,NO,No prior historical transport row; gameplay capacity uses the least-modern road PM.,0,3.0,Target satisfies usage 0.0 plus engine AI surplus 2; fixed capacity 3.0 per level; no rail or passenger service.
SCW,Schwarzburg,STATE_SAXONY,Saxony,1,pm_traditional_road_network,pm_no_canal_network,pm_no_rail_network,pm_no_passenger_trains,6.0,1.5,100.0_PROJECTED,0,NO,No prior historical transport row; gameplay capacity uses the least-modern road PM.,1,6.0,Target satisfies usage 1.5 plus engine AI surplus 2; fixed capacity 3.0 per level; no rail or passenger service.
SD1,The Sudan,STATE_BLUE_NILE,Blue Nile,1,pm_traditional_road_network,pm_no_canal_network,pm_no_rail_network,pm_no_passenger_trains,6.0,3.0,100.0_PROJECTED,0,NO,No prior historical transport row; gameplay capacity uses the least-modern road PM.,1,6.0,Target satisfies usage 3.0 plus engine AI surplus 2; fixed capacity 3.0 per level; no rail or passenger service.
SD1,The Sudan,STATE_DONGOLA,Dongola,1,pm_traditional_road_network,pm_no_canal_network,pm_no_rail_network,pm_no_passenger_trains,6.0,2.0,100.0_PROJECTED,0,NO,No prior historical transport row; gameplay capacity uses the least-modern road PM.,1,6.0,Target satisfies usage 2.0 plus engine AI surplus 2; fixed capacity 3.0 per level; no rail or passenger service.
SD1,The Sudan,STATE_EGYPTIAN_DESERT,Egyptian Desert,0,pm_traditional_road_network,pm_no_canal_network,pm_no_rail_network,pm_no_passenger_trains,3.0,1.0,100.0_PROJECTED,0,NO,No prior historical transport row; gameplay capacity uses the least-modern road PM.,0,3.0,Target satisfies usage 1.0 plus engine AI surplus 2; fixed capacity 3.0 per level; no rail or passenger service.
SD1,The Sudan,STATE_ERITREA,Eritrea,0,pm_traditional_road_network,pm_no_canal_network,pm_no_rail_network,pm_no_passenger_trains,3.0,1.0,100.0_PROJECTED,0,NO,No prior historical transport row; gameplay capacity uses the least-modern road PM.,0,3.0,Target satisfies usage 1.0 plus engine AI surplus 2; fixed capacity 3.0 per level; no rail or passenger service.
SD1,The Sudan,STATE_KORDOFAN,Kordofan,1,pm_traditional_road_network,pm_no_canal_network,pm_no_rail_network,pm_no_passenger_trains,6.0,2.0,100.0_PROJECTED,0,NO,No prior historical transport row; gameplay capacity uses the least-modern road PM.,1,6.0,Target satisfies usage 2.0 plus engine AI surplus 2; fixed capacity 3.0 per level; no rail or passenger service.
SEL,Selangor,STATE_MALAYA,Malaya,0,pm_traditional_road_network,pm_no_canal_network,pm_no_rail_network,pm_no_passenger_trains,3.0,0.5,100.0_PROJECTED,0,NO,No prior historical transport row; gameplay capacity uses the least-modern road PM.,0,3.0,Target satisfies usage 0.5 plus engine AI surplus 2; fixed capacity 3.0 per level; no rail or passenger service.
SGU,Segou,STATE_WESTERN_MALI,Western Mali,2,pm_traditional_road_network,pm_no_canal_network,pm_no_rail_network,pm_no_passenger_trains,9.0,4.5,100.0_PROJECTED,0,NO,"One regional caravan-road level. | No canal level recommended. | A durable inter-urban caravan, pilgrimage, military or administrative corridor justifies one pre-rail regional infrastructure level; no railway PM is permitted.",2,9.0,Target satisfies usage 4.5 plus engine AI surplus 2; fixed capacity 3.0 per level; no rail or passenger service.
SHS,Shan,STATE_SHAN_STATES,Shan States,0,pm_traditional_road_network,pm_no_canal_network,pm_no_rail_network,pm_no_passenger_trains,3.0,0.0,100.0_PROJECTED,0,NO,No prior historical transport row; gameplay capacity uses the least-modern road PM.,0,3.0,Target satisfies usage 0.0 plus engine AI surplus 2; fixed capacity 3.0 per level; no rail or passenger service.
SIA,Siam,STATE_BANGKOK,Bangkok,2,pm_traditional_road_network,pm_industrial_canals,pm_no_rail_network,pm_no_passenger_trains,11.0,9.0,100.0_PROJECTED,0,NO,1 | Canal/river-side transport works and royal roads in the capital region,2,11.0,Target satisfies usage 9.0 plus engine AI surplus 2; fixed capacity 4.0 per level; no rail or passenger service.
SIA,Siam,STATE_CAMBODIA,Cambodia,0,pm_traditional_road_network,pm_no_canal_network,pm_no_rail_network,pm_no_passenger_trains,3.0,0.0,100.0_PROJECTED,0,NO,No prior historical transport row; gameplay capacity uses the least-modern road PM.,0,3.0,Target satisfies usage 0.0 plus engine AI surplus 2; fixed capacity 3.0 per level; no rail or passenger service.
SIA,Siam,STATE_LAOS,Laos,0,pm_traditional_road_network,pm_no_canal_network,pm_no_rail_network,pm_no_passenger_trains,3.0,0.0,100.0_PROJECTED,0,NO,No prior historical transport row; gameplay capacity uses the least-modern road PM.,0,3.0,Target satisfies usage 0.0 plus engine AI surplus 2; fixed capacity 3.0 per level; no rail or passenger service.
SIA,Siam,STATE_MALAYA,Malaya,0,pm_traditional_road_network,pm_no_canal_network,pm_no_rail_network,pm_no_passenger_trains,3.0,0.0,100.0_PROJECTED,0,NO,No prior historical transport row; gameplay capacity uses the least-modern road PM.,0,3.0,Target satisfies usage 0.0 plus engine AI surplus 2; fixed capacity 3.0 per level; no rail or passenger service.
SIA,Siam,STATE_NAKHON_RATCHASIMA,Nakhon Ratchasima,0,pm_traditional_road_network,pm_no_canal_network,pm_no_rail_network,pm_no_passenger_trains,3.0,0.0,100.0_PROJECTED,0,NO,No prior historical transport row; gameplay capacity uses the least-modern road PM.,0,3.0,Target satisfies usage 0.0 plus engine AI surplus 2; fixed capacity 3.0 per level; no rail or passenger service.
SIA,Siam,STATE_TENASSERIM,Tenasserim,0,pm_traditional_road_network,pm_no_canal_network,pm_no_rail_network,pm_no_passenger_trains,3.0,0.0,100.0_PROJECTED,0,NO,No prior historical transport row; gameplay capacity uses the least-modern road PM.,0,3.0,Target satisfies usage 0.0 plus engine AI surplus 2; fixed capacity 3.0 per level; no rail or passenger service.
SIC,Two Sicilies,STATE_ABRUZZO,Abruzzo,2,pm_traditional_road_network,pm_no_canal_network,pm_no_rail_network,pm_no_passenger_trains,9.0,5.0,100.0_PROJECTED,0,NO,No prior historical transport row; gameplay capacity uses the least-modern road PM.,2,9.0,Target satisfies usage 5.0 plus engine AI surplus 2; fixed capacity 3.0 per level; no rail or passenger service.
SIC,Two Sicilies,STATE_APULIA,Apulia,1,pm_traditional_road_network,pm_no_canal_network,pm_no_rail_network,pm_no_passenger_trains,6.0,3.0,100.0_PROJECTED,0,NO,No prior historical transport row; gameplay capacity uses the least-modern road PM.,1,6.0,Target satisfies usage 3.0 plus engine AI surplus 2; fixed capacity 3.0 per level; no rail or passenger service.
SIC,Two Sicilies,STATE_CALABRIA,Calabria,1,pm_traditional_road_network,pm_no_canal_network,pm_no_rail_network,pm_no_passenger_trains,6.0,3.5,100.0_PROJECTED,0,NO,No prior historical transport row; gameplay capacity uses the least-modern road PM.,1,6.0,Target satisfies usage 3.5 plus engine AI surplus 2; fixed capacity 3.0 per level; no rail or passenger service.
SIC,Two Sicilies,STATE_CAMPANIA,Campania,6,pm_traditional_road_network,pm_no_canal_network,pm_no_rail_network,pm_no_passenger_trains,21.0,18.1,100.0_PROJECTED,0,NO,"Royal roads linked Naples with the kingdom, but evidence for a high engineered network by the cutoff is weaker than for later Bourbon reforms. | No industrial canal network assigned.",6,21.0,Target satisfies usage 18.1 plus engine AI surplus 2; fixed capacity 3.0 per level; no rail or passenger service.
SIK,Sikkim,STATE_EASTERN_HIMALAYAS,Eastern Himalayas,1,pm_traditional_road_network,pm_no_canal_network,pm_no_rail_network,pm_no_passenger_trains,6.0,2.0,100.0_PROJECTED,0,NO,No prior historical transport row; gameplay capacity uses the least-modern road PM.,1,6.0,Target satisfies usage 2.0 plus engine AI surplus 2; fixed capacity 3.0 per level; no rail or passenger service.
SIL,Sierra Leone,STATE_GOLD_COAST,Gold Coast,0,pm_traditional_road_network,pm_no_canal_network,pm_no_rail_network,pm_no_passenger_trains,3.0,0.0,100.0_PROJECTED,0,NO,No prior historical transport row; gameplay capacity uses the least-modern road PM.,0,3.0,Target satisfies usage 0.0 plus engine AI surplus 2; fixed capacity 3.0 per level; no rail or passenger service.
SIL,Sierra Leone,STATE_SENEGAL,Senegal,16,pm_traditional_road_network,pm_no_canal_network,pm_no_rail_network,pm_no_passenger_trains,51.0,48.0,100.0_PROJECTED,0,NO,No prior historical transport row; gameplay capacity uses the least-modern road PM.,16,51.0,Target satisfies usage 48.0 plus engine AI surplus 2; fixed capacity 3.0 per level; no rail or passenger service.
SIL,Sierra Leone,STATE_SIERRA_LEONE,Sierra Leone,0,pm_traditional_road_network,pm_no_canal_network,pm_no_rail_network,pm_no_passenger_trains,3.0,0.0,100.0_PROJECTED,0,NO,No prior historical transport row; gameplay capacity uses the least-modern road PM.,0,3.0,Target satisfies usage 0.0 plus engine AI surplus 2; fixed capacity 3.0 per level; no rail or passenger service.
SIL,Sierra Leone,STATE_SOUTH_CAMEROON,South Cameroon,0,pm_traditional_road_network,pm_no_canal_network,pm_no_rail_network,pm_no_passenger_trains,3.0,0.0,100.0_PROJECTED,0,NO,No prior historical transport row; gameplay capacity uses the least-modern road PM.,0,3.0,Target satisfies usage 0.0 plus engine AI surplus 2; fixed capacity 3.0 per level; no rail or passenger service.
SIN,Sindh,STATE_SINDH,Sindh,2,pm_traditional_road_network,pm_no_canal_network,pm_no_rail_network,pm_no_passenger_trains,9.0,5.5,100.0_PROJECTED,0,NO,No prior historical transport row; gameplay capacity uses the least-modern road PM.,2,9.0,Target satisfies usage 5.5 plus engine AI surplus 2; fixed capacity 3.0 per level; no rail or passenger service.
SKH,Evenki,STATE_SAKHALIN,Sakhalin,0,pm_traditional_road_network,pm_no_canal_network,pm_no_rail_network,pm_no_passenger_trains,3.0,0.0,100.0_PROJECTED,0,NO,No prior historical transport row; gameplay capacity uses the least-modern road PM.,0,3.0,Target satisfies usage 0.0 plus engine AI surplus 2; fixed capacity 3.0 per level; no rail or passenger service.
SKM,Usukuma,STATE_TANGANYIKA,Tanganyika,0,pm_traditional_road_network,pm_no_canal_network,pm_no_rail_network,pm_no_passenger_trains,3.0,0.0,100.0_PROJECTED,0,NO,No prior historical transport row; gameplay capacity uses the least-modern road PM.,0,3.0,Target satisfies usage 0.0 plus engine AI surplus 2; fixed capacity 3.0 per level; no rail or passenger service.
SKY,Sakuye,STATE_KENYA,Kenya,0,pm_traditional_road_network,pm_no_canal_network,pm_no_rail_network,pm_no_passenger_trains,3.0,0.0,100.0_PROJECTED,0,NO,No prior historical transport row; gameplay capacity uses the least-modern road PM.,0,3.0,Target satisfies usage 0.0 plus engine AI surplus 2; fixed capacity 3.0 per level; no rail or passenger service.
SLK,Selk’nam,STATE_ARAUCANIA,Araucania,0,pm_traditional_road_network,pm_no_canal_network,pm_no_rail_network,pm_no_passenger_trains,3.0,0.0,100.0_PROJECTED,0,NO,No prior historical transport row; gameplay capacity uses the least-modern road PM.,0,3.0,Target satisfies usage 0.0 plus engine AI surplus 2; fixed capacity 3.0 per level; no rail or passenger service.
SLS,Séliš,STATE_MONTANA,Montana,0,pm_traditional_road_network,pm_no_canal_network,pm_no_rail_network,pm_no_passenger_trains,3.0,0.0,100.0_PROJECTED,0,NO,No prior historical transport row; gameplay capacity uses the least-modern road PM.,0,3.0,Target satisfies usage 0.0 plus engine AI surplus 2; fixed capacity 3.0 per level; no rail or passenger service.
SLS,Séliš,STATE_WYOMING,Wyoming,0,pm_traditional_road_network,pm_no_canal_network,pm_no_rail_network,pm_no_passenger_trains,3.0,0.0,100.0_PROJECTED,0,NO,No prior historical transport row; gameplay capacity uses the least-modern road PM.,0,3.0,Target satisfies usage 0.0 plus engine AI surplus 2; fixed capacity 3.0 per level; no rail or passenger service.
SLW,Sulawesi,STATE_CELEBES,Celebes,0,pm_traditional_road_network,pm_no_canal_network,pm_no_rail_network,pm_no_passenger_trains,3.0,0.0,100.0_PROJECTED,0,NO,No prior historical transport row; gameplay capacity uses the least-modern road PM.,0,3.0,Target satisfies usage 0.0 plus engine AI surplus 2; fixed capacity 3.0 per level; no rail or passenger service.
SMB,Sambas,STATE_WEST_BORNEO,West Borneo,1,pm_traditional_road_network,pm_no_canal_network,pm_no_rail_network,pm_no_passenger_trains,6.0,4.0,100.0_PROJECTED,0,NO,No prior historical transport row; gameplay capacity uses the least-modern road PM.,1,6.0,Target satisfies usage 4.0 plus engine AI surplus 2; fixed capacity 3.0 per level; no rail or passenger service.
SML,Yat’siminoli,STATE_FLORIDA,Florida,0,pm_traditional_road_network,pm_no_canal_network,pm_no_rail_network,pm_no_passenger_trains,3.0,0.0,100.0_PROJECTED,0,NO,No prior historical transport row; gameplay capacity uses the least-modern road PM.,0,3.0,Target satisfies usage 0.0 plus engine AI surplus 2; fixed capacity 3.0 per level; no rail or passenger service.
SNG,Sangu,STATE_LINDI,Rufiji,0,pm_traditional_road_network,pm_no_canal_network,pm_no_rail_network,pm_no_passenger_trains,3.0,0.0,100.0_PROJECTED,0,NO,No prior historical transport row; gameplay capacity uses the least-modern road PM.,0,3.0,Target satisfies usage 0.0 plus engine AI surplus 2; fixed capacity 3.0 per level; no rail or passenger service.
SOK,Sokoto,STATE_EAST_HAUSALAND,East Hausaland,1,pm_traditional_road_network,pm_no_canal_network,pm_no_rail_network,pm_no_passenger_trains,6.0,4.0,100.0_PROJECTED,0,NO,No prior historical transport row; gameplay capacity uses the least-modern road PM.,1,6.0,Target satisfies usage 4.0 plus engine AI surplus 2; fixed capacity 3.0 per level; no rail or passenger service.
SOK,Sokoto,STATE_HAUSALAND,Hausaland,3,pm_traditional_road_network,pm_no_canal_network,pm_no_rail_network,pm_no_passenger_trains,12.0,8.0,100.0_PROJECTED,0,NO,No prior historical transport row; gameplay capacity uses the least-modern road PM.,3,12.0,Target satisfies usage 8.0 plus engine AI surplus 2; fixed capacity 3.0 per level; no rail or passenger service.
SOK,Sokoto,STATE_NIGERIA,Nigeria,1,pm_traditional_road_network,pm_no_canal_network,pm_no_rail_network,pm_no_passenger_trains,6.0,3.0,100.0_PROJECTED,0,NO,No prior historical transport row; gameplay capacity uses the least-modern road PM.,1,6.0,Target satisfies usage 3.0 plus engine AI surplus 2; fixed capacity 3.0 per level; no rail or passenger service.
SOK,Sokoto,STATE_NORTH_CAMEROON,North Cameroon,1,pm_traditional_road_network,pm_no_canal_network,pm_no_rail_network,pm_no_passenger_trains,6.0,2.0,100.0_PROJECTED,0,NO,No prior historical transport row; gameplay capacity uses the least-modern road PM.,1,6.0,Target satisfies usage 2.0 plus engine AI surplus 2; fixed capacity 3.0 per level; no rail or passenger service.
SOK,Sokoto,STATE_OUTER_HAUSALAND,Outer Hausaland,0,pm_traditional_road_network,pm_no_canal_network,pm_no_rail_network,pm_no_passenger_trains,3.0,1.0,100.0_PROJECTED,0,NO,No prior historical transport row; gameplay capacity uses the least-modern road PM.,0,3.0,Target satisfies usage 1.0 plus engine AI surplus 2; fixed capacity 3.0 per level; no rail or passenger service.
SPA,Spain,STATE_AL_RIF,al Rif,0,pm_traditional_road_network,pm_no_canal_network,pm_no_rail_network,pm_no_passenger_trains,3.0,0.0,100.0_PROJECTED,0,NO,No prior historical transport row; gameplay capacity uses the least-modern road PM.,0,3.0,Target satisfies usage 0.0 plus engine AI surplus 2; fixed capacity 3.0 per level; no rail or passenger service.
SPA,Spain,STATE_ARAGON,Aragon,3,pm_traditional_road_network,pm_no_canal_network,pm_no_rail_network,pm_no_passenger_trains,12.0,8.0,100.0_PROJECTED,0,NO,No prior historical transport row; gameplay capacity uses the least-modern road PM.,3,12.0,Target satisfies usage 8.0 plus engine AI surplus 2; fixed capacity 3.0 per level; no rail or passenger service.
SPA,Spain,STATE_ASTURIAS,Asturias,2,pm_traditional_road_network,pm_no_canal_network,pm_no_rail_network,pm_no_passenger_trains,9.0,7.0,100.0_PROJECTED,0,NO,No prior historical transport row; gameplay capacity uses the least-modern road PM.,2,9.0,Target satisfies usage 7.0 plus engine AI surplus 2; fixed capacity 3.0 per level; no rail or passenger service.
SPA,Spain,STATE_BALEARIC_ISLANDS,Balearic Islands,1,pm_traditional_road_network,pm_no_canal_network,pm_no_rail_network,pm_no_passenger_trains,6.0,3.0,100.0_PROJECTED,0,NO,No prior historical transport row; gameplay capacity uses the least-modern road PM.,1,6.0,Target satisfies usage 3.0 plus engine AI surplus 2; fixed capacity 3.0 per level; no rail or passenger service.
SPA,Spain,STATE_BASQUE_COUNTRY,Basque Country,6,pm_traditional_road_network,pm_no_canal_network,pm_no_rail_network,pm_no_passenger_trains,21.0,18.0,100.0_PROJECTED,0,NO,One road-network level. | none required for this recommendation | Roads and coastal shipping connected iron/arms districts with Bilbao and Atlantic markets.,6,21.0,Target satisfies usage 18.0 plus engine AI surplus 2; fixed capacity 3.0 per level; no rail or passenger service.
SPA,Spain,STATE_CANARY_ISLANDS,Canary Islands,1,pm_traditional_road_network,pm_no_canal_network,pm_no_rail_network,pm_no_passenger_trains,6.0,3.5,100.0_PROJECTED,0,NO,No prior historical transport row; gameplay capacity uses the least-modern road PM.,1,6.0,Target satisfies usage 3.5 plus engine AI surplus 2; fixed capacity 3.0 per level; no rail or passenger service.
SPA,Spain,STATE_CATALONIA,Catalonia,9,pm_traditional_road_network,pm_no_canal_network,pm_no_rail_network,pm_no_passenger_trains,30.0,26.5,100.0_PROJECTED,0,NO,Level 2 for regional road/transport capacity | none required for this recommendation | Road/coastal links served Barcelona's exceptionally dense manufacturing district.,9,30.0,Target satisfies usage 26.5 plus engine AI surplus 2; fixed capacity 3.0 per level; no rail or passenger service.
SPA,Spain,STATE_EXTREMADURA,Extremadura,1,pm_traditional_road_network,pm_no_canal_network,pm_no_rail_network,pm_no_passenger_trains,6.0,3.0,100.0_PROJECTED,0,NO,No prior historical transport row; gameplay capacity uses the least-modern road PM.,1,6.0,Target satisfies usage 3.0 plus engine AI surplus 2; fixed capacity 3.0 per level; no rail or passenger service.
SPA,Spain,STATE_GALICIA,Galicia,5,pm_traditional_road_network,pm_no_canal_network,pm_no_rail_network,pm_no_passenger_trains,18.0,15.8,100.0_PROJECTED,0,NO,One road level. | none required for this recommendation | Roads linked Ferrol and Galicia's coastal economy to the interior.,5,18.0,Target satisfies usage 15.8 plus engine AI surplus 2; fixed capacity 3.0 per level; no rail or passenger service.
SPA,Spain,STATE_LEON,Leon,2,pm_traditional_road_network,pm_no_canal_network,pm_no_rail_network,pm_no_passenger_trains,9.0,5.5,100.0_PROJECTED,0,NO,No prior historical transport row; gameplay capacity uses the least-modern road PM.,2,9.0,Target satisfies usage 5.5 plus engine AI surplus 2; fixed capacity 3.0 per level; no rail or passenger service.
SPA,Spain,STATE_LOWER_ANDALUSIA,Lower Andalusia,8,pm_traditional_road_network,pm_no_canal_network,pm_no_rail_network,pm_no_passenger_trains,27.0,23.3,100.0_PROJECTED,0,NO,"One road-network level | none required for this recommendation | Road and river/coastal connections served Cádiz, Seville and La Carraca.",8,27.0,Target satisfies usage 23.3 plus engine AI surplus 2; fixed capacity 3.0 per level; no rail or passenger service.
SPA,Spain,STATE_MURCIA,Murcia,3,pm_traditional_road_network,pm_no_canal_network,pm_no_rail_network,pm_no_passenger_trains,12.0,9.7,100.0_PROJECTED,0,NO,No prior historical transport row; gameplay capacity uses the least-modern road PM.,3,12.0,Target satisfies usage 9.7 plus engine AI surplus 2; fixed capacity 3.0 per level; no rail or passenger service.
SPA,Spain,STATE_NEW_CASTILE,New Castile,6,pm_traditional_road_network,pm_no_canal_network,pm_no_rail_network,pm_no_passenger_trains,21.0,16.5,100.0_PROJECTED,0,NO,Level 2 road network | none required for this recommendation | Royal roads radiating from Madrid underpinned the capital's administrative and market role.,6,21.0,Target satisfies usage 16.5 plus engine AI surplus 2; fixed capacity 3.0 per level; no rail or passenger service.
SPA,Spain,STATE_OLD_CASTILE,Old Castile,5,pm_traditional_road_network,pm_no_canal_network,pm_no_rail_network,pm_no_passenger_trains,18.0,14.5,100.0_PROJECTED,0,NO,One road level. | none required for this recommendation | Royal and market roads connected Segovia/Valladolid and central Castilian production.,5,18.0,Target satisfies usage 14.5 plus engine AI surplus 2; fixed capacity 3.0 per level; no rail or passenger service.
SPA,Spain,STATE_UPPER_ANDALUSIA,Upper Andalusia,2,pm_traditional_road_network,pm_no_canal_network,pm_no_rail_network,pm_no_passenger_trains,9.0,4.5,100.0_PROJECTED,0,NO,No prior historical transport row; gameplay capacity uses the least-modern road PM.,2,9.0,Target satisfies usage 4.5 plus engine AI surplus 2; fixed capacity 3.0 per level; no rail or passenger service.
SPA,Spain,STATE_VALENCIA,Valencia,6,pm_traditional_road_network,pm_no_canal_network,pm_no_rail_network,pm_no_passenger_trains,21.0,16.5,100.0_PROJECTED,0,NO,One road level | none required for this recommendation | Roads linked Valencia's silk/agricultural hinterland with its Mediterranean port.,6,21.0,Target satisfies usage 16.5 plus engine AI surplus 2; fixed capacity 3.0 per level; no rail or passenger service.
SPA,Spain,STATE_WEST_INDIES,West Indies,1,pm_traditional_road_network,pm_no_canal_network,pm_no_rail_network,pm_no_passenger_trains,6.0,2.1,100.0_PROJECTED,0,NO,No prior historical transport row; gameplay capacity uses the least-modern road PM.,1,6.0,Target satisfies usage 2.1 plus engine AI surplus 2; fixed capacity 3.0 per level; no rail or passenger service.
SRK,Surakarta,STATE_CENTRAL_JAVA,Central Java,1,pm_traditional_road_network,pm_no_canal_network,pm_no_rail_network,pm_no_passenger_trains,6.0,1.5,100.0_PROJECTED,0,NO,No prior historical transport row; gameplay capacity uses the least-modern road PM.,1,6.0,Target satisfies usage 1.5 plus engine AI surplus 2; fixed capacity 3.0 per level; no rail or passenger service.
SRR,Serer,STATE_SENEGAL,Senegal,0,pm_traditional_road_network,pm_no_canal_network,pm_no_rail_network,pm_no_passenger_trains,3.0,0.0,100.0_PROJECTED,0,NO,No prior historical transport row; gameplay capacity uses the least-modern road PM.,0,3.0,Target satisfies usage 0.0 plus engine AI surplus 2; fixed capacity 3.0 per level; no rail or passenger service.
SSU,Susu,STATE_GUINEA,Guinea,0,pm_traditional_road_network,pm_no_canal_network,pm_no_rail_network,pm_no_passenger_trains,3.0,0.0,100.0_PROJECTED,0,NO,No prior historical transport row; gameplay capacity uses the least-modern road PM.,0,3.0,Target satisfies usage 0.0 plus engine AI surplus 2; fixed capacity 3.0 per level; no rail or passenger service.
STG,Sintang,STATE_WEST_BORNEO,West Borneo,0,pm_traditional_road_network,pm_no_canal_network,pm_no_rail_network,pm_no_passenger_trains,3.0,0.0,100.0_PROJECTED,0,NO,No prior historical transport row; gameplay capacity uses the least-modern road PM.,0,3.0,Target satisfies usage 0.0 plus engine AI surplus 2; fixed capacity 3.0 per level; no rail or passenger service.
SUL,Sulu,STATE_LUZON,Luzón,0,pm_traditional_road_network,pm_no_canal_network,pm_no_rail_network,pm_no_passenger_trains,3.0,0.0,100.0_PROJECTED,0,NO,No prior historical transport row; gameplay capacity uses the least-modern road PM.,0,3.0,Target satisfies usage 0.0 plus engine AI surplus 2; fixed capacity 3.0 per level; no rail or passenger service.
SUL,Sulu,STATE_MINDANAO,Mindanao,0,pm_traditional_road_network,pm_no_canal_network,pm_no_rail_network,pm_no_passenger_trains,3.0,0.5,100.0_PROJECTED,0,NO,No prior historical transport row; gameplay capacity uses the least-modern road PM.,0,3.0,Target satisfies usage 0.5 plus engine AI surplus 2; fixed capacity 3.0 per level; no rail or passenger service.
SUL,Sulu,STATE_NORTH_BORNEO,North Borneo,0,pm_traditional_road_network,pm_no_canal_network,pm_no_rail_network,pm_no_passenger_trains,3.0,0.0,100.0_PROJECTED,0,NO,No prior historical transport row; gameplay capacity uses the least-modern road PM.,0,3.0,Target satisfies usage 0.0 plus engine AI surplus 2; fixed capacity 3.0 per level; no rail or passenger service.
SWE,Sweden,STATE_ALAND,Åland,0,pm_traditional_road_network,pm_no_canal_network,pm_no_rail_network,pm_no_passenger_trains,3.0,1.0,100.0_PROJECTED,0,NO,No prior historical transport row; gameplay capacity uses the least-modern road PM.,0,3.0,Target satisfies usage 1.0 plus engine AI surplus 2; fixed capacity 3.0 per level; no rail or passenger service.
SWE,Sweden,STATE_GOTALAND,Götaland,4,pm_traditional_road_network,pm_no_canal_network,pm_no_rail_network,pm_no_passenger_trains,15.0,10.5,100.0_PROJECTED,0,NO,"Level 1 traditional regional road network. | No industrial canal seed; major Swedish canal completions are later. | Road and coastal transport connected Gothenburg, southern manufacturing and naval sites.",4,15.0,Target satisfies usage 10.5 plus engine AI surplus 2; fixed capacity 3.0 per level; no rail or passenger service.
SWE,Sweden,STATE_GOTLAND,Gotland,0,pm_traditional_road_network,pm_no_canal_network,pm_no_rail_network,pm_no_passenger_trains,3.0,1.0,100.0_PROJECTED,0,NO,No prior historical transport row; gameplay capacity uses the least-modern road PM.,0,3.0,Target satisfies usage 1.0 plus engine AI surplus 2; fixed capacity 3.0 per level; no rail or passenger service.
SWE,Sweden,STATE_KUOPIO,Kuopio,0,pm_traditional_road_network,pm_no_canal_network,pm_no_rail_network,pm_no_passenger_trains,3.0,1.0,100.0_PROJECTED,0,NO,No prior historical transport row; gameplay capacity uses the least-modern road PM.,0,3.0,Target satisfies usage 1.0 plus engine AI surplus 2; fixed capacity 3.0 per level; no rail or passenger service.
SWE,Sweden,STATE_NORRLAND,Norrland,1,pm_traditional_road_network,pm_no_canal_network,pm_no_rail_network,pm_no_passenger_trains,6.0,3.0,100.0_PROJECTED,0,NO,No prior historical transport row; gameplay capacity uses the least-modern road PM.,1,6.0,Target satisfies usage 3.0 plus engine AI surplus 2; fixed capacity 3.0 per level; no rail or passenger service.
SWE,Sweden,STATE_OSTROBOTHNIA,Ostrobothnia,1,pm_traditional_road_network,pm_no_canal_network,pm_no_rail_network,pm_no_passenger_trains,6.0,2.0,100.0_PROJECTED,0,NO,No prior historical transport row; gameplay capacity uses the least-modern road PM.,1,6.0,Target satisfies usage 2.0 plus engine AI surplus 2; fixed capacity 3.0 per level; no rail or passenger service.
SWE,Sweden,STATE_OULU,Oulu,1,pm_traditional_road_network,pm_no_canal_network,pm_no_rail_network,pm_no_passenger_trains,6.0,2.0,100.0_PROJECTED,0,NO,No prior historical transport row; gameplay capacity uses the least-modern road PM.,1,6.0,Target satisfies usage 2.0 plus engine AI surplus 2; fixed capacity 3.0 per level; no rail or passenger service.
SWE,Sweden,STATE_SCANIA,Scania,2,pm_traditional_road_network,pm_no_canal_network,pm_no_rail_network,pm_no_passenger_trains,9.0,6.7,100.0_PROJECTED,0,NO,"Level 1 traditional road network. | No canal seed. | A settled southern road network is justified, without implying later engineered roads.",2,9.0,Target satisfies usage 6.7 plus engine AI surplus 2; fixed capacity 3.0 per level; no rail or passenger service.
SWE,Sweden,STATE_SVEALAND,Svealand,6,pm_traditional_road_network,pm_no_canal_network,pm_no_rail_network,pm_no_passenger_trains,21.0,17.0,100.0_PROJECTED,0,NO,"Level 2 road network for Stockholm–Bergslagen administrative/export arteries; no claim of modern paved roads. | No active industrial-canal PM recommended at 1776-01-01. | Dense capital–Bergslagen roads and winter/river transport justify a stronger regional road network, but not rail.",6,21.0,Target satisfies usage 17.0 plus engine AI surplus 2; fixed capacity 3.0 per level; no rail or passenger service.
SWE,Sweden,STATE_UUSIMAA,Uusimaa,1,pm_traditional_road_network,pm_no_canal_network,pm_no_rail_network,pm_no_passenger_trains,6.0,3.0,100.0_PROJECTED,0,NO,Level 1 road network serving Helsinki/Sveaborg supply. | No industrial canal seed. | Fortress supply and Helsinki regional roads justify a basic road-network level.,1,6.0,Target satisfies usage 3.0 plus engine AI surplus 2; fixed capacity 3.0 per level; no rail or passenger service.
SWI,Switzerland,STATE_EAST_SWITZERLAND,East Switzerland,3,pm_traditional_road_network,pm_no_canal_network,pm_no_rail_network,pm_no_passenger_trains,12.0,9.5,100.0_PROJECTED,0,NO,"Dense interurban commerce required maintained roads, but no unified state road network existed across the confederation. | No industrial canal network assigned.",3,12.0,Target satisfies usage 9.5 plus engine AI surplus 2; fixed capacity 3.0 per level; no rail or passenger service.
SWI,Switzerland,STATE_WEST_SWITZERLAND,West Switzerland,2,pm_traditional_road_network,pm_no_canal_network,pm_no_rail_network,pm_no_passenger_trains,9.0,5.5,100.0_PROJECTED,0,NO,No prior historical transport row; gameplay capacity uses the least-modern road PM.,2,9.0,Target satisfies usage 5.5 plus engine AI surplus 2; fixed capacity 3.0 per level; no rail or passenger service.
SWZ,Swaziland,STATE_TRANSVAAL,Transvaal,0,pm_traditional_road_network,pm_no_canal_network,pm_no_rail_network,pm_no_passenger_trains,3.0,1.0,100.0_PROJECTED,0,NO,No prior historical transport row; gameplay capacity uses the least-modern road PM.,0,3.0,Target satisfies usage 1.0 plus engine AI surplus 2; fixed capacity 3.0 per level; no rail or passenger service.
TBI,Tubu,STATE_CHAD,Chad,0,pm_traditional_road_network,pm_no_canal_network,pm_no_rail_network,pm_no_passenger_trains,3.0,1.0,100.0_PROJECTED,0,NO,No prior historical transport row; gameplay capacity uses the least-modern road PM.,0,3.0,Target satisfies usage 1.0 plus engine AI surplus 2; fixed capacity 3.0 per level; no rail or passenger service.
TBI,Tubu,STATE_LIBYA,Cyrenaica,0,pm_traditional_road_network,pm_no_canal_network,pm_no_rail_network,pm_no_passenger_trains,3.0,1.0,100.0_PROJECTED,0,NO,No prior historical transport row; gameplay capacity uses the least-modern road PM.,0,3.0,Target satisfies usage 1.0 plus engine AI surplus 2; fixed capacity 3.0 per level; no rail or passenger service.
TBI,Tubu,STATE_LIBYAN_DESERT,Fezzan,0,pm_traditional_road_network,pm_no_canal_network,pm_no_rail_network,pm_no_passenger_trains,3.0,1.0,100.0_PROJECTED,0,NO,No prior historical transport row; gameplay capacity uses the least-modern road PM.,0,3.0,Target satisfies usage 1.0 plus engine AI surplus 2; fixed capacity 3.0 per level; no rail or passenger service.
TBI,Tubu,STATE_NIGER,Niger,0,pm_traditional_road_network,pm_no_canal_network,pm_no_rail_network,pm_no_passenger_trains,3.0,1.0,100.0_PROJECTED,0,NO,No prior historical transport row; gameplay capacity uses the least-modern road PM.,0,3.0,Target satisfies usage 1.0 plus engine AI surplus 2; fixed capacity 3.0 per level; no rail or passenger service.
TEK,Tekna,STATE_INNER_MOROCCO,Inner Morocco,0,pm_traditional_road_network,pm_no_canal_network,pm_no_rail_network,pm_no_passenger_trains,3.0,1.0,100.0_PROJECTED,0,NO,No prior historical transport row; gameplay capacity uses the least-modern road PM.,0,3.0,Target satisfies usage 1.0 plus engine AI surplus 2; fixed capacity 3.0 per level; no rail or passenger service.
TEK,Tekna,STATE_SAHARA,Sahara,0,pm_traditional_road_network,pm_no_canal_network,pm_no_rail_network,pm_no_passenger_trains,3.0,1.0,100.0_PROJECTED,0,NO,No prior historical transport row; gameplay capacity uses the least-modern road PM.,0,3.0,Target satisfies usage 1.0 plus engine AI surplus 2; fixed capacity 3.0 per level; no rail or passenger service.
TEK,Tekna,STATE_WEST_SAHARA,West Sahara,0,pm_traditional_road_network,pm_no_canal_network,pm_no_rail_network,pm_no_passenger_trains,3.0,1.0,100.0_PROJECTED,0,NO,No prior historical transport row; gameplay capacity uses the least-modern road PM.,0,3.0,Target satisfies usage 1.0 plus engine AI surplus 2; fixed capacity 3.0 per level; no rail or passenger service.
TGI,Tungi,STATE_MOCAMBIQUE,Mocambique,0,pm_traditional_road_network,pm_no_canal_network,pm_no_rail_network,pm_no_passenger_trains,3.0,0.0,100.0_PROJECTED,0,NO,No prior historical transport row; gameplay capacity uses the least-modern road PM.,0,3.0,Target satisfies usage 0.0 plus engine AI surplus 2; fixed capacity 3.0 per level; no rail or passenger service.
THL,Tehuelche,STATE_ARAUCANIA,Araucania,0,pm_traditional_road_network,pm_no_canal_network,pm_no_rail_network,pm_no_passenger_trains,3.0,0.0,100.0_PROJECTED,0,NO,No prior historical transport row; gameplay capacity uses the least-modern road PM.,0,3.0,Target satisfies usage 0.0 plus engine AI surplus 2; fixed capacity 3.0 per level; no rail or passenger service.
THL,Tehuelche,STATE_PATAGONIA,Patagonia,0,pm_traditional_road_network,pm_no_canal_network,pm_no_rail_network,pm_no_passenger_trains,3.0,0.0,100.0_PROJECTED,0,NO,No prior historical transport row; gameplay capacity uses the least-modern road PM.,0,3.0,Target satisfies usage 0.0 plus engine AI surplus 2; fixed capacity 3.0 per level; no rail or passenger service.
TIB,Tibet,STATE_EASTERN_HIMALAYAS,Eastern Himalayas,0,pm_traditional_road_network,pm_no_canal_network,pm_no_rail_network,pm_no_passenger_trains,3.0,1.0,100.0_PROJECTED,0,NO,No prior historical transport row; gameplay capacity uses the least-modern road PM.,0,3.0,Target satisfies usage 1.0 plus engine AI surplus 2; fixed capacity 3.0 per level; no rail or passenger service.
TIB,Tibet,STATE_LHASA,Lhasa,1,pm_traditional_road_network,pm_no_canal_network,pm_no_rail_network,pm_no_passenger_trains,6.0,4.0,100.0_PROJECTED,0,NO,No prior historical transport row; gameplay capacity uses the least-modern road PM.,1,6.0,Target satisfies usage 4.0 plus engine AI surplus 2; fixed capacity 3.0 per level; no rail or passenger service.
TIB,Tibet,STATE_NGARI,Ngari,0,pm_traditional_road_network,pm_no_canal_network,pm_no_rail_network,pm_no_passenger_trains,3.0,1.0,100.0_PROJECTED,0,NO,No prior historical transport row; gameplay capacity uses the least-modern road PM.,0,3.0,Target satisfies usage 1.0 plus engine AI surplus 2; fixed capacity 3.0 per level; no rail or passenger service.
TID,Tidore,STATE_CELEBES,Celebes,0,pm_traditional_road_network,pm_no_canal_network,pm_no_rail_network,pm_no_passenger_trains,3.0,0.0,100.0_PROJECTED,0,NO,No prior historical transport row; gameplay capacity uses the least-modern road PM.,0,3.0,Target satisfies usage 0.0 plus engine AI surplus 2; fixed capacity 3.0 per level; no rail or passenger service.
TID,Tidore,STATE_MOLUCCAS,Moluccas,0,pm_traditional_road_network,pm_no_canal_network,pm_no_rail_network,pm_no_passenger_trains,3.0,0.5,100.0_PROJECTED,0,NO,No prior historical transport row; gameplay capacity uses the least-modern road PM.,0,3.0,Target satisfies usage 0.5 plus engine AI surplus 2; fixed capacity 3.0 per level; no rail or passenger service.
TID,Tidore,STATE_WESTERN_NEW_GUINEA,Western New Guinea,0,pm_traditional_road_network,pm_no_canal_network,pm_no_rail_network,pm_no_passenger_trains,3.0,0.0,100.0_PROJECTED,0,NO,No prior historical transport row; gameplay capacity uses the least-modern road PM.,0,3.0,Target satisfies usage 0.0 plus engine AI surplus 2; fixed capacity 3.0 per level; no rail or passenger service.
TIP,Tipperah,STATE_ASSAM,Assam,0,pm_traditional_road_network,pm_no_canal_network,pm_no_rail_network,pm_no_passenger_trains,3.0,0.0,100.0_PROJECTED,0,NO,No prior historical transport row; gameplay capacity uses the least-modern road PM.,0,3.0,Target satisfies usage 0.0 plus engine AI surplus 2; fixed capacity 3.0 per level; no rail or passenger service.
TKE,Teke,STATE_CONGO,Congo,0,pm_traditional_road_network,pm_no_canal_network,pm_no_rail_network,pm_no_passenger_trains,3.0,0.0,100.0_PROJECTED,0,NO,No prior historical transport row; gameplay capacity uses the least-modern road PM.,0,3.0,Target satisfies usage 0.0 plus engine AI surplus 2; fixed capacity 3.0 per level; no rail or passenger service.
TMN,Temne,STATE_SIERRA_LEONE,Sierra Leone,0,pm_traditional_road_network,pm_no_canal_network,pm_no_rail_network,pm_no_passenger_trains,3.0,0.0,100.0_PROJECTED,0,NO,No prior historical transport row; gameplay capacity uses the least-modern road PM.,0,3.0,Target satisfies usage 0.0 plus engine AI surplus 2; fixed capacity 3.0 per level; no rail or passenger service.
TNG,Tonga,STATE_TONGA,Tonga,1,pm_traditional_road_network,pm_no_canal_network,pm_no_rail_network,pm_no_passenger_trains,6.0,2.0,100.0_PROJECTED,0,NO,No prior historical transport row; gameplay capacity uses the least-modern road PM.,1,6.0,Target satisfies usage 2.0 plus engine AI surplus 2; fixed capacity 3.0 per level; no rail or passenger service.
TPS,Toposa,STATE_EQUATORIA,Equatoria,0,pm_traditional_road_network,pm_no_canal_network,pm_no_rail_network,pm_no_passenger_trains,3.0,0.0,100.0_PROJECTED,0,NO,No prior historical transport row; gameplay capacity uses the least-modern road PM.,0,3.0,Target satisfies usage 0.0 plus engine AI surplus 2; fixed capacity 3.0 per level; no rail or passenger service.
TRA,Travancore,STATE_TRAVANCORE,Malabar,2,pm_traditional_road_network,pm_no_canal_network,pm_no_rail_network,pm_no_passenger_trains,9.0,6.7,100.0_PROJECTED,0,NO,No prior historical transport row; gameplay capacity uses the least-modern road PM.,2,9.0,Target satisfies usage 6.7 plus engine AI surplus 2; fixed capacity 3.0 per level; no rail or passenger service.
TRI,Tripolitania,STATE_LIBYA,Cyrenaica,1,pm_traditional_road_network,pm_no_canal_network,pm_no_rail_network,pm_no_passenger_trains,6.0,1.0,100.0_PROJECTED,0,NO,"One coastal/caravan road level. | No canal level recommended. | A durable inter-urban caravan, pilgrimage, military or administrative corridor justifies one pre-rail regional infrastructure level; no railway PM is permitted.",1,6.0,Target satisfies usage 1.0 plus engine AI surplus 2; fixed capacity 3.0 per level; no rail or passenger service.
TRI,Tripolitania,STATE_TRIPOLI,Tripoli,1,pm_traditional_road_network,pm_no_canal_network,pm_no_rail_network,pm_no_passenger_trains,6.0,3.7,100.0_PROJECTED,0,NO,"One coastal/caravan road level. | No canal level recommended. | A durable inter-urban caravan, pilgrimage, military or administrative corridor justifies one pre-rail regional infrastructure level; no railway PM is permitted.",1,6.0,Target satisfies usage 3.7 plus engine AI surplus 2; fixed capacity 3.0 per level; no rail or passenger service.
TRK,Turkana,STATE_RIFT_VALLEY,Rift Valley,0,pm_traditional_road_network,pm_no_canal_network,pm_no_rail_network,pm_no_passenger_trains,3.0,0.0,100.0_PROJECTED,0,NO,No prior historical transport row; gameplay capacity uses the least-modern road PM.,0,3.0,Target satisfies usage 0.0 plus engine AI surplus 2; fixed capacity 3.0 per level; no rail or passenger service.
TRM,Turkmenia,STATE_KHIVA,Chorasmia,0,pm_traditional_road_network,pm_no_canal_network,pm_no_rail_network,pm_no_passenger_trains,3.0,1.0,100.0_PROJECTED,0,NO,No prior historical transport row; gameplay capacity uses the least-modern road PM.,0,3.0,Target satisfies usage 1.0 plus engine AI surplus 2; fixed capacity 3.0 per level; no rail or passenger service.
TRM,Turkmenia,STATE_MERZ,Merv,0,pm_traditional_road_network,pm_no_canal_network,pm_no_rail_network,pm_no_passenger_trains,3.0,0.0,100.0_PROJECTED,0,NO,No prior historical transport row; gameplay capacity uses the least-modern road PM.,0,3.0,Target satisfies usage 0.0 plus engine AI surplus 2; fixed capacity 3.0 per level; no rail or passenger service.
TRM,Turkmenia,STATE_TURKMENIA,Turkmenia,1,pm_traditional_road_network,pm_no_canal_network,pm_no_rail_network,pm_no_passenger_trains,6.0,3.5,100.0_PROJECTED,0,NO,No prior historical transport row; gameplay capacity uses the least-modern road PM.,1,6.0,Target satisfies usage 3.5 plus engine AI surplus 2; fixed capacity 3.0 per level; no rail or passenger service.
TRM,Turkmenia,STATE_URALSK,Uralsk,0,pm_traditional_road_network,pm_no_canal_network,pm_no_rail_network,pm_no_passenger_trains,3.0,1.0,100.0_PROJECTED,0,NO,No prior historical transport row; gameplay capacity uses the least-modern road PM.,0,3.0,Target satisfies usage 1.0 plus engine AI surplus 2; fixed capacity 3.0 per level; no rail or passenger service.
TRN,Transvaal,STATE_TRANSVAAL,Transvaal,0,pm_traditional_road_network,pm_no_canal_network,pm_no_rail_network,pm_no_passenger_trains,3.0,0.6,100.0_PROJECTED,0,NO,No prior historical transport row; gameplay capacity uses the least-modern road PM.,0,3.0,Target satisfies usage 0.6 plus engine AI surplus 2; fixed capacity 3.0 per level; no rail or passenger service.
TRS,Transylvania,STATE_NORTHERN_TRANSYLVANIA,Northern Transylvania,1,pm_traditional_road_network,pm_no_canal_network,pm_no_rail_network,pm_no_passenger_trains,6.0,4.0,100.0_PROJECTED,0,NO,No prior historical transport row; gameplay capacity uses the least-modern road PM.,1,6.0,Target satisfies usage 4.0 plus engine AI surplus 2; fixed capacity 3.0 per level; no rail or passenger service.
TRS,Transylvania,STATE_SOUTHERN_TRANSYLVANIA,Southern Transylvania,1,pm_traditional_road_network,pm_no_canal_network,pm_no_rail_network,pm_no_passenger_trains,6.0,2.0,100.0_PROJECTED,0,NO,No prior historical transport row; gameplay capacity uses the least-modern road PM.,1,6.0,Target satisfies usage 2.0 plus engine AI surplus 2; fixed capacity 3.0 per level; no rail or passenger service.
TRZ,Trarza,STATE_MAURITANIA,Mauritania,0,pm_traditional_road_network,pm_no_canal_network,pm_no_rail_network,pm_no_passenger_trains,3.0,1.0,100.0_PROJECTED,0,NO,No prior historical transport row; gameplay capacity uses the least-modern road PM.,0,3.0,Target satisfies usage 1.0 plus engine AI surplus 2; fixed capacity 3.0 per level; no rail or passenger service.
TSW,Tswana,STATE_BOTSWANA,Botswana,0,pm_traditional_road_network,pm_no_canal_network,pm_no_rail_network,pm_no_passenger_trains,3.0,1.0,100.0_PROJECTED,0,NO,No prior historical transport row; gameplay capacity uses the least-modern road PM.,0,3.0,Target satisfies usage 1.0 plus engine AI surplus 2; fixed capacity 3.0 per level; no rail or passenger service.
TSW,Tswana,STATE_LOURENCO_MARQUES,Lourenço Marques,0,pm_traditional_road_network,pm_no_canal_network,pm_no_rail_network,pm_no_passenger_trains,3.0,0.0,100.0_PROJECTED,0,NO,No prior historical transport row; gameplay capacity uses the least-modern road PM.,0,3.0,Target satisfies usage 0.0 plus engine AI surplus 2; fixed capacity 3.0 per level; no rail or passenger service.
TSW,Tswana,STATE_NORTHERN_CAPE,Northern Cape,0,pm_traditional_road_network,pm_no_canal_network,pm_no_rail_network,pm_no_passenger_trains,3.0,0.0,100.0_PROJECTED,0,NO,No prior historical transport row; gameplay capacity uses the least-modern road PM.,0,3.0,Target satisfies usage 0.0 plus engine AI surplus 2; fixed capacity 3.0 per level; no rail or passenger service.
TSW,Tswana,STATE_ZAMBEZIA,Zambezia,0,pm_traditional_road_network,pm_no_canal_network,pm_no_rail_network,pm_no_passenger_trains,3.0,0.0,100.0_PROJECTED,0,NO,No prior historical transport row; gameplay capacity uses the least-modern road PM.,0,3.0,Target satisfies usage 0.0 plus engine AI surplus 2; fixed capacity 3.0 per level; no rail or passenger service.
TSW,Tswana,STATE_ZULULAND,Zululand,0,pm_traditional_road_network,pm_no_canal_network,pm_no_rail_network,pm_no_passenger_trains,3.0,0.0,100.0_PROJECTED,0,NO,No prior historical transport row; gameplay capacity uses the least-modern road PM.,0,3.0,Target satisfies usage 0.0 plus engine AI surplus 2; fixed capacity 3.0 per level; no rail or passenger service.
TUA,Tuat,STATE_SAHARA,Sahara,0,pm_traditional_road_network,pm_no_canal_network,pm_no_rail_network,pm_no_passenger_trains,3.0,1.0,100.0_PROJECTED,0,NO,No prior historical transport row; gameplay capacity uses the least-modern road PM.,0,3.0,Target satisfies usage 1.0 plus engine AI surplus 2; fixed capacity 3.0 per level; no rail or passenger service.
TUG,Touggourt,STATE_EAST_SAHARA,East Sahara,0,pm_traditional_road_network,pm_no_canal_network,pm_no_rail_network,pm_no_passenger_trains,3.0,1.0,100.0_PROJECTED,0,NO,No prior historical transport row; gameplay capacity uses the least-modern road PM.,0,3.0,Target satisfies usage 1.0 plus engine AI surplus 2; fixed capacity 3.0 per level; no rail or passenger service.
TUN,Tunis,STATE_TUNISIA,Tunisia,4,pm_traditional_road_network,pm_no_canal_network,pm_no_rail_network,pm_no_passenger_trains,15.0,11.7,100.0_PROJECTED,0,NO,"Two road-network levels for Tunis and its productive coastal hinterland. | No canal level recommended. | A durable inter-urban caravan, pilgrimage, military or administrative corridor justifies one pre-rail regional infrastructure level; no railway PM is permitted.",4,15.0,Target satisfies usage 11.7 plus engine AI surplus 2; fixed capacity 3.0 per level; no rail or passenger service.
TUR,Turkey,STATE_ADANA,Adana,1,pm_traditional_road_network,pm_no_canal_network,pm_no_rail_network,pm_no_passenger_trains,6.0,3.0,100.0_PROJECTED,0,NO,"One corridor level for Anatolian-Syrian connections. | No transport-canal level recommended. | A durable inter-urban caravan, pilgrimage, military or administrative corridor justifies one pre-rail regional infrastructure level; no railway PM is permitted.",1,6.0,Target satisfies usage 3.0 plus engine AI surplus 2; fixed capacity 3.0 per level; no rail or passenger service.
TUR,Turkey,STATE_ALBANIA,Albania,0,pm_traditional_road_network,pm_no_canal_network,pm_no_rail_network,pm_no_passenger_trains,3.0,0.0,100.0_PROJECTED,0,NO,No prior historical transport row; gameplay capacity uses the least-modern road PM.,0,3.0,Target satisfies usage 0.0 plus engine AI surplus 2; fixed capacity 3.0 per level; no rail or passenger service.
TUR,Turkey,STATE_ALEPPO,Aleppo,2,pm_traditional_road_network,pm_no_canal_network,pm_no_rail_network,pm_no_passenger_trains,9.0,6.5,100.0_PROJECTED,0,NO,"Two road levels for the major Aleppo–Anatolia–Mesopotamia/Levant caravan nexus. | No transport-canal level recommended. | A durable inter-urban caravan, pilgrimage, military or administrative corridor justifies one pre-rail regional infrastructure level; no railway PM is permitted.",2,9.0,Target satisfies usage 6.5 plus engine AI surplus 2; fixed capacity 3.0 per level; no rail or passenger service.
TUR,Turkey,STATE_ANKARA,Ankara,9,pm_traditional_road_network,pm_no_canal_network,pm_no_rail_network,pm_no_passenger_trains,30.0,26.5,100.0_PROJECTED,0,NO,"One road level for the central Anatolian caravan network. | No transport-canal level recommended. | A durable inter-urban caravan, pilgrimage, military or administrative corridor justifies one pre-rail regional infrastructure level; no railway PM is permitted.",9,30.0,Target satisfies usage 26.5 plus engine AI surplus 2; fixed capacity 3.0 per level; no rail or passenger service.
TUR,Turkey,STATE_ATTICA,Attica,0,pm_traditional_road_network,pm_no_canal_network,pm_no_rail_network,pm_no_passenger_trains,3.0,1.0,100.0_PROJECTED,0,NO,No prior historical transport row; gameplay capacity uses the least-modern road PM.,0,3.0,Target satisfies usage 1.0 plus engine AI surplus 2; fixed capacity 3.0 per level; no rail or passenger service.
TUR,Turkey,STATE_AYDIN,Aydin,3,pm_traditional_road_network,pm_no_canal_network,pm_no_rail_network,pm_no_passenger_trains,12.0,7.5,100.0_PROJECTED,0,NO,"Two road levels for the port-hinterland commercial network. | No transport-canal level recommended. | A durable inter-urban caravan, pilgrimage, military or administrative corridor justifies one pre-rail regional infrastructure level; no railway PM is permitted.",3,12.0,Target satisfies usage 7.5 plus engine AI surplus 2; fixed capacity 3.0 per level; no rail or passenger service.
TUR,Turkey,STATE_BOSNIA,Bosnia,0,pm_traditional_road_network,pm_no_canal_network,pm_no_rail_network,pm_no_passenger_trains,3.0,0.0,100.0_PROJECTED,0,NO,No prior historical transport row; gameplay capacity uses the least-modern road PM.,0,3.0,Target satisfies usage 0.0 plus engine AI surplus 2; fixed capacity 3.0 per level; no rail or passenger service.
TUR,Turkey,STATE_BULGARIA,Bulgaria,1,pm_traditional_road_network,pm_no_canal_network,pm_no_rail_network,pm_no_passenger_trains,6.0,4.0,100.0_PROJECTED,0,NO,No prior historical transport row; gameplay capacity uses the least-modern road PM.,1,6.0,Target satisfies usage 4.0 plus engine AI surplus 2; fixed capacity 3.0 per level; no rail or passenger service.
TUR,Turkey,STATE_CRETE,Crete,0,pm_traditional_road_network,pm_no_canal_network,pm_no_rail_network,pm_no_passenger_trains,3.0,1.0,100.0_PROJECTED,0,NO,No prior historical transport row; gameplay capacity uses the least-modern road PM.,0,3.0,Target satisfies usage 1.0 plus engine AI surplus 2; fixed capacity 3.0 per level; no rail or passenger service.
TUR,Turkey,STATE_CYPRUS,Cyprus,1,pm_traditional_road_network,pm_no_canal_network,pm_no_rail_network,pm_no_passenger_trains,6.0,3.0,100.0_PROJECTED,0,NO,"One local road network level. | No transport-canal level recommended. | A durable inter-urban caravan, pilgrimage, military or administrative corridor justifies one pre-rail regional infrastructure level; no railway PM is permitted.",1,6.0,Target satisfies usage 3.0 plus engine AI surplus 2; fixed capacity 3.0 per level; no rail or passenger service.
TUR,Turkey,STATE_DIYARBAKIR,Diyarbakir,2,pm_traditional_road_network,pm_no_canal_network,pm_no_rail_network,pm_no_passenger_trains,9.0,5.5,100.0_PROJECTED,0,NO,"One road level on the Anatolia–Mesopotamia corridor. | No transport-canal level recommended. | A durable inter-urban caravan, pilgrimage, military or administrative corridor justifies one pre-rail regional infrastructure level; no railway PM is permitted.",2,9.0,Target satisfies usage 5.5 plus engine AI surplus 2; fixed capacity 3.0 per level; no rail or passenger service.
TUR,Turkey,STATE_DOBRUDJA,Dobrudja,0,pm_traditional_road_network,pm_no_canal_network,pm_no_rail_network,pm_no_passenger_trains,3.0,0.0,100.0_PROJECTED,0,NO,No prior historical transport row; gameplay capacity uses the least-modern road PM.,0,3.0,Target satisfies usage 0.0 plus engine AI surplus 2; fixed capacity 3.0 per level; no rail or passenger service.
TUR,Turkey,STATE_DONGOLA,Dongola,1,pm_traditional_road_network,pm_no_canal_network,pm_no_rail_network,pm_no_passenger_trains,6.0,2.0,100.0_PROJECTED,0,NO,No prior historical transport row; gameplay capacity uses the least-modern road PM.,1,6.0,Target satisfies usage 2.0 plus engine AI surplus 2; fixed capacity 3.0 per level; no rail or passenger service.
TUR,Turkey,STATE_EASTERN_SERBIA,Eastern Serbia,0,pm_traditional_road_network,pm_no_canal_network,pm_no_rail_network,pm_no_passenger_trains,3.0,0.0,100.0_PROJECTED,0,NO,No prior historical transport row; gameplay capacity uses the least-modern road PM.,0,3.0,Target satisfies usage 0.0 plus engine AI surplus 2; fixed capacity 3.0 per level; no rail or passenger service.
TUR,Turkey,STATE_EASTERN_THRACE,Eastern Thrace,11,pm_traditional_road_network,pm_no_canal_network,pm_no_rail_network,pm_no_passenger_trains,36.0,33.2,100.0_PROJECTED,0,NO,No prior historical transport row; gameplay capacity uses the least-modern road PM.,11,36.0,Target satisfies usage 33.2 plus engine AI surplus 2; fixed capacity 3.0 per level; no rail or passenger service.
TUR,Turkey,STATE_EAST_AEGEAN_ISLANDS,East Aegean Islands,0,pm_traditional_road_network,pm_no_canal_network,pm_no_rail_network,pm_no_passenger_trains,3.0,1.0,100.0_PROJECTED,0,NO,No prior historical transport row; gameplay capacity uses the least-modern road PM.,0,3.0,Target satisfies usage 1.0 plus engine AI surplus 2; fixed capacity 3.0 per level; no rail or passenger service.
TUR,Turkey,STATE_ERITREA,Eritrea,0,pm_traditional_road_network,pm_no_canal_network,pm_no_rail_network,pm_no_passenger_trains,3.0,1.0,100.0_PROJECTED,0,NO,No prior historical transport row; gameplay capacity uses the least-modern road PM.,0,3.0,Target satisfies usage 1.0 plus engine AI surplus 2; fixed capacity 3.0 per level; no rail or passenger service.
TUR,Turkey,STATE_ERZURUM,Erzurum,1,pm_traditional_road_network,pm_no_canal_network,pm_no_rail_network,pm_no_passenger_trains,6.0,2.0,100.0_PROJECTED,0,NO,"One road level on the eastern Anatolian/Persian route. | No transport-canal level recommended. | A durable inter-urban caravan, pilgrimage, military or administrative corridor justifies one pre-rail regional infrastructure level; no railway PM is permitted.",1,6.0,Target satisfies usage 2.0 plus engine AI surplus 2; fixed capacity 3.0 per level; no rail or passenger service.
TUR,Turkey,STATE_HUDAVENDIGAR,Hudavendigar,3,pm_traditional_road_network,pm_no_canal_network,pm_no_rail_network,pm_no_passenger_trains,12.0,9.5,100.0_PROJECTED,0,NO,"Two road levels for Bursa and its Marmara/Anatolian connections. | No transport-canal level recommended. | A durable inter-urban caravan, pilgrimage, military or administrative corridor justifies one pre-rail regional infrastructure level; no railway PM is permitted.",3,12.0,Target satisfies usage 9.5 plus engine AI surplus 2; fixed capacity 3.0 per level; no rail or passenger service.
TUR,Turkey,STATE_KARS,Kars,1,pm_traditional_road_network,pm_no_canal_network,pm_no_rail_network,pm_no_passenger_trains,6.0,2.0,100.0_PROJECTED,0,NO,"One frontier-road level. | No transport-canal level recommended. | A durable inter-urban caravan, pilgrimage, military or administrative corridor justifies one pre-rail regional infrastructure level; no railway PM is permitted.",1,6.0,Target satisfies usage 2.0 plus engine AI surplus 2; fixed capacity 3.0 per level; no rail or passenger service.
TUR,Turkey,STATE_KASTAMONU,Kastamonu,2,pm_traditional_road_network,pm_no_canal_network,pm_no_rail_network,pm_no_passenger_trains,9.0,5.0,100.0_PROJECTED,0,NO,"One road level. | No transport-canal level recommended. | A durable inter-urban caravan, pilgrimage, military or administrative corridor justifies one pre-rail regional infrastructure level; no railway PM is permitted.",2,9.0,Target satisfies usage 5.0 plus engine AI surplus 2; fixed capacity 3.0 per level; no rail or passenger service.
TUR,Turkey,STATE_KONYA,Konya,1,pm_traditional_road_network,pm_no_canal_network,pm_no_rail_network,pm_no_passenger_trains,6.0,3.0,100.0_PROJECTED,0,NO,"One central-Anatolian road level. | No transport-canal level recommended. | A durable inter-urban caravan, pilgrimage, military or administrative corridor justifies one pre-rail regional infrastructure level; no railway PM is permitted.",1,6.0,Target satisfies usage 3.0 plus engine AI surplus 2; fixed capacity 3.0 per level; no rail or passenger service.
TUR,Turkey,STATE_KOSOVO,Kosovo,0,pm_traditional_road_network,pm_no_canal_network,pm_no_rail_network,pm_no_passenger_trains,3.0,0.0,100.0_PROJECTED,0,NO,No prior historical transport row; gameplay capacity uses the least-modern road PM.,0,3.0,Target satisfies usage 0.0 plus engine AI surplus 2; fixed capacity 3.0 per level; no rail or passenger service.
TUR,Turkey,STATE_LEBANON,Lebanon,2,pm_traditional_road_network,pm_no_canal_network,pm_no_rail_network,pm_no_passenger_trains,9.0,5.0,100.0_PROJECTED,0,NO,"One road level linking coast, Damascus and mountain production zones. | No transport-canal level recommended. | A durable inter-urban caravan, pilgrimage, military or administrative corridor justifies one pre-rail regional infrastructure level; no railway PM is permitted.",2,9.0,Target satisfies usage 5.0 plus engine AI surplus 2; fixed capacity 3.0 per level; no rail or passenger service.
TUR,Turkey,STATE_LOWER_EGYPT,Lower Egypt,9,pm_traditional_road_network,pm_industrial_canals,pm_no_rail_network,pm_no_passenger_trains,39.0,36.5,100.0_PROJECTED,0,NO,Two road levels for Cairo/Delta and Mediterranean/Red Sea links. | One transport-canal level is justified by the long-used navigable Delta/Nile canal system; this is not a railway and should be reviewed separately from irrigation. | Dense Nile/Delta overland connectivity warrants two road-network levels; rail remains disabled.,9,39.0,Target satisfies usage 36.5 plus engine AI surplus 2; fixed capacity 4.0 per level; no rail or passenger service.
TUR,Turkey,STATE_MACEDONIA,Macedonia,1,pm_traditional_road_network,pm_no_canal_network,pm_no_rail_network,pm_no_passenger_trains,6.0,2.0,100.0_PROJECTED,0,NO,No prior historical transport row; gameplay capacity uses the least-modern road PM.,1,6.0,Target satisfies usage 2.0 plus engine AI surplus 2; fixed capacity 3.0 per level; no rail or passenger service.
TUR,Turkey,STATE_MATRUH,Matruh,0,pm_traditional_road_network,pm_no_canal_network,pm_no_rail_network,pm_no_passenger_trains,3.0,1.0,100.0_PROJECTED,0,NO,No prior historical transport row; gameplay capacity uses the least-modern road PM.,0,3.0,Target satisfies usage 1.0 plus engine AI surplus 2; fixed capacity 3.0 per level; no rail or passenger service.
TUR,Turkey,STATE_MIDDLE_EGYPT,Middle Egypt,1,pm_traditional_road_network,pm_industrial_canals,pm_no_rail_network,pm_no_passenger_trains,7.0,4.5,100.0_PROJECTED,0,NO,One road level along the Nile corridor. | One canal/navigation justification is plausible where canals connected Nile settlements; retain as MEDIUM rather than assuming industrial canal engineering. | The Nile corridor supported durable regional movement; one road/infrastructure level.,1,7.0,Target satisfies usage 4.5 plus engine AI surplus 2; fixed capacity 4.0 per level; no rail or passenger service.
TUR,Turkey,STATE_MONTENEGRO,Montenegro,0,pm_traditional_road_network,pm_no_canal_network,pm_no_rail_network,pm_no_passenger_trains,3.0,0.0,100.0_PROJECTED,0,NO,No prior historical transport row; gameplay capacity uses the least-modern road PM.,0,3.0,Target satisfies usage 0.0 plus engine AI surplus 2; fixed capacity 3.0 per level; no rail or passenger service.
TUR,Turkey,STATE_NORTHERN_THRACE,Northern Thrace,1,pm_traditional_road_network,pm_no_canal_network,pm_no_rail_network,pm_no_passenger_trains,6.0,2.0,100.0_PROJECTED,0,NO,No prior historical transport row; gameplay capacity uses the least-modern road PM.,1,6.0,Target satisfies usage 2.0 plus engine AI surplus 2; fixed capacity 3.0 per level; no rail or passenger service.
TUR,Turkey,STATE_PALESTINE,Palestine,2,pm_traditional_road_network,pm_no_canal_network,pm_no_rail_network,pm_no_passenger_trains,9.0,5.0,100.0_PROJECTED,0,NO,"One pilgrimage/trade road level. | No transport-canal level recommended. | A durable inter-urban caravan, pilgrimage, military or administrative corridor justifies one pre-rail regional infrastructure level; no railway PM is permitted.",2,9.0,Target satisfies usage 5.0 plus engine AI surplus 2; fixed capacity 3.0 per level; no rail or passenger service.
TUR,Turkey,STATE_PELOPONNESE,Peloponnese,0,pm_traditional_road_network,pm_no_canal_network,pm_no_rail_network,pm_no_passenger_trains,3.0,1.0,100.0_PROJECTED,0,NO,No prior historical transport row; gameplay capacity uses the least-modern road PM.,0,3.0,Target satisfies usage 1.0 plus engine AI surplus 2; fixed capacity 3.0 per level; no rail or passenger service.
TUR,Turkey,STATE_SINAI,Sinai,1,pm_traditional_road_network,pm_no_canal_network,pm_no_rail_network,pm_no_passenger_trains,6.0,1.0,100.0_PROJECTED,0,NO,One sparse caravan route level. | No canal level recommended. | Pilgrimage and Egypt–Levant caravan routes justify one sparse road-corridor level.,1,6.0,Target satisfies usage 1.0 plus engine AI surplus 2; fixed capacity 3.0 per level; no rail or passenger service.
TUR,Turkey,STATE_SKOPIA,Skopia,0,pm_traditional_road_network,pm_no_canal_network,pm_no_rail_network,pm_no_passenger_trains,3.0,0.0,100.0_PROJECTED,0,NO,No prior historical transport row; gameplay capacity uses the least-modern road PM.,0,3.0,Target satisfies usage 0.0 plus engine AI surplus 2; fixed capacity 3.0 per level; no rail or passenger service.
TUR,Turkey,STATE_SYRIA,Syria,5,pm_traditional_road_network,pm_no_canal_network,pm_no_rail_network,pm_no_passenger_trains,18.0,14.5,100.0_PROJECTED,0,NO,"One Damascus-centered caravan/pilgrimage road level. | No transport-canal level recommended. | A durable inter-urban caravan, pilgrimage, military or administrative corridor justifies one pre-rail regional infrastructure level; no railway PM is permitted.",5,18.0,Target satisfies usage 14.5 plus engine AI surplus 2; fixed capacity 3.0 per level; no rail or passenger service.
TUR,Turkey,STATE_THESSALIA,Thessaly,1,pm_traditional_road_network,pm_no_canal_network,pm_no_rail_network,pm_no_passenger_trains,6.0,2.0,100.0_PROJECTED,0,NO,No prior historical transport row; gameplay capacity uses the least-modern road PM.,1,6.0,Target satisfies usage 2.0 plus engine AI surplus 2; fixed capacity 3.0 per level; no rail or passenger service.
TUR,Turkey,STATE_TRABZON,Trabzon,1,pm_traditional_road_network,pm_no_canal_network,pm_no_rail_network,pm_no_passenger_trains,6.0,4.0,100.0_PROJECTED,0,NO,"One road level toward eastern Anatolia/Persia. | No transport-canal level recommended. | A durable inter-urban caravan, pilgrimage, military or administrative corridor justifies one pre-rail regional infrastructure level; no railway PM is permitted.",1,6.0,Target satisfies usage 4.0 plus engine AI surplus 2; fixed capacity 3.0 per level; no rail or passenger service.
TUR,Turkey,STATE_TRANSJORDAN,Transjordan,1,pm_traditional_road_network,pm_no_canal_network,pm_no_rail_network,pm_no_passenger_trains,6.0,1.0,100.0_PROJECTED,0,NO,One caravan/pilgrimage road level. | No transport-canal level recommended. | The Syrian/Hajj caravan corridor warrants a conservative road-network seed.,1,6.0,Target satisfies usage 1.0 plus engine AI surplus 2; fixed capacity 3.0 per level; no rail or passenger service.
TUR,Turkey,STATE_UPPER_EGYPT,Upper Egypt,1,pm_traditional_road_network,pm_no_canal_network,pm_no_rail_network,pm_no_passenger_trains,6.0,3.5,100.0_PROJECTED,0,NO,One road/corridor level. | No separate engineered transport-canal level recommended. | The Nile corridor provides a strong pre-rail transport spine.,1,6.0,Target satisfies usage 3.5 plus engine AI surplus 2; fixed capacity 3.0 per level; no rail or passenger service.
TUR,Turkey,STATE_WESTERN_SERBIA,Western Serbia,0,pm_traditional_road_network,pm_no_canal_network,pm_no_rail_network,pm_no_passenger_trains,3.0,0.0,100.0_PROJECTED,0,NO,No prior historical transport row; gameplay capacity uses the least-modern road PM.,0,3.0,Target satisfies usage 0.0 plus engine AI surplus 2; fixed capacity 3.0 per level; no rail or passenger service.
TUR,Turkey,STATE_WESTERN_THRACE,Western Thrace,1,pm_traditional_road_network,pm_no_canal_network,pm_no_rail_network,pm_no_passenger_trains,6.0,2.0,100.0_PROJECTED,0,NO,No prior historical transport row; gameplay capacity uses the least-modern road PM.,1,6.0,Target satisfies usage 2.0 plus engine AI surplus 2; fixed capacity 3.0 per level; no rail or passenger service.
TUS,Tuscany,STATE_TUSCANY,Tuscany,4,pm_traditional_road_network,pm_no_canal_network,pm_no_rail_network,pm_no_passenger_trains,15.0,12.2,100.0_PROJECTED,0,NO,"From the 1760s the Lorraine government launched a major program of modern carriage-road construction across Tuscany. | Hydraulic works were extensive, but no separate industrial canal network is recommended at state scale.",4,15.0,Target satisfies usage 12.2 plus engine AI surplus 2; fixed capacity 3.0 per level; no rail or passenger service.
UBD,United Baltic Provinces,STATE_RIGA,South Livonia,2,pm_traditional_road_network,pm_no_canal_network,pm_no_rail_network,pm_no_passenger_trains,9.0,7.0,100.0_PROJECTED,0,NO,"Level 1 traditional road network to Baltic hinterland. | No industrial canal PM. | Riga's inland trade arteries justify a basic road network, while the Daugava itself is river navigation rather than an artificial canal.",2,9.0,Target satisfies usage 7.0 plus engine AI surplus 2; fixed capacity 3.0 per level; no rail or passenger service.
UBD,United Baltic Provinces,STATE_TALINN,Talinn,1,pm_traditional_road_network,pm_no_canal_network,pm_no_rail_network,pm_no_passenger_trains,6.0,3.5,100.0_PROJECTED,0,NO,Level 1 traditional road network. | No canal PM. | A modest regional road network is justified around the provincial capital.,1,6.0,Target satisfies usage 3.5 plus engine AI surplus 2; fixed capacity 3.0 per level; no rail or passenger service.
UBD,United Baltic Provinces,STATE_TARTU,North Livonia,1,pm_traditional_road_network,pm_no_canal_network,pm_no_rail_network,pm_no_passenger_trains,6.0,2.0,100.0_PROJECTED,0,NO,Level 1 traditional road network. | No canal PM. | A basic inland road connection to the Baltic market is plausible.,1,6.0,Target satisfies usage 2.0 plus engine AI surplus 2; fixed capacity 3.0 per level; no rail or passenger service.
ULT,Ulta,STATE_SAKHALIN,Sakhalin,0,pm_traditional_road_network,pm_no_canal_network,pm_no_rail_network,pm_no_passenger_trains,3.0,0.0,100.0_PROJECTED,0,NO,No prior historical transport row; gameplay capacity uses the least-modern road PM.,0,3.0,Target satisfies usage 0.0 plus engine AI surplus 2; fixed capacity 3.0 per level; no rail or passenger service.
UNT,United Tribes,STATE_NORTH_ISLAND,North Island,0,pm_traditional_road_network,pm_no_canal_network,pm_no_rail_network,pm_no_passenger_trains,3.0,0.0,100.0_PROJECTED,0,NO,No prior historical transport row; gameplay capacity uses the least-modern road PM.,0,3.0,Target satisfies usage 0.0 plus engine AI surplus 2; fixed capacity 3.0 per level; no rail or passenger service.
USA,America,STATE_CONNECTICUT,Connecticut,2,pm_traditional_road_network,pm_no_canal_network,pm_no_rail_network,pm_no_passenger_trains,9.0,5.5,100.0_PROJECTED,0,NO,"1 | 0 | Dense colonial settlement with mixed commercial farming, maritime trades and Yale.",2,9.0,Target satisfies usage 5.5 plus engine AI surplus 2; fixed capacity 3.0 per level; no rail or passenger service.
USA,America,STATE_DELAWARE,Delaware,0,pm_traditional_road_network,pm_no_canal_network,pm_no_rail_network,pm_no_passenger_trains,3.0,1.0,100.0_PROJECTED,0,NO,No prior historical transport row; gameplay capacity uses the least-modern road PM.,0,3.0,Target satisfies usage 1.0 plus engine AI surplus 2; fixed capacity 3.0 per level; no rail or passenger service.
USA,America,STATE_DISTRICT_OF_COLUMBIA,District of Columbia,6,pm_traditional_road_network,pm_no_canal_network,pm_no_rail_network,pm_no_passenger_trains,21.0,19.0,100.0_PROJECTED,0,NO,No prior historical transport row; gameplay capacity uses the least-modern road PM.,6,21.0,Target satisfies usage 19.0 plus engine AI surplus 2; fixed capacity 3.0 per level; no rail or passenger service.
USA,America,STATE_GEORGIA,Georgia,3,pm_traditional_road_network,pm_no_canal_network,pm_no_rail_network,pm_no_passenger_trains,12.0,9.5,100.0_PROJECTED,0,NO,"1 | 0 | Organized plantation/export agriculture and regional ports were present, but below South Carolina/Virginia scale.",3,12.0,Target satisfies usage 9.5 plus engine AI surplus 2; fixed capacity 3.0 per level; no rail or passenger service.
USA,America,STATE_MAINE,Maine,3,pm_traditional_road_network,pm_no_canal_network,pm_no_rail_network,pm_no_passenger_trains,12.0,8.5,100.0_PROJECTED,0,NO,"1 | 0 | Northern New England combined commercial timber, fishing and shipbuilding with Atlantic ports.",3,12.0,Target satisfies usage 8.5 plus engine AI surplus 2; fixed capacity 3.0 per level; no rail or passenger service.
USA,America,STATE_MARYLAND,Maryland,4,pm_traditional_road_network,pm_no_canal_network,pm_no_rail_network,pm_no_passenger_trains,15.0,12.5,100.0_PROJECTED,0,NO,1 | 0 | Tobacco remained a major export while grain and Atlantic commerce diversified the economy.,4,15.0,Target satisfies usage 12.5 plus engine AI surplus 2; fixed capacity 3.0 per level; no rail or passenger service.
USA,America,STATE_MASSACHUSETTS,Massachusetts,6,pm_traditional_road_network,pm_no_canal_network,pm_no_rail_network,pm_no_passenger_trains,21.0,17.5,100.0_PROJECTED,0,NO,1 | 0 | Post roads and intercolonial roads connected the dense Massachusetts settlements.,6,21.0,Target satisfies usage 17.5 plus engine AI surplus 2; fixed capacity 3.0 per level; no rail or passenger service.
USA,America,STATE_NEW_HAMPSHIRE,New Hampshire,2,pm_traditional_road_network,pm_no_canal_network,pm_no_rail_network,pm_no_passenger_trains,9.0,5.5,100.0_PROJECTED,0,NO,"1 | 0 | Northern New England combined commercial timber, fishing and shipbuilding with Atlantic ports.",2,9.0,Target satisfies usage 5.5 plus engine AI surplus 2; fixed capacity 3.0 per level; no rail or passenger service.
USA,America,STATE_NEW_JERSEY,New Jersey,2,pm_traditional_road_network,pm_no_canal_network,pm_no_rail_network,pm_no_passenger_trains,9.0,6.5,100.0_PROJECTED,0,NO,1 | 0 | Commercial grain and an established ironworking tradition coexisted with Princeton.,2,9.0,Target satisfies usage 6.5 plus engine AI surplus 2; fixed capacity 3.0 per level; no rail or passenger service.
USA,America,STATE_NEW_YORK,New York,6,pm_traditional_road_network,pm_no_canal_network,pm_no_rail_network,pm_no_passenger_trains,21.0,18.9,100.0_PROJECTED,0,NO,1 | 0 | New York was a major Atlantic port and grain-producing colony before the Revolution.,6,21.0,Target satisfies usage 18.9 plus engine AI surplus 2; fixed capacity 3.0 per level; no rail or passenger service.
USA,America,STATE_NORTH_CAROLINA,North Carolina,2,pm_traditional_road_network,pm_no_canal_network,pm_no_rail_network,pm_no_passenger_trains,9.0,5.5,100.0_PROJECTED,0,NO,"1 | 0 | Organized plantation/export agriculture and regional ports were present, but below South Carolina/Virginia scale.",2,9.0,Target satisfies usage 5.5 plus engine AI surplus 2; fixed capacity 3.0 per level; no rail or passenger service.
USA,America,STATE_PENNSYLVANIA,Pennsylvania,10,pm_traditional_road_network,pm_no_canal_network,pm_no_rail_network,pm_no_passenger_trains,33.0,30.0,100.0_PROJECTED,0,NO,2 | 0 | Philadelphia was the largest manufacturing/publishing centre in British North America; southeastern Pennsylvania had dense mills and workshops.,10,33.0,Target satisfies usage 30.0 plus engine AI surplus 2; fixed capacity 3.0 per level; no rail or passenger service.
USA,America,STATE_RHODE_ISLAND,Rhode Island,2,pm_traditional_road_network,pm_no_canal_network,pm_no_rail_network,pm_no_passenger_trains,9.0,4.5,100.0_PROJECTED,0,NO,1 | 0 | Newport and Narragansett Bay supported maritime commerce; Brown existed from 1764.,2,9.0,Target satisfies usage 4.5 plus engine AI surplus 2; fixed capacity 3.0 per level; no rail or passenger service.
USA,America,STATE_SOUTH_CAROLINA,South Carolina,4,pm_traditional_road_network,pm_no_canal_network,pm_no_rail_network,pm_no_passenger_trains,15.0,12.0,100.0_PROJECTED,0,NO,"1 | 0 | Rice, indigo and Charleston's merchant/shipping economy were established and export-oriented.",4,15.0,Target satisfies usage 12.0 plus engine AI surplus 2; fixed capacity 3.0 per level; no rail or passenger service.
USA,America,STATE_VERMONT,Vermont,0,pm_traditional_road_network,pm_no_canal_network,pm_no_rail_network,pm_no_passenger_trains,3.0,1.0,100.0_PROJECTED,0,NO,No prior historical transport row; gameplay capacity uses the least-modern road PM.,0,3.0,Target satisfies usage 1.0 plus engine AI surplus 2; fixed capacity 3.0 per level; no rail or passenger service.
USA,America,STATE_VIRGINIA,Virginia,5,pm_traditional_road_network,pm_no_canal_network,pm_no_rail_network,pm_no_passenger_trains,18.0,15.7,100.0_PROJECTED,0,NO,1 | 0 | Virginia's tobacco plantation and inspection/warehouse system was one of the largest organized export sectors in British America.,5,18.0,Target satisfies usage 15.7 plus engine AI surplus 2; fixed capacity 3.0 per level; no rail or passenger service.
USA,America,STATE_WEST_VIRGINIA,West Virginia,0,pm_traditional_road_network,pm_no_canal_network,pm_no_rail_network,pm_no_passenger_trains,3.0,0.0,100.0_PROJECTED,0,NO,No prior historical transport row; gameplay capacity uses the least-modern road PM.,0,3.0,Target satisfies usage 0.0 plus engine AI surplus 2; fixed capacity 3.0 per level; no rail or passenger service.
UTE,Ute,STATE_COLORADO,Colorado,0,pm_traditional_road_network,pm_no_canal_network,pm_no_rail_network,pm_no_passenger_trains,3.0,0.0,100.0_PROJECTED,0,NO,No prior historical transport row; gameplay capacity uses the least-modern road PM.,0,3.0,Target satisfies usage 0.0 plus engine AI surplus 2; fixed capacity 3.0 per level; no rail or passenger service.
UTE,Ute,STATE_UTAH,Utah,0,pm_traditional_road_network,pm_no_canal_network,pm_no_rail_network,pm_no_passenger_trains,3.0,0.0,100.0_PROJECTED,0,NO,No prior historical transport row; gameplay capacity uses the least-modern road PM.,0,3.0,Target satisfies usage 0.0 plus engine AI surplus 2; fixed capacity 3.0 per level; no rail or passenger service.
UZH,Uly Zhuz,STATE_SYRDARYA,Syrdarya,0,pm_traditional_road_network,pm_no_canal_network,pm_no_rail_network,pm_no_passenger_trains,3.0,1.0,100.0_PROJECTED,0,NO,No prior historical transport row; gameplay capacity uses the least-modern road PM.,0,3.0,Target satisfies usage 1.0 plus engine AI surplus 2; fixed capacity 3.0 per level; no rail or passenger service.
VEN,Venice,STATE_DALMATIA,Dalmatia,0,pm_traditional_road_network,pm_no_canal_network,pm_no_rail_network,pm_no_passenger_trains,3.0,5.0,60.0_PROJECTED,0,NO,No prior historical transport row; gameplay capacity uses the least-modern road PM.,0,3.0,Target satisfies usage 5.0 plus engine AI surplus 2; fixed capacity 3.0 per level; no rail or passenger service.
VEN,Venice,STATE_IONIAN_ISLANDS,Ionian Islands,0,pm_traditional_road_network,pm_no_canal_network,pm_no_rail_network,pm_no_passenger_trains,3.0,3.0,100.0_PROJECTED,0,NO,No prior historical transport row; gameplay capacity uses the least-modern road PM.,0,3.0,Target satisfies usage 3.0 plus engine AI surplus 2; fixed capacity 3.0 per level; no rail or passenger service.
VEN,Venice,STATE_ISTRIA,Istria,0,pm_traditional_road_network,pm_no_canal_network,pm_no_rail_network,pm_no_passenger_trains,3.0,11.0,27.3_PROJECTED,0,NO,No prior historical transport row; gameplay capacity uses the least-modern road PM.,0,3.0,Target satisfies usage 11.0 plus engine AI surplus 2; fixed capacity 3.0 per level; no rail or passenger service.
VEN,Venice,STATE_MONTENEGRO,Montenegro,0,pm_traditional_road_network,pm_no_canal_network,pm_no_rail_network,pm_no_passenger_trains,3.0,0.0,100.0_PROJECTED,0,NO,No prior historical transport row; gameplay capacity uses the least-modern road PM.,0,3.0,Target satisfies usage 0.0 plus engine AI surplus 2; fixed capacity 3.0 per level; no rail or passenger service.
VEN,Venice,STATE_SOUTH_TYROL,South Tyrol,0,pm_traditional_road_network,pm_no_canal_network,pm_no_rail_network,pm_no_passenger_trains,3.0,2.0,100.0_PROJECTED,0,NO,No prior historical transport row; gameplay capacity uses the least-modern road PM.,0,3.0,Target satisfies usage 2.0 plus engine AI surplus 2; fixed capacity 3.0 per level; no rail or passenger service.
VEN,Venice,STATE_VENETIA,Venetia,0,pm_traditional_road_network,pm_no_canal_network,pm_no_rail_network,pm_no_passenger_trains,3.0,47.0,6.4_PROJECTED,0,NO,No prior historical transport row; gameplay capacity uses the least-modern road PM.,0,3.0,Target satisfies usage 47.0 plus engine AI surplus 2; fixed capacity 3.0 per level; no rail or passenger service.
VEN,Venice,STATE_WEST_AEGEAN_ISLANDS,West Aegean Islands,0,pm_traditional_road_network,pm_no_canal_network,pm_no_rail_network,pm_no_passenger_trains,3.0,1.0,100.0_PROJECTED,0,NO,No prior historical transport row; gameplay capacity uses the least-modern road PM.,0,3.0,Target satisfies usage 1.0 plus engine AI surplus 2; fixed capacity 3.0 per level; no rail or passenger service.
VND,Venda,STATE_TRANSVAAL,Transvaal,0,pm_traditional_road_network,pm_no_canal_network,pm_no_rail_network,pm_no_passenger_trains,3.0,1.0,100.0_PROJECTED,0,NO,No prior historical transport row; gameplay capacity uses the least-modern road PM.,0,3.0,Target satisfies usage 1.0 plus engine AI surplus 2; fixed capacity 3.0 per level; no rail or passenger service.
VNT,Vanuatu,STATE_VANUATU,Vanuatu,0,pm_traditional_road_network,pm_no_canal_network,pm_no_rail_network,pm_no_passenger_trains,3.0,0.0,100.0_PROJECTED,0,NO,No prior historical transport row; gameplay capacity uses the least-modern road PM.,0,3.0,Target satisfies usage 0.0 plus engine AI surplus 2; fixed capacity 3.0 per level; no rail or passenger service.
WAD,Wadai,STATE_CHAD,Chad,1,pm_traditional_road_network,pm_no_canal_network,pm_no_rail_network,pm_no_passenger_trains,6.0,2.0,100.0_PROJECTED,0,NO,"One regional road/caravan level, not the later direct Benghazi route. | No canal level recommended. | Regional caravan traffic existed, but the direct Benghazi–Wadai route belongs after 1809; one low-confidence road seed only.",1,6.0,Target satisfies usage 2.0 plus engine AI surplus 2; fixed capacity 3.0 per level; no rail or passenger service.
WAD,Wadai,STATE_WADDAI,Waddai,0,pm_traditional_road_network,pm_no_canal_network,pm_no_rail_network,pm_no_passenger_trains,3.0,0.0,100.0_PROJECTED,0,NO,No prior historical transport row; gameplay capacity uses the least-modern road PM.,0,3.0,Target satisfies usage 0.0 plus engine AI surplus 2; fixed capacity 3.0 per level; no rail or passenger service.
WAL,Wallachia,STATE_WALLACHIA,Wallachia,0,pm_traditional_road_network,pm_no_canal_network,pm_no_rail_network,pm_no_passenger_trains,3.0,1.0,100.0_PROJECTED,0,NO,No prior historical transport row; gameplay capacity uses the least-modern road PM.,0,3.0,Target satisfies usage 1.0 plus engine AI surplus 2; fixed capacity 3.0 per level; no rail or passenger service.
WBL,Griqualand,STATE_NORTHERN_CAPE,Northern Cape,0,pm_traditional_road_network,pm_no_canal_network,pm_no_rail_network,pm_no_passenger_trains,3.0,0.0,100.0_PROJECTED,0,NO,No prior historical transport row; gameplay capacity uses the least-modern road PM.,0,3.0,Target satisfies usage 0.0 plus engine AI surplus 2; fixed capacity 3.0 per level; no rail or passenger service.
WDJ,Wiradjuri,STATE_NEW_SOUTH_WALES,New South Wales,0,pm_traditional_road_network,pm_no_canal_network,pm_no_rail_network,pm_no_passenger_trains,3.0,0.0,100.0_PROJECTED,0,NO,No prior historical transport row; gameplay capacity uses the least-modern road PM.,0,3.0,Target satisfies usage 0.0 plus engine AI surplus 2; fixed capacity 3.0 per level; no rail or passenger service.
WDJ,Wiradjuri,STATE_QUEENSLAND,Queensland,0,pm_traditional_road_network,pm_no_canal_network,pm_no_rail_network,pm_no_passenger_trains,3.0,0.0,100.0_PROJECTED,0,NO,No prior historical transport row; gameplay capacity uses the least-modern road PM.,0,3.0,Target satisfies usage 0.0 plus engine AI surplus 2; fixed capacity 3.0 per level; no rail or passenger service.
WEI,Saxe-Weimar,STATE_SAXONY,Saxony,1,pm_traditional_road_network,pm_no_canal_network,pm_no_rail_network,pm_no_passenger_trains,6.0,1.5,100.0_PROJECTED,0,NO,No prior historical transport row; gameplay capacity uses the least-modern road PM.,1,6.0,Target satisfies usage 1.5 plus engine AI surplus 2; fixed capacity 3.0 per level; no rail or passenger service.
WKB,Waka-Gabi,STATE_QUEENSLAND,Queensland,0,pm_traditional_road_network,pm_no_canal_network,pm_no_rail_network,pm_no_passenger_trains,3.0,0.0,100.0_PROJECTED,0,NO,No prior historical transport row; gameplay capacity uses the least-modern road PM.,0,3.0,Target satisfies usage 0.0 plus engine AI surplus 2; fixed capacity 3.0 per level; no rail or passenger service.
WLD,Waldeck,STATE_HESSE,Hesse,1,pm_traditional_road_network,pm_no_canal_network,pm_no_rail_network,pm_no_passenger_trains,6.0,1.5,100.0_PROJECTED,0,NO,No prior historical transport row; gameplay capacity uses the least-modern road PM.,1,6.0,Target satisfies usage 1.5 plus engine AI surplus 2; fixed capacity 3.0 per level; no rail or passenger service.
WRR,Worrorra,STATE_NORTHERN_TERRITORY,Northern Territory,0,pm_traditional_road_network,pm_no_canal_network,pm_no_rail_network,pm_no_passenger_trains,3.0,0.0,100.0_PROJECTED,0,NO,No prior historical transport row; gameplay capacity uses the least-modern road PM.,0,3.0,Target satisfies usage 0.0 plus engine AI surplus 2; fixed capacity 3.0 per level; no rail or passenger service.
WRR,Worrorra,STATE_WESTERN_AUSTRALIA,Western Australia,0,pm_traditional_road_network,pm_no_canal_network,pm_no_rail_network,pm_no_passenger_trains,3.0,0.0,100.0_PROJECTED,0,NO,No prior historical transport row; gameplay capacity uses the least-modern road PM.,0,3.0,Target satisfies usage 0.0 plus engine AI surplus 2; fixed capacity 3.0 per level; no rail or passenger service.
WSG,Warsangali,STATE_SOMALILAND,Somaliland,0,pm_traditional_road_network,pm_no_canal_network,pm_no_rail_network,pm_no_passenger_trains,3.0,0.0,100.0_PROJECTED,0,NO,No prior historical transport row; gameplay capacity uses the least-modern road PM.,0,3.0,Target satisfies usage 0.0 plus engine AI surplus 2; fixed capacity 3.0 per level; no rail or passenger service.
WTI,Anangu,STATE_NORTHERN_TERRITORY,Northern Territory,0,pm_traditional_road_network,pm_no_canal_network,pm_no_rail_network,pm_no_passenger_trains,3.0,0.0,100.0_PROJECTED,0,NO,No prior historical transport row; gameplay capacity uses the least-modern road PM.,0,3.0,Target satisfies usage 0.0 plus engine AI surplus 2; fixed capacity 3.0 per level; no rail or passenger service.
WTI,Anangu,STATE_SOUTH_AUSTRALIA,South Australia,0,pm_traditional_road_network,pm_no_canal_network,pm_no_rail_network,pm_no_passenger_trains,3.0,0.0,100.0_PROJECTED,0,NO,No prior historical transport row; gameplay capacity uses the least-modern road PM.,0,3.0,Target satisfies usage 0.0 plus engine AI surplus 2; fixed capacity 3.0 per level; no rail or passenger service.
WTI,Anangu,STATE_TASMANIA,Tasmania,0,pm_traditional_road_network,pm_no_canal_network,pm_no_rail_network,pm_no_passenger_trains,3.0,0.0,100.0_PROJECTED,0,NO,No prior historical transport row; gameplay capacity uses the least-modern road PM.,0,3.0,Target satisfies usage 0.0 plus engine AI surplus 2; fixed capacity 3.0 per level; no rail or passenger service.
WTI,Anangu,STATE_WESTERN_AUSTRALIA,Western Australia,0,pm_traditional_road_network,pm_no_canal_network,pm_no_rail_network,pm_no_passenger_trains,3.0,0.0,100.0_PROJECTED,0,NO,No prior historical transport row; gameplay capacity uses the least-modern road PM.,0,3.0,Target satisfies usage 0.0 plus engine AI surplus 2; fixed capacity 3.0 per level; no rail or passenger service.
WTU,Witu,STATE_KENYA,Kenya,0,pm_traditional_road_network,pm_no_canal_network,pm_no_rail_network,pm_no_passenger_trains,3.0,0.2,100.0_PROJECTED,0,NO,No prior historical transport row; gameplay capacity uses the least-modern road PM.,0,3.0,Target satisfies usage 0.2 plus engine AI surplus 2; fixed capacity 3.0 per level; no rail or passenger service.
WUR,Württemberg,STATE_WURTTEMBERG,Württemberg,2,pm_traditional_road_network,pm_no_canal_network,pm_no_rail_network,pm_no_passenger_trains,9.0,6.5,100.0_PROJECTED,0,NO,"Regional trade routes existed, but evidence for a broad engineered road network by 1776 is insufficient for more than one level. | No industrial canal network assigned.",2,9.0,Target satisfies usage 6.5 plus engine AI surplus 2; fixed capacity 3.0 per level; no rail or passenger service.
XHO,Xhosa,STATE_EASTERN_CAPE,Eastern Cape,0,pm_traditional_road_network,pm_no_canal_network,pm_no_rail_network,pm_no_passenger_trains,3.0,1.0,100.0_PROJECTED,0,NO,No prior historical transport row; gameplay capacity uses the least-modern road PM.,0,3.0,Target satisfies usage 1.0 plus engine AI surplus 2; fixed capacity 3.0 per level; no rail or passenger service.
YGU,Yolngu,STATE_NORTHERN_TERRITORY,Northern Territory,0,pm_traditional_road_network,pm_no_canal_network,pm_no_rail_network,pm_no_passenger_trains,3.0,0.0,100.0_PROJECTED,0,NO,No prior historical transport row; gameplay capacity uses the least-modern road PM.,0,3.0,Target satisfies usage 0.0 plus engine AI surplus 2; fixed capacity 3.0 per level; no rail or passenger service.
YKA,Yaka,STATE_BAS_CONGO,Lower Congo,0,pm_traditional_road_network,pm_no_canal_network,pm_no_rail_network,pm_no_passenger_trains,3.0,0.0,100.0_PROJECTED,0,NO,No prior historical transport row; gameplay capacity uses the least-modern road PM.,0,3.0,Target satisfies usage 0.0 plus engine AI surplus 2; fixed capacity 3.0 per level; no rail or passenger service.
YOG,Yogyakarta,STATE_CENTRAL_JAVA,Central Java,1,pm_traditional_road_network,pm_no_canal_network,pm_no_rail_network,pm_no_passenger_trains,6.0,1.5,100.0_PROJECTED,0,NO,No prior historical transport row; gameplay capacity uses the least-modern road PM.,1,6.0,Target satisfies usage 1.5 plus engine AI surplus 2; fixed capacity 3.0 per level; no rail or passenger service.
YUR,Yura,STATE_NEW_SOUTH_WALES,New South Wales,0,pm_traditional_road_network,pm_no_canal_network,pm_no_rail_network,pm_no_passenger_trains,3.0,0.0,100.0_PROJECTED,0,NO,No prior historical transport row; gameplay capacity uses the least-modern road PM.,0,3.0,Target satisfies usage 0.0 plus engine AI surplus 2; fixed capacity 3.0 per level; no rail or passenger service.
YUR,Yura,STATE_SOUTH_AUSTRALIA,South Australia,0,pm_traditional_road_network,pm_no_canal_network,pm_no_rail_network,pm_no_passenger_trains,3.0,0.0,100.0_PROJECTED,0,NO,No prior historical transport row; gameplay capacity uses the least-modern road PM.,0,3.0,Target satisfies usage 0.0 plus engine AI surplus 2; fixed capacity 3.0 per level; no rail or passenger service.
ZAI,Azal,STATE_YEMEN,Yemen,2,pm_traditional_road_network,pm_no_canal_network,pm_no_rail_network,pm_no_passenger_trains,9.0,5.0,100.0_PROJECTED,0,NO,"One highland-to-port road level. | No canal level recommended. | A durable inter-urban caravan, pilgrimage, military or administrative corridor justifies one pre-rail regional infrastructure level; no railway PM is permitted.",2,9.0,Target satisfies usage 5.0 plus engine AI surplus 2; fixed capacity 3.0 per level; no rail or passenger service.
ZND,Azande,STATE_CONGO_ORIENTALE,Lualaba,0,pm_traditional_road_network,pm_no_canal_network,pm_no_rail_network,pm_no_passenger_trains,3.0,0.0,100.0_PROJECTED,0,NO,No prior historical transport row; gameplay capacity uses the least-modern road PM.,0,3.0,Target satisfies usage 0.0 plus engine AI surplus 2; fixed capacity 3.0 per level; no rail or passenger service.
ZND,Azande,STATE_UBANGI_SHARI,Ubangi-Shari,0,pm_traditional_road_network,pm_no_canal_network,pm_no_rail_network,pm_no_passenger_trains,3.0,0.0,100.0_PROJECTED,0,NO,No prior historical transport row; gameplay capacity uses the least-modern road PM.,0,3.0,Target satisfies usage 0.0 plus engine AI surplus 2; fixed capacity 3.0 per level; no rail or passenger service.
ZWY,Zuwayya,STATE_LIBYA,Cyrenaica,0,pm_traditional_road_network,pm_no_canal_network,pm_no_rail_network,pm_no_passenger_trains,3.0,1.0,100.0_PROJECTED,0,NO,No prior historical transport row; gameplay capacity uses the least-modern road PM.,0,3.0,Target satisfies usage 1.0 plus engine AI surplus 2; fixed capacity 3.0 per level; no rail or passenger service.
ZWY,Zuwayya,STATE_LIBYAN_DESERT,Fezzan,0,pm_traditional_road_network,pm_no_canal_network,pm_no_rail_network,pm_no_passenger_trains,3.0,1.0,100.0_PROJECTED,0,NO,No prior historical transport row; gameplay capacity uses the least-modern road PM.,0,3.0,Target satisfies usage 1.0 plus engine AI surplus 2; fixed capacity 3.0 per level; no rail or passenger service.
ZWY,Zuwayya,STATE_TRIPOLI,Tripoli,0,pm_traditional_road_network,pm_no_canal_network,pm_no_rail_network,pm_no_passenger_trains,3.0,1.0,100.0_PROJECTED,0,NO,No prior historical transport row; gameplay capacity uses the least-modern road PM.,0,3.0,Target satisfies usage 1.0 plus engine AI surplus 2; fixed capacity 3.0 per level; no rail or passenger service.
