Owner_TAG,State_ID,Building_ID,Current_Level,Historical_Target_Level,Proposed_Decision,Reason_Current_Building_Not_Supported,Auto_Generated,Special_System,Confidence,Notes
ACE,STATE_ACEH,building_fishing_wharf,1,0,REMOVE,COVERED_OWNER_STATE_WITH_NO_FINAL_HISTORICAL_TARGET_FOR_THIS_BUILDING,NO,NO,COVERAGE_COMPLETE,Coverage_Status=COVERED_POSITIVE | Research_Files=BUILD_START_1776_EAST_ASIA_SE_ASIA_RESEARCH.md;BUILD_START_1776_EAST_ASIA_SE_ASIA_RESEARCH_MATRIX.csv | CURRENT_SOURCE=common/history/buildings/12_indonesia.txt:common/history/buildings/12_indonesia.txt:785
ACE,STATE_ACEH,building_rice_farm,1,0,REMOVE,COVERED_OWNER_STATE_WITH_NO_FINAL_HISTORICAL_TARGET_FOR_THIS_BUILDING,NO,NO,COVERAGE_COMPLETE,Coverage_Status=COVERED_POSITIVE | Research_Files=BUILD_START_1776_EAST_ASIA_SE_ASIA_RESEARCH.md;BUILD_START_1776_EAST_ASIA_SE_ASIA_RESEARCH_MATRIX.csv | CURRENT_SOURCE=common/history/buildings/12_indonesia.txt:common/history/buildings/12_indonesia.txt:772
AIT,STATE_CONSTANTINE,building_government_administration,1,0,REMOVE,COVERED_OWNER_STATE_WITH_NO_FINAL_HISTORICAL_TARGET_FOR_THIS_BUILDING,NO,NO,COVERAGE_COMPLETE,Coverage_Status=COVERED_POSITIVE | Research_Files=BUILD_START_1776_R3_OWNER_STATE_COVERAGE.csv;BUILD_START_1776_R3_RECOMMENDATIONS.csv | CURRENT_SOURCE=common/history/buildings/03_north_africa.txt:common/history/buildings/03_north_africa.txt:690
AIT,STATE_CONSTANTINE,building_logging_camp,1,0,REMOVE,COVERED_OWNER_STATE_WITH_NO_FINAL_HISTORICAL_TARGET_FOR_THIS_BUILDING,NO,NO,COVERAGE_COMPLETE,Coverage_Status=COVERED_POSITIVE | Research_Files=BUILD_START_1776_R3_OWNER_STATE_COVERAGE.csv;BUILD_START_1776_R3_RECOMMENDATIONS.csv | CURRENT_SOURCE=common/history/buildings/03_north_africa.txt:common/history/buildings/03_north_africa.txt:727
ALK,STATE_ALASKA,building_logging_camp,2,0,REMOVE,COVERED_OWNER_STATE_WITH_NO_FINAL_HISTORICAL_TARGET_FOR_THIS_BUILDING,NO,NO,COVERAGE_COMPLETE,Coverage_Status=COVERED_ZERO_POSITIVE | Research_Files=BUILD_START_1776_AMERICAS_CARIBBEAN_RESEARCH.md | CURRENT_SOURCE=common/history/buildings/05_north_america.txt:common/history/buildings/05_north_america.txt:454
ALK,STATE_ALASKA,building_port,1,0,REMOVE,COVERED_OWNER_STATE_WITH_NO_FINAL_HISTORICAL_TARGET_FOR_THIS_BUILDING,NO,NO,COVERAGE_COMPLETE,Coverage_Status=COVERED_ZERO_POSITIVE | Research_Files=BUILD_START_1776_AMERICAS_CARIBBEAN_RESEARCH.md | CURRENT_SOURCE=common/history/buildings/05_north_america.txt:common/history/buildings/05_north_america.txt:430
ALK,STATE_ALASKA,building_whaling_station,1,0,REMOVE,COVERED_OWNER_STATE_WITH_NO_FINAL_HISTORICAL_TARGET_FOR_THIS_BUILDING,NO,NO,COVERAGE_COMPLETE,Coverage_Status=COVERED_ZERO_POSITIVE | Research_Files=BUILD_START_1776_AMERICAS_CARIBBEAN_RESEARCH.md | CURRENT_SOURCE=common/history/buildings/05_north_america.txt:common/history/buildings/05_north_america.txt:442
ANH,STATE_ANHALT,building_rye_farm,2,0,REMOVE,COVERED_OWNER_STATE_WITH_NO_FINAL_HISTORICAL_TARGET_FOR_THIS_BUILDING,NO,NO,COVERAGE_COMPLETE,Coverage_Status=COVERED_POSITIVE | Research_Files=BUILD_START_1776_CENTRAL_EUROPE_GERMAN_ITALY_RESEARCH.csv | CURRENT_SOURCE=common/history/buildings/00_west_europe.txt:common/history/buildings/00_west_europe.txt:5867
ARB,STATE_KHUZESTAN,building_fishing_wharf,1,0,REMOVE,COVERED_OWNER_STATE_WITH_NO_FINAL_HISTORICAL_TARGET_FOR_THIS_BUILDING,NO,NO,COVERAGE_COMPLETE,Coverage_Status=COVERED_POSITIVE | Research_Files=BUILD_START_1776_R3_OWNER_STATE_COVERAGE.csv;BUILD_START_1776_R3_RECOMMENDATIONS.csv | CURRENT_SOURCE=common/history/buildings/08_middle_east.txt:common/history/buildings/08_middle_east.txt:755
ARB,STATE_KHUZESTAN,building_opium_plantation,1,0,REMOVE,COVERED_OWNER_STATE_WITH_NO_FINAL_HISTORICAL_TARGET_FOR_THIS_BUILDING,NO,NO,COVERAGE_COMPLETE,Coverage_Status=COVERED_POSITIVE | Research_Files=BUILD_START_1776_R3_OWNER_STATE_COVERAGE.csv;BUILD_START_1776_R3_RECOMMENDATIONS.csv | CURRENT_SOURCE=common/history/buildings/08_middle_east.txt:common/history/buildings/08_middle_east.txt:781
ASH,STATE_GOLD_COAST,building_livestock_ranch,1,0,REMOVE,COVERED_OWNER_STATE_WITH_NO_FINAL_HISTORICAL_TARGET_FOR_THIS_BUILDING,NO,NO,COVERAGE_COMPLETE,Coverage_Status=COVERED_POSITIVE | Research_Files=BUILD_START_1776_SUPPLEMENTAL_OWNER_STATE_COVERAGE_CORRIGE.csv; BUILD_START_1776_SUPPLEMENTAL_RESEARCH_CORRIGE.csv | CURRENT_SOURCE=common/history/buildings/04_subsaharan_africa.txt:common/history/buildings/04_subsaharan_africa.txt:645
AUS,STATE_AUSTRIA,building_art_academy,1,0,REMOVE,CATALOG_NO_POST_1776_AND_NO_FINAL_HISTORICAL_TARGET,NO,NO,HIGH,Coverage_Status=COVERED_POSITIVE | Research_Files=BUILD_START_1776_CENTRAL_EUROPE_GERMAN_ITALY_RESEARCH.csv;BUILD_START_1776_CENTRAL_EUROPE_GERMAN_ITALY_RESEARCH.md | CURRENT_SOURCE=common/history/buildings/00_west_europe.txt:common/history/buildings/00_west_europe.txt:4806
AUS,STATE_AUSTRIA,building_construction_sector,2,0,REMOVE,COVERED_OWNER_STATE_WITH_NO_FINAL_HISTORICAL_TARGET_FOR_THIS_BUILDING,NO,NO,COVERAGE_COMPLETE,Coverage_Status=COVERED_POSITIVE | Research_Files=BUILD_START_1776_CENTRAL_EUROPE_GERMAN_ITALY_RESEARCH.csv;BUILD_START_1776_CENTRAL_EUROPE_GERMAN_ITALY_RESEARCH.md | CURRENT_SOURCE=common/history/buildings/00_west_europe.txt:common/history/buildings/00_west_europe.txt:4784
AUS,STATE_AUSTRIA,building_furniture_manufactory,5,0,REMOVE,COVERED_OWNER_STATE_WITH_NO_FINAL_HISTORICAL_TARGET_FOR_THIS_BUILDING,NO,NO,COVERAGE_COMPLETE,Coverage_Status=COVERED_POSITIVE | Research_Files=BUILD_START_1776_CENTRAL_EUROPE_GERMAN_ITALY_RESEARCH.csv;BUILD_START_1776_CENTRAL_EUROPE_GERMAN_ITALY_RESEARCH.md | CURRENT_SOURCE=common/history/buildings/00_west_europe.txt:common/history/buildings/00_west_europe.txt:4819
AUS,STATE_AUSTRIA,building_livestock_ranch,3,0,REMOVE,COVERED_OWNER_STATE_WITH_NO_FINAL_HISTORICAL_TARGET_FOR_THIS_BUILDING,NO,NO,COVERAGE_COMPLETE,Coverage_Status=COVERED_POSITIVE | Research_Files=BUILD_START_1776_CENTRAL_EUROPE_GERMAN_ITALY_RESEARCH.csv;BUILD_START_1776_CENTRAL_EUROPE_GERMAN_ITALY_RESEARCH.md | CURRENT_SOURCE=common/history/buildings/00_west_europe.txt:common/history/buildings/00_west_europe.txt:4874
AUS,STATE_AUSTRIA,building_paper_mill,5,0,REMOVE,COVERED_OWNER_STATE_WITH_NO_FINAL_HISTORICAL_TARGET_FOR_THIS_BUILDING,NO,NO,COVERAGE_COMPLETE,Coverage_Status=COVERED_POSITIVE | Research_Files=BUILD_START_1776_CENTRAL_EUROPE_GERMAN_ITALY_RESEARCH.csv;BUILD_START_1776_CENTRAL_EUROPE_GERMAN_ITALY_RESEARCH.md | CURRENT_SOURCE=common/history/buildings/00_west_europe.txt:common/history/buildings/00_west_europe.txt:4838
AUS,STATE_AUSTRIA,building_wheat_farm,10,0,REMOVE,COVERED_OWNER_STATE_WITH_NO_FINAL_HISTORICAL_TARGET_FOR_THIS_BUILDING,NO,NO,COVERAGE_COMPLETE,Coverage_Status=COVERED_POSITIVE | Research_Files=BUILD_START_1776_CENTRAL_EUROPE_GERMAN_ITALY_RESEARCH.csv;BUILD_START_1776_CENTRAL_EUROPE_GERMAN_ITALY_RESEARCH.md | CURRENT_SOURCE=common/history/buildings/00_west_europe.txt:common/history/buildings/00_west_europe.txt:4861
AUS,STATE_BOHEMIA,building_arms_industry,2,0,REMOVE,COVERED_OWNER_STATE_WITH_NO_FINAL_HISTORICAL_TARGET_FOR_THIS_BUILDING,NO,NO,COVERAGE_COMPLETE,Coverage_Status=COVERED_POSITIVE | Research_Files=BUILD_START_1776_CENTRAL_EUROPE_GERMAN_ITALY_RESEARCH.csv | CURRENT_SOURCE=common/history/buildings/00_west_europe.txt:common/history/buildings/00_west_europe.txt:4915
AUS,STATE_BOHEMIA,building_coal_mine,2,0,REMOVE,COVERED_OWNER_STATE_WITH_NO_FINAL_HISTORICAL_TARGET_FOR_THIS_BUILDING,NO,NO,COVERAGE_COMPLETE,Coverage_Status=COVERED_POSITIVE | Research_Files=BUILD_START_1776_CENTRAL_EUROPE_GERMAN_ITALY_RESEARCH.csv | CURRENT_SOURCE=common/history/buildings/00_west_europe.txt:common/history/buildings/00_west_europe.txt:5033
AUS,STATE_BOHEMIA,building_construction_sector,2,0,REMOVE,COVERED_OWNER_STATE_WITH_NO_FINAL_HISTORICAL_TARGET_FOR_THIS_BUILDING,NO,NO,COVERAGE_COMPLETE,Coverage_Status=COVERED_POSITIVE | Research_Files=BUILD_START_1776_CENTRAL_EUROPE_GERMAN_ITALY_RESEARCH.csv | CURRENT_SOURCE=common/history/buildings/00_west_europe.txt:common/history/buildings/00_west_europe.txt:4928
AUS,STATE_BOHEMIA,building_food_industry,5,0,REMOVE,COVERED_OWNER_STATE_WITH_NO_FINAL_HISTORICAL_TARGET_FOR_THIS_BUILDING,NO,NO,COVERAGE_COMPLETE,Coverage_Status=COVERED_POSITIVE | Research_Files=BUILD_START_1776_CENTRAL_EUROPE_GERMAN_ITALY_RESEARCH.csv | CURRENT_SOURCE=common/history/buildings/00_west_europe.txt:common/history/buildings/00_west_europe.txt:4950
AUS,STATE_BOHEMIA,building_gold_mine,5,0,REMOVE,COVERED_OWNER_STATE_WITH_NO_FINAL_HISTORICAL_TARGET_FOR_THIS_BUILDING,NO,NO,COVERAGE_COMPLETE,Coverage_Status=COVERED_POSITIVE | Research_Files=BUILD_START_1776_CENTRAL_EUROPE_GERMAN_ITALY_RESEARCH.csv | CURRENT_SOURCE=common/history/buildings/00_west_europe.txt:common/history/buildings/00_west_europe.txt:5072
AUS,STATE_BOHEMIA,building_government_administration,9,0,REMOVE,COVERED_OWNER_STATE_WITH_NO_FINAL_HISTORICAL_TARGET_FOR_THIS_BUILDING,NO,NO,COVERAGE_COMPLETE,Coverage_Status=COVERED_POSITIVE | Research_Files=BUILD_START_1776_CENTRAL_EUROPE_GERMAN_ITALY_RESEARCH.csv | CURRENT_SOURCE=common/history/buildings/00_west_europe.txt:common/history/buildings/00_west_europe.txt:4891
AUS,STATE_BOHEMIA,building_iron_mine,1,0,REMOVE,COVERED_OWNER_STATE_WITH_NO_FINAL_HISTORICAL_TARGET_FOR_THIS_BUILDING,NO,NO,COVERAGE_COMPLETE,Coverage_Status=COVERED_POSITIVE | Research_Files=BUILD_START_1776_CENTRAL_EUROPE_GERMAN_ITALY_RESEARCH.csv | CURRENT_SOURCE=common/history/buildings/00_west_europe.txt:common/history/buildings/00_west_europe.txt:4988
AUS,STATE_BOHEMIA,building_lead_mine,1,0,REMOVE,COVERED_OWNER_STATE_WITH_NO_FINAL_HISTORICAL_TARGET_FOR_THIS_BUILDING,NO,NO,COVERAGE_COMPLETE,Coverage_Status=COVERED_POSITIVE | Research_Files=BUILD_START_1776_CENTRAL_EUROPE_GERMAN_ITALY_RESEARCH.csv | CURRENT_SOURCE=common/history/buildings/00_west_europe.txt:common/history/buildings/00_west_europe.txt:5059
AUS,STATE_BOHEMIA,building_rye_farm,6,0,REMOVE,COVERED_OWNER_STATE_WITH_NO_FINAL_HISTORICAL_TARGET_FOR_THIS_BUILDING,NO,NO,COVERAGE_COMPLETE,Coverage_Status=COVERED_POSITIVE | Research_Files=BUILD_START_1776_CENTRAL_EUROPE_GERMAN_ITALY_RESEARCH.csv | CURRENT_SOURCE=common/history/buildings/00_west_europe.txt:common/history/buildings/00_west_europe.txt:5020
AUS,STATE_BOHEMIA,building_tooling_workshop,2,0,REMOVE,COVERED_OWNER_STATE_WITH_NO_FINAL_HISTORICAL_TARGET_FOR_THIS_BUILDING,NO,NO,COVERAGE_COMPLETE,Coverage_Status=COVERED_POSITIVE | Research_Files=BUILD_START_1776_CENTRAL_EUROPE_GERMAN_ITALY_RESEARCH.csv | CURRENT_SOURCE=common/history/buildings/00_west_europe.txt:common/history/buildings/00_west_europe.txt:5046
AUS,STATE_BOHEMIA,building_trade_center,2,0,REMOVE,COVERED_OWNER_STATE_WITH_NO_FINAL_HISTORICAL_TARGET_FOR_THIS_BUILDING,NO,NO,COVERAGE_COMPLETE,Coverage_Status=COVERED_POSITIVE | Research_Files=BUILD_START_1776_CENTRAL_EUROPE_GERMAN_ITALY_RESEARCH.csv | CURRENT_SOURCE=common/history/buildings/00_west_europe.txt:common/history/buildings/00_west_europe.txt:4902
AUS,STATE_BUKOVINA,building_livestock_ranch,2,0,REMOVE,COVERED_OWNER_STATE_WITH_NO_FINAL_HISTORICAL_TARGET_FOR_THIS_BUILDING,NO,NO,COVERAGE_COMPLETE,Coverage_Status=COVERED_POSITIVE | Research_Files=BUILD_START_1776_CENTRAL_EUROPE_GERMAN_ITALY_RESEARCH.md; BUILD_START_1776_SUPPLEMENTAL_OWNER_STATE_COVERAGE_CORRIGE.csv; BUILD_START_1776_SUPPLEMENTAL_RESEARCH_CORRIGE.csv | CURRENT_SOURCE=common/history/buildings/02_east_europe.txt:common/history/buildings/02_east_europe.txt:1316
AUS,STATE_BUKOVINA,building_logging_camp,2,0,REMOVE,COVERED_OWNER_STATE_WITH_NO_FINAL_HISTORICAL_TARGET_FOR_THIS_BUILDING,NO,NO,COVERAGE_COMPLETE,Coverage_Status=COVERED_POSITIVE | Research_Files=BUILD_START_1776_CENTRAL_EUROPE_GERMAN_ITALY_RESEARCH.md; BUILD_START_1776_SUPPLEMENTAL_OWNER_STATE_COVERAGE_CORRIGE.csv; BUILD_START_1776_SUPPLEMENTAL_RESEARCH_CORRIGE.csv | CURRENT_SOURCE=common/history/buildings/02_east_europe.txt:common/history/buildings/02_east_europe.txt:1329
AUS,STATE_BUKOVINA,building_wheat_farm,1,0,REMOVE,COVERED_OWNER_STATE_WITH_NO_FINAL_HISTORICAL_TARGET_FOR_THIS_BUILDING,NO,NO,COVERAGE_COMPLETE,Coverage_Status=COVERED_POSITIVE | Research_Files=BUILD_START_1776_CENTRAL_EUROPE_GERMAN_ITALY_RESEARCH.md; BUILD_START_1776_SUPPLEMENTAL_OWNER_STATE_COVERAGE_CORRIGE.csv; BUILD_START_1776_SUPPLEMENTAL_RESEARCH_CORRIGE.csv | CURRENT_SOURCE=common/history/buildings/02_east_europe.txt:common/history/buildings/02_east_europe.txt:1303
AUS,STATE_CROATIA,building_fishing_wharf,2,0,REMOVE,COVERED_OWNER_STATE_WITH_NO_FINAL_HISTORICAL_TARGET_FOR_THIS_BUILDING,NO,NO,COVERAGE_COMPLETE,Coverage_Status=COVERED_POSITIVE | Research_Files=BUILD_START_1776_CENTRAL_EUROPE_GERMAN_ITALY_RESEARCH.csv | CURRENT_SOURCE=common/history/buildings/01_south_europe.txt:common/history/buildings/01_south_europe.txt:5205
AUS,STATE_CROATIA,building_government_administration,1,0,REMOVE,COVERED_OWNER_STATE_WITH_NO_FINAL_HISTORICAL_TARGET_FOR_THIS_BUILDING,NO,NO,COVERAGE_COMPLETE,Coverage_Status=COVERED_POSITIVE | Research_Files=BUILD_START_1776_CENTRAL_EUROPE_GERMAN_ITALY_RESEARCH.csv | CURRENT_SOURCE=common/history/buildings/01_south_europe.txt:common/history/buildings/01_south_europe.txt:5121
AUS,STATE_CROATIA,building_naval_administration,2,0,REMOVE,COVERED_OWNER_STATE_WITH_NO_FINAL_HISTORICAL_TARGET_FOR_THIS_BUILDING,NO,NO,COVERAGE_COMPLETE,Coverage_Status=COVERED_POSITIVE | Research_Files=BUILD_START_1776_CENTRAL_EUROPE_GERMAN_ITALY_RESEARCH.csv | CURRENT_SOURCE=common/history/buildings/01_south_europe.txt:common/history/buildings/01_south_europe.txt:5242
AUS,STATE_CROATIA,building_paper_mill,1,0,REMOVE,COVERED_OWNER_STATE_WITH_NO_FINAL_HISTORICAL_TARGET_FOR_THIS_BUILDING,NO,NO,COVERAGE_COMPLETE,Coverage_Status=COVERED_POSITIVE | Research_Files=BUILD_START_1776_CENTRAL_EUROPE_GERMAN_ITALY_RESEARCH.csv | CURRENT_SOURCE=common/history/buildings/01_south_europe.txt:common/history/buildings/01_south_europe.txt:5132
AUS,STATE_CROATIA,building_port,1,0,REMOVE,COVERED_OWNER_STATE_WITH_NO_FINAL_HISTORICAL_TARGET_FOR_THIS_BUILDING,NO,NO,COVERAGE_COMPLETE,Coverage_Status=COVERED_POSITIVE | Research_Files=BUILD_START_1776_CENTRAL_EUROPE_GERMAN_ITALY_RESEARCH.csv | CURRENT_SOURCE=common/history/buildings/01_south_europe.txt:common/history/buildings/01_south_europe.txt:5231
AUS,STATE_CROATIA,building_shipyard,2,0,REMOVE,COVERED_OWNER_STATE_WITH_NO_FINAL_HISTORICAL_TARGET_FOR_THIS_BUILDING,NO,NO,COVERAGE_COMPLETE,Coverage_Status=COVERED_POSITIVE | Research_Files=BUILD_START_1776_CENTRAL_EUROPE_GERMAN_ITALY_RESEARCH.csv | CURRENT_SOURCE=common/history/buildings/01_south_europe.txt:common/history/buildings/01_south_europe.txt:5218
AUS,STATE_CROATIA,building_university,1,0,REMOVE,COVERED_OWNER_STATE_WITH_NO_FINAL_HISTORICAL_TARGET_FOR_THIS_BUILDING,NO,NO,COVERAGE_COMPLETE,Coverage_Status=COVERED_POSITIVE | Research_Files=BUILD_START_1776_CENTRAL_EUROPE_GERMAN_ITALY_RESEARCH.csv | CURRENT_SOURCE=common/history/buildings/01_south_europe.txt:common/history/buildings/01_south_europe.txt:5143
AUS,STATE_CROATIA,building_wheat_farm,2,0,REMOVE,COVERED_OWNER_STATE_WITH_NO_FINAL_HISTORICAL_TARGET_FOR_THIS_BUILDING,NO,NO,COVERAGE_COMPLETE,Coverage_Status=COVERED_POSITIVE | Research_Files=BUILD_START_1776_CENTRAL_EUROPE_GERMAN_ITALY_RESEARCH.csv | CURRENT_SOURCE=common/history/buildings/01_south_europe.txt:common/history/buildings/01_south_europe.txt:5154
AUS,STATE_LOMBARDY,building_arms_industry,5,0,REMOVE,COVERED_OWNER_STATE_WITH_NO_FINAL_HISTORICAL_TARGET_FOR_THIS_BUILDING,NO,NO,COVERAGE_COMPLETE,Coverage_Status=COVERED_POSITIVE | Research_Files=BUILD_START_1776_CENTRAL_EUROPE_GERMAN_ITALY_RESEARCH.csv;BUILD_START_1776_CENTRAL_EUROPE_GERMAN_ITALY_RESEARCH.md | CURRENT_SOURCE=common/history/buildings/01_south_europe.txt:common/history/buildings/01_south_europe.txt:77
AUS,STATE_LOMBARDY,building_artillery_foundry,2,0,REMOVE,COVERED_OWNER_STATE_WITH_NO_FINAL_HISTORICAL_TARGET_FOR_THIS_BUILDING,NO,NO,COVERAGE_COMPLETE,Coverage_Status=COVERED_POSITIVE | Research_Files=BUILD_START_1776_CENTRAL_EUROPE_GERMAN_ITALY_RESEARCH.csv;BUILD_START_1776_CENTRAL_EUROPE_GERMAN_ITALY_RESEARCH.md | CURRENT_SOURCE=common/history/buildings/01_south_europe.txt:common/history/buildings/01_south_europe.txt:94
AUS,STATE_LOMBARDY,building_construction_sector,3,0,REMOVE,COVERED_OWNER_STATE_WITH_NO_FINAL_HISTORICAL_TARGET_FOR_THIS_BUILDING,NO,NO,COVERAGE_COMPLETE,Coverage_Status=COVERED_POSITIVE | Research_Files=BUILD_START_1776_CENTRAL_EUROPE_GERMAN_ITALY_RESEARCH.csv;BUILD_START_1776_CENTRAL_EUROPE_GERMAN_ITALY_RESEARCH.md | CURRENT_SOURCE=common/history/buildings/01_south_europe.txt:common/history/buildings/01_south_europe.txt:47
AUS,STATE_LOMBARDY,building_government_administration,3,0,REMOVE,COVERED_OWNER_STATE_WITH_NO_FINAL_HISTORICAL_TARGET_FOR_THIS_BUILDING,NO,NO,COVERAGE_COMPLETE,Coverage_Status=COVERED_POSITIVE | Research_Files=BUILD_START_1776_CENTRAL_EUROPE_GERMAN_ITALY_RESEARCH.csv;BUILD_START_1776_CENTRAL_EUROPE_GERMAN_ITALY_RESEARCH.md | CURRENT_SOURCE=common/history/buildings/01_south_europe.txt:common/history/buildings/01_south_europe.txt:4
AUS,STATE_LOMBARDY,building_wheat_farm,3,0,REMOVE,COVERED_OWNER_STATE_WITH_NO_FINAL_HISTORICAL_TARGET_FOR_THIS_BUILDING,NO,NO,COVERAGE_COMPLETE,Coverage_Status=COVERED_POSITIVE | Research_Files=BUILD_START_1776_CENTRAL_EUROPE_GERMAN_ITALY_RESEARCH.csv;BUILD_START_1776_CENTRAL_EUROPE_GERMAN_ITALY_RESEARCH.md | CURRENT_SOURCE=common/history/buildings/01_south_europe.txt:common/history/buildings/01_south_europe.txt:105
AUS,STATE_MORAVIA,building_coal_mine,1,0,REMOVE,COVERED_OWNER_STATE_WITH_NO_FINAL_HISTORICAL_TARGET_FOR_THIS_BUILDING,NO,NO,COVERAGE_COMPLETE,Coverage_Status=COVERED_POSITIVE | Research_Files=BUILD_START_1776_CENTRAL_EUROPE_GERMAN_ITALY_RESEARCH.csv | CURRENT_SOURCE=common/history/buildings/00_west_europe.txt:common/history/buildings/00_west_europe.txt:5168
AUS,STATE_MORAVIA,building_food_industry,3,0,REMOVE,COVERED_OWNER_STATE_WITH_NO_FINAL_HISTORICAL_TARGET_FOR_THIS_BUILDING,NO,NO,COVERAGE_COMPLETE,Coverage_Status=COVERED_POSITIVE | Research_Files=BUILD_START_1776_CENTRAL_EUROPE_GERMAN_ITALY_RESEARCH.csv | CURRENT_SOURCE=common/history/buildings/00_west_europe.txt:common/history/buildings/00_west_europe.txt:5117
AUS,STATE_MORAVIA,building_logging_camp,3,0,REMOVE,COVERED_OWNER_STATE_WITH_NO_FINAL_HISTORICAL_TARGET_FOR_THIS_BUILDING,NO,NO,COVERAGE_COMPLETE,Coverage_Status=COVERED_POSITIVE | Research_Files=BUILD_START_1776_CENTRAL_EUROPE_GERMAN_ITALY_RESEARCH.csv | CURRENT_SOURCE=common/history/buildings/00_west_europe.txt:common/history/buildings/00_west_europe.txt:5130
AUS,STATE_MORAVIA,building_vineyard,1,0,REMOVE,COVERED_OWNER_STATE_WITH_NO_FINAL_HISTORICAL_TARGET_FOR_THIS_BUILDING,NO,NO,COVERAGE_COMPLETE,Coverage_Status=COVERED_POSITIVE | Research_Files=BUILD_START_1776_CENTRAL_EUROPE_GERMAN_ITALY_RESEARCH.csv | CURRENT_SOURCE=common/history/buildings/00_west_europe.txt:common/history/buildings/00_west_europe.txt:5106
AUS,STATE_MORAVIA,building_wheat_farm,4,0,REMOVE,COVERED_OWNER_STATE_WITH_NO_FINAL_HISTORICAL_TARGET_FOR_THIS_BUILDING,NO,NO,COVERAGE_COMPLETE,Coverage_Status=COVERED_POSITIVE | Research_Files=BUILD_START_1776_CENTRAL_EUROPE_GERMAN_ITALY_RESEARCH.csv | CURRENT_SOURCE=common/history/buildings/00_west_europe.txt:common/history/buildings/00_west_europe.txt:5149
AUS,STATE_SLAVONIA,building_wheat_farm,1,0,REMOVE,COVERED_OWNER_STATE_WITH_NO_FINAL_HISTORICAL_TARGET_FOR_THIS_BUILDING,NO,NO,COVERAGE_COMPLETE,Coverage_Status=COVERED_POSITIVE | Research_Files=BUILD_START_1776_CENTRAL_EUROPE_GERMAN_ITALY_RESEARCH.csv | CURRENT_SOURCE=common/history/buildings/01_south_europe.txt:common/history/buildings/01_south_europe.txt:5257
AUS,STATE_SLOVENIA,building_livestock_ranch,1,0,REMOVE,COVERED_OWNER_STATE_WITH_NO_FINAL_HISTORICAL_TARGET_FOR_THIS_BUILDING,NO,NO,COVERAGE_COMPLETE,Coverage_Status=COVERED_POSITIVE | Research_Files=BUILD_START_1776_CENTRAL_EUROPE_GERMAN_ITALY_RESEARCH.csv;BUILD_START_1776_CENTRAL_EUROPE_GERMAN_ITALY_RESEARCH.md | CURRENT_SOURCE=common/history/buildings/01_south_europe.txt:common/history/buildings/01_south_europe.txt:5037
AUS,STATE_SLOVENIA,building_logging_camp,2,0,REMOVE,COVERED_OWNER_STATE_WITH_NO_FINAL_HISTORICAL_TARGET_FOR_THIS_BUILDING,NO,NO,COVERAGE_COMPLETE,Coverage_Status=COVERED_POSITIVE | Research_Files=BUILD_START_1776_CENTRAL_EUROPE_GERMAN_ITALY_RESEARCH.csv;BUILD_START_1776_CENTRAL_EUROPE_GERMAN_ITALY_RESEARCH.md | CURRENT_SOURCE=common/history/buildings/01_south_europe.txt:common/history/buildings/01_south_europe.txt:5050
AUS,STATE_SLOVENIA,building_wheat_farm,3,0,REMOVE,COVERED_OWNER_STATE_WITH_NO_FINAL_HISTORICAL_TARGET_FOR_THIS_BUILDING,NO,NO,COVERAGE_COMPLETE,Coverage_Status=COVERED_POSITIVE | Research_Files=BUILD_START_1776_CENTRAL_EUROPE_GERMAN_ITALY_RESEARCH.csv;BUILD_START_1776_CENTRAL_EUROPE_GERMAN_ITALY_RESEARCH.md | CURRENT_SOURCE=common/history/buildings/01_south_europe.txt:common/history/buildings/01_south_europe.txt:5018
AUS,STATE_STYRIA,building_lead_mine,2,0,REMOVE,COVERED_OWNER_STATE_WITH_NO_FINAL_HISTORICAL_TARGET_FOR_THIS_BUILDING,NO,NO,COVERAGE_COMPLETE,Coverage_Status=COVERED_POSITIVE | Research_Files=BUILD_START_1776_CENTRAL_EUROPE_GERMAN_ITALY_RESEARCH.csv | CURRENT_SOURCE=common/history/buildings/00_west_europe.txt:common/history/buildings/00_west_europe.txt:5198
AUS,STATE_STYRIA,building_livestock_ranch,2,0,REMOVE,COVERED_OWNER_STATE_WITH_NO_FINAL_HISTORICAL_TARGET_FOR_THIS_BUILDING,NO,NO,COVERAGE_COMPLETE,Coverage_Status=COVERED_POSITIVE | Research_Files=BUILD_START_1776_CENTRAL_EUROPE_GERMAN_ITALY_RESEARCH.csv | CURRENT_SOURCE=common/history/buildings/00_west_europe.txt:common/history/buildings/00_west_europe.txt:5224
AUS,STATE_STYRIA,building_wheat_farm,1,0,REMOVE,COVERED_OWNER_STATE_WITH_NO_FINAL_HISTORICAL_TARGET_FOR_THIS_BUILDING,NO,NO,COVERAGE_COMPLETE,Coverage_Status=COVERED_POSITIVE | Research_Files=BUILD_START_1776_CENTRAL_EUROPE_GERMAN_ITALY_RESEARCH.csv | CURRENT_SOURCE=common/history/buildings/00_west_europe.txt:common/history/buildings/00_west_europe.txt:5211
AUS,STATE_TYROL,building_gold_mine,2,0,REMOVE,COVERED_OWNER_STATE_WITH_NO_FINAL_HISTORICAL_TARGET_FOR_THIS_BUILDING,NO,NO,COVERAGE_COMPLETE,Coverage_Status=COVERED_POSITIVE | Research_Files=BUILD_START_1776_CENTRAL_EUROPE_GERMAN_ITALY_RESEARCH.csv | CURRENT_SOURCE=common/history/buildings/00_west_europe.txt:common/history/buildings/00_west_europe.txt:5254
AUS,STATE_TYROL,building_iron_mine,1,0,REMOVE,COVERED_OWNER_STATE_WITH_NO_FINAL_HISTORICAL_TARGET_FOR_THIS_BUILDING,NO,NO,COVERAGE_COMPLETE,Coverage_Status=COVERED_POSITIVE | Research_Files=BUILD_START_1776_CENTRAL_EUROPE_GERMAN_ITALY_RESEARCH.csv | CURRENT_SOURCE=common/history/buildings/00_west_europe.txt:common/history/buildings/00_west_europe.txt:5241
AUS,STATE_TYROL,building_livestock_ranch,1,0,REMOVE,COVERED_OWNER_STATE_WITH_NO_FINAL_HISTORICAL_TARGET_FOR_THIS_BUILDING,NO,NO,COVERAGE_COMPLETE,Coverage_Status=COVERED_POSITIVE | Research_Files=BUILD_START_1776_CENTRAL_EUROPE_GERMAN_ITALY_RESEARCH.csv | CURRENT_SOURCE=common/history/buildings/00_west_europe.txt:common/history/buildings/00_west_europe.txt:5265
AUS,STATE_UPPER_SILESIA,building_coal_mine,1,0,REMOVE,COVERED_OWNER_STATE_WITH_NO_FINAL_HISTORICAL_TARGET_FOR_THIS_BUILDING,NO,NO,COVERAGE_COMPLETE,Coverage_Status=COVERED_POSITIVE | Research_Files=BUILD_START_1776_CENTRAL_EUROPE_GERMAN_ITALY_RESEARCH.csv | CURRENT_SOURCE=common/history/buildings/02_east_europe.txt:common/history/buildings/02_east_europe.txt:275
AUS,STATE_UPPER_SILESIA,building_government_administration,1,0,REMOVE,COVERED_OWNER_STATE_WITH_NO_FINAL_HISTORICAL_TARGET_FOR_THIS_BUILDING,NO,NO,COVERAGE_COMPLETE,Coverage_Status=COVERED_POSITIVE | Research_Files=BUILD_START_1776_CENTRAL_EUROPE_GERMAN_ITALY_RESEARCH.csv | CURRENT_SOURCE=common/history/buildings/02_east_europe.txt:common/history/buildings/02_east_europe.txt:264
AUS,STATE_UPPER_SILESIA,building_iron_mine,1,0,REMOVE,COVERED_OWNER_STATE_WITH_NO_FINAL_HISTORICAL_TARGET_FOR_THIS_BUILDING,NO,NO,COVERAGE_COMPLETE,Coverage_Status=COVERED_POSITIVE | Research_Files=BUILD_START_1776_CENTRAL_EUROPE_GERMAN_ITALY_RESEARCH.csv | CURRENT_SOURCE=common/history/buildings/02_east_europe.txt:common/history/buildings/02_east_europe.txt:288
AUS,STATE_UPPER_SILESIA,building_rye_farm,1,0,REMOVE,COVERED_OWNER_STATE_WITH_NO_FINAL_HISTORICAL_TARGET_FOR_THIS_BUILDING,NO,NO,COVERAGE_COMPLETE,Coverage_Status=COVERED_POSITIVE | Research_Files=BUILD_START_1776_CENTRAL_EUROPE_GERMAN_ITALY_RESEARCH.csv | CURRENT_SOURCE=common/history/buildings/02_east_europe.txt:common/history/buildings/02_east_europe.txt:301
AWA,STATE_AWADH,building_dye_plantation,5,0,REMOVE,COVERED_OWNER_STATE_WITH_NO_FINAL_HISTORICAL_TARGET_FOR_THIS_BUILDING,NO,NO,COVERAGE_COMPLETE,Coverage_Status=COVERED_POSITIVE | Research_Files=BUILD_START_1776_SOUTH_ASIA_RESEARCH.csv | CURRENT_SOURCE=common/history/buildings/10_india.txt:common/history/buildings/10_india.txt:585
AWA,STATE_AWADH,building_furniture_manufactory,2,0,REMOVE,COVERED_OWNER_STATE_WITH_NO_FINAL_HISTORICAL_TARGET_FOR_THIS_BUILDING,NO,NO,COVERAGE_COMPLETE,Coverage_Status=COVERED_POSITIVE | Research_Files=BUILD_START_1776_SOUTH_ASIA_RESEARCH.csv | CURRENT_SOURCE=common/history/buildings/10_india.txt:common/history/buildings/10_india.txt:559
AWA,STATE_AWADH,building_opium_plantation,20,0,REMOVE,COVERED_OWNER_STATE_WITH_NO_FINAL_HISTORICAL_TARGET_FOR_THIS_BUILDING,NO,NO,COVERAGE_COMPLETE,Coverage_Status=COVERED_POSITIVE | Research_Files=BUILD_START_1776_SOUTH_ASIA_RESEARCH.csv | CURRENT_SOURCE=common/history/buildings/10_india.txt:common/history/buildings/10_india.txt:546
BAD,STATE_BADEN,building_government_administration,1,0,REMOVE,COVERED_OWNER_STATE_WITH_NO_FINAL_HISTORICAL_TARGET_FOR_THIS_BUILDING,NO,NO,COVERAGE_COMPLETE,Coverage_Status=COVERED_POSITIVE | Research_Files=BUILD_START_1776_CENTRAL_EUROPE_GERMAN_ITALY_RESEARCH.csv | CURRENT_SOURCE=common/history/buildings/00_west_europe.txt:common/history/buildings/00_west_europe.txt:6526
BAD,STATE_BADEN,building_livestock_ranch,1,0,REMOVE,COVERED_OWNER_STATE_WITH_NO_FINAL_HISTORICAL_TARGET_FOR_THIS_BUILDING,NO,NO,COVERAGE_COMPLETE,Coverage_Status=COVERED_POSITIVE | Research_Files=BUILD_START_1776_CENTRAL_EUROPE_GERMAN_ITALY_RESEARCH.csv | CURRENT_SOURCE=common/history/buildings/00_west_europe.txt:common/history/buildings/00_west_europe.txt:6550
BAD,STATE_BADEN,building_logging_camp,2,0,REMOVE,COVERED_OWNER_STATE_WITH_NO_FINAL_HISTORICAL_TARGET_FOR_THIS_BUILDING,NO,NO,COVERAGE_COMPLETE,Coverage_Status=COVERED_POSITIVE | Research_Files=BUILD_START_1776_CENTRAL_EUROPE_GERMAN_ITALY_RESEARCH.csv | CURRENT_SOURCE=common/history/buildings/00_west_europe.txt:common/history/buildings/00_west_europe.txt:6563
BAD,STATE_BADEN,building_trade_center,1,0,REMOVE,COVERED_OWNER_STATE_WITH_NO_FINAL_HISTORICAL_TARGET_FOR_THIS_BUILDING,NO,NO,COVERAGE_COMPLETE,Coverage_Status=COVERED_POSITIVE | Research_Files=BUILD_START_1776_CENTRAL_EUROPE_GERMAN_ITALY_RESEARCH.csv | CURRENT_SOURCE=common/history/buildings/00_west_europe.txt:common/history/buildings/00_west_europe.txt:6502
BAD,STATE_BADEN,building_university,1,0,REMOVE,COVERED_OWNER_STATE_WITH_NO_FINAL_HISTORICAL_TARGET_FOR_THIS_BUILDING,NO,NO,COVERAGE_COMPLETE,Coverage_Status=COVERED_POSITIVE | Research_Files=BUILD_START_1776_CENTRAL_EUROPE_GERMAN_ITALY_RESEARCH.csv | CURRENT_SOURCE=common/history/buildings/00_west_europe.txt:common/history/buildings/00_west_europe.txt:6515
BAD,STATE_BADEN,building_wheat_farm,4,0,REMOVE,COVERED_OWNER_STATE_WITH_NO_FINAL_HISTORICAL_TARGET_FOR_THIS_BUILDING,NO,NO,COVERAGE_COMPLETE,Coverage_Status=COVERED_POSITIVE | Research_Files=BUILD_START_1776_CENTRAL_EUROPE_GERMAN_ITALY_RESEARCH.csv | CURRENT_SOURCE=common/history/buildings/00_west_europe.txt:common/history/buildings/00_west_europe.txt:6537
BAL,STATE_SUNDA_ISLANDS,building_fishing_wharf,1,0,REMOVE,COVERED_OWNER_STATE_WITH_NO_FINAL_HISTORICAL_TARGET_FOR_THIS_BUILDING,NO,NO,COVERAGE_COMPLETE,Coverage_Status=COVERED_POSITIVE | Research_Files=BUILD_START_1776_EAST_ASIA_SE_ASIA_RESEARCH_MATRIX.csv | CURRENT_SOURCE=common/history/buildings/12_indonesia.txt:common/history/buildings/12_indonesia.txt:1015
BAL,STATE_SUNDA_ISLANDS,building_tobacco_plantation,1,0,REMOVE,COVERED_OWNER_STATE_WITH_NO_FINAL_HISTORICAL_TARGET_FOR_THIS_BUILDING,NO,NO,COVERAGE_COMPLETE,Coverage_Status=COVERED_POSITIVE | Research_Files=BUILD_START_1776_EAST_ASIA_SE_ASIA_RESEARCH_MATRIX.csv | CURRENT_SOURCE=common/history/buildings/12_indonesia.txt:common/history/buildings/12_indonesia.txt:1028
BAV,STATE_BAVARIA,building_construction_sector,1,0,REMOVE,COVERED_OWNER_STATE_WITH_NO_FINAL_HISTORICAL_TARGET_FOR_THIS_BUILDING,NO,NO,COVERAGE_COMPLETE,Coverage_Status=COVERED_POSITIVE | Research_Files=BUILD_START_1776_CENTRAL_EUROPE_GERMAN_ITALY_RESEARCH.csv | CURRENT_SOURCE=common/history/buildings/00_west_europe.txt:common/history/buildings/00_west_europe.txt:6772
BAV,STATE_BAVARIA,building_glassworks,1,0,REMOVE,COVERED_OWNER_STATE_WITH_NO_FINAL_HISTORICAL_TARGET_FOR_THIS_BUILDING,NO,NO,COVERAGE_COMPLETE,Coverage_Status=COVERED_POSITIVE | Research_Files=BUILD_START_1776_CENTRAL_EUROPE_GERMAN_ITALY_RESEARCH.csv | CURRENT_SOURCE=common/history/buildings/00_west_europe.txt:common/history/buildings/00_west_europe.txt:6783
BAV,STATE_BAVARIA,building_iron_mine,1,0,REMOVE,COVERED_OWNER_STATE_WITH_NO_FINAL_HISTORICAL_TARGET_FOR_THIS_BUILDING,NO,NO,COVERAGE_COMPLETE,Coverage_Status=COVERED_POSITIVE | Research_Files=BUILD_START_1776_CENTRAL_EUROPE_GERMAN_ITALY_RESEARCH.csv | CURRENT_SOURCE=common/history/buildings/00_west_europe.txt:common/history/buildings/00_west_europe.txt:6858
BAV,STATE_BAVARIA,building_logging_camp,3,0,REMOVE,COVERED_OWNER_STATE_WITH_NO_FINAL_HISTORICAL_TARGET_FOR_THIS_BUILDING,NO,NO,COVERAGE_COMPLETE,Coverage_Status=COVERED_POSITIVE | Research_Files=BUILD_START_1776_CENTRAL_EUROPE_GERMAN_ITALY_RESEARCH.csv | CURRENT_SOURCE=common/history/buildings/00_west_europe.txt:common/history/buildings/00_west_europe.txt:6871
BAV,STATE_BAVARIA,building_salt_mine,1,0,REMOVE,COVERED_OWNER_STATE_WITH_NO_FINAL_HISTORICAL_TARGET_FOR_THIS_BUILDING,NO,NO,COVERAGE_COMPLETE,Coverage_Status=COVERED_POSITIVE | Research_Files=BUILD_START_1776_CENTRAL_EUROPE_GERMAN_ITALY_RESEARCH.csv | CURRENT_SOURCE=common/history/buildings/99_tech6a2_salt_starting_buildings.txt:common/history/buildings/99_tech6a2_salt_starting_buildings.txt:337
BAV,STATE_BAVARIA,building_trade_center,1,0,REMOVE,COVERED_OWNER_STATE_WITH_NO_FINAL_HISTORICAL_TARGET_FOR_THIS_BUILDING,NO,NO,COVERAGE_COMPLETE,Coverage_Status=COVERED_POSITIVE | Research_Files=BUILD_START_1776_CENTRAL_EUROPE_GERMAN_ITALY_RESEARCH.csv | CURRENT_SOURCE=common/history/buildings/00_west_europe.txt:common/history/buildings/00_west_europe.txt:6759
BAV,STATE_BAVARIA,building_university,2,0,REMOVE,COVERED_OWNER_STATE_WITH_NO_FINAL_HISTORICAL_TARGET_FOR_THIS_BUILDING,NO,NO,COVERAGE_COMPLETE,Coverage_Status=COVERED_POSITIVE | Research_Files=BUILD_START_1776_CENTRAL_EUROPE_GERMAN_ITALY_RESEARCH.csv | CURRENT_SOURCE=common/history/buildings/00_west_europe.txt:common/history/buildings/00_west_europe.txt:6796
BAV,STATE_BAVARIA,building_wheat_farm,10,0,REMOVE,COVERED_OWNER_STATE_WITH_NO_FINAL_HISTORICAL_TARGET_FOR_THIS_BUILDING,NO,NO,COVERAGE_COMPLETE,Coverage_Status=COVERED_POSITIVE | Research_Files=BUILD_START_1776_CENTRAL_EUROPE_GERMAN_ITALY_RESEARCH.csv | CURRENT_SOURCE=common/history/buildings/00_west_europe.txt:common/history/buildings/00_west_europe.txt:6826
BAV,STATE_FRANCONIA,building_art_academy,1,0,REMOVE,CATALOG_NO_POST_1776_AND_NO_FINAL_HISTORICAL_TARGET,NO,NO,HIGH,Coverage_Status=COVERED_POSITIVE | Research_Files=BUILD_START_1776_CENTRAL_EUROPE_GERMAN_ITALY_RESEARCH.csv;BUILD_START_1776_CENTRAL_EUROPE_GERMAN_ITALY_RESEARCH.md | CURRENT_SOURCE=common/history/buildings/00_west_europe.txt:common/history/buildings/00_west_europe.txt:6918
BAV,STATE_FRANCONIA,building_furniture_manufactory,3,0,REMOVE,COVERED_OWNER_STATE_WITH_NO_FINAL_HISTORICAL_TARGET_FOR_THIS_BUILDING,NO,NO,COVERAGE_COMPLETE,Coverage_Status=COVERED_POSITIVE | Research_Files=BUILD_START_1776_CENTRAL_EUROPE_GERMAN_ITALY_RESEARCH.csv;BUILD_START_1776_CENTRAL_EUROPE_GERMAN_ITALY_RESEARCH.md | CURRENT_SOURCE=common/history/buildings/00_west_europe.txt:common/history/buildings/00_west_europe.txt:6944
BAV,STATE_FRANCONIA,building_government_administration,3,0,REMOVE,COVERED_OWNER_STATE_WITH_NO_FINAL_HISTORICAL_TARGET_FOR_THIS_BUILDING,NO,NO,COVERAGE_COMPLETE,Coverage_Status=COVERED_POSITIVE | Research_Files=BUILD_START_1776_CENTRAL_EUROPE_GERMAN_ITALY_RESEARCH.csv;BUILD_START_1776_CENTRAL_EUROPE_GERMAN_ITALY_RESEARCH.md | CURRENT_SOURCE=common/history/buildings/00_west_europe.txt:common/history/buildings/00_west_europe.txt:6894
BAV,STATE_FRANCONIA,building_livestock_ranch,1,0,REMOVE,COVERED_OWNER_STATE_WITH_NO_FINAL_HISTORICAL_TARGET_FOR_THIS_BUILDING,NO,NO,COVERAGE_COMPLETE,Coverage_Status=COVERED_POSITIVE | Research_Files=BUILD_START_1776_CENTRAL_EUROPE_GERMAN_ITALY_RESEARCH.csv;BUILD_START_1776_CENTRAL_EUROPE_GERMAN_ITALY_RESEARCH.md | CURRENT_SOURCE=common/history/buildings/00_west_europe.txt:common/history/buildings/00_west_europe.txt:6982
BAV,STATE_FRANCONIA,building_logging_camp,3,0,REMOVE,COVERED_OWNER_STATE_WITH_NO_FINAL_HISTORICAL_TARGET_FOR_THIS_BUILDING,NO,NO,COVERAGE_COMPLETE,Coverage_Status=COVERED_POSITIVE | Research_Files=BUILD_START_1776_CENTRAL_EUROPE_GERMAN_ITALY_RESEARCH.csv;BUILD_START_1776_CENTRAL_EUROPE_GERMAN_ITALY_RESEARCH.md | CURRENT_SOURCE=common/history/buildings/00_west_europe.txt:common/history/buildings/00_west_europe.txt:6995
BAV,STATE_FRANCONIA,building_railway,1,0,REMOVE,COVERED_OWNER_STATE_WITH_NO_FINAL_HISTORICAL_TARGET_FOR_THIS_BUILDING,NO,NO,COVERAGE_COMPLETE,Coverage_Status=COVERED_POSITIVE | Research_Files=BUILD_START_1776_CENTRAL_EUROPE_GERMAN_ITALY_RESEARCH.csv;BUILD_START_1776_CENTRAL_EUROPE_GERMAN_ITALY_RESEARCH.md | CURRENT_SOURCE=common/history/buildings/00_west_europe.txt:common/history/buildings/00_west_europe.txt:7008
BAV,STATE_FRANCONIA,building_vineyard,1,0,REMOVE,COVERED_OWNER_STATE_WITH_NO_FINAL_HISTORICAL_TARGET_FOR_THIS_BUILDING,NO,NO,COVERAGE_COMPLETE,Coverage_Status=COVERED_POSITIVE | Research_Files=BUILD_START_1776_CENTRAL_EUROPE_GERMAN_ITALY_RESEARCH.csv;BUILD_START_1776_CENTRAL_EUROPE_GERMAN_ITALY_RESEARCH.md | CURRENT_SOURCE=common/history/buildings/00_west_europe.txt:common/history/buildings/00_west_europe.txt:6905
BAV,STATE_FRANCONIA,building_wheat_farm,8,0,REMOVE,COVERED_OWNER_STATE_WITH_NO_FINAL_HISTORICAL_TARGET_FOR_THIS_BUILDING,NO,NO,COVERAGE_COMPLETE,Coverage_Status=COVERED_POSITIVE | Research_Files=BUILD_START_1776_CENTRAL_EUROPE_GERMAN_ITALY_RESEARCH.csv;BUILD_START_1776_CENTRAL_EUROPE_GERMAN_ITALY_RESEARCH.md | CURRENT_SOURCE=common/history/buildings/00_west_europe.txt:common/history/buildings/00_west_europe.txt:6963
BAV,STATE_RHINELAND,building_livestock_ranch,1,0,REMOVE,COVERED_OWNER_STATE_WITH_NO_FINAL_HISTORICAL_TARGET_FOR_THIS_BUILDING,NO,NO,COVERAGE_COMPLETE,Coverage_Status=COVERED_POSITIVE | Research_Files=BUILD_START_1776_CENTRAL_EUROPE_GERMAN_ITALY_RESEARCH.csv | CURRENT_SOURCE=common/history/buildings/00_west_europe.txt:common/history/buildings/00_west_europe.txt:6011
BAV,STATE_RHINELAND,building_wheat_farm,1,0,REMOVE,COVERED_OWNER_STATE_WITH_NO_FINAL_HISTORICAL_TARGET_FOR_THIS_BUILDING,NO,NO,COVERAGE_COMPLETE,Coverage_Status=COVERED_POSITIVE | Research_Files=BUILD_START_1776_CENTRAL_EUROPE_GERMAN_ITALY_RESEARCH.csv | CURRENT_SOURCE=common/history/buildings/00_west_europe.txt:common/history/buildings/00_west_europe.txt:5985
BEN,STATE_BENIN,building_livestock_ranch,1,0,REMOVE,COVERED_OWNER_STATE_WITH_NO_FINAL_HISTORICAL_TARGET_FOR_THIS_BUILDING,NO,NO,COVERAGE_COMPLETE,Coverage_Status=COVERED_ZERO_POSITIVE | Research_Files=BUILD_START_1776_SUPPLEMENTAL_OWNER_STATE_COVERAGE_CORRIGE.csv | CURRENT_SOURCE=common/history/buildings/04_subsaharan_africa.txt:common/history/buildings/04_subsaharan_africa.txt:290
BEN,STATE_BENIN,building_millet_farm,2,0,REMOVE,COVERED_OWNER_STATE_WITH_NO_FINAL_HISTORICAL_TARGET_FOR_THIS_BUILDING,NO,NO,COVERAGE_COMPLETE,Coverage_Status=COVERED_ZERO_POSITIVE | Research_Files=BUILD_START_1776_SUPPLEMENTAL_OWNER_STATE_COVERAGE_CORRIGE.csv | CURRENT_SOURCE=common/history/buildings/04_subsaharan_africa.txt:common/history/buildings/04_subsaharan_africa.txt:277
BEO,STATE_FLANDERS,building_arms_industry,1,0,REMOVE,COVERED_OWNER_STATE_WITH_NO_FINAL_HISTORICAL_TARGET_FOR_THIS_BUILDING,NO,NO,COVERAGE_COMPLETE,Coverage_Status=COVERED_POSITIVE | Research_Files=BUILD_START_1776_WESTERN_EUROPE_RESEARCH.csv;BUILD_START_1776_WESTERN_EUROPE_RESEARCH.md | CURRENT_SOURCE=common/history/buildings/00_west_europe.txt:common/history/buildings/00_west_europe.txt:4606
BEO,STATE_FLANDERS,building_fishing_wharf,1,0,REMOVE,COVERED_OWNER_STATE_WITH_NO_FINAL_HISTORICAL_TARGET_FOR_THIS_BUILDING,NO,NO,COVERAGE_COMPLETE,Coverage_Status=COVERED_POSITIVE | Research_Files=BUILD_START_1776_WESTERN_EUROPE_RESEARCH.csv;BUILD_START_1776_WESTERN_EUROPE_RESEARCH.md | CURRENT_SOURCE=common/history/buildings/00_west_europe.txt:common/history/buildings/00_west_europe.txt:4687
BEO,STATE_FLANDERS,building_furniture_manufactory,3,0,REMOVE,COVERED_OWNER_STATE_WITH_NO_FINAL_HISTORICAL_TARGET_FOR_THIS_BUILDING,NO,NO,COVERAGE_COMPLETE,Coverage_Status=COVERED_POSITIVE | Research_Files=BUILD_START_1776_WESTERN_EUROPE_RESEARCH.csv;BUILD_START_1776_WESTERN_EUROPE_RESEARCH.md | CURRENT_SOURCE=common/history/buildings/00_west_europe.txt:common/history/buildings/00_west_europe.txt:4649
BEO,STATE_FLANDERS,building_livestock_ranch,5,0,REMOVE,COVERED_OWNER_STATE_WITH_NO_FINAL_HISTORICAL_TARGET_FOR_THIS_BUILDING,NO,NO,COVERAGE_COMPLETE,Coverage_Status=COVERED_POSITIVE | Research_Files=BUILD_START_1776_WESTERN_EUROPE_RESEARCH.csv;BUILD_START_1776_WESTERN_EUROPE_RESEARCH.md | CURRENT_SOURCE=common/history/buildings/00_west_europe.txt:common/history/buildings/00_west_europe.txt:4719
BEO,STATE_FLANDERS,building_logging_camp,4,0,REMOVE,COVERED_OWNER_STATE_WITH_NO_FINAL_HISTORICAL_TARGET_FOR_THIS_BUILDING,NO,NO,COVERAGE_COMPLETE,Coverage_Status=COVERED_POSITIVE | Research_Files=BUILD_START_1776_WESTERN_EUROPE_RESEARCH.csv;BUILD_START_1776_WESTERN_EUROPE_RESEARCH.md | CURRENT_SOURCE=common/history/buildings/00_west_europe.txt:common/history/buildings/00_west_europe.txt:4668
BEO,STATE_FLANDERS,building_wheat_farm,6,0,REMOVE,COVERED_OWNER_STATE_WITH_NO_FINAL_HISTORICAL_TARGET_FOR_THIS_BUILDING,NO,NO,COVERAGE_COMPLETE,Coverage_Status=COVERED_POSITIVE | Research_Files=BUILD_START_1776_WESTERN_EUROPE_RESEARCH.csv;BUILD_START_1776_WESTERN_EUROPE_RESEARCH.md | CURRENT_SOURCE=common/history/buildings/00_west_europe.txt:common/history/buildings/00_west_europe.txt:4700
BEO,STATE_WALLONIA,building_government_administration,1,0,REMOVE,COVERED_OWNER_STATE_WITH_NO_FINAL_HISTORICAL_TARGET_FOR_THIS_BUILDING,NO,NO,COVERAGE_COMPLETE,Coverage_Status=COVERED_POSITIVE | Research_Files=BUILD_START_1776_WESTERN_EUROPE_RESEARCH.csv;BUILD_START_1776_WESTERN_EUROPE_RESEARCH.md | CURRENT_SOURCE=common/history/buildings/00_west_europe.txt:common/history/buildings/00_west_europe.txt:4462
BEO,STATE_WALLONIA,building_logging_camp,3,0,REMOVE,COVERED_OWNER_STATE_WITH_NO_FINAL_HISTORICAL_TARGET_FOR_THIS_BUILDING,NO,NO,COVERAGE_COMPLETE,Coverage_Status=COVERED_POSITIVE | Research_Files=BUILD_START_1776_WESTERN_EUROPE_RESEARCH.csv;BUILD_START_1776_WESTERN_EUROPE_RESEARCH.md | CURRENT_SOURCE=common/history/buildings/00_west_europe.txt:common/history/buildings/00_west_europe.txt:4539
BEO,STATE_WALLONIA,building_trade_center,1,0,REMOVE,COVERED_OWNER_STATE_WITH_NO_FINAL_HISTORICAL_TARGET_FOR_THIS_BUILDING,NO,NO,COVERAGE_COMPLETE,Coverage_Status=COVERED_POSITIVE | Research_Files=BUILD_START_1776_WESTERN_EUROPE_RESEARCH.csv;BUILD_START_1776_WESTERN_EUROPE_RESEARCH.md | CURRENT_SOURCE=common/history/buildings/00_west_europe.txt:common/history/buildings/00_west_europe.txt:4473
BEO,STATE_WALLONIA,building_wheat_farm,7,0,REMOVE,COVERED_OWNER_STATE_WITH_NO_FINAL_HISTORICAL_TARGET_FOR_THIS_BUILDING,NO,NO,COVERAGE_COMPLETE,Coverage_Status=COVERED_POSITIVE | Research_Files=BUILD_START_1776_WESTERN_EUROPE_RESEARCH.csv;BUILD_START_1776_WESTERN_EUROPE_RESEARCH.md | CURRENT_SOURCE=common/history/buildings/00_west_europe.txt:common/history/buildings/00_west_europe.txt:4526
BHV,STATE_GUJARAT,building_fishing_wharf,1,0,REMOVE,COVERED_OWNER_STATE_WITH_NO_FINAL_HISTORICAL_TARGET_FOR_THIS_BUILDING,NO,NO,COVERAGE_COMPLETE,Coverage_Status=COVERED_POSITIVE | Research_Files=BUILD_START_1776_SOUTH_ASIA_RESEARCH.csv | CURRENT_SOURCE=common/history/buildings/10_india.txt:common/history/buildings/10_india.txt:829
BHV,STATE_GUJARAT,building_government_administration,10,0,REMOVE,COVERED_OWNER_STATE_WITH_NO_FINAL_HISTORICAL_TARGET_FOR_THIS_BUILDING,NO,NO,COVERAGE_COMPLETE,Coverage_Status=COVERED_POSITIVE | Research_Files=BUILD_START_1776_SOUTH_ASIA_RESEARCH.csv | CURRENT_SOURCE=common/history/buildings/10_india.txt:common/history/buildings/10_india.txt:866
BIC,STATE_AWADH,building_banana_plantation,3,0,REMOVE,COVERED_OWNER_STATE_WITH_NO_FINAL_HISTORICAL_TARGET_FOR_THIS_BUILDING,NO,NO,COVERAGE_COMPLETE,Coverage_Status=COVERED_POSITIVE | Research_Files=BUILD_START_1776_SOUTH_ASIA_RESEARCH.csv | CURRENT_SOURCE=common/history/buildings/10_india.txt:common/history/buildings/10_india.txt:654
BIC,STATE_AWADH,building_dye_plantation,8,0,REMOVE,COVERED_OWNER_STATE_WITH_NO_FINAL_HISTORICAL_TARGET_FOR_THIS_BUILDING,NO,NO,COVERAGE_COMPLETE,Coverage_Status=COVERED_POSITIVE | Research_Files=BUILD_START_1776_SOUTH_ASIA_RESEARCH.csv | CURRENT_SOURCE=common/history/buildings/10_india.txt:common/history/buildings/10_india.txt:635
BIC,STATE_AWADH,building_opium_plantation,18,0,REMOVE,COVERED_OWNER_STATE_WITH_NO_FINAL_HISTORICAL_TARGET_FOR_THIS_BUILDING,NO,NO,COVERAGE_COMPLETE,Coverage_Status=COVERED_POSITIVE | Research_Files=BUILD_START_1776_SOUTH_ASIA_RESEARCH.csv | CURRENT_SOURCE=common/history/buildings/10_india.txt:common/history/buildings/10_india.txt:611
BIC,STATE_AWADH,building_silk_plantation,4,0,REMOVE,COVERED_OWNER_STATE_WITH_NO_FINAL_HISTORICAL_TARGET_FOR_THIS_BUILDING,NO,NO,COVERAGE_COMPLETE,Coverage_Status=COVERED_POSITIVE | Research_Files=BUILD_START_1776_SOUTH_ASIA_RESEARCH.csv | CURRENT_SOURCE=common/history/buildings/10_india.txt:common/history/buildings/10_india.txt:680
BIC,STATE_BIHAR,building_dye_plantation,5,0,REMOVE,COVERED_OWNER_STATE_WITH_NO_FINAL_HISTORICAL_TARGET_FOR_THIS_BUILDING,NO,NO,COVERAGE_COMPLETE,Coverage_Status=COVERED_POSITIVE | Research_Files=BUILD_START_1776_SOUTH_ASIA_RESEARCH.csv | CURRENT_SOURCE=common/history/buildings/10_india.txt:common/history/buildings/10_india.txt:88
BIC,STATE_BIHAR,building_sugar_plantation,2,0,REMOVE,COVERED_OWNER_STATE_WITH_NO_FINAL_HISTORICAL_TARGET_FOR_THIS_BUILDING,NO,NO,COVERAGE_COMPLETE,Coverage_Status=COVERED_POSITIVE | Research_Files=BUILD_START_1776_SOUTH_ASIA_RESEARCH.csv | CURRENT_SOURCE=common/history/buildings/10_india.txt:common/history/buildings/10_india.txt:69
BIC,STATE_BIHAR,building_tobacco_plantation,3,0,REMOVE,COVERED_OWNER_STATE_WITH_NO_FINAL_HISTORICAL_TARGET_FOR_THIS_BUILDING,NO,NO,COVERAGE_COMPLETE,Coverage_Status=COVERED_POSITIVE | Research_Files=BUILD_START_1776_SOUTH_ASIA_RESEARCH.csv | CURRENT_SOURCE=common/history/buildings/10_india.txt:common/history/buildings/10_india.txt:50
BIC,STATE_CIRCARS,building_arms_industry,1,0,REMOVE,COVERED_OWNER_STATE_WITH_NO_FINAL_HISTORICAL_TARGET_FOR_THIS_BUILDING,NO,NO,COVERAGE_COMPLETE,Coverage_Status=COVERED_POSITIVE | Research_Files=BUILD_START_1776_SOUTH_ASIA_RESEARCH.csv | CURRENT_SOURCE=common/history/buildings/10_india.txt:common/history/buildings/10_india.txt:1622
BIC,STATE_CIRCARS,building_banana_plantation,5,0,REMOVE,COVERED_OWNER_STATE_WITH_NO_FINAL_HISTORICAL_TARGET_FOR_THIS_BUILDING,NO,NO,COVERAGE_COMPLETE,Coverage_Status=COVERED_POSITIVE | Research_Files=BUILD_START_1776_SOUTH_ASIA_RESEARCH.csv | CURRENT_SOURCE=common/history/buildings/10_india.txt:common/history/buildings/10_india.txt:1684
BIC,STATE_CIRCARS,building_sugar_plantation,2,0,REMOVE,COVERED_OWNER_STATE_WITH_NO_FINAL_HISTORICAL_TARGET_FOR_THIS_BUILDING,NO,NO,COVERAGE_COMPLETE,Coverage_Status=COVERED_POSITIVE | Research_Files=BUILD_START_1776_SOUTH_ASIA_RESEARCH.csv | CURRENT_SOURCE=common/history/buildings/10_india.txt:common/history/buildings/10_india.txt:1697
BIC,STATE_CIRCARS,building_tobacco_plantation,2,0,REMOVE,COVERED_OWNER_STATE_WITH_NO_FINAL_HISTORICAL_TARGET_FOR_THIS_BUILDING,NO,NO,COVERAGE_COMPLETE,Coverage_Status=COVERED_POSITIVE | Research_Files=BUILD_START_1776_SOUTH_ASIA_RESEARCH.csv | CURRENT_SOURCE=common/history/buildings/10_india.txt:common/history/buildings/10_india.txt:1646
BIC,STATE_EAST_BENGAL,building_dye_plantation,8,0,REMOVE,COVERED_OWNER_STATE_WITH_NO_FINAL_HISTORICAL_TARGET_FOR_THIS_BUILDING,NO,NO,COVERAGE_COMPLETE,Coverage_Status=COVERED_POSITIVE | Research_Files=BUILD_START_1776_SOUTH_ASIA_RESEARCH.csv;BUILD_START_1776_SOUTH_ASIA_RESEARCH.md | CURRENT_SOURCE=common/history/buildings/10_india.txt:common/history/buildings/10_india.txt:431
BIC,STATE_EAST_BENGAL,building_fishing_wharf,2,0,REMOVE,COVERED_OWNER_STATE_WITH_NO_FINAL_HISTORICAL_TARGET_FOR_THIS_BUILDING,NO,NO,COVERAGE_COMPLETE,Coverage_Status=COVERED_POSITIVE | Research_Files=BUILD_START_1776_SOUTH_ASIA_RESEARCH.csv;BUILD_START_1776_SOUTH_ASIA_RESEARCH.md | CURRENT_SOURCE=common/history/buildings/10_india.txt:common/history/buildings/10_india.txt:450
BIC,STATE_EAST_BENGAL,building_logging_camp,2,0,REMOVE,COVERED_OWNER_STATE_WITH_NO_FINAL_HISTORICAL_TARGET_FOR_THIS_BUILDING,NO,NO,COVERAGE_COMPLETE,Coverage_Status=COVERED_POSITIVE | Research_Files=BUILD_START_1776_SOUTH_ASIA_RESEARCH.csv;BUILD_START_1776_SOUTH_ASIA_RESEARCH.md | CURRENT_SOURCE=common/history/buildings/10_india.txt:common/history/buildings/10_india.txt:418
BIC,STATE_EAST_BENGAL,building_silk_plantation,2,0,REMOVE,COVERED_OWNER_STATE_WITH_NO_FINAL_HISTORICAL_TARGET_FOR_THIS_BUILDING,NO,NO,COVERAGE_COMPLETE,Coverage_Status=COVERED_POSITIVE | Research_Files=BUILD_START_1776_SOUTH_ASIA_RESEARCH.csv;BUILD_START_1776_SOUTH_ASIA_RESEARCH.md | CURRENT_SOURCE=common/history/buildings/10_india.txt:common/history/buildings/10_india.txt:405
BIC,STATE_PEGU,building_banana_plantation,1,0,REMOVE,COVERED_OWNER_STATE_WITH_NO_FINAL_HISTORICAL_TARGET_FOR_THIS_BUILDING,NO,NO,COVERAGE_COMPLETE,Coverage_Status=COVERED_ZERO_POSITIVE | Research_Files=BUILD_START_1776_SUPPLEMENTAL_OWNER_STATE_COVERAGE_CORRIGE.csv | CURRENT_SOURCE=common/history/buildings/11_east_asia.txt:common/history/buildings/11_east_asia.txt:2571
BIC,STATE_PEGU,building_port,1,0,REMOVE,COVERED_OWNER_STATE_WITH_NO_FINAL_HISTORICAL_TARGET_FOR_THIS_BUILDING,NO,NO,COVERAGE_COMPLETE,Coverage_Status=COVERED_ZERO_POSITIVE | Research_Files=BUILD_START_1776_SUPPLEMENTAL_OWNER_STATE_COVERAGE_CORRIGE.csv | CURRENT_SOURCE=common/history/buildings/11_east_asia.txt:common/history/buildings/11_east_asia.txt:2560
BIC,STATE_WEST_BENGAL,building_coal_mine,2,0,REMOVE,COVERED_OWNER_STATE_WITH_NO_FINAL_HISTORICAL_TARGET_FOR_THIS_BUILDING,NO,NO,COVERAGE_COMPLETE,Coverage_Status=COVERED_POSITIVE | Research_Files=BUILD_START_1776_SOUTH_ASIA_RESEARCH.csv | CURRENT_SOURCE=common/history/buildings/10_india.txt:common/history/buildings/10_india.txt:165
BIC,STATE_WEST_BENGAL,building_construction_sector,1,0,REMOVE,COVERED_OWNER_STATE_WITH_NO_FINAL_HISTORICAL_TARGET_FOR_THIS_BUILDING,NO,NO,COVERAGE_COMPLETE,Coverage_Status=COVERED_POSITIVE | Research_Files=BUILD_START_1776_SOUTH_ASIA_RESEARCH.csv | CURRENT_SOURCE=common/history/buildings/10_india.txt:common/history/buildings/10_india.txt:141
BIC,STATE_WEST_BENGAL,building_dye_plantation,5,0,REMOVE,COVERED_OWNER_STATE_WITH_NO_FINAL_HISTORICAL_TARGET_FOR_THIS_BUILDING,NO,NO,COVERAGE_COMPLETE,Coverage_Status=COVERED_POSITIVE | Research_Files=BUILD_START_1776_SOUTH_ASIA_RESEARCH.csv | CURRENT_SOURCE=common/history/buildings/10_india.txt:common/history/buildings/10_india.txt:308
BIC,STATE_WEST_BENGAL,building_fishing_wharf,3,0,REMOVE,COVERED_OWNER_STATE_WITH_NO_FINAL_HISTORICAL_TARGET_FOR_THIS_BUILDING,NO,NO,COVERAGE_COMPLETE,Coverage_Status=COVERED_POSITIVE | Research_Files=BUILD_START_1776_SOUTH_ASIA_RESEARCH.csv | CURRENT_SOURCE=common/history/buildings/10_india.txt:common/history/buildings/10_india.txt:353
BIC,STATE_WEST_BENGAL,building_glassworks,3,0,REMOVE,COVERED_OWNER_STATE_WITH_NO_FINAL_HISTORICAL_TARGET_FOR_THIS_BUILDING,NO,NO,COVERAGE_COMPLETE,Coverage_Status=COVERED_POSITIVE | Research_Files=BUILD_START_1776_SOUTH_ASIA_RESEARCH.csv | CURRENT_SOURCE=common/history/buildings/10_india.txt:common/history/buildings/10_india.txt:269
BIC,STATE_WEST_BENGAL,building_iron_mine,1,0,REMOVE,COVERED_OWNER_STATE_WITH_NO_FINAL_HISTORICAL_TARGET_FOR_THIS_BUILDING,NO,NO,COVERAGE_COMPLETE,Coverage_Status=COVERED_POSITIVE | Research_Files=BUILD_START_1776_SOUTH_ASIA_RESEARCH.csv | CURRENT_SOURCE=common/history/buildings/10_india.txt:common/history/buildings/10_india.txt:152
BIC,STATE_WEST_BENGAL,building_logging_camp,4,0,REMOVE,COVERED_OWNER_STATE_WITH_NO_FINAL_HISTORICAL_TARGET_FOR_THIS_BUILDING,NO,NO,COVERAGE_COMPLETE,Coverage_Status=COVERED_POSITIVE | Research_Files=BUILD_START_1776_SOUTH_ASIA_RESEARCH.csv | CURRENT_SOURCE=common/history/buildings/10_india.txt:common/history/buildings/10_india.txt:178
BIC,STATE_WEST_BENGAL,building_opium_plantation,11,0,REMOVE,COVERED_OWNER_STATE_WITH_NO_FINAL_HISTORICAL_TARGET_FOR_THIS_BUILDING,NO,NO,COVERAGE_COMPLETE,Coverage_Status=COVERED_POSITIVE | Research_Files=BUILD_START_1776_SOUTH_ASIA_RESEARCH.csv | CURRENT_SOURCE=common/history/buildings/10_india.txt:common/history/buildings/10_india.txt:191
BIC,STATE_WEST_BENGAL,building_paper_mill,2,0,REMOVE,COVERED_OWNER_STATE_WITH_NO_FINAL_HISTORICAL_TARGET_FOR_THIS_BUILDING,NO,NO,COVERAGE_COMPLETE,Coverage_Status=COVERED_POSITIVE | Research_Files=BUILD_START_1776_SOUTH_ASIA_RESEARCH.csv | CURRENT_SOURCE=common/history/buildings/10_india.txt:common/history/buildings/10_india.txt:340
BIC,STATE_WEST_BENGAL,building_tobacco_plantation,6,0,REMOVE,COVERED_OWNER_STATE_WITH_NO_FINAL_HISTORICAL_TARGET_FOR_THIS_BUILDING,NO,NO,COVERAGE_COMPLETE,Coverage_Status=COVERED_POSITIVE | Research_Files=BUILD_START_1776_SOUTH_ASIA_RESEARCH.csv | CURRENT_SOURCE=common/history/buildings/10_india.txt:common/history/buildings/10_india.txt:234
BNJ,STATE_EAST_BORNEO,building_banana_plantation,1,0,REMOVE,COVERED_OWNER_STATE_WITH_NO_FINAL_HISTORICAL_TARGET_FOR_THIS_BUILDING,NO,NO,COVERAGE_COMPLETE,Coverage_Status=COVERED_POSITIVE | Research_Files=BUILD_START_1776_EAST_ASIA_SE_ASIA_RESEARCH.md;BUILD_START_1776_EAST_ASIA_SE_ASIA_RESEARCH_MATRIX.csv | CURRENT_SOURCE=common/history/buildings/12_indonesia.txt:common/history/buildings/12_indonesia.txt:264
BNJ,STATE_EAST_BORNEO,building_dye_plantation,2,0,REMOVE,COVERED_OWNER_STATE_WITH_NO_FINAL_HISTORICAL_TARGET_FOR_THIS_BUILDING,NO,NO,COVERAGE_COMPLETE,Coverage_Status=COVERED_POSITIVE | Research_Files=BUILD_START_1776_EAST_ASIA_SE_ASIA_RESEARCH.md;BUILD_START_1776_EAST_ASIA_SE_ASIA_RESEARCH_MATRIX.csv | CURRENT_SOURCE=common/history/buildings/12_indonesia.txt:common/history/buildings/12_indonesia.txt:251
BNJ,STATE_EAST_BORNEO,building_tea_plantation,1,0,REMOVE,COVERED_OWNER_STATE_WITH_NO_FINAL_HISTORICAL_TARGET_FOR_THIS_BUILDING,NO,NO,COVERAGE_COMPLETE,Coverage_Status=COVERED_POSITIVE | Research_Files=BUILD_START_1776_EAST_ASIA_SE_ASIA_RESEARCH.md;BUILD_START_1776_EAST_ASIA_SE_ASIA_RESEARCH_MATRIX.csv | CURRENT_SOURCE=common/history/buildings/12_indonesia.txt:common/history/buildings/12_indonesia.txt:238
BOR,STATE_BORNU,building_millet_farm,2,0,REMOVE,COVERED_OWNER_STATE_WITH_NO_FINAL_HISTORICAL_TARGET_FOR_THIS_BUILDING,NO,NO,COVERAGE_COMPLETE,Coverage_Status=COVERED_POSITIVE | Research_Files=BUILD_START_1776_SUPPLEMENTAL_OWNER_STATE_COVERAGE_CORRIGE.csv; BUILD_START_1776_SUPPLEMENTAL_RESEARCH_CORRIGE.csv | CURRENT_SOURCE=common/history/buildings/04_subsaharan_africa.txt:common/history/buildings/04_subsaharan_africa.txt:412
BOR,STATE_OUTER_HAUSALAND,building_livestock_ranch,1,0,REMOVE,COVERED_OWNER_STATE_WITH_NO_FINAL_HISTORICAL_TARGET_FOR_THIS_BUILDING,NO,NO,COVERAGE_COMPLETE,Coverage_Status=COVERED_ZERO_POSITIVE | Research_Files=BUILD_START_1776_SUPPLEMENTAL_OWNER_STATE_COVERAGE_CORRIGE.csv | CURRENT_SOURCE=common/history/buildings/04_subsaharan_africa.txt:common/history/buildings/04_subsaharan_africa.txt:395
BRA,STATE_BRUNSWICK,building_iron_mine,1,0,REMOVE,COVERED_OWNER_STATE_WITH_NO_FINAL_HISTORICAL_TARGET_FOR_THIS_BUILDING,NO,NO,COVERAGE_COMPLETE,Coverage_Status=COVERED_POSITIVE | Research_Files=BUILD_START_1776_CENTRAL_EUROPE_GERMAN_ITALY_RESEARCH.csv | CURRENT_SOURCE=common/history/buildings/00_west_europe.txt:common/history/buildings/00_west_europe.txt:6729
BRA,STATE_BRUNSWICK,building_livestock_ranch,1,0,REMOVE,COVERED_OWNER_STATE_WITH_NO_FINAL_HISTORICAL_TARGET_FOR_THIS_BUILDING,NO,NO,COVERAGE_COMPLETE,Coverage_Status=COVERED_POSITIVE | Research_Files=BUILD_START_1776_CENTRAL_EUROPE_GERMAN_ITALY_RESEARCH.csv | CURRENT_SOURCE=common/history/buildings/00_west_europe.txt:common/history/buildings/00_west_europe.txt:6716
BRD,STATE_TANGANYIKA,building_livestock_ranch,1,0,REMOVE,COVERED_OWNER_STATE_WITH_NO_FINAL_HISTORICAL_TARGET_FOR_THIS_BUILDING,NO,NO,COVERAGE_COMPLETE,Coverage_Status=COVERED_POSITIVE | Research_Files=BUILD_START_1776_SUPPLEMENTAL_OWNER_STATE_COVERAGE_CORRIGE.csv; BUILD_START_1776_SUPPLEMENTAL_RESEARCH_CORRIGE.csv | CURRENT_SOURCE=common/history/buildings/04_subsaharan_africa.txt:common/history/buildings/04_subsaharan_africa.txt:809
BRE,STATE_ELBE,building_paper_mill,1,0,REMOVE,COVERED_OWNER_STATE_WITH_NO_FINAL_HISTORICAL_TARGET_FOR_THIS_BUILDING,NO,NO,COVERAGE_COMPLETE,Coverage_Status=COVERED_POSITIVE | Research_Files=BUILD_START_1776_CENTRAL_EUROPE_GERMAN_ITALY_RESEARCH.csv;BUILD_START_1776_CENTRAL_EUROPE_GERMAN_ITALY_RESEARCH.md | CURRENT_SOURCE=common/history/buildings/00_west_europe.txt:common/history/buildings/00_west_europe.txt:5417
BRG,STATE_DAHOMEY,building_millet_farm,1,0,REMOVE,COVERED_OWNER_STATE_WITH_NO_FINAL_HISTORICAL_TARGET_FOR_THIS_BUILDING,NO,NO,COVERAGE_COMPLETE,Coverage_Status=COVERED_ZERO_POSITIVE | Research_Files=BUILD_START_1776_SUPPLEMENTAL_OWNER_STATE_COVERAGE_CORRIGE.csv | CURRENT_SOURCE=common/history/buildings/04_subsaharan_africa.txt:common/history/buildings/04_subsaharan_africa.txt:696
BRG,STATE_HAUSALAND,building_millet_farm,1,0,REMOVE,COVERED_OWNER_STATE_WITH_NO_FINAL_HISTORICAL_TARGET_FOR_THIS_BUILDING,NO,NO,COVERAGE_COMPLETE,Coverage_Status=COVERED_ZERO_POSITIVE | Research_Files=BUILD_START_1776_SUPPLEMENTAL_OWNER_STATE_COVERAGE_CORRIGE.csv | CURRENT_SOURCE=common/history/buildings/04_subsaharan_africa.txt:common/history/buildings/04_subsaharan_africa.txt:260
BRU,STATE_NORTH_BORNEO,building_fishing_wharf,1,0,REMOVE,COVERED_OWNER_STATE_WITH_NO_FINAL_HISTORICAL_TARGET_FOR_THIS_BUILDING,NO,NO,COVERAGE_COMPLETE,Coverage_Status=COVERED_POSITIVE | Research_Files=BUILD_START_1776_EAST_ASIA_SE_ASIA_RESEARCH.md;BUILD_START_1776_EAST_ASIA_SE_ASIA_RESEARCH_MATRIX.csv | CURRENT_SOURCE=common/history/buildings/12_indonesia.txt:common/history/buildings/12_indonesia.txt:118
BRU,STATE_NORTH_BORNEO,building_spice_plantation,1,0,REMOVE,COVERED_OWNER_STATE_WITH_NO_FINAL_HISTORICAL_TARGET_FOR_THIS_BUILDING,NO,NO,COVERAGE_COMPLETE,Coverage_Status=COVERED_POSITIVE | Research_Files=BUILD_START_1776_EAST_ASIA_SE_ASIA_RESEARCH.md;BUILD_START_1776_EAST_ASIA_SE_ASIA_RESEARCH_MATRIX.csv | CURRENT_SOURCE=common/history/buildings/99_tech6a3_spice_plantations.txt:common/history/buildings/99_tech6a3_spice_plantations.txt:124
BRZ,STATE_BAHIA,building_banana_plantation,1,0,REMOVE,COVERED_OWNER_STATE_WITH_NO_FINAL_HISTORICAL_TARGET_FOR_THIS_BUILDING,NO,NO,COVERAGE_COMPLETE,Coverage_Status=COVERED_POSITIVE | Research_Files=BUILD_START_1776_AMERICAS_CARIBBEAN_RESEARCH.csv;BUILD_START_1776_AMERICAS_CARIBBEAN_RESEARCH.md | CURRENT_SOURCE=common/history/buildings/07_south_america.txt:common/history/buildings/07_south_america.txt:2296
BRZ,STATE_BAHIA,building_coffee_plantation,1,0,REMOVE,COVERED_OWNER_STATE_WITH_NO_FINAL_HISTORICAL_TARGET_FOR_THIS_BUILDING,NO,NO,COVERAGE_COMPLETE,Coverage_Status=COVERED_POSITIVE | Research_Files=BUILD_START_1776_AMERICAS_CARIBBEAN_RESEARCH.csv;BUILD_START_1776_AMERICAS_CARIBBEAN_RESEARCH.md | CURRENT_SOURCE=common/history/buildings/07_south_america.txt:common/history/buildings/07_south_america.txt:2270
BRZ,STATE_BAHIA,building_fishing_wharf,1,0,REMOVE,COVERED_OWNER_STATE_WITH_NO_FINAL_HISTORICAL_TARGET_FOR_THIS_BUILDING,NO,NO,COVERAGE_COMPLETE,Coverage_Status=COVERED_POSITIVE | Research_Files=BUILD_START_1776_AMERICAS_CARIBBEAN_RESEARCH.csv;BUILD_START_1776_AMERICAS_CARIBBEAN_RESEARCH.md | CURRENT_SOURCE=common/history/buildings/07_south_america.txt:common/history/buildings/07_south_america.txt:2322
BRZ,STATE_BAHIA,building_government_administration,3,0,REMOVE,COVERED_OWNER_STATE_WITH_NO_FINAL_HISTORICAL_TARGET_FOR_THIS_BUILDING,NO,NO,COVERAGE_COMPLETE,Coverage_Status=COVERED_POSITIVE | Research_Files=BUILD_START_1776_AMERICAS_CARIBBEAN_RESEARCH.csv;BUILD_START_1776_AMERICAS_CARIBBEAN_RESEARCH.md | CURRENT_SOURCE=common/history/buildings/07_south_america.txt:common/history/buildings/07_south_america.txt:2259
BRZ,STATE_BAHIA,building_logging_camp,1,0,REMOVE,COVERED_OWNER_STATE_WITH_NO_FINAL_HISTORICAL_TARGET_FOR_THIS_BUILDING,NO,NO,COVERAGE_COMPLETE,Coverage_Status=COVERED_POSITIVE | Research_Files=BUILD_START_1776_AMERICAS_CARIBBEAN_RESEARCH.csv;BUILD_START_1776_AMERICAS_CARIBBEAN_RESEARCH.md | CURRENT_SOURCE=common/history/buildings/07_south_america.txt:common/history/buildings/07_south_america.txt:2309
BRZ,STATE_BAHIA,building_maize_farm,2,0,REMOVE,COVERED_OWNER_STATE_WITH_NO_FINAL_HISTORICAL_TARGET_FOR_THIS_BUILDING,NO,NO,COVERAGE_COMPLETE,Coverage_Status=COVERED_POSITIVE | Research_Files=BUILD_START_1776_AMERICAS_CARIBBEAN_RESEARCH.csv;BUILD_START_1776_AMERICAS_CARIBBEAN_RESEARCH.md | CURRENT_SOURCE=common/history/buildings/07_south_america.txt:common/history/buildings/07_south_america.txt:2283
BRZ,STATE_CEARA,building_cotton_plantation,1,0,REMOVE,COVERED_OWNER_STATE_WITH_NO_FINAL_HISTORICAL_TARGET_FOR_THIS_BUILDING,NO,NO,COVERAGE_COMPLETE,Coverage_Status=COVERED_POSITIVE | Research_Files=BUILD_START_1776_AMERICAS_CARIBBEAN_RESEARCH.csv | CURRENT_SOURCE=common/history/buildings/07_south_america.txt:common/history/buildings/07_south_america.txt:2393
BRZ,STATE_CEARA,building_fishing_wharf,1,0,REMOVE,COVERED_OWNER_STATE_WITH_NO_FINAL_HISTORICAL_TARGET_FOR_THIS_BUILDING,NO,NO,COVERAGE_COMPLETE,Coverage_Status=COVERED_POSITIVE | Research_Files=BUILD_START_1776_AMERICAS_CARIBBEAN_RESEARCH.csv | CURRENT_SOURCE=common/history/buildings/07_south_america.txt:common/history/buildings/07_south_america.txt:2432
BRZ,STATE_CEARA,building_logging_camp,2,0,REMOVE,COVERED_OWNER_STATE_WITH_NO_FINAL_HISTORICAL_TARGET_FOR_THIS_BUILDING,NO,NO,COVERAGE_COMPLETE,Coverage_Status=COVERED_POSITIVE | Research_Files=BUILD_START_1776_AMERICAS_CARIBBEAN_RESEARCH.csv | CURRENT_SOURCE=common/history/buildings/07_south_america.txt:common/history/buildings/07_south_america.txt:2419
BRZ,STATE_CEARA,building_maize_farm,2,0,REMOVE,COVERED_OWNER_STATE_WITH_NO_FINAL_HISTORICAL_TARGET_FOR_THIS_BUILDING,NO,NO,COVERAGE_COMPLETE,Coverage_Status=COVERED_POSITIVE | Research_Files=BUILD_START_1776_AMERICAS_CARIBBEAN_RESEARCH.csv | CURRENT_SOURCE=common/history/buildings/07_south_america.txt:common/history/buildings/07_south_america.txt:2406
BRZ,STATE_GOIAS,building_logging_camp,1,0,REMOVE,COVERED_OWNER_STATE_WITH_NO_FINAL_HISTORICAL_TARGET_FOR_THIS_BUILDING,NO,NO,COVERAGE_COMPLETE,Coverage_Status=COVERED_POSITIVE | Research_Files=BUILD_START_1776_AMERICAS_CARIBBEAN_RESEARCH.csv | CURRENT_SOURCE=common/history/buildings/07_south_america.txt:common/history/buildings/07_south_america.txt:1850
BRZ,STATE_GOIAS,building_rice_farm,1,0,REMOVE,COVERED_OWNER_STATE_WITH_NO_FINAL_HISTORICAL_TARGET_FOR_THIS_BUILDING,NO,NO,COVERAGE_COMPLETE,Coverage_Status=COVERED_POSITIVE | Research_Files=BUILD_START_1776_AMERICAS_CARIBBEAN_RESEARCH.csv | CURRENT_SOURCE=common/history/buildings/07_south_america.txt:common/history/buildings/07_south_america.txt:1863
BRZ,STATE_MARANHAO,building_banana_plantation,1,0,REMOVE,COVERED_OWNER_STATE_WITH_NO_FINAL_HISTORICAL_TARGET_FOR_THIS_BUILDING,NO,NO,COVERAGE_COMPLETE,Coverage_Status=COVERED_POSITIVE | Research_Files=BUILD_START_1776_AMERICAS_CARIBBEAN_RESEARCH.csv;BUILD_START_1776_AMERICAS_CARIBBEAN_RESEARCH.md | CURRENT_SOURCE=common/history/buildings/07_south_america.txt:common/history/buildings/07_south_america.txt:1812
BRZ,STATE_MARANHAO,building_logging_camp,1,0,REMOVE,COVERED_OWNER_STATE_WITH_NO_FINAL_HISTORICAL_TARGET_FOR_THIS_BUILDING,NO,NO,COVERAGE_COMPLETE,Coverage_Status=COVERED_POSITIVE | Research_Files=BUILD_START_1776_AMERICAS_CARIBBEAN_RESEARCH.csv;BUILD_START_1776_AMERICAS_CARIBBEAN_RESEARCH.md | CURRENT_SOURCE=common/history/buildings/07_south_america.txt:common/history/buildings/07_south_america.txt:1799
BRZ,STATE_MINAS_GERAIS,building_banana_plantation,1,0,REMOVE,COVERED_OWNER_STATE_WITH_NO_FINAL_HISTORICAL_TARGET_FOR_THIS_BUILDING,NO,NO,COVERAGE_COMPLETE,Coverage_Status=COVERED_POSITIVE | Research_Files=BUILD_START_1776_AMERICAS_CARIBBEAN_RESEARCH.csv | CURRENT_SOURCE=common/history/buildings/07_south_america.txt:common/history/buildings/07_south_america.txt:2116
BRZ,STATE_MINAS_GERAIS,building_coffee_plantation,1,0,REMOVE,COVERED_OWNER_STATE_WITH_NO_FINAL_HISTORICAL_TARGET_FOR_THIS_BUILDING,NO,NO,COVERAGE_COMPLETE,Coverage_Status=COVERED_POSITIVE | Research_Files=BUILD_START_1776_AMERICAS_CARIBBEAN_RESEARCH.csv | CURRENT_SOURCE=common/history/buildings/07_south_america.txt:common/history/buildings/07_south_america.txt:2103
BRZ,STATE_MINAS_GERAIS,building_iron_mine,1,0,REMOVE,COVERED_OWNER_STATE_WITH_NO_FINAL_HISTORICAL_TARGET_FOR_THIS_BUILDING,NO,NO,COVERAGE_COMPLETE,Coverage_Status=COVERED_POSITIVE | Research_Files=BUILD_START_1776_AMERICAS_CARIBBEAN_RESEARCH.csv | CURRENT_SOURCE=common/history/buildings/07_south_america.txt:common/history/buildings/07_south_america.txt:2058
BRZ,STATE_MINAS_GERAIS,building_maize_farm,2,0,REMOVE,COVERED_OWNER_STATE_WITH_NO_FINAL_HISTORICAL_TARGET_FOR_THIS_BUILDING,NO,NO,COVERAGE_COMPLETE,Coverage_Status=COVERED_POSITIVE | Research_Files=BUILD_START_1776_AMERICAS_CARIBBEAN_RESEARCH.csv | CURRENT_SOURCE=common/history/buildings/07_south_america.txt:common/history/buildings/07_south_america.txt:2084
BRZ,STATE_PARAIBA,building_maize_farm,1,0,REMOVE,COVERED_OWNER_STATE_WITH_NO_FINAL_HISTORICAL_TARGET_FOR_THIS_BUILDING,NO,NO,COVERAGE_COMPLETE,Coverage_Status=COVERED_POSITIVE | Research_Files=BUILD_START_1776_AMERICAS_CARIBBEAN_RESEARCH.csv;BUILD_START_1776_AMERICAS_CARIBBEAN_RESEARCH.md | CURRENT_SOURCE=common/history/buildings/07_south_america.txt:common/history/buildings/07_south_america.txt:2492
BRZ,STATE_PARAIBA,building_tobacco_plantation,1,0,REMOVE,COVERED_OWNER_STATE_WITH_NO_FINAL_HISTORICAL_TARGET_FOR_THIS_BUILDING,NO,NO,COVERAGE_COMPLETE,Coverage_Status=COVERED_POSITIVE | Research_Files=BUILD_START_1776_AMERICAS_CARIBBEAN_RESEARCH.csv;BUILD_START_1776_AMERICAS_CARIBBEAN_RESEARCH.md | CURRENT_SOURCE=common/history/buildings/07_south_america.txt:common/history/buildings/07_south_america.txt:2479
BRZ,STATE_PARANA,building_banana_plantation,1,0,REMOVE,COVERED_OWNER_STATE_WITH_NO_FINAL_HISTORICAL_TARGET_FOR_THIS_BUILDING,NO,NO,COVERAGE_COMPLETE,Coverage_Status=COVERED_ZERO_POSITIVE | Research_Files=BUILD_START_1776_AMERICAS_CARIBBEAN_RESEARCH.md | CURRENT_SOURCE=common/history/buildings/07_south_america.txt:common/history/buildings/07_south_america.txt:1903
BRZ,STATE_PARANA,building_logging_camp,1,0,REMOVE,COVERED_OWNER_STATE_WITH_NO_FINAL_HISTORICAL_TARGET_FOR_THIS_BUILDING,NO,NO,COVERAGE_COMPLETE,Coverage_Status=COVERED_ZERO_POSITIVE | Research_Files=BUILD_START_1776_AMERICAS_CARIBBEAN_RESEARCH.md | CURRENT_SOURCE=common/history/buildings/07_south_america.txt:common/history/buildings/07_south_america.txt:1890
BRZ,STATE_PARANA,building_maize_farm,2,0,REMOVE,COVERED_OWNER_STATE_WITH_NO_FINAL_HISTORICAL_TARGET_FOR_THIS_BUILDING,NO,NO,COVERAGE_COMPLETE,Coverage_Status=COVERED_ZERO_POSITIVE | Research_Files=BUILD_START_1776_AMERICAS_CARIBBEAN_RESEARCH.md | CURRENT_SOURCE=common/history/buildings/07_south_america.txt:common/history/buildings/07_south_america.txt:1916
BRZ,STATE_PERNAMBUCO,building_banana_plantation,1,0,REMOVE,COVERED_OWNER_STATE_WITH_NO_FINAL_HISTORICAL_TARGET_FOR_THIS_BUILDING,NO,NO,COVERAGE_COMPLETE,Coverage_Status=COVERED_POSITIVE | Research_Files=BUILD_START_1776_AMERICAS_CARIBBEAN_RESEARCH.csv;BUILD_START_1776_AMERICAS_CARIBBEAN_RESEARCH.md | CURRENT_SOURCE=common/history/buildings/07_south_america.txt:common/history/buildings/07_south_america.txt:2572
BRZ,STATE_PERNAMBUCO,building_cotton_plantation,1,0,REMOVE,COVERED_OWNER_STATE_WITH_NO_FINAL_HISTORICAL_TARGET_FOR_THIS_BUILDING,NO,NO,COVERAGE_COMPLETE,Coverage_Status=COVERED_POSITIVE | Research_Files=BUILD_START_1776_AMERICAS_CARIBBEAN_RESEARCH.csv;BUILD_START_1776_AMERICAS_CARIBBEAN_RESEARCH.md | CURRENT_SOURCE=common/history/buildings/07_south_america.txt:common/history/buildings/07_south_america.txt:2533
BRZ,STATE_PERNAMBUCO,building_government_administration,1,0,REMOVE,COVERED_OWNER_STATE_WITH_NO_FINAL_HISTORICAL_TARGET_FOR_THIS_BUILDING,NO,NO,COVERAGE_COMPLETE,Coverage_Status=COVERED_POSITIVE | Research_Files=BUILD_START_1776_AMERICAS_CARIBBEAN_RESEARCH.csv;BUILD_START_1776_AMERICAS_CARIBBEAN_RESEARCH.md | CURRENT_SOURCE=common/history/buildings/07_south_america.txt:common/history/buildings/07_south_america.txt:2509
BRZ,STATE_PERNAMBUCO,building_maize_farm,1,0,REMOVE,COVERED_OWNER_STATE_WITH_NO_FINAL_HISTORICAL_TARGET_FOR_THIS_BUILDING,NO,NO,COVERAGE_COMPLETE,Coverage_Status=COVERED_POSITIVE | Research_Files=BUILD_START_1776_AMERICAS_CARIBBEAN_RESEARCH.csv;BUILD_START_1776_AMERICAS_CARIBBEAN_RESEARCH.md | CURRENT_SOURCE=common/history/buildings/07_south_america.txt:common/history/buildings/07_south_america.txt:2559
BRZ,STATE_PERNAMBUCO,building_tobacco_plantation,1,0,REMOVE,COVERED_OWNER_STATE_WITH_NO_FINAL_HISTORICAL_TARGET_FOR_THIS_BUILDING,NO,NO,COVERAGE_COMPLETE,Coverage_Status=COVERED_POSITIVE | Research_Files=BUILD_START_1776_AMERICAS_CARIBBEAN_RESEARCH.csv;BUILD_START_1776_AMERICAS_CARIBBEAN_RESEARCH.md | CURRENT_SOURCE=common/history/buildings/07_south_america.txt:common/history/buildings/07_south_america.txt:2546
BRZ,STATE_PERNAMBUCO,building_university,1,0,REMOVE,COVERED_OWNER_STATE_WITH_NO_FINAL_HISTORICAL_TARGET_FOR_THIS_BUILDING,NO,NO,COVERAGE_COMPLETE,Coverage_Status=COVERED_POSITIVE | Research_Files=BUILD_START_1776_AMERICAS_CARIBBEAN_RESEARCH.csv;BUILD_START_1776_AMERICAS_CARIBBEAN_RESEARCH.md | CURRENT_SOURCE=common/history/buildings/07_south_america.txt:common/history/buildings/07_south_america.txt:2596
BRZ,STATE_PIAUI,building_logging_camp,1,0,REMOVE,COVERED_OWNER_STATE_WITH_NO_FINAL_HISTORICAL_TARGET_FOR_THIS_BUILDING,NO,NO,COVERAGE_COMPLETE,Coverage_Status=COVERED_POSITIVE | Research_Files=BUILD_START_1776_AMERICAS_CARIBBEAN_RESEARCH.csv | CURRENT_SOURCE=common/history/buildings/07_south_america.txt:common/history/buildings/07_south_america.txt:2462
BRZ,STATE_PIAUI,building_maize_farm,1,0,REMOVE,COVERED_OWNER_STATE_WITH_NO_FINAL_HISTORICAL_TARGET_FOR_THIS_BUILDING,NO,NO,COVERAGE_COMPLETE,Coverage_Status=COVERED_POSITIVE | Research_Files=BUILD_START_1776_AMERICAS_CARIBBEAN_RESEARCH.csv | CURRENT_SOURCE=common/history/buildings/07_south_america.txt:common/history/buildings/07_south_america.txt:2449
BRZ,STATE_RIO_DE_JANEIRO,building_banana_plantation,1,0,REMOVE,COVERED_OWNER_STATE_WITH_NO_FINAL_HISTORICAL_TARGET_FOR_THIS_BUILDING,NO,NO,COVERAGE_COMPLETE,Coverage_Status=COVERED_POSITIVE | Research_Files=BUILD_START_1776_AMERICAS_CARIBBEAN_RESEARCH.csv;BUILD_START_1776_AMERICAS_CARIBBEAN_RESEARCH.md | CURRENT_SOURCE=common/history/buildings/07_south_america.txt:common/history/buildings/07_south_america.txt:2231
BRZ,STATE_RIO_DE_JANEIRO,building_coffee_plantation,1,0,REMOVE,COVERED_OWNER_STATE_WITH_NO_FINAL_HISTORICAL_TARGET_FOR_THIS_BUILDING,NO,NO,COVERAGE_COMPLETE,Coverage_Status=COVERED_POSITIVE | Research_Files=BUILD_START_1776_AMERICAS_CARIBBEAN_RESEARCH.csv;BUILD_START_1776_AMERICAS_CARIBBEAN_RESEARCH.md | CURRENT_SOURCE=common/history/buildings/07_south_america.txt:common/history/buildings/07_south_america.txt:2192
BRZ,STATE_RIO_DE_JANEIRO,building_construction_sector,1,0,REMOVE,COVERED_OWNER_STATE_WITH_NO_FINAL_HISTORICAL_TARGET_FOR_THIS_BUILDING,NO,NO,COVERAGE_COMPLETE,Coverage_Status=COVERED_POSITIVE | Research_Files=BUILD_START_1776_AMERICAS_CARIBBEAN_RESEARCH.csv;BUILD_START_1776_AMERICAS_CARIBBEAN_RESEARCH.md | CURRENT_SOURCE=common/history/buildings/07_south_america.txt:common/history/buildings/07_south_america.txt:2168
BRZ,STATE_RIO_DE_JANEIRO,building_fishing_wharf,1,0,REMOVE,COVERED_OWNER_STATE_WITH_NO_FINAL_HISTORICAL_TARGET_FOR_THIS_BUILDING,NO,NO,COVERAGE_COMPLETE,Coverage_Status=COVERED_POSITIVE | Research_Files=BUILD_START_1776_AMERICAS_CARIBBEAN_RESEARCH.csv;BUILD_START_1776_AMERICAS_CARIBBEAN_RESEARCH.md | CURRENT_SOURCE=common/history/buildings/07_south_america.txt:common/history/buildings/07_south_america.txt:2179
BRZ,STATE_RIO_DE_JANEIRO,building_maize_farm,2,0,REMOVE,COVERED_OWNER_STATE_WITH_NO_FINAL_HISTORICAL_TARGET_FOR_THIS_BUILDING,NO,NO,COVERAGE_COMPLETE,Coverage_Status=COVERED_POSITIVE | Research_Files=BUILD_START_1776_AMERICAS_CARIBBEAN_RESEARCH.csv;BUILD_START_1776_AMERICAS_CARIBBEAN_RESEARCH.md | CURRENT_SOURCE=common/history/buildings/07_south_america.txt:common/history/buildings/07_south_america.txt:2218
BRZ,STATE_RIO_DE_JANEIRO,building_university,2,0,REMOVE,COVERED_OWNER_STATE_WITH_NO_FINAL_HISTORICAL_TARGET_FOR_THIS_BUILDING,NO,NO,COVERAGE_COMPLETE,Coverage_Status=COVERED_POSITIVE | Research_Files=BUILD_START_1776_AMERICAS_CARIBBEAN_RESEARCH.csv;BUILD_START_1776_AMERICAS_CARIBBEAN_RESEARCH.md | CURRENT_SOURCE=common/history/buildings/07_south_america.txt:common/history/buildings/07_south_america.txt:2157
BRZ,STATE_RIO_GRANDE_DO_NORTE,building_fishing_wharf,1,0,REMOVE,COVERED_OWNER_STATE_WITH_NO_FINAL_HISTORICAL_TARGET_FOR_THIS_BUILDING,NO,NO,COVERAGE_COMPLETE,Coverage_Status=COVERED_POSITIVE | Research_Files=BUILD_START_1776_AMERICAS_CARIBBEAN_RESEARCH.csv;BUILD_START_1776_AMERICAS_CARIBBEAN_RESEARCH.md | CURRENT_SOURCE=common/history/buildings/07_south_america.txt:common/history/buildings/07_south_america.txt:2376
BRZ,STATE_RIO_GRANDE_DO_NORTE,building_logging_camp,1,0,REMOVE,COVERED_OWNER_STATE_WITH_NO_FINAL_HISTORICAL_TARGET_FOR_THIS_BUILDING,NO,NO,COVERAGE_COMPLETE,Coverage_Status=COVERED_POSITIVE | Research_Files=BUILD_START_1776_AMERICAS_CARIBBEAN_RESEARCH.csv;BUILD_START_1776_AMERICAS_CARIBBEAN_RESEARCH.md | CURRENT_SOURCE=common/history/buildings/07_south_america.txt:common/history/buildings/07_south_america.txt:2363
BRZ,STATE_RIO_GRANDE_DO_NORTE,building_maize_farm,1,0,REMOVE,COVERED_OWNER_STATE_WITH_NO_FINAL_HISTORICAL_TARGET_FOR_THIS_BUILDING,NO,NO,COVERAGE_COMPLETE,Coverage_Status=COVERED_POSITIVE | Research_Files=BUILD_START_1776_AMERICAS_CARIBBEAN_RESEARCH.csv;BUILD_START_1776_AMERICAS_CARIBBEAN_RESEARCH.md | CURRENT_SOURCE=common/history/buildings/07_south_america.txt:common/history/buildings/07_south_america.txt:2350
BRZ,STATE_RIO_GRANDE_DO_NORTE,building_salt_pan,1,0,REMOVE,COVERED_OWNER_STATE_WITH_NO_FINAL_HISTORICAL_TARGET_FOR_THIS_BUILDING,NO,NO,COVERAGE_COMPLETE,Coverage_Status=COVERED_POSITIVE | Research_Files=BUILD_START_1776_AMERICAS_CARIBBEAN_RESEARCH.csv;BUILD_START_1776_AMERICAS_CARIBBEAN_RESEARCH.md | CURRENT_SOURCE=common/history/buildings/99_tech6a2_salt_starting_buildings.txt:common/history/buildings/99_tech6a2_salt_starting_buildings.txt:21
BRZ,STATE_SANTA_CATARINA,building_logging_camp,1,0,REMOVE,COVERED_OWNER_STATE_WITH_NO_FINAL_HISTORICAL_TARGET_FOR_THIS_BUILDING,NO,NO,COVERAGE_COMPLETE,Coverage_Status=COVERED_POSITIVE | Research_Files=BUILD_START_1776_AMERICAS_CARIBBEAN_RESEARCH.csv | CURRENT_SOURCE=common/history/buildings/07_south_america.txt:common/history/buildings/07_south_america.txt:1933
BRZ,STATE_SANTA_CATARINA,building_maize_farm,1,0,REMOVE,COVERED_OWNER_STATE_WITH_NO_FINAL_HISTORICAL_TARGET_FOR_THIS_BUILDING,NO,NO,COVERAGE_COMPLETE,Coverage_Status=COVERED_POSITIVE | Research_Files=BUILD_START_1776_AMERICAS_CARIBBEAN_RESEARCH.csv | CURRENT_SOURCE=common/history/buildings/07_south_america.txt:common/history/buildings/07_south_america.txt:1946
BRZ,STATE_SAO_PAULO,building_coffee_plantation,3,0,REMOVE,COVERED_OWNER_STATE_WITH_NO_FINAL_HISTORICAL_TARGET_FOR_THIS_BUILDING,NO,NO,COVERAGE_COMPLETE,Coverage_Status=COVERED_POSITIVE | Research_Files=BUILD_START_1776_AMERICAS_CARIBBEAN_RESEARCH.csv;BUILD_START_1776_AMERICAS_CARIBBEAN_RESEARCH.md | CURRENT_SOURCE=common/history/buildings/07_south_america.txt:common/history/buildings/07_south_america.txt:1976
BRZ,STATE_SAO_PAULO,building_logging_camp,1,0,REMOVE,COVERED_OWNER_STATE_WITH_NO_FINAL_HISTORICAL_TARGET_FOR_THIS_BUILDING,NO,NO,COVERAGE_COMPLETE,Coverage_Status=COVERED_POSITIVE | Research_Files=BUILD_START_1776_AMERICAS_CARIBBEAN_RESEARCH.csv;BUILD_START_1776_AMERICAS_CARIBBEAN_RESEARCH.md | CURRENT_SOURCE=common/history/buildings/07_south_america.txt:common/history/buildings/07_south_america.txt:2008
BRZ,STATE_SAO_PAULO,building_university,1,0,REMOVE,COVERED_OWNER_STATE_WITH_NO_FINAL_HISTORICAL_TARGET_FOR_THIS_BUILDING,NO,NO,COVERAGE_COMPLETE,Coverage_Status=COVERED_POSITIVE | Research_Files=BUILD_START_1776_AMERICAS_CARIBBEAN_RESEARCH.csv;BUILD_START_1776_AMERICAS_CARIBBEAN_RESEARCH.md | CURRENT_SOURCE=common/history/buildings/07_south_america.txt:common/history/buildings/07_south_america.txt:2021
BST,STATE_ZULULAND,building_livestock_ranch,2,0,REMOVE,COVERED_OWNER_STATE_WITH_NO_FINAL_HISTORICAL_TARGET_FOR_THIS_BUILDING,NO,NO,COVERAGE_COMPLETE,Coverage_Status=COVERED_ZERO_POSITIVE | Research_Files=BUILD_START_1776_SUPPLEMENTAL_OWNER_STATE_COVERAGE_CORRIGE.csv | CURRENT_SOURCE=common/history/buildings/04_subsaharan_africa.txt:common/history/buildings/04_subsaharan_africa.txt:1709
BUG,STATE_UGANDA,building_coffee_plantation,1,0,REMOVE,COVERED_OWNER_STATE_WITH_NO_FINAL_HISTORICAL_TARGET_FOR_THIS_BUILDING,NO,NO,COVERAGE_COMPLETE,Coverage_Status=COVERED_POSITIVE | Research_Files=BUILD_START_1776_SUPPLEMENTAL_OWNER_STATE_COVERAGE_CORRIGE.csv; BUILD_START_1776_SUPPLEMENTAL_RESEARCH_CORRIGE.csv | CURRENT_SOURCE=common/history/buildings/04_subsaharan_africa.txt:common/history/buildings/04_subsaharan_africa.txt:1292
BUK,STATE_UZBEKIA,building_livestock_ranch,3,0,REMOVE,COVERED_OWNER_STATE_WITH_NO_FINAL_HISTORICAL_TARGET_FOR_THIS_BUILDING,NO,NO,COVERAGE_COMPLETE,Coverage_Status=COVERED_POSITIVE | Research_Files=BUILD_START_1776_R3_OWNER_STATE_COVERAGE.csv;BUILD_START_1776_R3_RECOMMENDATIONS.csv | CURRENT_SOURCE=common/history/buildings/09_central_asia.txt:common/history/buildings/09_central_asia.txt:253
BUK,STATE_UZBEKIA,building_tea_plantation,2,0,REMOVE,COVERED_OWNER_STATE_WITH_NO_FINAL_HISTORICAL_TARGET_FOR_THIS_BUILDING,NO,NO,COVERAGE_COMPLETE,Coverage_Status=COVERED_POSITIVE | Research_Files=BUILD_START_1776_R3_OWNER_STATE_COVERAGE.csv;BUILD_START_1776_R3_RECOMMENDATIONS.csv | CURRENT_SOURCE=common/history/buildings/09_central_asia.txt:common/history/buildings/09_central_asia.txt:266
BUR,STATE_KACHIN,building_livestock_ranch,1,0,REMOVE,COVERED_OWNER_STATE_WITH_NO_FINAL_HISTORICAL_TARGET_FOR_THIS_BUILDING,NO,NO,COVERAGE_COMPLETE,Coverage_Status=COVERED_ZERO_POSITIVE | Research_Files=BUILD_START_1776_EAST_ASIA_SE_ASIA_RESEARCH.md | CURRENT_SOURCE=common/history/buildings/11_east_asia.txt:common/history/buildings/11_east_asia.txt:2472
BUR,STATE_KACHIN,building_rice_farm,1,0,REMOVE,COVERED_OWNER_STATE_WITH_NO_FINAL_HISTORICAL_TARGET_FOR_THIS_BUILDING,NO,NO,COVERAGE_COMPLETE,Coverage_Status=COVERED_ZERO_POSITIVE | Research_Files=BUILD_START_1776_EAST_ASIA_SE_ASIA_RESEARCH.md | CURRENT_SOURCE=common/history/buildings/11_east_asia.txt:common/history/buildings/11_east_asia.txt:2459
BUR,STATE_MANDALAY,building_livestock_ranch,1,0,REMOVE,COVERED_OWNER_STATE_WITH_NO_FINAL_HISTORICAL_TARGET_FOR_THIS_BUILDING,NO,NO,COVERAGE_COMPLETE,Coverage_Status=COVERED_POSITIVE | Research_Files=BUILD_START_1776_EAST_ASIA_SE_ASIA_RESEARCH.md;BUILD_START_1776_EAST_ASIA_SE_ASIA_RESEARCH_MATRIX.csv | CURRENT_SOURCE=common/history/buildings/11_east_asia.txt:common/history/buildings/11_east_asia.txt:2543
BUR,STATE_MANDALAY,building_rice_farm,2,0,REMOVE,COVERED_OWNER_STATE_WITH_NO_FINAL_HISTORICAL_TARGET_FOR_THIS_BUILDING,NO,NO,COVERAGE_COMPLETE,Coverage_Status=COVERED_POSITIVE | Research_Files=BUILD_START_1776_EAST_ASIA_SE_ASIA_RESEARCH.md;BUILD_START_1776_EAST_ASIA_SE_ASIA_RESEARCH_MATRIX.csv | CURRENT_SOURCE=common/history/buildings/11_east_asia.txt:common/history/buildings/11_east_asia.txt:2530
BUR,STATE_MANDALAY,building_tea_plantation,1,0,REMOVE,COVERED_OWNER_STATE_WITH_NO_FINAL_HISTORICAL_TARGET_FOR_THIS_BUILDING,NO,NO,COVERAGE_COMPLETE,Coverage_Status=COVERED_POSITIVE | Research_Files=BUILD_START_1776_EAST_ASIA_SE_ASIA_RESEARCH.md;BUILD_START_1776_EAST_ASIA_SE_ASIA_RESEARCH_MATRIX.csv | CURRENT_SOURCE=common/history/buildings/11_east_asia.txt:common/history/buildings/11_east_asia.txt:2517
BUR,STATE_PEGU,building_fishing_wharf,2,0,REMOVE,COVERED_OWNER_STATE_WITH_NO_FINAL_HISTORICAL_TARGET_FOR_THIS_BUILDING,NO,NO,COVERAGE_COMPLETE,Coverage_Status=COVERED_POSITIVE | Research_Files=BUILD_START_1776_EAST_ASIA_SE_ASIA_RESEARCH.md;BUILD_START_1776_EAST_ASIA_SE_ASIA_RESEARCH_MATRIX.csv | CURRENT_SOURCE=common/history/buildings/11_east_asia.txt:common/history/buildings/11_east_asia.txt:2612
BUR,STATE_PEGU,building_rice_farm,1,0,REMOVE,COVERED_OWNER_STATE_WITH_NO_FINAL_HISTORICAL_TARGET_FOR_THIS_BUILDING,NO,NO,COVERAGE_COMPLETE,Coverage_Status=COVERED_POSITIVE | Research_Files=BUILD_START_1776_EAST_ASIA_SE_ASIA_RESEARCH.md;BUILD_START_1776_EAST_ASIA_SE_ASIA_RESEARCH_MATRIX.csv | CURRENT_SOURCE=common/history/buildings/11_east_asia.txt:common/history/buildings/11_east_asia.txt:2599
BUR,STATE_PEGU,building_tobacco_plantation,2,0,REMOVE,COVERED_OWNER_STATE_WITH_NO_FINAL_HISTORICAL_TARGET_FOR_THIS_BUILDING,NO,NO,COVERAGE_COMPLETE,Coverage_Status=COVERED_POSITIVE | Research_Files=BUILD_START_1776_EAST_ASIA_SE_ASIA_RESEARCH.md;BUILD_START_1776_EAST_ASIA_SE_ASIA_RESEARCH_MATRIX.csv | CURRENT_SOURCE=common/history/buildings/11_east_asia.txt:common/history/buildings/11_east_asia.txt:2625
BUR,STATE_SHAN_STATES,building_opium_plantation,1,0,REMOVE,COVERED_OWNER_STATE_WITH_NO_FINAL_HISTORICAL_TARGET_FOR_THIS_BUILDING,NO,NO,COVERAGE_COMPLETE,Coverage_Status=COVERED_ZERO_POSITIVE | Research_Files=BUILD_START_1776_EAST_ASIA_SE_ASIA_RESEARCH.md | CURRENT_SOURCE=common/history/buildings/11_east_asia.txt:common/history/buildings/11_east_asia.txt:2489
CAM,STATE_CAMBODIA,building_rice_farm,1,0,REMOVE,COVERED_OWNER_STATE_WITH_NO_FINAL_HISTORICAL_TARGET_FOR_THIS_BUILDING,NO,NO,COVERAGE_COMPLETE,Coverage_Status=COVERED_POSITIVE | Research_Files=BUILD_START_1776_EAST_ASIA_SE_ASIA_RESEARCH_MATRIX.csv | CURRENT_SOURCE=common/history/buildings/11_east_asia.txt:common/history/buildings/11_east_asia.txt:2068
CAM,STATE_CAMBODIA,building_tea_plantation,1,0,REMOVE,COVERED_OWNER_STATE_WITH_NO_FINAL_HISTORICAL_TARGET_FOR_THIS_BUILDING,NO,NO,COVERAGE_COMPLETE,Coverage_Status=COVERED_POSITIVE | Research_Files=BUILD_START_1776_EAST_ASIA_SE_ASIA_RESEARCH_MATRIX.csv | CURRENT_SOURCE=common/history/buildings/11_east_asia.txt:common/history/buildings/11_east_asia.txt:2081
CHC,STATE_DAGESTAN,building_logging_camp,1,0,REMOVE,COVERED_OWNER_STATE_WITH_NO_FINAL_HISTORICAL_TARGET_FOR_THIS_BUILDING,NO,NO,COVERAGE_COMPLETE,Coverage_Status=COVERED_POSITIVE | Research_Files=BUILD_START_1776_R3_OWNER_STATE_COVERAGE.csv;BUILD_START_1776_R3_RECOMMENDATIONS.csv | CURRENT_SOURCE=common/history/buildings/09_central_asia.txt:common/history/buildings/09_central_asia.txt:17
CHC,STATE_NORTH_CAUCASUS,building_wheat_farm,2,0,REMOVE,COVERED_OWNER_STATE_WITH_NO_FINAL_HISTORICAL_TARGET_FOR_THIS_BUILDING,NO,NO,COVERAGE_COMPLETE,Coverage_Status=COVERED_POSITIVE | Research_Files=BUILD_START_1776_SUPPLEMENTAL_OWNER_STATE_COVERAGE_CORRIGE.csv; BUILD_START_1776_SUPPLEMENTAL_RESEARCH_CORRIGE.csv | CURRENT_SOURCE=common/history/buildings/15_russia.txt:common/history/buildings/15_russia.txt:1713
CHI,STATE_ALXA,building_livestock_ranch,2,0,REMOVE,COVERED_OWNER_STATE_WITH_NO_FINAL_HISTORICAL_TARGET_FOR_THIS_BUILDING,NO,NO,COVERAGE_COMPLETE,Coverage_Status=COVERED_ZERO_POSITIVE | Research_Files=BUILD_START_1776_EAST_ASIA_SE_ASIA_RESEARCH.md | CURRENT_SOURCE=common/history/buildings/11_east_asia.txt:common/history/buildings/11_east_asia.txt:315
CHI,STATE_ALXA,building_wheat_farm,2,0,REMOVE,COVERED_OWNER_STATE_WITH_NO_FINAL_HISTORICAL_TARGET_FOR_THIS_BUILDING,NO,NO,COVERAGE_COMPLETE,Coverage_Status=COVERED_ZERO_POSITIVE | Research_Files=BUILD_START_1776_EAST_ASIA_SE_ASIA_RESEARCH.md | CURRENT_SOURCE=common/history/buildings/11_east_asia.txt:common/history/buildings/11_east_asia.txt:328
CHI,STATE_BEIJING,building_construction_sector,3,0,REMOVE,COVERED_OWNER_STATE_WITH_NO_FINAL_HISTORICAL_TARGET_FOR_THIS_BUILDING,NO,NO,COVERAGE_COMPLETE,Coverage_Status=COVERED_POSITIVE | Research_Files=BUILD_START_1776_EAST_ASIA_SE_ASIA_RESEARCH.md;BUILD_START_1776_EAST_ASIA_SE_ASIA_RESEARCH_MATRIX.csv | CURRENT_SOURCE=common/history/buildings/11_east_asia.txt:common/history/buildings/11_east_asia.txt:453
CHI,STATE_BEIJING,building_furniture_manufactory,5,0,REMOVE,COVERED_OWNER_STATE_WITH_NO_FINAL_HISTORICAL_TARGET_FOR_THIS_BUILDING,NO,NO,COVERAGE_COMPLETE,Coverage_Status=COVERED_POSITIVE | Research_Files=BUILD_START_1776_EAST_ASIA_SE_ASIA_RESEARCH.md;BUILD_START_1776_EAST_ASIA_SE_ASIA_RESEARCH_MATRIX.csv | CURRENT_SOURCE=common/history/buildings/11_east_asia.txt:common/history/buildings/11_east_asia.txt:488
CHI,STATE_BEIJING,building_logging_camp,2,0,REMOVE,COVERED_OWNER_STATE_WITH_NO_FINAL_HISTORICAL_TARGET_FOR_THIS_BUILDING,NO,NO,COVERAGE_COMPLETE,Coverage_Status=COVERED_POSITIVE | Research_Files=BUILD_START_1776_EAST_ASIA_SE_ASIA_RESEARCH.md;BUILD_START_1776_EAST_ASIA_SE_ASIA_RESEARCH_MATRIX.csv | CURRENT_SOURCE=common/history/buildings/11_east_asia.txt:common/history/buildings/11_east_asia.txt:527
CHI,STATE_BEIJING,building_salt_pan,3,0,REMOVE,COVERED_OWNER_STATE_WITH_NO_FINAL_HISTORICAL_TARGET_FOR_THIS_BUILDING,NO,NO,COVERAGE_COMPLETE,Coverage_Status=COVERED_POSITIVE | Research_Files=BUILD_START_1776_EAST_ASIA_SE_ASIA_RESEARCH.md;BUILD_START_1776_EAST_ASIA_SE_ASIA_RESEARCH_MATRIX.csv | CURRENT_SOURCE=common/history/buildings/99_tech6a2_salt_starting_buildings.txt:common/history/buildings/99_tech6a2_salt_starting_buildings.txt:123
CHI,STATE_BEIJING,building_tea_plantation,5,0,REMOVE,COVERED_OWNER_STATE_WITH_NO_FINAL_HISTORICAL_TARGET_FOR_THIS_BUILDING,NO,NO,COVERAGE_COMPLETE,Coverage_Status=COVERED_POSITIVE | Research_Files=BUILD_START_1776_EAST_ASIA_SE_ASIA_RESEARCH.md;BUILD_START_1776_EAST_ASIA_SE_ASIA_RESEARCH_MATRIX.csv | CURRENT_SOURCE=common/history/buildings/11_east_asia.txt:common/history/buildings/11_east_asia.txt:514
CHI,STATE_BEIJING,building_tooling_workshop,4,0,REMOVE,COVERED_OWNER_STATE_WITH_NO_FINAL_HISTORICAL_TARGET_FOR_THIS_BUILDING,NO,NO,COVERAGE_COMPLETE,Coverage_Status=COVERED_POSITIVE | Research_Files=BUILD_START_1776_EAST_ASIA_SE_ASIA_RESEARCH.md;BUILD_START_1776_EAST_ASIA_SE_ASIA_RESEARCH_MATRIX.csv | CURRENT_SOURCE=common/history/buildings/11_east_asia.txt:common/history/buildings/11_east_asia.txt:475
CHI,STATE_BEIJING,building_wheat_farm,3,0,REMOVE,COVERED_OWNER_STATE_WITH_NO_FINAL_HISTORICAL_TARGET_FOR_THIS_BUILDING,NO,NO,COVERAGE_COMPLETE,Coverage_Status=COVERED_POSITIVE | Research_Files=BUILD_START_1776_EAST_ASIA_SE_ASIA_RESEARCH.md;BUILD_START_1776_EAST_ASIA_SE_ASIA_RESEARCH_MATRIX.csv | CURRENT_SOURCE=common/history/buildings/11_east_asia.txt:common/history/buildings/11_east_asia.txt:501
CHI,STATE_CHONGQING,building_government_administration,9,0,REMOVE,COVERED_OWNER_STATE_WITH_NO_FINAL_HISTORICAL_TARGET_FOR_THIS_BUILDING,NO,NO,COVERAGE_COMPLETE,Coverage_Status=COVERED_ZERO_POSITIVE | Research_Files=BUILD_START_1776_EAST_ASIA_SE_ASIA_RESEARCH.md | CURRENT_SOURCE=common/history/buildings/11_east_asia.txt:common/history/buildings/11_east_asia.txt:771
CHI,STATE_CHONGQING,building_paper_mill,4,0,REMOVE,COVERED_OWNER_STATE_WITH_NO_FINAL_HISTORICAL_TARGET_FOR_THIS_BUILDING,NO,NO,COVERAGE_COMPLETE,Coverage_Status=COVERED_ZERO_POSITIVE | Research_Files=BUILD_START_1776_EAST_ASIA_SE_ASIA_RESEARCH.md | CURRENT_SOURCE=common/history/buildings/11_east_asia.txt:common/history/buildings/11_east_asia.txt:782
CHI,STATE_CHONGQING,building_silk_plantation,10,0,REMOVE,COVERED_OWNER_STATE_WITH_NO_FINAL_HISTORICAL_TARGET_FOR_THIS_BUILDING,NO,NO,COVERAGE_COMPLETE,Coverage_Status=COVERED_ZERO_POSITIVE | Research_Files=BUILD_START_1776_EAST_ASIA_SE_ASIA_RESEARCH.md | CURRENT_SOURCE=common/history/buildings/11_east_asia.txt:common/history/buildings/11_east_asia.txt:808
CHI,STATE_CHONGQING,building_tea_plantation,10,0,REMOVE,COVERED_OWNER_STATE_WITH_NO_FINAL_HISTORICAL_TARGET_FOR_THIS_BUILDING,NO,NO,COVERAGE_COMPLETE,Coverage_Status=COVERED_ZERO_POSITIVE | Research_Files=BUILD_START_1776_EAST_ASIA_SE_ASIA_RESEARCH.md | CURRENT_SOURCE=common/history/buildings/11_east_asia.txt:common/history/buildings/11_east_asia.txt:795
CHI,STATE_DZUNGARIA,building_livestock_ranch,2,0,REMOVE,COVERED_OWNER_STATE_WITH_NO_FINAL_HISTORICAL_TARGET_FOR_THIS_BUILDING,NO,NO,COVERAGE_COMPLETE,Coverage_Status=COVERED_ZERO_POSITIVE | Research_Files=BUILD_START_1776_EAST_ASIA_SE_ASIA_RESEARCH.md | CURRENT_SOURCE=common/history/buildings/11_east_asia.txt:common/history/buildings/11_east_asia.txt:4
CHI,STATE_EASTERN_HUBEI,building_furniture_manufactory,8,0,REMOVE,COVERED_OWNER_STATE_WITH_NO_FINAL_HISTORICAL_TARGET_FOR_THIS_BUILDING,NO,NO,COVERAGE_COMPLETE,Coverage_Status=COVERED_POSITIVE | Research_Files=BUILD_START_1776_EAST_ASIA_SE_ASIA_RESEARCH.md;BUILD_START_1776_EAST_ASIA_SE_ASIA_RESEARCH_MATRIX.csv | CURRENT_SOURCE=common/history/buildings/11_east_asia.txt:common/history/buildings/11_east_asia.txt:1658
CHI,STATE_EASTERN_HUBEI,building_government_administration,6,0,REMOVE,COVERED_OWNER_STATE_WITH_NO_FINAL_HISTORICAL_TARGET_FOR_THIS_BUILDING,NO,NO,COVERAGE_COMPLETE,Coverage_Status=COVERED_POSITIVE | Research_Files=BUILD_START_1776_EAST_ASIA_SE_ASIA_RESEARCH.md;BUILD_START_1776_EAST_ASIA_SE_ASIA_RESEARCH_MATRIX.csv | CURRENT_SOURCE=common/history/buildings/11_east_asia.txt:common/history/buildings/11_east_asia.txt:1647
CHI,STATE_EASTERN_HUBEI,building_paper_mill,9,0,REMOVE,COVERED_OWNER_STATE_WITH_NO_FINAL_HISTORICAL_TARGET_FOR_THIS_BUILDING,NO,NO,COVERAGE_COMPLETE,Coverage_Status=COVERED_POSITIVE | Research_Files=BUILD_START_1776_EAST_ASIA_SE_ASIA_RESEARCH.md;BUILD_START_1776_EAST_ASIA_SE_ASIA_RESEARCH_MATRIX.csv | CURRENT_SOURCE=common/history/buildings/11_east_asia.txt:common/history/buildings/11_east_asia.txt:1684
CHI,STATE_EASTERN_HUBEI,building_rice_farm,4,0,REMOVE,COVERED_OWNER_STATE_WITH_NO_FINAL_HISTORICAL_TARGET_FOR_THIS_BUILDING,NO,NO,COVERAGE_COMPLETE,Coverage_Status=COVERED_POSITIVE | Research_Files=BUILD_START_1776_EAST_ASIA_SE_ASIA_RESEARCH.md;BUILD_START_1776_EAST_ASIA_SE_ASIA_RESEARCH_MATRIX.csv | CURRENT_SOURCE=common/history/buildings/11_east_asia.txt:common/history/buildings/11_east_asia.txt:1671
CHI,STATE_EASTERN_HUBEI,building_silk_plantation,10,0,REMOVE,COVERED_OWNER_STATE_WITH_NO_FINAL_HISTORICAL_TARGET_FOR_THIS_BUILDING,NO,NO,COVERAGE_COMPLETE,Coverage_Status=COVERED_POSITIVE | Research_Files=BUILD_START_1776_EAST_ASIA_SE_ASIA_RESEARCH.md;BUILD_START_1776_EAST_ASIA_SE_ASIA_RESEARCH_MATRIX.csv | CURRENT_SOURCE=common/history/buildings/11_east_asia.txt:common/history/buildings/11_east_asia.txt:1710
CHI,STATE_EASTERN_HUBEI,building_tea_plantation,6,0,REMOVE,COVERED_OWNER_STATE_WITH_NO_FINAL_HISTORICAL_TARGET_FOR_THIS_BUILDING,NO,NO,COVERAGE_COMPLETE,Coverage_Status=COVERED_POSITIVE | Research_Files=BUILD_START_1776_EAST_ASIA_SE_ASIA_RESEARCH.md;BUILD_START_1776_EAST_ASIA_SE_ASIA_RESEARCH_MATRIX.csv | CURRENT_SOURCE=common/history/buildings/11_east_asia.txt:common/history/buildings/11_east_asia.txt:1697
CHI,STATE_FORMOSA,building_banana_plantation,5,0,REMOVE,COVERED_OWNER_STATE_WITH_NO_FINAL_HISTORICAL_TARGET_FOR_THIS_BUILDING,NO,NO,COVERAGE_COMPLETE,Coverage_Status=COVERED_POSITIVE | Research_Files=BUILD_START_1776_EAST_ASIA_SE_ASIA_RESEARCH_MATRIX.csv | CURRENT_SOURCE=common/history/buildings/11_east_asia.txt:common/history/buildings/11_east_asia.txt:1807
CHI,STATE_FORMOSA,building_fishing_wharf,5,0,REMOVE,COVERED_OWNER_STATE_WITH_NO_FINAL_HISTORICAL_TARGET_FOR_THIS_BUILDING,NO,NO,COVERAGE_COMPLETE,Coverage_Status=COVERED_POSITIVE | Research_Files=BUILD_START_1776_EAST_ASIA_SE_ASIA_RESEARCH_MATRIX.csv | CURRENT_SOURCE=common/history/buildings/11_east_asia.txt:common/history/buildings/11_east_asia.txt:1781
CHI,STATE_FORMOSA,building_port,1,0,REMOVE,COVERED_OWNER_STATE_WITH_NO_FINAL_HISTORICAL_TARGET_FOR_THIS_BUILDING,NO,NO,COVERAGE_COMPLETE,Coverage_Status=COVERED_POSITIVE | Research_Files=BUILD_START_1776_EAST_ASIA_SE_ASIA_RESEARCH_MATRIX.csv | CURRENT_SOURCE=common/history/buildings/11_east_asia.txt:common/history/buildings/11_east_asia.txt:1820
CHI,STATE_FORMOSA,building_tea_plantation,3,0,REMOVE,COVERED_OWNER_STATE_WITH_NO_FINAL_HISTORICAL_TARGET_FOR_THIS_BUILDING,NO,NO,COVERAGE_COMPLETE,Coverage_Status=COVERED_POSITIVE | Research_Files=BUILD_START_1776_EAST_ASIA_SE_ASIA_RESEARCH_MATRIX.csv | CURRENT_SOURCE=common/history/buildings/11_east_asia.txt:common/history/buildings/11_east_asia.txt:1794
CHI,STATE_FUJIAN,building_dye_plantation,10,0,REMOVE,COVERED_OWNER_STATE_WITH_NO_FINAL_HISTORICAL_TARGET_FOR_THIS_BUILDING,NO,NO,COVERAGE_COMPLETE,Coverage_Status=COVERED_POSITIVE | Research_Files=BUILD_START_1776_EAST_ASIA_SE_ASIA_RESEARCH.md;BUILD_START_1776_EAST_ASIA_SE_ASIA_RESEARCH_MATRIX.csv | CURRENT_SOURCE=common/history/buildings/11_east_asia.txt:common/history/buildings/11_east_asia.txt:1057
CHI,STATE_FUJIAN,building_fishing_wharf,4,0,REMOVE,COVERED_OWNER_STATE_WITH_NO_FINAL_HISTORICAL_TARGET_FOR_THIS_BUILDING,NO,NO,COVERAGE_COMPLETE,Coverage_Status=COVERED_POSITIVE | Research_Files=BUILD_START_1776_EAST_ASIA_SE_ASIA_RESEARCH.md;BUILD_START_1776_EAST_ASIA_SE_ASIA_RESEARCH_MATRIX.csv | CURRENT_SOURCE=common/history/buildings/11_east_asia.txt:common/history/buildings/11_east_asia.txt:1070
CHI,STATE_FUJIAN,building_government_administration,8,0,REMOVE,COVERED_OWNER_STATE_WITH_NO_FINAL_HISTORICAL_TARGET_FOR_THIS_BUILDING,NO,NO,COVERAGE_COMPLETE,Coverage_Status=COVERED_POSITIVE | Research_Files=BUILD_START_1776_EAST_ASIA_SE_ASIA_RESEARCH.md;BUILD_START_1776_EAST_ASIA_SE_ASIA_RESEARCH_MATRIX.csv | CURRENT_SOURCE=common/history/buildings/11_east_asia.txt:common/history/buildings/11_east_asia.txt:1020
CHI,STATE_FUJIAN,building_rice_farm,5,0,REMOVE,COVERED_OWNER_STATE_WITH_NO_FINAL_HISTORICAL_TARGET_FOR_THIS_BUILDING,NO,NO,COVERAGE_COMPLETE,Coverage_Status=COVERED_POSITIVE | Research_Files=BUILD_START_1776_EAST_ASIA_SE_ASIA_RESEARCH.md;BUILD_START_1776_EAST_ASIA_SE_ASIA_RESEARCH_MATRIX.csv | CURRENT_SOURCE=common/history/buildings/11_east_asia.txt:common/history/buildings/11_east_asia.txt:1044
CHI,STATE_FUJIAN,building_salt_pan,1,0,REMOVE,COVERED_OWNER_STATE_WITH_NO_FINAL_HISTORICAL_TARGET_FOR_THIS_BUILDING,NO,NO,COVERAGE_COMPLETE,Coverage_Status=COVERED_POSITIVE | Research_Files=BUILD_START_1776_EAST_ASIA_SE_ASIA_RESEARCH.md;BUILD_START_1776_EAST_ASIA_SE_ASIA_RESEARCH_MATRIX.csv | CURRENT_SOURCE=common/history/buildings/99_tech6a2_salt_starting_buildings.txt:common/history/buildings/99_tech6a2_salt_starting_buildings.txt:106
CHI,STATE_FUJIAN,building_silk_plantation,10,0,REMOVE,COVERED_OWNER_STATE_WITH_NO_FINAL_HISTORICAL_TARGET_FOR_THIS_BUILDING,NO,NO,COVERAGE_COMPLETE,Coverage_Status=COVERED_POSITIVE | Research_Files=BUILD_START_1776_EAST_ASIA_SE_ASIA_RESEARCH.md;BUILD_START_1776_EAST_ASIA_SE_ASIA_RESEARCH_MATRIX.csv | CURRENT_SOURCE=common/history/buildings/11_east_asia.txt:common/history/buildings/11_east_asia.txt:1031
CHI,STATE_GANSU,building_livestock_ranch,6,0,REMOVE,COVERED_OWNER_STATE_WITH_NO_FINAL_HISTORICAL_TARGET_FOR_THIS_BUILDING,NO,NO,COVERAGE_COMPLETE,Coverage_Status=COVERED_ZERO_POSITIVE | Research_Files=BUILD_START_1776_EAST_ASIA_SE_ASIA_RESEARCH.md | CURRENT_SOURCE=common/history/buildings/11_east_asia.txt:common/history/buildings/11_east_asia.txt:709
CHI,STATE_GUANGDONG,building_banana_plantation,7,0,REMOVE,COVERED_OWNER_STATE_WITH_NO_FINAL_HISTORICAL_TARGET_FOR_THIS_BUILDING,NO,NO,COVERAGE_COMPLETE,Coverage_Status=COVERED_POSITIVE | Research_Files=BUILD_START_1776_EAST_ASIA_SE_ASIA_RESEARCH.md;BUILD_START_1776_EAST_ASIA_SE_ASIA_RESEARCH_MATRIX.csv | CURRENT_SOURCE=common/history/buildings/11_east_asia.txt:common/history/buildings/11_east_asia.txt:849
CHI,STATE_GUANGDONG,building_dye_plantation,12,0,REMOVE,COVERED_OWNER_STATE_WITH_NO_FINAL_HISTORICAL_TARGET_FOR_THIS_BUILDING,NO,NO,COVERAGE_COMPLETE,Coverage_Status=COVERED_POSITIVE | Research_Files=BUILD_START_1776_EAST_ASIA_SE_ASIA_RESEARCH.md;BUILD_START_1776_EAST_ASIA_SE_ASIA_RESEARCH_MATRIX.csv | CURRENT_SOURCE=common/history/buildings/11_east_asia.txt:common/history/buildings/11_east_asia.txt:901
CHI,STATE_GUANGDONG,building_fishing_wharf,5,0,REMOVE,COVERED_OWNER_STATE_WITH_NO_FINAL_HISTORICAL_TARGET_FOR_THIS_BUILDING,NO,NO,COVERAGE_COMPLETE,Coverage_Status=COVERED_POSITIVE | Research_Files=BUILD_START_1776_EAST_ASIA_SE_ASIA_RESEARCH.md;BUILD_START_1776_EAST_ASIA_SE_ASIA_RESEARCH_MATRIX.csv | CURRENT_SOURCE=common/history/buildings/11_east_asia.txt:common/history/buildings/11_east_asia.txt:862
CHI,STATE_GUANGDONG,building_government_administration,9,0,REMOVE,COVERED_OWNER_STATE_WITH_NO_FINAL_HISTORICAL_TARGET_FOR_THIS_BUILDING,NO,NO,COVERAGE_COMPLETE,Coverage_Status=COVERED_POSITIVE | Research_Files=BUILD_START_1776_EAST_ASIA_SE_ASIA_RESEARCH.md;BUILD_START_1776_EAST_ASIA_SE_ASIA_RESEARCH_MATRIX.csv | CURRENT_SOURCE=common/history/buildings/11_east_asia.txt:common/history/buildings/11_east_asia.txt:825
CHI,STATE_GUANGDONG,building_naval_administration,2,0,REMOVE,COVERED_OWNER_STATE_WITH_NO_FINAL_HISTORICAL_TARGET_FOR_THIS_BUILDING,NO,NO,COVERAGE_COMPLETE,Coverage_Status=COVERED_POSITIVE | Research_Files=BUILD_START_1776_EAST_ASIA_SE_ASIA_RESEARCH.md;BUILD_START_1776_EAST_ASIA_SE_ASIA_RESEARCH_MATRIX.csv | CURRENT_SOURCE=common/history/buildings/11_east_asia.txt:common/history/buildings/11_east_asia.txt:947
CHI,STATE_GUANGDONG,building_rice_farm,8,0,REMOVE,COVERED_OWNER_STATE_WITH_NO_FINAL_HISTORICAL_TARGET_FOR_THIS_BUILDING,NO,NO,COVERAGE_COMPLETE,Coverage_Status=COVERED_POSITIVE | Research_Files=BUILD_START_1776_EAST_ASIA_SE_ASIA_RESEARCH.md;BUILD_START_1776_EAST_ASIA_SE_ASIA_RESEARCH_MATRIX.csv | CURRENT_SOURCE=common/history/buildings/11_east_asia.txt:common/history/buildings/11_east_asia.txt:888
CHI,STATE_GUANGDONG,building_silk_plantation,20,0,REMOVE,COVERED_OWNER_STATE_WITH_NO_FINAL_HISTORICAL_TARGET_FOR_THIS_BUILDING,NO,NO,COVERAGE_COMPLETE,Coverage_Status=COVERED_POSITIVE | Research_Files=BUILD_START_1776_EAST_ASIA_SE_ASIA_RESEARCH.md;BUILD_START_1776_EAST_ASIA_SE_ASIA_RESEARCH_MATRIX.csv | CURRENT_SOURCE=common/history/buildings/11_east_asia.txt:common/history/buildings/11_east_asia.txt:875
CHI,STATE_GUANGXI,building_banana_plantation,8,0,REMOVE,COVERED_OWNER_STATE_WITH_NO_FINAL_HISTORICAL_TARGET_FOR_THIS_BUILDING,NO,NO,COVERAGE_COMPLETE,Coverage_Status=COVERED_ZERO_POSITIVE | Research_Files=BUILD_START_1776_EAST_ASIA_SE_ASIA_RESEARCH.md | CURRENT_SOURCE=common/history/buildings/11_east_asia.txt:common/history/buildings/11_east_asia.txt:373
CHI,STATE_GUANGXI,building_dye_plantation,10,0,REMOVE,COVERED_OWNER_STATE_WITH_NO_FINAL_HISTORICAL_TARGET_FOR_THIS_BUILDING,NO,NO,COVERAGE_COMPLETE,Coverage_Status=COVERED_ZERO_POSITIVE | Research_Files=BUILD_START_1776_EAST_ASIA_SE_ASIA_RESEARCH.md | CURRENT_SOURCE=common/history/buildings/11_east_asia.txt:common/history/buildings/11_east_asia.txt:412
CHI,STATE_GUANGXI,building_government_administration,7,0,REMOVE,COVERED_OWNER_STATE_WITH_NO_FINAL_HISTORICAL_TARGET_FOR_THIS_BUILDING,NO,NO,COVERAGE_COMPLETE,Coverage_Status=COVERED_ZERO_POSITIVE | Research_Files=BUILD_START_1776_EAST_ASIA_SE_ASIA_RESEARCH.md | CURRENT_SOURCE=common/history/buildings/11_east_asia.txt:common/history/buildings/11_east_asia.txt:362
CHI,STATE_GUANGXI,building_rice_farm,7,0,REMOVE,COVERED_OWNER_STATE_WITH_NO_FINAL_HISTORICAL_TARGET_FOR_THIS_BUILDING,NO,NO,COVERAGE_COMPLETE,Coverage_Status=COVERED_ZERO_POSITIVE | Research_Files=BUILD_START_1776_EAST_ASIA_SE_ASIA_RESEARCH.md | CURRENT_SOURCE=common/history/buildings/11_east_asia.txt:common/history/buildings/11_east_asia.txt:386
CHI,STATE_GUANGXI,building_silk_plantation,16,0,REMOVE,COVERED_OWNER_STATE_WITH_NO_FINAL_HISTORICAL_TARGET_FOR_THIS_BUILDING,NO,NO,COVERAGE_COMPLETE,Coverage_Status=COVERED_ZERO_POSITIVE | Research_Files=BUILD_START_1776_EAST_ASIA_SE_ASIA_RESEARCH.md | CURRENT_SOURCE=common/history/buildings/11_east_asia.txt:common/history/buildings/11_east_asia.txt:425
CHI,STATE_GUANGXI,building_tea_plantation,8,0,REMOVE,COVERED_OWNER_STATE_WITH_NO_FINAL_HISTORICAL_TARGET_FOR_THIS_BUILDING,NO,NO,COVERAGE_COMPLETE,Coverage_Status=COVERED_ZERO_POSITIVE | Research_Files=BUILD_START_1776_EAST_ASIA_SE_ASIA_RESEARCH.md | CURRENT_SOURCE=common/history/buildings/11_east_asia.txt:common/history/buildings/11_east_asia.txt:399
CHI,STATE_GUIZHOU,building_dye_plantation,8,0,REMOVE,COVERED_OWNER_STATE_WITH_NO_FINAL_HISTORICAL_TARGET_FOR_THIS_BUILDING,NO,NO,COVERAGE_COMPLETE,Coverage_Status=COVERED_ZERO_POSITIVE | Research_Files=BUILD_START_1776_EAST_ASIA_SE_ASIA_RESEARCH.md | CURRENT_SOURCE=common/history/buildings/11_east_asia.txt:common/history/buildings/11_east_asia.txt:207
CHI,STATE_GUIZHOU,building_furniture_manufactory,7,0,REMOVE,COVERED_OWNER_STATE_WITH_NO_FINAL_HISTORICAL_TARGET_FOR_THIS_BUILDING,NO,NO,COVERAGE_COMPLETE,Coverage_Status=COVERED_ZERO_POSITIVE | Research_Files=BUILD_START_1776_EAST_ASIA_SE_ASIA_RESEARCH.md | CURRENT_SOURCE=common/history/buildings/11_east_asia.txt:common/history/buildings/11_east_asia.txt:155
CHI,STATE_GUIZHOU,building_glassworks,8,0,REMOVE,COVERED_OWNER_STATE_WITH_NO_FINAL_HISTORICAL_TARGET_FOR_THIS_BUILDING,NO,NO,COVERAGE_COMPLETE,Coverage_Status=COVERED_ZERO_POSITIVE | Research_Files=BUILD_START_1776_EAST_ASIA_SE_ASIA_RESEARCH.md | CURRENT_SOURCE=common/history/buildings/11_east_asia.txt:common/history/buildings/11_east_asia.txt:168
CHI,STATE_GUIZHOU,building_government_administration,9,0,REMOVE,COVERED_OWNER_STATE_WITH_NO_FINAL_HISTORICAL_TARGET_FOR_THIS_BUILDING,NO,NO,COVERAGE_COMPLETE,Coverage_Status=COVERED_ZERO_POSITIVE | Research_Files=BUILD_START_1776_EAST_ASIA_SE_ASIA_RESEARCH.md | CURRENT_SOURCE=common/history/buildings/11_east_asia.txt:common/history/buildings/11_east_asia.txt:144
CHI,STATE_GUIZHOU,building_logging_camp,6,0,REMOVE,COVERED_OWNER_STATE_WITH_NO_FINAL_HISTORICAL_TARGET_FOR_THIS_BUILDING,NO,NO,COVERAGE_COMPLETE,Coverage_Status=COVERED_ZERO_POSITIVE | Research_Files=BUILD_START_1776_EAST_ASIA_SE_ASIA_RESEARCH.md | CURRENT_SOURCE=common/history/buildings/11_east_asia.txt:common/history/buildings/11_east_asia.txt:181
CHI,STATE_GUIZHOU,building_opium_plantation,5,0,REMOVE,COVERED_OWNER_STATE_WITH_NO_FINAL_HISTORICAL_TARGET_FOR_THIS_BUILDING,NO,NO,COVERAGE_COMPLETE,Coverage_Status=COVERED_ZERO_POSITIVE | Research_Files=BUILD_START_1776_EAST_ASIA_SE_ASIA_RESEARCH.md | CURRENT_SOURCE=common/history/buildings/11_east_asia.txt:common/history/buildings/11_east_asia.txt:194
CHI,STATE_GUIZHOU,building_tea_plantation,4,0,REMOVE,COVERED_OWNER_STATE_WITH_NO_FINAL_HISTORICAL_TARGET_FOR_THIS_BUILDING,NO,NO,COVERAGE_COMPLETE,Coverage_Status=COVERED_ZERO_POSITIVE | Research_Files=BUILD_START_1776_EAST_ASIA_SE_ASIA_RESEARCH.md | CURRENT_SOURCE=common/history/buildings/11_east_asia.txt:common/history/buildings/11_east_asia.txt:220
CHI,STATE_HENAN,building_construction_sector,1,0,REMOVE,COVERED_OWNER_STATE_WITH_NO_FINAL_HISTORICAL_TARGET_FOR_THIS_BUILDING,NO,NO,COVERAGE_COMPLETE,Coverage_Status=COVERED_ZERO_POSITIVE | Research_Files=BUILD_START_1776_EAST_ASIA_SE_ASIA_RESEARCH.md | CURRENT_SOURCE=common/history/buildings/11_east_asia.txt:common/history/buildings/11_east_asia.txt:1284
CHI,STATE_HENAN,building_glassworks,6,0,REMOVE,COVERED_OWNER_STATE_WITH_NO_FINAL_HISTORICAL_TARGET_FOR_THIS_BUILDING,NO,NO,COVERAGE_COMPLETE,Coverage_Status=COVERED_ZERO_POSITIVE | Research_Files=BUILD_START_1776_EAST_ASIA_SE_ASIA_RESEARCH.md | CURRENT_SOURCE=common/history/buildings/11_east_asia.txt:common/history/buildings/11_east_asia.txt:1295
CHI,STATE_HENAN,building_government_administration,12,0,REMOVE,COVERED_OWNER_STATE_WITH_NO_FINAL_HISTORICAL_TARGET_FOR_THIS_BUILDING,NO,NO,COVERAGE_COMPLETE,Coverage_Status=COVERED_ZERO_POSITIVE | Research_Files=BUILD_START_1776_EAST_ASIA_SE_ASIA_RESEARCH.md | CURRENT_SOURCE=common/history/buildings/11_east_asia.txt:common/history/buildings/11_east_asia.txt:1273
CHI,STATE_HENAN,building_tea_plantation,12,0,REMOVE,COVERED_OWNER_STATE_WITH_NO_FINAL_HISTORICAL_TARGET_FOR_THIS_BUILDING,NO,NO,COVERAGE_COMPLETE,Coverage_Status=COVERED_ZERO_POSITIVE | Research_Files=BUILD_START_1776_EAST_ASIA_SE_ASIA_RESEARCH.md | CURRENT_SOURCE=common/history/buildings/11_east_asia.txt:common/history/buildings/11_east_asia.txt:1308
CHI,STATE_HINGGAN,building_livestock_ranch,1,0,REMOVE,COVERED_OWNER_STATE_WITH_NO_FINAL_HISTORICAL_TARGET_FOR_THIS_BUILDING,NO,NO,COVERAGE_COMPLETE,Coverage_Status=COVERED_ZERO_POSITIVE | Research_Files=BUILD_START_1776_EAST_ASIA_SE_ASIA_RESEARCH.md | CURRENT_SOURCE=common/history/buildings/11_east_asia.txt:common/history/buildings/11_east_asia.txt:345
CHI,STATE_HUNAN,building_government_administration,4,0,REMOVE,COVERED_OWNER_STATE_WITH_NO_FINAL_HISTORICAL_TARGET_FOR_THIS_BUILDING,NO,NO,COVERAGE_COMPLETE,Coverage_Status=COVERED_ZERO_POSITIVE | Research_Files=BUILD_START_1776_EAST_ASIA_SE_ASIA_RESEARCH.md | CURRENT_SOURCE=common/history/buildings/11_east_asia.txt:common/history/buildings/11_east_asia.txt:1727
CHI,STATE_HUNAN,building_logging_camp,8,0,REMOVE,COVERED_OWNER_STATE_WITH_NO_FINAL_HISTORICAL_TARGET_FOR_THIS_BUILDING,NO,NO,COVERAGE_COMPLETE,Coverage_Status=COVERED_ZERO_POSITIVE | Research_Files=BUILD_START_1776_EAST_ASIA_SE_ASIA_RESEARCH.md | CURRENT_SOURCE=common/history/buildings/11_east_asia.txt:common/history/buildings/11_east_asia.txt:1738
CHI,STATE_HUNAN,building_rice_farm,6,0,REMOVE,COVERED_OWNER_STATE_WITH_NO_FINAL_HISTORICAL_TARGET_FOR_THIS_BUILDING,NO,NO,COVERAGE_COMPLETE,Coverage_Status=COVERED_ZERO_POSITIVE | Research_Files=BUILD_START_1776_EAST_ASIA_SE_ASIA_RESEARCH.md | CURRENT_SOURCE=common/history/buildings/11_east_asia.txt:common/history/buildings/11_east_asia.txt:1751
CHI,STATE_HUNAN,building_tea_plantation,8,0,REMOVE,COVERED_OWNER_STATE_WITH_NO_FINAL_HISTORICAL_TARGET_FOR_THIS_BUILDING,NO,NO,COVERAGE_COMPLETE,Coverage_Status=COVERED_ZERO_POSITIVE | Research_Files=BUILD_START_1776_EAST_ASIA_SE_ASIA_RESEARCH.md | CURRENT_SOURCE=common/history/buildings/11_east_asia.txt:common/history/buildings/11_east_asia.txt:1764
CHI,STATE_JETISY,building_logging_camp,1,0,REMOVE,COVERED_OWNER_STATE_WITH_NO_FINAL_HISTORICAL_TARGET_FOR_THIS_BUILDING,NO,NO,COVERAGE_COMPLETE,Coverage_Status=COVERED_ZERO_POSITIVE | Research_Files=BUILD_START_1776_SUPPLEMENTAL_OWNER_STATE_COVERAGE_CORRIGE.csv | CURRENT_SOURCE=common/history/buildings/09_central_asia.txt:common/history/buildings/09_central_asia.txt:386
CHI,STATE_JETISY,building_wheat_farm,1,0,REMOVE,COVERED_OWNER_STATE_WITH_NO_FINAL_HISTORICAL_TARGET_FOR_THIS_BUILDING,NO,NO,COVERAGE_COMPLETE,Coverage_Status=COVERED_ZERO_POSITIVE | Research_Files=BUILD_START_1776_SUPPLEMENTAL_OWNER_STATE_COVERAGE_CORRIGE.csv | CURRENT_SOURCE=common/history/buildings/09_central_asia.txt:common/history/buildings/09_central_asia.txt:373
CHI,STATE_JIANGSU,building_glassworks,5,0,REMOVE,COVERED_OWNER_STATE_WITH_NO_FINAL_HISTORICAL_TARGET_FOR_THIS_BUILDING,NO,NO,COVERAGE_COMPLETE,Coverage_Status=COVERED_POSITIVE | Research_Files=BUILD_START_1776_EAST_ASIA_SE_ASIA_RESEARCH.md;BUILD_START_1776_EAST_ASIA_SE_ASIA_RESEARCH_MATRIX.csv | CURRENT_SOURCE=common/history/buildings/11_east_asia.txt:common/history/buildings/11_east_asia.txt:1165
CHI,STATE_JIANGSU,building_government_administration,9,0,REMOVE,COVERED_OWNER_STATE_WITH_NO_FINAL_HISTORICAL_TARGET_FOR_THIS_BUILDING,NO,NO,COVERAGE_COMPLETE,Coverage_Status=COVERED_POSITIVE | Research_Files=BUILD_START_1776_EAST_ASIA_SE_ASIA_RESEARCH.md;BUILD_START_1776_EAST_ASIA_SE_ASIA_RESEARCH_MATRIX.csv | CURRENT_SOURCE=common/history/buildings/11_east_asia.txt:common/history/buildings/11_east_asia.txt:1154
CHI,STATE_JIANGSU,building_tea_plantation,15,0,REMOVE,COVERED_OWNER_STATE_WITH_NO_FINAL_HISTORICAL_TARGET_FOR_THIS_BUILDING,NO,NO,COVERAGE_COMPLETE,Coverage_Status=COVERED_POSITIVE | Research_Files=BUILD_START_1776_EAST_ASIA_SE_ASIA_RESEARCH.md;BUILD_START_1776_EAST_ASIA_SE_ASIA_RESEARCH_MATRIX.csv | CURRENT_SOURCE=common/history/buildings/11_east_asia.txt:common/history/buildings/11_east_asia.txt:1178
CHI,STATE_JIANGXI,building_glassworks,5,0,REMOVE,COVERED_OWNER_STATE_WITH_NO_FINAL_HISTORICAL_TARGET_FOR_THIS_BUILDING,NO,NO,COVERAGE_COMPLETE,Coverage_Status=COVERED_POSITIVE | Research_Files=BUILD_START_1776_EAST_ASIA_SE_ASIA_RESEARCH.md;BUILD_START_1776_EAST_ASIA_SE_ASIA_RESEARCH_MATRIX.csv | CURRENT_SOURCE=common/history/buildings/11_east_asia.txt:common/history/buildings/11_east_asia.txt:1416
CHI,STATE_JIANGXI,building_government_administration,8,0,REMOVE,COVERED_OWNER_STATE_WITH_NO_FINAL_HISTORICAL_TARGET_FOR_THIS_BUILDING,NO,NO,COVERAGE_COMPLETE,Coverage_Status=COVERED_POSITIVE | Research_Files=BUILD_START_1776_EAST_ASIA_SE_ASIA_RESEARCH.md;BUILD_START_1776_EAST_ASIA_SE_ASIA_RESEARCH_MATRIX.csv | CURRENT_SOURCE=common/history/buildings/11_east_asia.txt:common/history/buildings/11_east_asia.txt:1405
CHI,STATE_JIANGXI,building_rice_farm,5,0,REMOVE,COVERED_OWNER_STATE_WITH_NO_FINAL_HISTORICAL_TARGET_FOR_THIS_BUILDING,NO,NO,COVERAGE_COMPLETE,Coverage_Status=COVERED_POSITIVE | Research_Files=BUILD_START_1776_EAST_ASIA_SE_ASIA_RESEARCH.md;BUILD_START_1776_EAST_ASIA_SE_ASIA_RESEARCH_MATRIX.csv | CURRENT_SOURCE=common/history/buildings/11_east_asia.txt:common/history/buildings/11_east_asia.txt:1429
CHI,STATE_JIANGXI,building_silk_plantation,10,0,REMOVE,COVERED_OWNER_STATE_WITH_NO_FINAL_HISTORICAL_TARGET_FOR_THIS_BUILDING,NO,NO,COVERAGE_COMPLETE,Coverage_Status=COVERED_POSITIVE | Research_Files=BUILD_START_1776_EAST_ASIA_SE_ASIA_RESEARCH.md;BUILD_START_1776_EAST_ASIA_SE_ASIA_RESEARCH_MATRIX.csv | CURRENT_SOURCE=common/history/buildings/11_east_asia.txt:common/history/buildings/11_east_asia.txt:1442
CHI,STATE_JIANGXI,building_tea_plantation,17,0,REMOVE,COVERED_OWNER_STATE_WITH_NO_FINAL_HISTORICAL_TARGET_FOR_THIS_BUILDING,NO,NO,COVERAGE_COMPLETE,Coverage_Status=COVERED_POSITIVE | Research_Files=BUILD_START_1776_EAST_ASIA_SE_ASIA_RESEARCH.md;BUILD_START_1776_EAST_ASIA_SE_ASIA_RESEARCH_MATRIX.csv | CURRENT_SOURCE=common/history/buildings/11_east_asia.txt:common/history/buildings/11_east_asia.txt:1455
CHI,STATE_KIRGHIZIA,building_wheat_farm,1,0,REMOVE,COVERED_OWNER_STATE_WITH_NO_FINAL_HISTORICAL_TARGET_FOR_THIS_BUILDING,NO,NO,COVERAGE_COMPLETE,Coverage_Status=COVERED_POSITIVE | Research_Files=BUILD_START_1776_R3_OWNER_STATE_COVERAGE.csv;BUILD_START_1776_R3_RECOMMENDATIONS.csv | CURRENT_SOURCE=common/history/buildings/09_central_asia.txt:common/history/buildings/09_central_asia.txt:356
CHI,STATE_NANJING,building_construction_sector,2,0,REMOVE,COVERED_OWNER_STATE_WITH_NO_FINAL_HISTORICAL_TARGET_FOR_THIS_BUILDING,NO,NO,COVERAGE_COMPLETE,Coverage_Status=COVERED_POSITIVE | Research_Files=BUILD_START_1776_EAST_ASIA_SE_ASIA_RESEARCH.md;BUILD_START_1776_EAST_ASIA_SE_ASIA_RESEARCH_MATRIX.csv | CURRENT_SOURCE=common/history/buildings/11_east_asia.txt:common/history/buildings/11_east_asia.txt:1219
CHI,STATE_NANJING,building_glassworks,10,0,REMOVE,COVERED_OWNER_STATE_WITH_NO_FINAL_HISTORICAL_TARGET_FOR_THIS_BUILDING,NO,NO,COVERAGE_COMPLETE,Coverage_Status=COVERED_POSITIVE | Research_Files=BUILD_START_1776_EAST_ASIA_SE_ASIA_RESEARCH.md;BUILD_START_1776_EAST_ASIA_SE_ASIA_RESEARCH_MATRIX.csv | CURRENT_SOURCE=common/history/buildings/11_east_asia.txt:common/history/buildings/11_east_asia.txt:1230
CHI,STATE_NANJING,building_rice_farm,5,0,REMOVE,COVERED_OWNER_STATE_WITH_NO_FINAL_HISTORICAL_TARGET_FOR_THIS_BUILDING,NO,NO,COVERAGE_COMPLETE,Coverage_Status=COVERED_POSITIVE | Research_Files=BUILD_START_1776_EAST_ASIA_SE_ASIA_RESEARCH.md;BUILD_START_1776_EAST_ASIA_SE_ASIA_RESEARCH_MATRIX.csv | CURRENT_SOURCE=common/history/buildings/11_east_asia.txt:common/history/buildings/11_east_asia.txt:1256
CHI,STATE_NANJING,building_tea_plantation,10,0,REMOVE,COVERED_OWNER_STATE_WITH_NO_FINAL_HISTORICAL_TARGET_FOR_THIS_BUILDING,NO,NO,COVERAGE_COMPLETE,Coverage_Status=COVERED_POSITIVE | Research_Files=BUILD_START_1776_EAST_ASIA_SE_ASIA_RESEARCH.md;BUILD_START_1776_EAST_ASIA_SE_ASIA_RESEARCH_MATRIX.csv | CURRENT_SOURCE=common/history/buildings/11_east_asia.txt:common/history/buildings/11_east_asia.txt:1243
CHI,STATE_NINGXIA,building_government_administration,4,0,REMOVE,COVERED_OWNER_STATE_WITH_NO_FINAL_HISTORICAL_TARGET_FOR_THIS_BUILDING,NO,NO,COVERAGE_COMPLETE,Coverage_Status=COVERED_ZERO_POSITIVE | Research_Files=BUILD_START_1776_EAST_ASIA_SE_ASIA_RESEARCH.md | CURRENT_SOURCE=common/history/buildings/11_east_asia.txt:common/history/buildings/11_east_asia.txt:681
CHI,STATE_NINGXIA,building_tea_plantation,3,0,REMOVE,COVERED_OWNER_STATE_WITH_NO_FINAL_HISTORICAL_TARGET_FOR_THIS_BUILDING,NO,NO,COVERAGE_COMPLETE,Coverage_Status=COVERED_ZERO_POSITIVE | Research_Files=BUILD_START_1776_EAST_ASIA_SE_ASIA_RESEARCH.md | CURRENT_SOURCE=common/history/buildings/11_east_asia.txt:common/history/buildings/11_east_asia.txt:692
CHI,STATE_NORTHERN_ANHUI,building_government_administration,7,0,REMOVE,COVERED_OWNER_STATE_WITH_NO_FINAL_HISTORICAL_TARGET_FOR_THIS_BUILDING,NO,NO,COVERAGE_COMPLETE,Coverage_Status=COVERED_ZERO_POSITIVE | Research_Files=BUILD_START_1776_EAST_ASIA_SE_ASIA_RESEARCH.md | CURRENT_SOURCE=common/history/buildings/11_east_asia.txt:common/history/buildings/11_east_asia.txt:1539
CHI,STATE_NORTHERN_ANHUI,building_rice_farm,6,0,REMOVE,COVERED_OWNER_STATE_WITH_NO_FINAL_HISTORICAL_TARGET_FOR_THIS_BUILDING,NO,NO,COVERAGE_COMPLETE,Coverage_Status=COVERED_ZERO_POSITIVE | Research_Files=BUILD_START_1776_EAST_ASIA_SE_ASIA_RESEARCH.md | CURRENT_SOURCE=common/history/buildings/11_east_asia.txt:common/history/buildings/11_east_asia.txt:1550
CHI,STATE_NORTHERN_ANHUI,building_tea_plantation,15,0,REMOVE,COVERED_OWNER_STATE_WITH_NO_FINAL_HISTORICAL_TARGET_FOR_THIS_BUILDING,NO,NO,COVERAGE_COMPLETE,Coverage_Status=COVERED_ZERO_POSITIVE | Research_Files=BUILD_START_1776_EAST_ASIA_SE_ASIA_RESEARCH.md | CURRENT_SOURCE=common/history/buildings/11_east_asia.txt:common/history/buildings/11_east_asia.txt:1563
CHI,STATE_NORTHERN_MANCHURIA,building_livestock_ranch,2,0,REMOVE,COVERED_OWNER_STATE_WITH_NO_FINAL_HISTORICAL_TARGET_FOR_THIS_BUILDING,NO,NO,COVERAGE_COMPLETE,Coverage_Status=COVERED_ZERO_POSITIVE | Research_Files=BUILD_START_1776_EAST_ASIA_SE_ASIA_RESEARCH.md | CURRENT_SOURCE=common/history/buildings/11_east_asia.txt:common/history/buildings/11_east_asia.txt:623
CHI,STATE_NORTHERN_MANCHURIA,building_logging_camp,8,0,REMOVE,COVERED_OWNER_STATE_WITH_NO_FINAL_HISTORICAL_TARGET_FOR_THIS_BUILDING,NO,NO,COVERAGE_COMPLETE,Coverage_Status=COVERED_ZERO_POSITIVE | Research_Files=BUILD_START_1776_EAST_ASIA_SE_ASIA_RESEARCH.md | CURRENT_SOURCE=common/history/buildings/11_east_asia.txt:common/history/buildings/11_east_asia.txt:610
CHI,STATE_QINGHAI,building_livestock_ranch,5,0,REMOVE,COVERED_OWNER_STATE_WITH_NO_FINAL_HISTORICAL_TARGET_FOR_THIS_BUILDING,NO,NO,COVERAGE_COMPLETE,Coverage_Status=COVERED_ZERO_POSITIVE | Research_Files=BUILD_START_1776_EAST_ASIA_SE_ASIA_RESEARCH.md | CURRENT_SOURCE=common/history/buildings/11_east_asia.txt:common/history/buildings/11_east_asia.txt:754
CHI,STATE_QINGHAI,building_salt_mine,1,0,REMOVE,COVERED_OWNER_STATE_WITH_NO_FINAL_HISTORICAL_TARGET_FOR_THIS_BUILDING,NO,NO,COVERAGE_COMPLETE,Coverage_Status=COVERED_ZERO_POSITIVE | Research_Files=BUILD_START_1776_EAST_ASIA_SE_ASIA_RESEARCH.md | CURRENT_SOURCE=common/history/buildings/99_tech6a2_salt_starting_buildings.txt:common/history/buildings/99_tech6a2_salt_starting_buildings.txt:397
CHI,STATE_SHANDONG,building_fishing_wharf,6,0,REMOVE,COVERED_OWNER_STATE_WITH_NO_FINAL_HISTORICAL_TARGET_FOR_THIS_BUILDING,NO,NO,COVERAGE_COMPLETE,Coverage_Status=COVERED_POSITIVE | Research_Files=BUILD_START_1776_EAST_ASIA_SE_ASIA_RESEARCH.md;BUILD_START_1776_EAST_ASIA_SE_ASIA_RESEARCH_MATRIX.csv | CURRENT_SOURCE=common/history/buildings/11_east_asia.txt:common/history/buildings/11_east_asia.txt:1898
CHI,STATE_SHANDONG,building_glassworks,10,0,REMOVE,COVERED_OWNER_STATE_WITH_NO_FINAL_HISTORICAL_TARGET_FOR_THIS_BUILDING,NO,NO,COVERAGE_COMPLETE,Coverage_Status=COVERED_POSITIVE | Research_Files=BUILD_START_1776_EAST_ASIA_SE_ASIA_RESEARCH.md;BUILD_START_1776_EAST_ASIA_SE_ASIA_RESEARCH_MATRIX.csv | CURRENT_SOURCE=common/history/buildings/11_east_asia.txt:common/history/buildings/11_east_asia.txt:1846
CHI,STATE_SHANDONG,building_government_administration,6,0,REMOVE,COVERED_OWNER_STATE_WITH_NO_FINAL_HISTORICAL_TARGET_FOR_THIS_BUILDING,NO,NO,COVERAGE_COMPLETE,Coverage_Status=COVERED_POSITIVE | Research_Files=BUILD_START_1776_EAST_ASIA_SE_ASIA_RESEARCH.md;BUILD_START_1776_EAST_ASIA_SE_ASIA_RESEARCH_MATRIX.csv | CURRENT_SOURCE=common/history/buildings/11_east_asia.txt:common/history/buildings/11_east_asia.txt:1835
CHI,STATE_SHANDONG,building_naval_administration,2,0,REMOVE,COVERED_OWNER_STATE_WITH_NO_FINAL_HISTORICAL_TARGET_FOR_THIS_BUILDING,NO,NO,COVERAGE_COMPLETE,Coverage_Status=COVERED_POSITIVE | Research_Files=BUILD_START_1776_EAST_ASIA_SE_ASIA_RESEARCH.md;BUILD_START_1776_EAST_ASIA_SE_ASIA_RESEARCH_MATRIX.csv | CURRENT_SOURCE=common/history/buildings/11_east_asia.txt:common/history/buildings/11_east_asia.txt:1922
CHI,STATE_SHANDONG,building_port,1,0,REMOVE,COVERED_OWNER_STATE_WITH_NO_FINAL_HISTORICAL_TARGET_FOR_THIS_BUILDING,NO,NO,COVERAGE_COMPLETE,Coverage_Status=COVERED_POSITIVE | Research_Files=BUILD_START_1776_EAST_ASIA_SE_ASIA_RESEARCH.md;BUILD_START_1776_EAST_ASIA_SE_ASIA_RESEARCH_MATRIX.csv | CURRENT_SOURCE=common/history/buildings/11_east_asia.txt:common/history/buildings/11_east_asia.txt:1911
CHI,STATE_SHANDONG,building_tea_plantation,3,0,REMOVE,COVERED_OWNER_STATE_WITH_NO_FINAL_HISTORICAL_TARGET_FOR_THIS_BUILDING,NO,NO,COVERAGE_COMPLETE,Coverage_Status=COVERED_POSITIVE | Research_Files=BUILD_START_1776_EAST_ASIA_SE_ASIA_RESEARCH.md;BUILD_START_1776_EAST_ASIA_SE_ASIA_RESEARCH_MATRIX.csv | CURRENT_SOURCE=common/history/buildings/11_east_asia.txt:common/history/buildings/11_east_asia.txt:1872
CHI,STATE_SHANDONG,building_textile_mill,8,0,REMOVE,COVERED_OWNER_STATE_WITH_NO_FINAL_HISTORICAL_TARGET_FOR_THIS_BUILDING,NO,NO,COVERAGE_COMPLETE,Coverage_Status=COVERED_POSITIVE | Research_Files=BUILD_START_1776_EAST_ASIA_SE_ASIA_RESEARCH.md;BUILD_START_1776_EAST_ASIA_SE_ASIA_RESEARCH_MATRIX.csv | CURRENT_SOURCE=common/history/buildings/11_east_asia.txt:common/history/buildings/11_east_asia.txt:1859
CHI,STATE_SHANDONG,building_wheat_farm,3,0,REMOVE,COVERED_OWNER_STATE_WITH_NO_FINAL_HISTORICAL_TARGET_FOR_THIS_BUILDING,NO,NO,COVERAGE_COMPLETE,Coverage_Status=COVERED_POSITIVE | Research_Files=BUILD_START_1776_EAST_ASIA_SE_ASIA_RESEARCH.md;BUILD_START_1776_EAST_ASIA_SE_ASIA_RESEARCH_MATRIX.csv | CURRENT_SOURCE=common/history/buildings/11_east_asia.txt:common/history/buildings/11_east_asia.txt:1885
CHI,STATE_SHANXI,building_government_administration,6,0,REMOVE,COVERED_OWNER_STATE_WITH_NO_FINAL_HISTORICAL_TARGET_FOR_THIS_BUILDING,NO,NO,COVERAGE_COMPLETE,Coverage_Status=COVERED_POSITIVE | Research_Files=BUILD_START_1776_EAST_ASIA_SE_ASIA_RESEARCH.md;BUILD_START_1776_EAST_ASIA_SE_ASIA_RESEARCH_MATRIX.csv | CURRENT_SOURCE=common/history/buildings/11_east_asia.txt:common/history/buildings/11_east_asia.txt:640
CHI,STATE_SHANXI,building_salt_mine,2,0,REMOVE,COVERED_OWNER_STATE_WITH_NO_FINAL_HISTORICAL_TARGET_FOR_THIS_BUILDING,NO,NO,COVERAGE_COMPLETE,Coverage_Status=COVERED_POSITIVE | Research_Files=BUILD_START_1776_EAST_ASIA_SE_ASIA_RESEARCH.md;BUILD_START_1776_EAST_ASIA_SE_ASIA_RESEARCH_MATRIX.csv | CURRENT_SOURCE=common/history/buildings/99_tech6a2_salt_starting_buildings.txt:common/history/buildings/99_tech6a2_salt_starting_buildings.txt:277
CHI,STATE_SHANXI,building_tea_plantation,3,0,REMOVE,COVERED_OWNER_STATE_WITH_NO_FINAL_HISTORICAL_TARGET_FOR_THIS_BUILDING,NO,NO,COVERAGE_COMPLETE,Coverage_Status=COVERED_POSITIVE | Research_Files=BUILD_START_1776_EAST_ASIA_SE_ASIA_RESEARCH.md;BUILD_START_1776_EAST_ASIA_SE_ASIA_RESEARCH_MATRIX.csv | CURRENT_SOURCE=common/history/buildings/11_east_asia.txt:common/history/buildings/11_east_asia.txt:664
CHI,STATE_SHANXI,building_wheat_farm,7,0,REMOVE,COVERED_OWNER_STATE_WITH_NO_FINAL_HISTORICAL_TARGET_FOR_THIS_BUILDING,NO,NO,COVERAGE_COMPLETE,Coverage_Status=COVERED_POSITIVE | Research_Files=BUILD_START_1776_EAST_ASIA_SE_ASIA_RESEARCH.md;BUILD_START_1776_EAST_ASIA_SE_ASIA_RESEARCH_MATRIX.csv | CURRENT_SOURCE=common/history/buildings/11_east_asia.txt:common/history/buildings/11_east_asia.txt:651
CHI,STATE_SHAOZHOU,building_dye_plantation,6,0,REMOVE,COVERED_OWNER_STATE_WITH_NO_FINAL_HISTORICAL_TARGET_FOR_THIS_BUILDING,NO,NO,COVERAGE_COMPLETE,Coverage_Status=COVERED_ZERO_POSITIVE | Research_Files=BUILD_START_1776_EAST_ASIA_SE_ASIA_RESEARCH.md | CURRENT_SOURCE=common/history/buildings/11_east_asia.txt:common/history/buildings/11_east_asia.txt:274
CHI,STATE_SHAOZHOU,building_government_administration,6,0,REMOVE,COVERED_OWNER_STATE_WITH_NO_FINAL_HISTORICAL_TARGET_FOR_THIS_BUILDING,NO,NO,COVERAGE_COMPLETE,Coverage_Status=COVERED_ZERO_POSITIVE | Research_Files=BUILD_START_1776_EAST_ASIA_SE_ASIA_RESEARCH.md | CURRENT_SOURCE=common/history/buildings/11_east_asia.txt:common/history/buildings/11_east_asia.txt:237
CHI,STATE_SHAOZHOU,building_iron_mine,1,0,REMOVE,COVERED_OWNER_STATE_WITH_NO_FINAL_HISTORICAL_TARGET_FOR_THIS_BUILDING,NO,NO,COVERAGE_COMPLETE,Coverage_Status=COVERED_ZERO_POSITIVE | Research_Files=BUILD_START_1776_EAST_ASIA_SE_ASIA_RESEARCH.md | CURRENT_SOURCE=common/history/buildings/11_east_asia.txt:common/history/buildings/11_east_asia.txt:248
CHI,STATE_SHAOZHOU,building_port,1,0,REMOVE,COVERED_OWNER_STATE_WITH_NO_FINAL_HISTORICAL_TARGET_FOR_THIS_BUILDING,NO,NO,COVERAGE_COMPLETE,Coverage_Status=COVERED_ZERO_POSITIVE | Research_Files=BUILD_START_1776_EAST_ASIA_SE_ASIA_RESEARCH.md | CURRENT_SOURCE=common/history/buildings/11_east_asia.txt:common/history/buildings/11_east_asia.txt:300
CHI,STATE_SHAOZHOU,building_rice_farm,8,0,REMOVE,COVERED_OWNER_STATE_WITH_NO_FINAL_HISTORICAL_TARGET_FOR_THIS_BUILDING,NO,NO,COVERAGE_COMPLETE,Coverage_Status=COVERED_ZERO_POSITIVE | Research_Files=BUILD_START_1776_EAST_ASIA_SE_ASIA_RESEARCH.md | CURRENT_SOURCE=common/history/buildings/11_east_asia.txt:common/history/buildings/11_east_asia.txt:261
CHI,STATE_SHAOZHOU,building_silk_plantation,10,0,REMOVE,COVERED_OWNER_STATE_WITH_NO_FINAL_HISTORICAL_TARGET_FOR_THIS_BUILDING,NO,NO,COVERAGE_COMPLETE,Coverage_Status=COVERED_ZERO_POSITIVE | Research_Files=BUILD_START_1776_EAST_ASIA_SE_ASIA_RESEARCH.md | CURRENT_SOURCE=common/history/buildings/11_east_asia.txt:common/history/buildings/11_east_asia.txt:287
CHI,STATE_SICHUAN,building_government_administration,8,0,REMOVE,COVERED_OWNER_STATE_WITH_NO_FINAL_HISTORICAL_TARGET_FOR_THIS_BUILDING,NO,NO,COVERAGE_COMPLETE,Coverage_Status=COVERED_POSITIVE | Research_Files=BUILD_START_1776_EAST_ASIA_SE_ASIA_RESEARCH.md;BUILD_START_1776_EAST_ASIA_SE_ASIA_RESEARCH_MATRIX.csv | CURRENT_SOURCE=common/history/buildings/11_east_asia.txt:common/history/buildings/11_east_asia.txt:38
CHI,STATE_SICHUAN,building_logging_camp,10,0,REMOVE,COVERED_OWNER_STATE_WITH_NO_FINAL_HISTORICAL_TARGET_FOR_THIS_BUILDING,NO,NO,COVERAGE_COMPLETE,Coverage_Status=COVERED_POSITIVE | Research_Files=BUILD_START_1776_EAST_ASIA_SE_ASIA_RESEARCH.md;BUILD_START_1776_EAST_ASIA_SE_ASIA_RESEARCH_MATRIX.csv | CURRENT_SOURCE=common/history/buildings/11_east_asia.txt:common/history/buildings/11_east_asia.txt:49
CHI,STATE_SICHUAN,building_opium_plantation,6,0,REMOVE,COVERED_OWNER_STATE_WITH_NO_FINAL_HISTORICAL_TARGET_FOR_THIS_BUILDING,NO,NO,COVERAGE_COMPLETE,Coverage_Status=COVERED_POSITIVE | Research_Files=BUILD_START_1776_EAST_ASIA_SE_ASIA_RESEARCH.md;BUILD_START_1776_EAST_ASIA_SE_ASIA_RESEARCH_MATRIX.csv | CURRENT_SOURCE=common/history/buildings/11_east_asia.txt:common/history/buildings/11_east_asia.txt:62
CHI,STATE_SOUTHERN_ANHUI,building_furniture_manufactory,10,0,REMOVE,COVERED_OWNER_STATE_WITH_NO_FINAL_HISTORICAL_TARGET_FOR_THIS_BUILDING,NO,NO,COVERAGE_COMPLETE,Coverage_Status=COVERED_ZERO_POSITIVE | Research_Files=BUILD_START_1776_EAST_ASIA_SE_ASIA_RESEARCH.md | CURRENT_SOURCE=common/history/buildings/11_east_asia.txt:common/history/buildings/11_east_asia.txt:1483
CHI,STATE_SOUTHERN_ANHUI,building_government_administration,8,0,REMOVE,COVERED_OWNER_STATE_WITH_NO_FINAL_HISTORICAL_TARGET_FOR_THIS_BUILDING,NO,NO,COVERAGE_COMPLETE,Coverage_Status=COVERED_ZERO_POSITIVE | Research_Files=BUILD_START_1776_EAST_ASIA_SE_ASIA_RESEARCH.md | CURRENT_SOURCE=common/history/buildings/11_east_asia.txt:common/history/buildings/11_east_asia.txt:1472
CHI,STATE_SOUTHERN_ANHUI,building_paper_mill,6,0,REMOVE,COVERED_OWNER_STATE_WITH_NO_FINAL_HISTORICAL_TARGET_FOR_THIS_BUILDING,NO,NO,COVERAGE_COMPLETE,Coverage_Status=COVERED_ZERO_POSITIVE | Research_Files=BUILD_START_1776_EAST_ASIA_SE_ASIA_RESEARCH.md | CURRENT_SOURCE=common/history/buildings/11_east_asia.txt:common/history/buildings/11_east_asia.txt:1509
CHI,STATE_SOUTHERN_ANHUI,building_rice_farm,12,0,REMOVE,COVERED_OWNER_STATE_WITH_NO_FINAL_HISTORICAL_TARGET_FOR_THIS_BUILDING,NO,NO,COVERAGE_COMPLETE,Coverage_Status=COVERED_ZERO_POSITIVE | Research_Files=BUILD_START_1776_EAST_ASIA_SE_ASIA_RESEARCH.md | CURRENT_SOURCE=common/history/buildings/11_east_asia.txt:common/history/buildings/11_east_asia.txt:1496
CHI,STATE_SOUTHERN_ANHUI,building_tea_plantation,10,0,REMOVE,COVERED_OWNER_STATE_WITH_NO_FINAL_HISTORICAL_TARGET_FOR_THIS_BUILDING,NO,NO,COVERAGE_COMPLETE,Coverage_Status=COVERED_ZERO_POSITIVE | Research_Files=BUILD_START_1776_EAST_ASIA_SE_ASIA_RESEARCH.md | CURRENT_SOURCE=common/history/buildings/11_east_asia.txt:common/history/buildings/11_east_asia.txt:1522
CHI,STATE_SOUTHERN_MANCHURIA,building_government_administration,4,0,REMOVE,COVERED_OWNER_STATE_WITH_NO_FINAL_HISTORICAL_TARGET_FOR_THIS_BUILDING,NO,NO,COVERAGE_COMPLETE,Coverage_Status=COVERED_ZERO_POSITIVE | Research_Files=BUILD_START_1776_EAST_ASIA_SE_ASIA_RESEARCH.md | CURRENT_SOURCE=common/history/buildings/11_east_asia.txt:common/history/buildings/11_east_asia.txt:556
CHI,STATE_SOUTHERN_MANCHURIA,building_iron_mine,4,0,REMOVE,COVERED_OWNER_STATE_WITH_NO_FINAL_HISTORICAL_TARGET_FOR_THIS_BUILDING,NO,NO,COVERAGE_COMPLETE,Coverage_Status=COVERED_ZERO_POSITIVE | Research_Files=BUILD_START_1776_EAST_ASIA_SE_ASIA_RESEARCH.md | CURRENT_SOURCE=common/history/buildings/11_east_asia.txt:common/history/buildings/11_east_asia.txt:567
CHI,STATE_SOUTHERN_MANCHURIA,building_livestock_ranch,3,0,REMOVE,COVERED_OWNER_STATE_WITH_NO_FINAL_HISTORICAL_TARGET_FOR_THIS_BUILDING,NO,NO,COVERAGE_COMPLETE,Coverage_Status=COVERED_ZERO_POSITIVE | Research_Files=BUILD_START_1776_EAST_ASIA_SE_ASIA_RESEARCH.md | CURRENT_SOURCE=common/history/buildings/11_east_asia.txt:common/history/buildings/11_east_asia.txt:593
CHI,STATE_SOUTHERN_MANCHURIA,building_logging_camp,9,0,REMOVE,COVERED_OWNER_STATE_WITH_NO_FINAL_HISTORICAL_TARGET_FOR_THIS_BUILDING,NO,NO,COVERAGE_COMPLETE,Coverage_Status=COVERED_ZERO_POSITIVE | Research_Files=BUILD_START_1776_EAST_ASIA_SE_ASIA_RESEARCH.md | CURRENT_SOURCE=common/history/buildings/11_east_asia.txt:common/history/buildings/11_east_asia.txt:580
CHI,STATE_SUZHOU,building_fishing_wharf,4,0,REMOVE,COVERED_OWNER_STATE_WITH_NO_FINAL_HISTORICAL_TARGET_FOR_THIS_BUILDING,NO,NO,COVERAGE_COMPLETE,Coverage_Status=COVERED_POSITIVE | Research_Files=BUILD_START_1776_EAST_ASIA_SE_ASIA_RESEARCH.md;BUILD_START_1776_EAST_ASIA_SE_ASIA_RESEARCH_MATRIX.csv | CURRENT_SOURCE=common/history/buildings/11_east_asia.txt:common/history/buildings/11_east_asia.txt:1974
CHI,STATE_SUZHOU,building_government_administration,12,0,REMOVE,COVERED_OWNER_STATE_WITH_NO_FINAL_HISTORICAL_TARGET_FOR_THIS_BUILDING,NO,NO,COVERAGE_COMPLETE,Coverage_Status=COVERED_POSITIVE | Research_Files=BUILD_START_1776_EAST_ASIA_SE_ASIA_RESEARCH.md;BUILD_START_1776_EAST_ASIA_SE_ASIA_RESEARCH_MATRIX.csv | CURRENT_SOURCE=common/history/buildings/11_east_asia.txt:common/history/buildings/11_east_asia.txt:1937
CHI,STATE_SUZHOU,building_paper_mill,7,0,REMOVE,COVERED_OWNER_STATE_WITH_NO_FINAL_HISTORICAL_TARGET_FOR_THIS_BUILDING,NO,NO,COVERAGE_COMPLETE,Coverage_Status=COVERED_POSITIVE | Research_Files=BUILD_START_1776_EAST_ASIA_SE_ASIA_RESEARCH.md;BUILD_START_1776_EAST_ASIA_SE_ASIA_RESEARCH_MATRIX.csv | CURRENT_SOURCE=common/history/buildings/11_east_asia.txt:common/history/buildings/11_east_asia.txt:1948
CHI,STATE_SUZHOU,building_port,1,0,REMOVE,COVERED_OWNER_STATE_WITH_NO_FINAL_HISTORICAL_TARGET_FOR_THIS_BUILDING,NO,NO,COVERAGE_COMPLETE,Coverage_Status=COVERED_POSITIVE | Research_Files=BUILD_START_1776_EAST_ASIA_SE_ASIA_RESEARCH.md;BUILD_START_1776_EAST_ASIA_SE_ASIA_RESEARCH_MATRIX.csv | CURRENT_SOURCE=common/history/buildings/11_east_asia.txt:common/history/buildings/11_east_asia.txt:1987
CHI,STATE_SUZHOU,building_tea_plantation,12,0,REMOVE,COVERED_OWNER_STATE_WITH_NO_FINAL_HISTORICAL_TARGET_FOR_THIS_BUILDING,NO,NO,COVERAGE_COMPLETE,Coverage_Status=COVERED_POSITIVE | Research_Files=BUILD_START_1776_EAST_ASIA_SE_ASIA_RESEARCH.md;BUILD_START_1776_EAST_ASIA_SE_ASIA_RESEARCH_MATRIX.csv | CURRENT_SOURCE=common/history/buildings/11_east_asia.txt:common/history/buildings/11_east_asia.txt:1961
CHI,STATE_TIANSHAN,building_livestock_ranch,2,0,REMOVE,COVERED_OWNER_STATE_WITH_NO_FINAL_HISTORICAL_TARGET_FOR_THIS_BUILDING,NO,NO,COVERAGE_COMPLETE,Coverage_Status=COVERED_ZERO_POSITIVE | Research_Files=BUILD_START_1776_EAST_ASIA_SE_ASIA_RESEARCH.md | CURRENT_SOURCE=common/history/buildings/11_east_asia.txt:common/history/buildings/11_east_asia.txt:21
CHI,STATE_ULIASTAI,building_livestock_ranch,3,0,REMOVE,COVERED_OWNER_STATE_WITH_NO_FINAL_HISTORICAL_TARGET_FOR_THIS_BUILDING,NO,NO,COVERAGE_COMPLETE,Coverage_Status=COVERED_ZERO_POSITIVE | Research_Files=BUILD_START_1776_EAST_ASIA_SE_ASIA_RESEARCH.md | CURRENT_SOURCE=common/history/buildings/11_east_asia.txt:common/history/buildings/11_east_asia.txt:2002
CHI,STATE_URGA,building_livestock_ranch,5,0,REMOVE,COVERED_OWNER_STATE_WITH_NO_FINAL_HISTORICAL_TARGET_FOR_THIS_BUILDING,NO,NO,COVERAGE_COMPLETE,Coverage_Status=COVERED_ZERO_POSITIVE | Research_Files=BUILD_START_1776_EAST_ASIA_SE_ASIA_RESEARCH.md | CURRENT_SOURCE=common/history/buildings/11_east_asia.txt:common/history/buildings/11_east_asia.txt:2019
CHI,STATE_URGA,building_wheat_farm,3,0,REMOVE,COVERED_OWNER_STATE_WITH_NO_FINAL_HISTORICAL_TARGET_FOR_THIS_BUILDING,NO,NO,COVERAGE_COMPLETE,Coverage_Status=COVERED_ZERO_POSITIVE | Research_Files=BUILD_START_1776_EAST_ASIA_SE_ASIA_RESEARCH.md | CURRENT_SOURCE=common/history/buildings/11_east_asia.txt:common/history/buildings/11_east_asia.txt:2032
CHI,STATE_WESTERN_HUBEI,building_furniture_manufactory,10,0,REMOVE,COVERED_OWNER_STATE_WITH_NO_FINAL_HISTORICAL_TARGET_FOR_THIS_BUILDING,NO,NO,COVERAGE_COMPLETE,Coverage_Status=COVERED_ZERO_POSITIVE | Research_Files=BUILD_START_1776_EAST_ASIA_SE_ASIA_RESEARCH.md | CURRENT_SOURCE=common/history/buildings/11_east_asia.txt:common/history/buildings/11_east_asia.txt:1604
CHI,STATE_WESTERN_HUBEI,building_government_administration,6,0,REMOVE,COVERED_OWNER_STATE_WITH_NO_FINAL_HISTORICAL_TARGET_FOR_THIS_BUILDING,NO,NO,COVERAGE_COMPLETE,Coverage_Status=COVERED_ZERO_POSITIVE | Research_Files=BUILD_START_1776_EAST_ASIA_SE_ASIA_RESEARCH.md | CURRENT_SOURCE=common/history/buildings/11_east_asia.txt:common/history/buildings/11_east_asia.txt:1580
CHI,STATE_WESTERN_HUBEI,building_paper_mill,9,0,REMOVE,COVERED_OWNER_STATE_WITH_NO_FINAL_HISTORICAL_TARGET_FOR_THIS_BUILDING,NO,NO,COVERAGE_COMPLETE,Coverage_Status=COVERED_ZERO_POSITIVE | Research_Files=BUILD_START_1776_EAST_ASIA_SE_ASIA_RESEARCH.md | CURRENT_SOURCE=common/history/buildings/11_east_asia.txt:common/history/buildings/11_east_asia.txt:1591
CHI,STATE_WESTERN_HUBEI,building_rice_farm,6,0,REMOVE,COVERED_OWNER_STATE_WITH_NO_FINAL_HISTORICAL_TARGET_FOR_THIS_BUILDING,NO,NO,COVERAGE_COMPLETE,Coverage_Status=COVERED_ZERO_POSITIVE | Research_Files=BUILD_START_1776_EAST_ASIA_SE_ASIA_RESEARCH.md | CURRENT_SOURCE=common/history/buildings/11_east_asia.txt:common/history/buildings/11_east_asia.txt:1617
CHI,STATE_WESTERN_HUBEI,building_tea_plantation,10,0,REMOVE,COVERED_OWNER_STATE_WITH_NO_FINAL_HISTORICAL_TARGET_FOR_THIS_BUILDING,NO,NO,COVERAGE_COMPLETE,Coverage_Status=COVERED_ZERO_POSITIVE | Research_Files=BUILD_START_1776_EAST_ASIA_SE_ASIA_RESEARCH.md | CURRENT_SOURCE=common/history/buildings/11_east_asia.txt:common/history/buildings/11_east_asia.txt:1630
CHI,STATE_XIAN,building_government_administration,3,0,REMOVE,COVERED_OWNER_STATE_WITH_NO_FINAL_HISTORICAL_TARGET_FOR_THIS_BUILDING,NO,NO,COVERAGE_COMPLETE,Coverage_Status=COVERED_ZERO_POSITIVE | Research_Files=BUILD_START_1776_EAST_ASIA_SE_ASIA_RESEARCH.md | CURRENT_SOURCE=common/history/buildings/11_east_asia.txt:common/history/buildings/11_east_asia.txt:726
CHI,STATE_XIAN,building_tea_plantation,5,0,REMOVE,COVERED_OWNER_STATE_WITH_NO_FINAL_HISTORICAL_TARGET_FOR_THIS_BUILDING,NO,NO,COVERAGE_COMPLETE,Coverage_Status=COVERED_ZERO_POSITIVE | Research_Files=BUILD_START_1776_EAST_ASIA_SE_ASIA_RESEARCH.md | CURRENT_SOURCE=common/history/buildings/11_east_asia.txt:common/history/buildings/11_east_asia.txt:737
CHI,STATE_YUNNAN,building_government_administration,6,0,REMOVE,COVERED_OWNER_STATE_WITH_NO_FINAL_HISTORICAL_TARGET_FOR_THIS_BUILDING,NO,NO,COVERAGE_COMPLETE,Coverage_Status=COVERED_POSITIVE | Research_Files=BUILD_START_1776_EAST_ASIA_SE_ASIA_RESEARCH.md;BUILD_START_1776_EAST_ASIA_SE_ASIA_RESEARCH_MATRIX.csv | CURRENT_SOURCE=common/history/buildings/11_east_asia.txt:common/history/buildings/11_east_asia.txt:90
CHI,STATE_YUNNAN,building_logging_camp,6,0,REMOVE,COVERED_OWNER_STATE_WITH_NO_FINAL_HISTORICAL_TARGET_FOR_THIS_BUILDING,NO,NO,COVERAGE_COMPLETE,Coverage_Status=COVERED_POSITIVE | Research_Files=BUILD_START_1776_EAST_ASIA_SE_ASIA_RESEARCH.md;BUILD_START_1776_EAST_ASIA_SE_ASIA_RESEARCH_MATRIX.csv | CURRENT_SOURCE=common/history/buildings/11_east_asia.txt:common/history/buildings/11_east_asia.txt:101
CHI,STATE_YUNNAN,building_opium_plantation,10,0,REMOVE,COVERED_OWNER_STATE_WITH_NO_FINAL_HISTORICAL_TARGET_FOR_THIS_BUILDING,NO,NO,COVERAGE_COMPLETE,Coverage_Status=COVERED_POSITIVE | Research_Files=BUILD_START_1776_EAST_ASIA_SE_ASIA_RESEARCH.md;BUILD_START_1776_EAST_ASIA_SE_ASIA_RESEARCH_MATRIX.csv | CURRENT_SOURCE=common/history/buildings/11_east_asia.txt:common/history/buildings/11_east_asia.txt:127
CHI,STATE_ZHEJIANG,building_fishing_wharf,3,0,REMOVE,COVERED_OWNER_STATE_WITH_NO_FINAL_HISTORICAL_TARGET_FOR_THIS_BUILDING,NO,NO,COVERAGE_COMPLETE,Coverage_Status=COVERED_POSITIVE | Research_Files=BUILD_START_1776_EAST_ASIA_SE_ASIA_RESEARCH.md;BUILD_START_1776_EAST_ASIA_SE_ASIA_RESEARCH_MATRIX.csv | CURRENT_SOURCE=common/history/buildings/11_east_asia.txt:common/history/buildings/11_east_asia.txt:1137
CHI,STATE_ZHEJIANG,building_government_administration,7,0,REMOVE,COVERED_OWNER_STATE_WITH_NO_FINAL_HISTORICAL_TARGET_FOR_THIS_BUILDING,NO,NO,COVERAGE_COMPLETE,Coverage_Status=COVERED_POSITIVE | Research_Files=BUILD_START_1776_EAST_ASIA_SE_ASIA_RESEARCH.md;BUILD_START_1776_EAST_ASIA_SE_ASIA_RESEARCH_MATRIX.csv | CURRENT_SOURCE=common/history/buildings/11_east_asia.txt:common/history/buildings/11_east_asia.txt:1087
CHI,STATE_ZHEJIANG,building_rice_farm,4,0,REMOVE,COVERED_OWNER_STATE_WITH_NO_FINAL_HISTORICAL_TARGET_FOR_THIS_BUILDING,NO,NO,COVERAGE_COMPLETE,Coverage_Status=COVERED_POSITIVE | Research_Files=BUILD_START_1776_EAST_ASIA_SE_ASIA_RESEARCH.md;BUILD_START_1776_EAST_ASIA_SE_ASIA_RESEARCH_MATRIX.csv | CURRENT_SOURCE=common/history/buildings/11_east_asia.txt:common/history/buildings/11_east_asia.txt:1124
CHI,STATE_ZHEJIANG,building_tea_plantation,15,0,REMOVE,COVERED_OWNER_STATE_WITH_NO_FINAL_HISTORICAL_TARGET_FOR_THIS_BUILDING,NO,NO,COVERAGE_COMPLETE,Coverage_Status=COVERED_POSITIVE | Research_Files=BUILD_START_1776_EAST_ASIA_SE_ASIA_RESEARCH.md;BUILD_START_1776_EAST_ASIA_SE_ASIA_RESEARCH_MATRIX.csv | CURRENT_SOURCE=common/history/buildings/11_east_asia.txt:common/history/buildings/11_east_asia.txt:1111
CHI,STATE_ZHILI,building_glassworks,6,0,REMOVE,COVERED_OWNER_STATE_WITH_NO_FINAL_HISTORICAL_TARGET_FOR_THIS_BUILDING,NO,NO,COVERAGE_COMPLETE,Coverage_Status=COVERED_POSITIVE | Research_Files=BUILD_START_1776_EAST_ASIA_SE_ASIA_RESEARCH.md;BUILD_START_1776_EAST_ASIA_SE_ASIA_RESEARCH_MATRIX.csv | CURRENT_SOURCE=common/history/buildings/11_east_asia.txt:common/history/buildings/11_east_asia.txt:1362
CHI,STATE_ZHILI,building_government_administration,10,0,REMOVE,COVERED_OWNER_STATE_WITH_NO_FINAL_HISTORICAL_TARGET_FOR_THIS_BUILDING,NO,NO,COVERAGE_COMPLETE,Coverage_Status=COVERED_POSITIVE | Research_Files=BUILD_START_1776_EAST_ASIA_SE_ASIA_RESEARCH.md;BUILD_START_1776_EAST_ASIA_SE_ASIA_RESEARCH_MATRIX.csv | CURRENT_SOURCE=common/history/buildings/11_east_asia.txt:common/history/buildings/11_east_asia.txt:1325
CHI,STATE_ZHILI,building_iron_mine,2,0,REMOVE,COVERED_OWNER_STATE_WITH_NO_FINAL_HISTORICAL_TARGET_FOR_THIS_BUILDING,NO,NO,COVERAGE_COMPLETE,Coverage_Status=COVERED_POSITIVE | Research_Files=BUILD_START_1776_EAST_ASIA_SE_ASIA_RESEARCH.md;BUILD_START_1776_EAST_ASIA_SE_ASIA_RESEARCH_MATRIX.csv | CURRENT_SOURCE=common/history/buildings/11_east_asia.txt:common/history/buildings/11_east_asia.txt:1336
CHI,STATE_ZHILI,building_paper_mill,11,0,REMOVE,COVERED_OWNER_STATE_WITH_NO_FINAL_HISTORICAL_TARGET_FOR_THIS_BUILDING,NO,NO,COVERAGE_COMPLETE,Coverage_Status=COVERED_POSITIVE | Research_Files=BUILD_START_1776_EAST_ASIA_SE_ASIA_RESEARCH.md;BUILD_START_1776_EAST_ASIA_SE_ASIA_RESEARCH_MATRIX.csv | CURRENT_SOURCE=common/history/buildings/11_east_asia.txt:common/history/buildings/11_east_asia.txt:1349
CHI,STATE_ZHILI,building_tea_plantation,10,0,REMOVE,COVERED_OWNER_STATE_WITH_NO_FINAL_HISTORICAL_TARGET_FOR_THIS_BUILDING,NO,NO,COVERAGE_COMPLETE,Coverage_Status=COVERED_POSITIVE | Research_Files=BUILD_START_1776_EAST_ASIA_SE_ASIA_RESEARCH.md;BUILD_START_1776_EAST_ASIA_SE_ASIA_RESEARCH_MATRIX.csv | CURRENT_SOURCE=common/history/buildings/11_east_asia.txt:common/history/buildings/11_east_asia.txt:1388
CHI,STATE_ZHILI,building_wheat_farm,4,0,REMOVE,COVERED_OWNER_STATE_WITH_NO_FINAL_HISTORICAL_TARGET_FOR_THIS_BUILDING,NO,NO,COVERAGE_COMPLETE,Coverage_Status=COVERED_POSITIVE | Research_Files=BUILD_START_1776_EAST_ASIA_SE_ASIA_RESEARCH.md;BUILD_START_1776_EAST_ASIA_SE_ASIA_RESEARCH_MATRIX.csv | CURRENT_SOURCE=common/history/buildings/11_east_asia.txt:common/history/buildings/11_east_asia.txt:1375
CIR,STATE_KUBAN,building_port,1,0,REMOVE,COVERED_OWNER_STATE_WITH_NO_FINAL_HISTORICAL_TARGET_FOR_THIS_BUILDING,NO,NO,COVERAGE_COMPLETE,Coverage_Status=COVERED_POSITIVE | Research_Files=BUILD_START_1776_R3_OWNER_STATE_COVERAGE.csv;BUILD_START_1776_R3_RECOMMENDATIONS.csv | CURRENT_SOURCE=common/history/buildings/09_central_asia.txt:common/history/buildings/09_central_asia.txt:125
CIR,STATE_NORTH_CAUCASUS,building_logging_camp,1,0,REMOVE,COVERED_OWNER_STATE_WITH_NO_FINAL_HISTORICAL_TARGET_FOR_THIS_BUILDING,NO,NO,COVERAGE_COMPLETE,Coverage_Status=COVERED_POSITIVE | Research_Files=BUILD_START_1776_SUPPLEMENTAL_OWNER_STATE_COVERAGE_CORRIGE.csv; BUILD_START_1776_SUPPLEMENTAL_RESEARCH_CORRIGE.csv | CURRENT_SOURCE=common/history/buildings/15_russia.txt:common/history/buildings/15_russia.txt:1728
CMI,STATE_CHIANG_MAI,building_livestock_ranch,1,0,REMOVE,COVERED_OWNER_STATE_WITH_NO_FINAL_HISTORICAL_TARGET_FOR_THIS_BUILDING,NO,NO,COVERAGE_COMPLETE,Coverage_Status=COVERED_POSITIVE | Research_Files=BUILD_START_1776_EAST_ASIA_SE_ASIA_RESEARCH.md;BUILD_START_1776_EAST_ASIA_SE_ASIA_RESEARCH_MATRIX.csv | CURRENT_SOURCE=common/history/buildings/11_east_asia.txt:common/history/buildings/11_east_asia.txt:2381
CMI,STATE_CHIANG_MAI,building_logging_camp,1,0,REMOVE,COVERED_OWNER_STATE_WITH_NO_FINAL_HISTORICAL_TARGET_FOR_THIS_BUILDING,NO,NO,COVERAGE_COMPLETE,Coverage_Status=COVERED_POSITIVE | Research_Files=BUILD_START_1776_EAST_ASIA_SE_ASIA_RESEARCH.md;BUILD_START_1776_EAST_ASIA_SE_ASIA_RESEARCH_MATRIX.csv | CURRENT_SOURCE=common/history/buildings/11_east_asia.txt:common/history/buildings/11_east_asia.txt:2394
COB,STATE_SAXONY,building_livestock_ranch,1,0,REMOVE,COVERED_OWNER_STATE_WITH_NO_FINAL_HISTORICAL_TARGET_FOR_THIS_BUILDING,NO,NO,COVERAGE_COMPLETE,Coverage_Status=COVERED_POSITIVE | Research_Files=BUILD_START_1776_CENTRAL_EUROPE_GERMAN_ITALY_RESEARCH.csv | CURRENT_SOURCE=common/history/buildings/00_west_europe.txt:common/history/buildings/00_west_europe.txt:7213
COB,STATE_SAXONY,building_rye_farm,1,0,REMOVE,COVERED_OWNER_STATE_WITH_NO_FINAL_HISTORICAL_TARGET_FOR_THIS_BUILDING,NO,NO,COVERAGE_COMPLETE,Coverage_Status=COVERED_POSITIVE | Research_Files=BUILD_START_1776_CENTRAL_EUROPE_GERMAN_ITALY_RESEARCH.csv | CURRENT_SOURCE=common/history/buildings/00_west_europe.txt:common/history/buildings/00_west_europe.txt:7200
CON,STATE_CONSTANTINE,building_government_administration,2,0,REMOVE,COVERED_OWNER_STATE_WITH_NO_FINAL_HISTORICAL_TARGET_FOR_THIS_BUILDING,NO,NO,COVERAGE_COMPLETE,Coverage_Status=COVERED_POSITIVE | Research_Files=BUILD_START_1776_R3_OWNER_STATE_COVERAGE.csv;BUILD_START_1776_R3_RECOMMENDATIONS.csv | CURRENT_SOURCE=common/history/buildings/03_north_africa.txt:common/history/buildings/03_north_africa.txt:614
CON,STATE_CONSTANTINE,building_trade_center,1,0,REMOVE,COVERED_OWNER_STATE_WITH_NO_FINAL_HISTORICAL_TARGET_FOR_THIS_BUILDING,NO,NO,COVERAGE_COMPLETE,Coverage_Status=COVERED_POSITIVE | Research_Files=BUILD_START_1776_R3_OWNER_STATE_COVERAGE.csv;BUILD_START_1776_R3_RECOMMENDATIONS.csv | CURRENT_SOURCE=common/history/buildings/03_north_africa.txt:common/history/buildings/03_north_africa.txt:625
CRI,STATE_BESSARABIA,building_fishing_wharf,1,0,REMOVE,COVERED_OWNER_STATE_WITH_NO_FINAL_HISTORICAL_TARGET_FOR_THIS_BUILDING,NO,NO,COVERAGE_COMPLETE,Coverage_Status=COVERED_POSITIVE | Research_Files=BUILD_START_1776_NORTHERN_EASTERN_EUROPE_RECOMMENDATIONS.csv | CURRENT_SOURCE=common/history/buildings/02_east_europe.txt:common/history/buildings/02_east_europe.txt:1551
CRI,STATE_CHERSON,building_port,2,0,REMOVE,COVERED_OWNER_STATE_WITH_NO_FINAL_HISTORICAL_TARGET_FOR_THIS_BUILDING,NO,NO,COVERAGE_COMPLETE,Coverage_Status=COVERED_POSITIVE | Research_Files=BUILD_START_1776_NORTHERN_EASTERN_EUROPE_RECOMMENDATIONS.csv | CURRENT_SOURCE=common/history/buildings/15_russia.txt:common/history/buildings/15_russia.txt:1356
CRI,STATE_CHERSON,building_shipyard,3,0,REMOVE,COVERED_OWNER_STATE_WITH_NO_FINAL_HISTORICAL_TARGET_FOR_THIS_BUILDING,NO,NO,COVERAGE_COMPLETE,Coverage_Status=COVERED_POSITIVE | Research_Files=BUILD_START_1776_NORTHERN_EASTERN_EUROPE_RECOMMENDATIONS.csv | CURRENT_SOURCE=common/history/buildings/15_russia.txt|common/history/buildings/15_russia.txt:common/history/buildings/15_russia.txt:1332|common/history/buildings/15_russia.txt:1345
CRI,STATE_CHERSON,building_trade_center,1,0,REMOVE,COVERED_OWNER_STATE_WITH_NO_FINAL_HISTORICAL_TARGET_FOR_THIS_BUILDING,NO,NO,COVERAGE_COMPLETE,Coverage_Status=COVERED_POSITIVE | Research_Files=BUILD_START_1776_NORTHERN_EASTERN_EUROPE_RECOMMENDATIONS.csv | CURRENT_SOURCE=common/history/buildings/15_russia.txt:common/history/buildings/15_russia.txt:1306
CRI,STATE_CHERSON,building_vineyard,1,0,REMOVE,COVERED_OWNER_STATE_WITH_NO_FINAL_HISTORICAL_TARGET_FOR_THIS_BUILDING,NO,NO,COVERAGE_COMPLETE,Coverage_Status=COVERED_POSITIVE | Research_Files=BUILD_START_1776_NORTHERN_EASTERN_EUROPE_RECOMMENDATIONS.csv | CURRENT_SOURCE=common/history/buildings/15_russia.txt:common/history/buildings/15_russia.txt:1319
CRI,STATE_CRIMEA,building_fishing_wharf,2,0,REMOVE,COVERED_OWNER_STATE_WITH_NO_FINAL_HISTORICAL_TARGET_FOR_THIS_BUILDING,NO,NO,COVERAGE_COMPLETE,Coverage_Status=COVERED_POSITIVE | Research_Files=BUILD_START_1776_NORTHERN_EASTERN_EUROPE_RECOMMENDATIONS.csv;BUILD_START_1776_NORTHERN_EASTERN_EUROPE_RESEARCH.md | CURRENT_SOURCE=common/history/buildings/15_russia.txt:common/history/buildings/15_russia.txt:1163
CRI,STATE_KUBAN,building_tobacco_plantation,2,0,REMOVE,COVERED_OWNER_STATE_WITH_NO_FINAL_HISTORICAL_TARGET_FOR_THIS_BUILDING,NO,NO,COVERAGE_COMPLETE,Coverage_Status=COVERED_POSITIVE | Research_Files=BUILD_START_1776_R3_OWNER_STATE_COVERAGE.csv;BUILD_START_1776_R3_RECOMMENDATIONS.csv | CURRENT_SOURCE=common/history/buildings/09_central_asia.txt:common/history/buildings/09_central_asia.txt:47
CRI,STATE_KUBAN,building_vineyard,1,0,REMOVE,COVERED_OWNER_STATE_WITH_NO_FINAL_HISTORICAL_TARGET_FOR_THIS_BUILDING,NO,NO,COVERAGE_COMPLETE,Coverage_Status=COVERED_POSITIVE | Research_Files=BUILD_START_1776_R3_OWNER_STATE_COVERAGE.csv;BUILD_START_1776_R3_RECOMMENDATIONS.csv | CURRENT_SOURCE=common/history/buildings/09_central_asia.txt:common/history/buildings/09_central_asia.txt:60
CRI,STATE_TAURIDA,building_fishing_wharf,2,0,REMOVE,COVERED_OWNER_STATE_WITH_NO_FINAL_HISTORICAL_TARGET_FOR_THIS_BUILDING,NO,NO,COVERAGE_COMPLETE,Coverage_Status=COVERED_POSITIVE | Research_Files=BUILD_START_1776_NORTHERN_EASTERN_EUROPE_RECOMMENDATIONS.csv | CURRENT_SOURCE=common/history/buildings/15_russia.txt:common/history/buildings/15_russia.txt:1758
CUB,STATE_CENTRAL_CUBA,building_logging_camp,1,0,REMOVE,COVERED_OWNER_STATE_WITH_NO_FINAL_HISTORICAL_TARGET_FOR_THIS_BUILDING,NO,NO,COVERAGE_COMPLETE,Coverage_Status=COVERED_POSITIVE | Research_Files=BUILD_START_1776_AMERICAS_CARIBBEAN_RESEARCH.csv | CURRENT_SOURCE=common/history/buildings/06_central_america.txt:common/history/buildings/06_central_america.txt:1067
CUB,STATE_CENTRAL_CUBA,building_rice_farm,1,0,REMOVE,COVERED_OWNER_STATE_WITH_NO_FINAL_HISTORICAL_TARGET_FOR_THIS_BUILDING,NO,NO,COVERAGE_COMPLETE,Coverage_Status=COVERED_POSITIVE | Research_Files=BUILD_START_1776_AMERICAS_CARIBBEAN_RESEARCH.csv | CURRENT_SOURCE=common/history/buildings/06_central_america.txt:common/history/buildings/06_central_america.txt:1022
CUB,STATE_EASTERN_CUBA,building_coffee_plantation,3,0,REMOVE,COVERED_OWNER_STATE_WITH_NO_FINAL_HISTORICAL_TARGET_FOR_THIS_BUILDING,NO,NO,COVERAGE_COMPLETE,Coverage_Status=COVERED_POSITIVE | Research_Files=BUILD_START_1776_AMERICAS_CARIBBEAN_RESEARCH.csv | CURRENT_SOURCE=common/history/buildings/06_central_america.txt:common/history/buildings/06_central_america.txt:1097
CUB,STATE_EASTERN_CUBA,building_logging_camp,1,0,REMOVE,COVERED_OWNER_STATE_WITH_NO_FINAL_HISTORICAL_TARGET_FOR_THIS_BUILDING,NO,NO,COVERAGE_COMPLETE,Coverage_Status=COVERED_POSITIVE | Research_Files=BUILD_START_1776_AMERICAS_CARIBBEAN_RESEARCH.csv | CURRENT_SOURCE=common/history/buildings/06_central_america.txt:common/history/buildings/06_central_america.txt:1142
CUB,STATE_EASTERN_CUBA,building_rice_farm,1,0,REMOVE,COVERED_OWNER_STATE_WITH_NO_FINAL_HISTORICAL_TARGET_FOR_THIS_BUILDING,NO,NO,COVERAGE_COMPLETE,Coverage_Status=COVERED_POSITIVE | Research_Files=BUILD_START_1776_AMERICAS_CARIBBEAN_RESEARCH.csv | CURRENT_SOURCE=common/history/buildings/06_central_america.txt:common/history/buildings/06_central_america.txt:1116
CUB,STATE_WESTERN_CUBA,building_logging_camp,1,0,REMOVE,COVERED_OWNER_STATE_WITH_NO_FINAL_HISTORICAL_TARGET_FOR_THIS_BUILDING,NO,NO,COVERAGE_COMPLETE,Coverage_Status=COVERED_POSITIVE | Research_Files=BUILD_START_1776_AMERICAS_CARIBBEAN_RESEARCH.csv;BUILD_START_1776_AMERICAS_CARIBBEAN_RESEARCH.md | CURRENT_SOURCE=common/history/buildings/06_central_america.txt:common/history/buildings/06_central_america.txt:986
CUB,STATE_WESTERN_CUBA,building_rice_farm,1,0,REMOVE,COVERED_OWNER_STATE_WITH_NO_FINAL_HISTORICAL_TARGET_FOR_THIS_BUILDING,NO,NO,COVERAGE_COMPLETE,Coverage_Status=COVERED_POSITIVE | Research_Files=BUILD_START_1776_AMERICAS_CARIBBEAN_RESEARCH.csv;BUILD_START_1776_AMERICAS_CARIBBEAN_RESEARCH.md | CURRENT_SOURCE=common/history/buildings/06_central_america.txt:common/history/buildings/06_central_america.txt:905
DAH,STATE_DAHOMEY,building_fishing_wharf,1,0,REMOVE,COVERED_OWNER_STATE_WITH_NO_FINAL_HISTORICAL_TARGET_FOR_THIS_BUILDING,NO,NO,COVERAGE_COMPLETE,Coverage_Status=COVERED_POSITIVE | Research_Files=BUILD_START_1776_SUPPLEMENTAL_OWNER_STATE_COVERAGE_CORRIGE.csv; BUILD_START_1776_SUPPLEMENTAL_RESEARCH_CORRIGE.csv | CURRENT_SOURCE=common/history/buildings/04_subsaharan_africa.txt:common/history/buildings/04_subsaharan_africa.txt:681
DAH,STATE_DAHOMEY,building_millet_farm,1,0,REMOVE,COVERED_OWNER_STATE_WITH_NO_FINAL_HISTORICAL_TARGET_FOR_THIS_BUILDING,NO,NO,COVERAGE_COMPLETE,Coverage_Status=COVERED_POSITIVE | Research_Files=BUILD_START_1776_SUPPLEMENTAL_OWNER_STATE_COVERAGE_CORRIGE.csv; BUILD_START_1776_SUPPLEMENTAL_RESEARCH_CORRIGE.csv | CURRENT_SOURCE=common/history/buildings/04_subsaharan_africa.txt:common/history/buildings/04_subsaharan_africa.txt:668
DAI,STATE_ANNAM,building_barrack,20,0,REMOVE,COVERED_OWNER_STATE_WITH_NO_FINAL_HISTORICAL_TARGET_FOR_THIS_BUILDING,NO,NO,COVERAGE_COMPLETE,Coverage_Status=COVERED_POSITIVE | Research_Files=BUILD_START_1776_EAST_ASIA_SE_ASIA_RESEARCH.md;BUILD_START_1776_EAST_ASIA_SE_ASIA_RESEARCH_MATRIX.csv | CURRENT_SOURCE=common/history/buildings/11_east_asia.txt:common/history/buildings/11_east_asia.txt:2256
DAI,STATE_ANNAM,building_fishing_wharf,1,0,REMOVE,COVERED_OWNER_STATE_WITH_NO_FINAL_HISTORICAL_TARGET_FOR_THIS_BUILDING,NO,NO,COVERAGE_COMPLETE,Coverage_Status=COVERED_POSITIVE | Research_Files=BUILD_START_1776_EAST_ASIA_SE_ASIA_RESEARCH.md;BUILD_START_1776_EAST_ASIA_SE_ASIA_RESEARCH_MATRIX.csv | CURRENT_SOURCE=common/history/buildings/11_east_asia.txt:common/history/buildings/11_east_asia.txt:2230
DAI,STATE_ANNAM,building_livestock_ranch,3,0,REMOVE,COVERED_OWNER_STATE_WITH_NO_FINAL_HISTORICAL_TARGET_FOR_THIS_BUILDING,NO,NO,COVERAGE_COMPLETE,Coverage_Status=COVERED_POSITIVE | Research_Files=BUILD_START_1776_EAST_ASIA_SE_ASIA_RESEARCH.md;BUILD_START_1776_EAST_ASIA_SE_ASIA_RESEARCH_MATRIX.csv | CURRENT_SOURCE=common/history/buildings/11_east_asia.txt:common/history/buildings/11_east_asia.txt:2243
DAI,STATE_MEKONG,building_barrack,15,0,REMOVE,COVERED_OWNER_STATE_WITH_NO_FINAL_HISTORICAL_TARGET_FOR_THIS_BUILDING,NO,NO,COVERAGE_COMPLETE,Coverage_Status=COVERED_POSITIVE | Research_Files=BUILD_START_1776_EAST_ASIA_SE_ASIA_RESEARCH_MATRIX.csv | CURRENT_SOURCE=common/history/buildings/11_east_asia.txt:common/history/buildings/11_east_asia.txt:2321
DAI,STATE_MEKONG,building_fishing_wharf,1,0,REMOVE,COVERED_OWNER_STATE_WITH_NO_FINAL_HISTORICAL_TARGET_FOR_THIS_BUILDING,NO,NO,COVERAGE_COMPLETE,Coverage_Status=COVERED_POSITIVE | Research_Files=BUILD_START_1776_EAST_ASIA_SE_ASIA_RESEARCH_MATRIX.csv | CURRENT_SOURCE=common/history/buildings/11_east_asia.txt:common/history/buildings/11_east_asia.txt:2308
DAI,STATE_MEKONG,building_port,1,0,REMOVE,COVERED_OWNER_STATE_WITH_NO_FINAL_HISTORICAL_TARGET_FOR_THIS_BUILDING,NO,NO,COVERAGE_COMPLETE,Coverage_Status=COVERED_POSITIVE | Research_Files=BUILD_START_1776_EAST_ASIA_SE_ASIA_RESEARCH_MATRIX.csv | CURRENT_SOURCE=common/history/buildings/11_east_asia.txt:common/history/buildings/11_east_asia.txt:2332
DAI,STATE_MEKONG,building_trade_center,1,0,REMOVE,COVERED_OWNER_STATE_WITH_NO_FINAL_HISTORICAL_TARGET_FOR_THIS_BUILDING,NO,NO,COVERAGE_COMPLETE,Coverage_Status=COVERED_POSITIVE | Research_Files=BUILD_START_1776_EAST_ASIA_SE_ASIA_RESEARCH_MATRIX.csv | CURRENT_SOURCE=common/history/buildings/11_east_asia.txt:common/history/buildings/11_east_asia.txt:2282
DAI,STATE_TONKIN,building_barrack,20,0,REMOVE,COVERED_OWNER_STATE_WITH_NO_FINAL_HISTORICAL_TARGET_FOR_THIS_BUILDING,NO,NO,COVERAGE_COMPLETE,Coverage_Status=COVERED_POSITIVE | Research_Files=BUILD_START_1776_EAST_ASIA_SE_ASIA_RESEARCH.md;BUILD_START_1776_EAST_ASIA_SE_ASIA_RESEARCH_MATRIX.csv | CURRENT_SOURCE=common/history/buildings/11_east_asia.txt:common/history/buildings/11_east_asia.txt:2215
DAI,STATE_TONKIN,building_opium_plantation,2,0,REMOVE,COVERED_OWNER_STATE_WITH_NO_FINAL_HISTORICAL_TARGET_FOR_THIS_BUILDING,NO,NO,COVERAGE_COMPLETE,Coverage_Status=COVERED_POSITIVE | Research_Files=BUILD_START_1776_EAST_ASIA_SE_ASIA_RESEARCH.md;BUILD_START_1776_EAST_ASIA_SE_ASIA_RESEARCH_MATRIX.csv | CURRENT_SOURCE=common/history/buildings/11_east_asia.txt:common/history/buildings/11_east_asia.txt:2189
DAI,STATE_TONKIN,building_rice_farm,1,0,REMOVE,COVERED_OWNER_STATE_WITH_NO_FINAL_HISTORICAL_TARGET_FOR_THIS_BUILDING,NO,NO,COVERAGE_COMPLETE,Coverage_Status=COVERED_POSITIVE | Research_Files=BUILD_START_1776_EAST_ASIA_SE_ASIA_RESEARCH.md;BUILD_START_1776_EAST_ASIA_SE_ASIA_RESEARCH_MATRIX.csv | CURRENT_SOURCE=common/history/buildings/11_east_asia.txt:common/history/buildings/11_east_asia.txt:2176
DAI,STATE_TONKIN,building_tea_plantation,2,0,REMOVE,COVERED_OWNER_STATE_WITH_NO_FINAL_HISTORICAL_TARGET_FOR_THIS_BUILDING,NO,NO,COVERAGE_COMPLETE,Coverage_Status=COVERED_POSITIVE | Research_Files=BUILD_START_1776_EAST_ASIA_SE_ASIA_RESEARCH.md;BUILD_START_1776_EAST_ASIA_SE_ASIA_RESEARCH_MATRIX.csv | CURRENT_SOURCE=common/history/buildings/11_east_asia.txt:common/history/buildings/11_east_asia.txt:2202
DEI,STATE_CAPE_COLONY,building_fishing_wharf,1,0,REMOVE,COVERED_OWNER_STATE_WITH_NO_FINAL_HISTORICAL_TARGET_FOR_THIS_BUILDING,NO,NO,COVERAGE_COMPLETE,Coverage_Status=COVERED_POSITIVE | Research_Files=BUILD_START_1776_SUPPLEMENTAL_OWNER_STATE_COVERAGE_CORRIGE.csv; BUILD_START_1776_SUPPLEMENTAL_RESEARCH_CORRIGE.csv | CURRENT_SOURCE=common/history/buildings/04_subsaharan_africa.txt:common/history/buildings/04_subsaharan_africa.txt:1925
DEI,STATE_CAPE_COLONY,building_port,1,0,REMOVE,COVERED_OWNER_STATE_WITH_NO_FINAL_HISTORICAL_TARGET_FOR_THIS_BUILDING,NO,NO,COVERAGE_COMPLETE,Coverage_Status=COVERED_POSITIVE | Research_Files=BUILD_START_1776_SUPPLEMENTAL_OWNER_STATE_COVERAGE_CORRIGE.csv; BUILD_START_1776_SUPPLEMENTAL_RESEARCH_CORRIGE.csv | CURRENT_SOURCE=common/history/buildings/04_subsaharan_africa.txt:common/history/buildings/04_subsaharan_africa.txt:1938
DEI,STATE_CELEBES,building_tea_plantation,1,0,REMOVE,COVERED_OWNER_STATE_WITH_NO_FINAL_HISTORICAL_TARGET_FOR_THIS_BUILDING,NO,NO,COVERAGE_COMPLETE,Coverage_Status=COVERED_POSITIVE | Research_Files=BUILD_START_1776_EAST_ASIA_SE_ASIA_RESEARCH.md;BUILD_START_1776_EAST_ASIA_SE_ASIA_RESEARCH_MATRIX.csv | CURRENT_SOURCE=common/history/buildings/12_indonesia.txt:common/history/buildings/12_indonesia.txt:977
DEI,STATE_CENTRAL_JAVA,building_government_administration,1,0,REMOVE,COVERED_OWNER_STATE_WITH_NO_FINAL_HISTORICAL_TARGET_FOR_THIS_BUILDING,NO,NO,COVERAGE_COMPLETE,Coverage_Status=COVERED_POSITIVE | Research_Files=BUILD_START_1776_EAST_ASIA_SE_ASIA_RESEARCH_MATRIX.csv | CURRENT_SOURCE=common/history/buildings/12_indonesia.txt:common/history/buildings/12_indonesia.txt:583
DEI,STATE_CENTRAL_JAVA,building_logging_camp,1,0,REMOVE,COVERED_OWNER_STATE_WITH_NO_FINAL_HISTORICAL_TARGET_FOR_THIS_BUILDING,NO,NO,COVERAGE_COMPLETE,Coverage_Status=COVERED_POSITIVE | Research_Files=BUILD_START_1776_EAST_ASIA_SE_ASIA_RESEARCH_MATRIX.csv | CURRENT_SOURCE=common/history/buildings/12_indonesia.txt:common/history/buildings/12_indonesia.txt:613
DEI,STATE_CENTRAL_JAVA,building_spice_plantation,2,0,REMOVE,COVERED_OWNER_STATE_WITH_NO_FINAL_HISTORICAL_TARGET_FOR_THIS_BUILDING,NO,NO,COVERAGE_COMPLETE,Coverage_Status=COVERED_POSITIVE | Research_Files=BUILD_START_1776_EAST_ASIA_SE_ASIA_RESEARCH_MATRIX.csv | CURRENT_SOURCE=common/history/buildings/99_tech6a3_spice_plantations.txt:common/history/buildings/99_tech6a3_spice_plantations.txt:94
DEI,STATE_CENTRAL_JAVA,building_tea_plantation,1,0,REMOVE,COVERED_OWNER_STATE_WITH_NO_FINAL_HISTORICAL_TARGET_FOR_THIS_BUILDING,NO,NO,COVERAGE_COMPLETE,Coverage_Status=COVERED_POSITIVE | Research_Files=BUILD_START_1776_EAST_ASIA_SE_ASIA_RESEARCH_MATRIX.csv | CURRENT_SOURCE=common/history/buildings/12_indonesia.txt:common/history/buildings/12_indonesia.txt:638
DEI,STATE_CENTRAL_JAVA,building_tobacco_plantation,1,0,REMOVE,COVERED_OWNER_STATE_WITH_NO_FINAL_HISTORICAL_TARGET_FOR_THIS_BUILDING,NO,NO,COVERAGE_COMPLETE,Coverage_Status=COVERED_POSITIVE | Research_Files=BUILD_START_1776_EAST_ASIA_SE_ASIA_RESEARCH_MATRIX.csv | CURRENT_SOURCE=common/history/buildings/12_indonesia.txt:common/history/buildings/12_indonesia.txt:626
DEI,STATE_CEYLON,building_coffee_plantation,2,0,REMOVE,COVERED_OWNER_STATE_WITH_NO_FINAL_HISTORICAL_TARGET_FOR_THIS_BUILDING,NO,NO,COVERAGE_COMPLETE,Coverage_Status=COVERED_POSITIVE | Research_Files=BUILD_START_1776_SOUTH_ASIA_RESEARCH.csv;BUILD_START_1776_SOUTH_ASIA_RESEARCH.md | CURRENT_SOURCE=common/history/buildings/10_india.txt:common/history/buildings/10_india.txt:1429
DEI,STATE_CEYLON,building_fishing_wharf,2,0,REMOVE,COVERED_OWNER_STATE_WITH_NO_FINAL_HISTORICAL_TARGET_FOR_THIS_BUILDING,NO,NO,COVERAGE_COMPLETE,Coverage_Status=COVERED_POSITIVE | Research_Files=BUILD_START_1776_SOUTH_ASIA_RESEARCH.csv;BUILD_START_1776_SOUTH_ASIA_RESEARCH.md | CURRENT_SOURCE=common/history/buildings/10_india.txt:common/history/buildings/10_india.txt:1393
DEI,STATE_CEYLON,building_tea_plantation,1,0,REMOVE,COVERED_OWNER_STATE_WITH_NO_FINAL_HISTORICAL_TARGET_FOR_THIS_BUILDING,NO,NO,COVERAGE_COMPLETE,Coverage_Status=COVERED_POSITIVE | Research_Files=BUILD_START_1776_SOUTH_ASIA_RESEARCH.csv;BUILD_START_1776_SOUTH_ASIA_RESEARCH.md | CURRENT_SOURCE=common/history/buildings/10_india.txt:common/history/buildings/10_india.txt:1406
DEI,STATE_EASTERN_CAPE,building_wheat_farm,1,0,REMOVE,COVERED_OWNER_STATE_WITH_NO_FINAL_HISTORICAL_TARGET_FOR_THIS_BUILDING,NO,NO,COVERAGE_COMPLETE,Coverage_Status=COVERED_POSITIVE | Research_Files=BUILD_START_1776_SUPPLEMENTAL_OWNER_STATE_COVERAGE_CORRIGE.csv; BUILD_START_1776_SUPPLEMENTAL_RESEARCH_CORRIGE.csv | CURRENT_SOURCE=common/history/buildings/04_subsaharan_africa.txt:common/history/buildings/04_subsaharan_africa.txt:1867
DEI,STATE_EAST_JAVA,building_coffee_plantation,1,0,REMOVE,COVERED_OWNER_STATE_WITH_NO_FINAL_HISTORICAL_TARGET_FOR_THIS_BUILDING,NO,NO,COVERAGE_COMPLETE,Coverage_Status=COVERED_POSITIVE | Research_Files=BUILD_START_1776_EAST_ASIA_SE_ASIA_RESEARCH_MATRIX.csv | CURRENT_SOURCE=common/history/buildings/12_indonesia.txt:common/history/buildings/12_indonesia.txt:529
DEI,STATE_EAST_JAVA,building_dye_plantation,1,0,REMOVE,COVERED_OWNER_STATE_WITH_NO_FINAL_HISTORICAL_TARGET_FOR_THIS_BUILDING,NO,NO,COVERAGE_COMPLETE,Coverage_Status=COVERED_POSITIVE | Research_Files=BUILD_START_1776_EAST_ASIA_SE_ASIA_RESEARCH_MATRIX.csv | CURRENT_SOURCE=common/history/buildings/12_indonesia.txt:common/history/buildings/12_indonesia.txt:554
DEI,STATE_EAST_JAVA,building_government_administration,3,0,REMOVE,COVERED_OWNER_STATE_WITH_NO_FINAL_HISTORICAL_TARGET_FOR_THIS_BUILDING,NO,NO,COVERAGE_COMPLETE,Coverage_Status=COVERED_POSITIVE | Research_Files=BUILD_START_1776_EAST_ASIA_SE_ASIA_RESEARCH_MATRIX.csv | CURRENT_SOURCE=common/history/buildings/12_indonesia.txt:common/history/buildings/12_indonesia.txt:462
DEI,STATE_EAST_JAVA,building_logging_camp,1,0,REMOVE,COVERED_OWNER_STATE_WITH_NO_FINAL_HISTORICAL_TARGET_FOR_THIS_BUILDING,NO,NO,COVERAGE_COMPLETE,Coverage_Status=COVERED_POSITIVE | Research_Files=BUILD_START_1776_EAST_ASIA_SE_ASIA_RESEARCH_MATRIX.csv | CURRENT_SOURCE=common/history/buildings/12_indonesia.txt:common/history/buildings/12_indonesia.txt:498
DEI,STATE_EAST_JAVA,building_rice_farm,8,0,REMOVE,COVERED_OWNER_STATE_WITH_NO_FINAL_HISTORICAL_TARGET_FOR_THIS_BUILDING,NO,NO,COVERAGE_COMPLETE,Coverage_Status=COVERED_POSITIVE | Research_Files=BUILD_START_1776_EAST_ASIA_SE_ASIA_RESEARCH_MATRIX.csv | CURRENT_SOURCE=common/history/buildings/12_indonesia.txt:common/history/buildings/12_indonesia.txt:473
DEI,STATE_EAST_JAVA,building_spice_plantation,2,0,REMOVE,COVERED_OWNER_STATE_WITH_NO_FINAL_HISTORICAL_TARGET_FOR_THIS_BUILDING,NO,NO,COVERAGE_COMPLETE,Coverage_Status=COVERED_POSITIVE | Research_Files=BUILD_START_1776_EAST_ASIA_SE_ASIA_RESEARCH_MATRIX.csv | CURRENT_SOURCE=common/history/buildings/99_tech6a3_spice_plantations.txt:common/history/buildings/99_tech6a3_spice_plantations.txt:104
DEI,STATE_EAST_JAVA,building_tea_plantation,1,0,REMOVE,COVERED_OWNER_STATE_WITH_NO_FINAL_HISTORICAL_TARGET_FOR_THIS_BUILDING,NO,NO,COVERAGE_COMPLETE,Coverage_Status=COVERED_POSITIVE | Research_Files=BUILD_START_1776_EAST_ASIA_SE_ASIA_RESEARCH_MATRIX.csv | CURRENT_SOURCE=common/history/buildings/12_indonesia.txt:common/history/buildings/12_indonesia.txt:542
DEI,STATE_EAST_JAVA,building_tobacco_plantation,4,0,REMOVE,COVERED_OWNER_STATE_WITH_NO_FINAL_HISTORICAL_TARGET_FOR_THIS_BUILDING,NO,NO,COVERAGE_COMPLETE,Coverage_Status=COVERED_POSITIVE | Research_Files=BUILD_START_1776_EAST_ASIA_SE_ASIA_RESEARCH_MATRIX.csv | CURRENT_SOURCE=common/history/buildings/12_indonesia.txt:common/history/buildings/12_indonesia.txt:511
DEI,STATE_MOLUCCAS,building_dye_plantation,2,0,REMOVE,COVERED_OWNER_STATE_WITH_NO_FINAL_HISTORICAL_TARGET_FOR_THIS_BUILDING,NO,NO,COVERAGE_COMPLETE,Coverage_Status=COVERED_POSITIVE | Research_Files=BUILD_START_1776_EAST_ASIA_SE_ASIA_RESEARCH.md;BUILD_START_1776_EAST_ASIA_SE_ASIA_RESEARCH_MATRIX.csv | CURRENT_SOURCE=common/history/buildings/12_indonesia.txt:common/history/buildings/12_indonesia.txt:884
DEI,STATE_MOLUCCAS,building_tea_plantation,1,0,REMOVE,COVERED_OWNER_STATE_WITH_NO_FINAL_HISTORICAL_TARGET_FOR_THIS_BUILDING,NO,NO,COVERAGE_COMPLETE,Coverage_Status=COVERED_POSITIVE | Research_Files=BUILD_START_1776_EAST_ASIA_SE_ASIA_RESEARCH.md;BUILD_START_1776_EAST_ASIA_SE_ASIA_RESEARCH_MATRIX.csv | CURRENT_SOURCE=common/history/buildings/12_indonesia.txt:common/history/buildings/12_indonesia.txt:871
DEI,STATE_SUNDA_ISLANDS,building_port,1,0,REMOVE,COVERED_OWNER_STATE_WITH_NO_FINAL_HISTORICAL_TARGET_FOR_THIS_BUILDING,NO,NO,COVERAGE_COMPLETE,Coverage_Status=COVERED_ZERO_POSITIVE | Research_Files=BUILD_START_1776_EAST_ASIA_SE_ASIA_RESEARCH.md | CURRENT_SOURCE=common/history/buildings/12_indonesia.txt:common/history/buildings/12_indonesia.txt:1082
DEI,STATE_SUNDA_ISLANDS,building_tobacco_plantation,3,0,REMOVE,COVERED_OWNER_STATE_WITH_NO_FINAL_HISTORICAL_TARGET_FOR_THIS_BUILDING,NO,NO,COVERAGE_COMPLETE,Coverage_Status=COVERED_ZERO_POSITIVE | Research_Files=BUILD_START_1776_EAST_ASIA_SE_ASIA_RESEARCH.md | CURRENT_SOURCE=common/history/buildings/12_indonesia.txt:common/history/buildings/12_indonesia.txt:1069
DEI,STATE_WEST_JAVA,building_construction_sector,2,0,REMOVE,COVERED_OWNER_STATE_WITH_NO_FINAL_HISTORICAL_TARGET_FOR_THIS_BUILDING,NO,NO,COVERAGE_COMPLETE,Coverage_Status=COVERED_POSITIVE | Research_Files=BUILD_START_1776_EAST_ASIA_SE_ASIA_RESEARCH.md;BUILD_START_1776_EAST_ASIA_SE_ASIA_RESEARCH_MATRIX.csv | CURRENT_SOURCE=common/history/buildings/12_indonesia.txt:common/history/buildings/12_indonesia.txt:313
DEI,STATE_WEST_JAVA,building_cotton_plantation,1,0,REMOVE,COVERED_OWNER_STATE_WITH_NO_FINAL_HISTORICAL_TARGET_FOR_THIS_BUILDING,NO,NO,COVERAGE_COMPLETE,Coverage_Status=COVERED_POSITIVE | Research_Files=BUILD_START_1776_EAST_ASIA_SE_ASIA_RESEARCH.md;BUILD_START_1776_EAST_ASIA_SE_ASIA_RESEARCH_MATRIX.csv | CURRENT_SOURCE=common/history/buildings/12_indonesia.txt:common/history/buildings/12_indonesia.txt:412
DEI,STATE_WEST_JAVA,building_dye_plantation,1,0,REMOVE,COVERED_OWNER_STATE_WITH_NO_FINAL_HISTORICAL_TARGET_FOR_THIS_BUILDING,NO,NO,COVERAGE_COMPLETE,Coverage_Status=COVERED_POSITIVE | Research_Files=BUILD_START_1776_EAST_ASIA_SE_ASIA_RESEARCH.md;BUILD_START_1776_EAST_ASIA_SE_ASIA_RESEARCH_MATRIX.csv | CURRENT_SOURCE=common/history/buildings/12_indonesia.txt:common/history/buildings/12_indonesia.txt:399
DEI,STATE_WEST_JAVA,building_logging_camp,3,0,REMOVE,COVERED_OWNER_STATE_WITH_NO_FINAL_HISTORICAL_TARGET_FOR_THIS_BUILDING,NO,NO,COVERAGE_COMPLETE,Coverage_Status=COVERED_POSITIVE | Research_Files=BUILD_START_1776_EAST_ASIA_SE_ASIA_RESEARCH.md;BUILD_START_1776_EAST_ASIA_SE_ASIA_RESEARCH_MATRIX.csv | CURRENT_SOURCE=common/history/buildings/12_indonesia.txt:common/history/buildings/12_indonesia.txt:324
DEI,STATE_WEST_JAVA,building_rice_farm,17,0,REMOVE,COVERED_OWNER_STATE_WITH_NO_FINAL_HISTORICAL_TARGET_FOR_THIS_BUILDING,NO,NO,COVERAGE_COMPLETE,Coverage_Status=COVERED_POSITIVE | Research_Files=BUILD_START_1776_EAST_ASIA_SE_ASIA_RESEARCH.md;BUILD_START_1776_EAST_ASIA_SE_ASIA_RESEARCH_MATRIX.csv | CURRENT_SOURCE=common/history/buildings/12_indonesia.txt:common/history/buildings/12_indonesia.txt:337
DEI,STATE_WEST_JAVA,building_spice_plantation,4,0,REMOVE,COVERED_OWNER_STATE_WITH_NO_FINAL_HISTORICAL_TARGET_FOR_THIS_BUILDING,NO,NO,COVERAGE_COMPLETE,Coverage_Status=COVERED_POSITIVE | Research_Files=BUILD_START_1776_EAST_ASIA_SE_ASIA_RESEARCH.md;BUILD_START_1776_EAST_ASIA_SE_ASIA_RESEARCH_MATRIX.csv | CURRENT_SOURCE=common/history/buildings/99_tech6a3_spice_plantations.txt:common/history/buildings/99_tech6a3_spice_plantations.txt:84
DEI,STATE_WEST_JAVA,building_tobacco_plantation,5,0,REMOVE,COVERED_OWNER_STATE_WITH_NO_FINAL_HISTORICAL_TARGET_FOR_THIS_BUILDING,NO,NO,COVERAGE_COMPLETE,Coverage_Status=COVERED_POSITIVE | Research_Files=BUILD_START_1776_EAST_ASIA_SE_ASIA_RESEARCH.md;BUILD_START_1776_EAST_ASIA_SE_ASIA_RESEARCH_MATRIX.csv | CURRENT_SOURCE=common/history/buildings/12_indonesia.txt:common/history/buildings/12_indonesia.txt:368
DENNOR,STATE_EASTERN_NORWAY,building_fishing_wharf,2,0,REMOVE,COVERED_OWNER_STATE_WITH_NO_FINAL_HISTORICAL_TARGET_FOR_THIS_BUILDING,NO,NO,COVERAGE_COMPLETE,Coverage_Status=COVERED_POSITIVE | Research_Files=BUILD_START_1776_NORTHERN_EASTERN_EUROPE_RECOMMENDATIONS.csv;BUILD_START_1776_NORTHERN_EASTERN_EUROPE_RESEARCH.md | CURRENT_SOURCE=common/history/buildings/00_west_europe.txt:common/history/buildings/00_west_europe.txt:849
DENNOR,STATE_EASTERN_NORWAY,building_iron_mine,3,0,REMOVE,COVERED_OWNER_STATE_WITH_NO_FINAL_HISTORICAL_TARGET_FOR_THIS_BUILDING,NO,NO,COVERAGE_COMPLETE,Coverage_Status=COVERED_POSITIVE | Research_Files=BUILD_START_1776_NORTHERN_EASTERN_EUROPE_RECOMMENDATIONS.csv;BUILD_START_1776_NORTHERN_EASTERN_EUROPE_RESEARCH.md | CURRENT_SOURCE=common/history/buildings/00_west_europe.txt:common/history/buildings/00_west_europe.txt:886
DENNOR,STATE_EASTERN_NORWAY,building_livestock_ranch,2,0,REMOVE,COVERED_OWNER_STATE_WITH_NO_FINAL_HISTORICAL_TARGET_FOR_THIS_BUILDING,NO,NO,COVERAGE_COMPLETE,Coverage_Status=COVERED_POSITIVE | Research_Files=BUILD_START_1776_NORTHERN_EASTERN_EUROPE_RECOMMENDATIONS.csv;BUILD_START_1776_NORTHERN_EASTERN_EUROPE_RESEARCH.md | CURRENT_SOURCE=common/history/buildings/00_west_europe.txt:common/history/buildings/00_west_europe.txt:862
DENNOR,STATE_EASTERN_NORWAY,building_rye_farm,1,0,REMOVE,COVERED_OWNER_STATE_WITH_NO_FINAL_HISTORICAL_TARGET_FOR_THIS_BUILDING,NO,NO,COVERAGE_COMPLETE,Coverage_Status=COVERED_POSITIVE | Research_Files=BUILD_START_1776_NORTHERN_EASTERN_EUROPE_RECOMMENDATIONS.csv;BUILD_START_1776_NORTHERN_EASTERN_EUROPE_RESEARCH.md | CURRENT_SOURCE=common/history/buildings/00_west_europe.txt:common/history/buildings/00_west_europe.txt:836
DENNOR,STATE_EASTERN_NORWAY,building_shipyard,1,0,REMOVE,COVERED_OWNER_STATE_WITH_NO_FINAL_HISTORICAL_TARGET_FOR_THIS_BUILDING,NO,NO,COVERAGE_COMPLETE,Coverage_Status=COVERED_POSITIVE | Research_Files=BUILD_START_1776_NORTHERN_EASTERN_EUROPE_RECOMMENDATIONS.csv;BUILD_START_1776_NORTHERN_EASTERN_EUROPE_RESEARCH.md | CURRENT_SOURCE=common/history/buildings/00_west_europe.txt:common/history/buildings/00_west_europe.txt:804
DENNOR,STATE_EASTERN_NORWAY,building_trade_center,1,0,REMOVE,COVERED_OWNER_STATE_WITH_NO_FINAL_HISTORICAL_TARGET_FOR_THIS_BUILDING,NO,NO,COVERAGE_COMPLETE,Coverage_Status=COVERED_POSITIVE | Research_Files=BUILD_START_1776_NORTHERN_EASTERN_EUROPE_RECOMMENDATIONS.csv;BUILD_START_1776_NORTHERN_EASTERN_EUROPE_RESEARCH.md | CURRENT_SOURCE=common/history/buildings/00_west_europe.txt:common/history/buildings/00_west_europe.txt:793
DENNOR,STATE_GOLD_COAST,building_port,1,0,REMOVE,COVERED_OWNER_STATE_WITH_NO_FINAL_HISTORICAL_TARGET_FOR_THIS_BUILDING,NO,NO,COVERAGE_COMPLETE,Coverage_Status=COVERED_POSITIVE | Research_Files=BUILD_START_1776_SUPPLEMENTAL_OWNER_STATE_COVERAGE_CORRIGE.csv; BUILD_START_1776_SUPPLEMENTAL_RESEARCH_CORRIGE.csv | CURRENT_SOURCE=common/history/buildings/04_subsaharan_africa.txt:common/history/buildings/04_subsaharan_africa.txt:632
DENNOR,STATE_GREENLAND,building_port,1,0,REMOVE,COVERED_OWNER_STATE_WITH_NO_FINAL_HISTORICAL_TARGET_FOR_THIS_BUILDING,NO,NO,COVERAGE_COMPLETE,Coverage_Status=COVERED_POSITIVE | Research_Files=BUILD_START_1776_SUPPLEMENTAL_OWNER_STATE_COVERAGE_CORRIGE.csv; BUILD_START_1776_SUPPLEMENTAL_RESEARCH_CORRIGE.csv | CURRENT_SOURCE=common/history/buildings/00_west_europe.txt:common/history/buildings/00_west_europe.txt:931
DENNOR,STATE_GREENLAND,building_whaling_station,1,0,REMOVE,COVERED_OWNER_STATE_WITH_NO_FINAL_HISTORICAL_TARGET_FOR_THIS_BUILDING,NO,NO,COVERAGE_COMPLETE,Coverage_Status=COVERED_POSITIVE | Research_Files=BUILD_START_1776_SUPPLEMENTAL_OWNER_STATE_COVERAGE_CORRIGE.csv; BUILD_START_1776_SUPPLEMENTAL_RESEARCH_CORRIGE.csv | CURRENT_SOURCE=common/history/buildings/00_west_europe.txt:common/history/buildings/00_west_europe.txt:942
DENNOR,STATE_JUTLAND,building_port,1,0,REMOVE,COVERED_OWNER_STATE_WITH_NO_FINAL_HISTORICAL_TARGET_FOR_THIS_BUILDING,NO,NO,COVERAGE_COMPLETE,Coverage_Status=COVERED_POSITIVE | Research_Files=BUILD_START_1776_NORTHERN_EASTERN_EUROPE_RECOMMENDATIONS.csv | CURRENT_SOURCE=common/history/buildings/00_west_europe.txt:common/history/buildings/00_west_europe.txt:489
DENNOR,STATE_MADRAS,building_port,1,0,REMOVE,COVERED_OWNER_STATE_WITH_NO_FINAL_HISTORICAL_TARGET_FOR_THIS_BUILDING,NO,NO,COVERAGE_COMPLETE,Coverage_Status=COVERED_POSITIVE | Research_Files=BUILD_START_1776_SOUTH_ASIA_RESEARCH.csv;BUILD_START_1776_SOUTH_ASIA_RESEARCH.md | CURRENT_SOURCE=common/history/buildings/10_india.txt:common/history/buildings/10_india.txt:1869
DENNOR,STATE_NORTHERN_NORWAY,building_government_administration,1,0,REMOVE,COVERED_OWNER_STATE_WITH_NO_FINAL_HISTORICAL_TARGET_FOR_THIS_BUILDING,NO,NO,COVERAGE_COMPLETE,Coverage_Status=COVERED_POSITIVE | Research_Files=BUILD_START_1776_NORTHERN_EASTERN_EUROPE_RECOMMENDATIONS.csv;BUILD_START_1776_NORTHERN_EASTERN_EUROPE_RESEARCH.md | CURRENT_SOURCE=common/history/buildings/00_west_europe.txt:common/history/buildings/00_west_europe.txt:767
DENNOR,STATE_NORTHERN_NORWAY,building_trade_center,2,0,REMOVE,COVERED_OWNER_STATE_WITH_NO_FINAL_HISTORICAL_TARGET_FOR_THIS_BUILDING,NO,NO,COVERAGE_COMPLETE,Coverage_Status=COVERED_POSITIVE | Research_Files=BUILD_START_1776_NORTHERN_EASTERN_EUROPE_RECOMMENDATIONS.csv;BUILD_START_1776_NORTHERN_EASTERN_EUROPE_RESEARCH.md | CURRENT_SOURCE=common/history/buildings/00_west_europe.txt:common/history/buildings/00_west_europe.txt:743
DENNOR,STATE_PEGU,building_port,1,0,REMOVE,COVERED_OWNER_STATE_WITH_NO_FINAL_HISTORICAL_TARGET_FOR_THIS_BUILDING,NO,NO,COVERAGE_COMPLETE,Coverage_Status=COVERED_ZERO_POSITIVE | Research_Files=BUILD_START_1776_SUPPLEMENTAL_OWNER_STATE_COVERAGE_CORRIGE.csv | CURRENT_SOURCE=common/history/buildings/11_east_asia.txt:common/history/buildings/11_east_asia.txt:2586
DENNOR,STATE_WESTERN_NORWAY,building_livestock_ranch,1,0,REMOVE,COVERED_OWNER_STATE_WITH_NO_FINAL_HISTORICAL_TARGET_FOR_THIS_BUILDING,NO,NO,COVERAGE_COMPLETE,Coverage_Status=COVERED_POSITIVE | Research_Files=BUILD_START_1776_NORTHERN_EASTERN_EUROPE_RECOMMENDATIONS.csv;BUILD_START_1776_NORTHERN_EASTERN_EUROPE_RESEARCH.md | CURRENT_SOURCE=common/history/buildings/00_west_europe.txt:common/history/buildings/00_west_europe.txt:702
DENNOR,STATE_WESTERN_NORWAY,building_logging_camp,1,0,REMOVE,COVERED_OWNER_STATE_WITH_NO_FINAL_HISTORICAL_TARGET_FOR_THIS_BUILDING,NO,NO,COVERAGE_COMPLETE,Coverage_Status=COVERED_POSITIVE | Research_Files=BUILD_START_1776_NORTHERN_EASTERN_EUROPE_RECOMMENDATIONS.csv;BUILD_START_1776_NORTHERN_EASTERN_EUROPE_RESEARCH.md | CURRENT_SOURCE=common/history/buildings/00_west_europe.txt:common/history/buildings/00_west_europe.txt:715
DENNOR,STATE_ZEALAND,building_construction_sector,1,0,REMOVE,COVERED_OWNER_STATE_WITH_NO_FINAL_HISTORICAL_TARGET_FOR_THIS_BUILDING,NO,NO,COVERAGE_COMPLETE,Coverage_Status=COVERED_POSITIVE | Research_Files=BUILD_START_1776_NORTHERN_EASTERN_EUROPE_RECOMMENDATIONS.csv;BUILD_START_1776_NORTHERN_EASTERN_EUROPE_RESEARCH.md | CURRENT_SOURCE=common/history/buildings/00_west_europe.txt:common/history/buildings/00_west_europe.txt:526
DENNOR,STATE_ZEALAND,building_fishing_wharf,2,0,REMOVE,COVERED_OWNER_STATE_WITH_NO_FINAL_HISTORICAL_TARGET_FOR_THIS_BUILDING,NO,NO,COVERAGE_COMPLETE,Coverage_Status=COVERED_POSITIVE | Research_Files=BUILD_START_1776_NORTHERN_EASTERN_EUROPE_RECOMMENDATIONS.csv;BUILD_START_1776_NORTHERN_EASTERN_EUROPE_RESEARCH.md | CURRENT_SOURCE=common/history/buildings/00_west_europe.txt:common/history/buildings/00_west_europe.txt:600
DENNOR,STATE_ZEALAND,building_livestock_ranch,3,0,REMOVE,COVERED_OWNER_STATE_WITH_NO_FINAL_HISTORICAL_TARGET_FOR_THIS_BUILDING,NO,NO,COVERAGE_COMPLETE,Coverage_Status=COVERED_POSITIVE | Research_Files=BUILD_START_1776_NORTHERN_EASTERN_EUROPE_RECOMMENDATIONS.csv;BUILD_START_1776_NORTHERN_EASTERN_EUROPE_RESEARCH.md | CURRENT_SOURCE=common/history/buildings/00_west_europe.txt:common/history/buildings/00_west_europe.txt:587
DENNOR,STATE_ZEALAND,building_logging_camp,2,0,REMOVE,COVERED_OWNER_STATE_WITH_NO_FINAL_HISTORICAL_TARGET_FOR_THIS_BUILDING,NO,NO,COVERAGE_COMPLETE,Coverage_Status=COVERED_POSITIVE | Research_Files=BUILD_START_1776_NORTHERN_EASTERN_EUROPE_RECOMMENDATIONS.csv;BUILD_START_1776_NORTHERN_EASTERN_EUROPE_RESEARCH.md | CURRENT_SOURCE=common/history/buildings/00_west_europe.txt:common/history/buildings/00_west_europe.txt:635
DENNOR,STATE_ZEALAND,building_rye_farm,4,0,REMOVE,COVERED_OWNER_STATE_WITH_NO_FINAL_HISTORICAL_TARGET_FOR_THIS_BUILDING,NO,NO,COVERAGE_COMPLETE,Coverage_Status=COVERED_POSITIVE | Research_Files=BUILD_START_1776_NORTHERN_EASTERN_EUROPE_RECOMMENDATIONS.csv;BUILD_START_1776_NORTHERN_EASTERN_EUROPE_RESEARCH.md | CURRENT_SOURCE=common/history/buildings/00_west_europe.txt:common/history/buildings/00_west_europe.txt:574
DENNOR,STATE_ZEALAND,building_tooling_workshop,1,0,REMOVE,COVERED_OWNER_STATE_WITH_NO_FINAL_HISTORICAL_TARGET_FOR_THIS_BUILDING,NO,NO,COVERAGE_COMPLETE,Coverage_Status=COVERED_POSITIVE | Research_Files=BUILD_START_1776_NORTHERN_EASTERN_EUROPE_RECOMMENDATIONS.csv;BUILD_START_1776_NORTHERN_EASTERN_EUROPE_RESEARCH.md | CURRENT_SOURCE=common/history/buildings/00_west_europe.txt:common/history/buildings/00_west_europe.txt:648
DUR,STATE_BALKH,building_government_administration,5,0,REMOVE,COVERED_OWNER_STATE_WITH_NO_FINAL_HISTORICAL_TARGET_FOR_THIS_BUILDING,NO,NO,COVERAGE_COMPLETE,Coverage_Status=COVERED_POSITIVE | Research_Files=BUILD_START_1776_R3_OWNER_STATE_COVERAGE.csv;BUILD_START_1776_R3_RECOMMENDATIONS.csv | CURRENT_SOURCE=common/history/buildings/09_central_asia.txt:common/history/buildings/09_central_asia.txt:554
DUR,STATE_BALUCHISTAN,building_fishing_wharf,1,0,REMOVE,COVERED_OWNER_STATE_WITH_NO_FINAL_HISTORICAL_TARGET_FOR_THIS_BUILDING,NO,NO,COVERAGE_COMPLETE,Coverage_Status=COVERED_POSITIVE | Research_Files=BUILD_START_1776_R3_OWNER_STATE_COVERAGE.csv;BUILD_START_1776_R3_RECOMMENDATIONS.csv | CURRENT_SOURCE=common/history/buildings/09_central_asia.txt:common/history/buildings/09_central_asia.txt:766
DUR,STATE_BALUCHISTAN,building_government_administration,10,0,REMOVE,COVERED_OWNER_STATE_WITH_NO_FINAL_HISTORICAL_TARGET_FOR_THIS_BUILDING,NO,NO,COVERAGE_COMPLETE,Coverage_Status=COVERED_POSITIVE | Research_Files=BUILD_START_1776_R3_OWNER_STATE_COVERAGE.csv;BUILD_START_1776_R3_RECOMMENDATIONS.csv | CURRENT_SOURCE=common/history/buildings/09_central_asia.txt:common/history/buildings/09_central_asia.txt:755
DUR,STATE_BALUCHISTAN,building_wheat_farm,1,0,REMOVE,COVERED_OWNER_STATE_WITH_NO_FINAL_HISTORICAL_TARGET_FOR_THIS_BUILDING,NO,NO,COVERAGE_COMPLETE,Coverage_Status=COVERED_POSITIVE | Research_Files=BUILD_START_1776_R3_OWNER_STATE_COVERAGE.csv;BUILD_START_1776_R3_RECOMMENDATIONS.csv | CURRENT_SOURCE=common/history/buildings/09_central_asia.txt:common/history/buildings/09_central_asia.txt:742
DUR,STATE_HERAT,building_government_administration,10,0,REMOVE,COVERED_OWNER_STATE_WITH_NO_FINAL_HISTORICAL_TARGET_FOR_THIS_BUILDING,NO,NO,COVERAGE_COMPLETE,Coverage_Status=COVERED_POSITIVE | Research_Files=BUILD_START_1776_R3_OWNER_STATE_COVERAGE.csv;BUILD_START_1776_R3_RECOMMENDATIONS.csv | CURRENT_SOURCE=common/history/buildings/09_central_asia.txt:common/history/buildings/09_central_asia.txt:595
DUR,STATE_HERAT,building_livestock_ranch,2,0,REMOVE,COVERED_OWNER_STATE_WITH_NO_FINAL_HISTORICAL_TARGET_FOR_THIS_BUILDING,NO,NO,COVERAGE_COMPLETE,Coverage_Status=COVERED_POSITIVE | Research_Files=BUILD_START_1776_R3_OWNER_STATE_COVERAGE.csv;BUILD_START_1776_R3_RECOMMENDATIONS.csv | CURRENT_SOURCE=common/history/buildings/09_central_asia.txt:common/history/buildings/09_central_asia.txt:632
DUR,STATE_HERAT,building_opium_plantation,1,0,REMOVE,COVERED_OWNER_STATE_WITH_NO_FINAL_HISTORICAL_TARGET_FOR_THIS_BUILDING,NO,NO,COVERAGE_COMPLETE,Coverage_Status=COVERED_POSITIVE | Research_Files=BUILD_START_1776_R3_OWNER_STATE_COVERAGE.csv;BUILD_START_1776_R3_RECOMMENDATIONS.csv | CURRENT_SOURCE=common/history/buildings/09_central_asia.txt:common/history/buildings/09_central_asia.txt:619
DUR,STATE_HILL_PUNJAB,building_furniture_manufactory,1,0,REMOVE,COVERED_OWNER_STATE_WITH_NO_FINAL_HISTORICAL_TARGET_FOR_THIS_BUILDING,NO,NO,COVERAGE_COMPLETE,Coverage_Status=COVERED_ZERO_POSITIVE | Research_Files=BUILD_START_1776_SUPPLEMENTAL_OWNER_STATE_COVERAGE_CORRIGE.csv | CURRENT_SOURCE=common/history/buildings/10_india.txt:common/history/buildings/10_india.txt:1186
DUR,STATE_HILL_PUNJAB,building_government_administration,5,0,REMOVE,COVERED_OWNER_STATE_WITH_NO_FINAL_HISTORICAL_TARGET_FOR_THIS_BUILDING,NO,NO,COVERAGE_COMPLETE,Coverage_Status=COVERED_ZERO_POSITIVE | Research_Files=BUILD_START_1776_SUPPLEMENTAL_OWNER_STATE_COVERAGE_CORRIGE.csv | CURRENT_SOURCE=common/history/buildings/10_india.txt:common/history/buildings/10_india.txt:1175
DUR,STATE_HILL_PUNJAB,building_iron_mine,2,0,REMOVE,COVERED_OWNER_STATE_WITH_NO_FINAL_HISTORICAL_TARGET_FOR_THIS_BUILDING,NO,NO,COVERAGE_COMPLETE,Coverage_Status=COVERED_ZERO_POSITIVE | Research_Files=BUILD_START_1776_SUPPLEMENTAL_OWNER_STATE_COVERAGE_CORRIGE.csv | CURRENT_SOURCE=common/history/buildings/10_india.txt:common/history/buildings/10_india.txt:1225
DUR,STATE_HILL_PUNJAB,building_livestock_ranch,1,0,REMOVE,COVERED_OWNER_STATE_WITH_NO_FINAL_HISTORICAL_TARGET_FOR_THIS_BUILDING,NO,NO,COVERAGE_COMPLETE,Coverage_Status=COVERED_ZERO_POSITIVE | Research_Files=BUILD_START_1776_SUPPLEMENTAL_OWNER_STATE_COVERAGE_CORRIGE.csv | CURRENT_SOURCE=common/history/buildings/10_india.txt:common/history/buildings/10_india.txt:1212
DUR,STATE_HILL_PUNJAB,building_silk_plantation,1,0,REMOVE,COVERED_OWNER_STATE_WITH_NO_FINAL_HISTORICAL_TARGET_FOR_THIS_BUILDING,NO,NO,COVERAGE_COMPLETE,Coverage_Status=COVERED_ZERO_POSITIVE | Research_Files=BUILD_START_1776_SUPPLEMENTAL_OWNER_STATE_COVERAGE_CORRIGE.csv | CURRENT_SOURCE=common/history/buildings/10_india.txt:common/history/buildings/10_india.txt:1199
DUR,STATE_KABUL,building_furniture_manufactory,1,0,REMOVE,COVERED_OWNER_STATE_WITH_NO_FINAL_HISTORICAL_TARGET_FOR_THIS_BUILDING,NO,NO,COVERAGE_COMPLETE,Coverage_Status=COVERED_POSITIVE | Research_Files=BUILD_START_1776_R3_OWNER_STATE_COVERAGE.csv;BUILD_START_1776_R3_RECOMMENDATIONS.csv | CURRENT_SOURCE=common/history/buildings/09_central_asia.txt:common/history/buildings/09_central_asia.txt:673
DUR,STATE_KABUL,building_livestock_ranch,2,0,REMOVE,COVERED_OWNER_STATE_WITH_NO_FINAL_HISTORICAL_TARGET_FOR_THIS_BUILDING,NO,NO,COVERAGE_COMPLETE,Coverage_Status=COVERED_POSITIVE | Research_Files=BUILD_START_1776_R3_OWNER_STATE_COVERAGE.csv;BUILD_START_1776_R3_RECOMMENDATIONS.csv | CURRENT_SOURCE=common/history/buildings/09_central_asia.txt:common/history/buildings/09_central_asia.txt:712
DUR,STATE_KABUL,building_logging_camp,1,0,REMOVE,COVERED_OWNER_STATE_WITH_NO_FINAL_HISTORICAL_TARGET_FOR_THIS_BUILDING,NO,NO,COVERAGE_COMPLETE,Coverage_Status=COVERED_POSITIVE | Research_Files=BUILD_START_1776_R3_OWNER_STATE_COVERAGE.csv;BUILD_START_1776_R3_RECOMMENDATIONS.csv | CURRENT_SOURCE=common/history/buildings/09_central_asia.txt:common/history/buildings/09_central_asia.txt:686
DUR,STATE_KABUL,building_opium_plantation,1,0,REMOVE,COVERED_OWNER_STATE_WITH_NO_FINAL_HISTORICAL_TARGET_FOR_THIS_BUILDING,NO,NO,COVERAGE_COMPLETE,Coverage_Status=COVERED_POSITIVE | Research_Files=BUILD_START_1776_R3_OWNER_STATE_COVERAGE.csv;BUILD_START_1776_R3_RECOMMENDATIONS.csv | CURRENT_SOURCE=common/history/buildings/09_central_asia.txt:common/history/buildings/09_central_asia.txt:725
DUR,STATE_KABUL,building_tea_plantation,2,0,REMOVE,COVERED_OWNER_STATE_WITH_NO_FINAL_HISTORICAL_TARGET_FOR_THIS_BUILDING,NO,NO,COVERAGE_COMPLETE,Coverage_Status=COVERED_POSITIVE | Research_Files=BUILD_START_1776_R3_OWNER_STATE_COVERAGE.csv;BUILD_START_1776_R3_RECOMMENDATIONS.csv | CURRENT_SOURCE=common/history/buildings/09_central_asia.txt:common/history/buildings/09_central_asia.txt:699
DUR,STATE_KANDAHAR,building_livestock_ranch,2,0,REMOVE,COVERED_OWNER_STATE_WITH_NO_FINAL_HISTORICAL_TARGET_FOR_THIS_BUILDING,NO,NO,COVERAGE_COMPLETE,Coverage_Status=COVERED_POSITIVE | Research_Files=BUILD_START_1776_R3_OWNER_STATE_COVERAGE.csv;BUILD_START_1776_R3_RECOMMENDATIONS.csv | CURRENT_SOURCE=common/history/buildings/09_central_asia.txt:common/history/buildings/09_central_asia.txt:524
DUR,STATE_KANDAHAR,building_opium_plantation,1,0,REMOVE,COVERED_OWNER_STATE_WITH_NO_FINAL_HISTORICAL_TARGET_FOR_THIS_BUILDING,NO,NO,COVERAGE_COMPLETE,Coverage_Status=COVERED_POSITIVE | Research_Files=BUILD_START_1776_R3_OWNER_STATE_COVERAGE.csv;BUILD_START_1776_R3_RECOMMENDATIONS.csv | CURRENT_SOURCE=common/history/buildings/09_central_asia.txt:common/history/buildings/09_central_asia.txt:500
DUR,STATE_KASHMIR,building_government_administration,1,0,REMOVE,COVERED_OWNER_STATE_WITH_NO_FINAL_HISTORICAL_TARGET_FOR_THIS_BUILDING,NO,NO,COVERAGE_COMPLETE,Coverage_Status=COVERED_POSITIVE | Research_Files=BUILD_START_1776_SUPPLEMENTAL_OWNER_STATE_COVERAGE_CORRIGE.csv; BUILD_START_1776_SUPPLEMENTAL_RESEARCH_CORRIGE.csv | CURRENT_SOURCE=common/history/buildings/10_india.txt:common/history/buildings/10_india.txt:978
DUR,STATE_KASHMIR,building_livestock_ranch,1,0,REMOVE,COVERED_OWNER_STATE_WITH_NO_FINAL_HISTORICAL_TARGET_FOR_THIS_BUILDING,NO,NO,COVERAGE_COMPLETE,Coverage_Status=COVERED_POSITIVE | Research_Files=BUILD_START_1776_SUPPLEMENTAL_OWNER_STATE_COVERAGE_CORRIGE.csv; BUILD_START_1776_SUPPLEMENTAL_RESEARCH_CORRIGE.csv | CURRENT_SOURCE=common/history/buildings/10_india.txt:common/history/buildings/10_india.txt:965
DUR,STATE_PASHTUNISTAN,building_government_administration,1,0,REMOVE,COVERED_OWNER_STATE_WITH_NO_FINAL_HISTORICAL_TARGET_FOR_THIS_BUILDING,NO,NO,COVERAGE_COMPLETE,Coverage_Status=COVERED_POSITIVE | Research_Files=BUILD_START_1776_R3_OWNER_STATE_COVERAGE.csv;BUILD_START_1776_R3_RECOMMENDATIONS.csv | CURRENT_SOURCE=common/history/buildings/09_central_asia.txt:common/history/buildings/09_central_asia.txt:446
DUR,STATE_PASHTUNISTAN,building_opium_plantation,2,0,REMOVE,COVERED_OWNER_STATE_WITH_NO_FINAL_HISTORICAL_TARGET_FOR_THIS_BUILDING,NO,NO,COVERAGE_COMPLETE,Coverage_Status=COVERED_POSITIVE | Research_Files=BUILD_START_1776_R3_OWNER_STATE_COVERAGE.csv;BUILD_START_1776_R3_RECOMMENDATIONS.csv | CURRENT_SOURCE=common/history/buildings/09_central_asia.txt:common/history/buildings/09_central_asia.txt:433
DUR,STATE_PASHTUNISTAN,building_wheat_farm,11,0,REMOVE,COVERED_OWNER_STATE_WITH_NO_FINAL_HISTORICAL_TARGET_FOR_THIS_BUILDING,NO,NO,COVERAGE_COMPLETE,Coverage_Status=COVERED_POSITIVE | Research_Files=BUILD_START_1776_R3_OWNER_STATE_COVERAGE.csv;BUILD_START_1776_R3_RECOMMENDATIONS.csv | CURRENT_SOURCE=common/history/buildings/09_central_asia.txt:common/history/buildings/09_central_asia.txt:420
DUR,STATE_PUNJAB,building_livestock_ranch,1,0,REMOVE,COVERED_OWNER_STATE_WITH_NO_FINAL_HISTORICAL_TARGET_FOR_THIS_BUILDING,NO,NO,COVERAGE_COMPLETE,Coverage_Status=COVERED_POSITIVE | Research_Files=BUILD_START_1776_SUPPLEMENTAL_OWNER_STATE_COVERAGE_CORRIGE.csv; BUILD_START_1776_SUPPLEMENTAL_RESEARCH_CORRIGE.csv | CURRENT_SOURCE=common/history/buildings/10_india.txt:common/history/buildings/10_india.txt:1158
DUR,STATE_SISTAN,building_dye_plantation,1,0,REMOVE,COVERED_OWNER_STATE_WITH_NO_FINAL_HISTORICAL_TARGET_FOR_THIS_BUILDING,NO,NO,COVERAGE_COMPLETE,Coverage_Status=COVERED_POSITIVE | Research_Files=BUILD_START_1776_R3_OWNER_STATE_COVERAGE.csv;BUILD_START_1776_R3_RECOMMENDATIONS.csv | CURRENT_SOURCE=common/history/buildings/08_middle_east.txt:common/history/buildings/08_middle_east.txt:645
ETH,STATE_AMHARA,building_government_administration,3,0,REMOVE,COVERED_OWNER_STATE_WITH_NO_FINAL_HISTORICAL_TARGET_FOR_THIS_BUILDING,NO,NO,COVERAGE_COMPLETE,Coverage_Status=COVERED_ZERO_POSITIVE | Research_Files=BUILD_START_1776_SUPPLEMENTAL_OWNER_STATE_COVERAGE_CORRIGE.csv | CURRENT_SOURCE=common/history/buildings/04_subsaharan_africa.txt:common/history/buildings/04_subsaharan_africa.txt:963
ETH,STATE_AMHARA,building_livestock_ranch,1,0,REMOVE,COVERED_OWNER_STATE_WITH_NO_FINAL_HISTORICAL_TARGET_FOR_THIS_BUILDING,NO,NO,COVERAGE_COMPLETE,Coverage_Status=COVERED_ZERO_POSITIVE | Research_Files=BUILD_START_1776_SUPPLEMENTAL_OWNER_STATE_COVERAGE_CORRIGE.csv | CURRENT_SOURCE=common/history/buildings/04_subsaharan_africa.txt:common/history/buildings/04_subsaharan_africa.txt:974
ETH,STATE_AMHARA,building_logging_camp,1,0,REMOVE,COVERED_OWNER_STATE_WITH_NO_FINAL_HISTORICAL_TARGET_FOR_THIS_BUILDING,NO,NO,COVERAGE_COMPLETE,Coverage_Status=COVERED_ZERO_POSITIVE | Research_Files=BUILD_START_1776_SUPPLEMENTAL_OWNER_STATE_COVERAGE_CORRIGE.csv | CURRENT_SOURCE=common/history/buildings/04_subsaharan_africa.txt:common/history/buildings/04_subsaharan_africa.txt:987
ETH,STATE_AMHARA,building_millet_farm,1,0,REMOVE,COVERED_OWNER_STATE_WITH_NO_FINAL_HISTORICAL_TARGET_FOR_THIS_BUILDING,NO,NO,COVERAGE_COMPLETE,Coverage_Status=COVERED_ZERO_POSITIVE | Research_Files=BUILD_START_1776_SUPPLEMENTAL_OWNER_STATE_COVERAGE_CORRIGE.csv | CURRENT_SOURCE=common/history/buildings/04_subsaharan_africa.txt:common/history/buildings/04_subsaharan_africa.txt:1000
ETH,STATE_ERITREA,building_fishing_wharf,1,0,REMOVE,COVERED_OWNER_STATE_WITH_NO_FINAL_HISTORICAL_TARGET_FOR_THIS_BUILDING,NO,NO,COVERAGE_COMPLETE,Coverage_Status=COVERED_POSITIVE | Research_Files=BUILD_START_1776_R3_OWNER_STATE_COVERAGE.csv;BUILD_START_1776_R3_RECOMMENDATIONS.csv | CURRENT_SOURCE=common/history/buildings/03_north_africa.txt:common/history/buildings/03_north_africa.txt:178
ETH,STATE_GONDER,building_livestock_ranch,2,0,REMOVE,COVERED_OWNER_STATE_WITH_NO_FINAL_HISTORICAL_TARGET_FOR_THIS_BUILDING,NO,NO,COVERAGE_COMPLETE,Coverage_Status=COVERED_POSITIVE | Research_Files=BUILD_START_1776_SUPPLEMENTAL_OWNER_STATE_COVERAGE_CORRIGE.csv; BUILD_START_1776_SUPPLEMENTAL_RESEARCH_CORRIGE.csv | CURRENT_SOURCE=common/history/buildings/04_subsaharan_africa.txt:common/history/buildings/04_subsaharan_africa.txt:1041
ETH,STATE_GONDER,building_millet_farm,1,0,REMOVE,COVERED_OWNER_STATE_WITH_NO_FINAL_HISTORICAL_TARGET_FOR_THIS_BUILDING,NO,NO,COVERAGE_COMPLETE,Coverage_Status=COVERED_POSITIVE | Research_Files=BUILD_START_1776_SUPPLEMENTAL_OWNER_STATE_COVERAGE_CORRIGE.csv; BUILD_START_1776_SUPPLEMENTAL_RESEARCH_CORRIGE.csv | CURRENT_SOURCE=common/history/buildings/04_subsaharan_africa.txt:common/history/buildings/04_subsaharan_africa.txt:1028
ETH,STATE_GONDER,building_tobacco_plantation,1,0,REMOVE,COVERED_OWNER_STATE_WITH_NO_FINAL_HISTORICAL_TARGET_FOR_THIS_BUILDING,NO,NO,COVERAGE_COMPLETE,Coverage_Status=COVERED_POSITIVE | Research_Files=BUILD_START_1776_SUPPLEMENTAL_OWNER_STATE_COVERAGE_CORRIGE.csv; BUILD_START_1776_SUPPLEMENTAL_RESEARCH_CORRIGE.csv | CURRENT_SOURCE=common/history/buildings/04_subsaharan_africa.txt:common/history/buildings/04_subsaharan_africa.txt:1054
ETH,STATE_OROMIA,building_government_administration,3,0,REMOVE,COVERED_OWNER_STATE_WITH_NO_FINAL_HISTORICAL_TARGET_FOR_THIS_BUILDING,NO,NO,COVERAGE_COMPLETE,Coverage_Status=COVERED_ZERO_POSITIVE | Research_Files=BUILD_START_1776_SUPPLEMENTAL_OWNER_STATE_COVERAGE_CORRIGE.csv | CURRENT_SOURCE=common/history/buildings/04_subsaharan_africa.txt:common/history/buildings/04_subsaharan_africa.txt:911
ETH,STATE_OROMIA,building_livestock_ranch,1,0,REMOVE,COVERED_OWNER_STATE_WITH_NO_FINAL_HISTORICAL_TARGET_FOR_THIS_BUILDING,NO,NO,COVERAGE_COMPLETE,Coverage_Status=COVERED_ZERO_POSITIVE | Research_Files=BUILD_START_1776_SUPPLEMENTAL_OWNER_STATE_COVERAGE_CORRIGE.csv | CURRENT_SOURCE=common/history/buildings/04_subsaharan_africa.txt:common/history/buildings/04_subsaharan_africa.txt:946
ETH,STATE_OROMIA,building_millet_farm,1,0,REMOVE,COVERED_OWNER_STATE_WITH_NO_FINAL_HISTORICAL_TARGET_FOR_THIS_BUILDING,NO,NO,COVERAGE_COMPLETE,Coverage_Status=COVERED_ZERO_POSITIVE | Research_Files=BUILD_START_1776_SUPPLEMENTAL_OWNER_STATE_COVERAGE_CORRIGE.csv | CURRENT_SOURCE=common/history/buildings/04_subsaharan_africa.txt:common/history/buildings/04_subsaharan_africa.txt:922
ETH,STATE_OROMIA,building_trade_center,1,0,REMOVE,COVERED_OWNER_STATE_WITH_NO_FINAL_HISTORICAL_TARGET_FOR_THIS_BUILDING,NO,NO,COVERAGE_COMPLETE,Coverage_Status=COVERED_ZERO_POSITIVE | Research_Files=BUILD_START_1776_SUPPLEMENTAL_OWNER_STATE_COVERAGE_CORRIGE.csv | CURRENT_SOURCE=common/history/buildings/04_subsaharan_africa.txt:common/history/buildings/04_subsaharan_africa.txt:935
FRA,STATE_ALSACE_LORRAINE,building_arms_industry,4,0,REMOVE,COVERED_OWNER_STATE_WITH_NO_FINAL_HISTORICAL_TARGET_FOR_THIS_BUILDING,NO,NO,COVERAGE_COMPLETE,Coverage_Status=COVERED_POSITIVE | Research_Files=BUILD_START_1776_WESTERN_EUROPE_RESEARCH.csv;BUILD_START_1776_WESTERN_EUROPE_RESEARCH.md | CURRENT_SOURCE=common/history/buildings/00_west_europe.txt:common/history/buildings/00_west_europe.txt:3100
FRA,STATE_ALSACE_LORRAINE,building_logging_camp,5,0,REMOVE,COVERED_OWNER_STATE_WITH_NO_FINAL_HISTORICAL_TARGET_FOR_THIS_BUILDING,NO,NO,COVERAGE_COMPLETE,Coverage_Status=COVERED_POSITIVE | Research_Files=BUILD_START_1776_WESTERN_EUROPE_RESEARCH.csv;BUILD_START_1776_WESTERN_EUROPE_RESEARCH.md | CURRENT_SOURCE=common/history/buildings/00_west_europe.txt:common/history/buildings/00_west_europe.txt:3130
FRA,STATE_ALSACE_LORRAINE,building_steel_mill,2,0,REMOVE,COVERED_OWNER_STATE_WITH_NO_FINAL_HISTORICAL_TARGET_FOR_THIS_BUILDING,NO,NO,COVERAGE_COMPLETE,Coverage_Status=COVERED_POSITIVE | Research_Files=BUILD_START_1776_WESTERN_EUROPE_RESEARCH.csv;BUILD_START_1776_WESTERN_EUROPE_RESEARCH.md | CURRENT_SOURCE=common/history/buildings/00_west_europe.txt:common/history/buildings/00_west_europe.txt:3087
FRA,STATE_ALSACE_LORRAINE,building_trade_center,1,0,REMOVE,COVERED_OWNER_STATE_WITH_NO_FINAL_HISTORICAL_TARGET_FOR_THIS_BUILDING,NO,NO,COVERAGE_COMPLETE,Coverage_Status=COVERED_POSITIVE | Research_Files=BUILD_START_1776_WESTERN_EUROPE_RESEARCH.csv;BUILD_START_1776_WESTERN_EUROPE_RESEARCH.md | CURRENT_SOURCE=common/history/buildings/00_west_europe.txt:common/history/buildings/00_west_europe.txt:3061
FRA,STATE_ALSACE_LORRAINE,building_vineyard,1,0,REMOVE,COVERED_OWNER_STATE_WITH_NO_FINAL_HISTORICAL_TARGET_FOR_THIS_BUILDING,NO,NO,COVERAGE_COMPLETE,Coverage_Status=COVERED_POSITIVE | Research_Files=BUILD_START_1776_WESTERN_EUROPE_RESEARCH.csv;BUILD_START_1776_WESTERN_EUROPE_RESEARCH.md | CURRENT_SOURCE=common/history/buildings/00_west_europe.txt:common/history/buildings/00_west_europe.txt:3074
FRA,STATE_ALSACE_LORRAINE,building_wheat_farm,5,0,REMOVE,COVERED_OWNER_STATE_WITH_NO_FINAL_HISTORICAL_TARGET_FOR_THIS_BUILDING,NO,NO,COVERAGE_COMPLETE,Coverage_Status=COVERED_POSITIVE | Research_Files=BUILD_START_1776_WESTERN_EUROPE_RESEARCH.csv;BUILD_START_1776_WESTERN_EUROPE_RESEARCH.md | CURRENT_SOURCE=common/history/buildings/00_west_europe.txt:common/history/buildings/00_west_europe.txt:3143
FRA,STATE_AQUITAINE,building_fishing_wharf,2,0,REMOVE,COVERED_OWNER_STATE_WITH_NO_FINAL_HISTORICAL_TARGET_FOR_THIS_BUILDING,NO,NO,COVERAGE_COMPLETE,Coverage_Status=COVERED_POSITIVE | Research_Files=BUILD_START_1776_WESTERN_EUROPE_RESEARCH.csv;BUILD_START_1776_WESTERN_EUROPE_RESEARCH.md | CURRENT_SOURCE=common/history/buildings/00_west_europe.txt:common/history/buildings/00_west_europe.txt:3966
FRA,STATE_AQUITAINE,building_logging_camp,3,0,REMOVE,COVERED_OWNER_STATE_WITH_NO_FINAL_HISTORICAL_TARGET_FOR_THIS_BUILDING,NO,NO,COVERAGE_COMPLETE,Coverage_Status=COVERED_POSITIVE | Research_Files=BUILD_START_1776_WESTERN_EUROPE_RESEARCH.csv;BUILD_START_1776_WESTERN_EUROPE_RESEARCH.md | CURRENT_SOURCE=common/history/buildings/00_west_europe.txt:common/history/buildings/00_west_europe.txt:3947
FRA,STATE_AQUITAINE,building_wheat_farm,6,0,REMOVE,COVERED_OWNER_STATE_WITH_NO_FINAL_HISTORICAL_TARGET_FOR_THIS_BUILDING,NO,NO,COVERAGE_COMPLETE,Coverage_Status=COVERED_POSITIVE | Research_Files=BUILD_START_1776_WESTERN_EUROPE_RESEARCH.csv;BUILD_START_1776_WESTERN_EUROPE_RESEARCH.md | CURRENT_SOURCE=common/history/buildings/00_west_europe.txt:common/history/buildings/00_west_europe.txt:3979
FRA,STATE_AUVERGNE_LIMOUSIN,building_furniture_manufactory,5,0,REMOVE,COVERED_OWNER_STATE_WITH_NO_FINAL_HISTORICAL_TARGET_FOR_THIS_BUILDING,NO,NO,COVERAGE_COMPLETE,Coverage_Status=COVERED_POSITIVE | Research_Files=BUILD_START_1776_WESTERN_EUROPE_RESEARCH.csv;BUILD_START_1776_WESTERN_EUROPE_RESEARCH.md | CURRENT_SOURCE=common/history/buildings/00_west_europe.txt:common/history/buildings/00_west_europe.txt:3368
FRA,STATE_AUVERGNE_LIMOUSIN,building_government_administration,3,0,REMOVE,COVERED_OWNER_STATE_WITH_NO_FINAL_HISTORICAL_TARGET_FOR_THIS_BUILDING,NO,NO,COVERAGE_COMPLETE,Coverage_Status=COVERED_POSITIVE | Research_Files=BUILD_START_1776_WESTERN_EUROPE_RESEARCH.csv;BUILD_START_1776_WESTERN_EUROPE_RESEARCH.md | CURRENT_SOURCE=common/history/buildings/00_west_europe.txt:common/history/buildings/00_west_europe.txt:3327
FRA,STATE_AUVERGNE_LIMOUSIN,building_vineyard,1,0,REMOVE,COVERED_OWNER_STATE_WITH_NO_FINAL_HISTORICAL_TARGET_FOR_THIS_BUILDING,NO,NO,COVERAGE_COMPLETE,Coverage_Status=COVERED_POSITIVE | Research_Files=BUILD_START_1776_WESTERN_EUROPE_RESEARCH.csv;BUILD_START_1776_WESTERN_EUROPE_RESEARCH.md | CURRENT_SOURCE=common/history/buildings/00_west_europe.txt:common/history/buildings/00_west_europe.txt:3338
FRA,STATE_AUVERGNE_LIMOUSIN,building_wheat_farm,10,0,REMOVE,COVERED_OWNER_STATE_WITH_NO_FINAL_HISTORICAL_TARGET_FOR_THIS_BUILDING,NO,NO,COVERAGE_COMPLETE,Coverage_Status=COVERED_POSITIVE | Research_Files=BUILD_START_1776_WESTERN_EUROPE_RESEARCH.csv;BUILD_START_1776_WESTERN_EUROPE_RESEARCH.md | CURRENT_SOURCE=common/history/buildings/00_west_europe.txt:common/history/buildings/00_west_europe.txt:3406
FRA,STATE_BRITTANY,building_government_administration,5,0,REMOVE,COVERED_OWNER_STATE_WITH_NO_FINAL_HISTORICAL_TARGET_FOR_THIS_BUILDING,NO,NO,COVERAGE_COMPLETE,Coverage_Status=COVERED_POSITIVE | Research_Files=BUILD_START_1776_WESTERN_EUROPE_RESEARCH.csv;BUILD_START_1776_WESTERN_EUROPE_RESEARCH.md | CURRENT_SOURCE=common/history/buildings/00_west_europe.txt:common/history/buildings/00_west_europe.txt:3429
FRA,STATE_BRITTANY,building_livestock_ranch,5,0,REMOVE,COVERED_OWNER_STATE_WITH_NO_FINAL_HISTORICAL_TARGET_FOR_THIS_BUILDING,NO,NO,COVERAGE_COMPLETE,Coverage_Status=COVERED_POSITIVE | Research_Files=BUILD_START_1776_WESTERN_EUROPE_RESEARCH.csv;BUILD_START_1776_WESTERN_EUROPE_RESEARCH.md | CURRENT_SOURCE=common/history/buildings/00_west_europe.txt:common/history/buildings/00_west_europe.txt:3541
FRA,STATE_BRITTANY,building_logging_camp,4,0,REMOVE,COVERED_OWNER_STATE_WITH_NO_FINAL_HISTORICAL_TARGET_FOR_THIS_BUILDING,NO,NO,COVERAGE_COMPLETE,Coverage_Status=COVERED_POSITIVE | Research_Files=BUILD_START_1776_WESTERN_EUROPE_RESEARCH.csv;BUILD_START_1776_WESTERN_EUROPE_RESEARCH.md | CURRENT_SOURCE=common/history/buildings/00_west_europe.txt:common/history/buildings/00_west_europe.txt:3502
FRA,STATE_BRITTANY,building_salt_pan,4,0,REMOVE,COVERED_OWNER_STATE_WITH_NO_FINAL_HISTORICAL_TARGET_FOR_THIS_BUILDING,NO,NO,COVERAGE_COMPLETE,Coverage_Status=COVERED_POSITIVE | Research_Files=BUILD_START_1776_WESTERN_EUROPE_RESEARCH.csv;BUILD_START_1776_WESTERN_EUROPE_RESEARCH.md | CURRENT_SOURCE=common/history/buildings/99_tech6a2_salt_starting_buildings.txt:common/history/buildings/99_tech6a2_salt_starting_buildings.txt:55
FRA,STATE_BRITTANY,building_vineyard,1,0,REMOVE,COVERED_OWNER_STATE_WITH_NO_FINAL_HISTORICAL_TARGET_FOR_THIS_BUILDING,NO,NO,COVERAGE_COMPLETE,Coverage_Status=COVERED_POSITIVE | Research_Files=BUILD_START_1776_WESTERN_EUROPE_RESEARCH.csv;BUILD_START_1776_WESTERN_EUROPE_RESEARCH.md | CURRENT_SOURCE=common/history/buildings/00_west_europe.txt:common/history/buildings/00_west_europe.txt:3440
FRA,STATE_BRITTANY,building_wheat_farm,2,0,REMOVE,COVERED_OWNER_STATE_WITH_NO_FINAL_HISTORICAL_TARGET_FOR_THIS_BUILDING,NO,NO,COVERAGE_COMPLETE,Coverage_Status=COVERED_POSITIVE | Research_Files=BUILD_START_1776_WESTERN_EUROPE_RESEARCH.csv;BUILD_START_1776_WESTERN_EUROPE_RESEARCH.md | CURRENT_SOURCE=common/history/buildings/00_west_europe.txt:common/history/buildings/00_west_europe.txt:3528
FRA,STATE_BURGUNDY,building_logging_camp,2,0,REMOVE,COVERED_OWNER_STATE_WITH_NO_FINAL_HISTORICAL_TARGET_FOR_THIS_BUILDING,NO,NO,COVERAGE_COMPLETE,Coverage_Status=COVERED_POSITIVE | Research_Files=BUILD_START_1776_WESTERN_EUROPE_RESEARCH.csv;BUILD_START_1776_WESTERN_EUROPE_RESEARCH.md | CURRENT_SOURCE=common/history/buildings/00_west_europe.txt:common/history/buildings/00_west_europe.txt:3624
FRA,STATE_BURGUNDY,building_tooling_workshop,4,0,REMOVE,COVERED_OWNER_STATE_WITH_NO_FINAL_HISTORICAL_TARGET_FOR_THIS_BUILDING,NO,NO,COVERAGE_COMPLETE,Coverage_Status=COVERED_POSITIVE | Research_Files=BUILD_START_1776_WESTERN_EUROPE_RESEARCH.csv;BUILD_START_1776_WESTERN_EUROPE_RESEARCH.md | CURRENT_SOURCE=common/history/buildings/00_west_europe.txt:common/history/buildings/00_west_europe.txt:3586
FRA,STATE_BURGUNDY,building_wheat_farm,8,0,REMOVE,COVERED_OWNER_STATE_WITH_NO_FINAL_HISTORICAL_TARGET_FOR_THIS_BUILDING,NO,NO,COVERAGE_COMPLETE,Coverage_Status=COVERED_POSITIVE | Research_Files=BUILD_START_1776_WESTERN_EUROPE_RESEARCH.csv;BUILD_START_1776_WESTERN_EUROPE_RESEARCH.md | CURRENT_SOURCE=common/history/buildings/00_west_europe.txt:common/history/buildings/00_west_europe.txt:3650
FRA,STATE_CHAMPAGNE,building_food_industry,6,0,REMOVE,COVERED_OWNER_STATE_WITH_NO_FINAL_HISTORICAL_TARGET_FOR_THIS_BUILDING,NO,NO,COVERAGE_COMPLETE,Coverage_Status=COVERED_POSITIVE | Research_Files=BUILD_START_1776_WESTERN_EUROPE_RESEARCH.csv;BUILD_START_1776_WESTERN_EUROPE_RESEARCH.md | CURRENT_SOURCE=common/history/buildings/00_west_europe.txt:common/history/buildings/00_west_europe.txt:3673
FRA,STATE_CHAMPAGNE,building_logging_camp,3,0,REMOVE,COVERED_OWNER_STATE_WITH_NO_FINAL_HISTORICAL_TARGET_FOR_THIS_BUILDING,NO,NO,COVERAGE_COMPLETE,Coverage_Status=COVERED_POSITIVE | Research_Files=BUILD_START_1776_WESTERN_EUROPE_RESEARCH.csv;BUILD_START_1776_WESTERN_EUROPE_RESEARCH.md | CURRENT_SOURCE=common/history/buildings/00_west_europe.txt:common/history/buildings/00_west_europe.txt:3705
FRA,STATE_CHAMPAGNE,building_wheat_farm,3,0,REMOVE,COVERED_OWNER_STATE_WITH_NO_FINAL_HISTORICAL_TARGET_FOR_THIS_BUILDING,NO,NO,COVERAGE_COMPLETE,Coverage_Status=COVERED_POSITIVE | Research_Files=BUILD_START_1776_WESTERN_EUROPE_RESEARCH.csv;BUILD_START_1776_WESTERN_EUROPE_RESEARCH.md | CURRENT_SOURCE=common/history/buildings/00_west_europe.txt:common/history/buildings/00_west_europe.txt:3724
FRA,STATE_FRANCHE_COMTE,building_furniture_manufactory,5,0,REMOVE,COVERED_OWNER_STATE_WITH_NO_FINAL_HISTORICAL_TARGET_FOR_THIS_BUILDING,NO,NO,COVERAGE_COMPLETE,Coverage_Status=COVERED_POSITIVE | Research_Files=BUILD_START_1776_WESTERN_EUROPE_RESEARCH.csv;BUILD_START_1776_WESTERN_EUROPE_RESEARCH.md | CURRENT_SOURCE=common/history/buildings/00_west_europe.txt:common/history/buildings/00_west_europe.txt:3773
FRA,STATE_FRANCHE_COMTE,building_trade_center,1,0,REMOVE,COVERED_OWNER_STATE_WITH_NO_FINAL_HISTORICAL_TARGET_FOR_THIS_BUILDING,NO,NO,COVERAGE_COMPLETE,Coverage_Status=COVERED_POSITIVE | Research_Files=BUILD_START_1776_WESTERN_EUROPE_RESEARCH.csv;BUILD_START_1776_WESTERN_EUROPE_RESEARCH.md | CURRENT_SOURCE=common/history/buildings/00_west_europe.txt:common/history/buildings/00_west_europe.txt:3741
FRA,STATE_FRANCHE_COMTE,building_vineyard,2,0,REMOVE,COVERED_OWNER_STATE_WITH_NO_FINAL_HISTORICAL_TARGET_FOR_THIS_BUILDING,NO,NO,COVERAGE_COMPLETE,Coverage_Status=COVERED_POSITIVE | Research_Files=BUILD_START_1776_WESTERN_EUROPE_RESEARCH.csv;BUILD_START_1776_WESTERN_EUROPE_RESEARCH.md | CURRENT_SOURCE=common/history/buildings/00_west_europe.txt:common/history/buildings/00_west_europe.txt:3754
FRA,STATE_FRANCHE_COMTE,building_wheat_farm,1,0,REMOVE,COVERED_OWNER_STATE_WITH_NO_FINAL_HISTORICAL_TARGET_FOR_THIS_BUILDING,NO,NO,COVERAGE_COMPLETE,Coverage_Status=COVERED_POSITIVE | Research_Files=BUILD_START_1776_WESTERN_EUROPE_RESEARCH.csv;BUILD_START_1776_WESTERN_EUROPE_RESEARCH.md | CURRENT_SOURCE=common/history/buildings/00_west_europe.txt:common/history/buildings/00_west_europe.txt:3811
FRA,STATE_FRENCH_LOW_COUNTRIES,building_arms_industry,6,0,REMOVE,COVERED_OWNER_STATE_WITH_NO_FINAL_HISTORICAL_TARGET_FOR_THIS_BUILDING,NO,NO,COVERAGE_COMPLETE,Coverage_Status=COVERED_POSITIVE | Research_Files=BUILD_START_1776_WESTERN_EUROPE_RESEARCH.csv;BUILD_START_1776_WESTERN_EUROPE_RESEARCH.md | CURRENT_SOURCE=common/history/buildings/00_west_europe.txt:common/history/buildings/00_west_europe.txt:2898
FRA,STATE_FRENCH_LOW_COUNTRIES,building_artillery_foundry,2,0,REMOVE,COVERED_OWNER_STATE_WITH_NO_FINAL_HISTORICAL_TARGET_FOR_THIS_BUILDING,NO,NO,COVERAGE_COMPLETE,Coverage_Status=COVERED_POSITIVE | Research_Files=BUILD_START_1776_WESTERN_EUROPE_RESEARCH.csv;BUILD_START_1776_WESTERN_EUROPE_RESEARCH.md | CURRENT_SOURCE=common/history/buildings/00_west_europe.txt:common/history/buildings/00_west_europe.txt:2915
FRA,STATE_FRENCH_LOW_COUNTRIES,building_explosives_factory,1,0,REMOVE,CATALOG_NO_POST_1776_AND_NO_FINAL_HISTORICAL_TARGET,NO,NO,HIGH,Coverage_Status=COVERED_POSITIVE | Research_Files=BUILD_START_1776_WESTERN_EUROPE_RESEARCH.csv;BUILD_START_1776_WESTERN_EUROPE_RESEARCH.md | CURRENT_SOURCE=common/history/buildings/00_west_europe.txt:common/history/buildings/00_west_europe.txt:2995
FRA,STATE_FRENCH_LOW_COUNTRIES,building_livestock_ranch,2,0,REMOVE,COVERED_OWNER_STATE_WITH_NO_FINAL_HISTORICAL_TARGET_FOR_THIS_BUILDING,NO,NO,COVERAGE_COMPLETE,Coverage_Status=COVERED_POSITIVE | Research_Files=BUILD_START_1776_WESTERN_EUROPE_RESEARCH.csv;BUILD_START_1776_WESTERN_EUROPE_RESEARCH.md | CURRENT_SOURCE=common/history/buildings/00_west_europe.txt:common/history/buildings/00_west_europe.txt:2952
FRA,STATE_FRENCH_LOW_COUNTRIES,building_logging_camp,2,0,REMOVE,COVERED_OWNER_STATE_WITH_NO_FINAL_HISTORICAL_TARGET_FOR_THIS_BUILDING,NO,NO,COVERAGE_COMPLETE,Coverage_Status=COVERED_POSITIVE | Research_Files=BUILD_START_1776_WESTERN_EUROPE_RESEARCH.csv;BUILD_START_1776_WESTERN_EUROPE_RESEARCH.md | CURRENT_SOURCE=common/history/buildings/00_west_europe.txt:common/history/buildings/00_west_europe.txt:2926
FRA,STATE_FRENCH_LOW_COUNTRIES,building_wheat_farm,5,0,REMOVE,COVERED_OWNER_STATE_WITH_NO_FINAL_HISTORICAL_TARGET_FOR_THIS_BUILDING,NO,NO,COVERAGE_COMPLETE,Coverage_Status=COVERED_POSITIVE | Research_Files=BUILD_START_1776_WESTERN_EUROPE_RESEARCH.csv;BUILD_START_1776_WESTERN_EUROPE_RESEARCH.md | CURRENT_SOURCE=common/history/buildings/00_west_europe.txt:common/history/buildings/00_west_europe.txt:2939
FRA,STATE_GUYENNE,building_textile_mill,3,0,REMOVE,COVERED_OWNER_STATE_WITH_NO_FINAL_HISTORICAL_TARGET_FOR_THIS_BUILDING,NO,NO,COVERAGE_COMPLETE,Coverage_Status=COVERED_POSITIVE | Research_Files=BUILD_START_1776_WESTERN_EUROPE_RESEARCH.csv;BUILD_START_1776_WESTERN_EUROPE_RESEARCH.md | CURRENT_SOURCE=common/history/buildings/00_west_europe.txt:common/history/buildings/00_west_europe.txt:3259
FRA,STATE_ILE_DE_FRANCE,building_art_academy,2,0,REMOVE,CATALOG_NO_POST_1776_AND_NO_FINAL_HISTORICAL_TARGET,NO,NO,HIGH,Coverage_Status=COVERED_POSITIVE | Research_Files=BUILD_START_1776_WESTERN_EUROPE_RESEARCH.csv;BUILD_START_1776_WESTERN_EUROPE_RESEARCH.md | CURRENT_SOURCE=common/history/buildings/00_west_europe.txt:common/history/buildings/00_west_europe.txt:2238
FRA,STATE_ILE_DE_FRANCE,building_livestock_ranch,4,0,REMOVE,COVERED_OWNER_STATE_WITH_NO_FINAL_HISTORICAL_TARGET_FOR_THIS_BUILDING,NO,NO,COVERAGE_COMPLETE,Coverage_Status=COVERED_POSITIVE | Research_Files=BUILD_START_1776_WESTERN_EUROPE_RESEARCH.csv;BUILD_START_1776_WESTERN_EUROPE_RESEARCH.md | CURRENT_SOURCE=common/history/buildings/00_west_europe.txt:common/history/buildings/00_west_europe.txt:2277
FRA,STATE_ILE_DE_FRANCE,building_vineyard,1,0,REMOVE,COVERED_OWNER_STATE_WITH_NO_FINAL_HISTORICAL_TARGET_FOR_THIS_BUILDING,NO,NO,COVERAGE_COMPLETE,Coverage_Status=COVERED_POSITIVE | Research_Files=BUILD_START_1776_WESTERN_EUROPE_RESEARCH.csv;BUILD_START_1776_WESTERN_EUROPE_RESEARCH.md | CURRENT_SOURCE=common/history/buildings/00_west_europe.txt:common/history/buildings/00_west_europe.txt:2203
FRA,STATE_ILE_DE_FRANCE,building_wheat_farm,5,0,REMOVE,COVERED_OWNER_STATE_WITH_NO_FINAL_HISTORICAL_TARGET_FOR_THIS_BUILDING,NO,NO,COVERAGE_COMPLETE,Coverage_Status=COVERED_POSITIVE | Research_Files=BUILD_START_1776_WESTERN_EUROPE_RESEARCH.csv;BUILD_START_1776_WESTERN_EUROPE_RESEARCH.md | CURRENT_SOURCE=common/history/buildings/00_west_europe.txt:common/history/buildings/00_west_europe.txt:2264
FRA,STATE_INDIAN_OCEAN_TERRITORY,building_port,1,0,REMOVE,COVERED_OWNER_STATE_WITH_NO_FINAL_HISTORICAL_TARGET_FOR_THIS_BUILDING,NO,NO,COVERAGE_COMPLETE,Coverage_Status=COVERED_ZERO_POSITIVE | Research_Files=BUILD_START_1776_SUPPLEMENTAL_OWNER_STATE_COVERAGE_CORRIGE.csv | CURRENT_SOURCE=common/history/buildings/10_india.txt:common/history/buildings/10_india.txt:1512
FRA,STATE_INDIAN_OCEAN_TERRITORY,building_sugar_plantation,2,0,REMOVE,COVERED_OWNER_STATE_WITH_NO_FINAL_HISTORICAL_TARGET_FOR_THIS_BUILDING,NO,NO,COVERAGE_COMPLETE,Coverage_Status=COVERED_ZERO_POSITIVE | Research_Files=BUILD_START_1776_SUPPLEMENTAL_OWNER_STATE_COVERAGE_CORRIGE.csv | CURRENT_SOURCE=common/history/buildings/10_india.txt:common/history/buildings/10_india.txt:1499
FRA,STATE_INDIAN_OCEAN_TERRITORY,building_trade_center,1,0,REMOVE,COVERED_OWNER_STATE_WITH_NO_FINAL_HISTORICAL_TARGET_FOR_THIS_BUILDING,NO,NO,COVERAGE_COMPLETE,Coverage_Status=COVERED_ZERO_POSITIVE | Research_Files=BUILD_START_1776_SUPPLEMENTAL_OWNER_STATE_COVERAGE_CORRIGE.csv | CURRENT_SOURCE=common/history/buildings/10_india.txt:common/history/buildings/10_india.txt:1486
FRA,STATE_IVORY_COAST,building_port,1,0,REMOVE,COVERED_OWNER_STATE_WITH_NO_FINAL_HISTORICAL_TARGET_FOR_THIS_BUILDING,NO,NO,COVERAGE_COMPLETE,Coverage_Status=COVERED_ZERO_POSITIVE | Research_Files=BUILD_START_1776_SUPPLEMENTAL_OWNER_STATE_COVERAGE_CORRIGE.csv | CURRENT_SOURCE=common/history/buildings/04_subsaharan_africa.txt:common/history/buildings/04_subsaharan_africa.txt:4
FRA,STATE_LANGUEDOC,building_fishing_wharf,2,0,REMOVE,COVERED_OWNER_STATE_WITH_NO_FINAL_HISTORICAL_TARGET_FOR_THIS_BUILDING,NO,NO,COVERAGE_COMPLETE,Coverage_Status=COVERED_POSITIVE | Research_Files=BUILD_START_1776_WESTERN_EUROPE_RESEARCH.csv;BUILD_START_1776_WESTERN_EUROPE_RESEARCH.md | CURRENT_SOURCE=common/history/buildings/00_west_europe.txt:common/history/buildings/00_west_europe.txt:2676
FRA,STATE_LANGUEDOC,building_glassworks,4,0,REMOVE,COVERED_OWNER_STATE_WITH_NO_FINAL_HISTORICAL_TARGET_FOR_THIS_BUILDING,NO,NO,COVERAGE_COMPLETE,Coverage_Status=COVERED_POSITIVE | Research_Files=BUILD_START_1776_WESTERN_EUROPE_RESEARCH.csv;BUILD_START_1776_WESTERN_EUROPE_RESEARCH.md | CURRENT_SOURCE=common/history/buildings/00_west_europe.txt:common/history/buildings/00_west_europe.txt:2689
FRA,STATE_LANGUEDOC,building_livestock_ranch,2,0,REMOVE,COVERED_OWNER_STATE_WITH_NO_FINAL_HISTORICAL_TARGET_FOR_THIS_BUILDING,NO,NO,COVERAGE_COMPLETE,Coverage_Status=COVERED_POSITIVE | Research_Files=BUILD_START_1776_WESTERN_EUROPE_RESEARCH.csv;BUILD_START_1776_WESTERN_EUROPE_RESEARCH.md | CURRENT_SOURCE=common/history/buildings/00_west_europe.txt:common/history/buildings/00_west_europe.txt:2721
FRA,STATE_LANGUEDOC,building_salt_pan,3,0,REMOVE,COVERED_OWNER_STATE_WITH_NO_FINAL_HISTORICAL_TARGET_FOR_THIS_BUILDING,NO,NO,COVERAGE_COMPLETE,Coverage_Status=COVERED_POSITIVE | Research_Files=BUILD_START_1776_WESTERN_EUROPE_RESEARCH.csv;BUILD_START_1776_WESTERN_EUROPE_RESEARCH.md | CURRENT_SOURCE=common/history/buildings/99_tech6a2_salt_starting_buildings.txt:common/history/buildings/99_tech6a2_salt_starting_buildings.txt:72
FRA,STATE_LANGUEDOC,building_wheat_farm,7,0,REMOVE,COVERED_OWNER_STATE_WITH_NO_FINAL_HISTORICAL_TARGET_FOR_THIS_BUILDING,NO,NO,COVERAGE_COMPLETE,Coverage_Status=COVERED_POSITIVE | Research_Files=BUILD_START_1776_WESTERN_EUROPE_RESEARCH.csv;BUILD_START_1776_WESTERN_EUROPE_RESEARCH.md | CURRENT_SOURCE=common/history/buildings/00_west_europe.txt:common/history/buildings/00_west_europe.txt:2708
FRA,STATE_LORRAINE,building_vineyard,1,0,REMOVE,COVERED_OWNER_STATE_WITH_NO_FINAL_HISTORICAL_TARGET_FOR_THIS_BUILDING,NO,NO,COVERAGE_COMPLETE,Coverage_Status=COVERED_POSITIVE | Research_Files=BUILD_START_1776_WESTERN_EUROPE_RESEARCH.csv;BUILD_START_1776_WESTERN_EUROPE_RESEARCH.md | CURRENT_SOURCE=common/history/buildings/00_west_europe.txt:common/history/buildings/00_west_europe.txt:3847
FRA,STATE_LORRAINE,building_wheat_farm,1,0,REMOVE,COVERED_OWNER_STATE_WITH_NO_FINAL_HISTORICAL_TARGET_FOR_THIS_BUILDING,NO,NO,COVERAGE_COMPLETE,Coverage_Status=COVERED_POSITIVE | Research_Files=BUILD_START_1776_WESTERN_EUROPE_RESEARCH.csv;BUILD_START_1776_WESTERN_EUROPE_RESEARCH.md | CURRENT_SOURCE=common/history/buildings/00_west_europe.txt:common/history/buildings/00_west_europe.txt:3860
FRA,STATE_MADRAS,building_dye_plantation,1,0,REMOVE,COVERED_OWNER_STATE_WITH_NO_FINAL_HISTORICAL_TARGET_FOR_THIS_BUILDING,NO,NO,COVERAGE_COMPLETE,Coverage_Status=COVERED_POSITIVE | Research_Files=BUILD_START_1776_SOUTH_ASIA_RESEARCH.csv | CURRENT_SOURCE=common/history/buildings/10_india.txt:common/history/buildings/10_india.txt:1842
FRA,STATE_MAINE_ANJOU,building_livestock_ranch,1,0,REMOVE,COVERED_OWNER_STATE_WITH_NO_FINAL_HISTORICAL_TARGET_FOR_THIS_BUILDING,NO,NO,COVERAGE_COMPLETE,Coverage_Status=COVERED_POSITIVE | Research_Files=BUILD_START_1776_WESTERN_EUROPE_RESEARCH.csv;BUILD_START_1776_WESTERN_EUROPE_RESEARCH.md | CURRENT_SOURCE=common/history/buildings/00_west_europe.txt:common/history/buildings/00_west_europe.txt:7688
FRA,STATE_MAINE_ANJOU,building_logging_camp,1,0,REMOVE,COVERED_OWNER_STATE_WITH_NO_FINAL_HISTORICAL_TARGET_FOR_THIS_BUILDING,NO,NO,COVERAGE_COMPLETE,Coverage_Status=COVERED_POSITIVE | Research_Files=BUILD_START_1776_WESTERN_EUROPE_RESEARCH.csv;BUILD_START_1776_WESTERN_EUROPE_RESEARCH.md | CURRENT_SOURCE=common/history/buildings/00_west_europe.txt:common/history/buildings/00_west_europe.txt:7701
FRA,STATE_MAINE_ANJOU,building_vineyard,2,0,REMOVE,COVERED_OWNER_STATE_WITH_NO_FINAL_HISTORICAL_TARGET_FOR_THIS_BUILDING,NO,NO,COVERAGE_COMPLETE,Coverage_Status=COVERED_POSITIVE | Research_Files=BUILD_START_1776_WESTERN_EUROPE_RESEARCH.csv;BUILD_START_1776_WESTERN_EUROPE_RESEARCH.md | CURRENT_SOURCE=common/history/buildings/00_west_europe.txt:common/history/buildings/00_west_europe.txt:7669
FRA,STATE_NORMANDY,building_fishing_wharf,3,0,REMOVE,COVERED_OWNER_STATE_WITH_NO_FINAL_HISTORICAL_TARGET_FOR_THIS_BUILDING,NO,NO,COVERAGE_COMPLETE,Coverage_Status=COVERED_POSITIVE | Research_Files=BUILD_START_1776_WESTERN_EUROPE_RESEARCH.csv;BUILD_START_1776_WESTERN_EUROPE_RESEARCH.md | CURRENT_SOURCE=common/history/buildings/00_west_europe.txt:common/history/buildings/00_west_europe.txt:2573
FRA,STATE_NORMANDY,building_government_administration,5,0,REMOVE,COVERED_OWNER_STATE_WITH_NO_FINAL_HISTORICAL_TARGET_FOR_THIS_BUILDING,NO,NO,COVERAGE_COMPLETE,Coverage_Status=COVERED_POSITIVE | Research_Files=BUILD_START_1776_WESTERN_EUROPE_RESEARCH.csv;BUILD_START_1776_WESTERN_EUROPE_RESEARCH.md | CURRENT_SOURCE=common/history/buildings/00_west_europe.txt:common/history/buildings/00_west_europe.txt:2485
FRA,STATE_NORMANDY,building_livestock_ranch,2,0,REMOVE,COVERED_OWNER_STATE_WITH_NO_FINAL_HISTORICAL_TARGET_FOR_THIS_BUILDING,NO,NO,COVERAGE_COMPLETE,Coverage_Status=COVERED_POSITIVE | Research_Files=BUILD_START_1776_WESTERN_EUROPE_RESEARCH.csv;BUILD_START_1776_WESTERN_EUROPE_RESEARCH.md | CURRENT_SOURCE=common/history/buildings/00_west_europe.txt:common/history/buildings/00_west_europe.txt:2599
FRA,STATE_NORMANDY,building_vineyard,1,0,REMOVE,COVERED_OWNER_STATE_WITH_NO_FINAL_HISTORICAL_TARGET_FOR_THIS_BUILDING,NO,NO,COVERAGE_COMPLETE,Coverage_Status=COVERED_POSITIVE | Research_Files=BUILD_START_1776_WESTERN_EUROPE_RESEARCH.csv;BUILD_START_1776_WESTERN_EUROPE_RESEARCH.md | CURRENT_SOURCE=common/history/buildings/00_west_europe.txt:common/history/buildings/00_west_europe.txt:2496
FRA,STATE_NORMANDY,building_wheat_farm,4,0,REMOVE,COVERED_OWNER_STATE_WITH_NO_FINAL_HISTORICAL_TARGET_FOR_THIS_BUILDING,NO,NO,COVERAGE_COMPLETE,Coverage_Status=COVERED_POSITIVE | Research_Files=BUILD_START_1776_WESTERN_EUROPE_RESEARCH.csv;BUILD_START_1776_WESTERN_EUROPE_RESEARCH.md | CURRENT_SOURCE=common/history/buildings/00_west_europe.txt:common/history/buildings/00_west_europe.txt:2586
FRA,STATE_ORLEANS,building_glassworks,2,0,REMOVE,COVERED_OWNER_STATE_WITH_NO_FINAL_HISTORICAL_TARGET_FOR_THIS_BUILDING,NO,NO,COVERAGE_COMPLETE,Coverage_Status=COVERED_POSITIVE | Research_Files=BUILD_START_1776_WESTERN_EUROPE_RESEARCH.csv;BUILD_START_1776_WESTERN_EUROPE_RESEARCH.md | CURRENT_SOURCE=common/history/buildings/00_west_europe.txt:common/history/buildings/00_west_europe.txt:4007
FRA,STATE_ORLEANS,building_vineyard,3,0,REMOVE,COVERED_OWNER_STATE_WITH_NO_FINAL_HISTORICAL_TARGET_FOR_THIS_BUILDING,NO,NO,COVERAGE_COMPLETE,Coverage_Status=COVERED_POSITIVE | Research_Files=BUILD_START_1776_WESTERN_EUROPE_RESEARCH.csv;BUILD_START_1776_WESTERN_EUROPE_RESEARCH.md | CURRENT_SOURCE=common/history/buildings/00_west_europe.txt:common/history/buildings/00_west_europe.txt:4020
FRA,STATE_PICARDY,building_livestock_ranch,2,0,REMOVE,COVERED_OWNER_STATE_WITH_NO_FINAL_HISTORICAL_TARGET_FOR_THIS_BUILDING,NO,NO,COVERAGE_COMPLETE,Coverage_Status=COVERED_POSITIVE | Research_Files=BUILD_START_1776_WESTERN_EUROPE_RESEARCH.csv;BUILD_START_1776_WESTERN_EUROPE_RESEARCH.md | CURRENT_SOURCE=common/history/buildings/00_west_europe.txt:common/history/buildings/00_west_europe.txt:3044
FRA,STATE_POITOU,building_paper_mill,4,0,REMOVE,COVERED_OWNER_STATE_WITH_NO_FINAL_HISTORICAL_TARGET_FOR_THIS_BUILDING,NO,NO,COVERAGE_COMPLETE,Coverage_Status=COVERED_POSITIVE | Research_Files=BUILD_START_1776_WESTERN_EUROPE_RESEARCH.csv;BUILD_START_1776_WESTERN_EUROPE_RESEARCH.md | CURRENT_SOURCE=common/history/buildings/00_west_europe.txt:common/history/buildings/00_west_europe.txt:3160
FRA,STATE_POITOU,building_vineyard,2,0,REMOVE,COVERED_OWNER_STATE_WITH_NO_FINAL_HISTORICAL_TARGET_FOR_THIS_BUILDING,NO,NO,COVERAGE_COMPLETE,Coverage_Status=COVERED_POSITIVE | Research_Files=BUILD_START_1776_WESTERN_EUROPE_RESEARCH.csv;BUILD_START_1776_WESTERN_EUROPE_RESEARCH.md | CURRENT_SOURCE=common/history/buildings/00_west_europe.txt:common/history/buildings/00_west_europe.txt:3177
FRA,STATE_POITOU,building_wheat_farm,2,0,REMOVE,COVERED_OWNER_STATE_WITH_NO_FINAL_HISTORICAL_TARGET_FOR_THIS_BUILDING,NO,NO,COVERAGE_COMPLETE,Coverage_Status=COVERED_POSITIVE | Research_Files=BUILD_START_1776_WESTERN_EUROPE_RESEARCH.csv;BUILD_START_1776_WESTERN_EUROPE_RESEARCH.md | CURRENT_SOURCE=common/history/buildings/00_west_europe.txt:common/history/buildings/00_west_europe.txt:3196
FRA,STATE_PROVENCE,building_fishing_wharf,2,0,REMOVE,COVERED_OWNER_STATE_WITH_NO_FINAL_HISTORICAL_TARGET_FOR_THIS_BUILDING,NO,NO,COVERAGE_COMPLETE,Coverage_Status=COVERED_POSITIVE | Research_Files=BUILD_START_1776_WESTERN_EUROPE_RESEARCH.csv;BUILD_START_1776_WESTERN_EUROPE_RESEARCH.md | CURRENT_SOURCE=common/history/buildings/00_west_europe.txt:common/history/buildings/00_west_europe.txt:2409
FRA,STATE_PROVENCE,building_silk_plantation,8,0,REMOVE,COVERED_OWNER_STATE_WITH_NO_FINAL_HISTORICAL_TARGET_FOR_THIS_BUILDING,NO,NO,COVERAGE_COMPLETE,Coverage_Status=COVERED_POSITIVE | Research_Files=BUILD_START_1776_WESTERN_EUROPE_RESEARCH.csv;BUILD_START_1776_WESTERN_EUROPE_RESEARCH.md | CURRENT_SOURCE=common/history/buildings/00_west_europe.txt:common/history/buildings/00_west_europe.txt:2422
FRA,STATE_PROVENCE,building_vineyard,5,0,REMOVE,COVERED_OWNER_STATE_WITH_NO_FINAL_HISTORICAL_TARGET_FOR_THIS_BUILDING,NO,NO,COVERAGE_COMPLETE,Coverage_Status=COVERED_POSITIVE | Research_Files=BUILD_START_1776_WESTERN_EUROPE_RESEARCH.csv;BUILD_START_1776_WESTERN_EUROPE_RESEARCH.md | CURRENT_SOURCE=common/history/buildings/00_west_europe.txt:common/history/buildings/00_west_europe.txt:2371
FRA,STATE_PROVENCE,building_wheat_farm,6,0,REMOVE,COVERED_OWNER_STATE_WITH_NO_FINAL_HISTORICAL_TARGET_FOR_THIS_BUILDING,NO,NO,COVERAGE_COMPLETE,Coverage_Status=COVERED_POSITIVE | Research_Files=BUILD_START_1776_WESTERN_EUROPE_RESEARCH.csv;BUILD_START_1776_WESTERN_EUROPE_RESEARCH.md | CURRENT_SOURCE=common/history/buildings/00_west_europe.txt:common/history/buildings/00_west_europe.txt:2435
FRA,STATE_RHONE,building_construction_sector,2,0,REMOVE,COVERED_OWNER_STATE_WITH_NO_FINAL_HISTORICAL_TARGET_FOR_THIS_BUILDING,NO,NO,COVERAGE_COMPLETE,Coverage_Status=COVERED_POSITIVE | Research_Files=BUILD_START_1776_WESTERN_EUROPE_RESEARCH.csv;BUILD_START_1776_WESTERN_EUROPE_RESEARCH.md | CURRENT_SOURCE=common/history/buildings/00_west_europe.txt:common/history/buildings/00_west_europe.txt:2776
FRA,STATE_RHONE,building_government_administration,6,0,REMOVE,COVERED_OWNER_STATE_WITH_NO_FINAL_HISTORICAL_TARGET_FOR_THIS_BUILDING,NO,NO,COVERAGE_COMPLETE,Coverage_Status=COVERED_POSITIVE | Research_Files=BUILD_START_1776_WESTERN_EUROPE_RESEARCH.csv;BUILD_START_1776_WESTERN_EUROPE_RESEARCH.md | CURRENT_SOURCE=common/history/buildings/00_west_europe.txt:common/history/buildings/00_west_europe.txt:2787
FRA,STATE_RHONE,building_logging_camp,4,0,REMOVE,COVERED_OWNER_STATE_WITH_NO_FINAL_HISTORICAL_TARGET_FOR_THIS_BUILDING,NO,NO,COVERAGE_COMPLETE,Coverage_Status=COVERED_POSITIVE | Research_Files=BUILD_START_1776_WESTERN_EUROPE_RESEARCH.csv;BUILD_START_1776_WESTERN_EUROPE_RESEARCH.md | CURRENT_SOURCE=common/history/buildings/00_west_europe.txt:common/history/buildings/00_west_europe.txt:2817
FRA,STATE_RHONE,building_silk_plantation,10,0,REMOVE,COVERED_OWNER_STATE_WITH_NO_FINAL_HISTORICAL_TARGET_FOR_THIS_BUILDING,NO,NO,COVERAGE_COMPLETE,Coverage_Status=COVERED_POSITIVE | Research_Files=BUILD_START_1776_WESTERN_EUROPE_RESEARCH.csv;BUILD_START_1776_WESTERN_EUROPE_RESEARCH.md | CURRENT_SOURCE=common/history/buildings/00_west_europe.txt:common/history/buildings/00_west_europe.txt:2836
FRA,STATE_RHONE,building_vineyard,7,0,REMOVE,COVERED_OWNER_STATE_WITH_NO_FINAL_HISTORICAL_TARGET_FOR_THIS_BUILDING,NO,NO,COVERAGE_COMPLETE,Coverage_Status=COVERED_POSITIVE | Research_Files=BUILD_START_1776_WESTERN_EUROPE_RESEARCH.csv;BUILD_START_1776_WESTERN_EUROPE_RESEARCH.md | CURRENT_SOURCE=common/history/buildings/00_west_europe.txt:common/history/buildings/00_west_europe.txt:2757
FRA,STATE_RHONE,building_wheat_farm,9,0,REMOVE,COVERED_OWNER_STATE_WITH_NO_FINAL_HISTORICAL_TARGET_FOR_THIS_BUILDING,NO,NO,COVERAGE_COMPLETE,Coverage_Status=COVERED_POSITIVE | Research_Files=BUILD_START_1776_WESTERN_EUROPE_RESEARCH.csv;BUILD_START_1776_WESTERN_EUROPE_RESEARCH.md | CURRENT_SOURCE=common/history/buildings/00_west_europe.txt:common/history/buildings/00_west_europe.txt:2855
FRA,STATE_SENEGAL,building_port,1,0,REMOVE,COVERED_OWNER_STATE_WITH_NO_FINAL_HISTORICAL_TARGET_FOR_THIS_BUILDING,NO,NO,COVERAGE_COMPLETE,Coverage_Status=COVERED_POSITIVE | Research_Files=BUILD_START_1776_SUPPLEMENTAL_OWNER_STATE_COVERAGE_CORRIGE.csv; BUILD_START_1776_SUPPLEMENTAL_RESEARCH_CORRIGE.csv | CURRENT_SOURCE=common/history/buildings/04_subsaharan_africa.txt:common/history/buildings/04_subsaharan_africa.txt:33
FRA,STATE_WEST_INDIES,building_coffee_plantation,2,0,REMOVE,COVERED_OWNER_STATE_WITH_NO_FINAL_HISTORICAL_TARGET_FOR_THIS_BUILDING,NO,NO,COVERAGE_COMPLETE,Coverage_Status=COVERED_POSITIVE | Research_Files=BUILD_START_1776_AMERICAS_CARIBBEAN_RESEARCH.csv;BUILD_START_1776_AMERICAS_CARIBBEAN_RESEARCH.md | CURRENT_SOURCE=common/history/buildings/06_central_america.txt:common/history/buildings/06_central_america.txt:613
FRA,STATE_WEST_INDIES,building_tobacco_plantation,2,0,REMOVE,COVERED_OWNER_STATE_WITH_NO_FINAL_HISTORICAL_TARGET_FOR_THIS_BUILDING,NO,NO,COVERAGE_COMPLETE,Coverage_Status=COVERED_POSITIVE | Research_Files=BUILD_START_1776_AMERICAS_CARIBBEAN_RESEARCH.csv;BUILD_START_1776_AMERICAS_CARIBBEAN_RESEARCH.md | CURRENT_SOURCE=common/history/buildings/06_central_america.txt:common/history/buildings/06_central_america.txt:626
FRM,STATE_HESSE,building_textile_mill,1,0,REMOVE,COVERED_OWNER_STATE_WITH_NO_FINAL_HISTORICAL_TARGET_FOR_THIS_BUILDING,NO,NO,COVERAGE_COMPLETE,Coverage_Status=COVERED_POSITIVE | Research_Files=BUILD_START_1776_CENTRAL_EUROPE_GERMAN_ITALY_RESEARCH.csv;BUILD_START_1776_CENTRAL_EUROPE_GERMAN_ITALY_RESEARCH.md | CURRENT_SOURCE=common/history/buildings/00_west_europe.txt:common/history/buildings/00_west_europe.txt:7282
FTJ,STATE_GUINEA,building_millet_farm,1,0,REMOVE,COVERED_OWNER_STATE_WITH_NO_FINAL_HISTORICAL_TARGET_FOR_THIS_BUILDING,NO,NO,COVERAGE_COMPLETE,Coverage_Status=COVERED_ZERO_POSITIVE | Research_Files=BUILD_START_1776_SUPPLEMENTAL_OWNER_STATE_COVERAGE_CORRIGE.csv | CURRENT_SOURCE=common/history/buildings/04_subsaharan_africa.txt:common/history/buildings/04_subsaharan_africa.txt:567
FTR,STATE_MAURITANIA,building_eye_of_sahara,1,0,REMOVE,COVERED_OWNER_STATE_WITH_NO_FINAL_HISTORICAL_TARGET_FOR_THIS_BUILDING,NO,NO,COVERAGE_COMPLETE,Coverage_Status=COVERED_POSITIVE | Research_Files=BUILD_START_1776_R3_OWNER_STATE_COVERAGE.csv;BUILD_START_1776_R3_RECOMMENDATIONS.csv | CURRENT_SOURCE=common/history/buildings/03_north_africa.txt:common/history/buildings/03_north_africa.txt:1018
FTR,STATE_SENEGAL,building_millet_farm,1,0,REMOVE,COVERED_OWNER_STATE_WITH_NO_FINAL_HISTORICAL_TARGET_FOR_THIS_BUILDING,NO,NO,COVERAGE_COMPLETE,Coverage_Status=COVERED_ZERO_POSITIVE | Research_Files=BUILD_START_1776_SUPPLEMENTAL_OWNER_STATE_COVERAGE_CORRIGE.csv | CURRENT_SOURCE=common/history/buildings/04_subsaharan_africa.txt:common/history/buildings/04_subsaharan_africa.txt:107
GAL,STATE_EAST_GALICIA,building_government_administration,3,0,REMOVE,COVERED_OWNER_STATE_WITH_NO_FINAL_HISTORICAL_TARGET_FOR_THIS_BUILDING,NO,NO,COVERAGE_COMPLETE,Coverage_Status=COVERED_POSITIVE | Research_Files=BUILD_START_1776_SUPPLEMENTAL_OWNER_STATE_COVERAGE_CORRIGE.csv; BUILD_START_1776_SUPPLEMENTAL_RESEARCH_CORRIGE.csv | CURRENT_SOURCE=common/history/buildings/02_east_europe.txt:common/history/buildings/02_east_europe.txt:699
GAL,STATE_EAST_GALICIA,building_wheat_farm,2,0,REMOVE,COVERED_OWNER_STATE_WITH_NO_FINAL_HISTORICAL_TARGET_FOR_THIS_BUILDING,NO,NO,COVERAGE_COMPLETE,Coverage_Status=COVERED_POSITIVE | Research_Files=BUILD_START_1776_SUPPLEMENTAL_OWNER_STATE_COVERAGE_CORRIGE.csv; BUILD_START_1776_SUPPLEMENTAL_RESEARCH_CORRIGE.csv | CURRENT_SOURCE=common/history/buildings/02_east_europe.txt:common/history/buildings/02_east_europe.txt:710
GAL,STATE_WEST_GALICIA,building_furniture_manufactory,2,0,REMOVE,COVERED_OWNER_STATE_WITH_NO_FINAL_HISTORICAL_TARGET_FOR_THIS_BUILDING,NO,NO,COVERAGE_COMPLETE,Coverage_Status=COVERED_POSITIVE | Research_Files=BUILD_START_1776_SUPPLEMENTAL_OWNER_STATE_COVERAGE_CORRIGE.csv; BUILD_START_1776_SUPPLEMENTAL_RESEARCH_CORRIGE.csv | CURRENT_SOURCE=common/history/buildings/02_east_europe.txt:common/history/buildings/02_east_europe.txt:663
GAL,STATE_WEST_GALICIA,building_government_administration,5,0,REMOVE,COVERED_OWNER_STATE_WITH_NO_FINAL_HISTORICAL_TARGET_FOR_THIS_BUILDING,NO,NO,COVERAGE_COMPLETE,Coverage_Status=COVERED_POSITIVE | Research_Files=BUILD_START_1776_SUPPLEMENTAL_OWNER_STATE_COVERAGE_CORRIGE.csv; BUILD_START_1776_SUPPLEMENTAL_RESEARCH_CORRIGE.csv | CURRENT_SOURCE=common/history/buildings/02_east_europe.txt:common/history/buildings/02_east_europe.txt:652
GAL,STATE_WEST_GALICIA,building_salt_mine,2,0,REMOVE,COVERED_OWNER_STATE_WITH_NO_FINAL_HISTORICAL_TARGET_FOR_THIS_BUILDING,NO,NO,COVERAGE_COMPLETE,Coverage_Status=COVERED_POSITIVE | Research_Files=BUILD_START_1776_SUPPLEMENTAL_OWNER_STATE_COVERAGE_CORRIGE.csv; BUILD_START_1776_SUPPLEMENTAL_RESEARCH_CORRIGE.csv | CURRENT_SOURCE=common/history/buildings/99_tech6a2_salt_starting_buildings.txt:common/history/buildings/99_tech6a2_salt_starting_buildings.txt:197
GBR,STATE_BAHAMAS,building_banana_plantation,1,0,REMOVE,COVERED_OWNER_STATE_WITH_NO_FINAL_HISTORICAL_TARGET_FOR_THIS_BUILDING,NO,NO,COVERAGE_COMPLETE,Coverage_Status=COVERED_POSITIVE | Research_Files=BUILD_START_1776_AMERICAS_CARIBBEAN_RESEARCH.csv;BUILD_START_1776_AMERICAS_CARIBBEAN_RESEARCH.md | CURRENT_SOURCE=common/history/buildings/06_central_america.txt:common/history/buildings/06_central_america.txt:546
GBR,STATE_BAHAMAS,building_sugar_plantation,1,0,REMOVE,COVERED_OWNER_STATE_WITH_NO_FINAL_HISTORICAL_TARGET_FOR_THIS_BUILDING,NO,NO,COVERAGE_COMPLETE,Coverage_Status=COVERED_POSITIVE | Research_Files=BUILD_START_1776_AMERICAS_CARIBBEAN_RESEARCH.csv;BUILD_START_1776_AMERICAS_CARIBBEAN_RESEARCH.md | CURRENT_SOURCE=common/history/buildings/06_central_america.txt:common/history/buildings/06_central_america.txt:559
GBR,STATE_BALEARIC_ISLANDS,building_fishing_wharf,1,0,REMOVE,COVERED_OWNER_STATE_WITH_NO_FINAL_HISTORICAL_TARGET_FOR_THIS_BUILDING,NO,NO,COVERAGE_COMPLETE,Coverage_Status=COVERED_POSITIVE | Research_Files=BUILD_START_1776_WESTERN_EUROPE_RESEARCH.csv;BUILD_START_1776_WESTERN_EUROPE_RESEARCH.md | CURRENT_SOURCE=common/history/buildings/01_south_europe.txt:common/history/buildings/01_south_europe.txt:3114
GBR,STATE_BALEARIC_ISLANDS,building_port,1,0,REMOVE,COVERED_OWNER_STATE_WITH_NO_FINAL_HISTORICAL_TARGET_FOR_THIS_BUILDING,NO,NO,COVERAGE_COMPLETE,Coverage_Status=COVERED_POSITIVE | Research_Files=BUILD_START_1776_WESTERN_EUROPE_RESEARCH.csv;BUILD_START_1776_WESTERN_EUROPE_RESEARCH.md | CURRENT_SOURCE=common/history/buildings/01_south_europe.txt:common/history/buildings/01_south_europe.txt:3140
GBR,STATE_BALEARIC_ISLANDS,building_wheat_farm,1,0,REMOVE,COVERED_OWNER_STATE_WITH_NO_FINAL_HISTORICAL_TARGET_FOR_THIS_BUILDING,NO,NO,COVERAGE_COMPLETE,Coverage_Status=COVERED_POSITIVE | Research_Files=BUILD_START_1776_WESTERN_EUROPE_RESEARCH.csv;BUILD_START_1776_WESTERN_EUROPE_RESEARCH.md | CURRENT_SOURCE=common/history/buildings/01_south_europe.txt:common/history/buildings/01_south_europe.txt:3127
GBR,STATE_CEYLON,building_naval_administration,5,0,REMOVE,COVERED_OWNER_STATE_WITH_NO_FINAL_HISTORICAL_TARGET_FOR_THIS_BUILDING,NO,NO,COVERAGE_COMPLETE,Coverage_Status=COVERED_ZERO_POSITIVE | Research_Files=BUILD_START_1776_SOUTH_ASIA_RESEARCH.md | CURRENT_SOURCE=common/history/buildings/10_india.txt:common/history/buildings/10_india.txt:1471
GBR,STATE_CEYLON,building_port,1,0,REMOVE,COVERED_OWNER_STATE_WITH_NO_FINAL_HISTORICAL_TARGET_FOR_THIS_BUILDING,NO,NO,COVERAGE_COMPLETE,Coverage_Status=COVERED_ZERO_POSITIVE | Research_Files=BUILD_START_1776_SOUTH_ASIA_RESEARCH.md | CURRENT_SOURCE=common/history/buildings/10_india.txt:common/history/buildings/10_india.txt:1460
GBR,STATE_EAST_ANGLIA,building_fishing_wharf,3,0,REMOVE,COVERED_OWNER_STATE_WITH_NO_FINAL_HISTORICAL_TARGET_FOR_THIS_BUILDING,NO,NO,COVERAGE_COMPLETE,Coverage_Status=COVERED_POSITIVE | Research_Files=BUILD_START_1776_WESTERN_EUROPE_RESEARCH.csv;BUILD_START_1776_WESTERN_EUROPE_RESEARCH.md | CURRENT_SOURCE=common/history/buildings/00_west_europe.txt:common/history/buildings/00_west_europe.txt:1687
GBR,STATE_EAST_ANGLIA,building_food_industry,1,0,REMOVE,COVERED_OWNER_STATE_WITH_NO_FINAL_HISTORICAL_TARGET_FOR_THIS_BUILDING,NO,NO,COVERAGE_COMPLETE,Coverage_Status=COVERED_POSITIVE | Research_Files=BUILD_START_1776_WESTERN_EUROPE_RESEARCH.csv;BUILD_START_1776_WESTERN_EUROPE_RESEARCH.md | CURRENT_SOURCE=common/history/buildings/00_west_europe.txt:common/history/buildings/00_west_europe.txt:1589
GBR,STATE_EAST_ANGLIA,building_glassworks,1,0,REMOVE,COVERED_OWNER_STATE_WITH_NO_FINAL_HISTORICAL_TARGET_FOR_THIS_BUILDING,NO,NO,COVERAGE_COMPLETE,Coverage_Status=COVERED_POSITIVE | Research_Files=BUILD_START_1776_WESTERN_EUROPE_RESEARCH.csv;BUILD_START_1776_WESTERN_EUROPE_RESEARCH.md | CURRENT_SOURCE=common/history/buildings/00_west_europe.txt:common/history/buildings/00_west_europe.txt:1576
GBR,STATE_EAST_ANGLIA,building_government_administration,2,0,REMOVE,COVERED_OWNER_STATE_WITH_NO_FINAL_HISTORICAL_TARGET_FOR_THIS_BUILDING,NO,NO,COVERAGE_COMPLETE,Coverage_Status=COVERED_POSITIVE | Research_Files=BUILD_START_1776_WESTERN_EUROPE_RESEARCH.csv;BUILD_START_1776_WESTERN_EUROPE_RESEARCH.md | CURRENT_SOURCE=common/history/buildings/00_west_europe.txt:common/history/buildings/00_west_europe.txt:1553
GBR,STATE_EAST_ANGLIA,building_iron_mine,1,0,REMOVE,COVERED_OWNER_STATE_WITH_NO_FINAL_HISTORICAL_TARGET_FOR_THIS_BUILDING,NO,NO,COVERAGE_COMPLETE,Coverage_Status=COVERED_POSITIVE | Research_Files=BUILD_START_1776_WESTERN_EUROPE_RESEARCH.csv;BUILD_START_1776_WESTERN_EUROPE_RESEARCH.md | CURRENT_SOURCE=common/history/buildings/00_west_europe.txt:common/history/buildings/00_west_europe.txt:1600
GBR,STATE_EAST_ANGLIA,building_livestock_ranch,3,0,REMOVE,COVERED_OWNER_STATE_WITH_NO_FINAL_HISTORICAL_TARGET_FOR_THIS_BUILDING,NO,NO,COVERAGE_COMPLETE,Coverage_Status=COVERED_POSITIVE | Research_Files=BUILD_START_1776_WESTERN_EUROPE_RESEARCH.csv;BUILD_START_1776_WESTERN_EUROPE_RESEARCH.md | CURRENT_SOURCE=common/history/buildings/00_west_europe.txt:common/history/buildings/00_west_europe.txt:1668
GBR,STATE_EAST_ANGLIA,building_rye_farm,7,0,REMOVE,COVERED_OWNER_STATE_WITH_NO_FINAL_HISTORICAL_TARGET_FOR_THIS_BUILDING,NO,NO,COVERAGE_COMPLETE,Coverage_Status=COVERED_POSITIVE | Research_Files=BUILD_START_1776_WESTERN_EUROPE_RESEARCH.csv;BUILD_START_1776_WESTERN_EUROPE_RESEARCH.md | CURRENT_SOURCE=common/history/buildings/00_west_europe.txt:common/history/buildings/00_west_europe.txt:1643
GBR,STATE_EAST_ANGLIA,building_shipyard,4,0,REMOVE,COVERED_OWNER_STATE_WITH_NO_FINAL_HISTORICAL_TARGET_FOR_THIS_BUILDING,NO,NO,COVERAGE_COMPLETE,Coverage_Status=COVERED_POSITIVE | Research_Files=BUILD_START_1776_WESTERN_EUROPE_RESEARCH.csv;BUILD_START_1776_WESTERN_EUROPE_RESEARCH.md | CURRENT_SOURCE=common/history/buildings/00_west_europe.txt|common/history/buildings/00_west_europe.txt:common/history/buildings/00_west_europe.txt:1613|common/history/buildings/00_west_europe.txt:1626
GBR,STATE_EAST_ANGLIA,building_university,5,0,REMOVE,COVERED_OWNER_STATE_WITH_NO_FINAL_HISTORICAL_TARGET_FOR_THIS_BUILDING,NO,NO,COVERAGE_COMPLETE,Coverage_Status=COVERED_POSITIVE | Research_Files=BUILD_START_1776_WESTERN_EUROPE_RESEARCH.csv;BUILD_START_1776_WESTERN_EUROPE_RESEARCH.md | CURRENT_SOURCE=common/history/buildings/00_west_europe.txt:common/history/buildings/00_west_europe.txt:1564
GBR,STATE_GUATEMALA,building_port,1,0,REMOVE,COVERED_OWNER_STATE_WITH_NO_FINAL_HISTORICAL_TARGET_FOR_THIS_BUILDING,NO,NO,COVERAGE_COMPLETE,Coverage_Status=COVERED_ZERO_POSITIVE | Research_Files=BUILD_START_1776_AMERICAS_CARIBBEAN_RESEARCH.md | CURRENT_SOURCE=common/history/buildings/06_central_america.txt:common/history/buildings/06_central_america.txt:119
GBR,STATE_HIGHLANDS,building_whaling_station,2,0,REMOVE,COVERED_OWNER_STATE_WITH_NO_FINAL_HISTORICAL_TARGET_FOR_THIS_BUILDING,NO,NO,COVERAGE_COMPLETE,Coverage_Status=COVERED_POSITIVE | Research_Files=BUILD_START_1776_WESTERN_EUROPE_RESEARCH.csv;BUILD_START_1776_WESTERN_EUROPE_RESEARCH.md | CURRENT_SOURCE=common/history/buildings/00_west_europe.txt:common/history/buildings/00_west_europe.txt:1424
GBR,STATE_HOME_COUNTIES,building_art_academy,2,0,REMOVE,CATALOG_NO_POST_1776_AND_NO_FINAL_HISTORICAL_TARGET,NO,NO,HIGH,Coverage_Status=COVERED_POSITIVE | Research_Files=BUILD_START_1776_WESTERN_EUROPE_RESEARCH.csv;BUILD_START_1776_WESTERN_EUROPE_RESEARCH.md | CURRENT_SOURCE=common/history/buildings/00_west_europe.txt:common/history/buildings/00_west_europe.txt:983
GBR,STATE_HOME_COUNTIES,building_fishing_wharf,2,0,REMOVE,COVERED_OWNER_STATE_WITH_NO_FINAL_HISTORICAL_TARGET_FOR_THIS_BUILDING,NO,NO,COVERAGE_COMPLETE,Coverage_Status=COVERED_POSITIVE | Research_Files=BUILD_START_1776_WESTERN_EUROPE_RESEARCH.csv;BUILD_START_1776_WESTERN_EUROPE_RESEARCH.md | CURRENT_SOURCE=common/history/buildings/00_west_europe.txt:common/history/buildings/00_west_europe.txt:1100
GBR,STATE_HOME_COUNTIES,building_livestock_ranch,5,0,REMOVE,COVERED_OWNER_STATE_WITH_NO_FINAL_HISTORICAL_TARGET_FOR_THIS_BUILDING,NO,NO,COVERAGE_COMPLETE,Coverage_Status=COVERED_POSITIVE | Research_Files=BUILD_START_1776_WESTERN_EUROPE_RESEARCH.csv;BUILD_START_1776_WESTERN_EUROPE_RESEARCH.md | CURRENT_SOURCE=common/history/buildings/00_west_europe.txt:common/history/buildings/00_west_europe.txt:1087
GBR,STATE_HOME_COUNTIES,building_rye_farm,5,0,REMOVE,COVERED_OWNER_STATE_WITH_NO_FINAL_HISTORICAL_TARGET_FOR_THIS_BUILDING,NO,NO,COVERAGE_COMPLETE,Coverage_Status=COVERED_POSITIVE | Research_Files=BUILD_START_1776_WESTERN_EUROPE_RESEARCH.csv;BUILD_START_1776_WESTERN_EUROPE_RESEARCH.md | CURRENT_SOURCE=common/history/buildings/00_west_europe.txt:common/history/buildings/00_west_europe.txt:1074
GBR,STATE_HOME_COUNTIES,building_textile_mill,3,0,REMOVE,COVERED_OWNER_STATE_WITH_NO_FINAL_HISTORICAL_TARGET_FOR_THIS_BUILDING,NO,NO,COVERAGE_COMPLETE,Coverage_Status=COVERED_POSITIVE | Research_Files=BUILD_START_1776_WESTERN_EUROPE_RESEARCH.csv;BUILD_START_1776_WESTERN_EUROPE_RESEARCH.md | CURRENT_SOURCE=common/history/buildings/00_west_europe.txt:common/history/buildings/00_west_europe.txt:1024
GBR,STATE_HOME_COUNTIES,building_university,5,0,REMOVE,COVERED_OWNER_STATE_WITH_NO_FINAL_HISTORICAL_TARGET_FOR_THIS_BUILDING,NO,NO,COVERAGE_COMPLETE,Coverage_Status=COVERED_POSITIVE | Research_Files=BUILD_START_1776_WESTERN_EUROPE_RESEARCH.csv;BUILD_START_1776_WESTERN_EUROPE_RESEARCH.md | CURRENT_SOURCE=common/history/buildings/00_west_europe.txt:common/history/buildings/00_west_europe.txt:996
GBR,STATE_INDIAN_OCEAN_TERRITORY,building_port,1,0,REMOVE,COVERED_OWNER_STATE_WITH_NO_FINAL_HISTORICAL_TARGET_FOR_THIS_BUILDING,NO,NO,COVERAGE_COMPLETE,Coverage_Status=COVERED_ZERO_POSITIVE | Research_Files=BUILD_START_1776_SUPPLEMENTAL_OWNER_STATE_COVERAGE_CORRIGE.csv | CURRENT_SOURCE=common/history/buildings/10_india.txt:common/history/buildings/10_india.txt:1551
GBR,STATE_INDIAN_OCEAN_TERRITORY,building_sugar_plantation,3,0,REMOVE,COVERED_OWNER_STATE_WITH_NO_FINAL_HISTORICAL_TARGET_FOR_THIS_BUILDING,NO,NO,COVERAGE_COMPLETE,Coverage_Status=COVERED_ZERO_POSITIVE | Research_Files=BUILD_START_1776_SUPPLEMENTAL_OWNER_STATE_COVERAGE_CORRIGE.csv | CURRENT_SOURCE=common/history/buildings/10_india.txt:common/history/buildings/10_india.txt:1538
GBR,STATE_INDIAN_OCEAN_TERRITORY,building_trade_center,1,0,REMOVE,COVERED_OWNER_STATE_WITH_NO_FINAL_HISTORICAL_TARGET_FOR_THIS_BUILDING,NO,NO,COVERAGE_COMPLETE,Coverage_Status=COVERED_ZERO_POSITIVE | Research_Files=BUILD_START_1776_SUPPLEMENTAL_OWNER_STATE_COVERAGE_CORRIGE.csv | CURRENT_SOURCE=common/history/buildings/10_india.txt:common/history/buildings/10_india.txt:1525
GBR,STATE_JAMAICA,building_banana_plantation,1,0,REMOVE,COVERED_OWNER_STATE_WITH_NO_FINAL_HISTORICAL_TARGET_FOR_THIS_BUILDING,NO,NO,COVERAGE_COMPLETE,Coverage_Status=COVERED_POSITIVE | Research_Files=BUILD_START_1776_AMERICAS_CARIBBEAN_RESEARCH.csv;BUILD_START_1776_AMERICAS_CARIBBEAN_RESEARCH.md | CURRENT_SOURCE=common/history/buildings/06_central_america.txt:common/history/buildings/06_central_america.txt:814
GBR,STATE_JAMAICA,building_spice_plantation,3,0,REMOVE,COVERED_OWNER_STATE_WITH_NO_FINAL_HISTORICAL_TARGET_FOR_THIS_BUILDING,NO,NO,COVERAGE_COMPLETE,Coverage_Status=COVERED_POSITIVE | Research_Files=BUILD_START_1776_AMERICAS_CARIBBEAN_RESEARCH.csv;BUILD_START_1776_AMERICAS_CARIBBEAN_RESEARCH.md | CURRENT_SOURCE=common/history/buildings/99_tech6a3_spice_plantations.txt:common/history/buildings/99_tech6a3_spice_plantations.txt:164
GBR,STATE_LANCASHIRE,building_arms_industry,4,0,REMOVE,COVERED_OWNER_STATE_WITH_NO_FINAL_HISTORICAL_TARGET_FOR_THIS_BUILDING,NO,NO,COVERAGE_COMPLETE,Coverage_Status=COVERED_POSITIVE | Research_Files=BUILD_START_1776_WESTERN_EUROPE_RESEARCH.csv;BUILD_START_1776_WESTERN_EUROPE_RESEARCH.md | CURRENT_SOURCE=common/history/buildings/00_west_europe.txt:common/history/buildings/00_west_europe.txt:1182
GBR,STATE_LANCASHIRE,building_construction_sector,3,0,REMOVE,COVERED_OWNER_STATE_WITH_NO_FINAL_HISTORICAL_TARGET_FOR_THIS_BUILDING,NO,NO,COVERAGE_COMPLETE,Coverage_Status=COVERED_POSITIVE | Research_Files=BUILD_START_1776_WESTERN_EUROPE_RESEARCH.csv;BUILD_START_1776_WESTERN_EUROPE_RESEARCH.md | CURRENT_SOURCE=common/history/buildings/00_west_europe.txt:common/history/buildings/00_west_europe.txt:1171
GBR,STATE_LANCASHIRE,building_fishing_wharf,3,0,REMOVE,COVERED_OWNER_STATE_WITH_NO_FINAL_HISTORICAL_TARGET_FOR_THIS_BUILDING,NO,NO,COVERAGE_COMPLETE,Coverage_Status=COVERED_POSITIVE | Research_Files=BUILD_START_1776_WESTERN_EUROPE_RESEARCH.csv;BUILD_START_1776_WESTERN_EUROPE_RESEARCH.md | CURRENT_SOURCE=common/history/buildings/00_west_europe.txt:common/history/buildings/00_west_europe.txt:1234
GBR,STATE_LANCASHIRE,building_government_administration,5,0,REMOVE,COVERED_OWNER_STATE_WITH_NO_FINAL_HISTORICAL_TARGET_FOR_THIS_BUILDING,NO,NO,COVERAGE_COMPLETE,Coverage_Status=COVERED_POSITIVE | Research_Files=BUILD_START_1776_WESTERN_EUROPE_RESEARCH.csv;BUILD_START_1776_WESTERN_EUROPE_RESEARCH.md | CURRENT_SOURCE=common/history/buildings/00_west_europe.txt:common/history/buildings/00_west_europe.txt:1145
GBR,STATE_LANCASHIRE,building_iron_mine,2,0,REMOVE,COVERED_OWNER_STATE_WITH_NO_FINAL_HISTORICAL_TARGET_FOR_THIS_BUILDING,NO,NO,COVERAGE_COMPLETE,Coverage_Status=COVERED_POSITIVE | Research_Files=BUILD_START_1776_WESTERN_EUROPE_RESEARCH.csv;BUILD_START_1776_WESTERN_EUROPE_RESEARCH.md | CURRENT_SOURCE=common/history/buildings/00_west_europe.txt:common/history/buildings/00_west_europe.txt:1194
GBR,STATE_LANCASHIRE,building_livestock_ranch,3,0,REMOVE,COVERED_OWNER_STATE_WITH_NO_FINAL_HISTORICAL_TARGET_FOR_THIS_BUILDING,NO,NO,COVERAGE_COMPLETE,Coverage_Status=COVERED_POSITIVE | Research_Files=BUILD_START_1776_WESTERN_EUROPE_RESEARCH.csv;BUILD_START_1776_WESTERN_EUROPE_RESEARCH.md | CURRENT_SOURCE=common/history/buildings/00_west_europe.txt:common/history/buildings/00_west_europe.txt:1220
GBR,STATE_LANCASHIRE,building_naval_administration,10,0,REMOVE,COVERED_OWNER_STATE_WITH_NO_FINAL_HISTORICAL_TARGET_FOR_THIS_BUILDING,NO,NO,COVERAGE_COMPLETE,Coverage_Status=COVERED_POSITIVE | Research_Files=BUILD_START_1776_WESTERN_EUROPE_RESEARCH.csv;BUILD_START_1776_WESTERN_EUROPE_RESEARCH.md | CURRENT_SOURCE=common/history/buildings/00_west_europe.txt:common/history/buildings/00_west_europe.txt:1258
GBR,STATE_LANCASHIRE,building_rye_farm,5,0,REMOVE,COVERED_OWNER_STATE_WITH_NO_FINAL_HISTORICAL_TARGET_FOR_THIS_BUILDING,NO,NO,COVERAGE_COMPLETE,Coverage_Status=COVERED_POSITIVE | Research_Files=BUILD_START_1776_WESTERN_EUROPE_RESEARCH.csv;BUILD_START_1776_WESTERN_EUROPE_RESEARCH.md | CURRENT_SOURCE=common/history/buildings/00_west_europe.txt:common/history/buildings/00_west_europe.txt:1207
GBR,STATE_LANCASHIRE,building_salt_mine,2,0,REMOVE,COVERED_OWNER_STATE_WITH_NO_FINAL_HISTORICAL_TARGET_FOR_THIS_BUILDING,NO,NO,COVERAGE_COMPLETE,Coverage_Status=COVERED_POSITIVE | Research_Files=BUILD_START_1776_WESTERN_EUROPE_RESEARCH.csv;BUILD_START_1776_WESTERN_EUROPE_RESEARCH.md | CURRENT_SOURCE=common/history/buildings/99_tech6a2_salt_starting_buildings.txt:common/history/buildings/99_tech6a2_salt_starting_buildings.txt:177
GBR,STATE_LOWLANDS,building_fishing_wharf,2,0,REMOVE,COVERED_OWNER_STATE_WITH_NO_FINAL_HISTORICAL_TARGET_FOR_THIS_BUILDING,NO,NO,COVERAGE_COMPLETE,Coverage_Status=COVERED_POSITIVE | Research_Files=BUILD_START_1776_WESTERN_EUROPE_RESEARCH.csv;BUILD_START_1776_WESTERN_EUROPE_RESEARCH.md | CURRENT_SOURCE=common/history/buildings/00_west_europe.txt:common/history/buildings/00_west_europe.txt:1967
GBR,STATE_LOWLANDS,building_food_industry,1,0,REMOVE,COVERED_OWNER_STATE_WITH_NO_FINAL_HISTORICAL_TARGET_FOR_THIS_BUILDING,NO,NO,COVERAGE_COMPLETE,Coverage_Status=COVERED_POSITIVE | Research_Files=BUILD_START_1776_WESTERN_EUROPE_RESEARCH.csv;BUILD_START_1776_WESTERN_EUROPE_RESEARCH.md | CURRENT_SOURCE=common/history/buildings/00_west_europe.txt:common/history/buildings/00_west_europe.txt:1895
GBR,STATE_LOWLANDS,building_government_administration,3,0,REMOVE,COVERED_OWNER_STATE_WITH_NO_FINAL_HISTORICAL_TARGET_FOR_THIS_BUILDING,NO,NO,COVERAGE_COMPLETE,Coverage_Status=COVERED_POSITIVE | Research_Files=BUILD_START_1776_WESTERN_EUROPE_RESEARCH.csv;BUILD_START_1776_WESTERN_EUROPE_RESEARCH.md | CURRENT_SOURCE=common/history/buildings/00_west_europe.txt:common/history/buildings/00_west_europe.txt:1859
GBR,STATE_LOWLANDS,building_iron_mine,1,0,REMOVE,COVERED_OWNER_STATE_WITH_NO_FINAL_HISTORICAL_TARGET_FOR_THIS_BUILDING,NO,NO,COVERAGE_COMPLETE,Coverage_Status=COVERED_POSITIVE | Research_Files=BUILD_START_1776_WESTERN_EUROPE_RESEARCH.csv;BUILD_START_1776_WESTERN_EUROPE_RESEARCH.md | CURRENT_SOURCE=common/history/buildings/00_west_europe.txt:common/history/buildings/00_west_europe.txt:1922
GBR,STATE_LOWLANDS,building_livestock_ranch,1,0,REMOVE,COVERED_OWNER_STATE_WITH_NO_FINAL_HISTORICAL_TARGET_FOR_THIS_BUILDING,NO,NO,COVERAGE_COMPLETE,Coverage_Status=COVERED_POSITIVE | Research_Files=BUILD_START_1776_WESTERN_EUROPE_RESEARCH.csv;BUILD_START_1776_WESTERN_EUROPE_RESEARCH.md | CURRENT_SOURCE=common/history/buildings/00_west_europe.txt:common/history/buildings/00_west_europe.txt:1954
GBR,STATE_LOWLANDS,building_logging_camp,2,0,REMOVE,COVERED_OWNER_STATE_WITH_NO_FINAL_HISTORICAL_TARGET_FOR_THIS_BUILDING,NO,NO,COVERAGE_COMPLETE,Coverage_Status=COVERED_POSITIVE | Research_Files=BUILD_START_1776_WESTERN_EUROPE_RESEARCH.csv;BUILD_START_1776_WESTERN_EUROPE_RESEARCH.md | CURRENT_SOURCE=common/history/buildings/00_west_europe.txt:common/history/buildings/00_west_europe.txt:1909
GBR,STATE_LOWLANDS,building_rye_farm,5,0,REMOVE,COVERED_OWNER_STATE_WITH_NO_FINAL_HISTORICAL_TARGET_FOR_THIS_BUILDING,NO,NO,COVERAGE_COMPLETE,Coverage_Status=COVERED_POSITIVE | Research_Files=BUILD_START_1776_WESTERN_EUROPE_RESEARCH.csv;BUILD_START_1776_WESTERN_EUROPE_RESEARCH.md | CURRENT_SOURCE=common/history/buildings/00_west_europe.txt:common/history/buildings/00_west_europe.txt:1935
GBR,STATE_MIDLANDS,building_artillery_foundry,2,0,REMOVE,COVERED_OWNER_STATE_WITH_NO_FINAL_HISTORICAL_TARGET_FOR_THIS_BUILDING,NO,NO,COVERAGE_COMPLETE,Coverage_Status=COVERED_POSITIVE | Research_Files=BUILD_START_1776_WESTERN_EUROPE_RESEARCH.csv;BUILD_START_1776_WESTERN_EUROPE_RESEARCH.md | CURRENT_SOURCE=common/history/buildings/00_west_europe.txt:common/history/buildings/00_west_europe.txt:1484
GBR,STATE_MIDLANDS,building_furniture_manufactory,3,0,REMOVE,COVERED_OWNER_STATE_WITH_NO_FINAL_HISTORICAL_TARGET_FOR_THIS_BUILDING,NO,NO,COVERAGE_COMPLETE,Coverage_Status=COVERED_POSITIVE | Research_Files=BUILD_START_1776_WESTERN_EUROPE_RESEARCH.csv;BUILD_START_1776_WESTERN_EUROPE_RESEARCH.md | CURRENT_SOURCE=common/history/buildings/00_west_europe.txt:common/history/buildings/00_west_europe.txt:1495
GBR,STATE_MIDLANDS,building_government_administration,5,0,REMOVE,COVERED_OWNER_STATE_WITH_NO_FINAL_HISTORICAL_TARGET_FOR_THIS_BUILDING,NO,NO,COVERAGE_COMPLETE,Coverage_Status=COVERED_POSITIVE | Research_Files=BUILD_START_1776_WESTERN_EUROPE_RESEARCH.csv;BUILD_START_1776_WESTERN_EUROPE_RESEARCH.md | CURRENT_SOURCE=common/history/buildings/00_west_europe.txt:common/history/buildings/00_west_europe.txt:1460
GBR,STATE_MIDLANDS,building_livestock_ranch,1,0,REMOVE,COVERED_OWNER_STATE_WITH_NO_FINAL_HISTORICAL_TARGET_FOR_THIS_BUILDING,NO,NO,COVERAGE_COMPLETE,Coverage_Status=COVERED_POSITIVE | Research_Files=BUILD_START_1776_WESTERN_EUROPE_RESEARCH.csv;BUILD_START_1776_WESTERN_EUROPE_RESEARCH.md | CURRENT_SOURCE=common/history/buildings/00_west_europe.txt:common/history/buildings/00_west_europe.txt:1524
GBR,STATE_MIDLANDS,building_port,2,0,REMOVE,COVERED_OWNER_STATE_WITH_NO_FINAL_HISTORICAL_TARGET_FOR_THIS_BUILDING,NO,NO,COVERAGE_COMPLETE,Coverage_Status=COVERED_POSITIVE | Research_Files=BUILD_START_1776_WESTERN_EUROPE_RESEARCH.csv;BUILD_START_1776_WESTERN_EUROPE_RESEARCH.md | CURRENT_SOURCE=common/history/buildings/00_west_europe.txt:common/history/buildings/00_west_europe.txt:1538
GBR,STATE_MIDLANDS,building_rye_farm,5,0,REMOVE,COVERED_OWNER_STATE_WITH_NO_FINAL_HISTORICAL_TARGET_FOR_THIS_BUILDING,NO,NO,COVERAGE_COMPLETE,Coverage_Status=COVERED_POSITIVE | Research_Files=BUILD_START_1776_WESTERN_EUROPE_RESEARCH.csv;BUILD_START_1776_WESTERN_EUROPE_RESEARCH.md | CURRENT_SOURCE=common/history/buildings/00_west_europe.txt:common/history/buildings/00_west_europe.txt:1510
GBR,STATE_SOUTH_ATLANTIC_ISLANDS,building_port,1,0,REMOVE,COVERED_OWNER_STATE_WITH_NO_FINAL_HISTORICAL_TARGET_FOR_THIS_BUILDING,NO,NO,COVERAGE_COMPLETE,Coverage_Status=COVERED_ZERO_POSITIVE | Research_Files=BUILD_START_1776_AMERICAS_CARIBBEAN_RESEARCH.md | CURRENT_SOURCE=common/history/buildings/07_south_america.txt:common/history/buildings/07_south_america.txt:1780
GBR,STATE_WALES,building_livestock_ranch,2,0,REMOVE,COVERED_OWNER_STATE_WITH_NO_FINAL_HISTORICAL_TARGET_FOR_THIS_BUILDING,NO,NO,COVERAGE_COMPLETE,Coverage_Status=COVERED_POSITIVE | Research_Files=BUILD_START_1776_WESTERN_EUROPE_RESEARCH.csv;BUILD_START_1776_WESTERN_EUROPE_RESEARCH.md | CURRENT_SOURCE=common/history/buildings/00_west_europe.txt:common/history/buildings/00_west_europe.txt:1300
GBR,STATE_WALES,building_logging_camp,3,0,REMOVE,COVERED_OWNER_STATE_WITH_NO_FINAL_HISTORICAL_TARGET_FOR_THIS_BUILDING,NO,NO,COVERAGE_COMPLETE,Coverage_Status=COVERED_POSITIVE | Research_Files=BUILD_START_1776_WESTERN_EUROPE_RESEARCH.csv;BUILD_START_1776_WESTERN_EUROPE_RESEARCH.md | CURRENT_SOURCE=common/history/buildings/00_west_europe.txt:common/history/buildings/00_west_europe.txt:1314
GBR,STATE_WALES,building_paper_mill,3,0,REMOVE,COVERED_OWNER_STATE_WITH_NO_FINAL_HISTORICAL_TARGET_FOR_THIS_BUILDING,NO,NO,COVERAGE_COMPLETE,Coverage_Status=COVERED_POSITIVE | Research_Files=BUILD_START_1776_WESTERN_EUROPE_RESEARCH.csv;BUILD_START_1776_WESTERN_EUROPE_RESEARCH.md | CURRENT_SOURCE=common/history/buildings/00_west_europe.txt:common/history/buildings/00_west_europe.txt:1286
GBR,STATE_WALES,building_trade_center,1,0,REMOVE,COVERED_OWNER_STATE_WITH_NO_FINAL_HISTORICAL_TARGET_FOR_THIS_BUILDING,NO,NO,COVERAGE_COMPLETE,Coverage_Status=COVERED_POSITIVE | Research_Files=BUILD_START_1776_WESTERN_EUROPE_RESEARCH.csv;BUILD_START_1776_WESTERN_EUROPE_RESEARCH.md | CURRENT_SOURCE=common/history/buildings/00_west_europe.txt:common/history/buildings/00_west_europe.txt:1273
GBR,STATE_WEST_COUNTRY,building_government_administration,5,0,REMOVE,COVERED_OWNER_STATE_WITH_NO_FINAL_HISTORICAL_TARGET_FOR_THIS_BUILDING,NO,NO,COVERAGE_COMPLETE,Coverage_Status=COVERED_POSITIVE | Research_Files=BUILD_START_1776_WESTERN_EUROPE_RESEARCH.csv;BUILD_START_1776_WESTERN_EUROPE_RESEARCH.md | CURRENT_SOURCE=common/history/buildings/00_west_europe.txt:common/history/buildings/00_west_europe.txt:1717
GBR,STATE_WEST_COUNTRY,building_livestock_ranch,3,0,REMOVE,COVERED_OWNER_STATE_WITH_NO_FINAL_HISTORICAL_TARGET_FOR_THIS_BUILDING,NO,NO,COVERAGE_COMPLETE,Coverage_Status=COVERED_POSITIVE | Research_Files=BUILD_START_1776_WESTERN_EUROPE_RESEARCH.csv;BUILD_START_1776_WESTERN_EUROPE_RESEARCH.md | CURRENT_SOURCE=common/history/buildings/00_west_europe.txt:common/history/buildings/00_west_europe.txt:1806
GBR,STATE_WEST_COUNTRY,building_textile_mill,1,0,REMOVE,COVERED_OWNER_STATE_WITH_NO_FINAL_HISTORICAL_TARGET_FOR_THIS_BUILDING,NO,NO,COVERAGE_COMPLETE,Coverage_Status=COVERED_POSITIVE | Research_Files=BUILD_START_1776_WESTERN_EUROPE_RESEARCH.csv;BUILD_START_1776_WESTERN_EUROPE_RESEARCH.md | CURRENT_SOURCE=common/history/buildings/00_west_europe.txt:common/history/buildings/00_west_europe.txt:1748
GBR,STATE_WEST_COUNTRY,building_wheat_farm,2,0,REMOVE,COVERED_OWNER_STATE_WITH_NO_FINAL_HISTORICAL_TARGET_FOR_THIS_BUILDING,NO,NO,COVERAGE_COMPLETE,Coverage_Status=COVERED_POSITIVE | Research_Files=BUILD_START_1776_WESTERN_EUROPE_RESEARCH.csv;BUILD_START_1776_WESTERN_EUROPE_RESEARCH.md | CURRENT_SOURCE=common/history/buildings/00_west_europe.txt:common/history/buildings/00_west_europe.txt:1793
GBR,STATE_WEST_INDIES,building_coffee_plantation,2,0,REMOVE,COVERED_OWNER_STATE_WITH_NO_FINAL_HISTORICAL_TARGET_FOR_THIS_BUILDING,NO,NO,COVERAGE_COMPLETE,Coverage_Status=COVERED_POSITIVE | Research_Files=BUILD_START_1776_AMERICAS_CARIBBEAN_RESEARCH.csv;BUILD_START_1776_AMERICAS_CARIBBEAN_RESEARCH.md | CURRENT_SOURCE=common/history/buildings/06_central_america.txt:common/history/buildings/06_central_america.txt:717
GBR,STATE_WEST_INDIES,building_tobacco_plantation,2,0,REMOVE,COVERED_OWNER_STATE_WITH_NO_FINAL_HISTORICAL_TARGET_FOR_THIS_BUILDING,NO,NO,COVERAGE_COMPLETE,Coverage_Status=COVERED_POSITIVE | Research_Files=BUILD_START_1776_AMERICAS_CARIBBEAN_RESEARCH.csv;BUILD_START_1776_AMERICAS_CARIBBEAN_RESEARCH.md | CURRENT_SOURCE=common/history/buildings/06_central_america.txt:common/history/buildings/06_central_america.txt:730
GBR,STATE_YORKSHIRE,building_construction_sector,2,0,REMOVE,COVERED_OWNER_STATE_WITH_NO_FINAL_HISTORICAL_TARGET_FOR_THIS_BUILDING,NO,NO,COVERAGE_COMPLETE,Coverage_Status=COVERED_POSITIVE | Research_Files=BUILD_START_1776_WESTERN_EUROPE_RESEARCH.csv;BUILD_START_1776_WESTERN_EUROPE_RESEARCH.md | CURRENT_SOURCE=common/history/buildings/00_west_europe.txt:common/history/buildings/00_west_europe.txt:1357
GBR,STATE_YORKSHIRE,building_government_administration,5,0,REMOVE,COVERED_OWNER_STATE_WITH_NO_FINAL_HISTORICAL_TARGET_FOR_THIS_BUILDING,NO,NO,COVERAGE_COMPLETE,Coverage_Status=COVERED_POSITIVE | Research_Files=BUILD_START_1776_WESTERN_EUROPE_RESEARCH.csv;BUILD_START_1776_WESTERN_EUROPE_RESEARCH.md | CURRENT_SOURCE=common/history/buildings/00_west_europe.txt:common/history/buildings/00_west_europe.txt:1331
GBR,STATE_YORKSHIRE,building_livestock_ranch,3,0,REMOVE,COVERED_OWNER_STATE_WITH_NO_FINAL_HISTORICAL_TARGET_FOR_THIS_BUILDING,NO,NO,COVERAGE_COMPLETE,Coverage_Status=COVERED_POSITIVE | Research_Files=BUILD_START_1776_WESTERN_EUROPE_RESEARCH.csv;BUILD_START_1776_WESTERN_EUROPE_RESEARCH.md | CURRENT_SOURCE=common/history/buildings/00_west_europe.txt:common/history/buildings/00_west_europe.txt:1382
GBR,STATE_YORKSHIRE,building_port,2,0,REMOVE,COVERED_OWNER_STATE_WITH_NO_FINAL_HISTORICAL_TARGET_FOR_THIS_BUILDING,NO,NO,COVERAGE_COMPLETE,Coverage_Status=COVERED_POSITIVE | Research_Files=BUILD_START_1776_WESTERN_EUROPE_RESEARCH.csv;BUILD_START_1776_WESTERN_EUROPE_RESEARCH.md | CURRENT_SOURCE=common/history/buildings/00_west_europe.txt:common/history/buildings/00_west_europe.txt:1396
GBR,STATE_YORKSHIRE,building_rye_farm,5,0,REMOVE,COVERED_OWNER_STATE_WITH_NO_FINAL_HISTORICAL_TARGET_FOR_THIS_BUILDING,NO,NO,COVERAGE_COMPLETE,Coverage_Status=COVERED_POSITIVE | Research_Files=BUILD_START_1776_WESTERN_EUROPE_RESEARCH.csv;BUILD_START_1776_WESTERN_EUROPE_RESEARCH.md | CURRENT_SOURCE=common/history/buildings/00_west_europe.txt:common/history/buildings/00_west_europe.txt:1369
GLD,STATE_SOMALILAND,building_fishing_wharf,1,0,REMOVE,COVERED_OWNER_STATE_WITH_NO_FINAL_HISTORICAL_TARGET_FOR_THIS_BUILDING,NO,NO,COVERAGE_COMPLETE,Coverage_Status=COVERED_ZERO_POSITIVE | Research_Files=BUILD_START_1776_SUPPLEMENTAL_OWNER_STATE_COVERAGE_CORRIGE.csv | CURRENT_SOURCE=common/history/buildings/04_subsaharan_africa.txt:common/history/buildings/04_subsaharan_africa.txt:1148
GLD,STATE_SOMALILAND,building_millet_farm,1,0,REMOVE,COVERED_OWNER_STATE_WITH_NO_FINAL_HISTORICAL_TARGET_FOR_THIS_BUILDING,NO,NO,COVERAGE_COMPLETE,Coverage_Status=COVERED_ZERO_POSITIVE | Research_Files=BUILD_START_1776_SUPPLEMENTAL_OWNER_STATE_COVERAGE_CORRIGE.csv | CURRENT_SOURCE=common/history/buildings/04_subsaharan_africa.txt:common/history/buildings/04_subsaharan_africa.txt:1135
GR3,STATE_SICILY,building_fishing_wharf,1,0,REMOVE,COVERED_OWNER_STATE_WITH_NO_FINAL_HISTORICAL_TARGET_FOR_THIS_BUILDING,NO,NO,COVERAGE_COMPLETE,Coverage_Status=COVERED_POSITIVE | Research_Files=BUILD_START_1776_CENTRAL_EUROPE_GERMAN_ITALY_RESEARCH.csv;BUILD_START_1776_CENTRAL_EUROPE_GERMAN_ITALY_RESEARCH.md | CURRENT_SOURCE=common/history/buildings/01_south_europe.txt:common/history/buildings/01_south_europe.txt:2050
GR3,STATE_SICILY,building_government_administration,3,0,REMOVE,COVERED_OWNER_STATE_WITH_NO_FINAL_HISTORICAL_TARGET_FOR_THIS_BUILDING,NO,NO,COVERAGE_COMPLETE,Coverage_Status=COVERED_POSITIVE | Research_Files=BUILD_START_1776_CENTRAL_EUROPE_GERMAN_ITALY_RESEARCH.csv;BUILD_START_1776_CENTRAL_EUROPE_GERMAN_ITALY_RESEARCH.md | CURRENT_SOURCE=common/history/buildings/01_south_europe.txt:common/history/buildings/01_south_europe.txt:1994
GR3,STATE_SICILY,building_sulfur_mine,5,0,REMOVE,COVERED_OWNER_STATE_WITH_NO_FINAL_HISTORICAL_TARGET_FOR_THIS_BUILDING,NO,NO,COVERAGE_COMPLETE,Coverage_Status=COVERED_POSITIVE | Research_Files=BUILD_START_1776_CENTRAL_EUROPE_GERMAN_ITALY_RESEARCH.csv;BUILD_START_1776_CENTRAL_EUROPE_GERMAN_ITALY_RESEARCH.md | CURRENT_SOURCE=common/history/buildings/01_south_europe.txt:common/history/buildings/01_south_europe.txt:2024
GR5,STATE_SANTO_DOMINGO,building_banana_plantation,1,0,REMOVE,COVERED_OWNER_STATE_WITH_NO_FINAL_HISTORICAL_TARGET_FOR_THIS_BUILDING,NO,NO,COVERAGE_COMPLETE,Coverage_Status=COVERED_POSITIVE | Research_Files=BUILD_START_1776_AMERICAS_CARIBBEAN_RESEARCH.csv;BUILD_START_1776_AMERICAS_CARIBBEAN_RESEARCH.md | CURRENT_SOURCE=common/history/buildings/06_central_america.txt:common/history/buildings/06_central_america.txt:413
GR5,STATE_SANTO_DOMINGO,building_government_administration,1,0,REMOVE,COVERED_OWNER_STATE_WITH_NO_FINAL_HISTORICAL_TARGET_FOR_THIS_BUILDING,NO,NO,COVERAGE_COMPLETE,Coverage_Status=COVERED_POSITIVE | Research_Files=BUILD_START_1776_AMERICAS_CARIBBEAN_RESEARCH.csv;BUILD_START_1776_AMERICAS_CARIBBEAN_RESEARCH.md | CURRENT_SOURCE=common/history/buildings/06_central_america.txt:common/history/buildings/06_central_america.txt:376
GR5,STATE_SANTO_DOMINGO,building_rice_farm,1,0,REMOVE,COVERED_OWNER_STATE_WITH_NO_FINAL_HISTORICAL_TARGET_FOR_THIS_BUILDING,NO,NO,COVERAGE_COMPLETE,Coverage_Status=COVERED_POSITIVE | Research_Files=BUILD_START_1776_AMERICAS_CARIBBEAN_RESEARCH.csv;BUILD_START_1776_AMERICAS_CARIBBEAN_RESEARCH.md | CURRENT_SOURCE=common/history/buildings/06_central_america.txt:common/history/buildings/06_central_america.txt:426
GWA,STATE_MALWA,building_government_administration,4,0,REMOVE,COVERED_OWNER_STATE_WITH_NO_FINAL_HISTORICAL_TARGET_FOR_THIS_BUILDING,NO,NO,COVERAGE_COMPLETE,Coverage_Status=COVERED_POSITIVE | Research_Files=BUILD_START_1776_SOUTH_ASIA_RESEARCH.csv | CURRENT_SOURCE=common/history/buildings/10_india.txt:common/history/buildings/10_india.txt:924
GWA,STATE_MALWA,building_opium_plantation,5,0,REMOVE,COVERED_OWNER_STATE_WITH_NO_FINAL_HISTORICAL_TARGET_FOR_THIS_BUILDING,NO,NO,COVERAGE_COMPLETE,Coverage_Status=COVERED_POSITIVE | Research_Files=BUILD_START_1776_SOUTH_ASIA_RESEARCH.csv | CURRENT_SOURCE=common/history/buildings/10_india.txt:common/history/buildings/10_india.txt:948
GWA,STATE_RAJPUTANA,building_government_administration,4,0,REMOVE,COVERED_OWNER_STATE_WITH_NO_FINAL_HISTORICAL_TARGET_FOR_THIS_BUILDING,NO,NO,COVERAGE_COMPLETE,Coverage_Status=COVERED_POSITIVE | Research_Files=BUILD_START_1776_SOUTH_ASIA_RESEARCH.csv | CURRENT_SOURCE=common/history/buildings/10_india.txt:common/history/buildings/10_india.txt:1378
GWA,STATE_RAJPUTANA,building_opium_plantation,2,0,REMOVE,COVERED_OWNER_STATE_WITH_NO_FINAL_HISTORICAL_TARGET_FOR_THIS_BUILDING,NO,NO,COVERAGE_COMPLETE,Coverage_Status=COVERED_POSITIVE | Research_Files=BUILD_START_1776_SOUTH_ASIA_RESEARCH.csv | CURRENT_SOURCE=common/history/buildings/10_india.txt:common/history/buildings/10_india.txt:1365
HAI,STATE_HAITI,building_fishing_wharf,1,0,REMOVE,COVERED_OWNER_STATE_WITH_NO_FINAL_HISTORICAL_TARGET_FOR_THIS_BUILDING,NO,NO,COVERAGE_COMPLETE,Coverage_Status=COVERED_POSITIVE | Research_Files=BUILD_START_1776_AMERICAS_CARIBBEAN_RESEARCH.csv;BUILD_START_1776_AMERICAS_CARIBBEAN_RESEARCH.md | CURRENT_SOURCE=common/history/buildings/06_central_america.txt:common/history/buildings/06_central_america.txt:335
HAI,STATE_HAITI,building_rice_farm,1,0,REMOVE,COVERED_OWNER_STATE_WITH_NO_FINAL_HISTORICAL_TARGET_FOR_THIS_BUILDING,NO,NO,COVERAGE_COMPLETE,Coverage_Status=COVERED_POSITIVE | Research_Files=BUILD_START_1776_AMERICAS_CARIBBEAN_RESEARCH.csv;BUILD_START_1776_AMERICAS_CARIBBEAN_RESEARCH.md | CURRENT_SOURCE=common/history/buildings/06_central_america.txt:common/history/buildings/06_central_america.txt:348
HAI,STATE_HAITI,building_tobacco_plantation,2,0,REMOVE,COVERED_OWNER_STATE_WITH_NO_FINAL_HISTORICAL_TARGET_FOR_THIS_BUILDING,NO,NO,COVERAGE_COMPLETE,Coverage_Status=COVERED_POSITIVE | Research_Files=BUILD_START_1776_AMERICAS_CARIBBEAN_RESEARCH.csv;BUILD_START_1776_AMERICAS_CARIBBEAN_RESEARCH.md | CURRENT_SOURCE=common/history/buildings/06_central_america.txt:common/history/buildings/06_central_america.txt:322
HAM,STATE_ELBE,building_furniture_manufactory,1,0,REMOVE,COVERED_OWNER_STATE_WITH_NO_FINAL_HISTORICAL_TARGET_FOR_THIS_BUILDING,NO,NO,COVERAGE_COMPLETE,Coverage_Status=COVERED_POSITIVE | Research_Files=BUILD_START_1776_CENTRAL_EUROPE_GERMAN_ITALY_RESEARCH.csv;BUILD_START_1776_CENTRAL_EUROPE_GERMAN_ITALY_RESEARCH.md | CURRENT_SOURCE=common/history/buildings/00_west_europe.txt:common/history/buildings/00_west_europe.txt:5454
HAM,STATE_ELBE,building_logging_camp,1,0,REMOVE,COVERED_OWNER_STATE_WITH_NO_FINAL_HISTORICAL_TARGET_FOR_THIS_BUILDING,NO,NO,COVERAGE_COMPLETE,Coverage_Status=COVERED_POSITIVE | Research_Files=BUILD_START_1776_CENTRAL_EUROPE_GERMAN_ITALY_RESEARCH.csv;BUILD_START_1776_CENTRAL_EUROPE_GERMAN_ITALY_RESEARCH.md | CURRENT_SOURCE=common/history/buildings/00_west_europe.txt:common/history/buildings/00_west_europe.txt:5467
HAN,STATE_BRUNSWICK,building_livestock_ranch,1,0,REMOVE,COVERED_OWNER_STATE_WITH_NO_FINAL_HISTORICAL_TARGET_FOR_THIS_BUILDING,NO,NO,COVERAGE_COMPLETE,Coverage_Status=COVERED_POSITIVE | Research_Files=BUILD_START_1776_CENTRAL_EUROPE_GERMAN_ITALY_RESEARCH.csv | CURRENT_SOURCE=common/history/buildings/00_west_europe.txt:common/history/buildings/00_west_europe.txt:6701
HAN,STATE_ELBE,building_livestock_ranch,1,0,REMOVE,COVERED_OWNER_STATE_WITH_NO_FINAL_HISTORICAL_TARGET_FOR_THIS_BUILDING,NO,NO,COVERAGE_COMPLETE,Coverage_Status=COVERED_ZERO_POSITIVE | Research_Files=BUILD_START_1776_CENTRAL_EUROPE_GERMAN_ITALY_RESEARCH.md; BUILD_START_1776_SUPPLEMENTAL_OWNER_STATE_COVERAGE_CORRIGE.csv | CURRENT_SOURCE=common/history/buildings/00_west_europe.txt:common/history/buildings/00_west_europe.txt:5506
HAN,STATE_ELBE,building_logging_camp,2,0,REMOVE,COVERED_OWNER_STATE_WITH_NO_FINAL_HISTORICAL_TARGET_FOR_THIS_BUILDING,NO,NO,COVERAGE_COMPLETE,Coverage_Status=COVERED_ZERO_POSITIVE | Research_Files=BUILD_START_1776_CENTRAL_EUROPE_GERMAN_ITALY_RESEARCH.md; BUILD_START_1776_SUPPLEMENTAL_OWNER_STATE_COVERAGE_CORRIGE.csv | CURRENT_SOURCE=common/history/buildings/00_west_europe.txt:common/history/buildings/00_west_europe.txt:5519
HAN,STATE_ELBE,building_rye_farm,2,0,REMOVE,COVERED_OWNER_STATE_WITH_NO_FINAL_HISTORICAL_TARGET_FOR_THIS_BUILDING,NO,NO,COVERAGE_COMPLETE,Coverage_Status=COVERED_ZERO_POSITIVE | Research_Files=BUILD_START_1776_CENTRAL_EUROPE_GERMAN_ITALY_RESEARCH.md; BUILD_START_1776_SUPPLEMENTAL_OWNER_STATE_COVERAGE_CORRIGE.csv | CURRENT_SOURCE=common/history/buildings/00_west_europe.txt:common/history/buildings/00_west_europe.txt:5493
HAN,STATE_HANNOVER,building_iron_mine,2,0,REMOVE,COVERED_OWNER_STATE_WITH_NO_FINAL_HISTORICAL_TARGET_FOR_THIS_BUILDING,NO,NO,COVERAGE_COMPLETE,Coverage_Status=COVERED_POSITIVE | Research_Files=BUILD_START_1776_CENTRAL_EUROPE_GERMAN_ITALY_RESEARCH.csv | CURRENT_SOURCE=common/history/buildings/00_west_europe.txt:common/history/buildings/00_west_europe.txt:6641
HAN,STATE_HANNOVER,building_livestock_ranch,1,0,REMOVE,COVERED_OWNER_STATE_WITH_NO_FINAL_HISTORICAL_TARGET_FOR_THIS_BUILDING,NO,NO,COVERAGE_COMPLETE,Coverage_Status=COVERED_POSITIVE | Research_Files=BUILD_START_1776_CENTRAL_EUROPE_GERMAN_ITALY_RESEARCH.csv | CURRENT_SOURCE=common/history/buildings/00_west_europe.txt:common/history/buildings/00_west_europe.txt:6673
HAN,STATE_HANNOVER,building_port,1,0,REMOVE,COVERED_OWNER_STATE_WITH_NO_FINAL_HISTORICAL_TARGET_FOR_THIS_BUILDING,NO,NO,COVERAGE_COMPLETE,Coverage_Status=COVERED_POSITIVE | Research_Files=BUILD_START_1776_CENTRAL_EUROPE_GERMAN_ITALY_RESEARCH.csv | CURRENT_SOURCE=common/history/buildings/00_west_europe.txt:common/history/buildings/00_west_europe.txt:6686
HAN,STATE_HANNOVER,building_rye_farm,2,0,REMOVE,COVERED_OWNER_STATE_WITH_NO_FINAL_HISTORICAL_TARGET_FOR_THIS_BUILDING,NO,NO,COVERAGE_COMPLETE,Coverage_Status=COVERED_POSITIVE | Research_Files=BUILD_START_1776_CENTRAL_EUROPE_GERMAN_ITALY_RESEARCH.csv | CURRENT_SOURCE=common/history/buildings/00_west_europe.txt:common/history/buildings/00_west_europe.txt:6660
HAN,STATE_HANNOVER,building_trade_center,2,0,REMOVE,COVERED_OWNER_STATE_WITH_NO_FINAL_HISTORICAL_TARGET_FOR_THIS_BUILDING,NO,NO,COVERAGE_COMPLETE,Coverage_Status=COVERED_POSITIVE | Research_Files=BUILD_START_1776_CENTRAL_EUROPE_GERMAN_ITALY_RESEARCH.csv | CURRENT_SOURCE=common/history/buildings/00_west_europe.txt:common/history/buildings/00_west_europe.txt:6617
HAU,STATE_OUTER_HAUSALAND,building_livestock_ranch,2,0,REMOVE,COVERED_OWNER_STATE_WITH_NO_FINAL_HISTORICAL_TARGET_FOR_THIS_BUILDING,NO,NO,COVERAGE_COMPLETE,Coverage_Status=COVERED_ZERO_POSITIVE | Research_Files=BUILD_START_1776_SUPPLEMENTAL_OWNER_STATE_COVERAGE_CORRIGE.csv | CURRENT_SOURCE=common/history/buildings/04_subsaharan_africa.txt:common/history/buildings/04_subsaharan_africa.txt:367
HAU,STATE_OUTER_HAUSALAND,building_millet_farm,1,0,REMOVE,COVERED_OWNER_STATE_WITH_NO_FINAL_HISTORICAL_TARGET_FOR_THIS_BUILDING,NO,NO,COVERAGE_COMPLETE,Coverage_Status=COVERED_ZERO_POSITIVE | Research_Files=BUILD_START_1776_SUPPLEMENTAL_OWNER_STATE_COVERAGE_CORRIGE.csv | CURRENT_SOURCE=common/history/buildings/04_subsaharan_africa.txt:common/history/buildings/04_subsaharan_africa.txt:380
HAW,STATE_HAWAIIAN_ISLANDS,building_banana_plantation,1,0,REMOVE,COVERED_OWNER_STATE_WITH_NO_FINAL_HISTORICAL_TARGET_FOR_THIS_BUILDING,NO,NO,COVERAGE_COMPLETE,Coverage_Status=COVERED_POSITIVE | Research_Files=BUILD_START_1776_AMERICAS_CARIBBEAN_RESEARCH.md; BUILD_START_1776_OCEANIA_PACIFIC_RESEARCH.csv; BUILD_START_1776_OCEANIA_PACIFIC_RESEARCH.md; BUILD_START_1776_SUPPLEMENTAL_CONFLICT_REVIEW_CORRIGE.md | CURRENT_SOURCE=common/history/buildings/05_north_america.txt:common/history/buildings/05_north_america.txt:1775
HAW,STATE_HAWAIIAN_ISLANDS,building_government_administration,1,0,REMOVE,COVERED_OWNER_STATE_WITH_NO_FINAL_HISTORICAL_TARGET_FOR_THIS_BUILDING,NO,NO,COVERAGE_COMPLETE,Coverage_Status=COVERED_POSITIVE | Research_Files=BUILD_START_1776_AMERICAS_CARIBBEAN_RESEARCH.md; BUILD_START_1776_OCEANIA_PACIFIC_RESEARCH.csv; BUILD_START_1776_OCEANIA_PACIFIC_RESEARCH.md; BUILD_START_1776_SUPPLEMENTAL_CONFLICT_REVIEW_CORRIGE.md | CURRENT_SOURCE=common/history/buildings/05_north_america.txt:common/history/buildings/05_north_america.txt:1738
HAW,STATE_HAWAIIAN_ISLANDS,building_logging_camp,1,0,REMOVE,COVERED_OWNER_STATE_WITH_NO_FINAL_HISTORICAL_TARGET_FOR_THIS_BUILDING,NO,NO,COVERAGE_COMPLETE,Coverage_Status=COVERED_POSITIVE | Research_Files=BUILD_START_1776_AMERICAS_CARIBBEAN_RESEARCH.md; BUILD_START_1776_OCEANIA_PACIFIC_RESEARCH.csv; BUILD_START_1776_OCEANIA_PACIFIC_RESEARCH.md; BUILD_START_1776_SUPPLEMENTAL_CONFLICT_REVIEW_CORRIGE.md | CURRENT_SOURCE=common/history/buildings/05_north_america.txt:common/history/buildings/05_north_america.txt:1788
HAW,STATE_HAWAIIAN_ISLANDS,building_port,1,0,REMOVE,COVERED_OWNER_STATE_WITH_NO_FINAL_HISTORICAL_TARGET_FOR_THIS_BUILDING,NO,NO,COVERAGE_COMPLETE,Coverage_Status=COVERED_POSITIVE | Research_Files=BUILD_START_1776_AMERICAS_CARIBBEAN_RESEARCH.md; BUILD_START_1776_OCEANIA_PACIFIC_RESEARCH.csv; BUILD_START_1776_OCEANIA_PACIFIC_RESEARCH.md; BUILD_START_1776_SUPPLEMENTAL_CONFLICT_REVIEW_CORRIGE.md | CURRENT_SOURCE=common/history/buildings/05_north_america.txt:common/history/buildings/05_north_america.txt:1814
HAW,STATE_HAWAIIAN_ISLANDS,building_rice_farm,1,0,REMOVE,COVERED_OWNER_STATE_WITH_NO_FINAL_HISTORICAL_TARGET_FOR_THIS_BUILDING,NO,NO,COVERAGE_COMPLETE,Coverage_Status=COVERED_POSITIVE | Research_Files=BUILD_START_1776_AMERICAS_CARIBBEAN_RESEARCH.md; BUILD_START_1776_OCEANIA_PACIFIC_RESEARCH.csv; BUILD_START_1776_OCEANIA_PACIFIC_RESEARCH.md; BUILD_START_1776_SUPPLEMENTAL_CONFLICT_REVIEW_CORRIGE.md | CURRENT_SOURCE=common/history/buildings/05_north_america.txt:common/history/buildings/05_north_america.txt:1762
HAW,STATE_HAWAIIAN_ISLANDS,building_sugar_plantation,1,0,REMOVE,COVERED_OWNER_STATE_WITH_NO_FINAL_HISTORICAL_TARGET_FOR_THIS_BUILDING,NO,NO,COVERAGE_COMPLETE,Coverage_Status=COVERED_POSITIVE | Research_Files=BUILD_START_1776_AMERICAS_CARIBBEAN_RESEARCH.md; BUILD_START_1776_OCEANIA_PACIFIC_RESEARCH.csv; BUILD_START_1776_OCEANIA_PACIFIC_RESEARCH.md; BUILD_START_1776_SUPPLEMENTAL_CONFLICT_REVIEW_CORRIGE.md | CURRENT_SOURCE=common/history/buildings/05_north_america.txt:common/history/buildings/05_north_america.txt:1749
HBC,STATE_MANITOBA,building_logging_camp,2,0,REMOVE,COVERED_OWNER_STATE_WITH_NO_FINAL_HISTORICAL_TARGET_FOR_THIS_BUILDING,NO,NO,COVERAGE_COMPLETE,Coverage_Status=COVERED_POSITIVE | Research_Files=BUILD_START_1776_AMERICAS_CARIBBEAN_RESEARCH.csv;BUILD_START_1776_AMERICAS_CARIBBEAN_RESEARCH.md | CURRENT_SOURCE=common/history/buildings/05_north_america.txt:common/history/buildings/05_north_america.txt:2185
HBC,STATE_ONTARIO,building_logging_camp,1,0,REMOVE,COVERED_OWNER_STATE_WITH_NO_FINAL_HISTORICAL_TARGET_FOR_THIS_BUILDING,NO,NO,COVERAGE_COMPLETE,Coverage_Status=COVERED_POSITIVE | Research_Files=BUILD_START_1776_AMERICAS_CARIBBEAN_RESEARCH.csv;BUILD_START_1776_AMERICAS_CARIBBEAN_RESEARCH.md | CURRENT_SOURCE=common/history/buildings/05_north_america.txt:common/history/buildings/05_north_america.txt:1829
HBC,STATE_QUEBEC,building_logging_camp,1,0,REMOVE,COVERED_OWNER_STATE_WITH_NO_FINAL_HISTORICAL_TARGET_FOR_THIS_BUILDING,NO,NO,COVERAGE_COMPLETE,Coverage_Status=COVERED_ZERO_POSITIVE | Research_Files=BUILD_START_1776_AMERICAS_CARIBBEAN_RESEARCH.md | CURRENT_SOURCE=common/history/buildings/05_north_america.txt:common/history/buildings/05_north_america.txt:2136
HDJ,STATE_HEDJAZ,building_livestock_ranch,2,0,REMOVE,COVERED_OWNER_STATE_WITH_NO_FINAL_HISTORICAL_TARGET_FOR_THIS_BUILDING,NO,NO,COVERAGE_COMPLETE,Coverage_Status=COVERED_POSITIVE | Research_Files=BUILD_START_1776_R3_OWNER_STATE_COVERAGE.csv;BUILD_START_1776_R3_RECOMMENDATIONS.csv | CURRENT_SOURCE=common/history/buildings/08_middle_east.txt:common/history/buildings/08_middle_east.txt:183
HEK,STATE_HESSE,building_livestock_ranch,1,0,REMOVE,COVERED_OWNER_STATE_WITH_NO_FINAL_HISTORICAL_TARGET_FOR_THIS_BUILDING,NO,NO,COVERAGE_COMPLETE,Coverage_Status=COVERED_POSITIVE | Research_Files=BUILD_START_1776_CENTRAL_EUROPE_GERMAN_ITALY_RESEARCH.csv | CURRENT_SOURCE=common/history/buildings/00_west_europe.txt:common/history/buildings/00_west_europe.txt:7375
HEK,STATE_HESSE,building_logging_camp,1,0,REMOVE,COVERED_OWNER_STATE_WITH_NO_FINAL_HISTORICAL_TARGET_FOR_THIS_BUILDING,NO,NO,COVERAGE_COMPLETE,Coverage_Status=COVERED_POSITIVE | Research_Files=BUILD_START_1776_CENTRAL_EUROPE_GERMAN_ITALY_RESEARCH.csv | CURRENT_SOURCE=common/history/buildings/00_west_europe.txt:common/history/buildings/00_west_europe.txt:7388
HEK,STATE_HESSE,building_rye_farm,2,0,REMOVE,COVERED_OWNER_STATE_WITH_NO_FINAL_HISTORICAL_TARGET_FOR_THIS_BUILDING,NO,NO,COVERAGE_COMPLETE,Coverage_Status=COVERED_POSITIVE | Research_Files=BUILD_START_1776_CENTRAL_EUROPE_GERMAN_ITALY_RESEARCH.csv | CURRENT_SOURCE=common/history/buildings/00_west_europe.txt:common/history/buildings/00_west_europe.txt:7362
HES,STATE_HESSE,building_iron_mine,1,0,REMOVE,COVERED_OWNER_STATE_WITH_NO_FINAL_HISTORICAL_TARGET_FOR_THIS_BUILDING,NO,NO,COVERAGE_COMPLETE,Coverage_Status=COVERED_POSITIVE | Research_Files=BUILD_START_1776_CENTRAL_EUROPE_GERMAN_ITALY_RESEARCH.csv | CURRENT_SOURCE=common/history/buildings/00_west_europe.txt:common/history/buildings/00_west_europe.txt:7321
HES,STATE_HESSE,building_livestock_ranch,2,0,REMOVE,COVERED_OWNER_STATE_WITH_NO_FINAL_HISTORICAL_TARGET_FOR_THIS_BUILDING,NO,NO,COVERAGE_COMPLETE,Coverage_Status=COVERED_POSITIVE | Research_Files=BUILD_START_1776_CENTRAL_EUROPE_GERMAN_ITALY_RESEARCH.csv | CURRENT_SOURCE=common/history/buildings/00_west_europe.txt:common/history/buildings/00_west_europe.txt:7347
HES,STATE_HESSE,building_paper_mill,1,0,REMOVE,COVERED_OWNER_STATE_WITH_NO_FINAL_HISTORICAL_TARGET_FOR_THIS_BUILDING,NO,NO,COVERAGE_COMPLETE,Coverage_Status=COVERED_POSITIVE | Research_Files=BUILD_START_1776_CENTRAL_EUROPE_GERMAN_ITALY_RESEARCH.csv | CURRENT_SOURCE=common/history/buildings/00_west_europe.txt:common/history/buildings/00_west_europe.txt:7297
HES,STATE_HESSE,building_rye_farm,2,0,REMOVE,COVERED_OWNER_STATE_WITH_NO_FINAL_HISTORICAL_TARGET_FOR_THIS_BUILDING,NO,NO,COVERAGE_COMPLETE,Coverage_Status=COVERED_POSITIVE | Research_Files=BUILD_START_1776_CENTRAL_EUROPE_GERMAN_ITALY_RESEARCH.csv | CURRENT_SOURCE=common/history/buildings/00_west_europe.txt:common/history/buildings/00_west_europe.txt:7334
HES,STATE_HESSE,building_tooling_workshop,1,0,REMOVE,COVERED_OWNER_STATE_WITH_NO_FINAL_HISTORICAL_TARGET_FOR_THIS_BUILDING,NO,NO,COVERAGE_COMPLETE,Coverage_Status=COVERED_POSITIVE | Research_Files=BUILD_START_1776_CENTRAL_EUROPE_GERMAN_ITALY_RESEARCH.csv | CURRENT_SOURCE=common/history/buildings/00_west_europe.txt:common/history/buildings/00_west_europe.txt:7308
HOH,STATE_WURTTEMBERG,building_wheat_farm,1,0,REMOVE,COVERED_OWNER_STATE_WITH_NO_FINAL_HISTORICAL_TARGET_FOR_THIS_BUILDING,NO,NO,COVERAGE_COMPLETE,Coverage_Status=COVERED_ZERO_POSITIVE | Research_Files=BUILD_START_1776_CENTRAL_EUROPE_GERMAN_ITALY_RESEARCH.md; BUILD_START_1776_SUPPLEMENTAL_OWNER_STATE_COVERAGE_CORRIGE.csv | CURRENT_SOURCE=common/history/buildings/00_west_europe.txt:common/history/buildings/00_west_europe.txt:6485
HOL,STATE_SCHLESWIG_HOLSTEIN,building_fishing_wharf,1,0,REMOVE,COVERED_OWNER_STATE_WITH_NO_FINAL_HISTORICAL_TARGET_FOR_THIS_BUILDING,NO,NO,COVERAGE_COMPLETE,Coverage_Status=COVERED_POSITIVE | Research_Files=BUILD_START_1776_CENTRAL_EUROPE_GERMAN_ITALY_RESEARCH.csv | CURRENT_SOURCE=common/history/buildings/00_west_europe.txt:common/history/buildings/00_west_europe.txt:6257
HOL,STATE_SCHLESWIG_HOLSTEIN,building_logging_camp,2,0,REMOVE,COVERED_OWNER_STATE_WITH_NO_FINAL_HISTORICAL_TARGET_FOR_THIS_BUILDING,NO,NO,COVERAGE_COMPLETE,Coverage_Status=COVERED_POSITIVE | Research_Files=BUILD_START_1776_CENTRAL_EUROPE_GERMAN_ITALY_RESEARCH.csv | CURRENT_SOURCE=common/history/buildings/00_west_europe.txt:common/history/buildings/00_west_europe.txt:6270
HOL,STATE_SCHLESWIG_HOLSTEIN,building_rye_farm,1,0,REMOVE,COVERED_OWNER_STATE_WITH_NO_FINAL_HISTORICAL_TARGET_FOR_THIS_BUILDING,NO,NO,COVERAGE_COMPLETE,Coverage_Status=COVERED_POSITIVE | Research_Files=BUILD_START_1776_CENTRAL_EUROPE_GERMAN_ITALY_RESEARCH.csv | CURRENT_SOURCE=common/history/buildings/00_west_europe.txt:common/history/buildings/00_west_europe.txt:6231
HUN,STATE_BANAT,building_livestock_ranch,4,0,REMOVE,COVERED_OWNER_STATE_WITH_NO_FINAL_HISTORICAL_TARGET_FOR_THIS_BUILDING,NO,NO,COVERAGE_COMPLETE,Coverage_Status=COVERED_POSITIVE | Research_Files=BUILD_START_1776_SUPPLEMENTAL_OWNER_STATE_COVERAGE_CORRIGE.csv; BUILD_START_1776_SUPPLEMENTAL_RESEARCH_CORRIGE.csv | CURRENT_SOURCE=common/history/buildings/02_east_europe.txt:common/history/buildings/02_east_europe.txt:1025
HUN,STATE_BEKES,building_livestock_ranch,2,0,REMOVE,COVERED_OWNER_STATE_WITH_NO_FINAL_HISTORICAL_TARGET_FOR_THIS_BUILDING,NO,NO,COVERAGE_COMPLETE,Coverage_Status=COVERED_ZERO_POSITIVE | Research_Files=BUILD_START_1776_SUPPLEMENTAL_OWNER_STATE_COVERAGE_CORRIGE.csv | CURRENT_SOURCE=common/history/buildings/02_east_europe.txt:common/history/buildings/02_east_europe.txt:891
HUN,STATE_BEKES,building_wheat_farm,2,0,REMOVE,COVERED_OWNER_STATE_WITH_NO_FINAL_HISTORICAL_TARGET_FOR_THIS_BUILDING,NO,NO,COVERAGE_COMPLETE,Coverage_Status=COVERED_ZERO_POSITIVE | Research_Files=BUILD_START_1776_SUPPLEMENTAL_OWNER_STATE_COVERAGE_CORRIGE.csv | CURRENT_SOURCE=common/history/buildings/02_east_europe.txt:common/history/buildings/02_east_europe.txt:878
HUN,STATE_CENTRAL_HUNGARY,building_construction_sector,1,0,REMOVE,COVERED_OWNER_STATE_WITH_NO_FINAL_HISTORICAL_TARGET_FOR_THIS_BUILDING,NO,NO,COVERAGE_COMPLETE,Coverage_Status=COVERED_POSITIVE | Research_Files=BUILD_START_1776_SUPPLEMENTAL_OWNER_STATE_COVERAGE_CORRIGE.csv; BUILD_START_1776_SUPPLEMENTAL_RESEARCH_CORRIGE.csv | CURRENT_SOURCE=common/history/buildings/02_east_europe.txt:common/history/buildings/02_east_europe.txt:751
HUN,STATE_CENTRAL_HUNGARY,building_food_industry,2,0,REMOVE,COVERED_OWNER_STATE_WITH_NO_FINAL_HISTORICAL_TARGET_FOR_THIS_BUILDING,NO,NO,COVERAGE_COMPLETE,Coverage_Status=COVERED_POSITIVE | Research_Files=BUILD_START_1776_SUPPLEMENTAL_OWNER_STATE_COVERAGE_CORRIGE.csv; BUILD_START_1776_SUPPLEMENTAL_RESEARCH_CORRIGE.csv | CURRENT_SOURCE=common/history/buildings/02_east_europe.txt:common/history/buildings/02_east_europe.txt:804
HUN,STATE_CENTRAL_HUNGARY,building_government_administration,5,0,REMOVE,COVERED_OWNER_STATE_WITH_NO_FINAL_HISTORICAL_TARGET_FOR_THIS_BUILDING,NO,NO,COVERAGE_COMPLETE,Coverage_Status=COVERED_POSITIVE | Research_Files=BUILD_START_1776_SUPPLEMENTAL_OWNER_STATE_COVERAGE_CORRIGE.csv; BUILD_START_1776_SUPPLEMENTAL_RESEARCH_CORRIGE.csv | CURRENT_SOURCE=common/history/buildings/02_east_europe.txt:common/history/buildings/02_east_europe.txt:740
HUN,STATE_CENTRAL_HUNGARY,building_iron_mine,2,0,REMOVE,COVERED_OWNER_STATE_WITH_NO_FINAL_HISTORICAL_TARGET_FOR_THIS_BUILDING,NO,NO,COVERAGE_COMPLETE,Coverage_Status=COVERED_POSITIVE | Research_Files=BUILD_START_1776_SUPPLEMENTAL_OWNER_STATE_COVERAGE_CORRIGE.csv; BUILD_START_1776_SUPPLEMENTAL_RESEARCH_CORRIGE.csv | CURRENT_SOURCE=common/history/buildings/02_east_europe.txt:common/history/buildings/02_east_europe.txt:785
HUN,STATE_CENTRAL_HUNGARY,building_livestock_ranch,3,0,REMOVE,COVERED_OWNER_STATE_WITH_NO_FINAL_HISTORICAL_TARGET_FOR_THIS_BUILDING,NO,NO,COVERAGE_COMPLETE,Coverage_Status=COVERED_POSITIVE | Research_Files=BUILD_START_1776_SUPPLEMENTAL_OWNER_STATE_COVERAGE_CORRIGE.csv; BUILD_START_1776_SUPPLEMENTAL_RESEARCH_CORRIGE.csv | CURRENT_SOURCE=common/history/buildings/02_east_europe.txt:common/history/buildings/02_east_europe.txt:861
HUN,STATE_CENTRAL_HUNGARY,building_trade_center,3,0,REMOVE,COVERED_OWNER_STATE_WITH_NO_FINAL_HISTORICAL_TARGET_FOR_THIS_BUILDING,NO,NO,COVERAGE_COMPLETE,Coverage_Status=COVERED_POSITIVE | Research_Files=BUILD_START_1776_SUPPLEMENTAL_OWNER_STATE_COVERAGE_CORRIGE.csv; BUILD_START_1776_SUPPLEMENTAL_RESEARCH_CORRIGE.csv | CURRENT_SOURCE=common/history/buildings/02_east_europe.txt:common/history/buildings/02_east_europe.txt:762
HUN,STATE_CENTRAL_HUNGARY,building_university,2,0,REMOVE,COVERED_OWNER_STATE_WITH_NO_FINAL_HISTORICAL_TARGET_FOR_THIS_BUILDING,NO,NO,COVERAGE_COMPLETE,Coverage_Status=COVERED_POSITIVE | Research_Files=BUILD_START_1776_SUPPLEMENTAL_OWNER_STATE_COVERAGE_CORRIGE.csv; BUILD_START_1776_SUPPLEMENTAL_RESEARCH_CORRIGE.csv | CURRENT_SOURCE=common/history/buildings/02_east_europe.txt:common/history/buildings/02_east_europe.txt:774
HUN,STATE_CENTRAL_HUNGARY,building_vineyard,4,0,REMOVE,COVERED_OWNER_STATE_WITH_NO_FINAL_HISTORICAL_TARGET_FOR_THIS_BUILDING,NO,NO,COVERAGE_COMPLETE,Coverage_Status=COVERED_POSITIVE | Research_Files=BUILD_START_1776_SUPPLEMENTAL_OWNER_STATE_COVERAGE_CORRIGE.csv; BUILD_START_1776_SUPPLEMENTAL_RESEARCH_CORRIGE.csv | CURRENT_SOURCE=common/history/buildings/02_east_europe.txt:common/history/buildings/02_east_europe.txt:836
HUN,STATE_DELVIDEK,building_livestock_ranch,3,0,REMOVE,COVERED_OWNER_STATE_WITH_NO_FINAL_HISTORICAL_TARGET_FOR_THIS_BUILDING,NO,NO,COVERAGE_COMPLETE,Coverage_Status=COVERED_ZERO_POSITIVE | Research_Files=BUILD_START_1776_SUPPLEMENTAL_OWNER_STATE_COVERAGE_CORRIGE.csv | CURRENT_SOURCE=common/history/buildings/02_east_europe.txt:common/history/buildings/02_east_europe.txt:995
HUN,STATE_DELVIDEK,building_wheat_farm,1,0,REMOVE,COVERED_OWNER_STATE_WITH_NO_FINAL_HISTORICAL_TARGET_FOR_THIS_BUILDING,NO,NO,COVERAGE_COMPLETE,Coverage_Status=COVERED_ZERO_POSITIVE | Research_Files=BUILD_START_1776_SUPPLEMENTAL_OWNER_STATE_COVERAGE_CORRIGE.csv | CURRENT_SOURCE=common/history/buildings/02_east_europe.txt:common/history/buildings/02_east_europe.txt:982
HUN,STATE_RUTHENIA,building_logging_camp,3,0,REMOVE,COVERED_OWNER_STATE_WITH_NO_FINAL_HISTORICAL_TARGET_FOR_THIS_BUILDING,NO,NO,COVERAGE_COMPLETE,Coverage_Status=COVERED_ZERO_POSITIVE | Research_Files=BUILD_START_1776_SUPPLEMENTAL_OWNER_STATE_COVERAGE_CORRIGE.csv | CURRENT_SOURCE=common/history/buildings/02_east_europe.txt:common/history/buildings/02_east_europe.txt:1132
HUN,STATE_RUTHENIA,building_wheat_farm,1,0,REMOVE,COVERED_OWNER_STATE_WITH_NO_FINAL_HISTORICAL_TARGET_FOR_THIS_BUILDING,NO,NO,COVERAGE_COMPLETE,Coverage_Status=COVERED_ZERO_POSITIVE | Research_Files=BUILD_START_1776_SUPPLEMENTAL_OWNER_STATE_COVERAGE_CORRIGE.csv | CURRENT_SOURCE=common/history/buildings/02_east_europe.txt:common/history/buildings/02_east_europe.txt:1119
HUN,STATE_SLOVAKIA,building_furniture_manufactory,2,0,REMOVE,COVERED_OWNER_STATE_WITH_NO_FINAL_HISTORICAL_TARGET_FOR_THIS_BUILDING,NO,NO,COVERAGE_COMPLETE,Coverage_Status=COVERED_ZERO_POSITIVE | Research_Files=BUILD_START_1776_SUPPLEMENTAL_OWNER_STATE_COVERAGE_CORRIGE.csv | CURRENT_SOURCE=common/history/buildings/02_east_europe.txt:common/history/buildings/02_east_europe.txt:1070
HUN,STATE_SLOVAKIA,building_government_administration,3,0,REMOVE,COVERED_OWNER_STATE_WITH_NO_FINAL_HISTORICAL_TARGET_FOR_THIS_BUILDING,NO,NO,COVERAGE_COMPLETE,Coverage_Status=COVERED_ZERO_POSITIVE | Research_Files=BUILD_START_1776_SUPPLEMENTAL_OWNER_STATE_COVERAGE_CORRIGE.csv | CURRENT_SOURCE=common/history/buildings/02_east_europe.txt:common/history/buildings/02_east_europe.txt:1048
HUN,STATE_SLOVAKIA,building_iron_mine,1,0,REMOVE,COVERED_OWNER_STATE_WITH_NO_FINAL_HISTORICAL_TARGET_FOR_THIS_BUILDING,NO,NO,COVERAGE_COMPLETE,Coverage_Status=COVERED_ZERO_POSITIVE | Research_Files=BUILD_START_1776_SUPPLEMENTAL_OWNER_STATE_COVERAGE_CORRIGE.csv | CURRENT_SOURCE=common/history/buildings/02_east_europe.txt:common/history/buildings/02_east_europe.txt:1089
HUN,STATE_SLOVAKIA,building_vineyard,1,0,REMOVE,COVERED_OWNER_STATE_WITH_NO_FINAL_HISTORICAL_TARGET_FOR_THIS_BUILDING,NO,NO,COVERAGE_COMPLETE,Coverage_Status=COVERED_ZERO_POSITIVE | Research_Files=BUILD_START_1776_SUPPLEMENTAL_OWNER_STATE_COVERAGE_CORRIGE.csv | CURRENT_SOURCE=common/history/buildings/02_east_europe.txt:common/history/buildings/02_east_europe.txt:1059
HUN,STATE_SLOVAKIA,building_wheat_farm,2,0,REMOVE,COVERED_OWNER_STATE_WITH_NO_FINAL_HISTORICAL_TARGET_FOR_THIS_BUILDING,NO,NO,COVERAGE_COMPLETE,Coverage_Status=COVERED_ZERO_POSITIVE | Research_Files=BUILD_START_1776_SUPPLEMENTAL_OWNER_STATE_COVERAGE_CORRIGE.csv | CURRENT_SOURCE=common/history/buildings/02_east_europe.txt:common/history/buildings/02_east_europe.txt:1102
HUN,STATE_TRANSDANUBIA,building_food_industry,2,0,REMOVE,COVERED_OWNER_STATE_WITH_NO_FINAL_HISTORICAL_TARGET_FOR_THIS_BUILDING,NO,NO,COVERAGE_COMPLETE,Coverage_Status=COVERED_ZERO_POSITIVE | Research_Files=BUILD_START_1776_SUPPLEMENTAL_OWNER_STATE_COVERAGE_CORRIGE.csv | CURRENT_SOURCE=common/history/buildings/02_east_europe.txt:common/history/buildings/02_east_europe.txt:908
HUN,STATE_TRANSDANUBIA,building_livestock_ranch,3,0,REMOVE,COVERED_OWNER_STATE_WITH_NO_FINAL_HISTORICAL_TARGET_FOR_THIS_BUILDING,NO,NO,COVERAGE_COMPLETE,Coverage_Status=COVERED_ZERO_POSITIVE | Research_Files=BUILD_START_1776_SUPPLEMENTAL_OWNER_STATE_COVERAGE_CORRIGE.csv | CURRENT_SOURCE=common/history/buildings/02_east_europe.txt:common/history/buildings/02_east_europe.txt:959
HUN,STATE_TRANSDANUBIA,building_vineyard,3,0,REMOVE,COVERED_OWNER_STATE_WITH_NO_FINAL_HISTORICAL_TARGET_FOR_THIS_BUILDING,NO,NO,COVERAGE_COMPLETE,Coverage_Status=COVERED_ZERO_POSITIVE | Research_Files=BUILD_START_1776_SUPPLEMENTAL_OWNER_STATE_COVERAGE_CORRIGE.csv | CURRENT_SOURCE=common/history/buildings/02_east_europe.txt:common/history/buildings/02_east_europe.txt:921
HUN,STATE_TRANSDANUBIA,building_wheat_farm,1,0,REMOVE,COVERED_OWNER_STATE_WITH_NO_FINAL_HISTORICAL_TARGET_FOR_THIS_BUILDING,NO,NO,COVERAGE_COMPLETE,Coverage_Status=COVERED_ZERO_POSITIVE | Research_Files=BUILD_START_1776_SUPPLEMENTAL_OWNER_STATE_COVERAGE_CORRIGE.csv | CURRENT_SOURCE=common/history/buildings/02_east_europe.txt:common/history/buildings/02_east_europe.txt:946
HYD,STATE_HYDERABAD,building_silk_plantation,3,0,REMOVE,COVERED_OWNER_STATE_WITH_NO_FINAL_HISTORICAL_TARGET_FOR_THIS_BUILDING,NO,NO,COVERAGE_COMPLETE,Coverage_Status=COVERED_POSITIVE | Research_Files=BUILD_START_1776_SOUTH_ASIA_RESEARCH.csv;BUILD_START_1776_SOUTH_ASIA_RESEARCH.md | CURRENT_SOURCE=common/history/buildings/10_india.txt:common/history/buildings/10_india.txt:1999
HYD,STATE_HYDERABAD,building_sugar_plantation,2,0,REMOVE,COVERED_OWNER_STATE_WITH_NO_FINAL_HISTORICAL_TARGET_FOR_THIS_BUILDING,NO,NO,COVERAGE_COMPLETE,Coverage_Status=COVERED_POSITIVE | Research_Files=BUILD_START_1776_SOUTH_ASIA_RESEARCH.csv;BUILD_START_1776_SOUTH_ASIA_RESEARCH.md | CURRENT_SOURCE=common/history/buildings/10_india.txt:common/history/buildings/10_india.txt:1986
INDOP,STATE_SOUTH_SUMATRA,building_spice_plantation,8,0,REMOVE,COVERED_OWNER_STATE_WITH_NO_FINAL_HISTORICAL_TARGET_FOR_THIS_BUILDING,NO,NO,COVERAGE_COMPLETE,Coverage_Status=COVERED_ZERO_POSITIVE | Research_Files=BUILD_START_1776_SUPPLEMENTAL_OWNER_STATE_COVERAGE_CORRIGE.csv | CURRENT_SOURCE=common/history/buildings/99_tech6a3_spice_plantations.txt:common/history/buildings/99_tech6a3_spice_plantations.txt:44
IQU,STATE_ICA,building_barrack,1,0,REMOVE,COVERED_OWNER_STATE_WITH_NO_FINAL_HISTORICAL_TARGET_FOR_THIS_BUILDING,NO,NO,COVERAGE_COMPLETE,Coverage_Status=COVERED_ZERO_POSITIVE | Research_Files=BUILD_START_1776_AMERICAS_CARIBBEAN_RESEARCH.md | CURRENT_SOURCE=common/history/buildings/07_south_america.txt:common/history/buildings/07_south_america.txt:1052
IQU,STATE_ICA,building_maize_farm,1,0,REMOVE,COVERED_OWNER_STATE_WITH_NO_FINAL_HISTORICAL_TARGET_FOR_THIS_BUILDING,NO,NO,COVERAGE_COMPLETE,Coverage_Status=COVERED_ZERO_POSITIVE | Research_Files=BUILD_START_1776_AMERICAS_CARIBBEAN_RESEARCH.md | CURRENT_SOURCE=common/history/buildings/07_south_america.txt:common/history/buildings/07_south_america.txt:1039
IR1,STATE_BAGHDAD,building_rice_farm,2,0,REMOVE,COVERED_OWNER_STATE_WITH_NO_FINAL_HISTORICAL_TARGET_FOR_THIS_BUILDING,NO,NO,COVERAGE_COMPLETE,Coverage_Status=COVERED_POSITIVE | Research_Files=BUILD_START_1776_R3_OWNER_STATE_COVERAGE.csv;BUILD_START_1776_R3_RECOMMENDATIONS.csv | CURRENT_SOURCE=common/history/buildings/08_middle_east.txt:common/history/buildings/08_middle_east.txt:356
IR1,STATE_BAGHDAD,building_tobacco_plantation,3,0,REMOVE,COVERED_OWNER_STATE_WITH_NO_FINAL_HISTORICAL_TARGET_FOR_THIS_BUILDING,NO,NO,COVERAGE_COMPLETE,Coverage_Status=COVERED_POSITIVE | Research_Files=BUILD_START_1776_R3_OWNER_STATE_COVERAGE.csv;BUILD_START_1776_R3_RECOMMENDATIONS.csv | CURRENT_SOURCE=common/history/buildings/08_middle_east.txt:common/history/buildings/08_middle_east.txt:369
IR1,STATE_BASRA,building_fishing_wharf,1,0,REMOVE,COVERED_OWNER_STATE_WITH_NO_FINAL_HISTORICAL_TARGET_FOR_THIS_BUILDING,NO,NO,COVERAGE_COMPLETE,Coverage_Status=COVERED_POSITIVE | Research_Files=BUILD_START_1776_R3_OWNER_STATE_COVERAGE.csv;BUILD_START_1776_R3_RECOMMENDATIONS.csv | CURRENT_SOURCE=common/history/buildings/08_middle_east.txt:common/history/buildings/08_middle_east.txt:433
IR1,STATE_BASRA,building_rice_farm,1,0,REMOVE,COVERED_OWNER_STATE_WITH_NO_FINAL_HISTORICAL_TARGET_FOR_THIS_BUILDING,NO,NO,COVERAGE_COMPLETE,Coverage_Status=COVERED_POSITIVE | Research_Files=BUILD_START_1776_R3_OWNER_STATE_COVERAGE.csv;BUILD_START_1776_R3_RECOMMENDATIONS.csv | CURRENT_SOURCE=common/history/buildings/08_middle_east.txt:common/history/buildings/08_middle_east.txt:446
IR1,STATE_BASRA,building_tobacco_plantation,1,0,REMOVE,COVERED_OWNER_STATE_WITH_NO_FINAL_HISTORICAL_TARGET_FOR_THIS_BUILDING,NO,NO,COVERAGE_COMPLETE,Coverage_Status=COVERED_POSITIVE | Research_Files=BUILD_START_1776_R3_OWNER_STATE_COVERAGE.csv;BUILD_START_1776_R3_RECOMMENDATIONS.csv | CURRENT_SOURCE=common/history/buildings/08_middle_east.txt:common/history/buildings/08_middle_east.txt:459
IREK,STATE_CONNAUGHT,building_rye_farm,2,0,REMOVE,COVERED_OWNER_STATE_WITH_NO_FINAL_HISTORICAL_TARGET_FOR_THIS_BUILDING,NO,NO,COVERAGE_COMPLETE,Coverage_Status=COVERED_POSITIVE | Research_Files=BUILD_START_1776_WESTERN_EUROPE_RESEARCH.csv;BUILD_START_1776_WESTERN_EUROPE_RESEARCH.md | CURRENT_SOURCE=common/history/buildings/00_west_europe.txt:common/history/buildings/00_west_europe.txt:2162
IREK,STATE_LEINSTER,building_rye_farm,5,0,REMOVE,COVERED_OWNER_STATE_WITH_NO_FINAL_HISTORICAL_TARGET_FOR_THIS_BUILDING,NO,NO,COVERAGE_COMPLETE,Coverage_Status=COVERED_POSITIVE | Research_Files=BUILD_START_1776_WESTERN_EUROPE_RESEARCH.csv;BUILD_START_1776_WESTERN_EUROPE_RESEARCH.md | CURRENT_SOURCE=common/history/buildings/00_west_europe.txt:common/history/buildings/00_west_europe.txt:2134
IREK,STATE_MUNSTER,building_rye_farm,3,0,REMOVE,COVERED_OWNER_STATE_WITH_NO_FINAL_HISTORICAL_TARGET_FOR_THIS_BUILDING,NO,NO,COVERAGE_COMPLETE,Coverage_Status=COVERED_POSITIVE | Research_Files=BUILD_START_1776_WESTERN_EUROPE_RESEARCH.csv;BUILD_START_1776_WESTERN_EUROPE_RESEARCH.md | CURRENT_SOURCE=common/history/buildings/00_west_europe.txt:common/history/buildings/00_west_europe.txt:2069
IREK,STATE_ULSTER,building_logging_camp,2,0,REMOVE,COVERED_OWNER_STATE_WITH_NO_FINAL_HISTORICAL_TARGET_FOR_THIS_BUILDING,NO,NO,COVERAGE_COMPLETE,Coverage_Status=COVERED_POSITIVE | Research_Files=BUILD_START_1776_WESTERN_EUROPE_RESEARCH.csv;BUILD_START_1776_WESTERN_EUROPE_RESEARCH.md | CURRENT_SOURCE=common/history/buildings/00_west_europe.txt:common/history/buildings/00_west_europe.txt:2041
IREK,STATE_ULSTER,building_rye_farm,3,0,REMOVE,COVERED_OWNER_STATE_WITH_NO_FINAL_HISTORICAL_TARGET_FOR_THIS_BUILDING,NO,NO,COVERAGE_COMPLETE,Coverage_Status=COVERED_POSITIVE | Research_Files=BUILD_START_1776_WESTERN_EUROPE_RESEARCH.csv;BUILD_START_1776_WESTERN_EUROPE_RESEARCH.md | CURRENT_SOURCE=common/history/buildings/00_west_europe.txt:common/history/buildings/00_west_europe.txt:2028
ISQ,STATE_SOMALILAND,building_livestock_ranch,1,0,REMOVE,COVERED_OWNER_STATE_WITH_NO_FINAL_HISTORICAL_TARGET_FOR_THIS_BUILDING,NO,NO,COVERAGE_COMPLETE,Coverage_Status=COVERED_ZERO_POSITIVE | Research_Files=BUILD_START_1776_SUPPLEMENTAL_OWNER_STATE_COVERAGE_CORRIGE.csv | CURRENT_SOURCE=common/history/buildings/04_subsaharan_africa.txt:common/history/buildings/04_subsaharan_africa.txt:1079
ISQ,STATE_SOMALILAND,building_millet_farm,1,0,REMOVE,COVERED_OWNER_STATE_WITH_NO_FINAL_HISTORICAL_TARGET_FOR_THIS_BUILDING,NO,NO,COVERAGE_COMPLETE,Coverage_Status=COVERED_ZERO_POSITIVE | Research_Files=BUILD_START_1776_SUPPLEMENTAL_OWNER_STATE_COVERAGE_CORRIGE.csv | CURRENT_SOURCE=common/history/buildings/04_subsaharan_africa.txt:common/history/buildings/04_subsaharan_africa.txt:1092
JAP,STATE_CHUGOKU,building_glassworks,1,0,REMOVE,COVERED_OWNER_STATE_WITH_NO_FINAL_HISTORICAL_TARGET_FOR_THIS_BUILDING,NO,NO,COVERAGE_COMPLETE,Coverage_Status=COVERED_POSITIVE | Research_Files=BUILD_START_1776_EAST_ASIA_SE_ASIA_RESEARCH_MATRIX.csv | CURRENT_SOURCE=common/history/buildings/11_east_asia.txt:common/history/buildings/11_east_asia.txt:3476
JAP,STATE_CHUGOKU,building_government_administration,3,0,REMOVE,COVERED_OWNER_STATE_WITH_NO_FINAL_HISTORICAL_TARGET_FOR_THIS_BUILDING,NO,NO,COVERAGE_COMPLETE,Coverage_Status=COVERED_POSITIVE | Research_Files=BUILD_START_1776_EAST_ASIA_SE_ASIA_RESEARCH_MATRIX.csv | CURRENT_SOURCE=common/history/buildings/11_east_asia.txt:common/history/buildings/11_east_asia.txt:3452
JAP,STATE_CHUGOKU,building_livestock_ranch,1,0,REMOVE,COVERED_OWNER_STATE_WITH_NO_FINAL_HISTORICAL_TARGET_FOR_THIS_BUILDING,NO,NO,COVERAGE_COMPLETE,Coverage_Status=COVERED_POSITIVE | Research_Files=BUILD_START_1776_EAST_ASIA_SE_ASIA_RESEARCH_MATRIX.csv | CURRENT_SOURCE=common/history/buildings/11_east_asia.txt:common/history/buildings/11_east_asia.txt:3502
JAP,STATE_CHUGOKU,building_logging_camp,6,0,REMOVE,COVERED_OWNER_STATE_WITH_NO_FINAL_HISTORICAL_TARGET_FOR_THIS_BUILDING,NO,NO,COVERAGE_COMPLETE,Coverage_Status=COVERED_POSITIVE | Research_Files=BUILD_START_1776_EAST_ASIA_SE_ASIA_RESEARCH_MATRIX.csv | CURRENT_SOURCE=common/history/buildings/11_east_asia.txt:common/history/buildings/11_east_asia.txt:3489
JAP,STATE_CHUGOKU,building_paper_mill,2,0,REMOVE,COVERED_OWNER_STATE_WITH_NO_FINAL_HISTORICAL_TARGET_FOR_THIS_BUILDING,NO,NO,COVERAGE_COMPLETE,Coverage_Status=COVERED_POSITIVE | Research_Files=BUILD_START_1776_EAST_ASIA_SE_ASIA_RESEARCH_MATRIX.csv | CURRENT_SOURCE=common/history/buildings/11_east_asia.txt:common/history/buildings/11_east_asia.txt:3463
JAP,STATE_CHUGOKU,building_rice_farm,2,0,REMOVE,COVERED_OWNER_STATE_WITH_NO_FINAL_HISTORICAL_TARGET_FOR_THIS_BUILDING,NO,NO,COVERAGE_COMPLETE,Coverage_Status=COVERED_POSITIVE | Research_Files=BUILD_START_1776_EAST_ASIA_SE_ASIA_RESEARCH_MATRIX.csv | CURRENT_SOURCE=common/history/buildings/11_east_asia.txt:common/history/buildings/11_east_asia.txt:3515
JAP,STATE_CHUGOKU,building_salt_pan,1,0,REMOVE,COVERED_OWNER_STATE_WITH_NO_FINAL_HISTORICAL_TARGET_FOR_THIS_BUILDING,NO,NO,COVERAGE_COMPLETE,Coverage_Status=COVERED_POSITIVE | Research_Files=BUILD_START_1776_EAST_ASIA_SE_ASIA_RESEARCH_MATRIX.csv | CURRENT_SOURCE=common/history/buildings/99_tech6a2_salt_starting_buildings.txt:common/history/buildings/99_tech6a2_salt_starting_buildings.txt:140
JAP,STATE_CHUGOKU,building_silk_plantation,1,0,REMOVE,COVERED_OWNER_STATE_WITH_NO_FINAL_HISTORICAL_TARGET_FOR_THIS_BUILDING,NO,NO,COVERAGE_COMPLETE,Coverage_Status=COVERED_POSITIVE | Research_Files=BUILD_START_1776_EAST_ASIA_SE_ASIA_RESEARCH_MATRIX.csv | CURRENT_SOURCE=common/history/buildings/11_east_asia.txt:common/history/buildings/11_east_asia.txt:3528
JAP,STATE_CHUGOKU,building_tea_plantation,1,0,REMOVE,COVERED_OWNER_STATE_WITH_NO_FINAL_HISTORICAL_TARGET_FOR_THIS_BUILDING,NO,NO,COVERAGE_COMPLETE,Coverage_Status=COVERED_POSITIVE | Research_Files=BUILD_START_1776_EAST_ASIA_SE_ASIA_RESEARCH_MATRIX.csv | CURRENT_SOURCE=common/history/buildings/11_east_asia.txt:common/history/buildings/11_east_asia.txt:3554
JAP,STATE_CHUGOKU,building_tobacco_plantation,3,0,REMOVE,COVERED_OWNER_STATE_WITH_NO_FINAL_HISTORICAL_TARGET_FOR_THIS_BUILDING,NO,NO,COVERAGE_COMPLETE,Coverage_Status=COVERED_POSITIVE | Research_Files=BUILD_START_1776_EAST_ASIA_SE_ASIA_RESEARCH_MATRIX.csv | CURRENT_SOURCE=common/history/buildings/11_east_asia.txt:common/history/buildings/11_east_asia.txt:3541
JAP,STATE_HOKKAIDO,building_fishing_wharf,1,0,REMOVE,COVERED_OWNER_STATE_WITH_NO_FINAL_HISTORICAL_TARGET_FOR_THIS_BUILDING,NO,NO,COVERAGE_COMPLETE,Coverage_Status=COVERED_ZERO_POSITIVE | Research_Files=BUILD_START_1776_EAST_ASIA_SE_ASIA_RESEARCH.md | CURRENT_SOURCE=common/history/buildings/11_east_asia.txt:common/history/buildings/11_east_asia.txt:2673
JAP,STATE_HOKKAIDO,building_wheat_farm,1,0,REMOVE,COVERED_OWNER_STATE_WITH_NO_FINAL_HISTORICAL_TARGET_FOR_THIS_BUILDING,NO,NO,COVERAGE_COMPLETE,Coverage_Status=COVERED_ZERO_POSITIVE | Research_Files=BUILD_START_1776_EAST_ASIA_SE_ASIA_RESEARCH.md | CURRENT_SOURCE=common/history/buildings/11_east_asia.txt:common/history/buildings/11_east_asia.txt:2660
JAP,STATE_HOKUSHINETSU,building_furniture_manufactory,1,0,REMOVE,COVERED_OWNER_STATE_WITH_NO_FINAL_HISTORICAL_TARGET_FOR_THIS_BUILDING,NO,NO,COVERAGE_COMPLETE,Coverage_Status=COVERED_POSITIVE | Research_Files=BUILD_START_1776_EAST_ASIA_SE_ASIA_RESEARCH.md;BUILD_START_1776_EAST_ASIA_SE_ASIA_RESEARCH_MATRIX.csv | CURRENT_SOURCE=common/history/buildings/11_east_asia.txt:common/history/buildings/11_east_asia.txt:3002
JAP,STATE_HOKUSHINETSU,building_government_administration,2,0,REMOVE,COVERED_OWNER_STATE_WITH_NO_FINAL_HISTORICAL_TARGET_FOR_THIS_BUILDING,NO,NO,COVERAGE_COMPLETE,Coverage_Status=COVERED_POSITIVE | Research_Files=BUILD_START_1776_EAST_ASIA_SE_ASIA_RESEARCH.md;BUILD_START_1776_EAST_ASIA_SE_ASIA_RESEARCH_MATRIX.csv | CURRENT_SOURCE=common/history/buildings/11_east_asia.txt:common/history/buildings/11_east_asia.txt:2978
JAP,STATE_HOKUSHINETSU,building_livestock_ranch,1,0,REMOVE,COVERED_OWNER_STATE_WITH_NO_FINAL_HISTORICAL_TARGET_FOR_THIS_BUILDING,NO,NO,COVERAGE_COMPLETE,Coverage_Status=COVERED_POSITIVE | Research_Files=BUILD_START_1776_EAST_ASIA_SE_ASIA_RESEARCH.md;BUILD_START_1776_EAST_ASIA_SE_ASIA_RESEARCH_MATRIX.csv | CURRENT_SOURCE=common/history/buildings/11_east_asia.txt:common/history/buildings/11_east_asia.txt:3028
JAP,STATE_HOKUSHINETSU,building_logging_camp,2,0,REMOVE,COVERED_OWNER_STATE_WITH_NO_FINAL_HISTORICAL_TARGET_FOR_THIS_BUILDING,NO,NO,COVERAGE_COMPLETE,Coverage_Status=COVERED_POSITIVE | Research_Files=BUILD_START_1776_EAST_ASIA_SE_ASIA_RESEARCH.md;BUILD_START_1776_EAST_ASIA_SE_ASIA_RESEARCH_MATRIX.csv | CURRENT_SOURCE=common/history/buildings/11_east_asia.txt:common/history/buildings/11_east_asia.txt:3015
JAP,STATE_HOKUSHINETSU,building_paper_mill,1,0,REMOVE,COVERED_OWNER_STATE_WITH_NO_FINAL_HISTORICAL_TARGET_FOR_THIS_BUILDING,NO,NO,COVERAGE_COMPLETE,Coverage_Status=COVERED_POSITIVE | Research_Files=BUILD_START_1776_EAST_ASIA_SE_ASIA_RESEARCH.md;BUILD_START_1776_EAST_ASIA_SE_ASIA_RESEARCH_MATRIX.csv | CURRENT_SOURCE=common/history/buildings/11_east_asia.txt:common/history/buildings/11_east_asia.txt:2989
JAP,STATE_HOKUSHINETSU,building_rice_farm,1,0,REMOVE,COVERED_OWNER_STATE_WITH_NO_FINAL_HISTORICAL_TARGET_FOR_THIS_BUILDING,NO,NO,COVERAGE_COMPLETE,Coverage_Status=COVERED_POSITIVE | Research_Files=BUILD_START_1776_EAST_ASIA_SE_ASIA_RESEARCH.md;BUILD_START_1776_EAST_ASIA_SE_ASIA_RESEARCH_MATRIX.csv | CURRENT_SOURCE=common/history/buildings/11_east_asia.txt:common/history/buildings/11_east_asia.txt:3041
JAP,STATE_HOKUSHINETSU,building_tea_plantation,2,0,REMOVE,COVERED_OWNER_STATE_WITH_NO_FINAL_HISTORICAL_TARGET_FOR_THIS_BUILDING,NO,NO,COVERAGE_COMPLETE,Coverage_Status=COVERED_POSITIVE | Research_Files=BUILD_START_1776_EAST_ASIA_SE_ASIA_RESEARCH.md;BUILD_START_1776_EAST_ASIA_SE_ASIA_RESEARCH_MATRIX.csv | CURRENT_SOURCE=common/history/buildings/11_east_asia.txt:common/history/buildings/11_east_asia.txt:3067
JAP,STATE_HOKUSHINETSU,building_tobacco_plantation,1,0,REMOVE,COVERED_OWNER_STATE_WITH_NO_FINAL_HISTORICAL_TARGET_FOR_THIS_BUILDING,NO,NO,COVERAGE_COMPLETE,Coverage_Status=COVERED_POSITIVE | Research_Files=BUILD_START_1776_EAST_ASIA_SE_ASIA_RESEARCH.md;BUILD_START_1776_EAST_ASIA_SE_ASIA_RESEARCH_MATRIX.csv | CURRENT_SOURCE=common/history/buildings/11_east_asia.txt:common/history/buildings/11_east_asia.txt:3054
JAP,STATE_KANSAI,building_construction_sector,1,0,REMOVE,COVERED_OWNER_STATE_WITH_NO_FINAL_HISTORICAL_TARGET_FOR_THIS_BUILDING,NO,NO,COVERAGE_COMPLETE,Coverage_Status=COVERED_POSITIVE | Research_Files=BUILD_START_1776_EAST_ASIA_SE_ASIA_RESEARCH.md;BUILD_START_1776_EAST_ASIA_SE_ASIA_RESEARCH_MATRIX.csv | CURRENT_SOURCE=common/history/buildings/11_east_asia.txt:common/history/buildings/11_east_asia.txt:3149
JAP,STATE_KANSAI,building_fishing_wharf,3,0,REMOVE,COVERED_OWNER_STATE_WITH_NO_FINAL_HISTORICAL_TARGET_FOR_THIS_BUILDING,NO,NO,COVERAGE_COMPLETE,Coverage_Status=COVERED_POSITIVE | Research_Files=BUILD_START_1776_EAST_ASIA_SE_ASIA_RESEARCH.md;BUILD_START_1776_EAST_ASIA_SE_ASIA_RESEARCH_MATRIX.csv | CURRENT_SOURCE=common/history/buildings/11_east_asia.txt:common/history/buildings/11_east_asia.txt:3186
JAP,STATE_KANSAI,building_government_administration,7,0,REMOVE,COVERED_OWNER_STATE_WITH_NO_FINAL_HISTORICAL_TARGET_FOR_THIS_BUILDING,NO,NO,COVERAGE_COMPLETE,Coverage_Status=COVERED_POSITIVE | Research_Files=BUILD_START_1776_EAST_ASIA_SE_ASIA_RESEARCH.md;BUILD_START_1776_EAST_ASIA_SE_ASIA_RESEARCH_MATRIX.csv | CURRENT_SOURCE=common/history/buildings/11_east_asia.txt:common/history/buildings/11_east_asia.txt:3138
JAP,STATE_KANSAI,building_livestock_ranch,2,0,REMOVE,COVERED_OWNER_STATE_WITH_NO_FINAL_HISTORICAL_TARGET_FOR_THIS_BUILDING,NO,NO,COVERAGE_COMPLETE,Coverage_Status=COVERED_POSITIVE | Research_Files=BUILD_START_1776_EAST_ASIA_SE_ASIA_RESEARCH.md;BUILD_START_1776_EAST_ASIA_SE_ASIA_RESEARCH_MATRIX.csv | CURRENT_SOURCE=common/history/buildings/11_east_asia.txt:common/history/buildings/11_east_asia.txt:3199
JAP,STATE_KANSAI,building_paper_mill,3,0,REMOVE,COVERED_OWNER_STATE_WITH_NO_FINAL_HISTORICAL_TARGET_FOR_THIS_BUILDING,NO,NO,COVERAGE_COMPLETE,Coverage_Status=COVERED_POSITIVE | Research_Files=BUILD_START_1776_EAST_ASIA_SE_ASIA_RESEARCH.md;BUILD_START_1776_EAST_ASIA_SE_ASIA_RESEARCH_MATRIX.csv | CURRENT_SOURCE=common/history/buildings/11_east_asia.txt:common/history/buildings/11_east_asia.txt:3173
JAP,STATE_KANSAI,building_rice_farm,3,0,REMOVE,COVERED_OWNER_STATE_WITH_NO_FINAL_HISTORICAL_TARGET_FOR_THIS_BUILDING,NO,NO,COVERAGE_COMPLETE,Coverage_Status=COVERED_POSITIVE | Research_Files=BUILD_START_1776_EAST_ASIA_SE_ASIA_RESEARCH.md;BUILD_START_1776_EAST_ASIA_SE_ASIA_RESEARCH_MATRIX.csv | CURRENT_SOURCE=common/history/buildings/11_east_asia.txt:common/history/buildings/11_east_asia.txt:3212
JAP,STATE_KANSAI,building_silk_plantation,3,0,REMOVE,COVERED_OWNER_STATE_WITH_NO_FINAL_HISTORICAL_TARGET_FOR_THIS_BUILDING,NO,NO,COVERAGE_COMPLETE,Coverage_Status=COVERED_POSITIVE | Research_Files=BUILD_START_1776_EAST_ASIA_SE_ASIA_RESEARCH.md;BUILD_START_1776_EAST_ASIA_SE_ASIA_RESEARCH_MATRIX.csv | CURRENT_SOURCE=common/history/buildings/11_east_asia.txt:common/history/buildings/11_east_asia.txt:3225
JAP,STATE_KANSAI,building_tea_plantation,5,0,REMOVE,COVERED_OWNER_STATE_WITH_NO_FINAL_HISTORICAL_TARGET_FOR_THIS_BUILDING,NO,NO,COVERAGE_COMPLETE,Coverage_Status=COVERED_POSITIVE | Research_Files=BUILD_START_1776_EAST_ASIA_SE_ASIA_RESEARCH.md;BUILD_START_1776_EAST_ASIA_SE_ASIA_RESEARCH_MATRIX.csv | CURRENT_SOURCE=common/history/buildings/11_east_asia.txt:common/history/buildings/11_east_asia.txt:3251
JAP,STATE_KANSAI,building_tobacco_plantation,2,0,REMOVE,COVERED_OWNER_STATE_WITH_NO_FINAL_HISTORICAL_TARGET_FOR_THIS_BUILDING,NO,NO,COVERAGE_COMPLETE,Coverage_Status=COVERED_POSITIVE | Research_Files=BUILD_START_1776_EAST_ASIA_SE_ASIA_RESEARCH.md;BUILD_START_1776_EAST_ASIA_SE_ASIA_RESEARCH_MATRIX.csv | CURRENT_SOURCE=common/history/buildings/11_east_asia.txt:common/history/buildings/11_east_asia.txt:3238
JAP,STATE_KANTO,building_copper_mine,1,0,REMOVE,COVERED_OWNER_STATE_WITH_NO_FINAL_HISTORICAL_TARGET_FOR_THIS_BUILDING,NO,NO,COVERAGE_COMPLETE,Coverage_Status=COVERED_POSITIVE | Research_Files=BUILD_START_1776_EAST_ASIA_SE_ASIA_RESEARCH.md;BUILD_START_1776_EAST_ASIA_SE_ASIA_RESEARCH_MATRIX.csv | CURRENT_SOURCE=common/history/buildings/11_east_asia.txt:common/history/buildings/11_east_asia.txt:2844
JAP,STATE_KANTO,building_fishing_wharf,3,0,REMOVE,COVERED_OWNER_STATE_WITH_NO_FINAL_HISTORICAL_TARGET_FOR_THIS_BUILDING,NO,NO,COVERAGE_COMPLETE,Coverage_Status=COVERED_POSITIVE | Research_Files=BUILD_START_1776_EAST_ASIA_SE_ASIA_RESEARCH.md;BUILD_START_1776_EAST_ASIA_SE_ASIA_RESEARCH_MATRIX.csv | CURRENT_SOURCE=common/history/buildings/11_east_asia.txt:common/history/buildings/11_east_asia.txt:2768
JAP,STATE_KANTO,building_glassworks,1,0,REMOVE,COVERED_OWNER_STATE_WITH_NO_FINAL_HISTORICAL_TARGET_FOR_THIS_BUILDING,NO,NO,COVERAGE_COMPLETE,Coverage_Status=COVERED_POSITIVE | Research_Files=BUILD_START_1776_EAST_ASIA_SE_ASIA_RESEARCH.md;BUILD_START_1776_EAST_ASIA_SE_ASIA_RESEARCH_MATRIX.csv | CURRENT_SOURCE=common/history/buildings/11_east_asia.txt:common/history/buildings/11_east_asia.txt:2755
JAP,STATE_KANTO,building_rice_farm,2,0,REMOVE,COVERED_OWNER_STATE_WITH_NO_FINAL_HISTORICAL_TARGET_FOR_THIS_BUILDING,NO,NO,COVERAGE_COMPLETE,Coverage_Status=COVERED_POSITIVE | Research_Files=BUILD_START_1776_EAST_ASIA_SE_ASIA_RESEARCH.md;BUILD_START_1776_EAST_ASIA_SE_ASIA_RESEARCH_MATRIX.csv | CURRENT_SOURCE=common/history/buildings/11_east_asia.txt:common/history/buildings/11_east_asia.txt:2794
JAP,STATE_KANTO,building_tea_plantation,4,0,REMOVE,COVERED_OWNER_STATE_WITH_NO_FINAL_HISTORICAL_TARGET_FOR_THIS_BUILDING,NO,NO,COVERAGE_COMPLETE,Coverage_Status=COVERED_POSITIVE | Research_Files=BUILD_START_1776_EAST_ASIA_SE_ASIA_RESEARCH.md;BUILD_START_1776_EAST_ASIA_SE_ASIA_RESEARCH_MATRIX.csv | CURRENT_SOURCE=common/history/buildings/11_east_asia.txt:common/history/buildings/11_east_asia.txt:2820
JAP,STATE_KANTO,building_tobacco_plantation,2,0,REMOVE,COVERED_OWNER_STATE_WITH_NO_FINAL_HISTORICAL_TARGET_FOR_THIS_BUILDING,NO,NO,COVERAGE_COMPLETE,Coverage_Status=COVERED_POSITIVE | Research_Files=BUILD_START_1776_EAST_ASIA_SE_ASIA_RESEARCH.md;BUILD_START_1776_EAST_ASIA_SE_ASIA_RESEARCH_MATRIX.csv | CURRENT_SOURCE=common/history/buildings/11_east_asia.txt:common/history/buildings/11_east_asia.txt:2807
JAP,STATE_KANTO,building_whaling_station,2,0,REMOVE,COVERED_OWNER_STATE_WITH_NO_FINAL_HISTORICAL_TARGET_FOR_THIS_BUILDING,NO,NO,COVERAGE_COMPLETE,Coverage_Status=COVERED_POSITIVE | Research_Files=BUILD_START_1776_EAST_ASIA_SE_ASIA_RESEARCH.md;BUILD_START_1776_EAST_ASIA_SE_ASIA_RESEARCH_MATRIX.csv | CURRENT_SOURCE=common/history/buildings/11_east_asia.txt:common/history/buildings/11_east_asia.txt:2781
JAP,STATE_KYOTO,building_government_administration,2,0,REMOVE,COVERED_OWNER_STATE_WITH_NO_FINAL_HISTORICAL_TARGET_FOR_THIS_BUILDING,NO,NO,COVERAGE_COMPLETE,Coverage_Status=COVERED_POSITIVE | Research_Files=BUILD_START_1776_EAST_ASIA_SE_ASIA_RESEARCH.md;BUILD_START_1776_EAST_ASIA_SE_ASIA_RESEARCH_MATRIX.csv | CURRENT_SOURCE=common/history/buildings/11_east_asia.txt:common/history/buildings/11_east_asia.txt:3084
JAP,STATE_KYOTO,building_rice_farm,1,0,REMOVE,COVERED_OWNER_STATE_WITH_NO_FINAL_HISTORICAL_TARGET_FOR_THIS_BUILDING,NO,NO,COVERAGE_COMPLETE,Coverage_Status=COVERED_POSITIVE | Research_Files=BUILD_START_1776_EAST_ASIA_SE_ASIA_RESEARCH.md;BUILD_START_1776_EAST_ASIA_SE_ASIA_RESEARCH_MATRIX.csv | CURRENT_SOURCE=common/history/buildings/11_east_asia.txt:common/history/buildings/11_east_asia.txt:3121
JAP,STATE_KYOTO,building_silk_plantation,1,0,REMOVE,COVERED_OWNER_STATE_WITH_NO_FINAL_HISTORICAL_TARGET_FOR_THIS_BUILDING,NO,NO,COVERAGE_COMPLETE,Coverage_Status=COVERED_POSITIVE | Research_Files=BUILD_START_1776_EAST_ASIA_SE_ASIA_RESEARCH.md;BUILD_START_1776_EAST_ASIA_SE_ASIA_RESEARCH_MATRIX.csv | CURRENT_SOURCE=common/history/buildings/11_east_asia.txt:common/history/buildings/11_east_asia.txt:3095
JAP,STATE_KYOTO,building_tea_plantation,1,0,REMOVE,COVERED_OWNER_STATE_WITH_NO_FINAL_HISTORICAL_TARGET_FOR_THIS_BUILDING,NO,NO,COVERAGE_COMPLETE,Coverage_Status=COVERED_POSITIVE | Research_Files=BUILD_START_1776_EAST_ASIA_SE_ASIA_RESEARCH.md;BUILD_START_1776_EAST_ASIA_SE_ASIA_RESEARCH_MATRIX.csv | CURRENT_SOURCE=common/history/buildings/11_east_asia.txt:common/history/buildings/11_east_asia.txt:3108
JAP,STATE_KYUSHU,building_dye_plantation,2,0,REMOVE,COVERED_OWNER_STATE_WITH_NO_FINAL_HISTORICAL_TARGET_FOR_THIS_BUILDING,NO,NO,COVERAGE_COMPLETE,Coverage_Status=COVERED_POSITIVE | Research_Files=BUILD_START_1776_EAST_ASIA_SE_ASIA_RESEARCH.md;BUILD_START_1776_EAST_ASIA_SE_ASIA_RESEARCH_MATRIX.csv | CURRENT_SOURCE=common/history/buildings/11_east_asia.txt:common/history/buildings/11_east_asia.txt:3342
JAP,STATE_KYUSHU,building_fishing_wharf,2,0,REMOVE,COVERED_OWNER_STATE_WITH_NO_FINAL_HISTORICAL_TARGET_FOR_THIS_BUILDING,NO,NO,COVERAGE_COMPLETE,Coverage_Status=COVERED_POSITIVE | Research_Files=BUILD_START_1776_EAST_ASIA_SE_ASIA_RESEARCH.md;BUILD_START_1776_EAST_ASIA_SE_ASIA_RESEARCH_MATRIX.csv | CURRENT_SOURCE=common/history/buildings/11_east_asia.txt:common/history/buildings/11_east_asia.txt:3316
JAP,STATE_KYUSHU,building_glassworks,1,0,REMOVE,COVERED_OWNER_STATE_WITH_NO_FINAL_HISTORICAL_TARGET_FOR_THIS_BUILDING,NO,NO,COVERAGE_COMPLETE,Coverage_Status=COVERED_POSITIVE | Research_Files=BUILD_START_1776_EAST_ASIA_SE_ASIA_RESEARCH.md;BUILD_START_1776_EAST_ASIA_SE_ASIA_RESEARCH_MATRIX.csv | CURRENT_SOURCE=common/history/buildings/11_east_asia.txt:common/history/buildings/11_east_asia.txt:3303
JAP,STATE_KYUSHU,building_government_administration,4,0,REMOVE,COVERED_OWNER_STATE_WITH_NO_FINAL_HISTORICAL_TARGET_FOR_THIS_BUILDING,NO,NO,COVERAGE_COMPLETE,Coverage_Status=COVERED_POSITIVE | Research_Files=BUILD_START_1776_EAST_ASIA_SE_ASIA_RESEARCH.md;BUILD_START_1776_EAST_ASIA_SE_ASIA_RESEARCH_MATRIX.csv | CURRENT_SOURCE=common/history/buildings/11_east_asia.txt:common/history/buildings/11_east_asia.txt:3268
JAP,STATE_KYUSHU,building_rice_farm,2,0,REMOVE,COVERED_OWNER_STATE_WITH_NO_FINAL_HISTORICAL_TARGET_FOR_THIS_BUILDING,NO,NO,COVERAGE_COMPLETE,Coverage_Status=COVERED_POSITIVE | Research_Files=BUILD_START_1776_EAST_ASIA_SE_ASIA_RESEARCH.md;BUILD_START_1776_EAST_ASIA_SE_ASIA_RESEARCH_MATRIX.csv | CURRENT_SOURCE=common/history/buildings/11_east_asia.txt:common/history/buildings/11_east_asia.txt:3329
JAP,STATE_KYUSHU,building_tea_plantation,4,0,REMOVE,COVERED_OWNER_STATE_WITH_NO_FINAL_HISTORICAL_TARGET_FOR_THIS_BUILDING,NO,NO,COVERAGE_COMPLETE,Coverage_Status=COVERED_POSITIVE | Research_Files=BUILD_START_1776_EAST_ASIA_SE_ASIA_RESEARCH.md;BUILD_START_1776_EAST_ASIA_SE_ASIA_RESEARCH_MATRIX.csv | CURRENT_SOURCE=common/history/buildings/11_east_asia.txt:common/history/buildings/11_east_asia.txt:3368
JAP,STATE_KYUSHU,building_textile_mill,2,0,REMOVE,COVERED_OWNER_STATE_WITH_NO_FINAL_HISTORICAL_TARGET_FOR_THIS_BUILDING,NO,NO,COVERAGE_COMPLETE,Coverage_Status=COVERED_POSITIVE | Research_Files=BUILD_START_1776_EAST_ASIA_SE_ASIA_RESEARCH.md;BUILD_START_1776_EAST_ASIA_SE_ASIA_RESEARCH_MATRIX.csv | CURRENT_SOURCE=common/history/buildings/11_east_asia.txt:common/history/buildings/11_east_asia.txt:3290
JAP,STATE_KYUSHU,building_tobacco_plantation,2,0,REMOVE,COVERED_OWNER_STATE_WITH_NO_FINAL_HISTORICAL_TARGET_FOR_THIS_BUILDING,NO,NO,COVERAGE_COMPLETE,Coverage_Status=COVERED_POSITIVE | Research_Files=BUILD_START_1776_EAST_ASIA_SE_ASIA_RESEARCH.md;BUILD_START_1776_EAST_ASIA_SE_ASIA_RESEARCH_MATRIX.csv | CURRENT_SOURCE=common/history/buildings/11_east_asia.txt:common/history/buildings/11_east_asia.txt:3355
JAP,STATE_SHIKOKU,building_dye_plantation,3,0,REMOVE,COVERED_OWNER_STATE_WITH_NO_FINAL_HISTORICAL_TARGET_FOR_THIS_BUILDING,NO,NO,COVERAGE_COMPLETE,Coverage_Status=COVERED_POSITIVE | Research_Files=BUILD_START_1776_EAST_ASIA_SE_ASIA_RESEARCH.md;BUILD_START_1776_EAST_ASIA_SE_ASIA_RESEARCH_MATRIX.csv | CURRENT_SOURCE=common/history/buildings/11_east_asia.txt:common/history/buildings/11_east_asia.txt:3608
JAP,STATE_SHIKOKU,building_glassworks,2,0,REMOVE,COVERED_OWNER_STATE_WITH_NO_FINAL_HISTORICAL_TARGET_FOR_THIS_BUILDING,NO,NO,COVERAGE_COMPLETE,Coverage_Status=COVERED_POSITIVE | Research_Files=BUILD_START_1776_EAST_ASIA_SE_ASIA_RESEARCH.md;BUILD_START_1776_EAST_ASIA_SE_ASIA_RESEARCH_MATRIX.csv | CURRENT_SOURCE=common/history/buildings/11_east_asia.txt:common/history/buildings/11_east_asia.txt:3582
JAP,STATE_SHIKOKU,building_government_administration,1,0,REMOVE,COVERED_OWNER_STATE_WITH_NO_FINAL_HISTORICAL_TARGET_FOR_THIS_BUILDING,NO,NO,COVERAGE_COMPLETE,Coverage_Status=COVERED_POSITIVE | Research_Files=BUILD_START_1776_EAST_ASIA_SE_ASIA_RESEARCH.md;BUILD_START_1776_EAST_ASIA_SE_ASIA_RESEARCH_MATRIX.csv | CURRENT_SOURCE=common/history/buildings/11_east_asia.txt:common/history/buildings/11_east_asia.txt:3571
JAP,STATE_SHIKOKU,building_rice_farm,1,0,REMOVE,COVERED_OWNER_STATE_WITH_NO_FINAL_HISTORICAL_TARGET_FOR_THIS_BUILDING,NO,NO,COVERAGE_COMPLETE,Coverage_Status=COVERED_POSITIVE | Research_Files=BUILD_START_1776_EAST_ASIA_SE_ASIA_RESEARCH.md;BUILD_START_1776_EAST_ASIA_SE_ASIA_RESEARCH_MATRIX.csv | CURRENT_SOURCE=common/history/buildings/11_east_asia.txt:common/history/buildings/11_east_asia.txt:3595
JAP,STATE_SHIKOKU,building_tea_plantation,3,0,REMOVE,COVERED_OWNER_STATE_WITH_NO_FINAL_HISTORICAL_TARGET_FOR_THIS_BUILDING,NO,NO,COVERAGE_COMPLETE,Coverage_Status=COVERED_POSITIVE | Research_Files=BUILD_START_1776_EAST_ASIA_SE_ASIA_RESEARCH.md;BUILD_START_1776_EAST_ASIA_SE_ASIA_RESEARCH_MATRIX.csv | CURRENT_SOURCE=common/history/buildings/11_east_asia.txt:common/history/buildings/11_east_asia.txt:3634
JAP,STATE_SHIKOKU,building_tobacco_plantation,1,0,REMOVE,COVERED_OWNER_STATE_WITH_NO_FINAL_HISTORICAL_TARGET_FOR_THIS_BUILDING,NO,NO,COVERAGE_COMPLETE,Coverage_Status=COVERED_POSITIVE | Research_Files=BUILD_START_1776_EAST_ASIA_SE_ASIA_RESEARCH.md;BUILD_START_1776_EAST_ASIA_SE_ASIA_RESEARCH_MATRIX.csv | CURRENT_SOURCE=common/history/buildings/11_east_asia.txt:common/history/buildings/11_east_asia.txt:3621
JAP,STATE_TOHOKU,building_government_administration,3,0,REMOVE,COVERED_OWNER_STATE_WITH_NO_FINAL_HISTORICAL_TARGET_FOR_THIS_BUILDING,NO,NO,COVERAGE_COMPLETE,Coverage_Status=COVERED_ZERO_POSITIVE | Research_Files=BUILD_START_1776_EAST_ASIA_SE_ASIA_RESEARCH.md | CURRENT_SOURCE=common/history/buildings/11_east_asia.txt:common/history/buildings/11_east_asia.txt:2690
JAP,STATE_TOHOKU,building_logging_camp,5,0,REMOVE,COVERED_OWNER_STATE_WITH_NO_FINAL_HISTORICAL_TARGET_FOR_THIS_BUILDING,NO,NO,COVERAGE_COMPLETE,Coverage_Status=COVERED_ZERO_POSITIVE | Research_Files=BUILD_START_1776_EAST_ASIA_SE_ASIA_RESEARCH.md | CURRENT_SOURCE=common/history/buildings/11_east_asia.txt:common/history/buildings/11_east_asia.txt:2701
JAP,STATE_TOHOKU,building_rice_farm,1,0,REMOVE,COVERED_OWNER_STATE_WITH_NO_FINAL_HISTORICAL_TARGET_FOR_THIS_BUILDING,NO,NO,COVERAGE_COMPLETE,Coverage_Status=COVERED_ZERO_POSITIVE | Research_Files=BUILD_START_1776_EAST_ASIA_SE_ASIA_RESEARCH.md | CURRENT_SOURCE=common/history/buildings/11_east_asia.txt:common/history/buildings/11_east_asia.txt:2714
JAP,STATE_TOHOKU,building_tobacco_plantation,3,0,REMOVE,COVERED_OWNER_STATE_WITH_NO_FINAL_HISTORICAL_TARGET_FOR_THIS_BUILDING,NO,NO,COVERAGE_COMPLETE,Coverage_Status=COVERED_ZERO_POSITIVE | Research_Files=BUILD_START_1776_EAST_ASIA_SE_ASIA_RESEARCH.md | CURRENT_SOURCE=common/history/buildings/11_east_asia.txt:common/history/buildings/11_east_asia.txt:2727
JAP,STATE_TOKAI,building_construction_sector,1,0,REMOVE,COVERED_OWNER_STATE_WITH_NO_FINAL_HISTORICAL_TARGET_FOR_THIS_BUILDING,NO,NO,COVERAGE_COMPLETE,Coverage_Status=COVERED_POSITIVE | Research_Files=BUILD_START_1776_EAST_ASIA_SE_ASIA_RESEARCH.md;BUILD_START_1776_EAST_ASIA_SE_ASIA_RESEARCH_MATRIX.csv | CURRENT_SOURCE=common/history/buildings/11_east_asia.txt:common/history/buildings/11_east_asia.txt:2872
JAP,STATE_TOKAI,building_furniture_manufactory,1,0,REMOVE,COVERED_OWNER_STATE_WITH_NO_FINAL_HISTORICAL_TARGET_FOR_THIS_BUILDING,NO,NO,COVERAGE_COMPLETE,Coverage_Status=COVERED_POSITIVE | Research_Files=BUILD_START_1776_EAST_ASIA_SE_ASIA_RESEARCH.md;BUILD_START_1776_EAST_ASIA_SE_ASIA_RESEARCH_MATRIX.csv | CURRENT_SOURCE=common/history/buildings/11_east_asia.txt:common/history/buildings/11_east_asia.txt:2896
JAP,STATE_TOKAI,building_government_administration,3,0,REMOVE,COVERED_OWNER_STATE_WITH_NO_FINAL_HISTORICAL_TARGET_FOR_THIS_BUILDING,NO,NO,COVERAGE_COMPLETE,Coverage_Status=COVERED_POSITIVE | Research_Files=BUILD_START_1776_EAST_ASIA_SE_ASIA_RESEARCH.md;BUILD_START_1776_EAST_ASIA_SE_ASIA_RESEARCH_MATRIX.csv | CURRENT_SOURCE=common/history/buildings/11_east_asia.txt:common/history/buildings/11_east_asia.txt:2861
JAP,STATE_TOKAI,building_livestock_ranch,1,0,REMOVE,COVERED_OWNER_STATE_WITH_NO_FINAL_HISTORICAL_TARGET_FOR_THIS_BUILDING,NO,NO,COVERAGE_COMPLETE,Coverage_Status=COVERED_POSITIVE | Research_Files=BUILD_START_1776_EAST_ASIA_SE_ASIA_RESEARCH.md;BUILD_START_1776_EAST_ASIA_SE_ASIA_RESEARCH_MATRIX.csv | CURRENT_SOURCE=common/history/buildings/11_east_asia.txt:common/history/buildings/11_east_asia.txt:2922
JAP,STATE_TOKAI,building_logging_camp,2,0,REMOVE,COVERED_OWNER_STATE_WITH_NO_FINAL_HISTORICAL_TARGET_FOR_THIS_BUILDING,NO,NO,COVERAGE_COMPLETE,Coverage_Status=COVERED_POSITIVE | Research_Files=BUILD_START_1776_EAST_ASIA_SE_ASIA_RESEARCH.md;BUILD_START_1776_EAST_ASIA_SE_ASIA_RESEARCH_MATRIX.csv | CURRENT_SOURCE=common/history/buildings/11_east_asia.txt:common/history/buildings/11_east_asia.txt:2909
JAP,STATE_TOKAI,building_paper_mill,1,0,REMOVE,COVERED_OWNER_STATE_WITH_NO_FINAL_HISTORICAL_TARGET_FOR_THIS_BUILDING,NO,NO,COVERAGE_COMPLETE,Coverage_Status=COVERED_POSITIVE | Research_Files=BUILD_START_1776_EAST_ASIA_SE_ASIA_RESEARCH.md;BUILD_START_1776_EAST_ASIA_SE_ASIA_RESEARCH_MATRIX.csv | CURRENT_SOURCE=common/history/buildings/11_east_asia.txt:common/history/buildings/11_east_asia.txt:2883
JAP,STATE_TOKAI,building_rice_farm,1,0,REMOVE,COVERED_OWNER_STATE_WITH_NO_FINAL_HISTORICAL_TARGET_FOR_THIS_BUILDING,NO,NO,COVERAGE_COMPLETE,Coverage_Status=COVERED_POSITIVE | Research_Files=BUILD_START_1776_EAST_ASIA_SE_ASIA_RESEARCH.md;BUILD_START_1776_EAST_ASIA_SE_ASIA_RESEARCH_MATRIX.csv | CURRENT_SOURCE=common/history/buildings/11_east_asia.txt:common/history/buildings/11_east_asia.txt:2935
JAP,STATE_TOKAI,building_tea_plantation,2,0,REMOVE,COVERED_OWNER_STATE_WITH_NO_FINAL_HISTORICAL_TARGET_FOR_THIS_BUILDING,NO,NO,COVERAGE_COMPLETE,Coverage_Status=COVERED_POSITIVE | Research_Files=BUILD_START_1776_EAST_ASIA_SE_ASIA_RESEARCH.md;BUILD_START_1776_EAST_ASIA_SE_ASIA_RESEARCH_MATRIX.csv | CURRENT_SOURCE=common/history/buildings/11_east_asia.txt:common/history/buildings/11_east_asia.txt:2961
JAP,STATE_TOKAI,building_tobacco_plantation,1,0,REMOVE,COVERED_OWNER_STATE_WITH_NO_FINAL_HISTORICAL_TARGET_FOR_THIS_BUILDING,NO,NO,COVERAGE_COMPLETE,Coverage_Status=COVERED_POSITIVE | Research_Files=BUILD_START_1776_EAST_ASIA_SE_ASIA_RESEARCH.md;BUILD_START_1776_EAST_ASIA_SE_ASIA_RESEARCH_MATRIX.csv | CURRENT_SOURCE=common/history/buildings/11_east_asia.txt:common/history/buildings/11_east_asia.txt:2948
JEY,STATE_CIRCARS,building_logging_camp,1,0,REMOVE,COVERED_OWNER_STATE_WITH_NO_FINAL_HISTORICAL_TARGET_FOR_THIS_BUILDING,NO,NO,COVERAGE_COMPLETE,Coverage_Status=COVERED_ZERO_POSITIVE | Research_Files=BUILD_START_1776_SOUTH_ASIA_RESEARCH.md | CURRENT_SOURCE=common/history/buildings/10_india.txt:common/history/buildings/10_india.txt:1583
JMB,STATE_NORTH_SUMATRA,building_logging_camp,1,0,REMOVE,COVERED_OWNER_STATE_WITH_NO_FINAL_HISTORICAL_TARGET_FOR_THIS_BUILDING,NO,NO,COVERAGE_COMPLETE,Coverage_Status=COVERED_POSITIVE | Research_Files=BUILD_START_1776_EAST_ASIA_SE_ASIA_RESEARCH_MATRIX.csv | CURRENT_SOURCE=common/history/buildings/12_indonesia.txt:common/history/buildings/12_indonesia.txt:738
JMB,STATE_NORTH_SUMATRA,building_rice_farm,1,0,REMOVE,COVERED_OWNER_STATE_WITH_NO_FINAL_HISTORICAL_TARGET_FOR_THIS_BUILDING,NO,NO,COVERAGE_COMPLETE,Coverage_Status=COVERED_POSITIVE | Research_Files=BUILD_START_1776_EAST_ASIA_SE_ASIA_RESEARCH_MATRIX.csv | CURRENT_SOURCE=common/history/buildings/12_indonesia.txt:common/history/buildings/12_indonesia.txt:751
JOH,STATE_MALAYA,building_fishing_wharf,1,0,REMOVE,COVERED_OWNER_STATE_WITH_NO_FINAL_HISTORICAL_TARGET_FOR_THIS_BUILDING,NO,NO,COVERAGE_COMPLETE,Coverage_Status=COVERED_POSITIVE | Research_Files=BUILD_START_1776_EAST_ASIA_SE_ASIA_RESEARCH.md;BUILD_START_1776_EAST_ASIA_SE_ASIA_RESEARCH_MATRIX.csv | CURRENT_SOURCE=common/history/buildings/12_indonesia.txt:common/history/buildings/12_indonesia.txt:56
JOH,STATE_MALAYA,building_rice_farm,1,0,REMOVE,COVERED_OWNER_STATE_WITH_NO_FINAL_HISTORICAL_TARGET_FOR_THIS_BUILDING,NO,NO,COVERAGE_COMPLETE,Coverage_Status=COVERED_POSITIVE | Research_Files=BUILD_START_1776_EAST_ASIA_SE_ASIA_RESEARCH.md;BUILD_START_1776_EAST_ASIA_SE_ASIA_RESEARCH_MATRIX.csv | CURRENT_SOURCE=common/history/buildings/12_indonesia.txt:common/history/buildings/12_indonesia.txt:4
JOH,STATE_MALAYA,building_spice_plantation,5,0,REMOVE,COVERED_OWNER_STATE_WITH_NO_FINAL_HISTORICAL_TARGET_FOR_THIS_BUILDING,NO,NO,COVERAGE_COMPLETE,Coverage_Status=COVERED_POSITIVE | Research_Files=BUILD_START_1776_EAST_ASIA_SE_ASIA_RESEARCH.md;BUILD_START_1776_EAST_ASIA_SE_ASIA_RESEARCH_MATRIX.csv | CURRENT_SOURCE=common/history/buildings/99_tech6a3_spice_plantations.txt:common/history/buildings/99_tech6a3_spice_plantations.txt:64
JOH,STATE_MALAYA,building_sugar_plantation,1,0,REMOVE,COVERED_OWNER_STATE_WITH_NO_FINAL_HISTORICAL_TARGET_FOR_THIS_BUILDING,NO,NO,COVERAGE_COMPLETE,Coverage_Status=COVERED_POSITIVE | Research_Files=BUILD_START_1776_EAST_ASIA_SE_ASIA_RESEARCH.md;BUILD_START_1776_EAST_ASIA_SE_ASIA_RESEARCH_MATRIX.csv | CURRENT_SOURCE=common/history/buildings/12_indonesia.txt:common/history/buildings/12_indonesia.txt:17
JOH,STATE_MALAYA,building_tea_plantation,4,0,REMOVE,COVERED_OWNER_STATE_WITH_NO_FINAL_HISTORICAL_TARGET_FOR_THIS_BUILDING,NO,NO,COVERAGE_COMPLETE,Coverage_Status=COVERED_POSITIVE | Research_Files=BUILD_START_1776_EAST_ASIA_SE_ASIA_RESEARCH.md;BUILD_START_1776_EAST_ASIA_SE_ASIA_RESEARCH_MATRIX.csv | CURRENT_SOURCE=common/history/buildings/12_indonesia.txt|common/history/buildings/12_indonesia.txt:common/history/buildings/12_indonesia.txt:30|common/history/buildings/12_indonesia.txt:43
KHI,STATE_KHIVA,building_livestock_ranch,1,0,REMOVE,COVERED_OWNER_STATE_WITH_NO_FINAL_HISTORICAL_TARGET_FOR_THIS_BUILDING,NO,NO,COVERAGE_COMPLETE,Coverage_Status=COVERED_POSITIVE | Research_Files=BUILD_START_1776_SUPPLEMENTAL_OWNER_STATE_COVERAGE_CORRIGE.csv; BUILD_START_1776_SUPPLEMENTAL_RESEARCH_CORRIGE.csv | CURRENT_SOURCE=common/history/buildings/15_russia.txt:common/history/buildings/15_russia.txt:1642
KHI,STATE_KHIVA,building_opium_plantation,1,0,REMOVE,COVERED_OWNER_STATE_WITH_NO_FINAL_HISTORICAL_TARGET_FOR_THIS_BUILDING,NO,NO,COVERAGE_COMPLETE,Coverage_Status=COVERED_POSITIVE | Research_Files=BUILD_START_1776_SUPPLEMENTAL_OWNER_STATE_COVERAGE_CORRIGE.csv; BUILD_START_1776_SUPPLEMENTAL_RESEARCH_CORRIGE.csv | CURRENT_SOURCE=common/history/buildings/15_russia.txt:common/history/buildings/15_russia.txt:1655
KOK,STATE_KIRGHIZIA,building_tea_plantation,1,0,REMOVE,COVERED_OWNER_STATE_WITH_NO_FINAL_HISTORICAL_TARGET_FOR_THIS_BUILDING,NO,NO,COVERAGE_COMPLETE,Coverage_Status=COVERED_POSITIVE | Research_Files=BUILD_START_1776_R3_OWNER_STATE_COVERAGE.csv;BUILD_START_1776_R3_RECOMMENDATIONS.csv | CURRENT_SOURCE=common/history/buildings/09_central_asia.txt:common/history/buildings/09_central_asia.txt:341
KOK,STATE_TAJIKISTAN,building_opium_plantation,1,0,REMOVE,COVERED_OWNER_STATE_WITH_NO_FINAL_HISTORICAL_TARGET_FOR_THIS_BUILDING,NO,NO,COVERAGE_COMPLETE,Coverage_Status=COVERED_POSITIVE | Research_Files=BUILD_START_1776_R3_OWNER_STATE_COVERAGE.csv;BUILD_START_1776_R3_RECOMMENDATIONS.csv | CURRENT_SOURCE=common/history/buildings/09_central_asia.txt:common/history/buildings/09_central_asia.txt:296
KON,STATE_BAS_CONGO,building_millet_farm,1,0,REMOVE,COVERED_OWNER_STATE_WITH_NO_FINAL_HISTORICAL_TARGET_FOR_THIS_BUILDING,NO,NO,COVERAGE_COMPLETE,Coverage_Status=COVERED_ZERO_POSITIVE | Research_Files=BUILD_START_1776_SUPPLEMENTAL_OWNER_STATE_COVERAGE_CORRIGE.csv | CURRENT_SOURCE=common/history/buildings/04_subsaharan_africa.txt:common/history/buildings/04_subsaharan_africa.txt:1507
KOR,STATE_BUSAN,building_fishing_wharf,2,0,REMOVE,COVERED_OWNER_STATE_WITH_NO_FINAL_HISTORICAL_TARGET_FOR_THIS_BUILDING,NO,NO,COVERAGE_COMPLETE,Coverage_Status=COVERED_POSITIVE | Research_Files=BUILD_START_1776_EAST_ASIA_SE_ASIA_RESEARCH.md;BUILD_START_1776_EAST_ASIA_SE_ASIA_RESEARCH_MATRIX.csv | CURRENT_SOURCE=common/history/buildings/11_east_asia.txt:common/history/buildings/11_east_asia.txt:3764
KOR,STATE_BUSAN,building_glassworks,1,0,REMOVE,COVERED_OWNER_STATE_WITH_NO_FINAL_HISTORICAL_TARGET_FOR_THIS_BUILDING,NO,NO,COVERAGE_COMPLETE,Coverage_Status=COVERED_POSITIVE | Research_Files=BUILD_START_1776_EAST_ASIA_SE_ASIA_RESEARCH.md;BUILD_START_1776_EAST_ASIA_SE_ASIA_RESEARCH_MATRIX.csv | CURRENT_SOURCE=common/history/buildings/11_east_asia.txt:common/history/buildings/11_east_asia.txt:3751
KOR,STATE_BUSAN,building_government_administration,1,0,REMOVE,COVERED_OWNER_STATE_WITH_NO_FINAL_HISTORICAL_TARGET_FOR_THIS_BUILDING,NO,NO,COVERAGE_COMPLETE,Coverage_Status=COVERED_POSITIVE | Research_Files=BUILD_START_1776_EAST_ASIA_SE_ASIA_RESEARCH.md;BUILD_START_1776_EAST_ASIA_SE_ASIA_RESEARCH_MATRIX.csv | CURRENT_SOURCE=common/history/buildings/11_east_asia.txt:common/history/buildings/11_east_asia.txt:3729
KOR,STATE_BUSAN,building_rice_farm,1,0,REMOVE,COVERED_OWNER_STATE_WITH_NO_FINAL_HISTORICAL_TARGET_FOR_THIS_BUILDING,NO,NO,COVERAGE_COMPLETE,Coverage_Status=COVERED_POSITIVE | Research_Files=BUILD_START_1776_EAST_ASIA_SE_ASIA_RESEARCH.md;BUILD_START_1776_EAST_ASIA_SE_ASIA_RESEARCH_MATRIX.csv | CURRENT_SOURCE=common/history/buildings/11_east_asia.txt:common/history/buildings/11_east_asia.txt:3777
KOR,STATE_BUSAN,building_shipyard,1,0,REMOVE,COVERED_OWNER_STATE_WITH_NO_FINAL_HISTORICAL_TARGET_FOR_THIS_BUILDING,NO,NO,COVERAGE_COMPLETE,Coverage_Status=COVERED_POSITIVE | Research_Files=BUILD_START_1776_EAST_ASIA_SE_ASIA_RESEARCH.md;BUILD_START_1776_EAST_ASIA_SE_ASIA_RESEARCH_MATRIX.csv | CURRENT_SOURCE=common/history/buildings/11_east_asia.txt:common/history/buildings/11_east_asia.txt:3740
KOR,STATE_BUSAN,building_tobacco_plantation,2,0,REMOVE,COVERED_OWNER_STATE_WITH_NO_FINAL_HISTORICAL_TARGET_FOR_THIS_BUILDING,NO,NO,COVERAGE_COMPLETE,Coverage_Status=COVERED_POSITIVE | Research_Files=BUILD_START_1776_EAST_ASIA_SE_ASIA_RESEARCH.md;BUILD_START_1776_EAST_ASIA_SE_ASIA_RESEARCH_MATRIX.csv | CURRENT_SOURCE=common/history/buildings/11_east_asia.txt:common/history/buildings/11_east_asia.txt:3790
KOR,STATE_PYONGYANG,building_glassworks,2,0,REMOVE,COVERED_OWNER_STATE_WITH_NO_FINAL_HISTORICAL_TARGET_FOR_THIS_BUILDING,NO,NO,COVERAGE_COMPLETE,Coverage_Status=COVERED_POSITIVE | Research_Files=BUILD_START_1776_EAST_ASIA_SE_ASIA_RESEARCH.md;BUILD_START_1776_EAST_ASIA_SE_ASIA_RESEARCH_MATRIX.csv | CURRENT_SOURCE=common/history/buildings/11_east_asia.txt:common/history/buildings/11_east_asia.txt:3950
KOR,STATE_PYONGYANG,building_government_administration,2,0,REMOVE,COVERED_OWNER_STATE_WITH_NO_FINAL_HISTORICAL_TARGET_FOR_THIS_BUILDING,NO,NO,COVERAGE_COMPLETE,Coverage_Status=COVERED_POSITIVE | Research_Files=BUILD_START_1776_EAST_ASIA_SE_ASIA_RESEARCH.md;BUILD_START_1776_EAST_ASIA_SE_ASIA_RESEARCH_MATRIX.csv | CURRENT_SOURCE=common/history/buildings/11_east_asia.txt:common/history/buildings/11_east_asia.txt:3939
KOR,STATE_PYONGYANG,building_iron_mine,1,0,REMOVE,COVERED_OWNER_STATE_WITH_NO_FINAL_HISTORICAL_TARGET_FOR_THIS_BUILDING,NO,NO,COVERAGE_COMPLETE,Coverage_Status=COVERED_POSITIVE | Research_Files=BUILD_START_1776_EAST_ASIA_SE_ASIA_RESEARCH.md;BUILD_START_1776_EAST_ASIA_SE_ASIA_RESEARCH_MATRIX.csv | CURRENT_SOURCE=common/history/buildings/11_east_asia.txt:common/history/buildings/11_east_asia.txt:3963
KOR,STATE_PYONGYANG,building_livestock_ranch,2,0,REMOVE,COVERED_OWNER_STATE_WITH_NO_FINAL_HISTORICAL_TARGET_FOR_THIS_BUILDING,NO,NO,COVERAGE_COMPLETE,Coverage_Status=COVERED_POSITIVE | Research_Files=BUILD_START_1776_EAST_ASIA_SE_ASIA_RESEARCH.md;BUILD_START_1776_EAST_ASIA_SE_ASIA_RESEARCH_MATRIX.csv | CURRENT_SOURCE=common/history/buildings/11_east_asia.txt:common/history/buildings/11_east_asia.txt:3989
KOR,STATE_PYONGYANG,building_rice_farm,2,0,REMOVE,COVERED_OWNER_STATE_WITH_NO_FINAL_HISTORICAL_TARGET_FOR_THIS_BUILDING,NO,NO,COVERAGE_COMPLETE,Coverage_Status=COVERED_POSITIVE | Research_Files=BUILD_START_1776_EAST_ASIA_SE_ASIA_RESEARCH.md;BUILD_START_1776_EAST_ASIA_SE_ASIA_RESEARCH_MATRIX.csv | CURRENT_SOURCE=common/history/buildings/11_east_asia.txt:common/history/buildings/11_east_asia.txt:3976
KOR,STATE_SARIWON,building_government_administration,1,0,REMOVE,COVERED_OWNER_STATE_WITH_NO_FINAL_HISTORICAL_TARGET_FOR_THIS_BUILDING,NO,NO,COVERAGE_COMPLETE,Coverage_Status=COVERED_ZERO_POSITIVE | Research_Files=BUILD_START_1776_EAST_ASIA_SE_ASIA_RESEARCH.md | CURRENT_SOURCE=common/history/buildings/11_east_asia.txt:common/history/buildings/11_east_asia.txt:3885
KOR,STATE_SARIWON,building_livestock_ranch,1,0,REMOVE,COVERED_OWNER_STATE_WITH_NO_FINAL_HISTORICAL_TARGET_FOR_THIS_BUILDING,NO,NO,COVERAGE_COMPLETE,Coverage_Status=COVERED_ZERO_POSITIVE | Research_Files=BUILD_START_1776_EAST_ASIA_SE_ASIA_RESEARCH.md | CURRENT_SOURCE=common/history/buildings/11_east_asia.txt:common/history/buildings/11_east_asia.txt:3909
KOR,STATE_SARIWON,building_rice_farm,1,0,REMOVE,COVERED_OWNER_STATE_WITH_NO_FINAL_HISTORICAL_TARGET_FOR_THIS_BUILDING,NO,NO,COVERAGE_COMPLETE,Coverage_Status=COVERED_ZERO_POSITIVE | Research_Files=BUILD_START_1776_EAST_ASIA_SE_ASIA_RESEARCH.md | CURRENT_SOURCE=common/history/buildings/11_east_asia.txt:common/history/buildings/11_east_asia.txt:3896
KOR,STATE_SARIWON,building_tobacco_plantation,2,0,REMOVE,COVERED_OWNER_STATE_WITH_NO_FINAL_HISTORICAL_TARGET_FOR_THIS_BUILDING,NO,NO,COVERAGE_COMPLETE,Coverage_Status=COVERED_ZERO_POSITIVE | Research_Files=BUILD_START_1776_EAST_ASIA_SE_ASIA_RESEARCH.md | CURRENT_SOURCE=common/history/buildings/11_east_asia.txt:common/history/buildings/11_east_asia.txt:3922
KOR,STATE_SEOUL,building_construction_sector,1,0,REMOVE,COVERED_OWNER_STATE_WITH_NO_FINAL_HISTORICAL_TARGET_FOR_THIS_BUILDING,NO,NO,COVERAGE_COMPLETE,Coverage_Status=COVERED_POSITIVE | Research_Files=BUILD_START_1776_EAST_ASIA_SE_ASIA_RESEARCH.md;BUILD_START_1776_EAST_ASIA_SE_ASIA_RESEARCH_MATRIX.csv | CURRENT_SOURCE=common/history/buildings/11_east_asia.txt:common/history/buildings/11_east_asia.txt:3662
KOR,STATE_SEOUL,building_fishing_wharf,2,0,REMOVE,COVERED_OWNER_STATE_WITH_NO_FINAL_HISTORICAL_TARGET_FOR_THIS_BUILDING,NO,NO,COVERAGE_COMPLETE,Coverage_Status=COVERED_POSITIVE | Research_Files=BUILD_START_1776_EAST_ASIA_SE_ASIA_RESEARCH.md;BUILD_START_1776_EAST_ASIA_SE_ASIA_RESEARCH_MATRIX.csv | CURRENT_SOURCE=common/history/buildings/11_east_asia.txt:common/history/buildings/11_east_asia.txt:3686
KOR,STATE_SEOUL,building_glassworks,3,0,REMOVE,COVERED_OWNER_STATE_WITH_NO_FINAL_HISTORICAL_TARGET_FOR_THIS_BUILDING,NO,NO,COVERAGE_COMPLETE,Coverage_Status=COVERED_POSITIVE | Research_Files=BUILD_START_1776_EAST_ASIA_SE_ASIA_RESEARCH.md;BUILD_START_1776_EAST_ASIA_SE_ASIA_RESEARCH_MATRIX.csv | CURRENT_SOURCE=common/history/buildings/11_east_asia.txt:common/history/buildings/11_east_asia.txt:3673
KOR,STATE_SEOUL,building_rice_farm,3,0,REMOVE,COVERED_OWNER_STATE_WITH_NO_FINAL_HISTORICAL_TARGET_FOR_THIS_BUILDING,NO,NO,COVERAGE_COMPLETE,Coverage_Status=COVERED_POSITIVE | Research_Files=BUILD_START_1776_EAST_ASIA_SE_ASIA_RESEARCH.md;BUILD_START_1776_EAST_ASIA_SE_ASIA_RESEARCH_MATRIX.csv | CURRENT_SOURCE=common/history/buildings/11_east_asia.txt:common/history/buildings/11_east_asia.txt:3699
KOR,STATE_SEOUL,building_tobacco_plantation,3,0,REMOVE,COVERED_OWNER_STATE_WITH_NO_FINAL_HISTORICAL_TARGET_FOR_THIS_BUILDING,NO,NO,COVERAGE_COMPLETE,Coverage_Status=COVERED_POSITIVE | Research_Files=BUILD_START_1776_EAST_ASIA_SE_ASIA_RESEARCH.md;BUILD_START_1776_EAST_ASIA_SE_ASIA_RESEARCH_MATRIX.csv | CURRENT_SOURCE=common/history/buildings/11_east_asia.txt:common/history/buildings/11_east_asia.txt:3712
KOR,STATE_YANGHO,building_fishing_wharf,2,0,REMOVE,COVERED_OWNER_STATE_WITH_NO_FINAL_HISTORICAL_TARGET_FOR_THIS_BUILDING,NO,NO,COVERAGE_COMPLETE,Coverage_Status=COVERED_POSITIVE | Research_Files=BUILD_START_1776_EAST_ASIA_SE_ASIA_RESEARCH_MATRIX.csv | CURRENT_SOURCE=common/history/buildings/11_east_asia.txt:common/history/buildings/11_east_asia.txt:3842
KOR,STATE_YANGHO,building_glassworks,1,0,REMOVE,COVERED_OWNER_STATE_WITH_NO_FINAL_HISTORICAL_TARGET_FOR_THIS_BUILDING,NO,NO,COVERAGE_COMPLETE,Coverage_Status=COVERED_POSITIVE | Research_Files=BUILD_START_1776_EAST_ASIA_SE_ASIA_RESEARCH_MATRIX.csv | CURRENT_SOURCE=common/history/buildings/11_east_asia.txt:common/history/buildings/11_east_asia.txt:3829
KOR,STATE_YANGHO,building_government_administration,2,0,REMOVE,COVERED_OWNER_STATE_WITH_NO_FINAL_HISTORICAL_TARGET_FOR_THIS_BUILDING,NO,NO,COVERAGE_COMPLETE,Coverage_Status=COVERED_POSITIVE | Research_Files=BUILD_START_1776_EAST_ASIA_SE_ASIA_RESEARCH_MATRIX.csv | CURRENT_SOURCE=common/history/buildings/11_east_asia.txt:common/history/buildings/11_east_asia.txt:3818
KOR,STATE_YANGHO,building_tobacco_plantation,1,0,REMOVE,COVERED_OWNER_STATE_WITH_NO_FINAL_HISTORICAL_TARGET_FOR_THIS_BUILDING,NO,NO,COVERAGE_COMPLETE,Coverage_Status=COVERED_POSITIVE | Research_Files=BUILD_START_1776_EAST_ASIA_SE_ASIA_RESEARCH_MATRIX.csv | CURRENT_SOURCE=common/history/buildings/11_east_asia.txt:common/history/buildings/11_east_asia.txt:3868
LAH,STATE_YEMEN,building_coffee_plantation,2,0,REMOVE,COVERED_OWNER_STATE_WITH_NO_FINAL_HISTORICAL_TARGET_FOR_THIS_BUILDING,NO,NO,COVERAGE_COMPLETE,Coverage_Status=COVERED_POSITIVE | Research_Files=BUILD_START_1776_R3_OWNER_STATE_COVERAGE.csv;BUILD_START_1776_R3_RECOMMENDATIONS.csv | CURRENT_SOURCE=common/history/buildings/08_middle_east.txt:common/history/buildings/08_middle_east.txt:144
LAH,STATE_YEMEN,building_port,1,0,REMOVE,COVERED_OWNER_STATE_WITH_NO_FINAL_HISTORICAL_TARGET_FOR_THIS_BUILDING,NO,NO,COVERAGE_COMPLETE,Coverage_Status=COVERED_POSITIVE | Research_Files=BUILD_START_1776_R3_OWNER_STATE_COVERAGE.csv;BUILD_START_1776_R3_RECOMMENDATIONS.csv | CURRENT_SOURCE=common/history/buildings/08_middle_east.txt:common/history/buildings/08_middle_east.txt:157
LAH,STATE_YEMEN,building_trade_center,2,0,REMOVE,COVERED_OWNER_STATE_WITH_NO_FINAL_HISTORICAL_TARGET_FOR_THIS_BUILDING,NO,NO,COVERAGE_COMPLETE,Coverage_Status=COVERED_POSITIVE | Research_Files=BUILD_START_1776_R3_OWNER_STATE_COVERAGE.csv;BUILD_START_1776_R3_RECOMMENDATIONS.csv | CURRENT_SOURCE=common/history/buildings/08_middle_east.txt:common/history/buildings/08_middle_east.txt:168
LAN,STATE_WEST_BORNEO,building_port,1,0,REMOVE,COVERED_OWNER_STATE_WITH_NO_FINAL_HISTORICAL_TARGET_FOR_THIS_BUILDING,NO,NO,COVERAGE_COMPLETE,Coverage_Status=COVERED_ZERO_POSITIVE | Research_Files=BUILD_START_1776_EAST_ASIA_SE_ASIA_RESEARCH.md | CURRENT_SOURCE=common/history/buildings/12_indonesia.txt:common/history/buildings/12_indonesia.txt:163
LAN,STATE_WEST_BORNEO,building_spice_plantation,2,0,REMOVE,COVERED_OWNER_STATE_WITH_NO_FINAL_HISTORICAL_TARGET_FOR_THIS_BUILDING,NO,NO,COVERAGE_COMPLETE,Coverage_Status=COVERED_ZERO_POSITIVE | Research_Files=BUILD_START_1776_EAST_ASIA_SE_ASIA_RESEARCH.md | CURRENT_SOURCE=common/history/buildings/99_tech6a3_spice_plantations.txt:common/history/buildings/99_tech6a3_spice_plantations.txt:114
LIP,STATE_WESTPHALIA,building_rye_farm,1,0,REMOVE,COVERED_OWNER_STATE_WITH_NO_FINAL_HISTORICAL_TARGET_FOR_THIS_BUILDING,NO,NO,COVERAGE_COMPLETE,Coverage_Status=COVERED_POSITIVE | Research_Files=BUILD_START_1776_CENTRAL_EUROPE_GERMAN_ITALY_RESEARCH.csv | CURRENT_SOURCE=common/history/buildings/00_west_europe.txt:common/history/buildings/00_west_europe.txt:5788
LOU,STATE_LOUISIANA,building_cotton_plantation,2,0,REMOVE,COVERED_OWNER_STATE_WITH_NO_FINAL_HISTORICAL_TARGET_FOR_THIS_BUILDING,NO,NO,COVERAGE_COMPLETE,Coverage_Status=COVERED_POSITIVE | Research_Files=BUILD_START_1776_AMERICAS_CARIBBEAN_RESEARCH.csv;BUILD_START_1776_AMERICAS_CARIBBEAN_RESEARCH.md | CURRENT_SOURCE=common/history/buildings/05_north_america.txt:common/history/buildings/05_north_america.txt:84
LOU,STATE_LOUISIANA,building_sugar_plantation,2,0,REMOVE,COVERED_OWNER_STATE_WITH_NO_FINAL_HISTORICAL_TARGET_FOR_THIS_BUILDING,NO,NO,COVERAGE_COMPLETE,Coverage_Status=COVERED_POSITIVE | Research_Files=BUILD_START_1776_AMERICAS_CARIBBEAN_RESEARCH.csv;BUILD_START_1776_AMERICAS_CARIBBEAN_RESEARCH.md | CURRENT_SOURCE=common/history/buildings/05_north_america.txt:common/history/buildings/05_north_america.txt:71
LUA,STATE_LAOS,building_opium_plantation,2,0,REMOVE,COVERED_OWNER_STATE_WITH_NO_FINAL_HISTORICAL_TARGET_FOR_THIS_BUILDING,NO,NO,COVERAGE_COMPLETE,Coverage_Status=COVERED_POSITIVE | Research_Files=BUILD_START_1776_EAST_ASIA_SE_ASIA_RESEARCH.md;BUILD_START_1776_EAST_ASIA_SE_ASIA_RESEARCH_MATRIX.csv | CURRENT_SOURCE=common/history/buildings/11_east_asia.txt:common/history/buildings/11_east_asia.txt:2347
LUC,STATE_EMILIA,building_livestock_ranch,2,0,REMOVE,COVERED_OWNER_STATE_WITH_NO_FINAL_HISTORICAL_TARGET_FOR_THIS_BUILDING,NO,NO,COVERAGE_COMPLETE,Coverage_Status=COVERED_POSITIVE | Research_Files=BUILD_START_1776_CENTRAL_EUROPE_GERMAN_ITALY_RESEARCH.csv | CURRENT_SOURCE=common/history/buildings/01_south_europe.txt:common/history/buildings/01_south_europe.txt:1351
LUC,STATE_EMILIA,building_port,1,0,REMOVE,COVERED_OWNER_STATE_WITH_NO_FINAL_HISTORICAL_TARGET_FOR_THIS_BUILDING,NO,NO,COVERAGE_COMPLETE,Coverage_Status=COVERED_POSITIVE | Research_Files=BUILD_START_1776_CENTRAL_EUROPE_GERMAN_ITALY_RESEARCH.csv | CURRENT_SOURCE=common/history/buildings/01_south_europe.txt:common/history/buildings/01_south_europe.txt:1377
LUC,STATE_EMILIA,building_trade_center,1,0,REMOVE,COVERED_OWNER_STATE_WITH_NO_FINAL_HISTORICAL_TARGET_FOR_THIS_BUILDING,NO,NO,COVERAGE_COMPLETE,Coverage_Status=COVERED_POSITIVE | Research_Files=BUILD_START_1776_CENTRAL_EUROPE_GERMAN_ITALY_RESEARCH.csv | CURRENT_SOURCE=common/history/buildings/01_south_europe.txt:common/history/buildings/01_south_europe.txt:1364
LUX,STATE_WALLONIA,building_livestock_ranch,1,0,REMOVE,COVERED_OWNER_STATE_WITH_NO_FINAL_HISTORICAL_TARGET_FOR_THIS_BUILDING,NO,NO,COVERAGE_COMPLETE,Coverage_Status=COVERED_POSITIVE | Research_Files=BUILD_START_1776_WESTERN_EUROPE_RESEARCH.csv;BUILD_START_1776_WESTERN_EUROPE_RESEARCH.md | CURRENT_SOURCE=common/history/buildings/00_west_europe.txt:common/history/buildings/00_west_europe.txt:4447
LUX,STATE_WALLONIA,building_wheat_farm,1,0,REMOVE,COVERED_OWNER_STATE_WITH_NO_FINAL_HISTORICAL_TARGET_FOR_THIS_BUILDING,NO,NO,COVERAGE_COMPLETE,Coverage_Status=COVERED_POSITIVE | Research_Files=BUILD_START_1776_WESTERN_EUROPE_RESEARCH.csv;BUILD_START_1776_WESTERN_EUROPE_RESEARCH.md | CURRENT_SOURCE=common/history/buildings/00_west_europe.txt:common/history/buildings/00_west_europe.txt:4434
MAD,STATE_NORTH_MADAGASCAR,building_fishing_wharf,1,0,REMOVE,COVERED_OWNER_STATE_WITH_NO_FINAL_HISTORICAL_TARGET_FOR_THIS_BUILDING,NO,NO,COVERAGE_COMPLETE,Coverage_Status=COVERED_ZERO_POSITIVE | Research_Files=BUILD_START_1776_SUPPLEMENTAL_OWNER_STATE_COVERAGE_CORRIGE.csv | CURRENT_SOURCE=common/history/buildings/04_subsaharan_africa.txt:common/history/buildings/04_subsaharan_africa.txt:1262
MAD,STATE_NORTH_MADAGASCAR,building_livestock_ranch,1,0,REMOVE,COVERED_OWNER_STATE_WITH_NO_FINAL_HISTORICAL_TARGET_FOR_THIS_BUILDING,NO,NO,COVERAGE_COMPLETE,Coverage_Status=COVERED_ZERO_POSITIVE | Research_Files=BUILD_START_1776_SUPPLEMENTAL_OWNER_STATE_COVERAGE_CORRIGE.csv | CURRENT_SOURCE=common/history/buildings/04_subsaharan_africa.txt:common/history/buildings/04_subsaharan_africa.txt:1236
MAD,STATE_NORTH_MADAGASCAR,building_tobacco_plantation,2,0,REMOVE,COVERED_OWNER_STATE_WITH_NO_FINAL_HISTORICAL_TARGET_FOR_THIS_BUILDING,NO,NO,COVERAGE_COMPLETE,Coverage_Status=COVERED_ZERO_POSITIVE | Research_Files=BUILD_START_1776_SUPPLEMENTAL_OWNER_STATE_COVERAGE_CORRIGE.csv | CURRENT_SOURCE=common/history/buildings/04_subsaharan_africa.txt:common/history/buildings/04_subsaharan_africa.txt:1249
MAD,STATE_SOUTH_MADAGASCAR,building_banana_plantation,1,0,REMOVE,COVERED_OWNER_STATE_WITH_NO_FINAL_HISTORICAL_TARGET_FOR_THIS_BUILDING,NO,NO,COVERAGE_COMPLETE,Coverage_Status=COVERED_ZERO_POSITIVE | Research_Files=BUILD_START_1776_SUPPLEMENTAL_OWNER_STATE_COVERAGE_CORRIGE.csv | CURRENT_SOURCE=common/history/buildings/04_subsaharan_africa.txt:common/history/buildings/04_subsaharan_africa.txt:1206
MAD,STATE_SOUTH_MADAGASCAR,building_coffee_plantation,1,0,REMOVE,COVERED_OWNER_STATE_WITH_NO_FINAL_HISTORICAL_TARGET_FOR_THIS_BUILDING,NO,NO,COVERAGE_COMPLETE,Coverage_Status=COVERED_ZERO_POSITIVE | Research_Files=BUILD_START_1776_SUPPLEMENTAL_OWNER_STATE_COVERAGE_CORRIGE.csv | CURRENT_SOURCE=common/history/buildings/04_subsaharan_africa.txt:common/history/buildings/04_subsaharan_africa.txt:1219
MAD,STATE_SOUTH_MADAGASCAR,building_millet_farm,1,0,REMOVE,COVERED_OWNER_STATE_WITH_NO_FINAL_HISTORICAL_TARGET_FOR_THIS_BUILDING,NO,NO,COVERAGE_COMPLETE,Coverage_Status=COVERED_ZERO_POSITIVE | Research_Files=BUILD_START_1776_SUPPLEMENTAL_OWNER_STATE_COVERAGE_CORRIGE.csv | CURRENT_SOURCE=common/history/buildings/04_subsaharan_africa.txt:common/history/buildings/04_subsaharan_africa.txt:1193
MARATH,STATE_AGRA,building_cotton_plantation,2,0,REMOVE,COVERED_OWNER_STATE_WITH_NO_FINAL_HISTORICAL_TARGET_FOR_THIS_BUILDING,NO,NO,COVERAGE_COMPLETE,Coverage_Status=COVERED_POSITIVE | Research_Files=BUILD_START_1776_SOUTH_ASIA_RESEARCH.csv | CURRENT_SOURCE=common/history/buildings/10_india.txt:common/history/buildings/10_india.txt:812
MARATH,STATE_AGRA,building_dye_plantation,2,0,REMOVE,COVERED_OWNER_STATE_WITH_NO_FINAL_HISTORICAL_TARGET_FOR_THIS_BUILDING,NO,NO,COVERAGE_COMPLETE,Coverage_Status=COVERED_POSITIVE | Research_Files=BUILD_START_1776_SOUTH_ASIA_RESEARCH.csv | CURRENT_SOURCE=common/history/buildings/10_india.txt:common/history/buildings/10_india.txt:725
MARATH,STATE_AGRA,building_furniture_manufactory,1,0,REMOVE,COVERED_OWNER_STATE_WITH_NO_FINAL_HISTORICAL_TARGET_FOR_THIS_BUILDING,NO,NO,COVERAGE_COMPLETE,Coverage_Status=COVERED_POSITIVE | Research_Files=BUILD_START_1776_SOUTH_ASIA_RESEARCH.csv | CURRENT_SOURCE=common/history/buildings/10_india.txt:common/history/buildings/10_india.txt:764
MARATH,STATE_AGRA,building_government_administration,8,0,REMOVE,COVERED_OWNER_STATE_WITH_NO_FINAL_HISTORICAL_TARGET_FOR_THIS_BUILDING,NO,NO,COVERAGE_COMPLETE,Coverage_Status=COVERED_POSITIVE | Research_Files=BUILD_START_1776_SOUTH_ASIA_RESEARCH.csv | CURRENT_SOURCE=common/history/buildings/10_india.txt|common/history/buildings/10_india.txt:common/history/buildings/10_india.txt:701|common/history/buildings/10_india.txt:801
MARATH,STATE_AGRA,building_iron_mine,1,0,REMOVE,COVERED_OWNER_STATE_WITH_NO_FINAL_HISTORICAL_TARGET_FOR_THIS_BUILDING,NO,NO,COVERAGE_COMPLETE,Coverage_Status=COVERED_POSITIVE | Research_Files=BUILD_START_1776_SOUTH_ASIA_RESEARCH.csv | CURRENT_SOURCE=common/history/buildings/10_india.txt:common/history/buildings/10_india.txt:751
MARATH,STATE_AGRA,building_logging_camp,2,0,REMOVE,COVERED_OWNER_STATE_WITH_NO_FINAL_HISTORICAL_TARGET_FOR_THIS_BUILDING,NO,NO,COVERAGE_COMPLETE,Coverage_Status=COVERED_POSITIVE | Research_Files=BUILD_START_1776_SOUTH_ASIA_RESEARCH.csv | CURRENT_SOURCE=common/history/buildings/10_india.txt:common/history/buildings/10_india.txt:738
MARATH,STATE_BOMBAY,building_artillery_foundry,1,0,REMOVE,COVERED_OWNER_STATE_WITH_NO_FINAL_HISTORICAL_TARGET_FOR_THIS_BUILDING,NO,NO,COVERAGE_COMPLETE,Coverage_Status=COVERED_POSITIVE | Research_Files=BUILD_START_1776_SOUTH_ASIA_RESEARCH.csv;BUILD_START_1776_SOUTH_ASIA_RESEARCH.md | CURRENT_SOURCE=common/history/buildings/10_india.txt:common/history/buildings/10_india.txt:2114
MARATH,STATE_BOMBAY,building_construction_sector,1,0,REMOVE,COVERED_OWNER_STATE_WITH_NO_FINAL_HISTORICAL_TARGET_FOR_THIS_BUILDING,NO,NO,COVERAGE_COMPLETE,Coverage_Status=COVERED_POSITIVE | Research_Files=BUILD_START_1776_SOUTH_ASIA_RESEARCH.csv;BUILD_START_1776_SOUTH_ASIA_RESEARCH.md | CURRENT_SOURCE=common/history/buildings/10_india.txt:common/history/buildings/10_india.txt:2103
MARATH,STATE_BOMBAY,building_fishing_wharf,3,0,REMOVE,COVERED_OWNER_STATE_WITH_NO_FINAL_HISTORICAL_TARGET_FOR_THIS_BUILDING,NO,NO,COVERAGE_COMPLETE,Coverage_Status=COVERED_POSITIVE | Research_Files=BUILD_START_1776_SOUTH_ASIA_RESEARCH.csv;BUILD_START_1776_SOUTH_ASIA_RESEARCH.md | CURRENT_SOURCE=common/history/buildings/10_india.txt:common/history/buildings/10_india.txt:2125
MARATH,STATE_BOMBAY,building_government_administration,14,0,REMOVE,COVERED_OWNER_STATE_WITH_NO_FINAL_HISTORICAL_TARGET_FOR_THIS_BUILDING,NO,NO,COVERAGE_COMPLETE,Coverage_Status=COVERED_POSITIVE | Research_Files=BUILD_START_1776_SOUTH_ASIA_RESEARCH.csv;BUILD_START_1776_SOUTH_ASIA_RESEARCH.md | CURRENT_SOURCE=common/history/buildings/10_india.txt|common/history/buildings/10_india.txt:common/history/buildings/10_india.txt:2068|common/history/buildings/10_india.txt:2092
MARATH,STATE_BOMBAY,building_logging_camp,6,0,REMOVE,COVERED_OWNER_STATE_WITH_NO_FINAL_HISTORICAL_TARGET_FOR_THIS_BUILDING,NO,NO,COVERAGE_COMPLETE,Coverage_Status=COVERED_POSITIVE | Research_Files=BUILD_START_1776_SOUTH_ASIA_RESEARCH.csv;BUILD_START_1776_SOUTH_ASIA_RESEARCH.md | CURRENT_SOURCE=common/history/buildings/10_india.txt:common/history/buildings/10_india.txt:2149
MARATH,STATE_BOMBAY,building_port,2,0,REMOVE,COVERED_OWNER_STATE_WITH_NO_FINAL_HISTORICAL_TARGET_FOR_THIS_BUILDING,NO,NO,COVERAGE_COMPLETE,Coverage_Status=COVERED_POSITIVE | Research_Files=BUILD_START_1776_SOUTH_ASIA_RESEARCH.csv;BUILD_START_1776_SOUTH_ASIA_RESEARCH.md | CURRENT_SOURCE=common/history/buildings/10_india.txt:common/history/buildings/10_india.txt:2138
MARATH,STATE_BOMBAY,building_spice_plantation,1,0,REMOVE,COVERED_OWNER_STATE_WITH_NO_FINAL_HISTORICAL_TARGET_FOR_THIS_BUILDING,NO,NO,COVERAGE_COMPLETE,Coverage_Status=COVERED_POSITIVE | Research_Files=BUILD_START_1776_SOUTH_ASIA_RESEARCH.csv;BUILD_START_1776_SOUTH_ASIA_RESEARCH.md | CURRENT_SOURCE=common/history/buildings/99_tech6a3_spice_plantations.txt:common/history/buildings/99_tech6a3_spice_plantations.txt:154
MARATH,STATE_CENTRAL_PROVINCES,building_government_administration,1,0,REMOVE,COVERED_OWNER_STATE_WITH_NO_FINAL_HISTORICAL_TARGET_FOR_THIS_BUILDING,NO,NO,COVERAGE_COMPLETE,Coverage_Status=COVERED_POSITIVE | Research_Files=BUILD_START_1776_SOUTH_ASIA_RESEARCH.csv | CURRENT_SOURCE=common/history/buildings/10_india.txt:common/history/buildings/10_india.txt:1294
MARATH,STATE_MALWA,building_opium_plantation,7,0,REMOVE,COVERED_OWNER_STATE_WITH_NO_FINAL_HISTORICAL_TARGET_FOR_THIS_BUILDING,NO,NO,COVERAGE_COMPLETE,Coverage_Status=COVERED_POSITIVE | Research_Files=BUILD_START_1776_SOUTH_ASIA_RESEARCH.csv | CURRENT_SOURCE=common/history/buildings/10_india.txt:common/history/buildings/10_india.txt:896
MARATH,STATE_MALWA,building_paper_mill,1,0,REMOVE,COVERED_OWNER_STATE_WITH_NO_FINAL_HISTORICAL_TARGET_FOR_THIS_BUILDING,NO,NO,COVERAGE_COMPLETE,Coverage_Status=COVERED_POSITIVE | Research_Files=BUILD_START_1776_SOUTH_ASIA_RESEARCH.csv | CURRENT_SOURCE=common/history/buildings/10_india.txt:common/history/buildings/10_india.txt:909
MAS,STATE_ALGIERS,building_fishing_wharf,1,0,REMOVE,COVERED_OWNER_STATE_WITH_NO_FINAL_HISTORICAL_TARGET_FOR_THIS_BUILDING,NO,NO,COVERAGE_COMPLETE,Coverage_Status=COVERED_POSITIVE | Research_Files=BUILD_START_1776_R3_OWNER_STATE_COVERAGE.csv;BUILD_START_1776_R3_RECOMMENDATIONS.csv | CURRENT_SOURCE=common/history/buildings/03_north_africa.txt:common/history/buildings/03_north_africa.txt:486
MAS,STATE_ALGIERS,building_government_administration,1,0,REMOVE,COVERED_OWNER_STATE_WITH_NO_FINAL_HISTORICAL_TARGET_FOR_THIS_BUILDING,NO,NO,COVERAGE_COMPLETE,Coverage_Status=COVERED_POSITIVE | Research_Files=BUILD_START_1776_R3_OWNER_STATE_COVERAGE.csv;BUILD_START_1776_R3_RECOMMENDATIONS.csv | CURRENT_SOURCE=common/history/buildings/03_north_africa.txt:common/history/buildings/03_north_africa.txt:475
MAS,STATE_ALGIERS,building_logging_camp,1,0,REMOVE,COVERED_OWNER_STATE_WITH_NO_FINAL_HISTORICAL_TARGET_FOR_THIS_BUILDING,NO,NO,COVERAGE_COMPLETE,Coverage_Status=COVERED_POSITIVE | Research_Files=BUILD_START_1776_R3_OWNER_STATE_COVERAGE.csv;BUILD_START_1776_R3_RECOMMENDATIONS.csv | CURRENT_SOURCE=common/history/buildings/03_north_africa.txt:common/history/buildings/03_north_africa.txt:547
MAS,STATE_ORAN,building_government_administration,3,0,REMOVE,COVERED_OWNER_STATE_WITH_NO_FINAL_HISTORICAL_TARGET_FOR_THIS_BUILDING,NO,NO,COVERAGE_COMPLETE,Coverage_Status=COVERED_POSITIVE | Research_Files=BUILD_START_1776_R3_OWNER_STATE_COVERAGE.csv;BUILD_START_1776_R3_RECOMMENDATIONS.csv | CURRENT_SOURCE=common/history/buildings/03_north_africa.txt:common/history/buildings/03_north_africa.txt:744
MBS,STATE_KENYA,building_fishing_wharf,1,0,REMOVE,COVERED_OWNER_STATE_WITH_NO_FINAL_HISTORICAL_TARGET_FOR_THIS_BUILDING,NO,NO,COVERAGE_COMPLETE,Coverage_Status=COVERED_POSITIVE | Research_Files=BUILD_START_1776_SUPPLEMENTAL_OWNER_STATE_COVERAGE_CORRIGE.csv; BUILD_START_1776_SUPPLEMENTAL_RESEARCH_CORRIGE.csv | CURRENT_SOURCE=common/history/buildings/04_subsaharan_africa.txt:common/history/buildings/04_subsaharan_africa.txt:882
MEC,STATE_MECKLENBURG,building_livestock_ranch,1,0,REMOVE,COVERED_OWNER_STATE_WITH_NO_FINAL_HISTORICAL_TARGET_FOR_THIS_BUILDING,NO,NO,COVERAGE_COMPLETE,Coverage_Status=COVERED_POSITIVE | Research_Files=BUILD_START_1776_CENTRAL_EUROPE_GERMAN_ITALY_RESEARCH.csv | CURRENT_SOURCE=common/history/buildings/00_west_europe.txt:common/history/buildings/00_west_europe.txt:7487
MEI,STATE_SAXONY,building_livestock_ranch,1,0,REMOVE,COVERED_OWNER_STATE_WITH_NO_FINAL_HISTORICAL_TARGET_FOR_THIS_BUILDING,NO,NO,COVERAGE_COMPLETE,Coverage_Status=COVERED_POSITIVE | Research_Files=BUILD_START_1776_CENTRAL_EUROPE_GERMAN_ITALY_RESEARCH.csv | CURRENT_SOURCE=common/history/buildings/00_west_europe.txt:common/history/buildings/00_west_europe.txt:7144
MEI,STATE_SAXONY,building_rye_farm,1,0,REMOVE,COVERED_OWNER_STATE_WITH_NO_FINAL_HISTORICAL_TARGET_FOR_THIS_BUILDING,NO,NO,COVERAGE_COMPLETE,Coverage_Status=COVERED_POSITIVE | Research_Files=BUILD_START_1776_CENTRAL_EUROPE_GERMAN_ITALY_RESEARCH.csv | CURRENT_SOURCE=common/history/buildings/00_west_europe.txt:common/history/buildings/00_west_europe.txt:7131
MGD,STATE_MINDANAO,building_rice_farm,1,0,REMOVE,COVERED_OWNER_STATE_WITH_NO_FINAL_HISTORICAL_TARGET_FOR_THIS_BUILDING,NO,NO,COVERAGE_COMPLETE,Coverage_Status=COVERED_POSITIVE | Research_Files=BUILD_START_1776_EAST_ASIA_SE_ASIA_RESEARCH.md;BUILD_START_1776_EAST_ASIA_SE_ASIA_RESEARCH_MATRIX.csv | CURRENT_SOURCE=common/history/buildings/12_indonesia.txt:common/history/buildings/12_indonesia.txt:1138
MJT,STATE_SOMALILAND,building_fishing_wharf,1,0,REMOVE,COVERED_OWNER_STATE_WITH_NO_FINAL_HISTORICAL_TARGET_FOR_THIS_BUILDING,NO,NO,COVERAGE_COMPLETE,Coverage_Status=COVERED_ZERO_POSITIVE | Research_Files=BUILD_START_1776_SUPPLEMENTAL_OWNER_STATE_COVERAGE_CORRIGE.csv | CURRENT_SOURCE=common/history/buildings/04_subsaharan_africa.txt:common/history/buildings/04_subsaharan_africa.txt:1176
MJT,STATE_SOMALILAND,building_livestock_ranch,1,0,REMOVE,COVERED_OWNER_STATE_WITH_NO_FINAL_HISTORICAL_TARGET_FOR_THIS_BUILDING,NO,NO,COVERAGE_COMPLETE,Coverage_Status=COVERED_ZERO_POSITIVE | Research_Files=BUILD_START_1776_SUPPLEMENTAL_OWNER_STATE_COVERAGE_CORRIGE.csv | CURRENT_SOURCE=common/history/buildings/04_subsaharan_africa.txt:common/history/buildings/04_subsaharan_africa.txt:1163
MKT,STATE_NICARAGUA,building_port,1,0,REMOVE,COVERED_OWNER_STATE_WITH_NO_FINAL_HISTORICAL_TARGET_FOR_THIS_BUILDING,NO,NO,COVERAGE_COMPLETE,Coverage_Status=COVERED_ZERO_POSITIVE | Research_Files=BUILD_START_1776_AMERICAS_CARIBBEAN_RESEARCH.md | CURRENT_SOURCE=common/history/buildings/06_central_america.txt:common/history/buildings/06_central_america.txt:225
MLT,STATE_MALTA,building_fishing_wharf,1,0,REMOVE,COVERED_OWNER_STATE_WITH_NO_FINAL_HISTORICAL_TARGET_FOR_THIS_BUILDING,NO,NO,COVERAGE_COMPLETE,Coverage_Status=COVERED_POSITIVE | Research_Files=BUILD_START_1776_SUPPLEMENTAL_OWNER_STATE_COVERAGE_CORRIGE.csv; BUILD_START_1776_SUPPLEMENTAL_RESEARCH_CORRIGE.csv | CURRENT_SOURCE=common/history/buildings/01_south_europe.txt:common/history/buildings/01_south_europe.txt:646
MLT,STATE_MALTA,building_port,1,0,REMOVE,COVERED_OWNER_STATE_WITH_NO_FINAL_HISTORICAL_TARGET_FOR_THIS_BUILDING,NO,NO,COVERAGE_COMPLETE,Coverage_Status=COVERED_POSITIVE | Research_Files=BUILD_START_1776_SUPPLEMENTAL_OWNER_STATE_COVERAGE_CORRIGE.csv; BUILD_START_1776_SUPPLEMENTAL_RESEARCH_CORRIGE.csv | CURRENT_SOURCE=common/history/buildings/01_south_europe.txt:common/history/buildings/01_south_europe.txt:659
MOD,STATE_EMILIA,building_livestock_ranch,1,0,REMOVE,COVERED_OWNER_STATE_WITH_NO_FINAL_HISTORICAL_TARGET_FOR_THIS_BUILDING,NO,NO,COVERAGE_COMPLETE,Coverage_Status=COVERED_POSITIVE | Research_Files=BUILD_START_1776_CENTRAL_EUROPE_GERMAN_ITALY_RESEARCH.csv | CURRENT_SOURCE=common/history/buildings/01_south_europe.txt:common/history/buildings/01_south_europe.txt:1422
MOD,STATE_EMILIA,building_university,1,0,REMOVE,COVERED_OWNER_STATE_WITH_NO_FINAL_HISTORICAL_TARGET_FOR_THIS_BUILDING,NO,NO,COVERAGE_COMPLETE,Coverage_Status=COVERED_POSITIVE | Research_Files=BUILD_START_1776_CENTRAL_EUROPE_GERMAN_ITALY_RESEARCH.csv | CURRENT_SOURCE=common/history/buildings/01_south_europe.txt:common/history/buildings/01_south_europe.txt:1436
MOD,STATE_EMILIA,building_wheat_farm,4,0,REMOVE,COVERED_OWNER_STATE_WITH_NO_FINAL_HISTORICAL_TARGET_FOR_THIS_BUILDING,NO,NO,COVERAGE_COMPLETE,Coverage_Status=COVERED_POSITIVE | Research_Files=BUILD_START_1776_CENTRAL_EUROPE_GERMAN_ITALY_RESEARCH.csv | CURRENT_SOURCE=common/history/buildings/01_south_europe.txt:common/history/buildings/01_south_europe.txt:1390
MOL,STATE_MOLDAVIA,building_livestock_ranch,2,0,REMOVE,COVERED_OWNER_STATE_WITH_NO_FINAL_HISTORICAL_TARGET_FOR_THIS_BUILDING,NO,NO,COVERAGE_COMPLETE,Coverage_Status=COVERED_ZERO_POSITIVE | Research_Files=BUILD_START_1776_SUPPLEMENTAL_OWNER_STATE_COVERAGE_CORRIGE.csv | CURRENT_SOURCE=common/history/buildings/02_east_europe.txt:common/history/buildings/02_east_europe.txt:1384
MOL,STATE_MOLDAVIA,building_logging_camp,1,0,REMOVE,COVERED_OWNER_STATE_WITH_NO_FINAL_HISTORICAL_TARGET_FOR_THIS_BUILDING,NO,NO,COVERAGE_COMPLETE,Coverage_Status=COVERED_ZERO_POSITIVE | Research_Files=BUILD_START_1776_SUPPLEMENTAL_OWNER_STATE_COVERAGE_CORRIGE.csv | CURRENT_SOURCE=common/history/buildings/02_east_europe.txt:common/history/buildings/02_east_europe.txt:1397
MOL,STATE_MOLDAVIA,building_vineyard,2,0,REMOVE,COVERED_OWNER_STATE_WITH_NO_FINAL_HISTORICAL_TARGET_FOR_THIS_BUILDING,NO,NO,COVERAGE_COMPLETE,Coverage_Status=COVERED_ZERO_POSITIVE | Research_Files=BUILD_START_1776_SUPPLEMENTAL_OWNER_STATE_COVERAGE_CORRIGE.csv | CURRENT_SOURCE=common/history/buildings/02_east_europe.txt:common/history/buildings/02_east_europe.txt:1365
MOL,STATE_MOLDAVIA,building_wheat_farm,1,0,REMOVE,COVERED_OWNER_STATE_WITH_NO_FINAL_HISTORICAL_TARGET_FOR_THIS_BUILDING,NO,NO,COVERAGE_COMPLETE,Coverage_Status=COVERED_ZERO_POSITIVE | Research_Files=BUILD_START_1776_SUPPLEMENTAL_OWNER_STATE_COVERAGE_CORRIGE.csv | CURRENT_SOURCE=common/history/buildings/02_east_europe.txt:common/history/buildings/02_east_europe.txt:1352
MON,STATE_MONTENEGRO,building_livestock_ranch,2,0,REMOVE,COVERED_OWNER_STATE_WITH_NO_FINAL_HISTORICAL_TARGET_FOR_THIS_BUILDING,NO,NO,COVERAGE_COMPLETE,Coverage_Status=COVERED_ZERO_POSITIVE | Research_Files=BUILD_START_1776_SUPPLEMENTAL_OWNER_STATE_COVERAGE_CORRIGE.csv | CURRENT_SOURCE=common/history/buildings/01_south_europe.txt:common/history/buildings/01_south_europe.txt:5380
MON,STATE_MONTENEGRO,building_trade_center,1,0,REMOVE,COVERED_OWNER_STATE_WITH_NO_FINAL_HISTORICAL_TARGET_FOR_THIS_BUILDING,NO,NO,COVERAGE_COMPLETE,Coverage_Status=COVERED_ZERO_POSITIVE | Research_Files=BUILD_START_1776_SUPPLEMENTAL_OWNER_STATE_COVERAGE_CORRIGE.csv | CURRENT_SOURCE=common/history/buildings/01_south_europe.txt:common/history/buildings/01_south_europe.txt:5393
MOR,STATE_AL_RIF,building_logging_camp,1,0,REMOVE,COVERED_OWNER_STATE_WITH_NO_FINAL_HISTORICAL_TARGET_FOR_THIS_BUILDING,NO,NO,COVERAGE_COMPLETE,Coverage_Status=COVERED_POSITIVE | Research_Files=BUILD_START_1776_R3_OWNER_STATE_COVERAGE.csv;BUILD_START_1776_R3_RECOMMENDATIONS.csv | CURRENT_SOURCE=common/history/buildings/03_north_africa.txt:common/history/buildings/03_north_africa.txt:402
MOR,STATE_FEZ,building_fishing_wharf,1,0,REMOVE,COVERED_OWNER_STATE_WITH_NO_FINAL_HISTORICAL_TARGET_FOR_THIS_BUILDING,NO,NO,COVERAGE_COMPLETE,Coverage_Status=COVERED_POSITIVE | Research_Files=BUILD_START_1776_R3_OWNER_STATE_COVERAGE.csv;BUILD_START_1776_R3_RECOMMENDATIONS.csv | CURRENT_SOURCE=common/history/buildings/03_north_africa.txt:common/history/buildings/03_north_africa.txt:335
MOR,STATE_FEZ,building_government_administration,3,0,REMOVE,COVERED_OWNER_STATE_WITH_NO_FINAL_HISTORICAL_TARGET_FOR_THIS_BUILDING,NO,NO,COVERAGE_COMPLETE,Coverage_Status=COVERED_POSITIVE | Research_Files=BUILD_START_1776_R3_OWNER_STATE_COVERAGE.csv;BUILD_START_1776_R3_RECOMMENDATIONS.csv | CURRENT_SOURCE=common/history/buildings/03_north_africa.txt:common/history/buildings/03_north_africa.txt:311
MOR,STATE_FEZ,building_port,1,0,REMOVE,COVERED_OWNER_STATE_WITH_NO_FINAL_HISTORICAL_TARGET_FOR_THIS_BUILDING,NO,NO,COVERAGE_COMPLETE,Coverage_Status=COVERED_POSITIVE | Research_Files=BUILD_START_1776_R3_OWNER_STATE_COVERAGE.csv;BUILD_START_1776_R3_RECOMMENDATIONS.csv | CURRENT_SOURCE=common/history/buildings/03_north_africa.txt:common/history/buildings/03_north_africa.txt:361
MOR,STATE_INNER_MOROCCO,building_iron_mine,2,0,REMOVE,COVERED_OWNER_STATE_WITH_NO_FINAL_HISTORICAL_TARGET_FOR_THIS_BUILDING,NO,NO,COVERAGE_COMPLETE,Coverage_Status=COVERED_POSITIVE | Research_Files=BUILD_START_1776_R3_OWNER_STATE_COVERAGE.csv;BUILD_START_1776_R3_RECOMMENDATIONS.csv | CURRENT_SOURCE=common/history/buildings/03_north_africa.txt:common/history/buildings/03_north_africa.txt:458
MOR,STATE_MARRAKECH,building_fishing_wharf,2,0,REMOVE,COVERED_OWNER_STATE_WITH_NO_FINAL_HISTORICAL_TARGET_FOR_THIS_BUILDING,NO,NO,COVERAGE_COMPLETE,Coverage_Status=COVERED_POSITIVE | Research_Files=BUILD_START_1776_R3_OWNER_STATE_COVERAGE.csv;BUILD_START_1776_R3_RECOMMENDATIONS.csv | CURRENT_SOURCE=common/history/buildings/03_north_africa.txt:common/history/buildings/03_north_africa.txt:270
MOR,STATE_MARRAKECH,building_glassworks,1,0,REMOVE,COVERED_OWNER_STATE_WITH_NO_FINAL_HISTORICAL_TARGET_FOR_THIS_BUILDING,NO,NO,COVERAGE_COMPLETE,Coverage_Status=COVERED_POSITIVE | Research_Files=BUILD_START_1776_R3_OWNER_STATE_COVERAGE.csv;BUILD_START_1776_R3_RECOMMENDATIONS.csv | CURRENT_SOURCE=common/history/buildings/03_north_africa.txt:common/history/buildings/03_north_africa.txt:257
MOR,STATE_MARRAKECH,building_government_administration,1,0,REMOVE,COVERED_OWNER_STATE_WITH_NO_FINAL_HISTORICAL_TARGET_FOR_THIS_BUILDING,NO,NO,COVERAGE_COMPLETE,Coverage_Status=COVERED_POSITIVE | Research_Files=BUILD_START_1776_R3_OWNER_STATE_COVERAGE.csv;BUILD_START_1776_R3_RECOMMENDATIONS.csv | CURRENT_SOURCE=common/history/buildings/03_north_africa.txt:common/history/buildings/03_north_africa.txt:235
MOR,STATE_MARRAKECH,building_port,1,0,REMOVE,COVERED_OWNER_STATE_WITH_NO_FINAL_HISTORICAL_TARGET_FOR_THIS_BUILDING,NO,NO,COVERAGE_COMPLETE,Coverage_Status=COVERED_POSITIVE | Research_Files=BUILD_START_1776_R3_OWNER_STATE_COVERAGE.csv;BUILD_START_1776_R3_RECOMMENDATIONS.csv | CURRENT_SOURCE=common/history/buildings/03_north_africa.txt:common/history/buildings/03_north_africa.txt:296
MST,STATE_MECKLENBURG,building_livestock_ranch,1,0,REMOVE,COVERED_OWNER_STATE_WITH_NO_FINAL_HISTORICAL_TARGET_FOR_THIS_BUILDING,NO,NO,COVERAGE_COMPLETE,Coverage_Status=COVERED_POSITIVE | Research_Files=BUILD_START_1776_CENTRAL_EUROPE_GERMAN_ITALY_RESEARCH.csv | CURRENT_SOURCE=common/history/buildings/00_west_europe.txt:common/history/buildings/00_west_europe.txt:7526
MUG,STATE_DELHI,building_cotton_plantation,1,0,REMOVE,COVERED_OWNER_STATE_WITH_NO_FINAL_HISTORICAL_TARGET_FOR_THIS_BUILDING,NO,NO,COVERAGE_COMPLETE,Coverage_Status=COVERED_POSITIVE | Research_Files=BUILD_START_1776_SOUTH_ASIA_RESEARCH.csv | CURRENT_SOURCE=common/history/buildings/10_india.txt:common/history/buildings/10_india.txt:506
MUG,STATE_DELHI,building_opium_plantation,1,0,REMOVE,COVERED_OWNER_STATE_WITH_NO_FINAL_HISTORICAL_TARGET_FOR_THIS_BUILDING,NO,NO,COVERAGE_COMPLETE,Coverage_Status=COVERED_POSITIVE | Research_Files=BUILD_START_1776_SOUTH_ASIA_RESEARCH.csv | CURRENT_SOURCE=common/history/buildings/10_india.txt:common/history/buildings/10_india.txt:519
MYS,STATE_MYSORE,building_dye_plantation,1,0,REMOVE,COVERED_OWNER_STATE_WITH_NO_FINAL_HISTORICAL_TARGET_FOR_THIS_BUILDING,NO,NO,COVERAGE_COMPLETE,Coverage_Status=COVERED_POSITIVE | Research_Files=BUILD_START_1776_SOUTH_ASIA_RESEARCH.csv;BUILD_START_1776_SOUTH_ASIA_RESEARCH.md | CURRENT_SOURCE=common/history/buildings/10_india.txt:common/history/buildings/10_india.txt:1758
MYS,STATE_MYSORE,building_silk_plantation,1,0,REMOVE,COVERED_OWNER_STATE_WITH_NO_FINAL_HISTORICAL_TARGET_FOR_THIS_BUILDING,NO,NO,COVERAGE_COMPLETE,Coverage_Status=COVERED_POSITIVE | Research_Files=BUILD_START_1776_SOUTH_ASIA_RESEARCH.csv;BUILD_START_1776_SOUTH_ASIA_RESEARCH.md | CURRENT_SOURCE=common/history/buildings/10_india.txt:common/history/buildings/10_india.txt:1745
MYS,STATE_MYSORE,building_spice_plantation,4,0,REMOVE,COVERED_OWNER_STATE_WITH_NO_FINAL_HISTORICAL_TARGET_FOR_THIS_BUILDING,NO,NO,COVERAGE_COMPLETE,Coverage_Status=COVERED_POSITIVE | Research_Files=BUILD_START_1776_SOUTH_ASIA_RESEARCH.csv;BUILD_START_1776_SOUTH_ASIA_RESEARCH.md | CURRENT_SOURCE=common/history/buildings/99_tech6a3_spice_plantations.txt:common/history/buildings/99_tech6a3_spice_plantations.txt:74
NAG,STATE_CENTRAL_PROVINCES,building_dye_plantation,3,0,REMOVE,COVERED_OWNER_STATE_WITH_NO_FINAL_HISTORICAL_TARGET_FOR_THIS_BUILDING,NO,NO,COVERAGE_COMPLETE,Coverage_Status=COVERED_POSITIVE | Research_Files=BUILD_START_1776_SOUTH_ASIA_RESEARCH.csv | CURRENT_SOURCE=common/history/buildings/10_india.txt:common/history/buildings/10_india.txt:1253
NAG,STATE_CENTRAL_PROVINCES,building_logging_camp,4,0,REMOVE,COVERED_OWNER_STATE_WITH_NO_FINAL_HISTORICAL_TARGET_FOR_THIS_BUILDING,NO,NO,COVERAGE_COMPLETE,Coverage_Status=COVERED_POSITIVE | Research_Files=BUILD_START_1776_SOUTH_ASIA_RESEARCH.csv | CURRENT_SOURCE=common/history/buildings/10_india.txt:common/history/buildings/10_india.txt:1279
NAG,STATE_CENTRAL_PROVINCES,building_opium_plantation,3,0,REMOVE,COVERED_OWNER_STATE_WITH_NO_FINAL_HISTORICAL_TARGET_FOR_THIS_BUILDING,NO,NO,COVERAGE_COMPLETE,Coverage_Status=COVERED_POSITIVE | Research_Files=BUILD_START_1776_SOUTH_ASIA_RESEARCH.csv | CURRENT_SOURCE=common/history/buildings/10_india.txt:common/history/buildings/10_india.txt:1266
NAG,STATE_ORISSA,building_sugar_plantation,1,0,REMOVE,COVERED_OWNER_STATE_WITH_NO_FINAL_HISTORICAL_TARGET_FOR_THIS_BUILDING,NO,NO,COVERAGE_COMPLETE,Coverage_Status=COVERED_POSITIVE | Research_Files=BUILD_START_1776_SOUTH_ASIA_RESEARCH.csv | CURRENT_SOURCE=common/history/buildings/10_india.txt:common/history/buildings/10_india.txt:1566
NAS,STATE_HESSE,building_livestock_ranch,1,0,REMOVE,COVERED_OWNER_STATE_WITH_NO_FINAL_HISTORICAL_TARGET_FOR_THIS_BUILDING,NO,NO,COVERAGE_COMPLETE,Coverage_Status=COVERED_POSITIVE | Research_Files=BUILD_START_1776_CENTRAL_EUROPE_GERMAN_ITALY_RESEARCH.csv | CURRENT_SOURCE=common/history/buildings/00_west_europe.txt:common/history/buildings/00_west_europe.txt:7416
NAS,STATE_HESSE,building_logging_camp,1,0,REMOVE,COVERED_OWNER_STATE_WITH_NO_FINAL_HISTORICAL_TARGET_FOR_THIS_BUILDING,NO,NO,COVERAGE_COMPLETE,Coverage_Status=COVERED_POSITIVE | Research_Files=BUILD_START_1776_CENTRAL_EUROPE_GERMAN_ITALY_RESEARCH.csv | CURRENT_SOURCE=common/history/buildings/00_west_europe.txt:common/history/buildings/00_west_europe.txt:7429
NAS,STATE_HESSE,building_rye_farm,1,0,REMOVE,COVERED_OWNER_STATE_WITH_NO_FINAL_HISTORICAL_TARGET_FOR_THIS_BUILDING,NO,NO,COVERAGE_COMPLETE,Coverage_Status=COVERED_POSITIVE | Research_Files=BUILD_START_1776_CENTRAL_EUROPE_GERMAN_ITALY_RESEARCH.csv | CURRENT_SOURCE=common/history/buildings/00_west_europe.txt:common/history/buildings/00_west_europe.txt:7403
NAS,STATE_HESSE,building_vineyard,1,0,REMOVE,COVERED_OWNER_STATE_WITH_NO_FINAL_HISTORICAL_TARGET_FOR_THIS_BUILDING,NO,NO,COVERAGE_COMPLETE,Coverage_Status=COVERED_POSITIVE | Research_Files=BUILD_START_1776_CENTRAL_EUROPE_GERMAN_ITALY_RESEARCH.csv | CURRENT_SOURCE=common/history/buildings/00_west_europe.txt:common/history/buildings/00_west_europe.txt:7442
NBS,STATE_NEW_BRUNSWICK,building_barrack,2,0,REMOVE,COVERED_OWNER_STATE_WITH_NO_FINAL_HISTORICAL_TARGET_FOR_THIS_BUILDING,NO,NO,COVERAGE_COMPLETE,Coverage_Status=COVERED_POSITIVE | Research_Files=BUILD_START_1776_AMERICAS_CARIBBEAN_RESEARCH.csv | CURRENT_SOURCE=common/history/buildings/05_north_america.txt:common/history/buildings/05_north_america.txt:1949
NBS,STATE_NEW_BRUNSWICK,building_lead_mine,2,0,REMOVE,COVERED_OWNER_STATE_WITH_NO_FINAL_HISTORICAL_TARGET_FOR_THIS_BUILDING,NO,NO,COVERAGE_COMPLETE,Coverage_Status=COVERED_POSITIVE | Research_Files=BUILD_START_1776_AMERICAS_CARIBBEAN_RESEARCH.csv | CURRENT_SOURCE=common/history/buildings/05_north_america.txt:common/history/buildings/05_north_america.txt:1923
NBS,STATE_NEW_BRUNSWICK,building_port,1,0,REMOVE,COVERED_OWNER_STATE_WITH_NO_FINAL_HISTORICAL_TARGET_FOR_THIS_BUILDING,NO,NO,COVERAGE_COMPLETE,Coverage_Status=COVERED_POSITIVE | Research_Files=BUILD_START_1776_AMERICAS_CARIBBEAN_RESEARCH.csv | CURRENT_SOURCE=common/history/buildings/05_north_america.txt:common/history/buildings/05_north_america.txt:1960
NEP,STATE_HIMALAYAS,building_tea_plantation,1,0,REMOVE,COVERED_OWNER_STATE_WITH_NO_FINAL_HISTORICAL_TARGET_FOR_THIS_BUILDING,NO,NO,COVERAGE_COMPLETE,Coverage_Status=COVERED_POSITIVE | Research_Files=BUILD_START_1776_R3_OWNER_STATE_COVERAGE.csv;BUILD_START_1776_R3_RECOMMENDATIONS.csv | CURRENT_SOURCE=common/history/buildings/09_central_asia.txt:common/history/buildings/09_central_asia.txt:880
NEP,STATE_HIMALAYAS,building_tobacco_plantation,1,0,REMOVE,COVERED_OWNER_STATE_WITH_NO_FINAL_HISTORICAL_TARGET_FOR_THIS_BUILDING,NO,NO,COVERAGE_COMPLETE,Coverage_Status=COVERED_POSITIVE | Research_Files=BUILD_START_1776_R3_OWNER_STATE_COVERAGE.csv;BUILD_START_1776_R3_RECOMMENDATIONS.csv | CURRENT_SOURCE=common/history/buildings/09_central_asia.txt:common/history/buildings/09_central_asia.txt:867
NET,STATE_FRIESLAND,building_glassworks,1,0,REMOVE,COVERED_OWNER_STATE_WITH_NO_FINAL_HISTORICAL_TARGET_FOR_THIS_BUILDING,NO,NO,COVERAGE_COMPLETE,Coverage_Status=COVERED_POSITIVE | Research_Files=BUILD_START_1776_WESTERN_EUROPE_RESEARCH.csv;BUILD_START_1776_WESTERN_EUROPE_RESEARCH.md | CURRENT_SOURCE=common/history/buildings/00_west_europe.txt:common/history/buildings/00_west_europe.txt:4307
NET,STATE_FRIESLAND,building_government_administration,1,0,REMOVE,COVERED_OWNER_STATE_WITH_NO_FINAL_HISTORICAL_TARGET_FOR_THIS_BUILDING,NO,NO,COVERAGE_COMPLETE,Coverage_Status=COVERED_POSITIVE | Research_Files=BUILD_START_1776_WESTERN_EUROPE_RESEARCH.csv;BUILD_START_1776_WESTERN_EUROPE_RESEARCH.md | CURRENT_SOURCE=common/history/buildings/00_west_europe.txt:common/history/buildings/00_west_europe.txt:4279
NET,STATE_FRIESLAND,building_logging_camp,1,0,REMOVE,COVERED_OWNER_STATE_WITH_NO_FINAL_HISTORICAL_TARGET_FOR_THIS_BUILDING,NO,NO,COVERAGE_COMPLETE,Coverage_Status=COVERED_POSITIVE | Research_Files=BUILD_START_1776_WESTERN_EUROPE_RESEARCH.csv;BUILD_START_1776_WESTERN_EUROPE_RESEARCH.md | CURRENT_SOURCE=common/history/buildings/00_west_europe.txt:common/history/buildings/00_west_europe.txt:4266
NET,STATE_FRIESLAND,building_paper_mill,5,0,REMOVE,COVERED_OWNER_STATE_WITH_NO_FINAL_HISTORICAL_TARGET_FOR_THIS_BUILDING,NO,NO,COVERAGE_COMPLETE,Coverage_Status=COVERED_POSITIVE | Research_Files=BUILD_START_1776_WESTERN_EUROPE_RESEARCH.csv;BUILD_START_1776_WESTERN_EUROPE_RESEARCH.md | CURRENT_SOURCE=common/history/buildings/00_west_europe.txt:common/history/buildings/00_west_europe.txt:4290
NET,STATE_FRIESLAND,building_trade_center,2,0,REMOVE,COVERED_OWNER_STATE_WITH_NO_FINAL_HISTORICAL_TARGET_FOR_THIS_BUILDING,NO,NO,COVERAGE_COMPLETE,Coverage_Status=COVERED_POSITIVE | Research_Files=BUILD_START_1776_WESTERN_EUROPE_RESEARCH.csv;BUILD_START_1776_WESTERN_EUROPE_RESEARCH.md | CURRENT_SOURCE=common/history/buildings/00_west_europe.txt:common/history/buildings/00_west_europe.txt:4253
NET,STATE_GELRE,building_furniture_manufactory,2,0,REMOVE,COVERED_OWNER_STATE_WITH_NO_FINAL_HISTORICAL_TARGET_FOR_THIS_BUILDING,NO,NO,COVERAGE_COMPLETE,Coverage_Status=COVERED_POSITIVE | Research_Files=BUILD_START_1776_WESTERN_EUROPE_RESEARCH.csv;BUILD_START_1776_WESTERN_EUROPE_RESEARCH.md | CURRENT_SOURCE=common/history/buildings/00_west_europe.txt:common/history/buildings/00_west_europe.txt:4372
NET,STATE_GELRE,building_government_administration,2,0,REMOVE,COVERED_OWNER_STATE_WITH_NO_FINAL_HISTORICAL_TARGET_FOR_THIS_BUILDING,NO,NO,COVERAGE_COMPLETE,Coverage_Status=COVERED_POSITIVE | Research_Files=BUILD_START_1776_WESTERN_EUROPE_RESEARCH.csv;BUILD_START_1776_WESTERN_EUROPE_RESEARCH.md | CURRENT_SOURCE=common/history/buildings/00_west_europe.txt:common/history/buildings/00_west_europe.txt:4348
NET,STATE_GELRE,building_rye_farm,4,0,REMOVE,COVERED_OWNER_STATE_WITH_NO_FINAL_HISTORICAL_TARGET_FOR_THIS_BUILDING,NO,NO,COVERAGE_COMPLETE,Coverage_Status=COVERED_POSITIVE | Research_Files=BUILD_START_1776_WESTERN_EUROPE_RESEARCH.csv;BUILD_START_1776_WESTERN_EUROPE_RESEARCH.md | CURRENT_SOURCE=common/history/buildings/00_west_europe.txt:common/history/buildings/00_west_europe.txt:4391
NET,STATE_GELRE,building_trade_center,1,0,REMOVE,COVERED_OWNER_STATE_WITH_NO_FINAL_HISTORICAL_TARGET_FOR_THIS_BUILDING,NO,NO,COVERAGE_COMPLETE,Coverage_Status=COVERED_POSITIVE | Research_Files=BUILD_START_1776_WESTERN_EUROPE_RESEARCH.csv;BUILD_START_1776_WESTERN_EUROPE_RESEARCH.md | CURRENT_SOURCE=common/history/buildings/00_west_europe.txt:common/history/buildings/00_west_europe.txt:4359
NET,STATE_GOLD_COAST,building_port,1,0,REMOVE,COVERED_OWNER_STATE_WITH_NO_FINAL_HISTORICAL_TARGET_FOR_THIS_BUILDING,NO,NO,COVERAGE_COMPLETE,Coverage_Status=COVERED_POSITIVE | Research_Files=BUILD_START_1776_SUPPLEMENTAL_OWNER_STATE_COVERAGE_CORRIGE.csv; BUILD_START_1776_SUPPLEMENTAL_RESEARCH_CORRIGE.csv | CURRENT_SOURCE=common/history/buildings/04_subsaharan_africa.txt:common/history/buildings/04_subsaharan_africa.txt:619
NET,STATE_HOLLAND,building_arms_industry,3,0,REMOVE,COVERED_OWNER_STATE_WITH_NO_FINAL_HISTORICAL_TARGET_FOR_THIS_BUILDING,NO,NO,COVERAGE_COMPLETE,Coverage_Status=COVERED_POSITIVE | Research_Files=BUILD_START_1776_WESTERN_EUROPE_RESEARCH.csv;BUILD_START_1776_WESTERN_EUROPE_RESEARCH.md | CURRENT_SOURCE=common/history/buildings/00_west_europe.txt:common/history/buildings/00_west_europe.txt:4139
NET,STATE_HOLLAND,building_livestock_ranch,3,0,REMOVE,COVERED_OWNER_STATE_WITH_NO_FINAL_HISTORICAL_TARGET_FOR_THIS_BUILDING,NO,NO,COVERAGE_COMPLETE,Coverage_Status=COVERED_POSITIVE | Research_Files=BUILD_START_1776_WESTERN_EUROPE_RESEARCH.csv;BUILD_START_1776_WESTERN_EUROPE_RESEARCH.md | CURRENT_SOURCE=common/history/buildings/00_west_europe.txt:common/history/buildings/00_west_europe.txt:4201
NET,STATE_HOLLAND,building_rye_farm,3,0,REMOVE,COVERED_OWNER_STATE_WITH_NO_FINAL_HISTORICAL_TARGET_FOR_THIS_BUILDING,NO,NO,COVERAGE_COMPLETE,Coverage_Status=COVERED_POSITIVE | Research_Files=BUILD_START_1776_WESTERN_EUROPE_RESEARCH.csv;BUILD_START_1776_WESTERN_EUROPE_RESEARCH.md | CURRENT_SOURCE=common/history/buildings/00_west_europe.txt:common/history/buildings/00_west_europe.txt:4188
NET,STATE_TRAVANCORE,building_coffee_plantation,1,0,REMOVE,COVERED_OWNER_STATE_WITH_NO_FINAL_HISTORICAL_TARGET_FOR_THIS_BUILDING,NO,NO,COVERAGE_COMPLETE,Coverage_Status=COVERED_POSITIVE | Research_Files=BUILD_START_1776_SOUTH_ASIA_RESEARCH.csv;BUILD_START_1776_SOUTH_ASIA_RESEARCH.md | CURRENT_SOURCE=common/history/buildings/10_india.txt:common/history/buildings/10_india.txt:1814
NET,STATE_TRAVANCORE,building_port,1,0,REMOVE,COVERED_OWNER_STATE_WITH_NO_FINAL_HISTORICAL_TARGET_FOR_THIS_BUILDING,NO,NO,COVERAGE_COMPLETE,Coverage_Status=COVERED_POSITIVE | Research_Files=BUILD_START_1776_SOUTH_ASIA_RESEARCH.csv;BUILD_START_1776_SOUTH_ASIA_RESEARCH.md | CURRENT_SOURCE=common/history/buildings/10_india.txt:common/history/buildings/10_india.txt:1827
NET,STATE_WEST_INDIES,building_cotton_plantation,1,0,REMOVE,COVERED_OWNER_STATE_WITH_NO_FINAL_HISTORICAL_TARGET_FOR_THIS_BUILDING,NO,NO,COVERAGE_COMPLETE,Coverage_Status=COVERED_POSITIVE | Research_Files=BUILD_START_1776_AMERICAS_CARIBBEAN_RESEARCH.csv;BUILD_START_1776_AMERICAS_CARIBBEAN_RESEARCH.md | CURRENT_SOURCE=common/history/buildings/06_central_america.txt:common/history/buildings/06_central_america.txt:689
NVS,STATE_NEW_BRUNSWICK,building_barrack,3,0,REMOVE,COVERED_OWNER_STATE_WITH_NO_FINAL_HISTORICAL_TARGET_FOR_THIS_BUILDING,NO,NO,COVERAGE_COMPLETE,Coverage_Status=COVERED_POSITIVE | Research_Files=BUILD_START_1776_AMERICAS_CARIBBEAN_RESEARCH.csv;BUILD_START_1776_AMERICAS_CARIBBEAN_RESEARCH.md | CURRENT_SOURCE=common/history/buildings/05_north_america.txt:common/history/buildings/05_north_america.txt:1999
OLD,STATE_HANNOVER,building_port,1,0,REMOVE,COVERED_OWNER_STATE_WITH_NO_FINAL_HISTORICAL_TARGET_FOR_THIS_BUILDING,NO,NO,COVERAGE_COMPLETE,Coverage_Status=COVERED_POSITIVE | Research_Files=BUILD_START_1776_CENTRAL_EUROPE_GERMAN_ITALY_RESEARCH.csv | CURRENT_SOURCE=common/history/buildings/00_west_europe.txt:common/history/buildings/00_west_europe.txt:6593
OLD,STATE_HANNOVER,building_rye_farm,2,0,REMOVE,COVERED_OWNER_STATE_WITH_NO_FINAL_HISTORICAL_TARGET_FOR_THIS_BUILDING,NO,NO,COVERAGE_COMPLETE,Coverage_Status=COVERED_POSITIVE | Research_Files=BUILD_START_1776_CENTRAL_EUROPE_GERMAN_ITALY_RESEARCH.csv | CURRENT_SOURCE=common/history/buildings/00_west_europe.txt:common/history/buildings/00_west_europe.txt:6580
OMA,STATE_BALUCHISTAN,building_trade_center,1,0,REMOVE,COVERED_OWNER_STATE_WITH_NO_FINAL_HISTORICAL_TARGET_FOR_THIS_BUILDING,NO,NO,COVERAGE_COMPLETE,Coverage_Status=COVERED_POSITIVE | Research_Files=BUILD_START_1776_R3_OWNER_STATE_COVERAGE.csv;BUILD_START_1776_R3_RECOMMENDATIONS.csv | CURRENT_SOURCE=common/history/buildings/09_central_asia.txt:common/history/buildings/09_central_asia.txt:792
OMA,STATE_KENYA,building_fishing_wharf,1,0,REMOVE,COVERED_OWNER_STATE_WITH_NO_FINAL_HISTORICAL_TARGET_FOR_THIS_BUILDING,NO,NO,COVERAGE_COMPLETE,Coverage_Status=COVERED_POSITIVE | Research_Files=BUILD_START_1776_SUPPLEMENTAL_OWNER_STATE_COVERAGE_CORRIGE.csv; BUILD_START_1776_SUPPLEMENTAL_RESEARCH_CORRIGE.csv | CURRENT_SOURCE=common/history/buildings/04_subsaharan_africa.txt:common/history/buildings/04_subsaharan_africa.txt:828
OMA,STATE_LARISTAN,building_trade_center,1,0,REMOVE,COVERED_OWNER_STATE_WITH_NO_FINAL_HISTORICAL_TARGET_FOR_THIS_BUILDING,NO,NO,COVERAGE_COMPLETE,Coverage_Status=COVERED_POSITIVE | Research_Files=BUILD_START_1776_R3_OWNER_STATE_COVERAGE.csv;BUILD_START_1776_R3_RECOMMENDATIONS.csv | CURRENT_SOURCE=common/history/buildings/08_middle_east.txt:common/history/buildings/08_middle_east.txt:604
OMA,STATE_OMAN,building_fishing_wharf,2,0,REMOVE,COVERED_OWNER_STATE_WITH_NO_FINAL_HISTORICAL_TARGET_FOR_THIS_BUILDING,NO,NO,COVERAGE_COMPLETE,Coverage_Status=COVERED_POSITIVE | Research_Files=BUILD_START_1776_R3_OWNER_STATE_COVERAGE.csv;BUILD_START_1776_R3_RECOMMENDATIONS.csv | CURRENT_SOURCE=common/history/buildings/08_middle_east.txt:common/history/buildings/08_middle_east.txt:43
OMA,STATE_OMAN,building_government_administration,3,0,REMOVE,COVERED_OWNER_STATE_WITH_NO_FINAL_HISTORICAL_TARGET_FOR_THIS_BUILDING,NO,NO,COVERAGE_COMPLETE,Coverage_Status=COVERED_POSITIVE | Research_Files=BUILD_START_1776_R3_OWNER_STATE_COVERAGE.csv;BUILD_START_1776_R3_RECOMMENDATIONS.csv | CURRENT_SOURCE=common/history/buildings/08_middle_east.txt:common/history/buildings/08_middle_east.txt:6
OMA,STATE_SISTAN,building_port,1,0,REMOVE,COVERED_OWNER_STATE_WITH_NO_FINAL_HISTORICAL_TARGET_FOR_THIS_BUILDING,NO,NO,COVERAGE_COMPLETE,Coverage_Status=COVERED_ZERO_POSITIVE | Research_Files=BUILD_START_1776_R3_OWNER_STATE_COVERAGE.csv | CURRENT_SOURCE=common/history/buildings/08_middle_east.txt:common/history/buildings/08_middle_east.txt:673
OMA,STATE_SISTAN,building_trade_center,1,0,REMOVE,COVERED_OWNER_STATE_WITH_NO_FINAL_HISTORICAL_TARGET_FOR_THIS_BUILDING,NO,NO,COVERAGE_COMPLETE,Coverage_Status=COVERED_ZERO_POSITIVE | Research_Files=BUILD_START_1776_R3_OWNER_STATE_COVERAGE.csv | CURRENT_SOURCE=common/history/buildings/08_middle_east.txt:common/history/buildings/08_middle_east.txt:660
OMA,STATE_ZANZIBAR,building_coffee_plantation,1,0,REMOVE,COVERED_OWNER_STATE_WITH_NO_FINAL_HISTORICAL_TARGET_FOR_THIS_BUILDING,NO,NO,COVERAGE_COMPLETE,Coverage_Status=COVERED_POSITIVE | Research_Files=BUILD_START_1776_SUPPLEMENTAL_OWNER_STATE_COVERAGE_CORRIGE.csv; BUILD_START_1776_SUPPLEMENTAL_RESEARCH_CORRIGE.csv | CURRENT_SOURCE=common/history/buildings/04_subsaharan_africa.txt:common/history/buildings/04_subsaharan_africa.txt:721
OMA,STATE_ZANZIBAR,building_cotton_plantation,1,0,REMOVE,COVERED_OWNER_STATE_WITH_NO_FINAL_HISTORICAL_TARGET_FOR_THIS_BUILDING,NO,NO,COVERAGE_COMPLETE,Coverage_Status=COVERED_POSITIVE | Research_Files=BUILD_START_1776_SUPPLEMENTAL_OWNER_STATE_COVERAGE_CORRIGE.csv; BUILD_START_1776_SUPPLEMENTAL_RESEARCH_CORRIGE.csv | CURRENT_SOURCE=common/history/buildings/04_subsaharan_africa.txt:common/history/buildings/04_subsaharan_africa.txt:734
OMA,STATE_ZANZIBAR,building_fishing_wharf,1,0,REMOVE,COVERED_OWNER_STATE_WITH_NO_FINAL_HISTORICAL_TARGET_FOR_THIS_BUILDING,NO,NO,COVERAGE_COMPLETE,Coverage_Status=COVERED_POSITIVE | Research_Files=BUILD_START_1776_SUPPLEMENTAL_OWNER_STATE_COVERAGE_CORRIGE.csv; BUILD_START_1776_SUPPLEMENTAL_RESEARCH_CORRIGE.csv | CURRENT_SOURCE=common/history/buildings/04_subsaharan_africa.txt:common/history/buildings/04_subsaharan_africa.txt:760
OMA,STATE_ZANZIBAR,building_logging_camp,2,0,REMOVE,COVERED_OWNER_STATE_WITH_NO_FINAL_HISTORICAL_TARGET_FOR_THIS_BUILDING,NO,NO,COVERAGE_COMPLETE,Coverage_Status=COVERED_POSITIVE | Research_Files=BUILD_START_1776_SUPPLEMENTAL_OWNER_STATE_COVERAGE_CORRIGE.csv; BUILD_START_1776_SUPPLEMENTAL_RESEARCH_CORRIGE.csv | CURRENT_SOURCE=common/history/buildings/04_subsaharan_africa.txt:common/history/buildings/04_subsaharan_africa.txt:747
ONT,STATE_ONTARIO,building_barrack,5,0,REMOVE,COVERED_OWNER_STATE_WITH_NO_FINAL_HISTORICAL_TARGET_FOR_THIS_BUILDING,NO,NO,COVERAGE_COMPLETE,Coverage_Status=COVERED_ZERO_POSITIVE | Research_Files=BUILD_START_1776_AMERICAS_CARIBBEAN_RESEARCH.md | CURRENT_SOURCE=common/history/buildings/05_north_america.txt:common/history/buildings/05_north_america.txt:1908
ONT,STATE_ONTARIO,building_livestock_ranch,1,0,REMOVE,COVERED_OWNER_STATE_WITH_NO_FINAL_HISTORICAL_TARGET_FOR_THIS_BUILDING,NO,NO,COVERAGE_COMPLETE,Coverage_Status=COVERED_ZERO_POSITIVE | Research_Files=BUILD_START_1776_AMERICAS_CARIBBEAN_RESEARCH.md | CURRENT_SOURCE=common/history/buildings/05_north_america.txt:common/history/buildings/05_north_america.txt:1882
ONT,STATE_ONTARIO,building_sulfur_mine,6,0,REMOVE,COVERED_OWNER_STATE_WITH_NO_FINAL_HISTORICAL_TARGET_FOR_THIS_BUILDING,NO,NO,COVERAGE_COMPLETE,Coverage_Status=COVERED_ZERO_POSITIVE | Research_Files=BUILD_START_1776_AMERICAS_CARIBBEAN_RESEARCH.md | CURRENT_SOURCE=common/history/buildings/05_north_america.txt:common/history/buildings/05_north_america.txt:1856
ONT,STATE_ONTARIO,building_tobacco_plantation,1,0,REMOVE,COVERED_OWNER_STATE_WITH_NO_FINAL_HISTORICAL_TARGET_FOR_THIS_BUILDING,NO,NO,COVERAGE_COMPLETE,Coverage_Status=COVERED_ZERO_POSITIVE | Research_Files=BUILD_START_1776_AMERICAS_CARIBBEAN_RESEARCH.md | CURRENT_SOURCE=common/history/buildings/05_north_america.txt:common/history/buildings/05_north_america.txt:1895
ONT,STATE_ONTARIO,building_trade_center,1,0,REMOVE,COVERED_OWNER_STATE_WITH_NO_FINAL_HISTORICAL_TARGET_FOR_THIS_BUILDING,NO,NO,COVERAGE_COMPLETE,Coverage_Status=COVERED_ZERO_POSITIVE | Research_Files=BUILD_START_1776_AMERICAS_CARIBBEAN_RESEARCH.md | CURRENT_SOURCE=common/history/buildings/05_north_america.txt:common/history/buildings/05_north_america.txt:1843
ONT,STATE_ONTARIO,building_wheat_farm,1,0,REMOVE,COVERED_OWNER_STATE_WITH_NO_FINAL_HISTORICAL_TARGET_FOR_THIS_BUILDING,NO,NO,COVERAGE_COMPLETE,Coverage_Status=COVERED_ZERO_POSITIVE | Research_Files=BUILD_START_1776_AMERICAS_CARIBBEAN_RESEARCH.md | CURRENT_SOURCE=common/history/buildings/05_north_america.txt:common/history/buildings/05_north_america.txt:1869
ORA,STATE_VRYSTAAT,building_barrack,2,0,REMOVE,COVERED_OWNER_STATE_WITH_NO_FINAL_HISTORICAL_TARGET_FOR_THIS_BUILDING,NO,NO,COVERAGE_COMPLETE,Coverage_Status=COVERED_POSITIVE | Research_Files=BUILD_START_1776_SUPPLEMENTAL_OWNER_STATE_COVERAGE_CORRIGE.csv; BUILD_START_1776_SUPPLEMENTAL_RESEARCH_CORRIGE.csv | CURRENT_SOURCE=common/history/buildings/04_subsaharan_africa.txt:common/history/buildings/04_subsaharan_africa.txt:1739
OYO,STATE_YORUBA_STATES,building_fishing_wharf,1,0,REMOVE,COVERED_OWNER_STATE_WITH_NO_FINAL_HISTORICAL_TARGET_FOR_THIS_BUILDING,NO,NO,COVERAGE_COMPLETE,Coverage_Status=COVERED_POSITIVE | Research_Files=BUILD_START_1776_SUPPLEMENTAL_OWNER_STATE_COVERAGE_CORRIGE.csv; BUILD_START_1776_SUPPLEMENTAL_RESEARCH_CORRIGE.csv | CURRENT_SOURCE=common/history/buildings/04_subsaharan_africa.txt:common/history/buildings/04_subsaharan_africa.txt:320
OYO,STATE_YORUBA_STATES,building_millet_farm,2,0,REMOVE,COVERED_OWNER_STATE_WITH_NO_FINAL_HISTORICAL_TARGET_FOR_THIS_BUILDING,NO,NO,COVERAGE_COMPLETE,Coverage_Status=COVERED_POSITIVE | Research_Files=BUILD_START_1776_SUPPLEMENTAL_OWNER_STATE_COVERAGE_CORRIGE.csv; BUILD_START_1776_SUPPLEMENTAL_RESEARCH_CORRIGE.csv | CURRENT_SOURCE=common/history/buildings/04_subsaharan_africa.txt:common/history/buildings/04_subsaharan_africa.txt:307
PAN,STATE_PUNJAB,building_construction_sector,2,0,REMOVE,COVERED_OWNER_STATE_WITH_NO_FINAL_HISTORICAL_TARGET_FOR_THIS_BUILDING,NO,NO,COVERAGE_COMPLETE,Coverage_Status=COVERED_POSITIVE | Research_Files=BUILD_START_1776_SOUTH_ASIA_RESEARCH.csv | CURRENT_SOURCE=common/history/buildings/10_india.txt:common/history/buildings/10_india.txt:1015
PAN,STATE_PUNJAB,building_dye_plantation,3,0,REMOVE,COVERED_OWNER_STATE_WITH_NO_FINAL_HISTORICAL_TARGET_FOR_THIS_BUILDING,NO,NO,COVERAGE_COMPLETE,Coverage_Status=COVERED_POSITIVE | Research_Files=BUILD_START_1776_SOUTH_ASIA_RESEARCH.csv | CURRENT_SOURCE=common/history/buildings/10_india.txt:common/history/buildings/10_india.txt:1143
PAN,STATE_PUNJAB,building_furniture_manufactory,1,0,REMOVE,COVERED_OWNER_STATE_WITH_NO_FINAL_HISTORICAL_TARGET_FOR_THIS_BUILDING,NO,NO,COVERAGE_COMPLETE,Coverage_Status=COVERED_POSITIVE | Research_Files=BUILD_START_1776_SOUTH_ASIA_RESEARCH.csv | CURRENT_SOURCE=common/history/buildings/10_india.txt:common/history/buildings/10_india.txt:1052
PAN,STATE_PUNJAB,building_glassworks,2,0,REMOVE,COVERED_OWNER_STATE_WITH_NO_FINAL_HISTORICAL_TARGET_FOR_THIS_BUILDING,NO,NO,COVERAGE_COMPLETE,Coverage_Status=COVERED_POSITIVE | Research_Files=BUILD_START_1776_SOUTH_ASIA_RESEARCH.csv | CURRENT_SOURCE=common/history/buildings/10_india.txt:common/history/buildings/10_india.txt:1026
PAN,STATE_PUNJAB,building_government_administration,10,0,REMOVE,COVERED_OWNER_STATE_WITH_NO_FINAL_HISTORICAL_TARGET_FOR_THIS_BUILDING,NO,NO,COVERAGE_COMPLETE,Coverage_Status=COVERED_POSITIVE | Research_Files=BUILD_START_1776_SOUTH_ASIA_RESEARCH.csv | CURRENT_SOURCE=common/history/buildings/10_india.txt:common/history/buildings/10_india.txt:993
PAN,STATE_PUNJAB,building_livestock_ranch,3,0,REMOVE,COVERED_OWNER_STATE_WITH_NO_FINAL_HISTORICAL_TARGET_FOR_THIS_BUILDING,NO,NO,COVERAGE_COMPLETE,Coverage_Status=COVERED_POSITIVE | Research_Files=BUILD_START_1776_SOUTH_ASIA_RESEARCH.csv | CURRENT_SOURCE=common/history/buildings/10_india.txt:common/history/buildings/10_india.txt:1117
PAN,STATE_PUNJAB,building_logging_camp,2,0,REMOVE,COVERED_OWNER_STATE_WITH_NO_FINAL_HISTORICAL_TARGET_FOR_THIS_BUILDING,NO,NO,COVERAGE_COMPLETE,Coverage_Status=COVERED_POSITIVE | Research_Files=BUILD_START_1776_SOUTH_ASIA_RESEARCH.csv | CURRENT_SOURCE=common/history/buildings/10_india.txt:common/history/buildings/10_india.txt:1091
PAN,STATE_PUNJAB,building_silk_plantation,2,0,REMOVE,COVERED_OWNER_STATE_WITH_NO_FINAL_HISTORICAL_TARGET_FOR_THIS_BUILDING,NO,NO,COVERAGE_COMPLETE,Coverage_Status=COVERED_POSITIVE | Research_Files=BUILD_START_1776_SOUTH_ASIA_RESEARCH.csv | CURRENT_SOURCE=common/history/buildings/10_india.txt:common/history/buildings/10_india.txt:1130
PAN,STATE_PUNJAB,building_tobacco_plantation,7,0,REMOVE,COVERED_OWNER_STATE_WITH_NO_FINAL_HISTORICAL_TARGET_FOR_THIS_BUILDING,NO,NO,COVERAGE_COMPLETE,Coverage_Status=COVERED_POSITIVE | Research_Files=BUILD_START_1776_SOUTH_ASIA_RESEARCH.csv | CURRENT_SOURCE=common/history/buildings/10_india.txt:common/history/buildings/10_india.txt:1104
PAN,STATE_PUNJAB,building_tooling_workshop,1,0,REMOVE,COVERED_OWNER_STATE_WITH_NO_FINAL_HISTORICAL_TARGET_FOR_THIS_BUILDING,NO,NO,COVERAGE_COMPLETE,Coverage_Status=COVERED_POSITIVE | Research_Files=BUILD_START_1776_SOUTH_ASIA_RESEARCH.csv | CURRENT_SOURCE=common/history/buildings/10_india.txt:common/history/buildings/10_india.txt:1065
PAP,STATE_LAZIO,building_livestock_ranch,1,0,REMOVE,COVERED_OWNER_STATE_WITH_NO_FINAL_HISTORICAL_TARGET_FOR_THIS_BUILDING,NO,NO,COVERAGE_COMPLETE,Coverage_Status=COVERED_POSITIVE | Research_Files=BUILD_START_1776_CENTRAL_EUROPE_GERMAN_ITALY_RESEARCH.csv | CURRENT_SOURCE=common/history/buildings/01_south_europe.txt:common/history/buildings/01_south_europe.txt:1788
PAP,STATE_LAZIO,building_logging_camp,2,0,REMOVE,COVERED_OWNER_STATE_WITH_NO_FINAL_HISTORICAL_TARGET_FOR_THIS_BUILDING,NO,NO,COVERAGE_COMPLETE,Coverage_Status=COVERED_POSITIVE | Research_Files=BUILD_START_1776_CENTRAL_EUROPE_GERMAN_ITALY_RESEARCH.csv | CURRENT_SOURCE=common/history/buildings/01_south_europe.txt:common/history/buildings/01_south_europe.txt:1801
PAP,STATE_LAZIO,building_paper_mill,2,0,REMOVE,COVERED_OWNER_STATE_WITH_NO_FINAL_HISTORICAL_TARGET_FOR_THIS_BUILDING,NO,NO,COVERAGE_COMPLETE,Coverage_Status=COVERED_POSITIVE | Research_Files=BUILD_START_1776_CENTRAL_EUROPE_GERMAN_ITALY_RESEARCH.csv | CURRENT_SOURCE=common/history/buildings/01_south_europe.txt:common/history/buildings/01_south_europe.txt:1764
PAP,STATE_LAZIO,building_trade_center,1,0,REMOVE,COVERED_OWNER_STATE_WITH_NO_FINAL_HISTORICAL_TARGET_FOR_THIS_BUILDING,NO,NO,COVERAGE_COMPLETE,Coverage_Status=COVERED_POSITIVE | Research_Files=BUILD_START_1776_CENTRAL_EUROPE_GERMAN_ITALY_RESEARCH.csv | CURRENT_SOURCE=common/history/buildings/01_south_europe.txt:common/history/buildings/01_south_europe.txt:1751
PAP,STATE_LAZIO,building_vineyard,1,0,REMOVE,COVERED_OWNER_STATE_WITH_NO_FINAL_HISTORICAL_TARGET_FOR_THIS_BUILDING,NO,NO,COVERAGE_COMPLETE,Coverage_Status=COVERED_POSITIVE | Research_Files=BUILD_START_1776_CENTRAL_EUROPE_GERMAN_ITALY_RESEARCH.csv | CURRENT_SOURCE=common/history/buildings/01_south_europe.txt:common/history/buildings/01_south_europe.txt:1738
PAP,STATE_LAZIO,building_wheat_farm,1,0,REMOVE,COVERED_OWNER_STATE_WITH_NO_FINAL_HISTORICAL_TARGET_FOR_THIS_BUILDING,NO,NO,COVERAGE_COMPLETE,Coverage_Status=COVERED_POSITIVE | Research_Files=BUILD_START_1776_CENTRAL_EUROPE_GERMAN_ITALY_RESEARCH.csv | CURRENT_SOURCE=common/history/buildings/01_south_europe.txt:common/history/buildings/01_south_europe.txt:1775
PAP,STATE_ROMAGNA,building_fishing_wharf,1,0,REMOVE,COVERED_OWNER_STATE_WITH_NO_FINAL_HISTORICAL_TARGET_FOR_THIS_BUILDING,NO,NO,COVERAGE_COMPLETE,Coverage_Status=COVERED_POSITIVE | Research_Files=BUILD_START_1776_CENTRAL_EUROPE_GERMAN_ITALY_RESEARCH.csv;BUILD_START_1776_CENTRAL_EUROPE_GERMAN_ITALY_RESEARCH.md | CURRENT_SOURCE=common/history/buildings/01_south_europe.txt:common/history/buildings/01_south_europe.txt:1710
PAP,STATE_ROMAGNA,building_livestock_ranch,2,0,REMOVE,COVERED_OWNER_STATE_WITH_NO_FINAL_HISTORICAL_TARGET_FOR_THIS_BUILDING,NO,NO,COVERAGE_COMPLETE,Coverage_Status=COVERED_POSITIVE | Research_Files=BUILD_START_1776_CENTRAL_EUROPE_GERMAN_ITALY_RESEARCH.csv;BUILD_START_1776_CENTRAL_EUROPE_GERMAN_ITALY_RESEARCH.md | CURRENT_SOURCE=common/history/buildings/01_south_europe.txt:common/history/buildings/01_south_europe.txt:1697
PAP,STATE_ROMAGNA,building_vineyard,2,0,REMOVE,COVERED_OWNER_STATE_WITH_NO_FINAL_HISTORICAL_TARGET_FOR_THIS_BUILDING,NO,NO,COVERAGE_COMPLETE,Coverage_Status=COVERED_POSITIVE | Research_Files=BUILD_START_1776_CENTRAL_EUROPE_GERMAN_ITALY_RESEARCH.csv;BUILD_START_1776_CENTRAL_EUROPE_GERMAN_ITALY_RESEARCH.md | CURRENT_SOURCE=common/history/buildings/01_south_europe.txt:common/history/buildings/01_south_europe.txt:1665
PAP,STATE_ROMAGNA,building_wheat_farm,5,0,REMOVE,COVERED_OWNER_STATE_WITH_NO_FINAL_HISTORICAL_TARGET_FOR_THIS_BUILDING,NO,NO,COVERAGE_COMPLETE,Coverage_Status=COVERED_POSITIVE | Research_Files=BUILD_START_1776_CENTRAL_EUROPE_GERMAN_ITALY_RESEARCH.csv;BUILD_START_1776_CENTRAL_EUROPE_GERMAN_ITALY_RESEARCH.md | CURRENT_SOURCE=common/history/buildings/01_south_europe.txt:common/history/buildings/01_south_europe.txt:1684
PAP,STATE_UMBRIA,building_fishing_wharf,2,0,REMOVE,COVERED_OWNER_STATE_WITH_NO_FINAL_HISTORICAL_TARGET_FOR_THIS_BUILDING,NO,NO,COVERAGE_COMPLETE,Coverage_Status=COVERED_POSITIVE | Research_Files=BUILD_START_1776_CENTRAL_EUROPE_GERMAN_ITALY_RESEARCH.csv | CURRENT_SOURCE=common/history/buildings/01_south_europe.txt:common/history/buildings/01_south_europe.txt:674
PAP,STATE_UMBRIA,building_livestock_ranch,1,0,REMOVE,COVERED_OWNER_STATE_WITH_NO_FINAL_HISTORICAL_TARGET_FOR_THIS_BUILDING,NO,NO,COVERAGE_COMPLETE,Coverage_Status=COVERED_POSITIVE | Research_Files=BUILD_START_1776_CENTRAL_EUROPE_GERMAN_ITALY_RESEARCH.csv | CURRENT_SOURCE=common/history/buildings/01_south_europe.txt:common/history/buildings/01_south_europe.txt:719
PAP,STATE_UMBRIA,building_logging_camp,1,0,REMOVE,COVERED_OWNER_STATE_WITH_NO_FINAL_HISTORICAL_TARGET_FOR_THIS_BUILDING,NO,NO,COVERAGE_COMPLETE,Coverage_Status=COVERED_POSITIVE | Research_Files=BUILD_START_1776_CENTRAL_EUROPE_GERMAN_ITALY_RESEARCH.csv | CURRENT_SOURCE=common/history/buildings/01_south_europe.txt:common/history/buildings/01_south_europe.txt:706
PAP,STATE_UMBRIA,building_vineyard,2,0,REMOVE,COVERED_OWNER_STATE_WITH_NO_FINAL_HISTORICAL_TARGET_FOR_THIS_BUILDING,NO,NO,COVERAGE_COMPLETE,Coverage_Status=COVERED_POSITIVE | Research_Files=BUILD_START_1776_CENTRAL_EUROPE_GERMAN_ITALY_RESEARCH.csv | CURRENT_SOURCE=common/history/buildings/01_south_europe.txt:common/history/buildings/01_south_europe.txt:687
PAR,STATE_EMILIA,building_livestock_ranch,3,0,REMOVE,COVERED_OWNER_STATE_WITH_NO_FINAL_HISTORICAL_TARGET_FOR_THIS_BUILDING,NO,NO,COVERAGE_COMPLETE,Coverage_Status=COVERED_POSITIVE | Research_Files=BUILD_START_1776_CENTRAL_EUROPE_GERMAN_ITALY_RESEARCH.csv | CURRENT_SOURCE=common/history/buildings/01_south_europe.txt:common/history/buildings/01_south_europe.txt:1323
PAR,STATE_EMILIA,building_wheat_farm,1,0,REMOVE,COVERED_OWNER_STATE_WITH_NO_FINAL_HISTORICAL_TARGET_FOR_THIS_BUILDING,NO,NO,COVERAGE_COMPLETE,Coverage_Status=COVERED_POSITIVE | Research_Files=BUILD_START_1776_CENTRAL_EUROPE_GERMAN_ITALY_RESEARCH.csv | CURRENT_SOURCE=common/history/buildings/01_south_europe.txt:common/history/buildings/01_south_europe.txt:1297
PCO,STATE_PUERTO_RICO,building_banana_plantation,1,0,REMOVE,COVERED_OWNER_STATE_WITH_NO_FINAL_HISTORICAL_TARGET_FOR_THIS_BUILDING,NO,NO,COVERAGE_COMPLETE,Coverage_Status=COVERED_POSITIVE | Research_Files=BUILD_START_1776_AMERICAS_CARIBBEAN_RESEARCH.csv;BUILD_START_1776_AMERICAS_CARIBBEAN_RESEARCH.md | CURRENT_SOURCE=common/history/buildings/06_central_america.txt:common/history/buildings/06_central_america.txt:486
PCO,STATE_PUERTO_RICO,building_coffee_plantation,2,0,REMOVE,COVERED_OWNER_STATE_WITH_NO_FINAL_HISTORICAL_TARGET_FOR_THIS_BUILDING,NO,NO,COVERAGE_COMPLETE,Coverage_Status=COVERED_POSITIVE | Research_Files=BUILD_START_1776_AMERICAS_CARIBBEAN_RESEARCH.csv;BUILD_START_1776_AMERICAS_CARIBBEAN_RESEARCH.md | CURRENT_SOURCE=common/history/buildings/06_central_america.txt:common/history/buildings/06_central_america.txt:467
PER,STATE_AZERBAIJAN,building_rice_farm,1,0,REMOVE,COVERED_OWNER_STATE_WITH_NO_FINAL_HISTORICAL_TARGET_FOR_THIS_BUILDING,NO,NO,COVERAGE_COMPLETE,Coverage_Status=COVERED_POSITIVE | Research_Files=BUILD_START_1776_R3_OWNER_STATE_COVERAGE.csv;BUILD_START_1776_R3_RECOMMENDATIONS.csv | CURRENT_SOURCE=common/history/buildings/09_central_asia.txt:common/history/buildings/09_central_asia.txt:143
PER,STATE_AZERBAIJAN,building_tea_plantation,2,0,REMOVE,COVERED_OWNER_STATE_WITH_NO_FINAL_HISTORICAL_TARGET_FOR_THIS_BUILDING,NO,NO,COVERAGE_COMPLETE,Coverage_Status=COVERED_POSITIVE | Research_Files=BUILD_START_1776_R3_OWNER_STATE_COVERAGE.csv;BUILD_START_1776_R3_RECOMMENDATIONS.csv | CURRENT_SOURCE=common/history/buildings/09_central_asia.txt:common/history/buildings/09_central_asia.txt:156
PER,STATE_FARS,building_fishing_wharf,1,0,REMOVE,COVERED_OWNER_STATE_WITH_NO_FINAL_HISTORICAL_TARGET_FOR_THIS_BUILDING,NO,NO,COVERAGE_COMPLETE,Coverage_Status=COVERED_POSITIVE | Research_Files=BUILD_START_1776_R3_OWNER_STATE_COVERAGE.csv;BUILD_START_1776_R3_RECOMMENDATIONS.csv | CURRENT_SOURCE=common/history/buildings/08_middle_east.txt:common/history/buildings/08_middle_east.txt:524
PER,STATE_FARS,building_opium_plantation,2,0,REMOVE,COVERED_OWNER_STATE_WITH_NO_FINAL_HISTORICAL_TARGET_FOR_THIS_BUILDING,NO,NO,COVERAGE_COMPLETE,Coverage_Status=COVERED_POSITIVE | Research_Files=BUILD_START_1776_R3_OWNER_STATE_COVERAGE.csv;BUILD_START_1776_R3_RECOMMENDATIONS.csv | CURRENT_SOURCE=common/history/buildings/08_middle_east.txt:common/history/buildings/08_middle_east.txt:511
PER,STATE_IRAKAJEMI,building_government_administration,8,0,REMOVE,COVERED_OWNER_STATE_WITH_NO_FINAL_HISTORICAL_TARGET_FOR_THIS_BUILDING,NO,NO,COVERAGE_COMPLETE,Coverage_Status=COVERED_POSITIVE | Research_Files=BUILD_START_1776_R3_OWNER_STATE_COVERAGE.csv;BUILD_START_1776_R3_RECOMMENDATIONS.csv | CURRENT_SOURCE=common/history/buildings/08_middle_east.txt:common/history/buildings/08_middle_east.txt:912
PER,STATE_ISFAHAN,building_government_administration,4,0,REMOVE,COVERED_OWNER_STATE_WITH_NO_FINAL_HISTORICAL_TARGET_FOR_THIS_BUILDING,NO,NO,COVERAGE_COMPLETE,Coverage_Status=COVERED_POSITIVE | Research_Files=BUILD_START_1776_R3_OWNER_STATE_COVERAGE.csv;BUILD_START_1776_R3_RECOMMENDATIONS.csv | CURRENT_SOURCE=common/history/buildings/08_middle_east.txt:common/history/buildings/08_middle_east.txt:798
PER,STATE_ISFAHAN,building_wheat_farm,1,0,REMOVE,COVERED_OWNER_STATE_WITH_NO_FINAL_HISTORICAL_TARGET_FOR_THIS_BUILDING,NO,NO,COVERAGE_COMPLETE,Coverage_Status=COVERED_POSITIVE | Research_Files=BUILD_START_1776_R3_OWNER_STATE_COVERAGE.csv;BUILD_START_1776_R3_RECOMMENDATIONS.csv | CURRENT_SOURCE=common/history/buildings/08_middle_east.txt:common/history/buildings/08_middle_east.txt:809
PER,STATE_KERMAN,building_dye_plantation,1,0,REMOVE,COVERED_OWNER_STATE_WITH_NO_FINAL_HISTORICAL_TARGET_FOR_THIS_BUILDING,NO,NO,COVERAGE_COMPLETE,Coverage_Status=COVERED_POSITIVE | Research_Files=BUILD_START_1776_R3_OWNER_STATE_COVERAGE.csv;BUILD_START_1776_R3_RECOMMENDATIONS.csv | CURRENT_SOURCE=common/history/buildings/08_middle_east.txt:common/history/buildings/08_middle_east.txt:554
PER,STATE_KERMAN,building_opium_plantation,1,0,REMOVE,COVERED_OWNER_STATE_WITH_NO_FINAL_HISTORICAL_TARGET_FOR_THIS_BUILDING,NO,NO,COVERAGE_COMPLETE,Coverage_Status=COVERED_POSITIVE | Research_Files=BUILD_START_1776_R3_OWNER_STATE_COVERAGE.csv;BUILD_START_1776_R3_RECOMMENDATIONS.csv | CURRENT_SOURCE=common/history/buildings/08_middle_east.txt:common/history/buildings/08_middle_east.txt:567
PER,STATE_KERMAN,building_wheat_farm,2,0,REMOVE,COVERED_OWNER_STATE_WITH_NO_FINAL_HISTORICAL_TARGET_FOR_THIS_BUILDING,NO,NO,COVERAGE_COMPLETE,Coverage_Status=COVERED_POSITIVE | Research_Files=BUILD_START_1776_R3_OWNER_STATE_COVERAGE.csv;BUILD_START_1776_R3_RECOMMENDATIONS.csv | CURRENT_SOURCE=common/history/buildings/08_middle_east.txt:common/history/buildings/08_middle_east.txt:541
PER,STATE_KHORASAN,building_glassworks,1,0,REMOVE,COVERED_OWNER_STATE_WITH_NO_FINAL_HISTORICAL_TARGET_FOR_THIS_BUILDING,NO,NO,COVERAGE_COMPLETE,Coverage_Status=COVERED_POSITIVE | Research_Files=BUILD_START_1776_R3_OWNER_STATE_COVERAGE.csv;BUILD_START_1776_R3_RECOMMENDATIONS.csv | CURRENT_SOURCE=common/history/buildings/08_middle_east.txt:common/history/buildings/08_middle_east.txt:699
PER,STATE_KHORASAN,building_government_administration,2,0,REMOVE,COVERED_OWNER_STATE_WITH_NO_FINAL_HISTORICAL_TARGET_FOR_THIS_BUILDING,NO,NO,COVERAGE_COMPLETE,Coverage_Status=COVERED_POSITIVE | Research_Files=BUILD_START_1776_R3_OWNER_STATE_COVERAGE.csv;BUILD_START_1776_R3_RECOMMENDATIONS.csv | CURRENT_SOURCE=common/history/buildings/08_middle_east.txt:common/history/buildings/08_middle_east.txt:688
PER,STATE_KHORASAN,building_opium_plantation,2,0,REMOVE,COVERED_OWNER_STATE_WITH_NO_FINAL_HISTORICAL_TARGET_FOR_THIS_BUILDING,NO,NO,COVERAGE_COMPLETE,Coverage_Status=COVERED_POSITIVE | Research_Files=BUILD_START_1776_R3_OWNER_STATE_COVERAGE.csv;BUILD_START_1776_R3_RECOMMENDATIONS.csv | CURRENT_SOURCE=common/history/buildings/08_middle_east.txt:common/history/buildings/08_middle_east.txt:712
PER,STATE_LARISTAN,building_argebam,1,0,REMOVE,COVERED_OWNER_STATE_WITH_NO_FINAL_HISTORICAL_TARGET_FOR_THIS_BUILDING,NO,NO,COVERAGE_COMPLETE,Coverage_Status=COVERED_POSITIVE | Research_Files=BUILD_START_1776_R3_OWNER_STATE_COVERAGE.csv;BUILD_START_1776_R3_RECOMMENDATIONS.csv | CURRENT_SOURCE=common/history/buildings/08_middle_east.txt:common/history/buildings/08_middle_east.txt:598
PER,STATE_LARISTAN,building_wheat_farm,1,0,REMOVE,COVERED_OWNER_STATE_WITH_NO_FINAL_HISTORICAL_TARGET_FOR_THIS_BUILDING,NO,NO,COVERAGE_COMPLETE,Coverage_Status=COVERED_POSITIVE | Research_Files=BUILD_START_1776_R3_OWNER_STATE_COVERAGE.csv;BUILD_START_1776_R3_RECOMMENDATIONS.csv | CURRENT_SOURCE=common/history/buildings/08_middle_east.txt:common/history/buildings/08_middle_east.txt:584
PER,STATE_LURISTAN,building_cotton_plantation,1,0,REMOVE,COVERED_OWNER_STATE_WITH_NO_FINAL_HISTORICAL_TARGET_FOR_THIS_BUILDING,NO,NO,COVERAGE_COMPLETE,Coverage_Status=COVERED_POSITIVE | Research_Files=BUILD_START_1776_R3_OWNER_STATE_COVERAGE.csv;BUILD_START_1776_R3_RECOMMENDATIONS.csv | CURRENT_SOURCE=common/history/buildings/08_middle_east.txt:common/history/buildings/08_middle_east.txt:1093
PER,STATE_LURISTAN,building_wheat_farm,2,0,REMOVE,COVERED_OWNER_STATE_WITH_NO_FINAL_HISTORICAL_TARGET_FOR_THIS_BUILDING,NO,NO,COVERAGE_COMPLETE,Coverage_Status=COVERED_POSITIVE | Research_Files=BUILD_START_1776_R3_OWNER_STATE_COVERAGE.csv;BUILD_START_1776_R3_RECOMMENDATIONS.csv | CURRENT_SOURCE=common/history/buildings/08_middle_east.txt:common/history/buildings/08_middle_east.txt:1080
PER,STATE_MAZANDARAN,building_furniture_manufactory,2,0,REMOVE,COVERED_OWNER_STATE_WITH_NO_FINAL_HISTORICAL_TARGET_FOR_THIS_BUILDING,NO,NO,COVERAGE_COMPLETE,Coverage_Status=COVERED_POSITIVE | Research_Files=BUILD_START_1776_R3_OWNER_STATE_COVERAGE.csv;BUILD_START_1776_R3_RECOMMENDATIONS.csv | CURRENT_SOURCE=common/history/buildings/08_middle_east.txt:common/history/buildings/08_middle_east.txt:830
PER,STATE_MAZANDARAN,building_opium_plantation,2,0,REMOVE,COVERED_OWNER_STATE_WITH_NO_FINAL_HISTORICAL_TARGET_FOR_THIS_BUILDING,NO,NO,COVERAGE_COMPLETE,Coverage_Status=COVERED_POSITIVE | Research_Files=BUILD_START_1776_R3_OWNER_STATE_COVERAGE.csv;BUILD_START_1776_R3_RECOMMENDATIONS.csv | CURRENT_SOURCE=common/history/buildings/08_middle_east.txt:common/history/buildings/08_middle_east.txt:882
PER,STATE_MAZANDARAN,building_tea_plantation,1,0,REMOVE,COVERED_OWNER_STATE_WITH_NO_FINAL_HISTORICAL_TARGET_FOR_THIS_BUILDING,NO,NO,COVERAGE_COMPLETE,Coverage_Status=COVERED_POSITIVE | Research_Files=BUILD_START_1776_R3_OWNER_STATE_COVERAGE.csv;BUILD_START_1776_R3_RECOMMENDATIONS.csv | CURRENT_SOURCE=common/history/buildings/08_middle_east.txt:common/history/buildings/08_middle_east.txt:843
PER,STATE_TABRIZ,building_cotton_plantation,1,0,REMOVE,COVERED_OWNER_STATE_WITH_NO_FINAL_HISTORICAL_TARGET_FOR_THIS_BUILDING,NO,NO,COVERAGE_COMPLETE,Coverage_Status=COVERED_POSITIVE | Research_Files=BUILD_START_1776_R3_OWNER_STATE_COVERAGE.csv;BUILD_START_1776_R3_RECOMMENDATIONS.csv | CURRENT_SOURCE=common/history/buildings/08_middle_east.txt:common/history/buildings/08_middle_east.txt:990
PER,STATE_TABRIZ,building_government_administration,6,0,REMOVE,COVERED_OWNER_STATE_WITH_NO_FINAL_HISTORICAL_TARGET_FOR_THIS_BUILDING,NO,NO,COVERAGE_COMPLETE,Coverage_Status=COVERED_POSITIVE | Research_Files=BUILD_START_1776_R3_OWNER_STATE_COVERAGE.csv;BUILD_START_1776_R3_RECOMMENDATIONS.csv | CURRENT_SOURCE=common/history/buildings/08_middle_east.txt:common/history/buildings/08_middle_east.txt:953
PER,STATE_TABRIZ,building_logging_camp,1,0,REMOVE,COVERED_OWNER_STATE_WITH_NO_FINAL_HISTORICAL_TARGET_FOR_THIS_BUILDING,NO,NO,COVERAGE_COMPLETE,Coverage_Status=COVERED_POSITIVE | Research_Files=BUILD_START_1776_R3_OWNER_STATE_COVERAGE.csv;BUILD_START_1776_R3_RECOMMENDATIONS.csv | CURRENT_SOURCE=common/history/buildings/08_middle_east.txt:common/history/buildings/08_middle_east.txt:977
PER,STATE_TABRIZ,building_silk_plantation,2,0,REMOVE,COVERED_OWNER_STATE_WITH_NO_FINAL_HISTORICAL_TARGET_FOR_THIS_BUILDING,NO,NO,COVERAGE_COMPLETE,Coverage_Status=COVERED_POSITIVE | Research_Files=BUILD_START_1776_R3_OWNER_STATE_COVERAGE.csv;BUILD_START_1776_R3_RECOMMENDATIONS.csv | CURRENT_SOURCE=common/history/buildings/08_middle_east.txt:common/history/buildings/08_middle_east.txt:1016
PER,STATE_TABRIZ,building_tea_plantation,2,0,REMOVE,COVERED_OWNER_STATE_WITH_NO_FINAL_HISTORICAL_TARGET_FOR_THIS_BUILDING,NO,NO,COVERAGE_COMPLETE,Coverage_Status=COVERED_POSITIVE | Research_Files=BUILD_START_1776_R3_OWNER_STATE_COVERAGE.csv;BUILD_START_1776_R3_RECOMMENDATIONS.csv | CURRENT_SOURCE=common/history/buildings/08_middle_east.txt:common/history/buildings/08_middle_east.txt:1003
PHI,STATE_LUZON,building_fishing_wharf,2,0,REMOVE,COVERED_OWNER_STATE_WITH_NO_FINAL_HISTORICAL_TARGET_FOR_THIS_BUILDING,NO,NO,COVERAGE_COMPLETE,Coverage_Status=COVERED_POSITIVE | Research_Files=BUILD_START_1776_EAST_ASIA_SE_ASIA_RESEARCH.md;BUILD_START_1776_EAST_ASIA_SE_ASIA_RESEARCH_MATRIX.csv | CURRENT_SOURCE=common/history/buildings/12_indonesia.txt:common/history/buildings/12_indonesia.txt:1227
PHI,STATE_LUZON,building_rice_farm,10,0,REMOVE,COVERED_OWNER_STATE_WITH_NO_FINAL_HISTORICAL_TARGET_FOR_THIS_BUILDING,NO,NO,COVERAGE_COMPLETE,Coverage_Status=COVERED_POSITIVE | Research_Files=BUILD_START_1776_EAST_ASIA_SE_ASIA_RESEARCH.md;BUILD_START_1776_EAST_ASIA_SE_ASIA_RESEARCH_MATRIX.csv | CURRENT_SOURCE=common/history/buildings/12_indonesia.txt:common/history/buildings/12_indonesia.txt:1188
PHI,STATE_LUZON,building_sugar_plantation,2,0,REMOVE,COVERED_OWNER_STATE_WITH_NO_FINAL_HISTORICAL_TARGET_FOR_THIS_BUILDING,NO,NO,COVERAGE_COMPLETE,Coverage_Status=COVERED_POSITIVE | Research_Files=BUILD_START_1776_EAST_ASIA_SE_ASIA_RESEARCH.md;BUILD_START_1776_EAST_ASIA_SE_ASIA_RESEARCH_MATRIX.csv | CURRENT_SOURCE=common/history/buildings/12_indonesia.txt:common/history/buildings/12_indonesia.txt:1201
PHI,STATE_LUZON,building_tobacco_plantation,5,0,REMOVE,COVERED_OWNER_STATE_WITH_NO_FINAL_HISTORICAL_TARGET_FOR_THIS_BUILDING,NO,NO,COVERAGE_COMPLETE,Coverage_Status=COVERED_POSITIVE | Research_Files=BUILD_START_1776_EAST_ASIA_SE_ASIA_RESEARCH.md;BUILD_START_1776_EAST_ASIA_SE_ASIA_RESEARCH_MATRIX.csv | CURRENT_SOURCE=common/history/buildings/12_indonesia.txt:common/history/buildings/12_indonesia.txt:1214
PHI,STATE_MINDANAO,building_rice_farm,1,0,REMOVE,COVERED_OWNER_STATE_WITH_NO_FINAL_HISTORICAL_TARGET_FOR_THIS_BUILDING,NO,NO,COVERAGE_COMPLETE,Coverage_Status=COVERED_ZERO_POSITIVE | Research_Files=BUILD_START_1776_EAST_ASIA_SE_ASIA_RESEARCH.md | CURRENT_SOURCE=common/history/buildings/12_indonesia.txt:common/history/buildings/12_indonesia.txt:1097
PHI,STATE_VISAYAS,building_fishing_wharf,1,0,REMOVE,COVERED_OWNER_STATE_WITH_NO_FINAL_HISTORICAL_TARGET_FOR_THIS_BUILDING,NO,NO,COVERAGE_COMPLETE,Coverage_Status=COVERED_POSITIVE | Research_Files=BUILD_START_1776_EAST_ASIA_SE_ASIA_RESEARCH_MATRIX.csv | CURRENT_SOURCE=common/history/buildings/12_indonesia.txt:common/history/buildings/12_indonesia.txt:1284
PHI,STATE_VISAYAS,building_sugar_plantation,1,0,REMOVE,COVERED_OWNER_STATE_WITH_NO_FINAL_HISTORICAL_TARGET_FOR_THIS_BUILDING,NO,NO,COVERAGE_COMPLETE,Coverage_Status=COVERED_POSITIVE | Research_Files=BUILD_START_1776_EAST_ASIA_SE_ASIA_RESEARCH_MATRIX.csv | CURRENT_SOURCE=common/history/buildings/12_indonesia.txt:common/history/buildings/12_indonesia.txt:1258
PHI,STATE_VISAYAS,building_tobacco_plantation,3,0,REMOVE,COVERED_OWNER_STATE_WITH_NO_FINAL_HISTORICAL_TARGET_FOR_THIS_BUILDING,NO,NO,COVERAGE_COMPLETE,Coverage_Status=COVERED_POSITIVE | Research_Files=BUILD_START_1776_EAST_ASIA_SE_ASIA_RESEARCH_MATRIX.csv | CURRENT_SOURCE=common/history/buildings/12_indonesia.txt:common/history/buildings/12_indonesia.txt:1271
PHI,STATE_WEST_MICRONESIA,building_port,1,0,REMOVE,COVERED_OWNER_STATE_WITH_NO_FINAL_HISTORICAL_TARGET_FOR_THIS_BUILDING,NO,NO,COVERAGE_COMPLETE,Coverage_Status=COVERED_ZERO_POSITIVE | Research_Files=BUILD_START_1776_SUPPLEMENTAL_OWNER_STATE_COVERAGE_CORRIGE.csv | CURRENT_SOURCE=common/history/buildings/12_indonesia.txt:common/history/buildings/12_indonesia.txt:1303
PHL,STATE_VRYSTAAT,building_barrack,1,0,REMOVE,COVERED_OWNER_STATE_WITH_NO_FINAL_HISTORICAL_TARGET_FOR_THIS_BUILDING,NO,NO,COVERAGE_COMPLETE,Coverage_Status=COVERED_POSITIVE | Research_Files=BUILD_START_1776_SUPPLEMENTAL_OWNER_STATE_COVERAGE_CORRIGE.csv; BUILD_START_1776_SUPPLEMENTAL_RESEARCH_CORRIGE.csv | CURRENT_SOURCE=common/history/buildings/04_subsaharan_africa.txt:common/history/buildings/04_subsaharan_africa.txt:1765
PLC,STATE_COURLAND,building_fishing_wharf,2,0,REMOVE,COVERED_OWNER_STATE_WITH_NO_FINAL_HISTORICAL_TARGET_FOR_THIS_BUILDING,NO,NO,COVERAGE_COMPLETE,Coverage_Status=COVERED_POSITIVE | Research_Files=BUILD_START_1776_NORTHERN_EASTERN_EUROPE_RECOMMENDATIONS.csv | CURRENT_SOURCE=common/history/buildings/15_russia.txt:common/history/buildings/15_russia.txt:182
PLC,STATE_GREATER_POLAND,building_livestock_ranch,3,0,REMOVE,COVERED_OWNER_STATE_WITH_NO_FINAL_HISTORICAL_TARGET_FOR_THIS_BUILDING,NO,NO,COVERAGE_COMPLETE,Coverage_Status=COVERED_POSITIVE | Research_Files=BUILD_START_1776_NORTHERN_EASTERN_EUROPE_RECOMMENDATIONS.csv;BUILD_START_1776_NORTHERN_EASTERN_EUROPE_RESEARCH.md | CURRENT_SOURCE=common/history/buildings/02_east_europe.txt:common/history/buildings/02_east_europe.txt:357
PLC,STATE_GREATER_POLAND,building_rye_farm,2,0,REMOVE,COVERED_OWNER_STATE_WITH_NO_FINAL_HISTORICAL_TARGET_FOR_THIS_BUILDING,NO,NO,COVERAGE_COMPLETE,Coverage_Status=COVERED_POSITIVE | Research_Files=BUILD_START_1776_NORTHERN_EASTERN_EUROPE_RECOMMENDATIONS.csv;BUILD_START_1776_NORTHERN_EASTERN_EUROPE_RESEARCH.md | CURRENT_SOURCE=common/history/buildings/02_east_europe.txt:common/history/buildings/02_east_europe.txt:344
PLC,STATE_KAUNAS,building_port,1,0,REMOVE,COVERED_OWNER_STATE_WITH_NO_FINAL_HISTORICAL_TARGET_FOR_THIS_BUILDING,NO,NO,COVERAGE_COMPLETE,Coverage_Status=COVERED_POSITIVE | Research_Files=BUILD_START_1776_NORTHERN_EASTERN_EUROPE_RECOMMENDATIONS.csv | CURRENT_SOURCE=common/history/buildings/15_russia.txt:common/history/buildings/15_russia.txt:212
PLC,STATE_KIEV,building_food_industry,2,0,REMOVE,COVERED_OWNER_STATE_WITH_NO_FINAL_HISTORICAL_TARGET_FOR_THIS_BUILDING,NO,NO,COVERAGE_COMPLETE,Coverage_Status=COVERED_POSITIVE | Research_Files=BUILD_START_1776_NORTHERN_EASTERN_EUROPE_RECOMMENDATIONS.csv | CURRENT_SOURCE=common/history/buildings/15_russia.txt:common/history/buildings/15_russia.txt:853
PLC,STATE_KIEV,building_livestock_ranch,5,0,REMOVE,COVERED_OWNER_STATE_WITH_NO_FINAL_HISTORICAL_TARGET_FOR_THIS_BUILDING,NO,NO,COVERAGE_COMPLETE,Coverage_Status=COVERED_POSITIVE | Research_Files=BUILD_START_1776_NORTHERN_EASTERN_EUROPE_RECOMMENDATIONS.csv | CURRENT_SOURCE=common/history/buildings/15_russia.txt:common/history/buildings/15_russia.txt:866
PLC,STATE_KIEV,building_textile_mill,3,0,REMOVE,COVERED_OWNER_STATE_WITH_NO_FINAL_HISTORICAL_TARGET_FOR_THIS_BUILDING,NO,NO,COVERAGE_COMPLETE,Coverage_Status=COVERED_POSITIVE | Research_Files=BUILD_START_1776_NORTHERN_EASTERN_EUROPE_RECOMMENDATIONS.csv | CURRENT_SOURCE=common/history/buildings/15_russia.txt:common/history/buildings/15_russia.txt:898
PLC,STATE_LESSER_POLAND,building_government_administration,5,0,REMOVE,COVERED_OWNER_STATE_WITH_NO_FINAL_HISTORICAL_TARGET_FOR_THIS_BUILDING,NO,NO,COVERAGE_COMPLETE,Coverage_Status=COVERED_POSITIVE | Research_Files=BUILD_START_1776_NORTHERN_EASTERN_EUROPE_RECOMMENDATIONS.csv | CURRENT_SOURCE=common/history/buildings/02_east_europe.txt:common/history/buildings/02_east_europe.txt:398
PLC,STATE_LESSER_POLAND,building_logging_camp,1,0,REMOVE,COVERED_OWNER_STATE_WITH_NO_FINAL_HISTORICAL_TARGET_FOR_THIS_BUILDING,NO,NO,COVERAGE_COMPLETE,Coverage_Status=COVERED_POSITIVE | Research_Files=BUILD_START_1776_NORTHERN_EASTERN_EUROPE_RECOMMENDATIONS.csv | CURRENT_SOURCE=common/history/buildings/02_east_europe.txt:common/history/buildings/02_east_europe.txt:422
PLC,STATE_LESSER_POLAND,building_paper_mill,1,0,REMOVE,COVERED_OWNER_STATE_WITH_NO_FINAL_HISTORICAL_TARGET_FOR_THIS_BUILDING,NO,NO,COVERAGE_COMPLETE,Coverage_Status=COVERED_POSITIVE | Research_Files=BUILD_START_1776_NORTHERN_EASTERN_EUROPE_RECOMMENDATIONS.csv | CURRENT_SOURCE=common/history/buildings/02_east_europe.txt:common/history/buildings/02_east_europe.txt:409
PLC,STATE_LESSER_POLAND,building_salt_mine,2,0,REMOVE,COVERED_OWNER_STATE_WITH_NO_FINAL_HISTORICAL_TARGET_FOR_THIS_BUILDING,NO,NO,COVERAGE_COMPLETE,Coverage_Status=COVERED_POSITIVE | Research_Files=BUILD_START_1776_NORTHERN_EASTERN_EUROPE_RECOMMENDATIONS.csv | CURRENT_SOURCE=common/history/buildings/99_tech6a2_salt_starting_buildings.txt:common/history/buildings/99_tech6a2_salt_starting_buildings.txt:377
PLC,STATE_MAZOVIA,building_government_administration,2,0,REMOVE,COVERED_OWNER_STATE_WITH_NO_FINAL_HISTORICAL_TARGET_FOR_THIS_BUILDING,NO,NO,COVERAGE_COMPLETE,Coverage_Status=COVERED_POSITIVE | Research_Files=BUILD_START_1776_NORTHERN_EASTERN_EUROPE_RECOMMENDATIONS.csv | CURRENT_SOURCE=common/history/buildings/02_east_europe.txt:common/history/buildings/02_east_europe.txt:17
PLC,STATE_MAZOVIA,building_rye_farm,2,0,REMOVE,COVERED_OWNER_STATE_WITH_NO_FINAL_HISTORICAL_TARGET_FOR_THIS_BUILDING,NO,NO,COVERAGE_COMPLETE,Coverage_Status=COVERED_POSITIVE | Research_Files=BUILD_START_1776_NORTHERN_EASTERN_EUROPE_RECOMMENDATIONS.csv | CURRENT_SOURCE=common/history/buildings/02_east_europe.txt:common/history/buildings/02_east_europe.txt:4
PLC,STATE_MINSK,building_government_administration,5,0,REMOVE,COVERED_OWNER_STATE_WITH_NO_FINAL_HISTORICAL_TARGET_FOR_THIS_BUILDING,NO,NO,COVERAGE_COMPLETE,Coverage_Status=COVERED_POSITIVE | Research_Files=BUILD_START_1776_NORTHERN_EASTERN_EUROPE_RECOMMENDATIONS.csv | CURRENT_SOURCE=common/history/buildings/15_russia.txt:common/history/buildings/15_russia.txt:1401
PLC,STATE_POSEN,building_livestock_ranch,3,0,REMOVE,COVERED_OWNER_STATE_WITH_NO_FINAL_HISTORICAL_TARGET_FOR_THIS_BUILDING,NO,NO,COVERAGE_COMPLETE,Coverage_Status=COVERED_POSITIVE | Research_Files=BUILD_START_1776_NORTHERN_EASTERN_EUROPE_RECOMMENDATIONS.csv | CURRENT_SOURCE=common/history/buildings/02_east_europe.txt:common/history/buildings/02_east_europe.txt:635
PLC,STATE_POSEN,building_rye_farm,2,0,REMOVE,COVERED_OWNER_STATE_WITH_NO_FINAL_HISTORICAL_TARGET_FOR_THIS_BUILDING,NO,NO,COVERAGE_COMPLETE,Coverage_Status=COVERED_POSITIVE | Research_Files=BUILD_START_1776_NORTHERN_EASTERN_EUROPE_RECOMMENDATIONS.csv | CURRENT_SOURCE=common/history/buildings/02_east_europe.txt:common/history/buildings/02_east_europe.txt:622
PLC,STATE_VOLHYNIA,building_government_administration,2,0,REMOVE,COVERED_OWNER_STATE_WITH_NO_FINAL_HISTORICAL_TARGET_FOR_THIS_BUILDING,NO,NO,COVERAGE_COMPLETE,Coverage_Status=COVERED_POSITIVE | Research_Files=BUILD_START_1776_NORTHERN_EASTERN_EUROPE_RECOMMENDATIONS.csv | CURRENT_SOURCE=common/history/buildings/15_russia.txt:common/history/buildings/15_russia.txt:838
PLC,STATE_VOLHYNIA,building_paper_mill,1,0,REMOVE,COVERED_OWNER_STATE_WITH_NO_FINAL_HISTORICAL_TARGET_FOR_THIS_BUILDING,NO,NO,COVERAGE_COMPLETE,Coverage_Status=COVERED_POSITIVE | Research_Files=BUILD_START_1776_NORTHERN_EASTERN_EUROPE_RECOMMENDATIONS.csv | CURRENT_SOURCE=common/history/buildings/15_russia.txt:common/history/buildings/15_russia.txt:825
PLC,STATE_WEST_PRUSSIA,building_fishing_wharf,1,0,REMOVE,COVERED_OWNER_STATE_WITH_NO_FINAL_HISTORICAL_TARGET_FOR_THIS_BUILDING,NO,NO,COVERAGE_COMPLETE,Coverage_Status=COVERED_ZERO_POSITIVE | Research_Files=BUILD_START_1776_NORTHERN_EASTERN_EUROPE_RESEARCH.md | CURRENT_SOURCE=common/history/buildings/02_east_europe.txt:common/history/buildings/02_east_europe.txt:452
PLC,STATE_WEST_PRUSSIA,building_logging_camp,1,0,REMOVE,COVERED_OWNER_STATE_WITH_NO_FINAL_HISTORICAL_TARGET_FOR_THIS_BUILDING,NO,NO,COVERAGE_COMPLETE,Coverage_Status=COVERED_ZERO_POSITIVE | Research_Files=BUILD_START_1776_NORTHERN_EASTERN_EUROPE_RESEARCH.md | CURRENT_SOURCE=common/history/buildings/02_east_europe.txt:common/history/buildings/02_east_europe.txt:476
PLC,STATE_WEST_PRUSSIA,building_port,1,0,REMOVE,COVERED_OWNER_STATE_WITH_NO_FINAL_HISTORICAL_TARGET_FOR_THIS_BUILDING,NO,NO,COVERAGE_COMPLETE,Coverage_Status=COVERED_ZERO_POSITIVE | Research_Files=BUILD_START_1776_NORTHERN_EASTERN_EUROPE_RESEARCH.md | CURRENT_SOURCE=common/history/buildings/02_east_europe.txt:common/history/buildings/02_east_europe.txt:465
PLC,STATE_WEST_PRUSSIA,building_trade_center,1,0,REMOVE,COVERED_OWNER_STATE_WITH_NO_FINAL_HISTORICAL_TARGET_FOR_THIS_BUILDING,NO,NO,COVERAGE_COMPLETE,Coverage_Status=COVERED_ZERO_POSITIVE | Research_Files=BUILD_START_1776_NORTHERN_EASTERN_EUROPE_RESEARCH.md | CURRENT_SOURCE=common/history/buildings/02_east_europe.txt:common/history/buildings/02_east_europe.txt:439
PLY,STATE_TAHITI,building_easter_island_heads,1,0,REMOVE,COVERED_OWNER_STATE_WITH_NO_FINAL_HISTORICAL_TARGET_FOR_THIS_BUILDING,NO,NO,COVERAGE_COMPLETE,Coverage_Status=COVERED_POSITIVE | Research_Files=BUILD_START_1776_OCEANIA_PACIFIC_RESEARCH.csv;BUILD_START_1776_OCEANIA_PACIFIC_RESEARCH.md | CURRENT_SOURCE=common/history/buildings/12_indonesia.txt:common/history/buildings/12_indonesia.txt:1383
PLY,STATE_TAHITI,building_fishing_wharf,1,0,REMOVE,COVERED_OWNER_STATE_WITH_NO_FINAL_HISTORICAL_TARGET_FOR_THIS_BUILDING,NO,NO,COVERAGE_COMPLETE,Coverage_Status=COVERED_POSITIVE | Research_Files=BUILD_START_1776_OCEANIA_PACIFIC_RESEARCH.csv;BUILD_START_1776_OCEANIA_PACIFIC_RESEARCH.md | CURRENT_SOURCE=common/history/buildings/12_indonesia.txt:common/history/buildings/12_indonesia.txt:1359
PLY,STATE_TAHITI,building_port,1,0,REMOVE,COVERED_OWNER_STATE_WITH_NO_FINAL_HISTORICAL_TARGET_FOR_THIS_BUILDING,NO,NO,COVERAGE_COMPLETE,Coverage_Status=COVERED_POSITIVE | Research_Files=BUILD_START_1776_OCEANIA_PACIFIC_RESEARCH.csv;BUILD_START_1776_OCEANIA_PACIFIC_RESEARCH.md | CURRENT_SOURCE=common/history/buildings/12_indonesia.txt:common/history/buildings/12_indonesia.txt:1372
PLY,STATE_TAHITI,building_rice_farm,1,0,REMOVE,COVERED_OWNER_STATE_WITH_NO_FINAL_HISTORICAL_TARGET_FOR_THIS_BUILDING,NO,NO,COVERAGE_COMPLETE,Coverage_Status=COVERED_POSITIVE | Research_Files=BUILD_START_1776_OCEANIA_PACIFIC_RESEARCH.csv;BUILD_START_1776_OCEANIA_PACIFIC_RESEARCH.md | CURRENT_SOURCE=common/history/buildings/12_indonesia.txt:common/history/buildings/12_indonesia.txt:1346
PON,STATE_WEST_BORNEO,building_dye_plantation,2,0,REMOVE,COVERED_OWNER_STATE_WITH_NO_FINAL_HISTORICAL_TARGET_FOR_THIS_BUILDING,NO,NO,COVERAGE_COMPLETE,Coverage_Status=COVERED_POSITIVE | Research_Files=BUILD_START_1776_EAST_ASIA_SE_ASIA_RESEARCH.md;BUILD_START_1776_EAST_ASIA_SE_ASIA_RESEARCH_MATRIX.csv | CURRENT_SOURCE=common/history/buildings/12_indonesia.txt:common/history/buildings/12_indonesia.txt:179
PON,STATE_WEST_BORNEO,building_port,1,0,REMOVE,COVERED_OWNER_STATE_WITH_NO_FINAL_HISTORICAL_TARGET_FOR_THIS_BUILDING,NO,NO,COVERAGE_COMPLETE,Coverage_Status=COVERED_POSITIVE | Research_Files=BUILD_START_1776_EAST_ASIA_SE_ASIA_RESEARCH.md;BUILD_START_1776_EAST_ASIA_SE_ASIA_RESEARCH_MATRIX.csv | CURRENT_SOURCE=common/history/buildings/12_indonesia.txt:common/history/buildings/12_indonesia.txt:192
PON,STATE_WEST_BORNEO,building_rice_farm,1,0,REMOVE,COVERED_OWNER_STATE_WITH_NO_FINAL_HISTORICAL_TARGET_FOR_THIS_BUILDING,NO,NO,COVERAGE_COMPLETE,Coverage_Status=COVERED_POSITIVE | Research_Files=BUILD_START_1776_EAST_ASIA_SE_ASIA_RESEARCH.md;BUILD_START_1776_EAST_ASIA_SE_ASIA_RESEARCH_MATRIX.csv | CURRENT_SOURCE=common/history/buildings/12_indonesia.txt:common/history/buildings/12_indonesia.txt:203
POR,STATE_ALENTEJO,building_fishing_wharf,1,0,REMOVE,COVERED_OWNER_STATE_WITH_NO_FINAL_HISTORICAL_TARGET_FOR_THIS_BUILDING,NO,NO,COVERAGE_COMPLETE,Coverage_Status=COVERED_POSITIVE | Research_Files=BUILD_START_1776_WESTERN_EUROPE_RESEARCH.csv;BUILD_START_1776_WESTERN_EUROPE_RESEARCH.md | CURRENT_SOURCE=common/history/buildings/01_south_europe.txt:common/history/buildings/01_south_europe.txt:4237
POR,STATE_ALENTEJO,building_government_administration,1,0,REMOVE,COVERED_OWNER_STATE_WITH_NO_FINAL_HISTORICAL_TARGET_FOR_THIS_BUILDING,NO,NO,COVERAGE_COMPLETE,Coverage_Status=COVERED_POSITIVE | Research_Files=BUILD_START_1776_WESTERN_EUROPE_RESEARCH.csv;BUILD_START_1776_WESTERN_EUROPE_RESEARCH.md | CURRENT_SOURCE=common/history/buildings/01_south_europe.txt:common/history/buildings/01_south_europe.txt:4166
POR,STATE_ALENTEJO,building_logging_camp,2,0,REMOVE,COVERED_OWNER_STATE_WITH_NO_FINAL_HISTORICAL_TARGET_FOR_THIS_BUILDING,NO,NO,COVERAGE_COMPLETE,Coverage_Status=COVERED_POSITIVE | Research_Files=BUILD_START_1776_WESTERN_EUROPE_RESEARCH.csv;BUILD_START_1776_WESTERN_EUROPE_RESEARCH.md | CURRENT_SOURCE=common/history/buildings/01_south_europe.txt:common/history/buildings/01_south_europe.txt:4203
POR,STATE_AZORES,building_banana_plantation,1,0,REMOVE,COVERED_OWNER_STATE_WITH_NO_FINAL_HISTORICAL_TARGET_FOR_THIS_BUILDING,NO,NO,COVERAGE_COMPLETE,Coverage_Status=COVERED_POSITIVE | Research_Files=BUILD_START_1776_WESTERN_EUROPE_RESEARCH.csv;BUILD_START_1776_WESTERN_EUROPE_RESEARCH.md | CURRENT_SOURCE=common/history/buildings/01_south_europe.txt:common/history/buildings/01_south_europe.txt:4349
POR,STATE_AZORES,building_fishing_wharf,1,0,REMOVE,COVERED_OWNER_STATE_WITH_NO_FINAL_HISTORICAL_TARGET_FOR_THIS_BUILDING,NO,NO,COVERAGE_COMPLETE,Coverage_Status=COVERED_POSITIVE | Research_Files=BUILD_START_1776_WESTERN_EUROPE_RESEARCH.csv;BUILD_START_1776_WESTERN_EUROPE_RESEARCH.md | CURRENT_SOURCE=common/history/buildings/01_south_europe.txt:common/history/buildings/01_south_europe.txt:4362
POR,STATE_AZORES,building_whaling_station,1,0,REMOVE,COVERED_OWNER_STATE_WITH_NO_FINAL_HISTORICAL_TARGET_FOR_THIS_BUILDING,NO,NO,COVERAGE_COMPLETE,Coverage_Status=COVERED_POSITIVE | Research_Files=BUILD_START_1776_WESTERN_EUROPE_RESEARCH.csv;BUILD_START_1776_WESTERN_EUROPE_RESEARCH.md | CURRENT_SOURCE=common/history/buildings/01_south_europe.txt:common/history/buildings/01_south_europe.txt:4375
POR,STATE_BEIRA,building_arms_industry,2,0,REMOVE,COVERED_OWNER_STATE_WITH_NO_FINAL_HISTORICAL_TARGET_FOR_THIS_BUILDING,NO,NO,COVERAGE_COMPLETE,Coverage_Status=COVERED_POSITIVE | Research_Files=BUILD_START_1776_WESTERN_EUROPE_RESEARCH.csv;BUILD_START_1776_WESTERN_EUROPE_RESEARCH.md | CURRENT_SOURCE=common/history/buildings/01_south_europe.txt:common/history/buildings/01_south_europe.txt:3953
POR,STATE_BEIRA,building_fishing_wharf,1,0,REMOVE,COVERED_OWNER_STATE_WITH_NO_FINAL_HISTORICAL_TARGET_FOR_THIS_BUILDING,NO,NO,COVERAGE_COMPLETE,Coverage_Status=COVERED_POSITIVE | Research_Files=BUILD_START_1776_WESTERN_EUROPE_RESEARCH.csv;BUILD_START_1776_WESTERN_EUROPE_RESEARCH.md | CURRENT_SOURCE=common/history/buildings/01_south_europe.txt:common/history/buildings/01_south_europe.txt:3880
POR,STATE_BEIRA,building_government_administration,1,0,REMOVE,COVERED_OWNER_STATE_WITH_NO_FINAL_HISTORICAL_TARGET_FOR_THIS_BUILDING,NO,NO,COVERAGE_COMPLETE,Coverage_Status=COVERED_POSITIVE | Research_Files=BUILD_START_1776_WESTERN_EUROPE_RESEARCH.csv;BUILD_START_1776_WESTERN_EUROPE_RESEARCH.md | CURRENT_SOURCE=common/history/buildings/01_south_europe.txt:common/history/buildings/01_south_europe.txt:3828
POR,STATE_BEIRA,building_livestock_ranch,2,0,REMOVE,COVERED_OWNER_STATE_WITH_NO_FINAL_HISTORICAL_TARGET_FOR_THIS_BUILDING,NO,NO,COVERAGE_COMPLETE,Coverage_Status=COVERED_POSITIVE | Research_Files=BUILD_START_1776_WESTERN_EUROPE_RESEARCH.csv;BUILD_START_1776_WESTERN_EUROPE_RESEARCH.md | CURRENT_SOURCE=common/history/buildings/01_south_europe.txt:common/history/buildings/01_south_europe.txt:3910
POR,STATE_BEIRA,building_tooling_workshop,2,0,REMOVE,COVERED_OWNER_STATE_WITH_NO_FINAL_HISTORICAL_TARGET_FOR_THIS_BUILDING,NO,NO,COVERAGE_COMPLETE,Coverage_Status=COVERED_POSITIVE | Research_Files=BUILD_START_1776_WESTERN_EUROPE_RESEARCH.csv;BUILD_START_1776_WESTERN_EUROPE_RESEARCH.md | CURRENT_SOURCE=common/history/buildings/01_south_europe.txt:common/history/buildings/01_south_europe.txt:3940
POR,STATE_BEIRA,building_vineyard,2,0,REMOVE,COVERED_OWNER_STATE_WITH_NO_FINAL_HISTORICAL_TARGET_FOR_THIS_BUILDING,NO,NO,COVERAGE_COMPLETE,Coverage_Status=COVERED_POSITIVE | Research_Files=BUILD_START_1776_WESTERN_EUROPE_RESEARCH.csv;BUILD_START_1776_WESTERN_EUROPE_RESEARCH.md | CURRENT_SOURCE=common/history/buildings/01_south_europe.txt:common/history/buildings/01_south_europe.txt:3839
POR,STATE_BOMBAY,building_rice_farm,2,0,REMOVE,COVERED_OWNER_STATE_WITH_NO_FINAL_HISTORICAL_TARGET_FOR_THIS_BUILDING,NO,NO,COVERAGE_COMPLETE,Coverage_Status=COVERED_POSITIVE | Research_Files=BUILD_START_1776_SOUTH_ASIA_RESEARCH.csv | CURRENT_SOURCE=common/history/buildings/10_india.txt:common/history/buildings/10_india.txt:2042
POR,STATE_CAPE_VERDE,building_coffee_plantation,1,0,REMOVE,COVERED_OWNER_STATE_WITH_NO_FINAL_HISTORICAL_TARGET_FOR_THIS_BUILDING,NO,NO,COVERAGE_COMPLETE,Coverage_Status=COVERED_POSITIVE | Research_Files=BUILD_START_1776_WESTERN_EUROPE_RESEARCH.csv;BUILD_START_1776_WESTERN_EUROPE_RESEARCH.md | CURRENT_SOURCE=common/history/buildings/01_south_europe.txt:common/history/buildings/01_south_europe.txt:4254
POR,STATE_CAPE_VERDE,building_cotton_plantation,1,0,REMOVE,COVERED_OWNER_STATE_WITH_NO_FINAL_HISTORICAL_TARGET_FOR_THIS_BUILDING,NO,NO,COVERAGE_COMPLETE,Coverage_Status=COVERED_POSITIVE | Research_Files=BUILD_START_1776_WESTERN_EUROPE_RESEARCH.csv;BUILD_START_1776_WESTERN_EUROPE_RESEARCH.md | CURRENT_SOURCE=common/history/buildings/01_south_europe.txt:common/history/buildings/01_south_europe.txt:4267
POR,STATE_CAPE_VERDE,building_fishing_wharf,1,0,REMOVE,COVERED_OWNER_STATE_WITH_NO_FINAL_HISTORICAL_TARGET_FOR_THIS_BUILDING,NO,NO,COVERAGE_COMPLETE,Coverage_Status=COVERED_POSITIVE | Research_Files=BUILD_START_1776_WESTERN_EUROPE_RESEARCH.csv;BUILD_START_1776_WESTERN_EUROPE_RESEARCH.md | CURRENT_SOURCE=common/history/buildings/01_south_europe.txt:common/history/buildings/01_south_europe.txt:4280
POR,STATE_ENTRE_DOURO_E_MINHO,building_fishing_wharf,2,0,REMOVE,COVERED_OWNER_STATE_WITH_NO_FINAL_HISTORICAL_TARGET_FOR_THIS_BUILDING,NO,NO,COVERAGE_COMPLETE,Coverage_Status=COVERED_POSITIVE | Research_Files=BUILD_START_1776_WESTERN_EUROPE_RESEARCH.csv;BUILD_START_1776_WESTERN_EUROPE_RESEARCH.md | CURRENT_SOURCE=common/history/buildings/01_south_europe.txt:common/history/buildings/01_south_europe.txt:3731
POR,STATE_ENTRE_DOURO_E_MINHO,building_government_administration,1,0,REMOVE,COVERED_OWNER_STATE_WITH_NO_FINAL_HISTORICAL_TARGET_FOR_THIS_BUILDING,NO,NO,COVERAGE_COMPLETE,Coverage_Status=COVERED_POSITIVE | Research_Files=BUILD_START_1776_WESTERN_EUROPE_RESEARCH.csv;BUILD_START_1776_WESTERN_EUROPE_RESEARCH.md | CURRENT_SOURCE=common/history/buildings/01_south_europe.txt:common/history/buildings/01_south_europe.txt:3720
POR,STATE_ENTRE_DOURO_E_MINHO,building_logging_camp,1,0,REMOVE,COVERED_OWNER_STATE_WITH_NO_FINAL_HISTORICAL_TARGET_FOR_THIS_BUILDING,NO,NO,COVERAGE_COMPLETE,Coverage_Status=COVERED_POSITIVE | Research_Files=BUILD_START_1776_WESTERN_EUROPE_RESEARCH.csv;BUILD_START_1776_WESTERN_EUROPE_RESEARCH.md | CURRENT_SOURCE=common/history/buildings/01_south_europe.txt:common/history/buildings/01_south_europe.txt:3800
POR,STATE_ENTRE_DOURO_E_MINHO,building_wheat_farm,1,0,REMOVE,COVERED_OWNER_STATE_WITH_NO_FINAL_HISTORICAL_TARGET_FOR_THIS_BUILDING,NO,NO,COVERAGE_COMPLETE,Coverage_Status=COVERED_POSITIVE | Research_Files=BUILD_START_1776_WESTERN_EUROPE_RESEARCH.csv;BUILD_START_1776_WESTERN_EUROPE_RESEARCH.md | CURRENT_SOURCE=common/history/buildings/01_south_europe.txt:common/history/buildings/01_south_europe.txt:3787
POR,STATE_ESTREMADURA,building_fishing_wharf,3,0,REMOVE,COVERED_OWNER_STATE_WITH_NO_FINAL_HISTORICAL_TARGET_FOR_THIS_BUILDING,NO,NO,COVERAGE_COMPLETE,Coverage_Status=COVERED_POSITIVE | Research_Files=BUILD_START_1776_WESTERN_EUROPE_RESEARCH.csv;BUILD_START_1776_WESTERN_EUROPE_RESEARCH.md | CURRENT_SOURCE=common/history/buildings/01_south_europe.txt:common/history/buildings/01_south_europe.txt:4068
POR,STATE_ESTREMADURA,building_livestock_ranch,2,0,REMOVE,COVERED_OWNER_STATE_WITH_NO_FINAL_HISTORICAL_TARGET_FOR_THIS_BUILDING,NO,NO,COVERAGE_COMPLETE,Coverage_Status=COVERED_POSITIVE | Research_Files=BUILD_START_1776_WESTERN_EUROPE_RESEARCH.csv;BUILD_START_1776_WESTERN_EUROPE_RESEARCH.md | CURRENT_SOURCE=common/history/buildings/01_south_europe.txt:common/history/buildings/01_south_europe.txt:4098
POR,STATE_ESTREMADURA,building_logging_camp,1,0,REMOVE,COVERED_OWNER_STATE_WITH_NO_FINAL_HISTORICAL_TARGET_FOR_THIS_BUILDING,NO,NO,COVERAGE_COMPLETE,Coverage_Status=COVERED_POSITIVE | Research_Files=BUILD_START_1776_WESTERN_EUROPE_RESEARCH.csv;BUILD_START_1776_WESTERN_EUROPE_RESEARCH.md | CURRENT_SOURCE=common/history/buildings/01_south_europe.txt:common/history/buildings/01_south_europe.txt:4018
POR,STATE_ESTREMADURA,building_vineyard,2,0,REMOVE,COVERED_OWNER_STATE_WITH_NO_FINAL_HISTORICAL_TARGET_FOR_THIS_BUILDING,NO,NO,COVERAGE_COMPLETE,Coverage_Status=COVERED_POSITIVE | Research_Files=BUILD_START_1776_WESTERN_EUROPE_RESEARCH.csv;BUILD_START_1776_WESTERN_EUROPE_RESEARCH.md | CURRENT_SOURCE=common/history/buildings/01_south_europe.txt:common/history/buildings/01_south_europe.txt:3988
POR,STATE_ESTREMADURA,building_wheat_farm,2,0,REMOVE,COVERED_OWNER_STATE_WITH_NO_FINAL_HISTORICAL_TARGET_FOR_THIS_BUILDING,NO,NO,COVERAGE_COMPLETE,Coverage_Status=COVERED_POSITIVE | Research_Files=BUILD_START_1776_WESTERN_EUROPE_RESEARCH.csv;BUILD_START_1776_WESTERN_EUROPE_RESEARCH.md | CURRENT_SOURCE=common/history/buildings/01_south_europe.txt:common/history/buildings/01_south_europe.txt:4081
POR,STATE_GUANGDONG,building_dye_plantation,2,0,REMOVE,COVERED_OWNER_STATE_WITH_NO_FINAL_HISTORICAL_TARGET_FOR_THIS_BUILDING,NO,NO,COVERAGE_COMPLETE,Coverage_Status=COVERED_POSITIVE | Research_Files=BUILD_START_1776_SUPPLEMENTAL_OWNER_STATE_COVERAGE_CORRIGE.csv; BUILD_START_1776_SUPPLEMENTAL_RESEARCH_CORRIGE.csv | CURRENT_SOURCE=common/history/buildings/11_east_asia.txt:common/history/buildings/11_east_asia.txt:992
POR,STATE_GUANGDONG,building_rice_farm,1,0,REMOVE,COVERED_OWNER_STATE_WITH_NO_FINAL_HISTORICAL_TARGET_FOR_THIS_BUILDING,NO,NO,COVERAGE_COMPLETE,Coverage_Status=COVERED_POSITIVE | Research_Files=BUILD_START_1776_SUPPLEMENTAL_OWNER_STATE_COVERAGE_CORRIGE.csv; BUILD_START_1776_SUPPLEMENTAL_RESEARCH_CORRIGE.csv | CURRENT_SOURCE=common/history/buildings/11_east_asia.txt:common/history/buildings/11_east_asia.txt:979
POR,STATE_GUINEA,building_millet_farm,1,0,REMOVE,COVERED_OWNER_STATE_WITH_NO_FINAL_HISTORICAL_TARGET_FOR_THIS_BUILDING,NO,NO,COVERAGE_COMPLETE,Coverage_Status=COVERED_ZERO_POSITIVE | Research_Files=BUILD_START_1776_SUPPLEMENTAL_OWNER_STATE_COVERAGE_CORRIGE.csv | CURRENT_SOURCE=common/history/buildings/04_subsaharan_africa.txt:common/history/buildings/04_subsaharan_africa.txt:537
POR,STATE_GUINEA,building_port,1,0,REMOVE,COVERED_OWNER_STATE_WITH_NO_FINAL_HISTORICAL_TARGET_FOR_THIS_BUILDING,NO,NO,COVERAGE_COMPLETE,Coverage_Status=COVERED_ZERO_POSITIVE | Research_Files=BUILD_START_1776_SUPPLEMENTAL_OWNER_STATE_COVERAGE_CORRIGE.csv | CURRENT_SOURCE=common/history/buildings/04_subsaharan_africa.txt:common/history/buildings/04_subsaharan_africa.txt:550
POR,STATE_LOURENCO_MARQUES,building_port,1,0,REMOVE,COVERED_OWNER_STATE_WITH_NO_FINAL_HISTORICAL_TARGET_FOR_THIS_BUILDING,NO,NO,COVERAGE_COMPLETE,Coverage_Status=COVERED_ZERO_POSITIVE | Research_Files=BUILD_START_1776_SUPPLEMENTAL_OWNER_STATE_COVERAGE_CORRIGE.csv | CURRENT_SOURCE=common/history/buildings/04_subsaharan_africa.txt:common/history/buildings/04_subsaharan_africa.txt:1978
POR,STATE_MADEIRA,building_banana_plantation,1,0,REMOVE,COVERED_OWNER_STATE_WITH_NO_FINAL_HISTORICAL_TARGET_FOR_THIS_BUILDING,NO,NO,COVERAGE_COMPLETE,Coverage_Status=COVERED_POSITIVE | Research_Files=BUILD_START_1776_WESTERN_EUROPE_RESEARCH.csv;BUILD_START_1776_WESTERN_EUROPE_RESEARCH.md | CURRENT_SOURCE=common/history/buildings/01_south_europe.txt:common/history/buildings/01_south_europe.txt:4442
POR,STATE_MADEIRA,building_fishing_wharf,1,0,REMOVE,COVERED_OWNER_STATE_WITH_NO_FINAL_HISTORICAL_TARGET_FOR_THIS_BUILDING,NO,NO,COVERAGE_COMPLETE,Coverage_Status=COVERED_POSITIVE | Research_Files=BUILD_START_1776_WESTERN_EUROPE_RESEARCH.csv;BUILD_START_1776_WESTERN_EUROPE_RESEARCH.md | CURRENT_SOURCE=common/history/buildings/01_south_europe.txt:common/history/buildings/01_south_europe.txt:4429
POR,STATE_MADEIRA,building_sugar_plantation,1,0,REMOVE,COVERED_OWNER_STATE_WITH_NO_FINAL_HISTORICAL_TARGET_FOR_THIS_BUILDING,NO,NO,COVERAGE_COMPLETE,Coverage_Status=COVERED_POSITIVE | Research_Files=BUILD_START_1776_WESTERN_EUROPE_RESEARCH.csv;BUILD_START_1776_WESTERN_EUROPE_RESEARCH.md | CURRENT_SOURCE=common/history/buildings/01_south_europe.txt:common/history/buildings/01_south_europe.txt:4403
POR,STATE_MOCAMBIQUE,building_millet_farm,1,0,REMOVE,COVERED_OWNER_STATE_WITH_NO_FINAL_HISTORICAL_TARGET_FOR_THIS_BUILDING,NO,NO,COVERAGE_COMPLETE,Coverage_Status=COVERED_POSITIVE | Research_Files=BUILD_START_1776_SUPPLEMENTAL_OWNER_STATE_COVERAGE_CORRIGE.csv; BUILD_START_1776_SUPPLEMENTAL_RESEARCH_CORRIGE.csv | CURRENT_SOURCE=common/history/buildings/04_subsaharan_africa.txt:common/history/buildings/04_subsaharan_africa.txt:1323
POR,STATE_NORTH_ANGOLA,building_coffee_plantation,1,0,REMOVE,COVERED_OWNER_STATE_WITH_NO_FINAL_HISTORICAL_TARGET_FOR_THIS_BUILDING,NO,NO,COVERAGE_COMPLETE,Coverage_Status=COVERED_POSITIVE | Research_Files=BUILD_START_1776_SUPPLEMENTAL_OWNER_STATE_COVERAGE_CORRIGE.csv; BUILD_START_1776_SUPPLEMENTAL_RESEARCH_CORRIGE.csv | CURRENT_SOURCE=common/history/buildings/04_subsaharan_africa.txt:common/history/buildings/04_subsaharan_africa.txt:1545
POR,STATE_NORTH_ANGOLA,building_millet_farm,1,0,REMOVE,COVERED_OWNER_STATE_WITH_NO_FINAL_HISTORICAL_TARGET_FOR_THIS_BUILDING,NO,NO,COVERAGE_COMPLETE,Coverage_Status=COVERED_POSITIVE | Research_Files=BUILD_START_1776_SUPPLEMENTAL_OWNER_STATE_COVERAGE_CORRIGE.csv; BUILD_START_1776_SUPPLEMENTAL_RESEARCH_CORRIGE.csv | CURRENT_SOURCE=common/history/buildings/04_subsaharan_africa.txt:common/history/buildings/04_subsaharan_africa.txt:1532
POR,STATE_NORTH_ANGOLA,building_port,1,0,REMOVE,COVERED_OWNER_STATE_WITH_NO_FINAL_HISTORICAL_TARGET_FOR_THIS_BUILDING,NO,NO,COVERAGE_COMPLETE,Coverage_Status=COVERED_POSITIVE | Research_Files=BUILD_START_1776_SUPPLEMENTAL_OWNER_STATE_COVERAGE_CORRIGE.csv; BUILD_START_1776_SUPPLEMENTAL_RESEARCH_CORRIGE.csv | CURRENT_SOURCE=common/history/buildings/04_subsaharan_africa.txt:common/history/buildings/04_subsaharan_africa.txt:1571
POR,STATE_NORTH_ANGOLA,building_sugar_plantation,1,0,REMOVE,COVERED_OWNER_STATE_WITH_NO_FINAL_HISTORICAL_TARGET_FOR_THIS_BUILDING,NO,NO,COVERAGE_COMPLETE,Coverage_Status=COVERED_POSITIVE | Research_Files=BUILD_START_1776_SUPPLEMENTAL_OWNER_STATE_COVERAGE_CORRIGE.csv; BUILD_START_1776_SUPPLEMENTAL_RESEARCH_CORRIGE.csv | CURRENT_SOURCE=common/history/buildings/04_subsaharan_africa.txt:common/history/buildings/04_subsaharan_africa.txt:1558
POR,STATE_SOUTH_ANGOLA,building_cotton_plantation,1,0,REMOVE,COVERED_OWNER_STATE_WITH_NO_FINAL_HISTORICAL_TARGET_FOR_THIS_BUILDING,NO,NO,COVERAGE_COMPLETE,Coverage_Status=COVERED_ZERO_POSITIVE | Research_Files=BUILD_START_1776_SUPPLEMENTAL_OWNER_STATE_COVERAGE_CORRIGE.csv | CURRENT_SOURCE=common/history/buildings/04_subsaharan_africa.txt:common/history/buildings/04_subsaharan_africa.txt:1586
POR,STATE_SOUTH_ANGOLA,building_millet_farm,1,0,REMOVE,COVERED_OWNER_STATE_WITH_NO_FINAL_HISTORICAL_TARGET_FOR_THIS_BUILDING,NO,NO,COVERAGE_COMPLETE,Coverage_Status=COVERED_ZERO_POSITIVE | Research_Files=BUILD_START_1776_SUPPLEMENTAL_OWNER_STATE_COVERAGE_CORRIGE.csv | CURRENT_SOURCE=common/history/buildings/04_subsaharan_africa.txt:common/history/buildings/04_subsaharan_africa.txt:1599
POR,STATE_SOUTH_CAMEROON,building_coffee_plantation,1,0,REMOVE,COVERED_OWNER_STATE_WITH_NO_FINAL_HISTORICAL_TARGET_FOR_THIS_BUILDING,NO,NO,COVERAGE_COMPLETE,Coverage_Status=COVERED_ZERO_POSITIVE | Research_Files=BUILD_START_1776_SUPPLEMENTAL_OWNER_STATE_COVERAGE_CORRIGE.csv | CURRENT_SOURCE=common/history/buildings/04_subsaharan_africa.txt:common/history/buildings/04_subsaharan_africa.txt:1443
POR,STATE_SOUTH_CAMEROON,building_port,1,0,REMOVE,COVERED_OWNER_STATE_WITH_NO_FINAL_HISTORICAL_TARGET_FOR_THIS_BUILDING,NO,NO,COVERAGE_COMPLETE,Coverage_Status=COVERED_ZERO_POSITIVE | Research_Files=BUILD_START_1776_SUPPLEMENTAL_OWNER_STATE_COVERAGE_CORRIGE.csv | CURRENT_SOURCE=common/history/buildings/04_subsaharan_africa.txt:common/history/buildings/04_subsaharan_africa.txt:1456
POR,STATE_SUNDA_ISLANDS,building_dye_plantation,2,0,REMOVE,COVERED_OWNER_STATE_WITH_NO_FINAL_HISTORICAL_TARGET_FOR_THIS_BUILDING,NO,NO,COVERAGE_COMPLETE,Coverage_Status=COVERED_POSITIVE | Research_Files=BUILD_START_1776_SUPPLEMENTAL_OWNER_STATE_COVERAGE_CORRIGE.csv; BUILD_START_1776_SUPPLEMENTAL_RESEARCH_CORRIGE.csv | CURRENT_SOURCE=common/history/buildings/12_indonesia.txt:common/history/buildings/12_indonesia.txt:1043
POR,STATE_SUNDA_ISLANDS,building_port,1,0,REMOVE,COVERED_OWNER_STATE_WITH_NO_FINAL_HISTORICAL_TARGET_FOR_THIS_BUILDING,NO,NO,COVERAGE_COMPLETE,Coverage_Status=COVERED_POSITIVE | Research_Files=BUILD_START_1776_SUPPLEMENTAL_OWNER_STATE_COVERAGE_CORRIGE.csv; BUILD_START_1776_SUPPLEMENTAL_RESEARCH_CORRIGE.csv | CURRENT_SOURCE=common/history/buildings/12_indonesia.txt:common/history/buildings/12_indonesia.txt:1056
POR,STATE_ZAMBEZIA,building_livestock_ranch,1,0,REMOVE,COVERED_OWNER_STATE_WITH_NO_FINAL_HISTORICAL_TARGET_FOR_THIS_BUILDING,NO,NO,COVERAGE_COMPLETE,Coverage_Status=COVERED_POSITIVE | Research_Files=BUILD_START_1776_SUPPLEMENTAL_OWNER_STATE_COVERAGE_CORRIGE.csv; BUILD_START_1776_SUPPLEMENTAL_RESEARCH_CORRIGE.csv | CURRENT_SOURCE=common/history/buildings/04_subsaharan_africa.txt:common/history/buildings/04_subsaharan_africa.txt:1661
POR,STATE_ZAMBEZIA,building_millet_farm,2,0,REMOVE,COVERED_OWNER_STATE_WITH_NO_FINAL_HISTORICAL_TARGET_FOR_THIS_BUILDING,NO,NO,COVERAGE_COMPLETE,Coverage_Status=COVERED_POSITIVE | Research_Files=BUILD_START_1776_SUPPLEMENTAL_OWNER_STATE_COVERAGE_CORRIGE.csv; BUILD_START_1776_SUPPLEMENTAL_RESEARCH_CORRIGE.csv | CURRENT_SOURCE=common/history/buildings/04_subsaharan_africa.txt:common/history/buildings/04_subsaharan_africa.txt:1648
POR,STATE_ZAMBEZIA,building_port,1,0,REMOVE,COVERED_OWNER_STATE_WITH_NO_FINAL_HISTORICAL_TARGET_FOR_THIS_BUILDING,NO,NO,COVERAGE_COMPLETE,Coverage_Status=COVERED_POSITIVE | Research_Files=BUILD_START_1776_SUPPLEMENTAL_OWNER_STATE_COVERAGE_CORRIGE.csv; BUILD_START_1776_SUPPLEMENTAL_RESEARCH_CORRIGE.csv | CURRENT_SOURCE=common/history/buildings/04_subsaharan_africa.txt:common/history/buildings/04_subsaharan_africa.txt:1674
PRK,STATE_MALAYA,building_rice_farm,1,0,REMOVE,COVERED_OWNER_STATE_WITH_NO_FINAL_HISTORICAL_TARGET_FOR_THIS_BUILDING,NO,NO,COVERAGE_COMPLETE,Coverage_Status=COVERED_ZERO_POSITIVE | Research_Files=BUILD_START_1776_EAST_ASIA_SE_ASIA_RESEARCH.md | CURRENT_SOURCE=common/history/buildings/12_indonesia.txt:common/history/buildings/12_indonesia.txt:86
PRU,STATE_ANHALT,building_furniture_manufactory,3,0,REMOVE,COVERED_OWNER_STATE_WITH_NO_FINAL_HISTORICAL_TARGET_FOR_THIS_BUILDING,NO,NO,COVERAGE_COMPLETE,Coverage_Status=COVERED_ZERO_POSITIVE | Research_Files=BUILD_START_1776_CENTRAL_EUROPE_GERMAN_ITALY_RESEARCH.md; BUILD_START_1776_SUPPLEMENTAL_OWNER_STATE_COVERAGE_CORRIGE.csv | CURRENT_SOURCE=common/history/buildings/00_west_europe.txt:common/history/buildings/00_west_europe.txt:5807
PRU,STATE_ANHALT,building_logging_camp,5,0,REMOVE,COVERED_OWNER_STATE_WITH_NO_FINAL_HISTORICAL_TARGET_FOR_THIS_BUILDING,NO,NO,COVERAGE_COMPLETE,Coverage_Status=COVERED_ZERO_POSITIVE | Research_Files=BUILD_START_1776_CENTRAL_EUROPE_GERMAN_ITALY_RESEARCH.md; BUILD_START_1776_SUPPLEMENTAL_OWNER_STATE_COVERAGE_CORRIGE.csv | CURRENT_SOURCE=common/history/buildings/00_west_europe.txt:common/history/buildings/00_west_europe.txt:5826
PRU,STATE_ANHALT,building_rye_farm,4,0,REMOVE,COVERED_OWNER_STATE_WITH_NO_FINAL_HISTORICAL_TARGET_FOR_THIS_BUILDING,NO,NO,COVERAGE_COMPLETE,Coverage_Status=COVERED_ZERO_POSITIVE | Research_Files=BUILD_START_1776_CENTRAL_EUROPE_GERMAN_ITALY_RESEARCH.md; BUILD_START_1776_SUPPLEMENTAL_OWNER_STATE_COVERAGE_CORRIGE.csv | CURRENT_SOURCE=common/history/buildings/00_west_europe.txt|common/history/buildings/00_west_europe.txt:common/history/buildings/00_west_europe.txt:5839|common/history/buildings/00_west_europe.txt:5852
PRU,STATE_BRANDENBURG,building_construction_sector,3,0,REMOVE,COVERED_OWNER_STATE_WITH_NO_FINAL_HISTORICAL_TARGET_FOR_THIS_BUILDING,NO,NO,COVERAGE_COMPLETE,Coverage_Status=COVERED_POSITIVE | Research_Files=BUILD_START_1776_CENTRAL_EUROPE_GERMAN_ITALY_RESEARCH.csv;BUILD_START_1776_CENTRAL_EUROPE_GERMAN_ITALY_RESEARCH.md | CURRENT_SOURCE=common/history/buildings/00_west_europe.txt:common/history/buildings/00_west_europe.txt:6133
PRU,STATE_BRANDENBURG,building_furniture_manufactory,5,0,REMOVE,COVERED_OWNER_STATE_WITH_NO_FINAL_HISTORICAL_TARGET_FOR_THIS_BUILDING,NO,NO,COVERAGE_COMPLETE,Coverage_Status=COVERED_POSITIVE | Research_Files=BUILD_START_1776_CENTRAL_EUROPE_GERMAN_ITALY_RESEARCH.csv;BUILD_START_1776_CENTRAL_EUROPE_GERMAN_ITALY_RESEARCH.md | CURRENT_SOURCE=common/history/buildings/00_west_europe.txt:common/history/buildings/00_west_europe.txt:6172
PRU,STATE_BRANDENBURG,building_glassworks,3,0,REMOVE,COVERED_OWNER_STATE_WITH_NO_FINAL_HISTORICAL_TARGET_FOR_THIS_BUILDING,NO,NO,COVERAGE_COMPLETE,Coverage_Status=COVERED_POSITIVE | Research_Files=BUILD_START_1776_CENTRAL_EUROPE_GERMAN_ITALY_RESEARCH.csv;BUILD_START_1776_CENTRAL_EUROPE_GERMAN_ITALY_RESEARCH.md | CURRENT_SOURCE=common/history/buildings/00_west_europe.txt:common/history/buildings/00_west_europe.txt:6191
PRU,STATE_BRANDENBURG,building_paper_mill,4,0,REMOVE,COVERED_OWNER_STATE_WITH_NO_FINAL_HISTORICAL_TARGET_FOR_THIS_BUILDING,NO,NO,COVERAGE_COMPLETE,Coverage_Status=COVERED_POSITIVE | Research_Files=BUILD_START_1776_CENTRAL_EUROPE_GERMAN_ITALY_RESEARCH.csv;BUILD_START_1776_CENTRAL_EUROPE_GERMAN_ITALY_RESEARCH.md | CURRENT_SOURCE=common/history/buildings/00_west_europe.txt:common/history/buildings/00_west_europe.txt:6210
PRU,STATE_EAST_PRUSSIA,building_logging_camp,5,0,REMOVE,COVERED_OWNER_STATE_WITH_NO_FINAL_HISTORICAL_TARGET_FOR_THIS_BUILDING,NO,NO,COVERAGE_COMPLETE,Coverage_Status=COVERED_POSITIVE | Research_Files=BUILD_START_1776_CENTRAL_EUROPE_GERMAN_ITALY_RESEARCH.csv;BUILD_START_1776_CENTRAL_EUROPE_GERMAN_ITALY_RESEARCH.md | CURRENT_SOURCE=common/history/buildings/02_east_europe.txt:common/history/buildings/02_east_europe.txt:586
PRU,STATE_EAST_PRUSSIA,building_textile_mill,2,0,REMOVE,COVERED_OWNER_STATE_WITH_NO_FINAL_HISTORICAL_TARGET_FOR_THIS_BUILDING,NO,NO,COVERAGE_COMPLETE,Coverage_Status=COVERED_POSITIVE | Research_Files=BUILD_START_1776_CENTRAL_EUROPE_GERMAN_ITALY_RESEARCH.csv;BUILD_START_1776_CENTRAL_EUROPE_GERMAN_ITALY_RESEARCH.md | CURRENT_SOURCE=common/history/buildings/02_east_europe.txt:common/history/buildings/02_east_europe.txt:556
PRU,STATE_LOWER_SILESIA,building_coal_mine,1,0,REMOVE,COVERED_OWNER_STATE_WITH_NO_FINAL_HISTORICAL_TARGET_FOR_THIS_BUILDING,NO,NO,COVERAGE_COMPLETE,Coverage_Status=COVERED_POSITIVE | Research_Files=BUILD_START_1776_CENTRAL_EUROPE_GERMAN_ITALY_RESEARCH.csv | CURRENT_SOURCE=common/history/buildings/02_east_europe.txt:common/history/buildings/02_east_europe.txt:80
PRU,STATE_LOWER_SILESIA,building_construction_sector,1,0,REMOVE,COVERED_OWNER_STATE_WITH_NO_FINAL_HISTORICAL_TARGET_FOR_THIS_BUILDING,NO,NO,COVERAGE_COMPLETE,Coverage_Status=COVERED_POSITIVE | Research_Files=BUILD_START_1776_CENTRAL_EUROPE_GERMAN_ITALY_RESEARCH.csv | CURRENT_SOURCE=common/history/buildings/02_east_europe.txt:common/history/buildings/02_east_europe.txt:69
PRU,STATE_LOWER_SILESIA,building_iron_mine,1,0,REMOVE,COVERED_OWNER_STATE_WITH_NO_FINAL_HISTORICAL_TARGET_FOR_THIS_BUILDING,NO,NO,COVERAGE_COMPLETE,Coverage_Status=COVERED_POSITIVE | Research_Files=BUILD_START_1776_CENTRAL_EUROPE_GERMAN_ITALY_RESEARCH.csv | CURRENT_SOURCE=common/history/buildings/02_east_europe.txt:common/history/buildings/02_east_europe.txt:106
PRU,STATE_LOWER_SILESIA,building_lead_mine,1,0,REMOVE,COVERED_OWNER_STATE_WITH_NO_FINAL_HISTORICAL_TARGET_FOR_THIS_BUILDING,NO,NO,COVERAGE_COMPLETE,Coverage_Status=COVERED_POSITIVE | Research_Files=BUILD_START_1776_CENTRAL_EUROPE_GERMAN_ITALY_RESEARCH.csv | CURRENT_SOURCE=common/history/buildings/02_east_europe.txt:common/history/buildings/02_east_europe.txt:93
PRU,STATE_LOWER_SILESIA,building_livestock_ranch,3,0,REMOVE,COVERED_OWNER_STATE_WITH_NO_FINAL_HISTORICAL_TARGET_FOR_THIS_BUILDING,NO,NO,COVERAGE_COMPLETE,Coverage_Status=COVERED_POSITIVE | Research_Files=BUILD_START_1776_CENTRAL_EUROPE_GERMAN_ITALY_RESEARCH.csv | CURRENT_SOURCE=common/history/buildings/02_east_europe.txt:common/history/buildings/02_east_europe.txt:119
PRU,STATE_LOWER_SILESIA,building_rye_farm,2,0,REMOVE,COVERED_OWNER_STATE_WITH_NO_FINAL_HISTORICAL_TARGET_FOR_THIS_BUILDING,NO,NO,COVERAGE_COMPLETE,Coverage_Status=COVERED_POSITIVE | Research_Files=BUILD_START_1776_CENTRAL_EUROPE_GERMAN_ITALY_RESEARCH.csv | CURRENT_SOURCE=common/history/buildings/02_east_europe.txt:common/history/buildings/02_east_europe.txt:132
PRU,STATE_LOWER_SILESIA,building_trade_center,1,0,REMOVE,COVERED_OWNER_STATE_WITH_NO_FINAL_HISTORICAL_TARGET_FOR_THIS_BUILDING,NO,NO,COVERAGE_COMPLETE,Coverage_Status=COVERED_POSITIVE | Research_Files=BUILD_START_1776_CENTRAL_EUROPE_GERMAN_ITALY_RESEARCH.csv | CURRENT_SOURCE=common/history/buildings/02_east_europe.txt:common/history/buildings/02_east_europe.txt:37
PRU,STATE_NORTH_RHINE,building_coal_mine,4,0,REMOVE,COVERED_OWNER_STATE_WITH_NO_FINAL_HISTORICAL_TARGET_FOR_THIS_BUILDING,NO,NO,COVERAGE_COMPLETE,Coverage_Status=COVERED_POSITIVE | Research_Files=BUILD_START_1776_CENTRAL_EUROPE_GERMAN_ITALY_RESEARCH.csv | CURRENT_SOURCE=common/history/buildings/00_west_europe.txt:common/history/buildings/00_west_europe.txt:6047
PRU,STATE_NORTH_RHINE,building_iron_mine,2,0,REMOVE,COVERED_OWNER_STATE_WITH_NO_FINAL_HISTORICAL_TARGET_FOR_THIS_BUILDING,NO,NO,COVERAGE_COMPLETE,Coverage_Status=COVERED_POSITIVE | Research_Files=BUILD_START_1776_CENTRAL_EUROPE_GERMAN_ITALY_RESEARCH.csv | CURRENT_SOURCE=common/history/buildings/00_west_europe.txt:common/history/buildings/00_west_europe.txt:6060
PRU,STATE_NORTH_RHINE,building_logging_camp,2,0,REMOVE,COVERED_OWNER_STATE_WITH_NO_FINAL_HISTORICAL_TARGET_FOR_THIS_BUILDING,NO,NO,COVERAGE_COMPLETE,Coverage_Status=COVERED_POSITIVE | Research_Files=BUILD_START_1776_CENTRAL_EUROPE_GERMAN_ITALY_RESEARCH.csv | CURRENT_SOURCE=common/history/buildings/00_west_europe.txt:common/history/buildings/00_west_europe.txt:6092
PRU,STATE_NORTH_RHINE,building_wheat_farm,10,0,REMOVE,COVERED_OWNER_STATE_WITH_NO_FINAL_HISTORICAL_TARGET_FOR_THIS_BUILDING,NO,NO,COVERAGE_COMPLETE,Coverage_Status=COVERED_POSITIVE | Research_Files=BUILD_START_1776_CENTRAL_EUROPE_GERMAN_ITALY_RESEARCH.csv | CURRENT_SOURCE=common/history/buildings/00_west_europe.txt:common/history/buildings/00_west_europe.txt:6073
PRU,STATE_POMERANIA,building_fishing_wharf,3,0,REMOVE,COVERED_OWNER_STATE_WITH_NO_FINAL_HISTORICAL_TARGET_FOR_THIS_BUILDING,NO,NO,COVERAGE_COMPLETE,Coverage_Status=COVERED_POSITIVE | Research_Files=BUILD_START_1776_CENTRAL_EUROPE_GERMAN_ITALY_RESEARCH.csv;BUILD_START_1776_CENTRAL_EUROPE_GERMAN_ITALY_RESEARCH.md | CURRENT_SOURCE=common/history/buildings/00_west_europe.txt:common/history/buildings/00_west_europe.txt:5331
PRU,STATE_POMERANIA,building_livestock_ranch,3,0,REMOVE,COVERED_OWNER_STATE_WITH_NO_FINAL_HISTORICAL_TARGET_FOR_THIS_BUILDING,NO,NO,COVERAGE_COMPLETE,Coverage_Status=COVERED_POSITIVE | Research_Files=BUILD_START_1776_CENTRAL_EUROPE_GERMAN_ITALY_RESEARCH.csv;BUILD_START_1776_CENTRAL_EUROPE_GERMAN_ITALY_RESEARCH.md | CURRENT_SOURCE=common/history/buildings/00_west_europe.txt:common/history/buildings/00_west_europe.txt:5357
PRU,STATE_POMERANIA,building_logging_camp,2,0,REMOVE,COVERED_OWNER_STATE_WITH_NO_FINAL_HISTORICAL_TARGET_FOR_THIS_BUILDING,NO,NO,COVERAGE_COMPLETE,Coverage_Status=COVERED_POSITIVE | Research_Files=BUILD_START_1776_CENTRAL_EUROPE_GERMAN_ITALY_RESEARCH.csv;BUILD_START_1776_CENTRAL_EUROPE_GERMAN_ITALY_RESEARCH.md | CURRENT_SOURCE=common/history/buildings/00_west_europe.txt:common/history/buildings/00_west_europe.txt:5370
PRU,STATE_POMERANIA,building_rye_farm,1,0,REMOVE,COVERED_OWNER_STATE_WITH_NO_FINAL_HISTORICAL_TARGET_FOR_THIS_BUILDING,NO,NO,COVERAGE_COMPLETE,Coverage_Status=COVERED_POSITIVE | Research_Files=BUILD_START_1776_CENTRAL_EUROPE_GERMAN_ITALY_RESEARCH.csv;BUILD_START_1776_CENTRAL_EUROPE_GERMAN_ITALY_RESEARCH.md | CURRENT_SOURCE=common/history/buildings/00_west_europe.txt:common/history/buildings/00_west_europe.txt:5344
PRU,STATE_RHINELAND,building_construction_sector,2,0,REMOVE,COVERED_OWNER_STATE_WITH_NO_FINAL_HISTORICAL_TARGET_FOR_THIS_BUILDING,NO,NO,COVERAGE_COMPLETE,Coverage_Status=COVERED_POSITIVE | Research_Files=BUILD_START_1776_CENTRAL_EUROPE_GERMAN_ITALY_RESEARCH.csv | CURRENT_SOURCE=common/history/buildings/00_west_europe.txt:common/history/buildings/00_west_europe.txt:5927
PRU,STATE_RHINELAND,building_government_administration,5,0,REMOVE,COVERED_OWNER_STATE_WITH_NO_FINAL_HISTORICAL_TARGET_FOR_THIS_BUILDING,NO,NO,COVERAGE_COMPLETE,Coverage_Status=COVERED_POSITIVE | Research_Files=BUILD_START_1776_CENTRAL_EUROPE_GERMAN_ITALY_RESEARCH.csv | CURRENT_SOURCE=common/history/buildings/00_west_europe.txt:common/history/buildings/00_west_europe.txt:5884
PRU,STATE_RHINELAND,building_steel_mill,1,0,REMOVE,COVERED_OWNER_STATE_WITH_NO_FINAL_HISTORICAL_TARGET_FOR_THIS_BUILDING,NO,NO,COVERAGE_COMPLETE,Coverage_Status=COVERED_POSITIVE | Research_Files=BUILD_START_1776_CENTRAL_EUROPE_GERMAN_ITALY_RESEARCH.csv | CURRENT_SOURCE=common/history/buildings/00_west_europe.txt:common/history/buildings/00_west_europe.txt:5970
PRU,STATE_RHINELAND,building_tooling_workshop,6,0,REMOVE,COVERED_OWNER_STATE_WITH_NO_FINAL_HISTORICAL_TARGET_FOR_THIS_BUILDING,NO,NO,COVERAGE_COMPLETE,Coverage_Status=COVERED_POSITIVE | Research_Files=BUILD_START_1776_CENTRAL_EUROPE_GERMAN_ITALY_RESEARCH.csv | CURRENT_SOURCE=common/history/buildings/00_west_europe.txt:common/history/buildings/00_west_europe.txt:5938
PRU,STATE_RHINELAND,building_trade_center,3,0,REMOVE,COVERED_OWNER_STATE_WITH_NO_FINAL_HISTORICAL_TARGET_FOR_THIS_BUILDING,NO,NO,COVERAGE_COMPLETE,Coverage_Status=COVERED_POSITIVE | Research_Files=BUILD_START_1776_CENTRAL_EUROPE_GERMAN_ITALY_RESEARCH.csv | CURRENT_SOURCE=common/history/buildings/00_west_europe.txt:common/history/buildings/00_west_europe.txt:5914
PRU,STATE_RHINELAND,building_vineyard,2,0,REMOVE,COVERED_OWNER_STATE_WITH_NO_FINAL_HISTORICAL_TARGET_FOR_THIS_BUILDING,NO,NO,COVERAGE_COMPLETE,Coverage_Status=COVERED_POSITIVE | Research_Files=BUILD_START_1776_CENTRAL_EUROPE_GERMAN_ITALY_RESEARCH.csv | CURRENT_SOURCE=common/history/buildings/00_west_europe.txt:common/history/buildings/00_west_europe.txt:5895
PRU,STATE_RHINELAND,building_wheat_farm,4,0,REMOVE,COVERED_OWNER_STATE_WITH_NO_FINAL_HISTORICAL_TARGET_FOR_THIS_BUILDING,NO,NO,COVERAGE_COMPLETE,Coverage_Status=COVERED_POSITIVE | Research_Files=BUILD_START_1776_CENTRAL_EUROPE_GERMAN_ITALY_RESEARCH.csv | CURRENT_SOURCE=common/history/buildings/00_west_europe.txt:common/history/buildings/00_west_europe.txt:5957
PRU,STATE_RUHR,building_arms_industry,3,0,REMOVE,COVERED_OWNER_STATE_WITH_NO_FINAL_HISTORICAL_TARGET_FOR_THIS_BUILDING,NO,NO,COVERAGE_COMPLETE,Coverage_Status=COVERED_POSITIVE | Research_Files=BUILD_START_1776_CENTRAL_EUROPE_GERMAN_ITALY_RESEARCH.csv | CURRENT_SOURCE=common/history/buildings/00_west_europe.txt:common/history/buildings/00_west_europe.txt:7543
PRU,STATE_RUHR,building_artillery_foundry,1,0,REMOVE,COVERED_OWNER_STATE_WITH_NO_FINAL_HISTORICAL_TARGET_FOR_THIS_BUILDING,NO,NO,COVERAGE_COMPLETE,Coverage_Status=COVERED_POSITIVE | Research_Files=BUILD_START_1776_CENTRAL_EUROPE_GERMAN_ITALY_RESEARCH.csv | CURRENT_SOURCE=common/history/buildings/00_west_europe.txt:common/history/buildings/00_west_europe.txt:7554
PRU,STATE_RUHR,building_chemical_plant,2,0,REMOVE,CATALOG_NO_POST_1776_AND_NO_FINAL_HISTORICAL_TARGET,NO,NO,HIGH,Coverage_Status=COVERED_POSITIVE | Research_Files=BUILD_START_1776_CENTRAL_EUROPE_GERMAN_ITALY_RESEARCH.csv | CURRENT_SOURCE=common/history/buildings/00_west_europe.txt:common/history/buildings/00_west_europe.txt:7583
PRU,STATE_RUHR,building_explosives_factory,1,0,REMOVE,CATALOG_NO_POST_1776_AND_NO_FINAL_HISTORICAL_TARGET,NO,NO,HIGH,Coverage_Status=COVERED_POSITIVE | Research_Files=BUILD_START_1776_CENTRAL_EUROPE_GERMAN_ITALY_RESEARCH.csv | CURRENT_SOURCE=common/history/buildings/00_west_europe.txt:common/history/buildings/00_west_europe.txt:7596
PRU,STATE_RUHR,building_iron_mine,4,0,REMOVE,COVERED_OWNER_STATE_WITH_NO_FINAL_HISTORICAL_TARGET_FOR_THIS_BUILDING,NO,NO,COVERAGE_COMPLETE,Coverage_Status=COVERED_POSITIVE | Research_Files=BUILD_START_1776_CENTRAL_EUROPE_GERMAN_ITALY_RESEARCH.csv | CURRENT_SOURCE=common/history/buildings/00_west_europe.txt:common/history/buildings/00_west_europe.txt:7620
PRU,STATE_RUHR,building_munition_plant,2,0,REMOVE,CATALOG_NO_POST_1776_AND_NO_FINAL_HISTORICAL_TARGET,NO,NO,HIGH,Coverage_Status=COVERED_POSITIVE | Research_Files=BUILD_START_1776_CENTRAL_EUROPE_GERMAN_ITALY_RESEARCH.csv | CURRENT_SOURCE=common/history/buildings/00_west_europe.txt:common/history/buildings/00_west_europe.txt:7565
PRU,STATE_RUHR,building_wheat_farm,3,0,REMOVE,COVERED_OWNER_STATE_WITH_NO_FINAL_HISTORICAL_TARGET_FOR_THIS_BUILDING,NO,NO,COVERAGE_COMPLETE,Coverage_Status=COVERED_POSITIVE | Research_Files=BUILD_START_1776_CENTRAL_EUROPE_GERMAN_ITALY_RESEARCH.csv | CURRENT_SOURCE=common/history/buildings/00_west_europe.txt:common/history/buildings/00_west_europe.txt:7639
PRU,STATE_UPPER_SILESIA,building_construction_sector,1,0,REMOVE,COVERED_OWNER_STATE_WITH_NO_FINAL_HISTORICAL_TARGET_FOR_THIS_BUILDING,NO,NO,COVERAGE_COMPLETE,Coverage_Status=COVERED_POSITIVE | Research_Files=BUILD_START_1776_CENTRAL_EUROPE_GERMAN_ITALY_RESEARCH.csv;BUILD_START_1776_CENTRAL_EUROPE_GERMAN_ITALY_RESEARCH.md | CURRENT_SOURCE=common/history/buildings/02_east_europe.txt:common/history/buildings/02_east_europe.txt:168
PRU,STATE_UPPER_SILESIA,building_lead_mine,3,0,REMOVE,COVERED_OWNER_STATE_WITH_NO_FINAL_HISTORICAL_TARGET_FOR_THIS_BUILDING,NO,NO,COVERAGE_COMPLETE,Coverage_Status=COVERED_POSITIVE | Research_Files=BUILD_START_1776_CENTRAL_EUROPE_GERMAN_ITALY_RESEARCH.csv;BUILD_START_1776_CENTRAL_EUROPE_GERMAN_ITALY_RESEARCH.md | CURRENT_SOURCE=common/history/buildings/02_east_europe.txt:common/history/buildings/02_east_europe.txt:198
PRU,STATE_UPPER_SILESIA,building_livestock_ranch,1,0,REMOVE,COVERED_OWNER_STATE_WITH_NO_FINAL_HISTORICAL_TARGET_FOR_THIS_BUILDING,NO,NO,COVERAGE_COMPLETE,Coverage_Status=COVERED_POSITIVE | Research_Files=BUILD_START_1776_CENTRAL_EUROPE_GERMAN_ITALY_RESEARCH.csv;BUILD_START_1776_CENTRAL_EUROPE_GERMAN_ITALY_RESEARCH.md | CURRENT_SOURCE=common/history/buildings/02_east_europe.txt:common/history/buildings/02_east_europe.txt:236
PRU,STATE_UPPER_SILESIA,building_rye_farm,2,0,REMOVE,COVERED_OWNER_STATE_WITH_NO_FINAL_HISTORICAL_TARGET_FOR_THIS_BUILDING,NO,NO,COVERAGE_COMPLETE,Coverage_Status=COVERED_POSITIVE | Research_Files=BUILD_START_1776_CENTRAL_EUROPE_GERMAN_ITALY_RESEARCH.csv;BUILD_START_1776_CENTRAL_EUROPE_GERMAN_ITALY_RESEARCH.md | CURRENT_SOURCE=common/history/buildings/02_east_europe.txt:common/history/buildings/02_east_europe.txt:249
PRU,STATE_WESTPHALIA,building_government_administration,2,0,REMOVE,COVERED_OWNER_STATE_WITH_NO_FINAL_HISTORICAL_TARGET_FOR_THIS_BUILDING,NO,NO,COVERAGE_COMPLETE,Coverage_Status=COVERED_POSITIVE | Research_Files=BUILD_START_1776_CENTRAL_EUROPE_GERMAN_ITALY_RESEARCH.csv | CURRENT_SOURCE=common/history/buildings/00_west_europe.txt:common/history/buildings/00_west_europe.txt:5705
PRU,STATE_WESTPHALIA,building_iron_mine,2,0,REMOVE,COVERED_OWNER_STATE_WITH_NO_FINAL_HISTORICAL_TARGET_FOR_THIS_BUILDING,NO,NO,COVERAGE_COMPLETE,Coverage_Status=COVERED_POSITIVE | Research_Files=BUILD_START_1776_CENTRAL_EUROPE_GERMAN_ITALY_RESEARCH.csv | CURRENT_SOURCE=common/history/buildings/00_west_europe.txt:common/history/buildings/00_west_europe.txt:5735
PRU,STATE_WESTPHALIA,building_rye_farm,2,0,REMOVE,COVERED_OWNER_STATE_WITH_NO_FINAL_HISTORICAL_TARGET_FOR_THIS_BUILDING,NO,NO,COVERAGE_COMPLETE,Coverage_Status=COVERED_POSITIVE | Research_Files=BUILD_START_1776_CENTRAL_EUROPE_GERMAN_ITALY_RESEARCH.csv | CURRENT_SOURCE=common/history/buildings/00_west_europe.txt:common/history/buildings/00_west_europe.txt:5773
PRU,STATE_WESTPHALIA,building_sulfur_mine,3,0,REMOVE,COVERED_OWNER_STATE_WITH_NO_FINAL_HISTORICAL_TARGET_FOR_THIS_BUILDING,NO,NO,COVERAGE_COMPLETE,Coverage_Status=COVERED_POSITIVE | Research_Files=BUILD_START_1776_CENTRAL_EUROPE_GERMAN_ITALY_RESEARCH.csv | CURRENT_SOURCE=common/history/buildings/00_west_europe.txt:common/history/buildings/00_west_europe.txt:5754
PRU,STATE_WESTPHALIA,building_tooling_workshop,5,0,REMOVE,COVERED_OWNER_STATE_WITH_NO_FINAL_HISTORICAL_TARGET_FOR_THIS_BUILDING,NO,NO,COVERAGE_COMPLETE,Coverage_Status=COVERED_POSITIVE | Research_Files=BUILD_START_1776_CENTRAL_EUROPE_GERMAN_ITALY_RESEARCH.csv | CURRENT_SOURCE=common/history/buildings/00_west_europe.txt:common/history/buildings/00_west_europe.txt:5716
PRU,STATE_WEST_PRUSSIA,building_fishing_wharf,1,0,REMOVE,COVERED_OWNER_STATE_WITH_NO_FINAL_HISTORICAL_TARGET_FOR_THIS_BUILDING,NO,NO,COVERAGE_COMPLETE,Coverage_Status=COVERED_POSITIVE | Research_Files=BUILD_START_1776_CENTRAL_EUROPE_GERMAN_ITALY_RESEARCH.csv | CURRENT_SOURCE=common/history/buildings/02_east_europe.txt:common/history/buildings/02_east_europe.txt:504
PRU,STATE_WEST_PRUSSIA,building_port,1,0,REMOVE,COVERED_OWNER_STATE_WITH_NO_FINAL_HISTORICAL_TARGET_FOR_THIS_BUILDING,NO,NO,COVERAGE_COMPLETE,Coverage_Status=COVERED_POSITIVE | Research_Files=BUILD_START_1776_CENTRAL_EUROPE_GERMAN_ITALY_RESEARCH.csv | CURRENT_SOURCE=common/history/buildings/02_east_europe.txt:common/history/buildings/02_east_europe.txt:517
PRU,STATE_WEST_PRUSSIA,building_shipyard,1,0,REMOVE,COVERED_OWNER_STATE_WITH_NO_FINAL_HISTORICAL_TARGET_FOR_THIS_BUILDING,NO,NO,COVERAGE_COMPLETE,Coverage_Status=COVERED_POSITIVE | Research_Files=BUILD_START_1776_CENTRAL_EUROPE_GERMAN_ITALY_RESEARCH.csv | CURRENT_SOURCE=common/history/buildings/02_east_europe.txt:common/history/buildings/02_east_europe.txt:528
PRU,STATE_WEST_PRUSSIA,building_trade_center,1,0,REMOVE,COVERED_OWNER_STATE_WITH_NO_FINAL_HISTORICAL_TARGET_FOR_THIS_BUILDING,NO,NO,COVERAGE_COMPLETE,Coverage_Status=COVERED_POSITIVE | Research_Files=BUILD_START_1776_CENTRAL_EUROPE_GERMAN_ITALY_RESEARCH.csv | CURRENT_SOURCE=common/history/buildings/02_east_europe.txt:common/history/buildings/02_east_europe.txt:491
PUD,STATE_MADRAS,building_fishing_wharf,2,0,REMOVE,COVERED_OWNER_STATE_WITH_NO_FINAL_HISTORICAL_TARGET_FOR_THIS_BUILDING,NO,NO,COVERAGE_COMPLETE,Coverage_Status=COVERED_POSITIVE | Research_Files=BUILD_START_1776_SOUTH_ASIA_RESEARCH.csv | CURRENT_SOURCE=common/history/buildings/10_india.txt:common/history/buildings/10_india.txt:1920
PUD,STATE_MADRAS,building_government_administration,8,0,REMOVE,COVERED_OWNER_STATE_WITH_NO_FINAL_HISTORICAL_TARGET_FOR_THIS_BUILDING,NO,NO,COVERAGE_COMPLETE,Coverage_Status=COVERED_POSITIVE | Research_Files=BUILD_START_1776_SOUTH_ASIA_RESEARCH.csv | CURRENT_SOURCE=common/history/buildings/10_india.txt:common/history/buildings/10_india.txt:1883
PUD,STATE_MADRAS,building_logging_camp,2,0,REMOVE,COVERED_OWNER_STATE_WITH_NO_FINAL_HISTORICAL_TARGET_FOR_THIS_BUILDING,NO,NO,COVERAGE_COMPLETE,Coverage_Status=COVERED_POSITIVE | Research_Files=BUILD_START_1776_SOUTH_ASIA_RESEARCH.csv | CURRENT_SOURCE=common/history/buildings/10_india.txt:common/history/buildings/10_india.txt:1907
PUD,STATE_MADRAS,building_port,1,0,REMOVE,COVERED_OWNER_STATE_WITH_NO_FINAL_HISTORICAL_TARGET_FOR_THIS_BUILDING,NO,NO,COVERAGE_COMPLETE,Coverage_Status=COVERED_POSITIVE | Research_Files=BUILD_START_1776_SOUTH_ASIA_RESEARCH.csv | CURRENT_SOURCE=common/history/buildings/10_india.txt:common/history/buildings/10_india.txt:1933
PUD,STATE_MADRAS,building_spice_plantation,2,0,REMOVE,COVERED_OWNER_STATE_WITH_NO_FINAL_HISTORICAL_TARGET_FOR_THIS_BUILDING,NO,NO,COVERAGE_COMPLETE,Coverage_Status=COVERED_POSITIVE | Research_Files=BUILD_START_1776_SOUTH_ASIA_RESEARCH.csv | CURRENT_SOURCE=common/history/buildings/99_tech6a3_spice_plantations.txt:common/history/buildings/99_tech6a3_spice_plantations.txt:144
QUE,STATE_QUEBEC,building_barrack,5,0,REMOVE,COVERED_OWNER_STATE_WITH_NO_FINAL_HISTORICAL_TARGET_FOR_THIS_BUILDING,NO,NO,COVERAGE_COMPLETE,Coverage_Status=COVERED_POSITIVE | Research_Files=BUILD_START_1776_AMERICAS_CARIBBEAN_RESEARCH.csv;BUILD_START_1776_AMERICAS_CARIBBEAN_RESEARCH.md | CURRENT_SOURCE=common/history/buildings/05_north_america.txt:common/history/buildings/05_north_america.txt:2112
QUE,STATE_QUEBEC,building_iron_mine,1,0,REMOVE,COVERED_OWNER_STATE_WITH_NO_FINAL_HISTORICAL_TARGET_FOR_THIS_BUILDING,NO,NO,COVERAGE_COMPLETE,Coverage_Status=COVERED_POSITIVE | Research_Files=BUILD_START_1776_AMERICAS_CARIBBEAN_RESEARCH.csv;BUILD_START_1776_AMERICAS_CARIBBEAN_RESEARCH.md | CURRENT_SOURCE=common/history/buildings/05_north_america.txt:common/history/buildings/05_north_america.txt:2073
QUE,STATE_QUEBEC,building_logging_camp,1,0,REMOVE,COVERED_OWNER_STATE_WITH_NO_FINAL_HISTORICAL_TARGET_FOR_THIS_BUILDING,NO,NO,COVERAGE_COMPLETE,Coverage_Status=COVERED_POSITIVE | Research_Files=BUILD_START_1776_AMERICAS_CARIBBEAN_RESEARCH.csv;BUILD_START_1776_AMERICAS_CARIBBEAN_RESEARCH.md | CURRENT_SOURCE=common/history/buildings/05_north_america.txt:common/history/buildings/05_north_america.txt:2086
QUE,STATE_QUEBEC,building_university,1,0,REMOVE,COVERED_OWNER_STATE_WITH_NO_FINAL_HISTORICAL_TARGET_FOR_THIS_BUILDING,NO,NO,COVERAGE_COMPLETE,Coverage_Status=COVERED_POSITIVE | Research_Files=BUILD_START_1776_AMERICAS_CARIBBEAN_RESEARCH.csv;BUILD_START_1776_AMERICAS_CARIBBEAN_RESEARCH.md | CURRENT_SOURCE=common/history/buildings/05_north_america.txt:common/history/buildings/05_north_america.txt:2038
QUE,STATE_QUEBEC,building_wheat_farm,2,0,REMOVE,COVERED_OWNER_STATE_WITH_NO_FINAL_HISTORICAL_TARGET_FOR_THIS_BUILDING,NO,NO,COVERAGE_COMPLETE,Coverage_Status=COVERED_POSITIVE | Research_Files=BUILD_START_1776_AMERICAS_CARIBBEAN_RESEARCH.csv;BUILD_START_1776_AMERICAS_CARIBBEAN_RESEARCH.md | CURRENT_SOURCE=common/history/buildings/05_north_america.txt:common/history/buildings/05_north_america.txt:2099
RUS,STATE_ASTRAKHAN,building_livestock_ranch,1,0,REMOVE,COVERED_OWNER_STATE_WITH_NO_FINAL_HISTORICAL_TARGET_FOR_THIS_BUILDING,NO,NO,COVERAGE_COMPLETE,Coverage_Status=COVERED_POSITIVE | Research_Files=BUILD_START_1776_R3_OWNER_STATE_COVERAGE.csv;BUILD_START_1776_R3_RECOMMENDATIONS.csv | CURRENT_SOURCE=common/history/buildings/09_central_asia.txt:common/history/buildings/09_central_asia.txt:210
RUS,STATE_ASTRAKHAN,building_vineyard,1,0,REMOVE,COVERED_OWNER_STATE_WITH_NO_FINAL_HISTORICAL_TARGET_FOR_THIS_BUILDING,NO,NO,COVERAGE_COMPLETE,Coverage_Status=COVERED_POSITIVE | Research_Files=BUILD_START_1776_R3_OWNER_STATE_COVERAGE.csv;BUILD_START_1776_R3_RECOMMENDATIONS.csv | CURRENT_SOURCE=common/history/buildings/09_central_asia.txt:common/history/buildings/09_central_asia.txt:223
RUS,STATE_DOBRUDJA,building_port,1,0,REMOVE,COVERED_OWNER_STATE_WITH_NO_FINAL_HISTORICAL_TARGET_FOR_THIS_BUILDING,NO,NO,COVERAGE_COMPLETE,Coverage_Status=COVERED_ZERO_POSITIVE | Research_Files=BUILD_START_1776_SUPPLEMENTAL_OWNER_STATE_COVERAGE_CORRIGE.csv | CURRENT_SOURCE=common/history/buildings/01_south_europe.txt:common/history/buildings/01_south_europe.txt:4685
RUS,STATE_EAST_KARELIA,building_artillery_foundry,1,0,REMOVE,COVERED_OWNER_STATE_WITH_NO_FINAL_HISTORICAL_TARGET_FOR_THIS_BUILDING,NO,NO,COVERAGE_COMPLETE,Coverage_Status=COVERED_POSITIVE | Research_Files=BUILD_START_1776_NORTHERN_EASTERN_EUROPE_RECOMMENDATIONS.csv | CURRENT_SOURCE=common/history/buildings/15_russia.txt:common/history/buildings/15_russia.txt:485
RUS,STATE_EAST_KARELIA,building_iron_mine,1,0,REMOVE,COVERED_OWNER_STATE_WITH_NO_FINAL_HISTORICAL_TARGET_FOR_THIS_BUILDING,NO,NO,COVERAGE_COMPLETE,Coverage_Status=COVERED_POSITIVE | Research_Files=BUILD_START_1776_NORTHERN_EASTERN_EUROPE_RECOMMENDATIONS.csv | CURRENT_SOURCE=common/history/buildings/15_russia.txt:common/history/buildings/15_russia.txt:496
RUS,STATE_GALICH,building_rye_farm,3,0,REMOVE,COVERED_OWNER_STATE_WITH_NO_FINAL_HISTORICAL_TARGET_FOR_THIS_BUILDING,NO,NO,COVERAGE_COMPLETE,Coverage_Status=COVERED_POSITIVE | Research_Files=BUILD_START_1776_NORTHERN_EASTERN_EUROPE_RECOMMENDATIONS.csv | CURRENT_SOURCE=common/history/buildings/15_russia.txt:common/history/buildings/15_russia.txt:1371
RUS,STATE_INGRIA,building_art_academy,1,0,REMOVE,CATALOG_NO_POST_1776_AND_NO_FINAL_HISTORICAL_TARGET,NO,NO,HIGH,Coverage_Status=COVERED_POSITIVE | Research_Files=BUILD_START_1776_NORTHERN_EASTERN_EUROPE_RECOMMENDATIONS.csv;BUILD_START_1776_NORTHERN_EASTERN_EUROPE_RESEARCH.md | CURRENT_SOURCE=common/history/buildings/15_russia.txt:common/history/buildings/15_russia.txt:600
RUS,STATE_INGRIA,building_rye_farm,3,0,REMOVE,COVERED_OWNER_STATE_WITH_NO_FINAL_HISTORICAL_TARGET_FOR_THIS_BUILDING,NO,NO,COVERAGE_COMPLETE,Coverage_Status=COVERED_POSITIVE | Research_Files=BUILD_START_1776_NORTHERN_EASTERN_EUROPE_RECOMMENDATIONS.csv;BUILD_START_1776_NORTHERN_EASTERN_EUROPE_RESEARCH.md | CURRENT_SOURCE=common/history/buildings/15_russia.txt:common/history/buildings/15_russia.txt:613
RUS,STATE_KAZAN,building_arms_industry,3,0,REMOVE,COVERED_OWNER_STATE_WITH_NO_FINAL_HISTORICAL_TARGET_FOR_THIS_BUILDING,NO,NO,COVERAGE_COMPLETE,Coverage_Status=COVERED_POSITIVE | Research_Files=BUILD_START_1776_NORTHERN_EASTERN_EUROPE_RECOMMENDATIONS.csv;BUILD_START_1776_NORTHERN_EASTERN_EUROPE_RESEARCH.md | CURRENT_SOURCE=common/history/buildings/15_russia.txt:common/history/buildings/15_russia.txt:1548
RUS,STATE_KAZAN,building_food_industry,3,0,REMOVE,COVERED_OWNER_STATE_WITH_NO_FINAL_HISTORICAL_TARGET_FOR_THIS_BUILDING,NO,NO,COVERAGE_COMPLETE,Coverage_Status=COVERED_POSITIVE | Research_Files=BUILD_START_1776_NORTHERN_EASTERN_EUROPE_RECOMMENDATIONS.csv;BUILD_START_1776_NORTHERN_EASTERN_EUROPE_RESEARCH.md | CURRENT_SOURCE=common/history/buildings/15_russia.txt:common/history/buildings/15_russia.txt:1576
RUS,STATE_KAZAN,building_logging_camp,5,0,REMOVE,COVERED_OWNER_STATE_WITH_NO_FINAL_HISTORICAL_TARGET_FOR_THIS_BUILDING,NO,NO,COVERAGE_COMPLETE,Coverage_Status=COVERED_POSITIVE | Research_Files=BUILD_START_1776_NORTHERN_EASTERN_EUROPE_RECOMMENDATIONS.csv;BUILD_START_1776_NORTHERN_EASTERN_EUROPE_RESEARCH.md | CURRENT_SOURCE=common/history/buildings/15_russia.txt:common/history/buildings/15_russia.txt:1602
RUS,STATE_KAZAN,building_paper_mill,2,0,REMOVE,COVERED_OWNER_STATE_WITH_NO_FINAL_HISTORICAL_TARGET_FOR_THIS_BUILDING,NO,NO,COVERAGE_COMPLETE,Coverage_Status=COVERED_POSITIVE | Research_Files=BUILD_START_1776_NORTHERN_EASTERN_EUROPE_RECOMMENDATIONS.csv;BUILD_START_1776_NORTHERN_EASTERN_EUROPE_RESEARCH.md | CURRENT_SOURCE=common/history/buildings/15_russia.txt:common/history/buildings/15_russia.txt:1559
RUS,STATE_KAZAN,building_rye_farm,2,0,REMOVE,COVERED_OWNER_STATE_WITH_NO_FINAL_HISTORICAL_TARGET_FOR_THIS_BUILDING,NO,NO,COVERAGE_COMPLETE,Coverage_Status=COVERED_POSITIVE | Research_Files=BUILD_START_1776_NORTHERN_EASTERN_EUROPE_RECOMMENDATIONS.csv;BUILD_START_1776_NORTHERN_EASTERN_EUROPE_RESEARCH.md | CURRENT_SOURCE=common/history/buildings/15_russia.txt:common/history/buildings/15_russia.txt:1589
RUS,STATE_KURSK,building_logging_camp,10,0,REMOVE,COVERED_OWNER_STATE_WITH_NO_FINAL_HISTORICAL_TARGET_FOR_THIS_BUILDING,NO,NO,COVERAGE_COMPLETE,Coverage_Status=COVERED_POSITIVE | Research_Files=BUILD_START_1776_NORTHERN_EASTERN_EUROPE_RECOMMENDATIONS.csv | CURRENT_SOURCE=common/history/buildings/15_russia.txt:common/history/buildings/15_russia.txt:1260
RUS,STATE_KURSK,building_rye_farm,8,0,REMOVE,COVERED_OWNER_STATE_WITH_NO_FINAL_HISTORICAL_TARGET_FOR_THIS_BUILDING,NO,NO,COVERAGE_COMPLETE,Coverage_Status=COVERED_POSITIVE | Research_Files=BUILD_START_1776_NORTHERN_EASTERN_EUROPE_RECOMMENDATIONS.csv | CURRENT_SOURCE=common/history/buildings/15_russia.txt:common/history/buildings/15_russia.txt:1247
RUS,STATE_MOSCOW,building_iron_mine,1,0,REMOVE,COVERED_OWNER_STATE_WITH_NO_FINAL_HISTORICAL_TARGET_FOR_THIS_BUILDING,NO,NO,COVERAGE_COMPLETE,Coverage_Status=COVERED_POSITIVE | Research_Files=BUILD_START_1776_NORTHERN_EASTERN_EUROPE_RECOMMENDATIONS.csv;BUILD_START_1776_NORTHERN_EASTERN_EUROPE_RESEARCH.md | CURRENT_SOURCE=common/history/buildings/15_russia.txt:common/history/buildings/15_russia.txt:761
RUS,STATE_MOSCOW,building_logging_camp,10,0,REMOVE,COVERED_OWNER_STATE_WITH_NO_FINAL_HISTORICAL_TARGET_FOR_THIS_BUILDING,NO,NO,COVERAGE_COMPLETE,Coverage_Status=COVERED_POSITIVE | Research_Files=BUILD_START_1776_NORTHERN_EASTERN_EUROPE_RECOMMENDATIONS.csv;BUILD_START_1776_NORTHERN_EASTERN_EUROPE_RESEARCH.md | CURRENT_SOURCE=common/history/buildings/15_russia.txt:common/history/buildings/15_russia.txt:748
RUS,STATE_NIZHNY_NOVGOROD,building_furniture_manufactory,2,0,REMOVE,COVERED_OWNER_STATE_WITH_NO_FINAL_HISTORICAL_TARGET_FOR_THIS_BUILDING,NO,NO,COVERAGE_COMPLETE,Coverage_Status=COVERED_POSITIVE | Research_Files=BUILD_START_1776_NORTHERN_EASTERN_EUROPE_RECOMMENDATIONS.csv;BUILD_START_1776_NORTHERN_EASTERN_EUROPE_RESEARCH.md | CURRENT_SOURCE=common/history/buildings/15_russia.txt:common/history/buildings/15_russia.txt:1974
RUS,STATE_NIZHNY_NOVGOROD,building_logging_camp,3,0,REMOVE,COVERED_OWNER_STATE_WITH_NO_FINAL_HISTORICAL_TARGET_FOR_THIS_BUILDING,NO,NO,COVERAGE_COMPLETE,Coverage_Status=COVERED_POSITIVE | Research_Files=BUILD_START_1776_NORTHERN_EASTERN_EUROPE_RECOMMENDATIONS.csv;BUILD_START_1776_NORTHERN_EASTERN_EUROPE_RESEARCH.md | CURRENT_SOURCE=common/history/buildings/15_russia.txt:common/history/buildings/15_russia.txt:1961
RUS,STATE_NOVGOROD,building_paper_mill,3,0,REMOVE,COVERED_OWNER_STATE_WITH_NO_FINAL_HISTORICAL_TARGET_FOR_THIS_BUILDING,NO,NO,COVERAGE_COMPLETE,Coverage_Status=COVERED_POSITIVE | Research_Files=BUILD_START_1776_NORTHERN_EASTERN_EUROPE_RECOMMENDATIONS.csv | CURRENT_SOURCE=common/history/buildings/15_russia.txt:common/history/buildings/15_russia.txt:1127
RUS,STATE_OKHOTSK,building_port,1,0,REMOVE,COVERED_OWNER_STATE_WITH_NO_FINAL_HISTORICAL_TARGET_FOR_THIS_BUILDING,NO,NO,COVERAGE_COMPLETE,Coverage_Status=COVERED_POSITIVE | Research_Files=BUILD_START_1776_SUPPLEMENTAL_OWNER_STATE_COVERAGE_CORRIGE.csv; BUILD_START_1776_SUPPLEMENTAL_RESEARCH_CORRIGE.csv | CURRENT_SOURCE=common/history/buildings/14_siberia.txt:common/history/buildings/14_siberia.txt:62
RUS,STATE_ORYOL,building_food_industry,2,0,REMOVE,COVERED_OWNER_STATE_WITH_NO_FINAL_HISTORICAL_TARGET_FOR_THIS_BUILDING,NO,NO,COVERAGE_COMPLETE,Coverage_Status=COVERED_POSITIVE | Research_Files=BUILD_START_1776_NORTHERN_EASTERN_EUROPE_RECOMMENDATIONS.csv;BUILD_START_1776_NORTHERN_EASTERN_EUROPE_RESEARCH.md | CURRENT_SOURCE=common/history/buildings/15_russia.txt:common/history/buildings/15_russia.txt:934
RUS,STATE_ORYOL,building_logging_camp,10,0,REMOVE,COVERED_OWNER_STATE_WITH_NO_FINAL_HISTORICAL_TARGET_FOR_THIS_BUILDING,NO,NO,COVERAGE_COMPLETE,Coverage_Status=COVERED_POSITIVE | Research_Files=BUILD_START_1776_NORTHERN_EASTERN_EUROPE_RECOMMENDATIONS.csv;BUILD_START_1776_NORTHERN_EASTERN_EUROPE_RESEARCH.md | CURRENT_SOURCE=common/history/buildings/15_russia.txt:common/history/buildings/15_russia.txt:984
RUS,STATE_ORYOL,building_rye_farm,8,0,REMOVE,COVERED_OWNER_STATE_WITH_NO_FINAL_HISTORICAL_TARGET_FOR_THIS_BUILDING,NO,NO,COVERAGE_COMPLETE,Coverage_Status=COVERED_POSITIVE | Research_Files=BUILD_START_1776_NORTHERN_EASTERN_EUROPE_RECOMMENDATIONS.csv;BUILD_START_1776_NORTHERN_EASTERN_EUROPE_RESEARCH.md | CURRENT_SOURCE=common/history/buildings/15_russia.txt:common/history/buildings/15_russia.txt:971
RUS,STATE_ORYOL,building_textile_mill,2,0,REMOVE,COVERED_OWNER_STATE_WITH_NO_FINAL_HISTORICAL_TARGET_FOR_THIS_BUILDING,NO,NO,COVERAGE_COMPLETE,Coverage_Status=COVERED_POSITIVE | Research_Files=BUILD_START_1776_NORTHERN_EASTERN_EUROPE_RECOMMENDATIONS.csv;BUILD_START_1776_NORTHERN_EASTERN_EUROPE_RESEARCH.md | CURRENT_SOURCE=common/history/buildings/15_russia.txt:common/history/buildings/15_russia.txt:921
RUS,STATE_ROSTOV,building_logging_camp,2,0,REMOVE,COVERED_OWNER_STATE_WITH_NO_FINAL_HISTORICAL_TARGET_FOR_THIS_BUILDING,NO,NO,COVERAGE_COMPLETE,Coverage_Status=COVERED_POSITIVE | Research_Files=BUILD_START_1776_NORTHERN_EASTERN_EUROPE_RECOMMENDATIONS.csv | CURRENT_SOURCE=common/history/buildings/15_russia.txt:common/history/buildings/15_russia.txt:1455
RUS,STATE_ROSTOV,building_naval_administration,5,0,REMOVE,COVERED_OWNER_STATE_WITH_NO_FINAL_HISTORICAL_TARGET_FOR_THIS_BUILDING,NO,NO,COVERAGE_COMPLETE,Coverage_Status=COVERED_POSITIVE | Research_Files=BUILD_START_1776_NORTHERN_EASTERN_EUROPE_RECOMMENDATIONS.csv | CURRENT_SOURCE=common/history/buildings/15_russia.txt:common/history/buildings/15_russia.txt:1492
RUS,STATE_ROSTOV,building_shipyard,2,0,REMOVE,COVERED_OWNER_STATE_WITH_NO_FINAL_HISTORICAL_TARGET_FOR_THIS_BUILDING,NO,NO,COVERAGE_COMPLETE,Coverage_Status=COVERED_POSITIVE | Research_Files=BUILD_START_1776_NORTHERN_EASTERN_EUROPE_RECOMMENDATIONS.csv | CURRENT_SOURCE=common/history/buildings/15_russia.txt|common/history/buildings/15_russia.txt:common/history/buildings/15_russia.txt:1468|common/history/buildings/15_russia.txt:1481
RUS,STATE_ROSTOV,building_trade_center,1,0,REMOVE,COVERED_OWNER_STATE_WITH_NO_FINAL_HISTORICAL_TARGET_FOR_THIS_BUILDING,NO,NO,COVERAGE_COMPLETE,Coverage_Status=COVERED_POSITIVE | Research_Files=BUILD_START_1776_NORTHERN_EASTERN_EUROPE_RECOMMENDATIONS.csv | CURRENT_SOURCE=common/history/buildings/15_russia.txt:common/history/buildings/15_russia.txt:1416
RUS,STATE_ROSTOV,building_vineyard,1,0,REMOVE,COVERED_OWNER_STATE_WITH_NO_FINAL_HISTORICAL_TARGET_FOR_THIS_BUILDING,NO,NO,COVERAGE_COMPLETE,Coverage_Status=COVERED_POSITIVE | Research_Files=BUILD_START_1776_NORTHERN_EASTERN_EUROPE_RECOMMENDATIONS.csv | CURRENT_SOURCE=common/history/buildings/15_russia.txt:common/history/buildings/15_russia.txt:1429
RUS,STATE_RYAZAN,building_furniture_manufactory,2,0,REMOVE,COVERED_OWNER_STATE_WITH_NO_FINAL_HISTORICAL_TARGET_FOR_THIS_BUILDING,NO,NO,COVERAGE_COMPLETE,Coverage_Status=COVERED_POSITIVE | Research_Files=BUILD_START_1776_NORTHERN_EASTERN_EUROPE_RECOMMENDATIONS.csv | CURRENT_SOURCE=common/history/buildings/15_russia.txt:common/history/buildings/15_russia.txt:1844
RUS,STATE_RYAZAN,building_logging_camp,2,0,REMOVE,COVERED_OWNER_STATE_WITH_NO_FINAL_HISTORICAL_TARGET_FOR_THIS_BUILDING,NO,NO,COVERAGE_COMPLETE,Coverage_Status=COVERED_POSITIVE | Research_Files=BUILD_START_1776_NORTHERN_EASTERN_EUROPE_RECOMMENDATIONS.csv | CURRENT_SOURCE=common/history/buildings/15_russia.txt:common/history/buildings/15_russia.txt:1831
RUS,STATE_RYAZAN,building_paper_mill,2,0,REMOVE,COVERED_OWNER_STATE_WITH_NO_FINAL_HISTORICAL_TARGET_FOR_THIS_BUILDING,NO,NO,COVERAGE_COMPLETE,Coverage_Status=COVERED_POSITIVE | Research_Files=BUILD_START_1776_NORTHERN_EASTERN_EUROPE_RECOMMENDATIONS.csv | CURRENT_SOURCE=common/history/buildings/15_russia.txt:common/history/buildings/15_russia.txt:1857
RUS,STATE_SMOLENSK,building_food_industry,3,0,REMOVE,COVERED_OWNER_STATE_WITH_NO_FINAL_HISTORICAL_TARGET_FOR_THIS_BUILDING,NO,NO,COVERAGE_COMPLETE,Coverage_Status=COVERED_POSITIVE | Research_Files=BUILD_START_1776_NORTHERN_EASTERN_EUROPE_RECOMMENDATIONS.csv | CURRENT_SOURCE=common/history/buildings/15_russia.txt:common/history/buildings/15_russia.txt:1007
RUS,STATE_SMOLENSK,building_tooling_workshop,1,0,REMOVE,COVERED_OWNER_STATE_WITH_NO_FINAL_HISTORICAL_TARGET_FOR_THIS_BUILDING,NO,NO,COVERAGE_COMPLETE,Coverage_Status=COVERED_POSITIVE | Research_Files=BUILD_START_1776_NORTHERN_EASTERN_EUROPE_RECOMMENDATIONS.csv | CURRENT_SOURCE=common/history/buildings/15_russia.txt:common/history/buildings/15_russia.txt:1020
RUS,STATE_TAMBOV,building_iron_mine,1,0,REMOVE,COVERED_OWNER_STATE_WITH_NO_FINAL_HISTORICAL_TARGET_FOR_THIS_BUILDING,NO,NO,COVERAGE_COMPLETE,Coverage_Status=COVERED_POSITIVE | Research_Files=BUILD_START_1776_NORTHERN_EASTERN_EUROPE_RECOMMENDATIONS.csv | CURRENT_SOURCE=common/history/buildings/15_russia.txt:common/history/buildings/15_russia.txt:1814
RUS,STATE_TAMBOV,building_logging_camp,1,0,REMOVE,COVERED_OWNER_STATE_WITH_NO_FINAL_HISTORICAL_TARGET_FOR_THIS_BUILDING,NO,NO,COVERAGE_COMPLETE,Coverage_Status=COVERED_POSITIVE | Research_Files=BUILD_START_1776_NORTHERN_EASTERN_EUROPE_RECOMMENDATIONS.csv | CURRENT_SOURCE=common/history/buildings/15_russia.txt:common/history/buildings/15_russia.txt:1788
RUS,STATE_TAMBOV,building_rye_farm,4,0,REMOVE,COVERED_OWNER_STATE_WITH_NO_FINAL_HISTORICAL_TARGET_FOR_THIS_BUILDING,NO,NO,COVERAGE_COMPLETE,Coverage_Status=COVERED_POSITIVE | Research_Files=BUILD_START_1776_NORTHERN_EASTERN_EUROPE_RECOMMENDATIONS.csv | CURRENT_SOURCE=common/history/buildings/15_russia.txt:common/history/buildings/15_russia.txt:1775
RUS,STATE_TAMBOV,building_tooling_workshop,1,0,REMOVE,COVERED_OWNER_STATE_WITH_NO_FINAL_HISTORICAL_TARGET_FOR_THIS_BUILDING,NO,NO,COVERAGE_COMPLETE,Coverage_Status=COVERED_POSITIVE | Research_Files=BUILD_START_1776_NORTHERN_EASTERN_EUROPE_RECOMMENDATIONS.csv | CURRENT_SOURCE=common/history/buildings/15_russia.txt:common/history/buildings/15_russia.txt:1801
RUS,STATE_TARTARIA,building_iron_mine,8,0,REMOVE,COVERED_OWNER_STATE_WITH_NO_FINAL_HISTORICAL_TARGET_FOR_THIS_BUILDING,NO,NO,COVERAGE_COMPLETE,Coverage_Status=COVERED_POSITIVE | Research_Files=BUILD_START_1776_R3_OWNER_STATE_COVERAGE.csv;BUILD_START_1776_R3_RECOMMENDATIONS.csv | CURRENT_SOURCE=common/history/buildings/09_central_asia.txt:common/history/buildings/09_central_asia.txt:180
RUS,STATE_TARTARIA,building_rye_farm,5,0,REMOVE,COVERED_OWNER_STATE_WITH_NO_FINAL_HISTORICAL_TARGET_FOR_THIS_BUILDING,NO,NO,COVERAGE_COMPLETE,Coverage_Status=COVERED_POSITIVE | Research_Files=BUILD_START_1776_R3_OWNER_STATE_COVERAGE.csv;BUILD_START_1776_R3_RECOMMENDATIONS.csv | CURRENT_SOURCE=common/history/buildings/09_central_asia.txt:common/history/buildings/09_central_asia.txt:193
RUS,STATE_TRANS_BAIKAL,building_iron_mine,1,0,REMOVE,COVERED_OWNER_STATE_WITH_NO_FINAL_HISTORICAL_TARGET_FOR_THIS_BUILDING,NO,NO,COVERAGE_COMPLETE,Coverage_Status=COVERED_ZERO_POSITIVE | Research_Files=BUILD_START_1776_SUPPLEMENTAL_OWNER_STATE_COVERAGE_CORRIGE.csv | CURRENT_SOURCE=common/history/buildings/14_siberia.txt:common/history/buildings/14_siberia.txt:82
RUS,STATE_TVER,building_logging_camp,10,0,REMOVE,COVERED_OWNER_STATE_WITH_NO_FINAL_HISTORICAL_TARGET_FOR_THIS_BUILDING,NO,NO,COVERAGE_COMPLETE,Coverage_Status=COVERED_POSITIVE | Research_Files=BUILD_START_1776_NORTHERN_EASTERN_EUROPE_RECOMMENDATIONS.csv;BUILD_START_1776_NORTHERN_EASTERN_EUROPE_RESEARCH.md | CURRENT_SOURCE=common/history/buildings/15_russia.txt:common/history/buildings/15_russia.txt:1283
RUS,STATE_WEST_KARELIA,building_government_administration,1,0,REMOVE,COVERED_OWNER_STATE_WITH_NO_FINAL_HISTORICAL_TARGET_FOR_THIS_BUILDING,NO,NO,COVERAGE_COMPLETE,Coverage_Status=COVERED_POSITIVE | Research_Files=BUILD_START_1776_NORTHERN_EASTERN_EUROPE_RECOMMENDATIONS.csv | CURRENT_SOURCE=common/history/buildings/15_russia.txt:common/history/buildings/15_russia.txt:356
RUS,STATE_WEST_KARELIA,building_rye_farm,1,0,REMOVE,COVERED_OWNER_STATE_WITH_NO_FINAL_HISTORICAL_TARGET_FOR_THIS_BUILDING,NO,NO,COVERAGE_COMPLETE,Coverage_Status=COVERED_POSITIVE | Research_Files=BUILD_START_1776_NORTHERN_EASTERN_EUROPE_RECOMMENDATIONS.csv | CURRENT_SOURCE=common/history/buildings/15_russia.txt:common/history/buildings/15_russia.txt:380
RUS,STATE_YAROSLAVL,building_logging_camp,4,0,REMOVE,COVERED_OWNER_STATE_WITH_NO_FINAL_HISTORICAL_TARGET_FOR_THIS_BUILDING,NO,NO,COVERAGE_COMPLETE,Coverage_Status=COVERED_POSITIVE | Research_Files=BUILD_START_1776_NORTHERN_EASTERN_EUROPE_RECOMMENDATIONS.csv | CURRENT_SOURCE=common/history/buildings/15_russia.txt:common/history/buildings/15_russia.txt:1931
RYU,STATE_RYUKYU_ISLANDS,building_naval_fortification,1,0,REMOVE,COVERED_OWNER_STATE_WITH_NO_FINAL_HISTORICAL_TARGET_FOR_THIS_BUILDING,NO,NO,COVERAGE_COMPLETE,Coverage_Status=COVERED_POSITIVE | Research_Files=BUILD_START_1776_EAST_ASIA_SE_ASIA_RESEARCH.md;BUILD_START_1776_EAST_ASIA_SE_ASIA_RESEARCH_MATRIX.csv | CURRENT_SOURCE=common/history/buildings/11_east_asia.txt:common/history/buildings/11_east_asia.txt:3437
RYU,STATE_RYUKYU_ISLANDS,building_rice_farm,1,0,REMOVE,COVERED_OWNER_STATE_WITH_NO_FINAL_HISTORICAL_TARGET_FOR_THIS_BUILDING,NO,NO,COVERAGE_COMPLETE,Coverage_Status=COVERED_POSITIVE | Research_Files=BUILD_START_1776_EAST_ASIA_SE_ASIA_RESEARCH.md;BUILD_START_1776_EAST_ASIA_SE_ASIA_RESEARCH_MATRIX.csv | CURRENT_SOURCE=common/history/buildings/11_east_asia.txt:common/history/buildings/11_east_asia.txt:3411
SAK,STATE_ACEH,building_rice_farm,1,0,REMOVE,COVERED_OWNER_STATE_WITH_NO_FINAL_HISTORICAL_TARGET_FOR_THIS_BUILDING,NO,NO,COVERAGE_COMPLETE,Coverage_Status=COVERED_POSITIVE | Research_Files=BUILD_START_1776_EAST_ASIA_SE_ASIA_RESEARCH_MATRIX.csv | CURRENT_SOURCE=common/history/buildings/12_indonesia.txt:common/history/buildings/12_indonesia.txt:811
SAK,STATE_ACEH,building_tobacco_plantation,1,0,REMOVE,COVERED_OWNER_STATE_WITH_NO_FINAL_HISTORICAL_TARGET_FOR_THIS_BUILDING,NO,NO,COVERAGE_COMPLETE,Coverage_Status=COVERED_POSITIVE | Research_Files=BUILD_START_1776_EAST_ASIA_SE_ASIA_RESEARCH_MATRIX.csv | CURRENT_SOURCE=common/history/buildings/12_indonesia.txt:common/history/buildings/12_indonesia.txt:824
SAK,STATE_NORTH_SUMATRA,building_rice_farm,1,0,REMOVE,COVERED_OWNER_STATE_WITH_NO_FINAL_HISTORICAL_TARGET_FOR_THIS_BUILDING,NO,NO,COVERAGE_COMPLETE,Coverage_Status=COVERED_POSITIVE | Research_Files=BUILD_START_1776_EAST_ASIA_SE_ASIA_RESEARCH.md;BUILD_START_1776_EAST_ASIA_SE_ASIA_RESEARCH_MATRIX.csv | CURRENT_SOURCE=common/history/buildings/12_indonesia.txt:common/history/buildings/12_indonesia.txt:710
SAK,STATE_NORTH_SUMATRA,building_tobacco_plantation,1,0,REMOVE,COVERED_OWNER_STATE_WITH_NO_FINAL_HISTORICAL_TARGET_FOR_THIS_BUILDING,NO,NO,COVERAGE_COMPLETE,Coverage_Status=COVERED_POSITIVE | Research_Files=BUILD_START_1776_EAST_ASIA_SE_ASIA_RESEARCH.md;BUILD_START_1776_EAST_ASIA_SE_ASIA_RESEARCH_MATRIX.csv | CURRENT_SOURCE=common/history/buildings/12_indonesia.txt:common/history/buildings/12_indonesia.txt:723
SAR,STATE_PIEDMONT,building_construction_sector,1,0,REMOVE,COVERED_OWNER_STATE_WITH_NO_FINAL_HISTORICAL_TARGET_FOR_THIS_BUILDING,NO,NO,COVERAGE_COMPLETE,Coverage_Status=COVERED_POSITIVE | Research_Files=BUILD_START_1776_CENTRAL_EUROPE_GERMAN_ITALY_RESEARCH.csv;BUILD_START_1776_CENTRAL_EUROPE_GERMAN_ITALY_RESEARCH.md | CURRENT_SOURCE=common/history/buildings/01_south_europe.txt:common/history/buildings/01_south_europe.txt:375
SAR,STATE_PIEDMONT,building_fishing_wharf,2,0,REMOVE,COVERED_OWNER_STATE_WITH_NO_FINAL_HISTORICAL_TARGET_FOR_THIS_BUILDING,NO,NO,COVERAGE_COMPLETE,Coverage_Status=COVERED_POSITIVE | Research_Files=BUILD_START_1776_CENTRAL_EUROPE_GERMAN_ITALY_RESEARCH.csv;BUILD_START_1776_CENTRAL_EUROPE_GERMAN_ITALY_RESEARCH.md | CURRENT_SOURCE=common/history/buildings/01_south_europe.txt:common/history/buildings/01_south_europe.txt:510
SAR,STATE_PIEDMONT,building_food_industry,1,0,REMOVE,COVERED_OWNER_STATE_WITH_NO_FINAL_HISTORICAL_TARGET_FOR_THIS_BUILDING,NO,NO,COVERAGE_COMPLETE,Coverage_Status=COVERED_POSITIVE | Research_Files=BUILD_START_1776_CENTRAL_EUROPE_GERMAN_ITALY_RESEARCH.csv;BUILD_START_1776_CENTRAL_EUROPE_GERMAN_ITALY_RESEARCH.md | CURRENT_SOURCE=common/history/buildings/01_south_europe.txt:common/history/buildings/01_south_europe.txt:386
SAR,STATE_PIEDMONT,building_furniture_manufactory,1,0,REMOVE,COVERED_OWNER_STATE_WITH_NO_FINAL_HISTORICAL_TARGET_FOR_THIS_BUILDING,NO,NO,COVERAGE_COMPLETE,Coverage_Status=COVERED_POSITIVE | Research_Files=BUILD_START_1776_CENTRAL_EUROPE_GERMAN_ITALY_RESEARCH.csv;BUILD_START_1776_CENTRAL_EUROPE_GERMAN_ITALY_RESEARCH.md | CURRENT_SOURCE=common/history/buildings/01_south_europe.txt:common/history/buildings/01_south_europe.txt:421
SAR,STATE_PIEDMONT,building_livestock_ranch,5,0,REMOVE,COVERED_OWNER_STATE_WITH_NO_FINAL_HISTORICAL_TARGET_FOR_THIS_BUILDING,NO,NO,COVERAGE_COMPLETE,Coverage_Status=COVERED_POSITIVE | Research_Files=BUILD_START_1776_CENTRAL_EUROPE_GERMAN_ITALY_RESEARCH.csv;BUILD_START_1776_CENTRAL_EUROPE_GERMAN_ITALY_RESEARCH.md | CURRENT_SOURCE=common/history/buildings/01_south_europe.txt:common/history/buildings/01_south_europe.txt:473
SAR,STATE_PIEDMONT,building_paper_mill,1,0,REMOVE,COVERED_OWNER_STATE_WITH_NO_FINAL_HISTORICAL_TARGET_FOR_THIS_BUILDING,NO,NO,COVERAGE_COMPLETE,Coverage_Status=COVERED_POSITIVE | Research_Files=BUILD_START_1776_CENTRAL_EUROPE_GERMAN_ITALY_RESEARCH.csv;BUILD_START_1776_CENTRAL_EUROPE_GERMAN_ITALY_RESEARCH.md | CURRENT_SOURCE=common/history/buildings/01_south_europe.txt:common/history/buildings/01_south_europe.txt:410
SAR,STATE_PIEDMONT,building_port,1,0,REMOVE,COVERED_OWNER_STATE_WITH_NO_FINAL_HISTORICAL_TARGET_FOR_THIS_BUILDING,NO,NO,COVERAGE_COMPLETE,Coverage_Status=COVERED_POSITIVE | Research_Files=BUILD_START_1776_CENTRAL_EUROPE_GERMAN_ITALY_RESEARCH.csv;BUILD_START_1776_CENTRAL_EUROPE_GERMAN_ITALY_RESEARCH.md | CURRENT_SOURCE=common/history/buildings/01_south_europe.txt:common/history/buildings/01_south_europe.txt:523
SAR,STATE_PIEDMONT,building_shipyard,2,0,REMOVE,COVERED_OWNER_STATE_WITH_NO_FINAL_HISTORICAL_TARGET_FOR_THIS_BUILDING,NO,NO,COVERAGE_COMPLETE,Coverage_Status=COVERED_POSITIVE | Research_Files=BUILD_START_1776_CENTRAL_EUROPE_GERMAN_ITALY_RESEARCH.csv;BUILD_START_1776_CENTRAL_EUROPE_GERMAN_ITALY_RESEARCH.md | CURRENT_SOURCE=common/history/buildings/01_south_europe.txt|common/history/buildings/01_south_europe.txt:common/history/buildings/01_south_europe.txt:486|common/history/buildings/01_south_europe.txt:499
SAR,STATE_PIEDMONT,building_tooling_workshop,2,0,REMOVE,COVERED_OWNER_STATE_WITH_NO_FINAL_HISTORICAL_TARGET_FOR_THIS_BUILDING,NO,NO,COVERAGE_COMPLETE,Coverage_Status=COVERED_POSITIVE | Research_Files=BUILD_START_1776_CENTRAL_EUROPE_GERMAN_ITALY_RESEARCH.csv;BUILD_START_1776_CENTRAL_EUROPE_GERMAN_ITALY_RESEARCH.md | CURRENT_SOURCE=common/history/buildings/01_south_europe.txt:common/history/buildings/01_south_europe.txt:447
SAR,STATE_PROVENCE,building_fishing_wharf,1,0,REMOVE,COVERED_OWNER_STATE_WITH_NO_FINAL_HISTORICAL_TARGET_FOR_THIS_BUILDING,NO,NO,COVERAGE_COMPLETE,Coverage_Status=COVERED_POSITIVE | Research_Files=BUILD_START_1776_CENTRAL_EUROPE_GERMAN_ITALY_RESEARCH.csv | CURRENT_SOURCE=common/history/buildings/00_west_europe.txt:common/history/buildings/00_west_europe.txt:2324
SAR,STATE_PROVENCE,building_wheat_farm,1,0,REMOVE,COVERED_OWNER_STATE_WITH_NO_FINAL_HISTORICAL_TARGET_FOR_THIS_BUILDING,NO,NO,COVERAGE_COMPLETE,Coverage_Status=COVERED_POSITIVE | Research_Files=BUILD_START_1776_CENTRAL_EUROPE_GERMAN_ITALY_RESEARCH.csv | CURRENT_SOURCE=common/history/buildings/00_west_europe.txt:common/history/buildings/00_west_europe.txt:2337
SAR,STATE_SARDINIA,building_fishing_wharf,2,0,REMOVE,COVERED_OWNER_STATE_WITH_NO_FINAL_HISTORICAL_TARGET_FOR_THIS_BUILDING,NO,NO,COVERAGE_COMPLETE,Coverage_Status=COVERED_POSITIVE | Research_Files=BUILD_START_1776_CENTRAL_EUROPE_GERMAN_ITALY_RESEARCH.csv | CURRENT_SOURCE=common/history/buildings/01_south_europe.txt:common/history/buildings/01_south_europe.txt:594
SAR,STATE_SARDINIA,building_iron_mine,3,0,REMOVE,COVERED_OWNER_STATE_WITH_NO_FINAL_HISTORICAL_TARGET_FOR_THIS_BUILDING,NO,NO,COVERAGE_COMPLETE,Coverage_Status=COVERED_POSITIVE | Research_Files=BUILD_START_1776_CENTRAL_EUROPE_GERMAN_ITALY_RESEARCH.csv | CURRENT_SOURCE=common/history/buildings/01_south_europe.txt:common/history/buildings/01_south_europe.txt:549
SAR,STATE_SARDINIA,building_logging_camp,5,0,REMOVE,COVERED_OWNER_STATE_WITH_NO_FINAL_HISTORICAL_TARGET_FOR_THIS_BUILDING,NO,NO,COVERAGE_COMPLETE,Coverage_Status=COVERED_POSITIVE | Research_Files=BUILD_START_1776_CENTRAL_EUROPE_GERMAN_ITALY_RESEARCH.csv | CURRENT_SOURCE=common/history/buildings/01_south_europe.txt:common/history/buildings/01_south_europe.txt:575
SAR,STATE_SARDINIA,building_naval_administration,3,0,REMOVE,COVERED_OWNER_STATE_WITH_NO_FINAL_HISTORICAL_TARGET_FOR_THIS_BUILDING,NO,NO,COVERAGE_COMPLETE,Coverage_Status=COVERED_POSITIVE | Research_Files=BUILD_START_1776_CENTRAL_EUROPE_GERMAN_ITALY_RESEARCH.csv | CURRENT_SOURCE=common/history/buildings/01_south_europe.txt:common/history/buildings/01_south_europe.txt:631
SAR,STATE_SARDINIA,building_shipyard,1,0,REMOVE,COVERED_OWNER_STATE_WITH_NO_FINAL_HISTORICAL_TARGET_FOR_THIS_BUILDING,NO,NO,COVERAGE_COMPLETE,Coverage_Status=COVERED_POSITIVE | Research_Files=BUILD_START_1776_CENTRAL_EUROPE_GERMAN_ITALY_RESEARCH.csv | CURRENT_SOURCE=common/history/buildings/01_south_europe.txt:common/history/buildings/01_south_europe.txt:618
SAR,STATE_SARDINIA,building_vineyard,1,0,REMOVE,COVERED_OWNER_STATE_WITH_NO_FINAL_HISTORICAL_TARGET_FOR_THIS_BUILDING,NO,NO,COVERAGE_COMPLETE,Coverage_Status=COVERED_POSITIVE | Research_Files=BUILD_START_1776_CENTRAL_EUROPE_GERMAN_ITALY_RESEARCH.csv | CURRENT_SOURCE=common/history/buildings/01_south_europe.txt:common/history/buildings/01_south_europe.txt:562
SAR,STATE_SAVOY,building_government_administration,1,0,REMOVE,COVERED_OWNER_STATE_WITH_NO_FINAL_HISTORICAL_TARGET_FOR_THIS_BUILDING,NO,NO,COVERAGE_COMPLETE,Coverage_Status=COVERED_POSITIVE | Research_Files=BUILD_START_1776_CENTRAL_EUROPE_GERMAN_ITALY_RESEARCH.csv | CURRENT_SOURCE=common/history/buildings/01_south_europe.txt:common/history/buildings/01_south_europe.txt:1282
SAR,STATE_SAVOY,building_wheat_farm,2,0,REMOVE,COVERED_OWNER_STATE_WITH_NO_FINAL_HISTORICAL_TARGET_FOR_THIS_BUILDING,NO,NO,COVERAGE_COMPLETE,Coverage_Status=COVERED_POSITIVE | Research_Files=BUILD_START_1776_CENTRAL_EUROPE_GERMAN_ITALY_RESEARCH.csv | CURRENT_SOURCE=common/history/buildings/01_south_europe.txt:common/history/buildings/01_south_europe.txt:1243
SAX,STATE_SAXONY,building_coal_mine,3,0,REMOVE,COVERED_OWNER_STATE_WITH_NO_FINAL_HISTORICAL_TARGET_FOR_THIS_BUILDING,NO,NO,COVERAGE_COMPLETE,Coverage_Status=COVERED_POSITIVE | Research_Files=BUILD_START_1776_CENTRAL_EUROPE_GERMAN_ITALY_RESEARCH.csv;BUILD_START_1776_CENTRAL_EUROPE_GERMAN_ITALY_RESEARCH.md | CURRENT_SOURCE=common/history/buildings/00_west_europe.txt:common/history/buildings/00_west_europe.txt:7077
SAX,STATE_SAXONY,building_glassworks,5,0,REMOVE,COVERED_OWNER_STATE_WITH_NO_FINAL_HISTORICAL_TARGET_FOR_THIS_BUILDING,NO,NO,COVERAGE_COMPLETE,Coverage_Status=COVERED_POSITIVE | Research_Files=BUILD_START_1776_CENTRAL_EUROPE_GERMAN_ITALY_RESEARCH.csv;BUILD_START_1776_CENTRAL_EUROPE_GERMAN_ITALY_RESEARCH.md | CURRENT_SOURCE=common/history/buildings/00_west_europe.txt:common/history/buildings/00_west_europe.txt:7058
SAX,STATE_SAXONY,building_government_administration,1,0,REMOVE,COVERED_OWNER_STATE_WITH_NO_FINAL_HISTORICAL_TARGET_FOR_THIS_BUILDING,NO,NO,COVERAGE_COMPLETE,Coverage_Status=COVERED_POSITIVE | Research_Files=BUILD_START_1776_CENTRAL_EUROPE_GERMAN_ITALY_RESEARCH.csv;BUILD_START_1776_CENTRAL_EUROPE_GERMAN_ITALY_RESEARCH.md | CURRENT_SOURCE=common/history/buildings/00_west_europe.txt:common/history/buildings/00_west_europe.txt:7023
SAX,STATE_SAXONY,building_livestock_ranch,5,0,REMOVE,COVERED_OWNER_STATE_WITH_NO_FINAL_HISTORICAL_TARGET_FOR_THIS_BUILDING,NO,NO,COVERAGE_COMPLETE,Coverage_Status=COVERED_POSITIVE | Research_Files=BUILD_START_1776_CENTRAL_EUROPE_GERMAN_ITALY_RESEARCH.csv;BUILD_START_1776_CENTRAL_EUROPE_GERMAN_ITALY_RESEARCH.md | CURRENT_SOURCE=common/history/buildings/00_west_europe.txt:common/history/buildings/00_west_europe.txt:7116
SAX,STATE_SAXONY,building_rye_farm,2,0,REMOVE,COVERED_OWNER_STATE_WITH_NO_FINAL_HISTORICAL_TARGET_FOR_THIS_BUILDING,NO,NO,COVERAGE_COMPLETE,Coverage_Status=COVERED_POSITIVE | Research_Files=BUILD_START_1776_CENTRAL_EUROPE_GERMAN_ITALY_RESEARCH.csv;BUILD_START_1776_CENTRAL_EUROPE_GERMAN_ITALY_RESEARCH.md | CURRENT_SOURCE=common/history/buildings/00_west_europe.txt:common/history/buildings/00_west_europe.txt:7103
SAX,STATE_SAXONY,building_sulfur_mine,3,0,REMOVE,COVERED_OWNER_STATE_WITH_NO_FINAL_HISTORICAL_TARGET_FOR_THIS_BUILDING,NO,NO,COVERAGE_COMPLETE,Coverage_Status=COVERED_POSITIVE | Research_Files=BUILD_START_1776_CENTRAL_EUROPE_GERMAN_ITALY_RESEARCH.csv;BUILD_START_1776_CENTRAL_EUROPE_GERMAN_ITALY_RESEARCH.md | CURRENT_SOURCE=common/history/buildings/00_west_europe.txt:common/history/buildings/00_west_europe.txt:7090
SC1,STATE_BAJIO,building_dye_plantation,2,0,REMOVE,COVERED_OWNER_STATE_WITH_NO_FINAL_HISTORICAL_TARGET_FOR_THIS_BUILDING,NO,NO,COVERAGE_COMPLETE,Coverage_Status=COVERED_POSITIVE | Research_Files=BUILD_START_1776_AMERICAS_CARIBBEAN_RESEARCH.csv;BUILD_START_1776_AMERICAS_CARIBBEAN_RESEARCH.md | CURRENT_SOURCE=common/history/buildings/05_north_america.txt:common/history/buildings/05_north_america.txt:2400
SC1,STATE_BAJIO,building_gold_mine,3,0,REMOVE,COVERED_OWNER_STATE_WITH_NO_FINAL_HISTORICAL_TARGET_FOR_THIS_BUILDING,NO,NO,COVERAGE_COMPLETE,Coverage_Status=COVERED_POSITIVE | Research_Files=BUILD_START_1776_AMERICAS_CARIBBEAN_RESEARCH.csv;BUILD_START_1776_AMERICAS_CARIBBEAN_RESEARCH.md | CURRENT_SOURCE=common/history/buildings/05_north_america.txt:common/history/buildings/05_north_america.txt:2363
SC1,STATE_BAJIO,building_government_administration,2,0,REMOVE,COVERED_OWNER_STATE_WITH_NO_FINAL_HISTORICAL_TARGET_FOR_THIS_BUILDING,NO,NO,COVERAGE_COMPLETE,Coverage_Status=COVERED_POSITIVE | Research_Files=BUILD_START_1776_AMERICAS_CARIBBEAN_RESEARCH.csv;BUILD_START_1776_AMERICAS_CARIBBEAN_RESEARCH.md | CURRENT_SOURCE=common/history/buildings/05_north_america.txt:common/history/buildings/05_north_america.txt:2352
SC1,STATE_BAJIO,building_tobacco_plantation,3,0,REMOVE,COVERED_OWNER_STATE_WITH_NO_FINAL_HISTORICAL_TARGET_FOR_THIS_BUILDING,NO,NO,COVERAGE_COMPLETE,Coverage_Status=COVERED_POSITIVE | Research_Files=BUILD_START_1776_AMERICAS_CARIBBEAN_RESEARCH.csv;BUILD_START_1776_AMERICAS_CARIBBEAN_RESEARCH.md | CURRENT_SOURCE=common/history/buildings/05_north_america.txt:common/history/buildings/05_north_america.txt:2387
SC1,STATE_CHIAPAS,building_banana_plantation,1,0,REMOVE,COVERED_OWNER_STATE_WITH_NO_FINAL_HISTORICAL_TARGET_FOR_THIS_BUILDING,NO,NO,COVERAGE_COMPLETE,Coverage_Status=COVERED_ZERO_POSITIVE | Research_Files=BUILD_START_1776_AMERICAS_CARIBBEAN_RESEARCH.md | CURRENT_SOURCE=common/history/buildings/05_north_america.txt:common/history/buildings/05_north_america.txt:2916
SC1,STATE_CHIAPAS,building_dye_plantation,1,0,REMOVE,COVERED_OWNER_STATE_WITH_NO_FINAL_HISTORICAL_TARGET_FOR_THIS_BUILDING,NO,NO,COVERAGE_COMPLETE,Coverage_Status=COVERED_ZERO_POSITIVE | Research_Files=BUILD_START_1776_AMERICAS_CARIBBEAN_RESEARCH.md | CURRENT_SOURCE=common/history/buildings/05_north_america.txt:common/history/buildings/05_north_america.txt:2903
SC1,STATE_COSTA_RICA,building_barrack,1,0,REMOVE,COVERED_OWNER_STATE_WITH_NO_FINAL_HISTORICAL_TARGET_FOR_THIS_BUILDING,NO,NO,COVERAGE_COMPLETE,Coverage_Status=COVERED_POSITIVE | Research_Files=BUILD_START_1776_AMERICAS_CARIBBEAN_RESEARCH.csv | CURRENT_SOURCE=common/history/buildings/06_central_america.txt:common/history/buildings/06_central_america.txt:253
SC1,STATE_COSTA_RICA,building_coffee_plantation,1,0,REMOVE,COVERED_OWNER_STATE_WITH_NO_FINAL_HISTORICAL_TARGET_FOR_THIS_BUILDING,NO,NO,COVERAGE_COMPLETE,Coverage_Status=COVERED_POSITIVE | Research_Files=BUILD_START_1776_AMERICAS_CARIBBEAN_RESEARCH.csv | CURRENT_SOURCE=common/history/buildings/06_central_america.txt:common/history/buildings/06_central_america.txt:240
SC1,STATE_GUATEMALA,building_barrack,2,0,REMOVE,COVERED_OWNER_STATE_WITH_NO_FINAL_HISTORICAL_TARGET_FOR_THIS_BUILDING,NO,NO,COVERAGE_COMPLETE,Coverage_Status=COVERED_POSITIVE | Research_Files=BUILD_START_1776_AMERICAS_CARIBBEAN_RESEARCH.csv;BUILD_START_1776_AMERICAS_CARIBBEAN_RESEARCH.md | CURRENT_SOURCE=common/history/buildings/06_central_america.txt:common/history/buildings/06_central_america.txt:106
SC1,STATE_GUATEMALA,building_government_administration,1,0,REMOVE,COVERED_OWNER_STATE_WITH_NO_FINAL_HISTORICAL_TARGET_FOR_THIS_BUILDING,NO,NO,COVERAGE_COMPLETE,Coverage_Status=COVERED_POSITIVE | Research_Files=BUILD_START_1776_AMERICAS_CARIBBEAN_RESEARCH.csv;BUILD_START_1776_AMERICAS_CARIBBEAN_RESEARCH.md | CURRENT_SOURCE=common/history/buildings/06_central_america.txt:common/history/buildings/06_central_america.txt:69
SC1,STATE_GUATEMALA,building_livestock_ranch,1,0,REMOVE,COVERED_OWNER_STATE_WITH_NO_FINAL_HISTORICAL_TARGET_FOR_THIS_BUILDING,NO,NO,COVERAGE_COMPLETE,Coverage_Status=COVERED_POSITIVE | Research_Files=BUILD_START_1776_AMERICAS_CARIBBEAN_RESEARCH.csv;BUILD_START_1776_AMERICAS_CARIBBEAN_RESEARCH.md | CURRENT_SOURCE=common/history/buildings/06_central_america.txt:common/history/buildings/06_central_america.txt:93
SC1,STATE_GUERRERO,building_fishing_wharf,2,0,REMOVE,COVERED_OWNER_STATE_WITH_NO_FINAL_HISTORICAL_TARGET_FOR_THIS_BUILDING,NO,NO,COVERAGE_COMPLETE,Coverage_Status=COVERED_POSITIVE | Research_Files=BUILD_START_1776_AMERICAS_CARIBBEAN_RESEARCH.csv;BUILD_START_1776_AMERICAS_CARIBBEAN_RESEARCH.md | CURRENT_SOURCE=common/history/buildings/05_north_america.txt:common/history/buildings/05_north_america.txt:2711
SC1,STATE_GUERRERO,building_food_industry,1,0,REMOVE,COVERED_OWNER_STATE_WITH_NO_FINAL_HISTORICAL_TARGET_FOR_THIS_BUILDING,NO,NO,COVERAGE_COMPLETE,Coverage_Status=COVERED_POSITIVE | Research_Files=BUILD_START_1776_AMERICAS_CARIBBEAN_RESEARCH.csv;BUILD_START_1776_AMERICAS_CARIBBEAN_RESEARCH.md | CURRENT_SOURCE=common/history/buildings/05_north_america.txt:common/history/buildings/05_north_america.txt:2672
SC1,STATE_GUERRERO,building_government_administration,1,0,REMOVE,COVERED_OWNER_STATE_WITH_NO_FINAL_HISTORICAL_TARGET_FOR_THIS_BUILDING,NO,NO,COVERAGE_COMPLETE,Coverage_Status=COVERED_POSITIVE | Research_Files=BUILD_START_1776_AMERICAS_CARIBBEAN_RESEARCH.csv;BUILD_START_1776_AMERICAS_CARIBBEAN_RESEARCH.md | CURRENT_SOURCE=common/history/buildings/05_north_america.txt:common/history/buildings/05_north_america.txt:2661
SC1,STATE_GUERRERO,building_logging_camp,1,0,REMOVE,COVERED_OWNER_STATE_WITH_NO_FINAL_HISTORICAL_TARGET_FOR_THIS_BUILDING,NO,NO,COVERAGE_COMPLETE,Coverage_Status=COVERED_POSITIVE | Research_Files=BUILD_START_1776_AMERICAS_CARIBBEAN_RESEARCH.csv;BUILD_START_1776_AMERICAS_CARIBBEAN_RESEARCH.md | CURRENT_SOURCE=common/history/buildings/05_north_america.txt:common/history/buildings/05_north_america.txt:2724
SC1,STATE_GUERRERO,building_maize_farm,1,0,REMOVE,COVERED_OWNER_STATE_WITH_NO_FINAL_HISTORICAL_TARGET_FOR_THIS_BUILDING,NO,NO,COVERAGE_COMPLETE,Coverage_Status=COVERED_POSITIVE | Research_Files=BUILD_START_1776_AMERICAS_CARIBBEAN_RESEARCH.csv;BUILD_START_1776_AMERICAS_CARIBBEAN_RESEARCH.md | CURRENT_SOURCE=common/history/buildings/05_north_america.txt:common/history/buildings/05_north_america.txt:2685
SC1,STATE_GUERRERO,building_sugar_plantation,1,0,REMOVE,COVERED_OWNER_STATE_WITH_NO_FINAL_HISTORICAL_TARGET_FOR_THIS_BUILDING,NO,NO,COVERAGE_COMPLETE,Coverage_Status=COVERED_POSITIVE | Research_Files=BUILD_START_1776_AMERICAS_CARIBBEAN_RESEARCH.csv;BUILD_START_1776_AMERICAS_CARIBBEAN_RESEARCH.md | CURRENT_SOURCE=common/history/buildings/05_north_america.txt:common/history/buildings/05_north_america.txt:2698
SC1,STATE_HONDURAS,building_barrack,2,0,REMOVE,COVERED_OWNER_STATE_WITH_NO_FINAL_HISTORICAL_TARGET_FOR_THIS_BUILDING,NO,NO,COVERAGE_COMPLETE,Coverage_Status=COVERED_POSITIVE | Research_Files=BUILD_START_1776_AMERICAS_CARIBBEAN_RESEARCH.csv | CURRENT_SOURCE=common/history/buildings/06_central_america.txt:common/history/buildings/06_central_america.txt:171
SC1,STATE_HONDURAS,building_fishing_wharf,1,0,REMOVE,COVERED_OWNER_STATE_WITH_NO_FINAL_HISTORICAL_TARGET_FOR_THIS_BUILDING,NO,NO,COVERAGE_COMPLETE,Coverage_Status=COVERED_POSITIVE | Research_Files=BUILD_START_1776_AMERICAS_CARIBBEAN_RESEARCH.csv | CURRENT_SOURCE=common/history/buildings/06_central_america.txt:common/history/buildings/06_central_america.txt:147
SC1,STATE_HONDURAS,building_port,1,0,REMOVE,COVERED_OWNER_STATE_WITH_NO_FINAL_HISTORICAL_TARGET_FOR_THIS_BUILDING,NO,NO,COVERAGE_COMPLETE,Coverage_Status=COVERED_POSITIVE | Research_Files=BUILD_START_1776_AMERICAS_CARIBBEAN_RESEARCH.csv | CURRENT_SOURCE=common/history/buildings/06_central_america.txt:common/history/buildings/06_central_america.txt:160
SC1,STATE_JALISCO,building_banana_plantation,1,0,REMOVE,COVERED_OWNER_STATE_WITH_NO_FINAL_HISTORICAL_TARGET_FOR_THIS_BUILDING,NO,NO,COVERAGE_COMPLETE,Coverage_Status=COVERED_POSITIVE | Research_Files=BUILD_START_1776_AMERICAS_CARIBBEAN_RESEARCH.csv | CURRENT_SOURCE=common/history/buildings/05_north_america.txt:common/history/buildings/05_north_america.txt:2817
SC1,STATE_JALISCO,building_government_administration,2,0,REMOVE,COVERED_OWNER_STATE_WITH_NO_FINAL_HISTORICAL_TARGET_FOR_THIS_BUILDING,NO,NO,COVERAGE_COMPLETE,Coverage_Status=COVERED_POSITIVE | Research_Files=BUILD_START_1776_AMERICAS_CARIBBEAN_RESEARCH.csv | CURRENT_SOURCE=common/history/buildings/05_north_america.txt:common/history/buildings/05_north_america.txt:2782
SC1,STATE_JALISCO,building_logging_camp,2,0,REMOVE,COVERED_OWNER_STATE_WITH_NO_FINAL_HISTORICAL_TARGET_FOR_THIS_BUILDING,NO,NO,COVERAGE_COMPLETE,Coverage_Status=COVERED_POSITIVE | Research_Files=BUILD_START_1776_AMERICAS_CARIBBEAN_RESEARCH.csv | CURRENT_SOURCE=common/history/buildings/05_north_america.txt:common/history/buildings/05_north_america.txt:2804
SC1,STATE_JALISCO,building_salt_pan,1,0,REMOVE,COVERED_OWNER_STATE_WITH_NO_FINAL_HISTORICAL_TARGET_FOR_THIS_BUILDING,NO,NO,COVERAGE_COMPLETE,Coverage_Status=COVERED_POSITIVE | Research_Files=BUILD_START_1776_AMERICAS_CARIBBEAN_RESEARCH.csv | CURRENT_SOURCE=common/history/buildings/99_tech6a2_salt_starting_buildings.txt:common/history/buildings/99_tech6a2_salt_starting_buildings.txt:4
SC1,STATE_JALISCO,building_university,2,0,REMOVE,COVERED_OWNER_STATE_WITH_NO_FINAL_HISTORICAL_TARGET_FOR_THIS_BUILDING,NO,NO,COVERAGE_COMPLETE,Coverage_Status=COVERED_POSITIVE | Research_Files=BUILD_START_1776_AMERICAS_CARIBBEAN_RESEARCH.csv | CURRENT_SOURCE=common/history/buildings/05_north_america.txt:common/history/buildings/05_north_america.txt:2793
SC1,STATE_MEXICO,building_construction_sector,1,0,REMOVE,COVERED_OWNER_STATE_WITH_NO_FINAL_HISTORICAL_TARGET_FOR_THIS_BUILDING,NO,NO,COVERAGE_COMPLETE,Coverage_Status=COVERED_POSITIVE | Research_Files=BUILD_START_1776_AMERICAS_CARIBBEAN_RESEARCH.csv;BUILD_START_1776_AMERICAS_CARIBBEAN_RESEARCH.md | CURRENT_SOURCE=common/history/buildings/05_north_america.txt:common/history/buildings/05_north_america.txt:2449
SC1,STATE_MEXICO,building_dye_plantation,3,0,REMOVE,COVERED_OWNER_STATE_WITH_NO_FINAL_HISTORICAL_TARGET_FOR_THIS_BUILDING,NO,NO,COVERAGE_COMPLETE,Coverage_Status=COVERED_POSITIVE | Research_Files=BUILD_START_1776_AMERICAS_CARIBBEAN_RESEARCH.csv;BUILD_START_1776_AMERICAS_CARIBBEAN_RESEARCH.md | CURRENT_SOURCE=common/history/buildings/05_north_america.txt:common/history/buildings/05_north_america.txt:2538
SC1,STATE_MEXICO,building_glassworks,1,0,REMOVE,COVERED_OWNER_STATE_WITH_NO_FINAL_HISTORICAL_TARGET_FOR_THIS_BUILDING,NO,NO,COVERAGE_COMPLETE,Coverage_Status=COVERED_POSITIVE | Research_Files=BUILD_START_1776_AMERICAS_CARIBBEAN_RESEARCH.csv;BUILD_START_1776_AMERICAS_CARIBBEAN_RESEARCH.md | CURRENT_SOURCE=common/history/buildings/05_north_america.txt:common/history/buildings/05_north_america.txt:2460
SC1,STATE_MEXICO,building_iron_mine,1,0,REMOVE,COVERED_OWNER_STATE_WITH_NO_FINAL_HISTORICAL_TARGET_FOR_THIS_BUILDING,NO,NO,COVERAGE_COMPLETE,Coverage_Status=COVERED_POSITIVE | Research_Files=BUILD_START_1776_AMERICAS_CARIBBEAN_RESEARCH.csv;BUILD_START_1776_AMERICAS_CARIBBEAN_RESEARCH.md | CURRENT_SOURCE=common/history/buildings/05_north_america.txt:common/history/buildings/05_north_america.txt:2551
SC1,STATE_MEXICO,building_livestock_ranch,1,0,REMOVE,COVERED_OWNER_STATE_WITH_NO_FINAL_HISTORICAL_TARGET_FOR_THIS_BUILDING,NO,NO,COVERAGE_COMPLETE,Coverage_Status=COVERED_POSITIVE | Research_Files=BUILD_START_1776_AMERICAS_CARIBBEAN_RESEARCH.csv;BUILD_START_1776_AMERICAS_CARIBBEAN_RESEARCH.md | CURRENT_SOURCE=common/history/buildings/05_north_america.txt:common/history/buildings/05_north_america.txt:2512
SC1,STATE_MEXICO,building_maize_farm,1,0,REMOVE,COVERED_OWNER_STATE_WITH_NO_FINAL_HISTORICAL_TARGET_FOR_THIS_BUILDING,NO,NO,COVERAGE_COMPLETE,Coverage_Status=COVERED_POSITIVE | Research_Files=BUILD_START_1776_AMERICAS_CARIBBEAN_RESEARCH.csv;BUILD_START_1776_AMERICAS_CARIBBEAN_RESEARCH.md | CURRENT_SOURCE=common/history/buildings/05_north_america.txt:common/history/buildings/05_north_america.txt:2499
SC1,STATE_MEXICO,building_tobacco_plantation,2,0,REMOVE,COVERED_OWNER_STATE_WITH_NO_FINAL_HISTORICAL_TARGET_FOR_THIS_BUILDING,NO,NO,COVERAGE_COMPLETE,Coverage_Status=COVERED_POSITIVE | Research_Files=BUILD_START_1776_AMERICAS_CARIBBEAN_RESEARCH.csv;BUILD_START_1776_AMERICAS_CARIBBEAN_RESEARCH.md | CURRENT_SOURCE=common/history/buildings/05_north_america.txt:common/history/buildings/05_north_america.txt:2525
SC1,STATE_NICARAGUA,building_banana_plantation,1,0,REMOVE,COVERED_OWNER_STATE_WITH_NO_FINAL_HISTORICAL_TARGET_FOR_THIS_BUILDING,NO,NO,COVERAGE_COMPLETE,Coverage_Status=COVERED_POSITIVE | Research_Files=BUILD_START_1776_AMERICAS_CARIBBEAN_RESEARCH.csv | CURRENT_SOURCE=common/history/buildings/06_central_america.txt:common/history/buildings/06_central_america.txt:199
SC1,STATE_NICARAGUA,building_barrack,1,0,REMOVE,COVERED_OWNER_STATE_WITH_NO_FINAL_HISTORICAL_TARGET_FOR_THIS_BUILDING,NO,NO,COVERAGE_COMPLETE,Coverage_Status=COVERED_POSITIVE | Research_Files=BUILD_START_1776_AMERICAS_CARIBBEAN_RESEARCH.csv | CURRENT_SOURCE=common/history/buildings/06_central_america.txt:common/history/buildings/06_central_america.txt:212
SC1,STATE_NICARAGUA,building_tobacco_plantation,1,0,REMOVE,COVERED_OWNER_STATE_WITH_NO_FINAL_HISTORICAL_TARGET_FOR_THIS_BUILDING,NO,NO,COVERAGE_COMPLETE,Coverage_Status=COVERED_POSITIVE | Research_Files=BUILD_START_1776_AMERICAS_CARIBBEAN_RESEARCH.csv | CURRENT_SOURCE=common/history/buildings/06_central_america.txt:common/history/buildings/06_central_america.txt:186
SC1,STATE_OAXACA,building_fishing_wharf,1,0,REMOVE,COVERED_OWNER_STATE_WITH_NO_FINAL_HISTORICAL_TARGET_FOR_THIS_BUILDING,NO,NO,COVERAGE_COMPLETE,Coverage_Status=COVERED_POSITIVE | Research_Files=BUILD_START_1776_AMERICAS_CARIBBEAN_RESEARCH.csv | CURRENT_SOURCE=common/history/buildings/05_north_america.txt:common/history/buildings/05_north_america.txt:2765
SC1,STATE_OAXACA,building_government_administration,1,0,REMOVE,COVERED_OWNER_STATE_WITH_NO_FINAL_HISTORICAL_TARGET_FOR_THIS_BUILDING,NO,NO,COVERAGE_COMPLETE,Coverage_Status=COVERED_POSITIVE | Research_Files=BUILD_START_1776_AMERICAS_CARIBBEAN_RESEARCH.csv | CURRENT_SOURCE=common/history/buildings/05_north_america.txt:common/history/buildings/05_north_america.txt:2741
SC1,STATE_RIO_GRANDE,building_fishing_wharf,1,0,REMOVE,COVERED_OWNER_STATE_WITH_NO_FINAL_HISTORICAL_TARGET_FOR_THIS_BUILDING,NO,NO,COVERAGE_COMPLETE,Coverage_Status=COVERED_POSITIVE | Research_Files=BUILD_START_1776_AMERICAS_CARIBBEAN_RESEARCH.csv | CURRENT_SOURCE=common/history/buildings/05_north_america.txt:common/history/buildings/05_north_america.txt:2301
SC1,STATE_RIO_GRANDE,building_logging_camp,1,0,REMOVE,COVERED_OWNER_STATE_WITH_NO_FINAL_HISTORICAL_TARGET_FOR_THIS_BUILDING,NO,NO,COVERAGE_COMPLETE,Coverage_Status=COVERED_POSITIVE | Research_Files=BUILD_START_1776_AMERICAS_CARIBBEAN_RESEARCH.csv | CURRENT_SOURCE=common/history/buildings/05_north_america.txt:common/history/buildings/05_north_america.txt:2288
SC1,STATE_SAN_SALVADOR,building_barrack,2,0,REMOVE,COVERED_OWNER_STATE_WITH_NO_FINAL_HISTORICAL_TARGET_FOR_THIS_BUILDING,NO,NO,COVERAGE_COMPLETE,Coverage_Status=COVERED_POSITIVE | Research_Files=BUILD_START_1776_AMERICAS_CARIBBEAN_RESEARCH.csv;BUILD_START_1776_AMERICAS_CARIBBEAN_RESEARCH.md | CURRENT_SOURCE=common/history/buildings/06_central_america.txt:common/history/buildings/06_central_america.txt:54
SC1,STATE_SAN_SALVADOR,building_government_administration,1,0,REMOVE,COVERED_OWNER_STATE_WITH_NO_FINAL_HISTORICAL_TARGET_FOR_THIS_BUILDING,NO,NO,COVERAGE_COMPLETE,Coverage_Status=COVERED_POSITIVE | Research_Files=BUILD_START_1776_AMERICAS_CARIBBEAN_RESEARCH.csv;BUILD_START_1776_AMERICAS_CARIBBEAN_RESEARCH.md | CURRENT_SOURCE=common/history/buildings/06_central_america.txt:common/history/buildings/06_central_america.txt:4
SC1,STATE_SAN_SALVADOR,building_livestock_ranch,1,0,REMOVE,COVERED_OWNER_STATE_WITH_NO_FINAL_HISTORICAL_TARGET_FOR_THIS_BUILDING,NO,NO,COVERAGE_COMPLETE,Coverage_Status=COVERED_POSITIVE | Research_Files=BUILD_START_1776_AMERICAS_CARIBBEAN_RESEARCH.csv;BUILD_START_1776_AMERICAS_CARIBBEAN_RESEARCH.md | CURRENT_SOURCE=common/history/buildings/06_central_america.txt:common/history/buildings/06_central_america.txt:41
SC1,STATE_SAN_SALVADOR,building_textile_mill,1,0,REMOVE,COVERED_OWNER_STATE_WITH_NO_FINAL_HISTORICAL_TARGET_FOR_THIS_BUILDING,NO,NO,COVERAGE_COMPLETE,Coverage_Status=COVERED_POSITIVE | Research_Files=BUILD_START_1776_AMERICAS_CARIBBEAN_RESEARCH.csv;BUILD_START_1776_AMERICAS_CARIBBEAN_RESEARCH.md | CURRENT_SOURCE=common/history/buildings/06_central_america.txt:common/history/buildings/06_central_america.txt:15
SC1,STATE_VERACRUZ,building_fishing_wharf,1,0,REMOVE,COVERED_OWNER_STATE_WITH_NO_FINAL_HISTORICAL_TARGET_FOR_THIS_BUILDING,NO,NO,COVERAGE_COMPLETE,Coverage_Status=COVERED_POSITIVE | Research_Files=BUILD_START_1776_AMERICAS_CARIBBEAN_RESEARCH.csv;BUILD_START_1776_AMERICAS_CARIBBEAN_RESEARCH.md | CURRENT_SOURCE=common/history/buildings/05_north_america.txt:common/history/buildings/05_north_america.txt:2633
SC1,STATE_VERACRUZ,building_maize_farm,1,0,REMOVE,COVERED_OWNER_STATE_WITH_NO_FINAL_HISTORICAL_TARGET_FOR_THIS_BUILDING,NO,NO,COVERAGE_COMPLETE,Coverage_Status=COVERED_POSITIVE | Research_Files=BUILD_START_1776_AMERICAS_CARIBBEAN_RESEARCH.csv;BUILD_START_1776_AMERICAS_CARIBBEAN_RESEARCH.md | CURRENT_SOURCE=common/history/buildings/05_north_america.txt:common/history/buildings/05_north_america.txt:2594
SC1,STATE_VERACRUZ,building_spice_plantation,1,0,REMOVE,COVERED_OWNER_STATE_WITH_NO_FINAL_HISTORICAL_TARGET_FOR_THIS_BUILDING,NO,NO,COVERAGE_COMPLETE,Coverage_Status=COVERED_POSITIVE | Research_Files=BUILD_START_1776_AMERICAS_CARIBBEAN_RESEARCH.csv;BUILD_START_1776_AMERICAS_CARIBBEAN_RESEARCH.md | CURRENT_SOURCE=common/history/buildings/99_tech6a3_spice_plantations.txt:common/history/buildings/99_tech6a3_spice_plantations.txt:174
SC1,STATE_VERACRUZ,building_textile_mill,1,0,REMOVE,COVERED_OWNER_STATE_WITH_NO_FINAL_HISTORICAL_TARGET_FOR_THIS_BUILDING,NO,NO,COVERAGE_COMPLETE,Coverage_Status=COVERED_POSITIVE | Research_Files=BUILD_START_1776_AMERICAS_CARIBBEAN_RESEARCH.csv;BUILD_START_1776_AMERICAS_CARIBBEAN_RESEARCH.md | CURRENT_SOURCE=common/history/buildings/05_north_america.txt:common/history/buildings/05_north_america.txt:2568
SC1,STATE_YUCATAN,building_banana_plantation,1,0,REMOVE,COVERED_OWNER_STATE_WITH_NO_FINAL_HISTORICAL_TARGET_FOR_THIS_BUILDING,NO,NO,COVERAGE_COMPLETE,Coverage_Status=COVERED_POSITIVE | Research_Files=BUILD_START_1776_AMERICAS_CARIBBEAN_RESEARCH.csv;BUILD_START_1776_AMERICAS_CARIBBEAN_RESEARCH.md | CURRENT_SOURCE=common/history/buildings/05_north_america.txt:common/history/buildings/05_north_america.txt:2417
SC1,STATE_ZACATECAS,building_dye_plantation,1,0,REMOVE,COVERED_OWNER_STATE_WITH_NO_FINAL_HISTORICAL_TARGET_FOR_THIS_BUILDING,NO,NO,COVERAGE_COMPLETE,Coverage_Status=COVERED_ZERO_POSITIVE | Research_Files=BUILD_START_1776_AMERICAS_CARIBBEAN_RESEARCH.md | CURRENT_SOURCE=common/history/buildings/05_north_america.txt:common/history/buildings/05_north_america.txt:2873
SC1,STATE_ZACATECAS,building_maize_farm,1,0,REMOVE,COVERED_OWNER_STATE_WITH_NO_FINAL_HISTORICAL_TARGET_FOR_THIS_BUILDING,NO,NO,COVERAGE_COMPLETE,Coverage_Status=COVERED_ZERO_POSITIVE | Research_Files=BUILD_START_1776_AMERICAS_CARIBBEAN_RESEARCH.md | CURRENT_SOURCE=common/history/buildings/05_north_america.txt:common/history/buildings/05_north_america.txt:2847
SC1,STATE_ZACATECAS,building_tobacco_plantation,1,0,REMOVE,COVERED_OWNER_STATE_WITH_NO_FINAL_HISTORICAL_TARGET_FOR_THIS_BUILDING,NO,NO,COVERAGE_COMPLETE,Coverage_Status=COVERED_ZERO_POSITIVE | Research_Files=BUILD_START_1776_AMERICAS_CARIBBEAN_RESEARCH.md | CURRENT_SOURCE=common/history/buildings/05_north_america.txt:common/history/buildings/05_north_america.txt:2860
SC1,STATE_ZACATECAS,building_tooling_workshop,1,0,REMOVE,COVERED_OWNER_STATE_WITH_NO_FINAL_HISTORICAL_TARGET_FOR_THIS_BUILDING,NO,NO,COVERAGE_COMPLETE,Coverage_Status=COVERED_ZERO_POSITIVE | Research_Files=BUILD_START_1776_AMERICAS_CARIBBEAN_RESEARCH.md | CURRENT_SOURCE=common/history/buildings/05_north_america.txt:common/history/buildings/05_north_america.txt:2886
SC2,STATE_ANTIOQUIA,building_fishing_wharf,1,0,REMOVE,COVERED_OWNER_STATE_WITH_NO_FINAL_HISTORICAL_TARGET_FOR_THIS_BUILDING,NO,NO,COVERAGE_COMPLETE,Coverage_Status=COVERED_POSITIVE | Research_Files=BUILD_START_1776_AMERICAS_CARIBBEAN_RESEARCH.csv | CURRENT_SOURCE=common/history/buildings/07_south_america.txt:common/history/buildings/07_south_america.txt:335
SC2,STATE_ANTIOQUIA,building_government_administration,2,0,REMOVE,COVERED_OWNER_STATE_WITH_NO_FINAL_HISTORICAL_TARGET_FOR_THIS_BUILDING,NO,NO,COVERAGE_COMPLETE,Coverage_Status=COVERED_POSITIVE | Research_Files=BUILD_START_1776_AMERICAS_CARIBBEAN_RESEARCH.csv | CURRENT_SOURCE=common/history/buildings/07_south_america.txt:common/history/buildings/07_south_america.txt:311
SC2,STATE_ANTIOQUIA,building_port,1,0,REMOVE,COVERED_OWNER_STATE_WITH_NO_FINAL_HISTORICAL_TARGET_FOR_THIS_BUILDING,NO,NO,COVERAGE_COMPLETE,Coverage_Status=COVERED_POSITIVE | Research_Files=BUILD_START_1776_AMERICAS_CARIBBEAN_RESEARCH.csv | CURRENT_SOURCE=common/history/buildings/07_south_america.txt:common/history/buildings/07_south_america.txt:374
SC2,STATE_ANTIOQUIA,building_sugar_plantation,1,0,REMOVE,COVERED_OWNER_STATE_WITH_NO_FINAL_HISTORICAL_TARGET_FOR_THIS_BUILDING,NO,NO,COVERAGE_COMPLETE,Coverage_Status=COVERED_POSITIVE | Research_Files=BUILD_START_1776_AMERICAS_CARIBBEAN_RESEARCH.csv | CURRENT_SOURCE=common/history/buildings/07_south_america.txt:common/history/buildings/07_south_america.txt:361
SC2,STATE_ANTIOQUIA,building_tobacco_plantation,2,0,REMOVE,COVERED_OWNER_STATE_WITH_NO_FINAL_HISTORICAL_TARGET_FOR_THIS_BUILDING,NO,NO,COVERAGE_COMPLETE,Coverage_Status=COVERED_POSITIVE | Research_Files=BUILD_START_1776_AMERICAS_CARIBBEAN_RESEARCH.csv | CURRENT_SOURCE=common/history/buildings/07_south_america.txt:common/history/buildings/07_south_america.txt:348
SC2,STATE_ANTIOQUIA,building_trade_center,2,0,REMOVE,COVERED_OWNER_STATE_WITH_NO_FINAL_HISTORICAL_TARGET_FOR_THIS_BUILDING,NO,NO,COVERAGE_COMPLETE,Coverage_Status=COVERED_POSITIVE | Research_Files=BUILD_START_1776_AMERICAS_CARIBBEAN_RESEARCH.csv | CURRENT_SOURCE=common/history/buildings/07_south_america.txt:common/history/buildings/07_south_america.txt:322
SC2,STATE_BOLIVAR,building_livestock_ranch,1,0,REMOVE,COVERED_OWNER_STATE_WITH_NO_FINAL_HISTORICAL_TARGET_FOR_THIS_BUILDING,NO,NO,COVERAGE_COMPLETE,Coverage_Status=COVERED_POSITIVE | Research_Files=BUILD_START_1776_AMERICAS_CARIBBEAN_RESEARCH.csv;BUILD_START_1776_AMERICAS_CARIBBEAN_RESEARCH.md | CURRENT_SOURCE=common/history/buildings/07_south_america.txt:common/history/buildings/07_south_america.txt:281
SC2,STATE_BOLIVAR,building_maize_farm,1,0,REMOVE,COVERED_OWNER_STATE_WITH_NO_FINAL_HISTORICAL_TARGET_FOR_THIS_BUILDING,NO,NO,COVERAGE_COMPLETE,Coverage_Status=COVERED_POSITIVE | Research_Files=BUILD_START_1776_AMERICAS_CARIBBEAN_RESEARCH.csv;BUILD_START_1776_AMERICAS_CARIBBEAN_RESEARCH.md | CURRENT_SOURCE=common/history/buildings/07_south_america.txt:common/history/buildings/07_south_america.txt:294
SC2,STATE_CAUCA,building_coffee_plantation,2,0,REMOVE,COVERED_OWNER_STATE_WITH_NO_FINAL_HISTORICAL_TARGET_FOR_THIS_BUILDING,NO,NO,COVERAGE_COMPLETE,Coverage_Status=COVERED_POSITIVE | Research_Files=BUILD_START_1776_AMERICAS_CARIBBEAN_RESEARCH.csv | CURRENT_SOURCE=common/history/buildings/07_south_america.txt:common/history/buildings/07_south_america.txt:555
SC2,STATE_CAUCA,building_maize_farm,2,0,REMOVE,COVERED_OWNER_STATE_WITH_NO_FINAL_HISTORICAL_TARGET_FOR_THIS_BUILDING,NO,NO,COVERAGE_COMPLETE,Coverage_Status=COVERED_POSITIVE | Research_Files=BUILD_START_1776_AMERICAS_CARIBBEAN_RESEARCH.csv | CURRENT_SOURCE=common/history/buildings/07_south_america.txt:common/history/buildings/07_south_america.txt:568
SC2,STATE_CAUCA,building_tobacco_plantation,2,0,REMOVE,COVERED_OWNER_STATE_WITH_NO_FINAL_HISTORICAL_TARGET_FOR_THIS_BUILDING,NO,NO,COVERAGE_COMPLETE,Coverage_Status=COVERED_POSITIVE | Research_Files=BUILD_START_1776_AMERICAS_CARIBBEAN_RESEARCH.csv | CURRENT_SOURCE=common/history/buildings/07_south_america.txt:common/history/buildings/07_south_america.txt:542
SC2,STATE_CUNDINAMARCA,building_cotton_plantation,2,0,REMOVE,COVERED_OWNER_STATE_WITH_NO_FINAL_HISTORICAL_TARGET_FOR_THIS_BUILDING,NO,NO,COVERAGE_COMPLETE,Coverage_Status=COVERED_POSITIVE | Research_Files=BUILD_START_1776_AMERICAS_CARIBBEAN_RESEARCH.csv;BUILD_START_1776_AMERICAS_CARIBBEAN_RESEARCH.md | CURRENT_SOURCE=common/history/buildings/07_south_america.txt:common/history/buildings/07_south_america.txt:480
SC2,STATE_CUNDINAMARCA,building_furniture_manufactory,1,0,REMOVE,COVERED_OWNER_STATE_WITH_NO_FINAL_HISTORICAL_TARGET_FOR_THIS_BUILDING,NO,NO,COVERAGE_COMPLETE,Coverage_Status=COVERED_POSITIVE | Research_Files=BUILD_START_1776_AMERICAS_CARIBBEAN_RESEARCH.csv;BUILD_START_1776_AMERICAS_CARIBBEAN_RESEARCH.md | CURRENT_SOURCE=common/history/buildings/07_south_america.txt:common/history/buildings/07_south_america.txt:506
SC2,STATE_CUNDINAMARCA,building_logging_camp,2,0,REMOVE,COVERED_OWNER_STATE_WITH_NO_FINAL_HISTORICAL_TARGET_FOR_THIS_BUILDING,NO,NO,COVERAGE_COMPLETE,Coverage_Status=COVERED_POSITIVE | Research_Files=BUILD_START_1776_AMERICAS_CARIBBEAN_RESEARCH.csv;BUILD_START_1776_AMERICAS_CARIBBEAN_RESEARCH.md | CURRENT_SOURCE=common/history/buildings/07_south_america.txt:common/history/buildings/07_south_america.txt:519
SC2,STATE_CUNDINAMARCA,building_rice_farm,2,0,REMOVE,COVERED_OWNER_STATE_WITH_NO_FINAL_HISTORICAL_TARGET_FOR_THIS_BUILDING,NO,NO,COVERAGE_COMPLETE,Coverage_Status=COVERED_POSITIVE | Research_Files=BUILD_START_1776_AMERICAS_CARIBBEAN_RESEARCH.csv;BUILD_START_1776_AMERICAS_CARIBBEAN_RESEARCH.md | CURRENT_SOURCE=common/history/buildings/07_south_america.txt:common/history/buildings/07_south_america.txt:493
SC2,STATE_CUNDINAMARCA,building_sugar_plantation,1,0,REMOVE,COVERED_OWNER_STATE_WITH_NO_FINAL_HISTORICAL_TARGET_FOR_THIS_BUILDING,NO,NO,COVERAGE_COMPLETE,Coverage_Status=COVERED_POSITIVE | Research_Files=BUILD_START_1776_AMERICAS_CARIBBEAN_RESEARCH.csv;BUILD_START_1776_AMERICAS_CARIBBEAN_RESEARCH.md | CURRENT_SOURCE=common/history/buildings/07_south_america.txt:common/history/buildings/07_south_america.txt:467
SC2,STATE_ECUADOR,building_cotton_plantation,1,0,REMOVE,COVERED_OWNER_STATE_WITH_NO_FINAL_HISTORICAL_TARGET_FOR_THIS_BUILDING,NO,NO,COVERAGE_COMPLETE,Coverage_Status=COVERED_POSITIVE | Research_Files=BUILD_START_1776_AMERICAS_CARIBBEAN_RESEARCH.csv;BUILD_START_1776_AMERICAS_CARIBBEAN_RESEARCH.md | CURRENT_SOURCE=common/history/buildings/07_south_america.txt:common/history/buildings/07_south_america.txt:54
SC2,STATE_ECUADOR,building_fishing_wharf,1,0,REMOVE,COVERED_OWNER_STATE_WITH_NO_FINAL_HISTORICAL_TARGET_FOR_THIS_BUILDING,NO,NO,COVERAGE_COMPLETE,Coverage_Status=COVERED_POSITIVE | Research_Files=BUILD_START_1776_AMERICAS_CARIBBEAN_RESEARCH.csv;BUILD_START_1776_AMERICAS_CARIBBEAN_RESEARCH.md | CURRENT_SOURCE=common/history/buildings/07_south_america.txt:common/history/buildings/07_south_america.txt:28
SC2,STATE_ECUADOR,building_maize_farm,2,0,REMOVE,COVERED_OWNER_STATE_WITH_NO_FINAL_HISTORICAL_TARGET_FOR_THIS_BUILDING,NO,NO,COVERAGE_COMPLETE,Coverage_Status=COVERED_POSITIVE | Research_Files=BUILD_START_1776_AMERICAS_CARIBBEAN_RESEARCH.csv;BUILD_START_1776_AMERICAS_CARIBBEAN_RESEARCH.md | CURRENT_SOURCE=common/history/buildings/07_south_america.txt:common/history/buildings/07_south_america.txt:41
SC2,STATE_ECUADOR,building_port,1,0,REMOVE,COVERED_OWNER_STATE_WITH_NO_FINAL_HISTORICAL_TARGET_FOR_THIS_BUILDING,NO,NO,COVERAGE_COMPLETE,Coverage_Status=COVERED_POSITIVE | Research_Files=BUILD_START_1776_AMERICAS_CARIBBEAN_RESEARCH.csv;BUILD_START_1776_AMERICAS_CARIBBEAN_RESEARCH.md | CURRENT_SOURCE=common/history/buildings/07_south_america.txt:common/history/buildings/07_south_america.txt:80
SC2,STATE_ECUADOR,building_tobacco_plantation,2,0,REMOVE,COVERED_OWNER_STATE_WITH_NO_FINAL_HISTORICAL_TARGET_FOR_THIS_BUILDING,NO,NO,COVERAGE_COMPLETE,Coverage_Status=COVERED_POSITIVE | Research_Files=BUILD_START_1776_AMERICAS_CARIBBEAN_RESEARCH.csv;BUILD_START_1776_AMERICAS_CARIBBEAN_RESEARCH.md | CURRENT_SOURCE=common/history/buildings/07_south_america.txt:common/history/buildings/07_south_america.txt:67
SC2,STATE_GUAVIARE,building_government_administration,1,0,REMOVE,COVERED_OWNER_STATE_WITH_NO_FINAL_HISTORICAL_TARGET_FOR_THIS_BUILDING,NO,NO,COVERAGE_COMPLETE,Coverage_Status=COVERED_ZERO_POSITIVE | Research_Files=BUILD_START_1776_AMERICAS_CARIBBEAN_RESEARCH.md | CURRENT_SOURCE=common/history/buildings/07_south_america.txt:common/history/buildings/07_south_america.txt:389
SC2,STATE_GUAVIARE,building_livestock_ranch,1,0,REMOVE,COVERED_OWNER_STATE_WITH_NO_FINAL_HISTORICAL_TARGET_FOR_THIS_BUILDING,NO,NO,COVERAGE_COMPLETE,Coverage_Status=COVERED_ZERO_POSITIVE | Research_Files=BUILD_START_1776_AMERICAS_CARIBBEAN_RESEARCH.md | CURRENT_SOURCE=common/history/buildings/07_south_america.txt:common/history/buildings/07_south_america.txt:413
SC2,STATE_GUAVIARE,building_logging_camp,1,0,REMOVE,COVERED_OWNER_STATE_WITH_NO_FINAL_HISTORICAL_TARGET_FOR_THIS_BUILDING,NO,NO,COVERAGE_COMPLETE,Coverage_Status=COVERED_ZERO_POSITIVE | Research_Files=BUILD_START_1776_AMERICAS_CARIBBEAN_RESEARCH.md | CURRENT_SOURCE=common/history/buildings/07_south_america.txt:common/history/buildings/07_south_america.txt:426
SC2,STATE_GUAVIARE,building_rice_farm,1,0,REMOVE,COVERED_OWNER_STATE_WITH_NO_FINAL_HISTORICAL_TARGET_FOR_THIS_BUILDING,NO,NO,COVERAGE_COMPLETE,Coverage_Status=COVERED_ZERO_POSITIVE | Research_Files=BUILD_START_1776_AMERICAS_CARIBBEAN_RESEARCH.md | CURRENT_SOURCE=common/history/buildings/07_south_america.txt:common/history/buildings/07_south_america.txt:400
SC2,STATE_MIRANDA,building_fishing_wharf,1,0,REMOVE,COVERED_OWNER_STATE_WITH_NO_FINAL_HISTORICAL_TARGET_FOR_THIS_BUILDING,NO,NO,COVERAGE_COMPLETE,Coverage_Status=COVERED_POSITIVE | Research_Files=BUILD_START_1776_AMERICAS_CARIBBEAN_RESEARCH.csv;BUILD_START_1776_AMERICAS_CARIBBEAN_RESEARCH.md | CURRENT_SOURCE=common/history/buildings/07_south_america.txt:common/history/buildings/07_south_america.txt:203
SC2,STATE_MIRANDA,building_maize_farm,2,0,REMOVE,COVERED_OWNER_STATE_WITH_NO_FINAL_HISTORICAL_TARGET_FOR_THIS_BUILDING,NO,NO,COVERAGE_COMPLETE,Coverage_Status=COVERED_POSITIVE | Research_Files=BUILD_START_1776_AMERICAS_CARIBBEAN_RESEARCH.csv;BUILD_START_1776_AMERICAS_CARIBBEAN_RESEARCH.md | CURRENT_SOURCE=common/history/buildings/07_south_america.txt:common/history/buildings/07_south_america.txt:240
SC2,STATE_PANAMA,building_banana_plantation,1,0,REMOVE,COVERED_OWNER_STATE_WITH_NO_FINAL_HISTORICAL_TARGET_FOR_THIS_BUILDING,NO,NO,COVERAGE_COMPLETE,Coverage_Status=COVERED_POSITIVE | Research_Files=BUILD_START_1776_AMERICAS_CARIBBEAN_RESEARCH.csv;BUILD_START_1776_AMERICAS_CARIBBEAN_RESEARCH.md | CURRENT_SOURCE=common/history/buildings/06_central_america.txt:common/history/buildings/06_central_america.txt:281
SC2,STATE_PANAMA,building_coffee_plantation,1,0,REMOVE,COVERED_OWNER_STATE_WITH_NO_FINAL_HISTORICAL_TARGET_FOR_THIS_BUILDING,NO,NO,COVERAGE_COMPLETE,Coverage_Status=COVERED_POSITIVE | Research_Files=BUILD_START_1776_AMERICAS_CARIBBEAN_RESEARCH.csv;BUILD_START_1776_AMERICAS_CARIBBEAN_RESEARCH.md | CURRENT_SOURCE=common/history/buildings/06_central_america.txt:common/history/buildings/06_central_america.txt:268
SC2,STATE_ZULIA,building_banana_plantation,1,0,REMOVE,COVERED_OWNER_STATE_WITH_NO_FINAL_HISTORICAL_TARGET_FOR_THIS_BUILDING,NO,NO,COVERAGE_COMPLETE,Coverage_Status=COVERED_POSITIVE | Research_Files=BUILD_START_1776_AMERICAS_CARIBBEAN_RESEARCH.csv;BUILD_START_1776_AMERICAS_CARIBBEAN_RESEARCH.md | CURRENT_SOURCE=common/history/buildings/07_south_america.txt:common/history/buildings/07_south_america.txt:173
SC2,STATE_ZULIA,building_coffee_plantation,1,0,REMOVE,COVERED_OWNER_STATE_WITH_NO_FINAL_HISTORICAL_TARGET_FOR_THIS_BUILDING,NO,NO,COVERAGE_COMPLETE,Coverage_Status=COVERED_POSITIVE | Research_Files=BUILD_START_1776_AMERICAS_CARIBBEAN_RESEARCH.csv;BUILD_START_1776_AMERICAS_CARIBBEAN_RESEARCH.md | CURRENT_SOURCE=common/history/buildings/07_south_america.txt:common/history/buildings/07_south_america.txt:160
SC2,STATE_ZULIA,building_government_administration,1,0,REMOVE,COVERED_OWNER_STATE_WITH_NO_FINAL_HISTORICAL_TARGET_FOR_THIS_BUILDING,NO,NO,COVERAGE_COMPLETE,Coverage_Status=COVERED_POSITIVE | Research_Files=BUILD_START_1776_AMERICAS_CARIBBEAN_RESEARCH.csv;BUILD_START_1776_AMERICAS_CARIBBEAN_RESEARCH.md | CURRENT_SOURCE=common/history/buildings/07_south_america.txt:common/history/buildings/07_south_america.txt:149
SC2,STATE_ZULIA,building_sugar_plantation,1,0,REMOVE,COVERED_OWNER_STATE_WITH_NO_FINAL_HISTORICAL_TARGET_FOR_THIS_BUILDING,NO,NO,COVERAGE_COMPLETE,Coverage_Status=COVERED_POSITIVE | Research_Files=BUILD_START_1776_AMERICAS_CARIBBEAN_RESEARCH.csv;BUILD_START_1776_AMERICAS_CARIBBEAN_RESEARCH.md | CURRENT_SOURCE=common/history/buildings/07_south_america.txt:common/history/buildings/07_south_america.txt:186
SC3,STATE_ANTOFAGASTA,building_fishing_wharf,1,0,REMOVE,COVERED_OWNER_STATE_WITH_NO_FINAL_HISTORICAL_TARGET_FOR_THIS_BUILDING,NO,NO,COVERAGE_COMPLETE,Coverage_Status=COVERED_ZERO_POSITIVE | Research_Files=BUILD_START_1776_AMERICAS_CARIBBEAN_RESEARCH.md | CURRENT_SOURCE=common/history/buildings/07_south_america.txt:common/history/buildings/07_south_america.txt:608
SC3,STATE_ANTOFAGASTA,building_port,1,0,REMOVE,COVERED_OWNER_STATE_WITH_NO_FINAL_HISTORICAL_TARGET_FOR_THIS_BUILDING,NO,NO,COVERAGE_COMPLETE,Coverage_Status=COVERED_ZERO_POSITIVE | Research_Files=BUILD_START_1776_AMERICAS_CARIBBEAN_RESEARCH.md | CURRENT_SOURCE=common/history/buildings/07_south_america.txt:common/history/buildings/07_south_america.txt:621
SC3,STATE_ARAUCANIA,building_fishing_wharf,1,0,REMOVE,COVERED_OWNER_STATE_WITH_NO_FINAL_HISTORICAL_TARGET_FOR_THIS_BUILDING,NO,NO,COVERAGE_COMPLETE,Coverage_Status=COVERED_ZERO_POSITIVE | Research_Files=BUILD_START_1776_AMERICAS_CARIBBEAN_RESEARCH.md | CURRENT_SOURCE=common/history/buildings/07_south_america.txt:common/history/buildings/07_south_america.txt:1746
SC3,STATE_ARAUCANIA,building_logging_camp,1,0,REMOVE,COVERED_OWNER_STATE_WITH_NO_FINAL_HISTORICAL_TARGET_FOR_THIS_BUILDING,NO,NO,COVERAGE_COMPLETE,Coverage_Status=COVERED_ZERO_POSITIVE | Research_Files=BUILD_START_1776_AMERICAS_CARIBBEAN_RESEARCH.md | CURRENT_SOURCE=common/history/buildings/07_south_america.txt:common/history/buildings/07_south_america.txt:1759
SC3,STATE_AREQUIPA,building_barrack,1,0,REMOVE,COVERED_OWNER_STATE_WITH_NO_FINAL_HISTORICAL_TARGET_FOR_THIS_BUILDING,NO,NO,COVERAGE_COMPLETE,Coverage_Status=COVERED_POSITIVE | Research_Files=BUILD_START_1776_AMERICAS_CARIBBEAN_RESEARCH.csv;BUILD_START_1776_AMERICAS_CARIBBEAN_RESEARCH.md | CURRENT_SOURCE=common/history/buildings/07_south_america.txt:common/history/buildings/07_south_america.txt:1106
SC3,STATE_AREQUIPA,building_dye_plantation,1,0,REMOVE,COVERED_OWNER_STATE_WITH_NO_FINAL_HISTORICAL_TARGET_FOR_THIS_BUILDING,NO,NO,COVERAGE_COMPLETE,Coverage_Status=COVERED_POSITIVE | Research_Files=BUILD_START_1776_AMERICAS_CARIBBEAN_RESEARCH.csv;BUILD_START_1776_AMERICAS_CARIBBEAN_RESEARCH.md | CURRENT_SOURCE=common/history/buildings/07_south_america.txt:common/history/buildings/07_south_america.txt:1093
SC3,STATE_AREQUIPA,building_tobacco_plantation,1,0,REMOVE,COVERED_OWNER_STATE_WITH_NO_FINAL_HISTORICAL_TARGET_FOR_THIS_BUILDING,NO,NO,COVERAGE_COMPLETE,Coverage_Status=COVERED_POSITIVE | Research_Files=BUILD_START_1776_AMERICAS_CARIBBEAN_RESEARCH.csv;BUILD_START_1776_AMERICAS_CARIBBEAN_RESEARCH.md | CURRENT_SOURCE=common/history/buildings/07_south_america.txt:common/history/buildings/07_south_america.txt:1080
SC3,STATE_CAJAMARCA,building_barrack,1,0,REMOVE,COVERED_OWNER_STATE_WITH_NO_FINAL_HISTORICAL_TARGET_FOR_THIS_BUILDING,NO,NO,COVERAGE_COMPLETE,Coverage_Status=COVERED_POSITIVE | Research_Files=BUILD_START_1776_AMERICAS_CARIBBEAN_RESEARCH.csv | CURRENT_SOURCE=common/history/buildings/07_south_america.txt:common/history/buildings/07_south_america.txt:808
SC3,STATE_CAJAMARCA,building_cotton_plantation,1,0,REMOVE,COVERED_OWNER_STATE_WITH_NO_FINAL_HISTORICAL_TARGET_FOR_THIS_BUILDING,NO,NO,COVERAGE_COMPLETE,Coverage_Status=COVERED_POSITIVE | Research_Files=BUILD_START_1776_AMERICAS_CARIBBEAN_RESEARCH.csv | CURRENT_SOURCE=common/history/buildings/07_south_america.txt:common/history/buildings/07_south_america.txt:795
SC3,STATE_CAJAMARCA,building_government_administration,1,0,REMOVE,COVERED_OWNER_STATE_WITH_NO_FINAL_HISTORICAL_TARGET_FOR_THIS_BUILDING,NO,NO,COVERAGE_COMPLETE,Coverage_Status=COVERED_POSITIVE | Research_Files=BUILD_START_1776_AMERICAS_CARIBBEAN_RESEARCH.csv | CURRENT_SOURCE=common/history/buildings/07_south_america.txt:common/history/buildings/07_south_america.txt:758
SC3,STATE_CAJAMARCA,building_textile_mill,1,0,REMOVE,COVERED_OWNER_STATE_WITH_NO_FINAL_HISTORICAL_TARGET_FOR_THIS_BUILDING,NO,NO,COVERAGE_COMPLETE,Coverage_Status=COVERED_POSITIVE | Research_Files=BUILD_START_1776_AMERICAS_CARIBBEAN_RESEARCH.csv | CURRENT_SOURCE=common/history/buildings/07_south_america.txt:common/history/buildings/07_south_america.txt:769
SC3,STATE_ICA,building_barrack,3,0,REMOVE,COVERED_OWNER_STATE_WITH_NO_FINAL_HISTORICAL_TARGET_FOR_THIS_BUILDING,NO,NO,COVERAGE_COMPLETE,Coverage_Status=COVERED_POSITIVE | Research_Files=BUILD_START_1776_AMERICAS_CARIBBEAN_RESEARCH.csv;BUILD_START_1776_AMERICAS_CARIBBEAN_RESEARCH.md | CURRENT_SOURCE=common/history/buildings/07_south_america.txt:common/history/buildings/07_south_america.txt:1022
SC3,STATE_ICA,building_dye_plantation,2,0,REMOVE,COVERED_OWNER_STATE_WITH_NO_FINAL_HISTORICAL_TARGET_FOR_THIS_BUILDING,NO,NO,COVERAGE_COMPLETE,Coverage_Status=COVERED_POSITIVE | Research_Files=BUILD_START_1776_AMERICAS_CARIBBEAN_RESEARCH.csv;BUILD_START_1776_AMERICAS_CARIBBEAN_RESEARCH.md | CURRENT_SOURCE=common/history/buildings/07_south_america.txt:common/history/buildings/07_south_america.txt:951
SC3,STATE_ICA,building_government_administration,1,0,REMOVE,COVERED_OWNER_STATE_WITH_NO_FINAL_HISTORICAL_TARGET_FOR_THIS_BUILDING,NO,NO,COVERAGE_COMPLETE,Coverage_Status=COVERED_POSITIVE | Research_Files=BUILD_START_1776_AMERICAS_CARIBBEAN_RESEARCH.csv;BUILD_START_1776_AMERICAS_CARIBBEAN_RESEARCH.md | CURRENT_SOURCE=common/history/buildings/07_south_america.txt:common/history/buildings/07_south_america.txt:940
SC3,STATE_ICA,building_logging_camp,1,0,REMOVE,COVERED_OWNER_STATE_WITH_NO_FINAL_HISTORICAL_TARGET_FOR_THIS_BUILDING,NO,NO,COVERAGE_COMPLETE,Coverage_Status=COVERED_POSITIVE | Research_Files=BUILD_START_1776_AMERICAS_CARIBBEAN_RESEARCH.csv;BUILD_START_1776_AMERICAS_CARIBBEAN_RESEARCH.md | CURRENT_SOURCE=common/history/buildings/07_south_america.txt:common/history/buildings/07_south_america.txt:1009
SC3,STATE_ICA,building_machu_picchu,1,0,REMOVE,COVERED_OWNER_STATE_WITH_NO_FINAL_HISTORICAL_TARGET_FOR_THIS_BUILDING,NO,NO,COVERAGE_COMPLETE,Coverage_Status=COVERED_POSITIVE | Research_Files=BUILD_START_1776_AMERICAS_CARIBBEAN_RESEARCH.csv;BUILD_START_1776_AMERICAS_CARIBBEAN_RESEARCH.md | CURRENT_SOURCE=common/history/buildings/07_south_america.txt:common/history/buildings/07_south_america.txt:1033
SC3,STATE_ICA,building_maize_farm,2,0,REMOVE,COVERED_OWNER_STATE_WITH_NO_FINAL_HISTORICAL_TARGET_FOR_THIS_BUILDING,NO,NO,COVERAGE_COMPLETE,Coverage_Status=COVERED_POSITIVE | Research_Files=BUILD_START_1776_AMERICAS_CARIBBEAN_RESEARCH.csv;BUILD_START_1776_AMERICAS_CARIBBEAN_RESEARCH.md | CURRENT_SOURCE=common/history/buildings/07_south_america.txt:common/history/buildings/07_south_america.txt:983
SC3,STATE_ICA,building_tobacco_plantation,2,0,REMOVE,COVERED_OWNER_STATE_WITH_NO_FINAL_HISTORICAL_TARGET_FOR_THIS_BUILDING,NO,NO,COVERAGE_COMPLETE,Coverage_Status=COVERED_POSITIVE | Research_Files=BUILD_START_1776_AMERICAS_CARIBBEAN_RESEARCH.csv;BUILD_START_1776_AMERICAS_CARIBBEAN_RESEARCH.md | CURRENT_SOURCE=common/history/buildings/07_south_america.txt:common/history/buildings/07_south_america.txt:996
SC3,STATE_LIMA,building_barrack,3,0,REMOVE,COVERED_OWNER_STATE_WITH_NO_FINAL_HISTORICAL_TARGET_FOR_THIS_BUILDING,NO,NO,COVERAGE_COMPLETE,Coverage_Status=COVERED_POSITIVE | Research_Files=BUILD_START_1776_AMERICAS_CARIBBEAN_RESEARCH.csv;BUILD_START_1776_AMERICAS_CARIBBEAN_RESEARCH.md | CURRENT_SOURCE=common/history/buildings/07_south_america.txt:common/history/buildings/07_south_america.txt:914
SC3,STATE_LIMA,building_construction_sector,1,0,REMOVE,COVERED_OWNER_STATE_WITH_NO_FINAL_HISTORICAL_TARGET_FOR_THIS_BUILDING,NO,NO,COVERAGE_COMPLETE,Coverage_Status=COVERED_POSITIVE | Research_Files=BUILD_START_1776_AMERICAS_CARIBBEAN_RESEARCH.csv;BUILD_START_1776_AMERICAS_CARIBBEAN_RESEARCH.md | CURRENT_SOURCE=common/history/buildings/07_south_america.txt:common/history/buildings/07_south_america.txt:847
SC3,STATE_LIMA,building_dye_plantation,2,0,REMOVE,COVERED_OWNER_STATE_WITH_NO_FINAL_HISTORICAL_TARGET_FOR_THIS_BUILDING,NO,NO,COVERAGE_COMPLETE,Coverage_Status=COVERED_POSITIVE | Research_Files=BUILD_START_1776_AMERICAS_CARIBBEAN_RESEARCH.csv;BUILD_START_1776_AMERICAS_CARIBBEAN_RESEARCH.md | CURRENT_SOURCE=common/history/buildings/07_south_america.txt:common/history/buildings/07_south_america.txt:901
SC3,STATE_LIMA,building_fishing_wharf,1,0,REMOVE,COVERED_OWNER_STATE_WITH_NO_FINAL_HISTORICAL_TARGET_FOR_THIS_BUILDING,NO,NO,COVERAGE_COMPLETE,Coverage_Status=COVERED_POSITIVE | Research_Files=BUILD_START_1776_AMERICAS_CARIBBEAN_RESEARCH.csv;BUILD_START_1776_AMERICAS_CARIBBEAN_RESEARCH.md | CURRENT_SOURCE=common/history/buildings/07_south_america.txt:common/history/buildings/07_south_america.txt:888
SC3,STATE_LIMA,building_furniture_manufactory,1,0,REMOVE,COVERED_OWNER_STATE_WITH_NO_FINAL_HISTORICAL_TARGET_FOR_THIS_BUILDING,NO,NO,COVERAGE_COMPLETE,Coverage_Status=COVERED_POSITIVE | Research_Files=BUILD_START_1776_AMERICAS_CARIBBEAN_RESEARCH.csv;BUILD_START_1776_AMERICAS_CARIBBEAN_RESEARCH.md | CURRENT_SOURCE=common/history/buildings/07_south_america.txt:common/history/buildings/07_south_america.txt:834
SC3,STATE_LIMA,building_gold_mine,4,0,REMOVE,COVERED_OWNER_STATE_WITH_NO_FINAL_HISTORICAL_TARGET_FOR_THIS_BUILDING,NO,NO,COVERAGE_COMPLETE,Coverage_Status=COVERED_POSITIVE | Research_Files=BUILD_START_1776_AMERICAS_CARIBBEAN_RESEARCH.csv;BUILD_START_1776_AMERICAS_CARIBBEAN_RESEARCH.md | CURRENT_SOURCE=common/history/buildings/07_south_america.txt:common/history/buildings/07_south_america.txt:858
SC3,STATE_LIMA,building_maize_farm,3,0,REMOVE,COVERED_OWNER_STATE_WITH_NO_FINAL_HISTORICAL_TARGET_FOR_THIS_BUILDING,NO,NO,COVERAGE_COMPLETE,Coverage_Status=COVERED_POSITIVE | Research_Files=BUILD_START_1776_AMERICAS_CARIBBEAN_RESEARCH.csv;BUILD_START_1776_AMERICAS_CARIBBEAN_RESEARCH.md | CURRENT_SOURCE=common/history/buildings/07_south_america.txt:common/history/buildings/07_south_america.txt:869
SC3,STATE_LIMA,building_salt_pan,1,0,REMOVE,COVERED_OWNER_STATE_WITH_NO_FINAL_HISTORICAL_TARGET_FOR_THIS_BUILDING,NO,NO,COVERAGE_COMPLETE,Coverage_Status=COVERED_POSITIVE | Research_Files=BUILD_START_1776_AMERICAS_CARIBBEAN_RESEARCH.csv;BUILD_START_1776_AMERICAS_CARIBBEAN_RESEARCH.md | CURRENT_SOURCE=common/history/buildings/99_tech6a2_salt_starting_buildings.txt:common/history/buildings/99_tech6a2_salt_starting_buildings.txt:38
SC3,STATE_LOS_RIOS,building_tobacco_plantation,1,0,REMOVE,COVERED_OWNER_STATE_WITH_NO_FINAL_HISTORICAL_TARGET_FOR_THIS_BUILDING,NO,NO,COVERAGE_COMPLETE,Coverage_Status=COVERED_POSITIVE | Research_Files=BUILD_START_1776_AMERICAS_CARIBBEAN_RESEARCH.csv | CURRENT_SOURCE=common/history/buildings/07_south_america.txt:common/history/buildings/07_south_america.txt:1716
SC3,STATE_POTOSI,building_barrack,2,0,REMOVE,COVERED_OWNER_STATE_WITH_NO_FINAL_HISTORICAL_TARGET_FOR_THIS_BUILDING,NO,NO,COVERAGE_COMPLETE,Coverage_Status=COVERED_POSITIVE | Research_Files=BUILD_START_1776_AMERICAS_CARIBBEAN_RESEARCH.csv;BUILD_START_1776_AMERICAS_CARIBBEAN_RESEARCH.md | CURRENT_SOURCE=common/history/buildings/07_south_america.txt:common/history/buildings/07_south_america.txt:743
SC3,STATE_POTOSI,building_gold_mine,3,0,REMOVE,COVERED_OWNER_STATE_WITH_NO_FINAL_HISTORICAL_TARGET_FOR_THIS_BUILDING,NO,NO,COVERAGE_COMPLETE,Coverage_Status=COVERED_POSITIVE | Research_Files=BUILD_START_1776_AMERICAS_CARIBBEAN_RESEARCH.csv;BUILD_START_1776_AMERICAS_CARIBBEAN_RESEARCH.md | CURRENT_SOURCE=common/history/buildings/07_south_america.txt:common/history/buildings/07_south_america.txt:706
SC3,STATE_POTOSI,building_livestock_ranch,1,0,REMOVE,COVERED_OWNER_STATE_WITH_NO_FINAL_HISTORICAL_TARGET_FOR_THIS_BUILDING,NO,NO,COVERAGE_COMPLETE,Coverage_Status=COVERED_POSITIVE | Research_Files=BUILD_START_1776_AMERICAS_CARIBBEAN_RESEARCH.csv;BUILD_START_1776_AMERICAS_CARIBBEAN_RESEARCH.md | CURRENT_SOURCE=common/history/buildings/07_south_america.txt:common/history/buildings/07_south_america.txt:730
SC3,STATE_POTOSI,building_logging_camp,1,0,REMOVE,COVERED_OWNER_STATE_WITH_NO_FINAL_HISTORICAL_TARGET_FOR_THIS_BUILDING,NO,NO,COVERAGE_COMPLETE,Coverage_Status=COVERED_POSITIVE | Research_Files=BUILD_START_1776_AMERICAS_CARIBBEAN_RESEARCH.csv;BUILD_START_1776_AMERICAS_CARIBBEAN_RESEARCH.md | CURRENT_SOURCE=common/history/buildings/07_south_america.txt:common/history/buildings/07_south_america.txt:717
SC3,STATE_POTOSI,building_salt_mine,1,0,REMOVE,COVERED_OWNER_STATE_WITH_NO_FINAL_HISTORICAL_TARGET_FOR_THIS_BUILDING,NO,NO,COVERAGE_COMPLETE,Coverage_Status=COVERED_POSITIVE | Research_Files=BUILD_START_1776_AMERICAS_CARIBBEAN_RESEARCH.csv;BUILD_START_1776_AMERICAS_CARIBBEAN_RESEARCH.md | CURRENT_SOURCE=common/history/buildings/99_tech6a2_salt_starting_buildings.txt:common/history/buildings/99_tech6a2_salt_starting_buildings.txt:297
SC3,STATE_POTOSI,building_tobacco_plantation,2,0,REMOVE,COVERED_OWNER_STATE_WITH_NO_FINAL_HISTORICAL_TARGET_FOR_THIS_BUILDING,NO,NO,COVERAGE_COMPLETE,Coverage_Status=COVERED_POSITIVE | Research_Files=BUILD_START_1776_AMERICAS_CARIBBEAN_RESEARCH.csv;BUILD_START_1776_AMERICAS_CARIBBEAN_RESEARCH.md | CURRENT_SOURCE=common/history/buildings/07_south_america.txt:common/history/buildings/07_south_america.txt:693
SC3,STATE_SANTA_CRUZ,building_barrack,5,0,REMOVE,COVERED_OWNER_STATE_WITH_NO_FINAL_HISTORICAL_TARGET_FOR_THIS_BUILDING,NO,NO,COVERAGE_COMPLETE,Coverage_Status=COVERED_POSITIVE | Research_Files=BUILD_START_1776_AMERICAS_CARIBBEAN_RESEARCH.csv | CURRENT_SOURCE=common/history/buildings/07_south_america.txt:common/history/buildings/07_south_america.txt:673
SC3,STATE_SANTA_CRUZ,building_government_administration,1,0,REMOVE,COVERED_OWNER_STATE_WITH_NO_FINAL_HISTORICAL_TARGET_FOR_THIS_BUILDING,NO,NO,COVERAGE_COMPLETE,Coverage_Status=COVERED_POSITIVE | Research_Files=BUILD_START_1776_AMERICAS_CARIBBEAN_RESEARCH.csv | CURRENT_SOURCE=common/history/buildings/07_south_america.txt:common/history/buildings/07_south_america.txt:636
SC3,STATE_SANTA_CRUZ,building_rice_farm,1,0,REMOVE,COVERED_OWNER_STATE_WITH_NO_FINAL_HISTORICAL_TARGET_FOR_THIS_BUILDING,NO,NO,COVERAGE_COMPLETE,Coverage_Status=COVERED_POSITIVE | Research_Files=BUILD_START_1776_AMERICAS_CARIBBEAN_RESEARCH.csv | CURRENT_SOURCE=common/history/buildings/07_south_america.txt:common/history/buildings/07_south_america.txt:647
SC3,STATE_SANTIAGO,building_gold_mine,3,0,REMOVE,COVERED_OWNER_STATE_WITH_NO_FINAL_HISTORICAL_TARGET_FOR_THIS_BUILDING,NO,NO,COVERAGE_COMPLETE,Coverage_Status=COVERED_POSITIVE | Research_Files=BUILD_START_1776_AMERICAS_CARIBBEAN_RESEARCH.csv;BUILD_START_1776_AMERICAS_CARIBBEAN_RESEARCH.md | CURRENT_SOURCE=common/history/buildings/07_south_america.txt:common/history/buildings/07_south_america.txt:1638
SC3,STATE_SANTIAGO,building_iron_mine,1,0,REMOVE,COVERED_OWNER_STATE_WITH_NO_FINAL_HISTORICAL_TARGET_FOR_THIS_BUILDING,NO,NO,COVERAGE_COMPLETE,Coverage_Status=COVERED_POSITIVE | Research_Files=BUILD_START_1776_AMERICAS_CARIBBEAN_RESEARCH.csv;BUILD_START_1776_AMERICAS_CARIBBEAN_RESEARCH.md | CURRENT_SOURCE=common/history/buildings/07_south_america.txt:common/history/buildings/07_south_america.txt:1649
SC3,STATE_SANTIAGO,building_tooling_workshop,1,0,REMOVE,COVERED_OWNER_STATE_WITH_NO_FINAL_HISTORICAL_TARGET_FOR_THIS_BUILDING,NO,NO,COVERAGE_COMPLETE,Coverage_Status=COVERED_POSITIVE | Research_Files=BUILD_START_1776_AMERICAS_CARIBBEAN_RESEARCH.csv;BUILD_START_1776_AMERICAS_CARIBBEAN_RESEARCH.md | CURRENT_SOURCE=common/history/buildings/07_south_america.txt:common/history/buildings/07_south_america.txt:1625
SC3,STATE_TARAPACA,building_livestock_ranch,1,0,REMOVE,COVERED_OWNER_STATE_WITH_NO_FINAL_HISTORICAL_TARGET_FOR_THIS_BUILDING,NO,NO,COVERAGE_COMPLETE,Coverage_Status=COVERED_ZERO_POSITIVE | Research_Files=BUILD_START_1776_AMERICAS_CARIBBEAN_RESEARCH.md | CURRENT_SOURCE=common/history/buildings/07_south_america.txt:common/history/buildings/07_south_america.txt:591
SC4,STATE_BAJO_PARAGUAY,building_arms_industry,1,0,REMOVE,COVERED_OWNER_STATE_WITH_NO_FINAL_HISTORICAL_TARGET_FOR_THIS_BUILDING,NO,NO,COVERAGE_COMPLETE,Coverage_Status=COVERED_POSITIVE | Research_Files=BUILD_START_1776_AMERICAS_CARIBBEAN_RESEARCH.csv | CURRENT_SOURCE=common/history/buildings/07_south_america.txt:common/history/buildings/07_south_america.txt:1205
SC4,STATE_BAJO_PARAGUAY,building_banana_plantation,1,0,REMOVE,COVERED_OWNER_STATE_WITH_NO_FINAL_HISTORICAL_TARGET_FOR_THIS_BUILDING,NO,NO,COVERAGE_COMPLETE,Coverage_Status=COVERED_POSITIVE | Research_Files=BUILD_START_1776_AMERICAS_CARIBBEAN_RESEARCH.csv | CURRENT_SOURCE=common/history/buildings/07_south_america.txt:common/history/buildings/07_south_america.txt:1309
SC4,STATE_BAJO_PARAGUAY,building_cotton_plantation,1,0,REMOVE,COVERED_OWNER_STATE_WITH_NO_FINAL_HISTORICAL_TARGET_FOR_THIS_BUILDING,NO,NO,COVERAGE_COMPLETE,Coverage_Status=COVERED_POSITIVE | Research_Files=BUILD_START_1776_AMERICAS_CARIBBEAN_RESEARCH.csv | CURRENT_SOURCE=common/history/buildings/07_south_america.txt:common/history/buildings/07_south_america.txt:1283
SC4,STATE_BAJO_PARAGUAY,building_iron_mine,1,0,REMOVE,COVERED_OWNER_STATE_WITH_NO_FINAL_HISTORICAL_TARGET_FOR_THIS_BUILDING,NO,NO,COVERAGE_COMPLETE,Coverage_Status=COVERED_POSITIVE | Research_Files=BUILD_START_1776_AMERICAS_CARIBBEAN_RESEARCH.csv | CURRENT_SOURCE=common/history/buildings/07_south_america.txt:common/history/buildings/07_south_america.txt:1230
SC4,STATE_BAJO_PARAGUAY,building_logging_camp,1,0,REMOVE,COVERED_OWNER_STATE_WITH_NO_FINAL_HISTORICAL_TARGET_FOR_THIS_BUILDING,NO,NO,COVERAGE_COMPLETE,Coverage_Status=COVERED_POSITIVE | Research_Files=BUILD_START_1776_AMERICAS_CARIBBEAN_RESEARCH.csv | CURRENT_SOURCE=common/history/buildings/07_south_america.txt:common/history/buildings/07_south_america.txt:1244
SC4,STATE_BAJO_PARAGUAY,building_rice_farm,2,0,REMOVE,COVERED_OWNER_STATE_WITH_NO_FINAL_HISTORICAL_TARGET_FOR_THIS_BUILDING,NO,NO,COVERAGE_COMPLETE,Coverage_Status=COVERED_POSITIVE | Research_Files=BUILD_START_1776_AMERICAS_CARIBBEAN_RESEARCH.csv | CURRENT_SOURCE=common/history/buildings/07_south_america.txt:common/history/buildings/07_south_america.txt:1257
SC4,STATE_BAJO_PARAGUAY,building_tooling_workshop,1,0,REMOVE,COVERED_OWNER_STATE_WITH_NO_FINAL_HISTORICAL_TARGET_FOR_THIS_BUILDING,NO,NO,COVERAGE_COMPLETE,Coverage_Status=COVERED_POSITIVE | Research_Files=BUILD_START_1776_AMERICAS_CARIBBEAN_RESEARCH.csv | CURRENT_SOURCE=common/history/buildings/07_south_america.txt:common/history/buildings/07_south_america.txt:1217
SC4,STATE_BUENOS_AIRES,building_fishing_wharf,1,0,REMOVE,COVERED_OWNER_STATE_WITH_NO_FINAL_HISTORICAL_TARGET_FOR_THIS_BUILDING,NO,NO,COVERAGE_COMPLETE,Coverage_Status=COVERED_POSITIVE | Research_Files=BUILD_START_1776_AMERICAS_CARIBBEAN_RESEARCH.csv;BUILD_START_1776_AMERICAS_CARIBBEAN_RESEARCH.md | CURRENT_SOURCE=common/history/buildings/07_south_america.txt:common/history/buildings/07_south_america.txt:1377
SC4,STATE_BUENOS_AIRES,building_tooling_workshop,1,0,REMOVE,COVERED_OWNER_STATE_WITH_NO_FINAL_HISTORICAL_TARGET_FOR_THIS_BUILDING,NO,NO,COVERAGE_COMPLETE,Coverage_Status=COVERED_POSITIVE | Research_Files=BUILD_START_1776_AMERICAS_CARIBBEAN_RESEARCH.csv;BUILD_START_1776_AMERICAS_CARIBBEAN_RESEARCH.md | CURRENT_SOURCE=common/history/buildings/07_south_america.txt:common/history/buildings/07_south_america.txt:1350
SC4,STATE_CORRIENTES,building_maize_farm,1,0,REMOVE,COVERED_OWNER_STATE_WITH_NO_FINAL_HISTORICAL_TARGET_FOR_THIS_BUILDING,NO,NO,COVERAGE_COMPLETE,Coverage_Status=COVERED_POSITIVE | Research_Files=BUILD_START_1776_AMERICAS_CARIBBEAN_RESEARCH.csv | CURRENT_SOURCE=common/history/buildings/07_south_america.txt:common/history/buildings/07_south_america.txt:1524
SC4,STATE_CORRIENTES,building_tobacco_plantation,3,0,REMOVE,COVERED_OWNER_STATE_WITH_NO_FINAL_HISTORICAL_TARGET_FOR_THIS_BUILDING,NO,NO,COVERAGE_COMPLETE,Coverage_Status=COVERED_POSITIVE | Research_Files=BUILD_START_1776_AMERICAS_CARIBBEAN_RESEARCH.csv | CURRENT_SOURCE=common/history/buildings/07_south_america.txt:common/history/buildings/07_south_america.txt:1550
SC4,STATE_JUJUY,building_gold_mine,1,0,REMOVE,COVERED_OWNER_STATE_WITH_NO_FINAL_HISTORICAL_TARGET_FOR_THIS_BUILDING,NO,NO,COVERAGE_COMPLETE,Coverage_Status=COVERED_POSITIVE | Research_Files=BUILD_START_1776_AMERICAS_CARIBBEAN_RESEARCH.csv | CURRENT_SOURCE=common/history/buildings/07_south_america.txt:common/history/buildings/07_south_america.txt:1186
SC4,STATE_LA_PAMPA,building_government_administration,1,0,REMOVE,COVERED_OWNER_STATE_WITH_NO_FINAL_HISTORICAL_TARGET_FOR_THIS_BUILDING,NO,NO,COVERAGE_COMPLETE,Coverage_Status=COVERED_POSITIVE | Research_Files=BUILD_START_1776_AMERICAS_CARIBBEAN_RESEARCH.csv | CURRENT_SOURCE=common/history/buildings/07_south_america.txt:common/history/buildings/07_south_america.txt:1419
SC4,STATE_LA_PAMPA,building_salt_mine,1,0,REMOVE,COVERED_OWNER_STATE_WITH_NO_FINAL_HISTORICAL_TARGET_FOR_THIS_BUILDING,NO,NO,COVERAGE_COMPLETE,Coverage_Status=COVERED_POSITIVE | Research_Files=BUILD_START_1776_AMERICAS_CARIBBEAN_RESEARCH.csv | CURRENT_SOURCE=common/history/buildings/99_tech6a2_salt_starting_buildings.txt:common/history/buildings/99_tech6a2_salt_starting_buildings.txt:157
SC4,STATE_LA_PAMPA,building_wheat_farm,2,0,REMOVE,COVERED_OWNER_STATE_WITH_NO_FINAL_HISTORICAL_TARGET_FOR_THIS_BUILDING,NO,NO,COVERAGE_COMPLETE,Coverage_Status=COVERED_POSITIVE | Research_Files=BUILD_START_1776_AMERICAS_CARIBBEAN_RESEARCH.csv | CURRENT_SOURCE=common/history/buildings/07_south_america.txt:common/history/buildings/07_south_america.txt:1430
SC4,STATE_SANTA_FE,building_furniture_manufactory,1,0,REMOVE,COVERED_OWNER_STATE_WITH_NO_FINAL_HISTORICAL_TARGET_FOR_THIS_BUILDING,NO,NO,COVERAGE_COMPLETE,Coverage_Status=COVERED_POSITIVE | Research_Files=BUILD_START_1776_AMERICAS_CARIBBEAN_RESEARCH.csv | CURRENT_SOURCE=common/history/buildings/07_south_america.txt:common/history/buildings/07_south_america.txt:1475
SC4,STATE_SANTA_FE,building_logging_camp,2,0,REMOVE,COVERED_OWNER_STATE_WITH_NO_FINAL_HISTORICAL_TARGET_FOR_THIS_BUILDING,NO,NO,COVERAGE_COMPLETE,Coverage_Status=COVERED_POSITIVE | Research_Files=BUILD_START_1776_AMERICAS_CARIBBEAN_RESEARCH.csv | CURRENT_SOURCE=common/history/buildings/07_south_america.txt:common/history/buildings/07_south_america.txt:1488
SC4,STATE_TUCUMAN,building_gold_mine,1,0,REMOVE,COVERED_OWNER_STATE_WITH_NO_FINAL_HISTORICAL_TARGET_FOR_THIS_BUILDING,NO,NO,COVERAGE_COMPLETE,Coverage_Status=COVERED_POSITIVE | Research_Files=BUILD_START_1776_AMERICAS_CARIBBEAN_RESEARCH.csv | CURRENT_SOURCE=common/history/buildings/07_south_america.txt:common/history/buildings/07_south_america.txt:1567
SC4,STATE_URUGUAY,building_government_administration,1,0,REMOVE,COVERED_OWNER_STATE_WITH_NO_FINAL_HISTORICAL_TARGET_FOR_THIS_BUILDING,NO,NO,COVERAGE_COMPLETE,Coverage_Status=COVERED_POSITIVE | Research_Files=BUILD_START_1776_AMERICAS_CARIBBEAN_RESEARCH.csv;BUILD_START_1776_AMERICAS_CARIBBEAN_RESEARCH.md | CURRENT_SOURCE=common/history/buildings/07_south_america.txt:common/history/buildings/07_south_america.txt:1171
SC4,STATE_URUGUAY,building_logging_camp,1,0,REMOVE,COVERED_OWNER_STATE_WITH_NO_FINAL_HISTORICAL_TARGET_FOR_THIS_BUILDING,NO,NO,COVERAGE_COMPLETE,Coverage_Status=COVERED_POSITIVE | Research_Files=BUILD_START_1776_AMERICAS_CARIBBEAN_RESEARCH.csv;BUILD_START_1776_AMERICAS_CARIBBEAN_RESEARCH.md | CURRENT_SOURCE=common/history/buildings/07_south_america.txt:common/history/buildings/07_south_america.txt:1158
SC4,STATE_URUGUAY,building_maize_farm,1,0,REMOVE,COVERED_OWNER_STATE_WITH_NO_FINAL_HISTORICAL_TARGET_FOR_THIS_BUILDING,NO,NO,COVERAGE_COMPLETE,Coverage_Status=COVERED_POSITIVE | Research_Files=BUILD_START_1776_AMERICAS_CARIBBEAN_RESEARCH.csv;BUILD_START_1776_AMERICAS_CARIBBEAN_RESEARCH.md | CURRENT_SOURCE=common/history/buildings/07_south_america.txt:common/history/buildings/07_south_america.txt:1134
SCH,STATE_SCHLESWIG_HOLSTEIN,building_government_administration,1,0,REMOVE,COVERED_OWNER_STATE_WITH_NO_FINAL_HISTORICAL_TARGET_FOR_THIS_BUILDING,NO,NO,COVERAGE_COMPLETE,Coverage_Status=COVERED_POSITIVE | Research_Files=BUILD_START_1776_CENTRAL_EUROPE_GERMAN_ITALY_RESEARCH.csv | CURRENT_SOURCE=common/history/buildings/00_west_europe.txt:common/history/buildings/00_west_europe.txt:6317
SCH,STATE_SCHLESWIG_HOLSTEIN,building_rye_farm,1,0,REMOVE,COVERED_OWNER_STATE_WITH_NO_FINAL_HISTORICAL_TARGET_FOR_THIS_BUILDING,NO,NO,COVERAGE_COMPLETE,Coverage_Status=COVERED_POSITIVE | Research_Files=BUILD_START_1776_CENTRAL_EUROPE_GERMAN_ITALY_RESEARCH.csv | CURRENT_SOURCE=common/history/buildings/00_west_europe.txt:common/history/buildings/00_west_europe.txt:6328
SCW,STATE_SAXONY,building_coal_mine,1,0,REMOVE,COVERED_OWNER_STATE_WITH_NO_FINAL_HISTORICAL_TARGET_FOR_THIS_BUILDING,NO,NO,COVERAGE_COMPLETE,Coverage_Status=COVERED_POSITIVE | Research_Files=BUILD_START_1776_CENTRAL_EUROPE_GERMAN_ITALY_RESEARCH.csv | CURRENT_SOURCE=common/history/buildings/00_west_europe.txt:common/history/buildings/00_west_europe.txt:7241
SCW,STATE_SAXONY,building_paper_mill,1,0,REMOVE,COVERED_OWNER_STATE_WITH_NO_FINAL_HISTORICAL_TARGET_FOR_THIS_BUILDING,NO,NO,COVERAGE_COMPLETE,Coverage_Status=COVERED_POSITIVE | Research_Files=BUILD_START_1776_CENTRAL_EUROPE_GERMAN_ITALY_RESEARCH.csv | CURRENT_SOURCE=common/history/buildings/00_west_europe.txt:common/history/buildings/00_west_europe.txt:7254
SCW,STATE_SAXONY,building_rye_farm,2,0,REMOVE,COVERED_OWNER_STATE_WITH_NO_FINAL_HISTORICAL_TARGET_FOR_THIS_BUILDING,NO,NO,COVERAGE_COMPLETE,Coverage_Status=COVERED_POSITIVE | Research_Files=BUILD_START_1776_CENTRAL_EUROPE_GERMAN_ITALY_RESEARCH.csv | CURRENT_SOURCE=common/history/buildings/00_west_europe.txt:common/history/buildings/00_west_europe.txt:7228
SEL,STATE_MALAYA,building_rice_farm,1,0,REMOVE,COVERED_OWNER_STATE_WITH_NO_FINAL_HISTORICAL_TARGET_FOR_THIS_BUILDING,NO,NO,COVERAGE_COMPLETE,Coverage_Status=COVERED_POSITIVE | Research_Files=BUILD_START_1776_EAST_ASIA_SE_ASIA_RESEARCH.md;BUILD_START_1776_EAST_ASIA_SE_ASIA_RESEARCH_MATRIX.csv | CURRENT_SOURCE=common/history/buildings/12_indonesia.txt:common/history/buildings/12_indonesia.txt:101
SIA,STATE_BANGKOK,building_fishing_wharf,2,0,REMOVE,COVERED_OWNER_STATE_WITH_NO_FINAL_HISTORICAL_TARGET_FOR_THIS_BUILDING,NO,NO,COVERAGE_COMPLETE,Coverage_Status=COVERED_POSITIVE | Research_Files=BUILD_START_1776_EAST_ASIA_SE_ASIA_RESEARCH.md;BUILD_START_1776_EAST_ASIA_SE_ASIA_RESEARCH_MATRIX.csv | CURRENT_SOURCE=common/history/buildings/11_east_asia.txt:common/history/buildings/11_east_asia.txt:2122
SIA,STATE_BANGKOK,building_rice_farm,2,0,REMOVE,COVERED_OWNER_STATE_WITH_NO_FINAL_HISTORICAL_TARGET_FOR_THIS_BUILDING,NO,NO,COVERAGE_COMPLETE,Coverage_Status=COVERED_POSITIVE | Research_Files=BUILD_START_1776_EAST_ASIA_SE_ASIA_RESEARCH.md;BUILD_START_1776_EAST_ASIA_SE_ASIA_RESEARCH_MATRIX.csv | CURRENT_SOURCE=common/history/buildings/11_east_asia.txt:common/history/buildings/11_east_asia.txt:2109
SIA,STATE_BANGKOK,building_tea_plantation,1,0,REMOVE,COVERED_OWNER_STATE_WITH_NO_FINAL_HISTORICAL_TARGET_FOR_THIS_BUILDING,NO,NO,COVERAGE_COMPLETE,Coverage_Status=COVERED_POSITIVE | Research_Files=BUILD_START_1776_EAST_ASIA_SE_ASIA_RESEARCH.md;BUILD_START_1776_EAST_ASIA_SE_ASIA_RESEARCH_MATRIX.csv | CURRENT_SOURCE=common/history/buildings/11_east_asia.txt:common/history/buildings/11_east_asia.txt:2135
SIA,STATE_BANGKOK,building_tobacco_plantation,1,0,REMOVE,COVERED_OWNER_STATE_WITH_NO_FINAL_HISTORICAL_TARGET_FOR_THIS_BUILDING,NO,NO,COVERAGE_COMPLETE,Coverage_Status=COVERED_POSITIVE | Research_Files=BUILD_START_1776_EAST_ASIA_SE_ASIA_RESEARCH.md;BUILD_START_1776_EAST_ASIA_SE_ASIA_RESEARCH_MATRIX.csv | CURRENT_SOURCE=common/history/buildings/11_east_asia.txt:common/history/buildings/11_east_asia.txt:2148
SIA,STATE_CAMBODIA,building_angkor_wat,1,0,REMOVE,COVERED_OWNER_STATE_WITH_NO_FINAL_HISTORICAL_TARGET_FOR_THIS_BUILDING,NO,NO,COVERAGE_COMPLETE,Coverage_Status=COVERED_ZERO_POSITIVE | Research_Files=BUILD_START_1776_EAST_ASIA_SE_ASIA_RESEARCH.md | CURRENT_SOURCE=common/history/buildings/11_east_asia.txt:common/history/buildings/11_east_asia.txt:2062
SIA,STATE_CAMBODIA,building_tea_plantation,1,0,REMOVE,COVERED_OWNER_STATE_WITH_NO_FINAL_HISTORICAL_TARGET_FOR_THIS_BUILDING,NO,NO,COVERAGE_COMPLETE,Coverage_Status=COVERED_ZERO_POSITIVE | Research_Files=BUILD_START_1776_EAST_ASIA_SE_ASIA_RESEARCH.md | CURRENT_SOURCE=common/history/buildings/11_east_asia.txt:common/history/buildings/11_east_asia.txt:2049
SIA,STATE_LAOS,building_opium_plantation,1,0,REMOVE,COVERED_OWNER_STATE_WITH_NO_FINAL_HISTORICAL_TARGET_FOR_THIS_BUILDING,NO,NO,COVERAGE_COMPLETE,Coverage_Status=COVERED_ZERO_POSITIVE | Research_Files=BUILD_START_1776_EAST_ASIA_SE_ASIA_RESEARCH.md | CURRENT_SOURCE=common/history/buildings/11_east_asia.txt:common/history/buildings/11_east_asia.txt:2362
SIA,STATE_MALAYA,building_banana_plantation,1,0,REMOVE,COVERED_OWNER_STATE_WITH_NO_FINAL_HISTORICAL_TARGET_FOR_THIS_BUILDING,NO,NO,COVERAGE_COMPLETE,Coverage_Status=COVERED_ZERO_POSITIVE | Research_Files=BUILD_START_1776_EAST_ASIA_SE_ASIA_RESEARCH.md | CURRENT_SOURCE=common/history/buildings/12_indonesia.txt:common/history/buildings/12_indonesia.txt:71
SIA,STATE_NAKHON_RATCHASIMA,building_livestock_ranch,1,0,REMOVE,COVERED_OWNER_STATE_WITH_NO_FINAL_HISTORICAL_TARGET_FOR_THIS_BUILDING,NO,NO,COVERAGE_COMPLETE,Coverage_Status=COVERED_ZERO_POSITIVE | Research_Files=BUILD_START_1776_EAST_ASIA_SE_ASIA_RESEARCH.md | CURRENT_SOURCE=common/history/buildings/11_east_asia.txt:common/history/buildings/11_east_asia.txt:2424
SIA,STATE_NAKHON_RATCHASIMA,building_rice_farm,1,0,REMOVE,COVERED_OWNER_STATE_WITH_NO_FINAL_HISTORICAL_TARGET_FOR_THIS_BUILDING,NO,NO,COVERAGE_COMPLETE,Coverage_Status=COVERED_ZERO_POSITIVE | Research_Files=BUILD_START_1776_EAST_ASIA_SE_ASIA_RESEARCH.md | CURRENT_SOURCE=common/history/buildings/11_east_asia.txt:common/history/buildings/11_east_asia.txt:2411
SIA,STATE_NAKHON_RATCHASIMA,building_tobacco_plantation,1,0,REMOVE,COVERED_OWNER_STATE_WITH_NO_FINAL_HISTORICAL_TARGET_FOR_THIS_BUILDING,NO,NO,COVERAGE_COMPLETE,Coverage_Status=COVERED_ZERO_POSITIVE | Research_Files=BUILD_START_1776_EAST_ASIA_SE_ASIA_RESEARCH.md | CURRENT_SOURCE=common/history/buildings/11_east_asia.txt:common/history/buildings/11_east_asia.txt:2437
SIC,STATE_ABRUZZO,building_furniture_manufactory,1,0,REMOVE,COVERED_OWNER_STATE_WITH_NO_FINAL_HISTORICAL_TARGET_FOR_THIS_BUILDING,NO,NO,COVERAGE_COMPLETE,Coverage_Status=COVERED_POSITIVE | Research_Files=BUILD_START_1776_CENTRAL_EUROPE_GERMAN_ITALY_RESEARCH.csv | CURRENT_SOURCE=common/history/buildings/01_south_europe.txt:common/history/buildings/01_south_europe.txt:1174
SIC,STATE_ABRUZZO,building_logging_camp,3,0,REMOVE,COVERED_OWNER_STATE_WITH_NO_FINAL_HISTORICAL_TARGET_FOR_THIS_BUILDING,NO,NO,COVERAGE_COMPLETE,Coverage_Status=COVERED_POSITIVE | Research_Files=BUILD_START_1776_CENTRAL_EUROPE_GERMAN_ITALY_RESEARCH.csv | CURRENT_SOURCE=common/history/buildings/01_south_europe.txt:common/history/buildings/01_south_europe.txt:1200
SIC,STATE_ABRUZZO,building_vineyard,1,0,REMOVE,COVERED_OWNER_STATE_WITH_NO_FINAL_HISTORICAL_TARGET_FOR_THIS_BUILDING,NO,NO,COVERAGE_COMPLETE,Coverage_Status=COVERED_POSITIVE | Research_Files=BUILD_START_1776_CENTRAL_EUROPE_GERMAN_ITALY_RESEARCH.csv | CURRENT_SOURCE=common/history/buildings/01_south_europe.txt:common/history/buildings/01_south_europe.txt:1187
SIC,STATE_APULIA,building_fishing_wharf,5,0,REMOVE,COVERED_OWNER_STATE_WITH_NO_FINAL_HISTORICAL_TARGET_FOR_THIS_BUILDING,NO,NO,COVERAGE_COMPLETE,Coverage_Status=COVERED_POSITIVE | Research_Files=BUILD_START_1776_CENTRAL_EUROPE_GERMAN_ITALY_RESEARCH.csv | CURRENT_SOURCE=common/history/buildings/01_south_europe.txt:common/history/buildings/01_south_europe.txt:1157
SIC,STATE_APULIA,building_vineyard,1,0,REMOVE,COVERED_OWNER_STATE_WITH_NO_FINAL_HISTORICAL_TARGET_FOR_THIS_BUILDING,NO,NO,COVERAGE_COMPLETE,Coverage_Status=COVERED_POSITIVE | Research_Files=BUILD_START_1776_CENTRAL_EUROPE_GERMAN_ITALY_RESEARCH.csv | CURRENT_SOURCE=common/history/buildings/01_south_europe.txt:common/history/buildings/01_south_europe.txt:1131
SIC,STATE_CALABRIA,building_fishing_wharf,5,0,REMOVE,COVERED_OWNER_STATE_WITH_NO_FINAL_HISTORICAL_TARGET_FOR_THIS_BUILDING,NO,NO,COVERAGE_COMPLETE,Coverage_Status=COVERED_POSITIVE | Research_Files=BUILD_START_1776_CENTRAL_EUROPE_GERMAN_ITALY_RESEARCH.csv | CURRENT_SOURCE=common/history/buildings/01_south_europe.txt:common/history/buildings/01_south_europe.txt:1077
SIC,STATE_CALABRIA,building_food_industry,1,0,REMOVE,COVERED_OWNER_STATE_WITH_NO_FINAL_HISTORICAL_TARGET_FOR_THIS_BUILDING,NO,NO,COVERAGE_COMPLETE,Coverage_Status=COVERED_POSITIVE | Research_Files=BUILD_START_1776_CENTRAL_EUROPE_GERMAN_ITALY_RESEARCH.csv | CURRENT_SOURCE=common/history/buildings/01_south_europe.txt:common/history/buildings/01_south_europe.txt:1012
SIC,STATE_CALABRIA,building_iron_mine,2,0,REMOVE,COVERED_OWNER_STATE_WITH_NO_FINAL_HISTORICAL_TARGET_FOR_THIS_BUILDING,NO,NO,COVERAGE_COMPLETE,Coverage_Status=COVERED_POSITIVE | Research_Files=BUILD_START_1776_CENTRAL_EUROPE_GERMAN_ITALY_RESEARCH.csv | CURRENT_SOURCE=common/history/buildings/01_south_europe.txt:common/history/buildings/01_south_europe.txt:1025
SIC,STATE_CALABRIA,building_livestock_ranch,3,0,REMOVE,COVERED_OWNER_STATE_WITH_NO_FINAL_HISTORICAL_TARGET_FOR_THIS_BUILDING,NO,NO,COVERAGE_COMPLETE,Coverage_Status=COVERED_POSITIVE | Research_Files=BUILD_START_1776_CENTRAL_EUROPE_GERMAN_ITALY_RESEARCH.csv | CURRENT_SOURCE=common/history/buildings/01_south_europe.txt:common/history/buildings/01_south_europe.txt:1090
SIC,STATE_CALABRIA,building_port,1,0,REMOVE,COVERED_OWNER_STATE_WITH_NO_FINAL_HISTORICAL_TARGET_FOR_THIS_BUILDING,NO,NO,COVERAGE_COMPLETE,Coverage_Status=COVERED_POSITIVE | Research_Files=BUILD_START_1776_CENTRAL_EUROPE_GERMAN_ITALY_RESEARCH.csv | CURRENT_SOURCE=common/history/buildings/01_south_europe.txt:common/history/buildings/01_south_europe.txt:1103
SIC,STATE_CALABRIA,building_sugar_plantation,1,0,REMOVE,COVERED_OWNER_STATE_WITH_NO_FINAL_HISTORICAL_TARGET_FOR_THIS_BUILDING,NO,NO,COVERAGE_COMPLETE,Coverage_Status=COVERED_POSITIVE | Research_Files=BUILD_START_1776_CENTRAL_EUROPE_GERMAN_ITALY_RESEARCH.csv | CURRENT_SOURCE=common/history/buildings/01_south_europe.txt:common/history/buildings/01_south_europe.txt:1051
SIC,STATE_CALABRIA,building_vineyard,1,0,REMOVE,COVERED_OWNER_STATE_WITH_NO_FINAL_HISTORICAL_TARGET_FOR_THIS_BUILDING,NO,NO,COVERAGE_COMPLETE,Coverage_Status=COVERED_POSITIVE | Research_Files=BUILD_START_1776_CENTRAL_EUROPE_GERMAN_ITALY_RESEARCH.csv | CURRENT_SOURCE=common/history/buildings/01_south_europe.txt:common/history/buildings/01_south_europe.txt:1038
SIC,STATE_CALABRIA,building_wheat_farm,3,0,REMOVE,COVERED_OWNER_STATE_WITH_NO_FINAL_HISTORICAL_TARGET_FOR_THIS_BUILDING,NO,NO,COVERAGE_COMPLETE,Coverage_Status=COVERED_POSITIVE | Research_Files=BUILD_START_1776_CENTRAL_EUROPE_GERMAN_ITALY_RESEARCH.csv | CURRENT_SOURCE=common/history/buildings/01_south_europe.txt:common/history/buildings/01_south_europe.txt:1064
SIC,STATE_CAMPANIA,building_construction_sector,2,0,REMOVE,COVERED_OWNER_STATE_WITH_NO_FINAL_HISTORICAL_TARGET_FOR_THIS_BUILDING,NO,NO,COVERAGE_COMPLETE,Coverage_Status=COVERED_POSITIVE | Research_Files=BUILD_START_1776_CENTRAL_EUROPE_GERMAN_ITALY_RESEARCH.csv;BUILD_START_1776_CENTRAL_EUROPE_GERMAN_ITALY_RESEARCH.md | CURRENT_SOURCE=common/history/buildings/01_south_europe.txt:common/history/buildings/01_south_europe.txt:839
SIC,STATE_CAMPANIA,building_glassworks,1,0,REMOVE,COVERED_OWNER_STATE_WITH_NO_FINAL_HISTORICAL_TARGET_FOR_THIS_BUILDING,NO,NO,COVERAGE_COMPLETE,Coverage_Status=COVERED_POSITIVE | Research_Files=BUILD_START_1776_CENTRAL_EUROPE_GERMAN_ITALY_RESEARCH.csv;BUILD_START_1776_CENTRAL_EUROPE_GERMAN_ITALY_RESEARCH.md | CURRENT_SOURCE=common/history/buildings/01_south_europe.txt:common/history/buildings/01_south_europe.txt:850
SIC,STATE_CAMPANIA,building_livestock_ranch,5,0,REMOVE,COVERED_OWNER_STATE_WITH_NO_FINAL_HISTORICAL_TARGET_FOR_THIS_BUILDING,NO,NO,COVERAGE_COMPLETE,Coverage_Status=COVERED_POSITIVE | Research_Files=BUILD_START_1776_CENTRAL_EUROPE_GERMAN_ITALY_RESEARCH.csv;BUILD_START_1776_CENTRAL_EUROPE_GERMAN_ITALY_RESEARCH.md | CURRENT_SOURCE=common/history/buildings/01_south_europe.txt:common/history/buildings/01_south_europe.txt:938
SIC,STATE_CAMPANIA,building_logging_camp,2,0,REMOVE,COVERED_OWNER_STATE_WITH_NO_FINAL_HISTORICAL_TARGET_FOR_THIS_BUILDING,NO,NO,COVERAGE_COMPLETE,Coverage_Status=COVERED_POSITIVE | Research_Files=BUILD_START_1776_CENTRAL_EUROPE_GERMAN_ITALY_RESEARCH.csv;BUILD_START_1776_CENTRAL_EUROPE_GERMAN_ITALY_RESEARCH.md | CURRENT_SOURCE=common/history/buildings/01_south_europe.txt:common/history/buildings/01_south_europe.txt:951
SIC,STATE_CAMPANIA,building_paper_mill,1,0,REMOVE,COVERED_OWNER_STATE_WITH_NO_FINAL_HISTORICAL_TARGET_FOR_THIS_BUILDING,NO,NO,COVERAGE_COMPLETE,Coverage_Status=COVERED_POSITIVE | Research_Files=BUILD_START_1776_CENTRAL_EUROPE_GERMAN_ITALY_RESEARCH.csv;BUILD_START_1776_CENTRAL_EUROPE_GERMAN_ITALY_RESEARCH.md | CURRENT_SOURCE=common/history/buildings/01_south_europe.txt:common/history/buildings/01_south_europe.txt:997
SIC,STATE_CAMPANIA,building_silk_plantation,2,0,REMOVE,COVERED_OWNER_STATE_WITH_NO_FINAL_HISTORICAL_TARGET_FOR_THIS_BUILDING,NO,NO,COVERAGE_COMPLETE,Coverage_Status=COVERED_POSITIVE | Research_Files=BUILD_START_1776_CENTRAL_EUROPE_GERMAN_ITALY_RESEARCH.csv;BUILD_START_1776_CENTRAL_EUROPE_GERMAN_ITALY_RESEARCH.md | CURRENT_SOURCE=common/history/buildings/01_south_europe.txt:common/history/buildings/01_south_europe.txt:912
SIC,STATE_CAMPANIA,building_tooling_workshop,3,0,REMOVE,COVERED_OWNER_STATE_WITH_NO_FINAL_HISTORICAL_TARGET_FOR_THIS_BUILDING,NO,NO,COVERAGE_COMPLETE,Coverage_Status=COVERED_POSITIVE | Research_Files=BUILD_START_1776_CENTRAL_EUROPE_GERMAN_ITALY_RESEARCH.csv;BUILD_START_1776_CENTRAL_EUROPE_GERMAN_ITALY_RESEARCH.md | CURRENT_SOURCE=common/history/buildings/01_south_europe.txt:common/history/buildings/01_south_europe.txt:863
SIC,STATE_CAMPANIA,building_vineyard,2,0,REMOVE,COVERED_OWNER_STATE_WITH_NO_FINAL_HISTORICAL_TARGET_FOR_THIS_BUILDING,NO,NO,COVERAGE_COMPLETE,Coverage_Status=COVERED_POSITIVE | Research_Files=BUILD_START_1776_CENTRAL_EUROPE_GERMAN_ITALY_RESEARCH.csv;BUILD_START_1776_CENTRAL_EUROPE_GERMAN_ITALY_RESEARCH.md | CURRENT_SOURCE=common/history/buildings/01_south_europe.txt:common/history/buildings/01_south_europe.txt:801
SIC,STATE_CAMPANIA,building_wheat_farm,10,0,REMOVE,COVERED_OWNER_STATE_WITH_NO_FINAL_HISTORICAL_TARGET_FOR_THIS_BUILDING,NO,NO,COVERAGE_COMPLETE,Coverage_Status=COVERED_POSITIVE | Research_Files=BUILD_START_1776_CENTRAL_EUROPE_GERMAN_ITALY_RESEARCH.csv;BUILD_START_1776_CENTRAL_EUROPE_GERMAN_ITALY_RESEARCH.md | CURRENT_SOURCE=common/history/buildings/01_south_europe.txt:common/history/buildings/01_south_europe.txt:925
SIL,STATE_GOLD_COAST,building_banana_plantation,1,0,REMOVE,COVERED_OWNER_STATE_WITH_NO_FINAL_HISTORICAL_TARGET_FOR_THIS_BUILDING,NO,NO,COVERAGE_COMPLETE,Coverage_Status=COVERED_ZERO_POSITIVE | Research_Files=BUILD_START_1776_SUPPLEMENTAL_OWNER_STATE_COVERAGE_CORRIGE.csv | CURRENT_SOURCE=common/history/buildings/04_subsaharan_africa.txt:common/history/buildings/04_subsaharan_africa.txt:595
SIL,STATE_GOLD_COAST,building_coffee_plantation,1,0,REMOVE,COVERED_OWNER_STATE_WITH_NO_FINAL_HISTORICAL_TARGET_FOR_THIS_BUILDING,NO,NO,COVERAGE_COMPLETE,Coverage_Status=COVERED_ZERO_POSITIVE | Research_Files=BUILD_START_1776_SUPPLEMENTAL_OWNER_STATE_COVERAGE_CORRIGE.csv | CURRENT_SOURCE=common/history/buildings/04_subsaharan_africa.txt:common/history/buildings/04_subsaharan_africa.txt:606
SIL,STATE_GOLD_COAST,building_port,1,0,REMOVE,COVERED_OWNER_STATE_WITH_NO_FINAL_HISTORICAL_TARGET_FOR_THIS_BUILDING,NO,NO,COVERAGE_COMPLETE,Coverage_Status=COVERED_ZERO_POSITIVE | Research_Files=BUILD_START_1776_SUPPLEMENTAL_OWNER_STATE_COVERAGE_CORRIGE.csv | CURRENT_SOURCE=common/history/buildings/04_subsaharan_africa.txt:common/history/buildings/04_subsaharan_africa.txt:584
SIL,STATE_SENEGAL,building_cotton_plantation,1,0,REMOVE,COVERED_OWNER_STATE_WITH_NO_FINAL_HISTORICAL_TARGET_FOR_THIS_BUILDING,NO,NO,COVERAGE_COMPLETE,Coverage_Status=COVERED_ZERO_POSITIVE | Research_Files=BUILD_START_1776_SUPPLEMENTAL_OWNER_STATE_COVERAGE_CORRIGE.csv | CURRENT_SOURCE=common/history/buildings/04_subsaharan_africa.txt:common/history/buildings/04_subsaharan_africa.txt:46
SIL,STATE_SENEGAL,building_fishing_wharf,1,0,REMOVE,COVERED_OWNER_STATE_WITH_NO_FINAL_HISTORICAL_TARGET_FOR_THIS_BUILDING,NO,NO,COVERAGE_COMPLETE,Coverage_Status=COVERED_ZERO_POSITIVE | Research_Files=BUILD_START_1776_SUPPLEMENTAL_OWNER_STATE_COVERAGE_CORRIGE.csv | CURRENT_SOURCE=common/history/buildings/04_subsaharan_africa.txt:common/history/buildings/04_subsaharan_africa.txt:79
SIL,STATE_SENEGAL,building_iron_mine,2,0,REMOVE,COVERED_OWNER_STATE_WITH_NO_FINAL_HISTORICAL_TARGET_FOR_THIS_BUILDING,NO,NO,COVERAGE_COMPLETE,Coverage_Status=COVERED_ZERO_POSITIVE | Research_Files=BUILD_START_1776_SUPPLEMENTAL_OWNER_STATE_COVERAGE_CORRIGE.csv | CURRENT_SOURCE=common/history/buildings/04_subsaharan_africa.txt:common/history/buildings/04_subsaharan_africa.txt:57
SIL,STATE_SENEGAL,building_livestock_ranch,1,0,REMOVE,COVERED_OWNER_STATE_WITH_NO_FINAL_HISTORICAL_TARGET_FOR_THIS_BUILDING,NO,NO,COVERAGE_COMPLETE,Coverage_Status=COVERED_ZERO_POSITIVE | Research_Files=BUILD_START_1776_SUPPLEMENTAL_OWNER_STATE_COVERAGE_CORRIGE.csv | CURRENT_SOURCE=common/history/buildings/04_subsaharan_africa.txt:common/history/buildings/04_subsaharan_africa.txt:90
SIL,STATE_SENEGAL,building_port,1,0,REMOVE,COVERED_OWNER_STATE_WITH_NO_FINAL_HISTORICAL_TARGET_FOR_THIS_BUILDING,NO,NO,COVERAGE_COMPLETE,Coverage_Status=COVERED_ZERO_POSITIVE | Research_Files=BUILD_START_1776_SUPPLEMENTAL_OWNER_STATE_COVERAGE_CORRIGE.csv | CURRENT_SOURCE=common/history/buildings/04_subsaharan_africa.txt:common/history/buildings/04_subsaharan_africa.txt:68
SIL,STATE_SIERRA_LEONE,building_iron_mine,1,0,REMOVE,COVERED_OWNER_STATE_WITH_NO_FINAL_HISTORICAL_TARGET_FOR_THIS_BUILDING,NO,NO,COVERAGE_COMPLETE,Coverage_Status=COVERED_ZERO_POSITIVE | Research_Files=BUILD_START_1776_SUPPLEMENTAL_OWNER_STATE_COVERAGE_CORRIGE.csv | CURRENT_SOURCE=common/history/buildings/04_subsaharan_africa.txt:common/history/buildings/04_subsaharan_africa.txt:135
SIL,STATE_SIERRA_LEONE,building_logging_camp,1,0,REMOVE,COVERED_OWNER_STATE_WITH_NO_FINAL_HISTORICAL_TARGET_FOR_THIS_BUILDING,NO,NO,COVERAGE_COMPLETE,Coverage_Status=COVERED_ZERO_POSITIVE | Research_Files=BUILD_START_1776_SUPPLEMENTAL_OWNER_STATE_COVERAGE_CORRIGE.csv | CURRENT_SOURCE=common/history/buildings/04_subsaharan_africa.txt:common/history/buildings/04_subsaharan_africa.txt:124
SIL,STATE_SIERRA_LEONE,building_millet_farm,2,0,REMOVE,COVERED_OWNER_STATE_WITH_NO_FINAL_HISTORICAL_TARGET_FOR_THIS_BUILDING,NO,NO,COVERAGE_COMPLETE,Coverage_Status=COVERED_ZERO_POSITIVE | Research_Files=BUILD_START_1776_SUPPLEMENTAL_OWNER_STATE_COVERAGE_CORRIGE.csv | CURRENT_SOURCE=common/history/buildings/04_subsaharan_africa.txt:common/history/buildings/04_subsaharan_africa.txt:146
SIL,STATE_SIERRA_LEONE,building_port,1,0,REMOVE,COVERED_OWNER_STATE_WITH_NO_FINAL_HISTORICAL_TARGET_FOR_THIS_BUILDING,NO,NO,COVERAGE_COMPLETE,Coverage_Status=COVERED_ZERO_POSITIVE | Research_Files=BUILD_START_1776_SUPPLEMENTAL_OWNER_STATE_COVERAGE_CORRIGE.csv | CURRENT_SOURCE=common/history/buildings/04_subsaharan_africa.txt:common/history/buildings/04_subsaharan_africa.txt:159
SIL,STATE_SOUTH_CAMEROON,building_banana_plantation,2,0,REMOVE,COVERED_OWNER_STATE_WITH_NO_FINAL_HISTORICAL_TARGET_FOR_THIS_BUILDING,NO,NO,COVERAGE_COMPLETE,Coverage_Status=COVERED_ZERO_POSITIVE | Research_Files=BUILD_START_1776_SUPPLEMENTAL_OWNER_STATE_COVERAGE_CORRIGE.csv | CURRENT_SOURCE=common/history/buildings/04_subsaharan_africa.txt:common/history/buildings/04_subsaharan_africa.txt:1430
SIL,STATE_SOUTH_CAMEROON,building_port,1,0,REMOVE,COVERED_OWNER_STATE_WITH_NO_FINAL_HISTORICAL_TARGET_FOR_THIS_BUILDING,NO,NO,COVERAGE_COMPLETE,Coverage_Status=COVERED_ZERO_POSITIVE | Research_Files=BUILD_START_1776_SUPPLEMENTAL_OWNER_STATE_COVERAGE_CORRIGE.csv | CURRENT_SOURCE=common/history/buildings/04_subsaharan_africa.txt:common/history/buildings/04_subsaharan_africa.txt:1419
SIN,STATE_SINDH,building_fishing_wharf,1,0,REMOVE,COVERED_OWNER_STATE_WITH_NO_FINAL_HISTORICAL_TARGET_FOR_THIS_BUILDING,NO,NO,COVERAGE_COMPLETE,Coverage_Status=COVERED_POSITIVE | Research_Files=BUILD_START_1776_SOUTH_ASIA_RESEARCH.csv | CURRENT_SOURCE=common/history/buildings/10_india.txt:common/history/buildings/10_india.txt:1309
SIN,STATE_SINDH,building_livestock_ranch,1,0,REMOVE,COVERED_OWNER_STATE_WITH_NO_FINAL_HISTORICAL_TARGET_FOR_THIS_BUILDING,NO,NO,COVERAGE_COMPLETE,Coverage_Status=COVERED_POSITIVE | Research_Files=BUILD_START_1776_SOUTH_ASIA_RESEARCH.csv | CURRENT_SOURCE=common/history/buildings/10_india.txt:common/history/buildings/10_india.txt:1335
SIN,STATE_SINDH,building_wheat_farm,1,0,REMOVE,COVERED_OWNER_STATE_WITH_NO_FINAL_HISTORICAL_TARGET_FOR_THIS_BUILDING,NO,NO,COVERAGE_COMPLETE,Coverage_Status=COVERED_POSITIVE | Research_Files=BUILD_START_1776_SOUTH_ASIA_RESEARCH.csv | CURRENT_SOURCE=common/history/buildings/10_india.txt:common/history/buildings/10_india.txt:1322
SLW,STATE_CELEBES,building_spice_plantation,1,0,REMOVE,COVERED_OWNER_STATE_WITH_NO_FINAL_HISTORICAL_TARGET_FOR_THIS_BUILDING,NO,NO,COVERAGE_COMPLETE,Coverage_Status=COVERED_ZERO_POSITIVE | Research_Files=BUILD_START_1776_EAST_ASIA_SE_ASIA_RESEARCH.md | CURRENT_SOURCE=common/history/buildings/99_tech6a3_spice_plantations.txt:common/history/buildings/99_tech6a3_spice_plantations.txt:134
SOK,STATE_EAST_HAUSALAND,building_barrack,20,0,REMOVE,COVERED_OWNER_STATE_WITH_NO_FINAL_HISTORICAL_TARGET_FOR_THIS_BUILDING,NO,NO,COVERAGE_COMPLETE,Coverage_Status=COVERED_ZERO_POSITIVE | Research_Files=BUILD_START_1776_SUPPLEMENTAL_OWNER_STATE_COVERAGE_CORRIGE.csv | CURRENT_SOURCE=common/history/buildings/04_subsaharan_africa.txt:common/history/buildings/04_subsaharan_africa.txt:522
SOK,STATE_EAST_HAUSALAND,building_cotton_plantation,1,0,REMOVE,COVERED_OWNER_STATE_WITH_NO_FINAL_HISTORICAL_TARGET_FOR_THIS_BUILDING,NO,NO,COVERAGE_COMPLETE,Coverage_Status=COVERED_ZERO_POSITIVE | Research_Files=BUILD_START_1776_SUPPLEMENTAL_OWNER_STATE_COVERAGE_CORRIGE.csv | CURRENT_SOURCE=common/history/buildings/04_subsaharan_africa.txt:common/history/buildings/04_subsaharan_africa.txt:483
SOK,STATE_EAST_HAUSALAND,building_livestock_ranch,3,0,REMOVE,COVERED_OWNER_STATE_WITH_NO_FINAL_HISTORICAL_TARGET_FOR_THIS_BUILDING,NO,NO,COVERAGE_COMPLETE,Coverage_Status=COVERED_ZERO_POSITIVE | Research_Files=BUILD_START_1776_SUPPLEMENTAL_OWNER_STATE_COVERAGE_CORRIGE.csv | CURRENT_SOURCE=common/history/buildings/04_subsaharan_africa.txt:common/history/buildings/04_subsaharan_africa.txt:509
SOK,STATE_EAST_HAUSALAND,building_millet_farm,2,0,REMOVE,COVERED_OWNER_STATE_WITH_NO_FINAL_HISTORICAL_TARGET_FOR_THIS_BUILDING,NO,NO,COVERAGE_COMPLETE,Coverage_Status=COVERED_ZERO_POSITIVE | Research_Files=BUILD_START_1776_SUPPLEMENTAL_OWNER_STATE_COVERAGE_CORRIGE.csv | CURRENT_SOURCE=common/history/buildings/04_subsaharan_africa.txt:common/history/buildings/04_subsaharan_africa.txt:496
SOK,STATE_EAST_HAUSALAND,building_tobacco_plantation,4,0,REMOVE,COVERED_OWNER_STATE_WITH_NO_FINAL_HISTORICAL_TARGET_FOR_THIS_BUILDING,NO,NO,COVERAGE_COMPLETE,Coverage_Status=COVERED_ZERO_POSITIVE | Research_Files=BUILD_START_1776_SUPPLEMENTAL_OWNER_STATE_COVERAGE_CORRIGE.csv | CURRENT_SOURCE=common/history/buildings/04_subsaharan_africa.txt:common/history/buildings/04_subsaharan_africa.txt:470
SOK,STATE_HAUSALAND,building_barrack,20,0,REMOVE,COVERED_OWNER_STATE_WITH_NO_FINAL_HISTORICAL_TARGET_FOR_THIS_BUILDING,NO,NO,COVERAGE_COMPLETE,Coverage_Status=COVERED_ZERO_POSITIVE | Research_Files=BUILD_START_1776_SUPPLEMENTAL_OWNER_STATE_COVERAGE_CORRIGE.csv | CURRENT_SOURCE=common/history/buildings/04_subsaharan_africa.txt:common/history/buildings/04_subsaharan_africa.txt:247
SOK,STATE_HAUSALAND,building_government_administration,5,0,REMOVE,COVERED_OWNER_STATE_WITH_NO_FINAL_HISTORICAL_TARGET_FOR_THIS_BUILDING,NO,NO,COVERAGE_COMPLETE,Coverage_Status=COVERED_ZERO_POSITIVE | Research_Files=BUILD_START_1776_SUPPLEMENTAL_OWNER_STATE_COVERAGE_CORRIGE.csv | CURRENT_SOURCE=common/history/buildings/04_subsaharan_africa.txt:common/history/buildings/04_subsaharan_africa.txt:184
SOK,STATE_HAUSALAND,building_livestock_ranch,2,0,REMOVE,COVERED_OWNER_STATE_WITH_NO_FINAL_HISTORICAL_TARGET_FOR_THIS_BUILDING,NO,NO,COVERAGE_COMPLETE,Coverage_Status=COVERED_ZERO_POSITIVE | Research_Files=BUILD_START_1776_SUPPLEMENTAL_OWNER_STATE_COVERAGE_CORRIGE.csv | CURRENT_SOURCE=common/history/buildings/04_subsaharan_africa.txt:common/history/buildings/04_subsaharan_africa.txt:234
SOK,STATE_HAUSALAND,building_millet_farm,2,0,REMOVE,COVERED_OWNER_STATE_WITH_NO_FINAL_HISTORICAL_TARGET_FOR_THIS_BUILDING,NO,NO,COVERAGE_COMPLETE,Coverage_Status=COVERED_ZERO_POSITIVE | Research_Files=BUILD_START_1776_SUPPLEMENTAL_OWNER_STATE_COVERAGE_CORRIGE.csv | CURRENT_SOURCE=common/history/buildings/04_subsaharan_africa.txt:common/history/buildings/04_subsaharan_africa.txt:221
SOK,STATE_HAUSALAND,building_textile_mill,1,0,REMOVE,COVERED_OWNER_STATE_WITH_NO_FINAL_HISTORICAL_TARGET_FOR_THIS_BUILDING,NO,NO,COVERAGE_COMPLETE,Coverage_Status=COVERED_ZERO_POSITIVE | Research_Files=BUILD_START_1776_SUPPLEMENTAL_OWNER_STATE_COVERAGE_CORRIGE.csv | CURRENT_SOURCE=common/history/buildings/04_subsaharan_africa.txt:common/history/buildings/04_subsaharan_africa.txt:195
SOK,STATE_HAUSALAND,building_tobacco_plantation,2,0,REMOVE,COVERED_OWNER_STATE_WITH_NO_FINAL_HISTORICAL_TARGET_FOR_THIS_BUILDING,NO,NO,COVERAGE_COMPLETE,Coverage_Status=COVERED_ZERO_POSITIVE | Research_Files=BUILD_START_1776_SUPPLEMENTAL_OWNER_STATE_COVERAGE_CORRIGE.csv | CURRENT_SOURCE=common/history/buildings/04_subsaharan_africa.txt:common/history/buildings/04_subsaharan_africa.txt:208
SOK,STATE_NIGERIA,building_barrack,15,0,REMOVE,COVERED_OWNER_STATE_WITH_NO_FINAL_HISTORICAL_TARGET_FOR_THIS_BUILDING,NO,NO,COVERAGE_COMPLETE,Coverage_Status=COVERED_ZERO_POSITIVE | Research_Files=BUILD_START_1776_SUPPLEMENTAL_OWNER_STATE_COVERAGE_CORRIGE.csv | CURRENT_SOURCE=common/history/buildings/04_subsaharan_africa.txt:common/history/buildings/04_subsaharan_africa.txt:455
SOK,STATE_NIGERIA,building_coffee_plantation,2,0,REMOVE,COVERED_OWNER_STATE_WITH_NO_FINAL_HISTORICAL_TARGET_FOR_THIS_BUILDING,NO,NO,COVERAGE_COMPLETE,Coverage_Status=COVERED_ZERO_POSITIVE | Research_Files=BUILD_START_1776_SUPPLEMENTAL_OWNER_STATE_COVERAGE_CORRIGE.csv | CURRENT_SOURCE=common/history/buildings/04_subsaharan_africa.txt:common/history/buildings/04_subsaharan_africa.txt:442
SOK,STATE_NIGERIA,building_millet_farm,2,0,REMOVE,COVERED_OWNER_STATE_WITH_NO_FINAL_HISTORICAL_TARGET_FOR_THIS_BUILDING,NO,NO,COVERAGE_COMPLETE,Coverage_Status=COVERED_ZERO_POSITIVE | Research_Files=BUILD_START_1776_SUPPLEMENTAL_OWNER_STATE_COVERAGE_CORRIGE.csv | CURRENT_SOURCE=common/history/buildings/04_subsaharan_africa.txt:common/history/buildings/04_subsaharan_africa.txt:429
SOK,STATE_NORTH_CAMEROON,building_barrack,10,0,REMOVE,COVERED_OWNER_STATE_WITH_NO_FINAL_HISTORICAL_TARGET_FOR_THIS_BUILDING,NO,NO,COVERAGE_COMPLETE,Coverage_Status=COVERED_ZERO_POSITIVE | Research_Files=BUILD_START_1776_SUPPLEMENTAL_OWNER_STATE_COVERAGE_CORRIGE.csv | CURRENT_SOURCE=common/history/buildings/04_subsaharan_africa.txt:common/history/buildings/04_subsaharan_africa.txt:1402
SOK,STATE_NORTH_CAMEROON,building_millet_farm,1,0,REMOVE,COVERED_OWNER_STATE_WITH_NO_FINAL_HISTORICAL_TARGET_FOR_THIS_BUILDING,NO,NO,COVERAGE_COMPLETE,Coverage_Status=COVERED_ZERO_POSITIVE | Research_Files=BUILD_START_1776_SUPPLEMENTAL_OWNER_STATE_COVERAGE_CORRIGE.csv | CURRENT_SOURCE=common/history/buildings/04_subsaharan_africa.txt:common/history/buildings/04_subsaharan_africa.txt:1389
SOK,STATE_OUTER_HAUSALAND,building_barrack,5,0,REMOVE,COVERED_OWNER_STATE_WITH_NO_FINAL_HISTORICAL_TARGET_FOR_THIS_BUILDING,NO,NO,COVERAGE_COMPLETE,Coverage_Status=COVERED_ZERO_POSITIVE | Research_Files=BUILD_START_1776_SUPPLEMENTAL_OWNER_STATE_COVERAGE_CORRIGE.csv | CURRENT_SOURCE=common/history/buildings/04_subsaharan_africa.txt:common/history/buildings/04_subsaharan_africa.txt:354
SOK,STATE_OUTER_HAUSALAND,building_livestock_ranch,1,0,REMOVE,COVERED_OWNER_STATE_WITH_NO_FINAL_HISTORICAL_TARGET_FOR_THIS_BUILDING,NO,NO,COVERAGE_COMPLETE,Coverage_Status=COVERED_ZERO_POSITIVE | Research_Files=BUILD_START_1776_SUPPLEMENTAL_OWNER_STATE_COVERAGE_CORRIGE.csv | CURRENT_SOURCE=common/history/buildings/04_subsaharan_africa.txt:common/history/buildings/04_subsaharan_africa.txt:341
SPA,STATE_AL_RIF,building_wheat_farm,1,0,REMOVE,COVERED_OWNER_STATE_WITH_NO_FINAL_HISTORICAL_TARGET_FOR_THIS_BUILDING,NO,NO,COVERAGE_COMPLETE,Coverage_Status=COVERED_POSITIVE | Research_Files=BUILD_START_1776_R3_OWNER_STATE_COVERAGE.csv;BUILD_START_1776_R3_RECOMMENDATIONS.csv | CURRENT_SOURCE=common/history/buildings/03_north_africa.txt:common/history/buildings/03_north_africa.txt:417
SPA,STATE_ARAGON,building_government_administration,1,0,REMOVE,COVERED_OWNER_STATE_WITH_NO_FINAL_HISTORICAL_TARGET_FOR_THIS_BUILDING,NO,NO,COVERAGE_COMPLETE,Coverage_Status=COVERED_POSITIVE | Research_Files=BUILD_START_1776_WESTERN_EUROPE_RESEARCH.csv;BUILD_START_1776_WESTERN_EUROPE_RESEARCH.md | CURRENT_SOURCE=common/history/buildings/01_south_europe.txt:common/history/buildings/01_south_europe.txt:2732
SPA,STATE_ARAGON,building_logging_camp,2,0,REMOVE,COVERED_OWNER_STATE_WITH_NO_FINAL_HISTORICAL_TARGET_FOR_THIS_BUILDING,NO,NO,COVERAGE_COMPLETE,Coverage_Status=COVERED_POSITIVE | Research_Files=BUILD_START_1776_WESTERN_EUROPE_RESEARCH.csv;BUILD_START_1776_WESTERN_EUROPE_RESEARCH.md | CURRENT_SOURCE=common/history/buildings/01_south_europe.txt:common/history/buildings/01_south_europe.txt:2769
SPA,STATE_ARAGON,building_vineyard,1,0,REMOVE,COVERED_OWNER_STATE_WITH_NO_FINAL_HISTORICAL_TARGET_FOR_THIS_BUILDING,NO,NO,COVERAGE_COMPLETE,Coverage_Status=COVERED_POSITIVE | Research_Files=BUILD_START_1776_WESTERN_EUROPE_RESEARCH.csv;BUILD_START_1776_WESTERN_EUROPE_RESEARCH.md | CURRENT_SOURCE=common/history/buildings/01_south_europe.txt:common/history/buildings/01_south_europe.txt:2756
SPA,STATE_ASTURIAS,building_artillery_foundry,1,0,REMOVE,COVERED_OWNER_STATE_WITH_NO_FINAL_HISTORICAL_TARGET_FOR_THIS_BUILDING,NO,NO,COVERAGE_COMPLETE,Coverage_Status=COVERED_POSITIVE | Research_Files=BUILD_START_1776_WESTERN_EUROPE_RESEARCH.csv;BUILD_START_1776_WESTERN_EUROPE_RESEARCH.md | CURRENT_SOURCE=common/history/buildings/01_south_europe.txt:common/history/buildings/01_south_europe.txt:2453
SPA,STATE_ASTURIAS,building_coal_mine,1,0,REMOVE,COVERED_OWNER_STATE_WITH_NO_FINAL_HISTORICAL_TARGET_FOR_THIS_BUILDING,NO,NO,COVERAGE_COMPLETE,Coverage_Status=COVERED_POSITIVE | Research_Files=BUILD_START_1776_WESTERN_EUROPE_RESEARCH.csv;BUILD_START_1776_WESTERN_EUROPE_RESEARCH.md | CURRENT_SOURCE=common/history/buildings/01_south_europe.txt:common/history/buildings/01_south_europe.txt:2440
SPA,STATE_ASTURIAS,building_gold_mine,1,0,REMOVE,COVERED_OWNER_STATE_WITH_NO_FINAL_HISTORICAL_TARGET_FOR_THIS_BUILDING,NO,NO,COVERAGE_COMPLETE,Coverage_Status=COVERED_POSITIVE | Research_Files=BUILD_START_1776_WESTERN_EUROPE_RESEARCH.csv;BUILD_START_1776_WESTERN_EUROPE_RESEARCH.md | CURRENT_SOURCE=common/history/buildings/01_south_europe.txt:common/history/buildings/01_south_europe.txt:2378
SPA,STATE_ASTURIAS,building_government_administration,1,0,REMOVE,COVERED_OWNER_STATE_WITH_NO_FINAL_HISTORICAL_TARGET_FOR_THIS_BUILDING,NO,NO,COVERAGE_COMPLETE,Coverage_Status=COVERED_POSITIVE | Research_Files=BUILD_START_1776_WESTERN_EUROPE_RESEARCH.csv;BUILD_START_1776_WESTERN_EUROPE_RESEARCH.md | CURRENT_SOURCE=common/history/buildings/01_south_europe.txt:common/history/buildings/01_south_europe.txt:2367
SPA,STATE_ASTURIAS,building_port,4,0,REMOVE,COVERED_OWNER_STATE_WITH_NO_FINAL_HISTORICAL_TARGET_FOR_THIS_BUILDING,NO,NO,COVERAGE_COMPLETE,Coverage_Status=COVERED_POSITIVE | Research_Files=BUILD_START_1776_WESTERN_EUROPE_RESEARCH.csv;BUILD_START_1776_WESTERN_EUROPE_RESEARCH.md | CURRENT_SOURCE=common/history/buildings/01_south_europe.txt:common/history/buildings/01_south_europe.txt:2464
SPA,STATE_BALEARIC_ISLANDS,building_wheat_farm,1,0,REMOVE,COVERED_OWNER_STATE_WITH_NO_FINAL_HISTORICAL_TARGET_FOR_THIS_BUILDING,NO,NO,COVERAGE_COMPLETE,Coverage_Status=COVERED_POSITIVE | Research_Files=BUILD_START_1776_WESTERN_EUROPE_RESEARCH.csv;BUILD_START_1776_WESTERN_EUROPE_RESEARCH.md | CURRENT_SOURCE=common/history/buildings/01_south_europe.txt:common/history/buildings/01_south_europe.txt:3088
SPA,STATE_BASQUE_COUNTRY,building_fishing_wharf,1,0,REMOVE,COVERED_OWNER_STATE_WITH_NO_FINAL_HISTORICAL_TARGET_FOR_THIS_BUILDING,NO,NO,COVERAGE_COMPLETE,Coverage_Status=COVERED_POSITIVE | Research_Files=BUILD_START_1776_WESTERN_EUROPE_RESEARCH.csv;BUILD_START_1776_WESTERN_EUROPE_RESEARCH.md | CURRENT_SOURCE=common/history/buildings/01_south_europe.txt:common/history/buildings/01_south_europe.txt:2704
SPA,STATE_BASQUE_COUNTRY,building_government_administration,1,0,REMOVE,COVERED_OWNER_STATE_WITH_NO_FINAL_HISTORICAL_TARGET_FOR_THIS_BUILDING,NO,NO,COVERAGE_COMPLETE,Coverage_Status=COVERED_POSITIVE | Research_Files=BUILD_START_1776_WESTERN_EUROPE_RESEARCH.csv;BUILD_START_1776_WESTERN_EUROPE_RESEARCH.md | CURRENT_SOURCE=common/history/buildings/01_south_europe.txt:common/history/buildings/01_south_europe.txt:2586
SPA,STATE_BASQUE_COUNTRY,building_livestock_ranch,1,0,REMOVE,COVERED_OWNER_STATE_WITH_NO_FINAL_HISTORICAL_TARGET_FOR_THIS_BUILDING,NO,NO,COVERAGE_COMPLETE,Coverage_Status=COVERED_POSITIVE | Research_Files=BUILD_START_1776_WESTERN_EUROPE_RESEARCH.csv;BUILD_START_1776_WESTERN_EUROPE_RESEARCH.md | CURRENT_SOURCE=common/history/buildings/01_south_europe.txt:common/history/buildings/01_south_europe.txt:2672
SPA,STATE_BASQUE_COUNTRY,building_logging_camp,2,0,REMOVE,COVERED_OWNER_STATE_WITH_NO_FINAL_HISTORICAL_TARGET_FOR_THIS_BUILDING,NO,NO,COVERAGE_COMPLETE,Coverage_Status=COVERED_POSITIVE | Research_Files=BUILD_START_1776_WESTERN_EUROPE_RESEARCH.csv;BUILD_START_1776_WESTERN_EUROPE_RESEARCH.md | CURRENT_SOURCE=common/history/buildings/01_south_europe.txt:common/history/buildings/01_south_europe.txt:2685
SPA,STATE_BASQUE_COUNTRY,building_maize_farm,3,0,REMOVE,COVERED_OWNER_STATE_WITH_NO_FINAL_HISTORICAL_TARGET_FOR_THIS_BUILDING,NO,NO,COVERAGE_COMPLETE,Coverage_Status=COVERED_POSITIVE | Research_Files=BUILD_START_1776_WESTERN_EUROPE_RESEARCH.csv;BUILD_START_1776_WESTERN_EUROPE_RESEARCH.md | CURRENT_SOURCE=common/history/buildings/01_south_europe.txt:common/history/buildings/01_south_europe.txt:2623
SPA,STATE_CANARY_ISLANDS,building_dye_plantation,1,0,REMOVE,COVERED_OWNER_STATE_WITH_NO_FINAL_HISTORICAL_TARGET_FOR_THIS_BUILDING,NO,NO,COVERAGE_COMPLETE,Coverage_Status=COVERED_POSITIVE | Research_Files=BUILD_START_1776_WESTERN_EUROPE_RESEARCH.csv;BUILD_START_1776_WESTERN_EUROPE_RESEARCH.md | CURRENT_SOURCE=common/history/buildings/01_south_europe.txt:common/history/buildings/01_south_europe.txt:4308
SPA,STATE_CATALONIA,building_fishing_wharf,2,0,REMOVE,COVERED_OWNER_STATE_WITH_NO_FINAL_HISTORICAL_TARGET_FOR_THIS_BUILDING,NO,NO,COVERAGE_COMPLETE,Coverage_Status=COVERED_POSITIVE | Research_Files=BUILD_START_1776_WESTERN_EUROPE_RESEARCH.csv;BUILD_START_1776_WESTERN_EUROPE_RESEARCH.md | CURRENT_SOURCE=common/history/buildings/01_south_europe.txt:common/history/buildings/01_south_europe.txt:2964
SPA,STATE_CATALONIA,building_furniture_manufactory,1,0,REMOVE,COVERED_OWNER_STATE_WITH_NO_FINAL_HISTORICAL_TARGET_FOR_THIS_BUILDING,NO,NO,COVERAGE_COMPLETE,Coverage_Status=COVERED_POSITIVE | Research_Files=BUILD_START_1776_WESTERN_EUROPE_RESEARCH.csv;BUILD_START_1776_WESTERN_EUROPE_RESEARCH.md | CURRENT_SOURCE=common/history/buildings/01_south_europe.txt:common/history/buildings/01_south_europe.txt:2938
SPA,STATE_CATALONIA,building_government_administration,3,0,REMOVE,COVERED_OWNER_STATE_WITH_NO_FINAL_HISTORICAL_TARGET_FOR_THIS_BUILDING,NO,NO,COVERAGE_COMPLETE,Coverage_Status=COVERED_POSITIVE | Research_Files=BUILD_START_1776_WESTERN_EUROPE_RESEARCH.csv;BUILD_START_1776_WESTERN_EUROPE_RESEARCH.md | CURRENT_SOURCE=common/history/buildings/01_south_europe.txt:common/history/buildings/01_south_europe.txt:2884
SPA,STATE_CATALONIA,building_livestock_ranch,2,0,REMOVE,COVERED_OWNER_STATE_WITH_NO_FINAL_HISTORICAL_TARGET_FOR_THIS_BUILDING,NO,NO,COVERAGE_COMPLETE,Coverage_Status=COVERED_POSITIVE | Research_Files=BUILD_START_1776_WESTERN_EUROPE_RESEARCH.csv;BUILD_START_1776_WESTERN_EUROPE_RESEARCH.md | CURRENT_SOURCE=common/history/buildings/01_south_europe.txt:common/history/buildings/01_south_europe.txt:3003
SPA,STATE_CATALONIA,building_logging_camp,3,0,REMOVE,COVERED_OWNER_STATE_WITH_NO_FINAL_HISTORICAL_TARGET_FOR_THIS_BUILDING,NO,NO,COVERAGE_COMPLETE,Coverage_Status=COVERED_POSITIVE | Research_Files=BUILD_START_1776_WESTERN_EUROPE_RESEARCH.csv;BUILD_START_1776_WESTERN_EUROPE_RESEARCH.md | CURRENT_SOURCE=common/history/buildings/01_south_europe.txt:common/history/buildings/01_south_europe.txt:3052
SPA,STATE_CATALONIA,building_shipyard,1,0,REMOVE,COVERED_OWNER_STATE_WITH_NO_FINAL_HISTORICAL_TARGET_FOR_THIS_BUILDING,NO,NO,COVERAGE_COMPLETE,Coverage_Status=COVERED_POSITIVE | Research_Files=BUILD_START_1776_WESTERN_EUROPE_RESEARCH.csv;BUILD_START_1776_WESTERN_EUROPE_RESEARCH.md | CURRENT_SOURCE=common/history/buildings/01_south_europe.txt:common/history/buildings/01_south_europe.txt:2977
SPA,STATE_CATALONIA,building_wheat_farm,1,0,REMOVE,COVERED_OWNER_STATE_WITH_NO_FINAL_HISTORICAL_TARGET_FOR_THIS_BUILDING,NO,NO,COVERAGE_COMPLETE,Coverage_Status=COVERED_POSITIVE | Research_Files=BUILD_START_1776_WESTERN_EUROPE_RESEARCH.csv;BUILD_START_1776_WESTERN_EUROPE_RESEARCH.md | CURRENT_SOURCE=common/history/buildings/01_south_europe.txt:common/history/buildings/01_south_europe.txt:2990
SPA,STATE_EXTREMADURA,building_tobacco_plantation,1,0,REMOVE,COVERED_OWNER_STATE_WITH_NO_FINAL_HISTORICAL_TARGET_FOR_THIS_BUILDING,NO,NO,COVERAGE_COMPLETE,Coverage_Status=COVERED_POSITIVE | Research_Files=BUILD_START_1776_WESTERN_EUROPE_RESEARCH.csv;BUILD_START_1776_WESTERN_EUROPE_RESEARCH.md | CURRENT_SOURCE=common/history/buildings/01_south_europe.txt:common/history/buildings/01_south_europe.txt:3415
SPA,STATE_EXTREMADURA,building_vineyard,1,0,REMOVE,COVERED_OWNER_STATE_WITH_NO_FINAL_HISTORICAL_TARGET_FOR_THIS_BUILDING,NO,NO,COVERAGE_COMPLETE,Coverage_Status=COVERED_POSITIVE | Research_Files=BUILD_START_1776_WESTERN_EUROPE_RESEARCH.csv;BUILD_START_1776_WESTERN_EUROPE_RESEARCH.md | CURRENT_SOURCE=common/history/buildings/01_south_europe.txt:common/history/buildings/01_south_europe.txt:3389
SPA,STATE_GALICIA,building_government_administration,1,0,REMOVE,COVERED_OWNER_STATE_WITH_NO_FINAL_HISTORICAL_TARGET_FOR_THIS_BUILDING,NO,NO,COVERAGE_COMPLETE,Coverage_Status=COVERED_POSITIVE | Research_Files=BUILD_START_1776_WESTERN_EUROPE_RESEARCH.csv;BUILD_START_1776_WESTERN_EUROPE_RESEARCH.md | CURRENT_SOURCE=common/history/buildings/01_south_europe.txt:common/history/buildings/01_south_europe.txt:2244
SPA,STATE_GALICIA,building_logging_camp,3,0,REMOVE,COVERED_OWNER_STATE_WITH_NO_FINAL_HISTORICAL_TARGET_FOR_THIS_BUILDING,NO,NO,COVERAGE_COMPLETE,Coverage_Status=COVERED_POSITIVE | Research_Files=BUILD_START_1776_WESTERN_EUROPE_RESEARCH.csv;BUILD_START_1776_WESTERN_EUROPE_RESEARCH.md | CURRENT_SOURCE=common/history/buildings/01_south_europe.txt:common/history/buildings/01_south_europe.txt:2333
SPA,STATE_GALICIA,building_maize_farm,1,0,REMOVE,COVERED_OWNER_STATE_WITH_NO_FINAL_HISTORICAL_TARGET_FOR_THIS_BUILDING,NO,NO,COVERAGE_COMPLETE,Coverage_Status=COVERED_POSITIVE | Research_Files=BUILD_START_1776_WESTERN_EUROPE_RESEARCH.csv;BUILD_START_1776_WESTERN_EUROPE_RESEARCH.md | CURRENT_SOURCE=common/history/buildings/01_south_europe.txt:common/history/buildings/01_south_europe.txt:2255
SPA,STATE_GALICIA,building_vineyard,1,0,REMOVE,COVERED_OWNER_STATE_WITH_NO_FINAL_HISTORICAL_TARGET_FOR_THIS_BUILDING,NO,NO,COVERAGE_COMPLETE,Coverage_Status=COVERED_POSITIVE | Research_Files=BUILD_START_1776_WESTERN_EUROPE_RESEARCH.csv;BUILD_START_1776_WESTERN_EUROPE_RESEARCH.md | CURRENT_SOURCE=common/history/buildings/01_south_europe.txt:common/history/buildings/01_south_europe.txt:2266
SPA,STATE_LEON,building_government_administration,1,0,REMOVE,COVERED_OWNER_STATE_WITH_NO_FINAL_HISTORICAL_TARGET_FOR_THIS_BUILDING,NO,NO,COVERAGE_COMPLETE,Coverage_Status=COVERED_POSITIVE | Research_Files=BUILD_START_1776_WESTERN_EUROPE_RESEARCH.csv;BUILD_START_1776_WESTERN_EUROPE_RESEARCH.md | CURRENT_SOURCE=common/history/buildings/01_south_europe.txt:common/history/buildings/01_south_europe.txt:2805
SPA,STATE_LEON,building_logging_camp,1,0,REMOVE,COVERED_OWNER_STATE_WITH_NO_FINAL_HISTORICAL_TARGET_FOR_THIS_BUILDING,NO,NO,COVERAGE_COMPLETE,Coverage_Status=COVERED_POSITIVE | Research_Files=BUILD_START_1776_WESTERN_EUROPE_RESEARCH.csv;BUILD_START_1776_WESTERN_EUROPE_RESEARCH.md | CURRENT_SOURCE=common/history/buildings/01_south_europe.txt:common/history/buildings/01_south_europe.txt:2867
SPA,STATE_LEON,building_vineyard,1,0,REMOVE,COVERED_OWNER_STATE_WITH_NO_FINAL_HISTORICAL_TARGET_FOR_THIS_BUILDING,NO,NO,COVERAGE_COMPLETE,Coverage_Status=COVERED_POSITIVE | Research_Files=BUILD_START_1776_WESTERN_EUROPE_RESEARCH.csv;BUILD_START_1776_WESTERN_EUROPE_RESEARCH.md | CURRENT_SOURCE=common/history/buildings/01_south_europe.txt:common/history/buildings/01_south_europe.txt:2835
SPA,STATE_LOWER_ANDALUSIA,building_government_administration,2,0,REMOVE,COVERED_OWNER_STATE_WITH_NO_FINAL_HISTORICAL_TARGET_FOR_THIS_BUILDING,NO,NO,COVERAGE_COMPLETE,Coverage_Status=COVERED_POSITIVE | Research_Files=BUILD_START_1776_WESTERN_EUROPE_RESEARCH.csv;BUILD_START_1776_WESTERN_EUROPE_RESEARCH.md | CURRENT_SOURCE=common/history/buildings/01_south_europe.txt:common/history/buildings/01_south_europe.txt:3155
SPA,STATE_LOWER_ANDALUSIA,building_livestock_ranch,2,0,REMOVE,COVERED_OWNER_STATE_WITH_NO_FINAL_HISTORICAL_TARGET_FOR_THIS_BUILDING,NO,NO,COVERAGE_COMPLETE,Coverage_Status=COVERED_POSITIVE | Research_Files=BUILD_START_1776_WESTERN_EUROPE_RESEARCH.csv;BUILD_START_1776_WESTERN_EUROPE_RESEARCH.md | CURRENT_SOURCE=common/history/buildings/01_south_europe.txt:common/history/buildings/01_south_europe.txt:3222
SPA,STATE_LOWER_ANDALUSIA,building_logging_camp,1,0,REMOVE,COVERED_OWNER_STATE_WITH_NO_FINAL_HISTORICAL_TARGET_FOR_THIS_BUILDING,NO,NO,COVERAGE_COMPLETE,Coverage_Status=COVERED_POSITIVE | Research_Files=BUILD_START_1776_WESTERN_EUROPE_RESEARCH.csv;BUILD_START_1776_WESTERN_EUROPE_RESEARCH.md | CURRENT_SOURCE=common/history/buildings/01_south_europe.txt:common/history/buildings/01_south_europe.txt:3235
SPA,STATE_MURCIA,building_fishing_wharf,1,0,REMOVE,COVERED_OWNER_STATE_WITH_NO_FINAL_HISTORICAL_TARGET_FOR_THIS_BUILDING,NO,NO,COVERAGE_COMPLETE,Coverage_Status=COVERED_POSITIVE | Research_Files=BUILD_START_1776_WESTERN_EUROPE_RESEARCH.csv;BUILD_START_1776_WESTERN_EUROPE_RESEARCH.md | CURRENT_SOURCE=common/history/buildings/01_south_europe.txt:common/history/buildings/01_south_europe.txt:3491
SPA,STATE_MURCIA,building_government_administration,1,0,REMOVE,COVERED_OWNER_STATE_WITH_NO_FINAL_HISTORICAL_TARGET_FOR_THIS_BUILDING,NO,NO,COVERAGE_COMPLETE,Coverage_Status=COVERED_POSITIVE | Research_Files=BUILD_START_1776_WESTERN_EUROPE_RESEARCH.csv;BUILD_START_1776_WESTERN_EUROPE_RESEARCH.md | CURRENT_SOURCE=common/history/buildings/01_south_europe.txt:common/history/buildings/01_south_europe.txt:3430
SPA,STATE_MURCIA,building_lead_mine,1,0,REMOVE,COVERED_OWNER_STATE_WITH_NO_FINAL_HISTORICAL_TARGET_FOR_THIS_BUILDING,NO,NO,COVERAGE_COMPLETE,Coverage_Status=COVERED_POSITIVE | Research_Files=BUILD_START_1776_WESTERN_EUROPE_RESEARCH.csv;BUILD_START_1776_WESTERN_EUROPE_RESEARCH.md | CURRENT_SOURCE=common/history/buildings/01_south_europe.txt:common/history/buildings/01_south_europe.txt:3478
SPA,STATE_MURCIA,building_livestock_ranch,1,0,REMOVE,COVERED_OWNER_STATE_WITH_NO_FINAL_HISTORICAL_TARGET_FOR_THIS_BUILDING,NO,NO,COVERAGE_COMPLETE,Coverage_Status=COVERED_POSITIVE | Research_Files=BUILD_START_1776_WESTERN_EUROPE_RESEARCH.csv;BUILD_START_1776_WESTERN_EUROPE_RESEARCH.md | CURRENT_SOURCE=common/history/buildings/01_south_europe.txt:common/history/buildings/01_south_europe.txt:3465
SPA,STATE_MURCIA,building_silk_plantation,1,0,REMOVE,COVERED_OWNER_STATE_WITH_NO_FINAL_HISTORICAL_TARGET_FOR_THIS_BUILDING,NO,NO,COVERAGE_COMPLETE,Coverage_Status=COVERED_POSITIVE | Research_Files=BUILD_START_1776_WESTERN_EUROPE_RESEARCH.csv;BUILD_START_1776_WESTERN_EUROPE_RESEARCH.md | CURRENT_SOURCE=common/history/buildings/01_south_europe.txt:common/history/buildings/01_south_europe.txt:3504
SPA,STATE_MURCIA,building_wheat_farm,1,0,REMOVE,COVERED_OWNER_STATE_WITH_NO_FINAL_HISTORICAL_TARGET_FOR_THIS_BUILDING,NO,NO,COVERAGE_COMPLETE,Coverage_Status=COVERED_POSITIVE | Research_Files=BUILD_START_1776_WESTERN_EUROPE_RESEARCH.csv;BUILD_START_1776_WESTERN_EUROPE_RESEARCH.md | CURRENT_SOURCE=common/history/buildings/01_south_europe.txt:common/history/buildings/01_south_europe.txt:3441
SPA,STATE_NEW_CASTILE,building_food_industry,2,0,REMOVE,COVERED_OWNER_STATE_WITH_NO_FINAL_HISTORICAL_TARGET_FOR_THIS_BUILDING,NO,NO,COVERAGE_COMPLETE,Coverage_Status=COVERED_POSITIVE | Research_Files=BUILD_START_1776_WESTERN_EUROPE_RESEARCH.csv;BUILD_START_1776_WESTERN_EUROPE_RESEARCH.md | CURRENT_SOURCE=common/history/buildings/01_south_europe.txt:common/history/buildings/01_south_europe.txt:2169
SPA,STATE_NEW_CASTILE,building_livestock_ranch,1,0,REMOVE,COVERED_OWNER_STATE_WITH_NO_FINAL_HISTORICAL_TARGET_FOR_THIS_BUILDING,NO,NO,COVERAGE_COMPLETE,Coverage_Status=COVERED_POSITIVE | Research_Files=BUILD_START_1776_WESTERN_EUROPE_RESEARCH.csv;BUILD_START_1776_WESTERN_EUROPE_RESEARCH.md | CURRENT_SOURCE=common/history/buildings/01_south_europe.txt:common/history/buildings/01_south_europe.txt:2216
SPA,STATE_NEW_CASTILE,building_paper_mill,1,0,REMOVE,COVERED_OWNER_STATE_WITH_NO_FINAL_HISTORICAL_TARGET_FOR_THIS_BUILDING,NO,NO,COVERAGE_COMPLETE,Coverage_Status=COVERED_POSITIVE | Research_Files=BUILD_START_1776_WESTERN_EUROPE_RESEARCH.csv;BUILD_START_1776_WESTERN_EUROPE_RESEARCH.md | CURRENT_SOURCE=common/history/buildings/01_south_europe.txt:common/history/buildings/01_south_europe.txt:2134
SPA,STATE_NEW_CASTILE,building_vineyard,4,0,REMOVE,COVERED_OWNER_STATE_WITH_NO_FINAL_HISTORICAL_TARGET_FOR_THIS_BUILDING,NO,NO,COVERAGE_COMPLETE,Coverage_Status=COVERED_POSITIVE | Research_Files=BUILD_START_1776_WESTERN_EUROPE_RESEARCH.csv;BUILD_START_1776_WESTERN_EUROPE_RESEARCH.md | CURRENT_SOURCE=common/history/buildings/01_south_europe.txt:common/history/buildings/01_south_europe.txt:2115
SPA,STATE_NEW_CASTILE,building_wheat_farm,2,0,REMOVE,COVERED_OWNER_STATE_WITH_NO_FINAL_HISTORICAL_TARGET_FOR_THIS_BUILDING,NO,NO,COVERAGE_COMPLETE,Coverage_Status=COVERED_POSITIVE | Research_Files=BUILD_START_1776_WESTERN_EUROPE_RESEARCH.csv;BUILD_START_1776_WESTERN_EUROPE_RESEARCH.md | CURRENT_SOURCE=common/history/buildings/01_south_europe.txt:common/history/buildings/01_south_europe.txt:2195
SPA,STATE_OLD_CASTILE,building_government_administration,1,0,REMOVE,COVERED_OWNER_STATE_WITH_NO_FINAL_HISTORICAL_TARGET_FOR_THIS_BUILDING,NO,NO,COVERAGE_COMPLETE,Coverage_Status=COVERED_POSITIVE | Research_Files=BUILD_START_1776_WESTERN_EUROPE_RESEARCH.csv;BUILD_START_1776_WESTERN_EUROPE_RESEARCH.md | CURRENT_SOURCE=common/history/buildings/01_south_europe.txt:common/history/buildings/01_south_europe.txt:2479
SPA,STATE_OLD_CASTILE,building_logging_camp,2,0,REMOVE,COVERED_OWNER_STATE_WITH_NO_FINAL_HISTORICAL_TARGET_FOR_THIS_BUILDING,NO,NO,COVERAGE_COMPLETE,Coverage_Status=COVERED_POSITIVE | Research_Files=BUILD_START_1776_WESTERN_EUROPE_RESEARCH.csv;BUILD_START_1776_WESTERN_EUROPE_RESEARCH.md | CURRENT_SOURCE=common/history/buildings/01_south_europe.txt:common/history/buildings/01_south_europe.txt:2562
SPA,STATE_OLD_CASTILE,building_shipyard,1,0,REMOVE,COVERED_OWNER_STATE_WITH_NO_FINAL_HISTORICAL_TARGET_FOR_THIS_BUILDING,NO,NO,COVERAGE_COMPLETE,Coverage_Status=COVERED_POSITIVE | Research_Files=BUILD_START_1776_WESTERN_EUROPE_RESEARCH.csv;BUILD_START_1776_WESTERN_EUROPE_RESEARCH.md | CURRENT_SOURCE=common/history/buildings/01_south_europe.txt:common/history/buildings/01_south_europe.txt:2528
SPA,STATE_OLD_CASTILE,building_vineyard,2,0,REMOVE,COVERED_OWNER_STATE_WITH_NO_FINAL_HISTORICAL_TARGET_FOR_THIS_BUILDING,NO,NO,COVERAGE_COMPLETE,Coverage_Status=COVERED_POSITIVE | Research_Files=BUILD_START_1776_WESTERN_EUROPE_RESEARCH.csv;BUILD_START_1776_WESTERN_EUROPE_RESEARCH.md | CURRENT_SOURCE=common/history/buildings/01_south_europe.txt:common/history/buildings/01_south_europe.txt:2509
SPA,STATE_UPPER_ANDALUSIA,building_government_administration,1,0,REMOVE,COVERED_OWNER_STATE_WITH_NO_FINAL_HISTORICAL_TARGET_FOR_THIS_BUILDING,NO,NO,COVERAGE_COMPLETE,Coverage_Status=COVERED_POSITIVE | Research_Files=BUILD_START_1776_WESTERN_EUROPE_RESEARCH.csv;BUILD_START_1776_WESTERN_EUROPE_RESEARCH.md | CURRENT_SOURCE=common/history/buildings/01_south_europe.txt:common/history/buildings/01_south_europe.txt:3274
SPA,STATE_UPPER_ANDALUSIA,building_lead_mine,1,0,REMOVE,COVERED_OWNER_STATE_WITH_NO_FINAL_HISTORICAL_TARGET_FOR_THIS_BUILDING,NO,NO,COVERAGE_COMPLETE,Coverage_Status=COVERED_POSITIVE | Research_Files=BUILD_START_1776_WESTERN_EUROPE_RESEARCH.csv;BUILD_START_1776_WESTERN_EUROPE_RESEARCH.md | CURRENT_SOURCE=common/history/buildings/01_south_europe.txt:common/history/buildings/01_south_europe.txt:3337
SPA,STATE_UPPER_ANDALUSIA,building_sugar_plantation,1,0,REMOVE,COVERED_OWNER_STATE_WITH_NO_FINAL_HISTORICAL_TARGET_FOR_THIS_BUILDING,NO,NO,COVERAGE_COMPLETE,Coverage_Status=COVERED_POSITIVE | Research_Files=BUILD_START_1776_WESTERN_EUROPE_RESEARCH.csv;BUILD_START_1776_WESTERN_EUROPE_RESEARCH.md | CURRENT_SOURCE=common/history/buildings/01_south_europe.txt:common/history/buildings/01_south_europe.txt:3324
SPA,STATE_UPPER_ANDALUSIA,building_vineyard,1,0,REMOVE,COVERED_OWNER_STATE_WITH_NO_FINAL_HISTORICAL_TARGET_FOR_THIS_BUILDING,NO,NO,COVERAGE_COMPLETE,Coverage_Status=COVERED_POSITIVE | Research_Files=BUILD_START_1776_WESTERN_EUROPE_RESEARCH.csv;BUILD_START_1776_WESTERN_EUROPE_RESEARCH.md | CURRENT_SOURCE=common/history/buildings/01_south_europe.txt:common/history/buildings/01_south_europe.txt:3298
SPA,STATE_VALENCIA,building_fishing_wharf,1,0,REMOVE,COVERED_OWNER_STATE_WITH_NO_FINAL_HISTORICAL_TARGET_FOR_THIS_BUILDING,NO,NO,COVERAGE_COMPLETE,Coverage_Status=COVERED_POSITIVE | Research_Files=BUILD_START_1776_WESTERN_EUROPE_RESEARCH.csv;BUILD_START_1776_WESTERN_EUROPE_RESEARCH.md | CURRENT_SOURCE=common/history/buildings/01_south_europe.txt:common/history/buildings/01_south_europe.txt:3679
SPA,STATE_VALENCIA,building_government_administration,2,0,REMOVE,COVERED_OWNER_STATE_WITH_NO_FINAL_HISTORICAL_TARGET_FOR_THIS_BUILDING,NO,NO,COVERAGE_COMPLETE,Coverage_Status=COVERED_POSITIVE | Research_Files=BUILD_START_1776_WESTERN_EUROPE_RESEARCH.csv;BUILD_START_1776_WESTERN_EUROPE_RESEARCH.md | CURRENT_SOURCE=common/history/buildings/01_south_europe.txt:common/history/buildings/01_south_europe.txt:3554
SPA,STATE_VALENCIA,building_livestock_ranch,2,0,REMOVE,COVERED_OWNER_STATE_WITH_NO_FINAL_HISTORICAL_TARGET_FOR_THIS_BUILDING,NO,NO,COVERAGE_COMPLETE,Coverage_Status=COVERED_POSITIVE | Research_Files=BUILD_START_1776_WESTERN_EUROPE_RESEARCH.csv;BUILD_START_1776_WESTERN_EUROPE_RESEARCH.md | CURRENT_SOURCE=common/history/buildings/01_south_europe.txt:common/history/buildings/01_south_europe.txt:3666
SPA,STATE_VALENCIA,building_logging_camp,2,0,REMOVE,COVERED_OWNER_STATE_WITH_NO_FINAL_HISTORICAL_TARGET_FOR_THIS_BUILDING,NO,NO,COVERAGE_COMPLETE,Coverage_Status=COVERED_POSITIVE | Research_Files=BUILD_START_1776_WESTERN_EUROPE_RESEARCH.csv;BUILD_START_1776_WESTERN_EUROPE_RESEARCH.md | CURRENT_SOURCE=common/history/buildings/01_south_europe.txt:common/history/buildings/01_south_europe.txt:3597
SPA,STATE_VALENCIA,building_silk_plantation,2,0,REMOVE,COVERED_OWNER_STATE_WITH_NO_FINAL_HISTORICAL_TARGET_FOR_THIS_BUILDING,NO,NO,COVERAGE_COMPLETE,Coverage_Status=COVERED_POSITIVE | Research_Files=BUILD_START_1776_WESTERN_EUROPE_RESEARCH.csv;BUILD_START_1776_WESTERN_EUROPE_RESEARCH.md | CURRENT_SOURCE=common/history/buildings/01_south_europe.txt:common/history/buildings/01_south_europe.txt:3692
SPA,STATE_WEST_INDIES,building_naval_administration,3,0,REMOVE,COVERED_OWNER_STATE_WITH_NO_FINAL_HISTORICAL_TARGET_FOR_THIS_BUILDING,NO,NO,COVERAGE_COMPLETE,Coverage_Status=COVERED_POSITIVE | Research_Files=BUILD_START_1776_AMERICAS_CARIBBEAN_RESEARCH.csv;BUILD_START_1776_AMERICAS_CARIBBEAN_RESEARCH.md | CURRENT_SOURCE=common/history/buildings/06_central_america.txt:common/history/buildings/06_central_america.txt:780
SRK,STATE_CENTRAL_JAVA,building_rice_farm,1,0,REMOVE,COVERED_OWNER_STATE_WITH_NO_FINAL_HISTORICAL_TARGET_FOR_THIS_BUILDING,NO,NO,COVERAGE_COMPLETE,Coverage_Status=COVERED_POSITIVE | Research_Files=BUILD_START_1776_EAST_ASIA_SE_ASIA_RESEARCH_MATRIX.csv | CURRENT_SOURCE=common/history/buildings/12_indonesia.txt:common/history/buildings/12_indonesia.txt:692
STG,STATE_WEST_BORNEO,building_rice_farm,1,0,REMOVE,COVERED_OWNER_STATE_WITH_NO_FINAL_HISTORICAL_TARGET_FOR_THIS_BUILDING,NO,NO,COVERAGE_COMPLETE,Coverage_Status=COVERED_ZERO_POSITIVE | Research_Files=BUILD_START_1776_EAST_ASIA_SE_ASIA_RESEARCH.md | CURRENT_SOURCE=common/history/buildings/12_indonesia.txt:common/history/buildings/12_indonesia.txt:218
SUL,STATE_MINDANAO,building_tobacco_plantation,1,0,REMOVE,COVERED_OWNER_STATE_WITH_NO_FINAL_HISTORICAL_TARGET_FOR_THIS_BUILDING,NO,NO,COVERAGE_COMPLETE,Coverage_Status=COVERED_POSITIVE | Research_Files=BUILD_START_1776_EAST_ASIA_SE_ASIA_RESEARCH.md;BUILD_START_1776_EAST_ASIA_SE_ASIA_RESEARCH_MATRIX.csv | CURRENT_SOURCE=common/history/buildings/12_indonesia.txt:common/history/buildings/12_indonesia.txt:1112
SUL,STATE_NORTH_BORNEO,building_port,1,0,REMOVE,COVERED_OWNER_STATE_WITH_NO_FINAL_HISTORICAL_TARGET_FOR_THIS_BUILDING,NO,NO,COVERAGE_COMPLETE,Coverage_Status=COVERED_ZERO_POSITIVE | Research_Files=BUILD_START_1776_EAST_ASIA_SE_ASIA_RESEARCH.md | CURRENT_SOURCE=common/history/buildings/12_indonesia.txt:common/history/buildings/12_indonesia.txt:146
SUL,STATE_NORTH_BORNEO,building_tobacco_plantation,1,0,REMOVE,COVERED_OWNER_STATE_WITH_NO_FINAL_HISTORICAL_TARGET_FOR_THIS_BUILDING,NO,NO,COVERAGE_COMPLETE,Coverage_Status=COVERED_ZERO_POSITIVE | Research_Files=BUILD_START_1776_EAST_ASIA_SE_ASIA_RESEARCH.md | CURRENT_SOURCE=common/history/buildings/12_indonesia.txt:common/history/buildings/12_indonesia.txt:133
SWE,STATE_GOTALAND,building_fishing_wharf,3,0,REMOVE,COVERED_OWNER_STATE_WITH_NO_FINAL_HISTORICAL_TARGET_FOR_THIS_BUILDING,NO,NO,COVERAGE_COMPLETE,Coverage_Status=COVERED_POSITIVE | Research_Files=BUILD_START_1776_NORTHERN_EASTERN_EUROPE_RECOMMENDATIONS.csv;BUILD_START_1776_NORTHERN_EASTERN_EUROPE_RESEARCH.md | CURRENT_SOURCE=common/history/buildings/00_west_europe.txt:common/history/buildings/00_west_europe.txt:186
SWE,STATE_GOTALAND,building_government_administration,1,0,REMOVE,COVERED_OWNER_STATE_WITH_NO_FINAL_HISTORICAL_TARGET_FOR_THIS_BUILDING,NO,NO,COVERAGE_COMPLETE,Coverage_Status=COVERED_POSITIVE | Research_Files=BUILD_START_1776_NORTHERN_EASTERN_EUROPE_RECOMMENDATIONS.csv;BUILD_START_1776_NORTHERN_EASTERN_EUROPE_RESEARCH.md | CURRENT_SOURCE=common/history/buildings/00_west_europe.txt:common/history/buildings/00_west_europe.txt:134
SWE,STATE_GOTALAND,building_iron_mine,2,0,REMOVE,COVERED_OWNER_STATE_WITH_NO_FINAL_HISTORICAL_TARGET_FOR_THIS_BUILDING,NO,NO,COVERAGE_COMPLETE,Coverage_Status=COVERED_POSITIVE | Research_Files=BUILD_START_1776_NORTHERN_EASTERN_EUROPE_RECOMMENDATIONS.csv;BUILD_START_1776_NORTHERN_EASTERN_EUROPE_RESEARCH.md | CURRENT_SOURCE=common/history/buildings/00_west_europe.txt:common/history/buildings/00_west_europe.txt:173
SWE,STATE_GOTALAND,building_livestock_ranch,2,0,REMOVE,COVERED_OWNER_STATE_WITH_NO_FINAL_HISTORICAL_TARGET_FOR_THIS_BUILDING,NO,NO,COVERAGE_COMPLETE,Coverage_Status=COVERED_POSITIVE | Research_Files=BUILD_START_1776_NORTHERN_EASTERN_EUROPE_RECOMMENDATIONS.csv;BUILD_START_1776_NORTHERN_EASTERN_EUROPE_RESEARCH.md | CURRENT_SOURCE=common/history/buildings/00_west_europe.txt:common/history/buildings/00_west_europe.txt:231
SWE,STATE_GOTALAND,building_paper_mill,3,0,REMOVE,COVERED_OWNER_STATE_WITH_NO_FINAL_HISTORICAL_TARGET_FOR_THIS_BUILDING,NO,NO,COVERAGE_COMPLETE,Coverage_Status=COVERED_POSITIVE | Research_Files=BUILD_START_1776_NORTHERN_EASTERN_EUROPE_RECOMMENDATIONS.csv;BUILD_START_1776_NORTHERN_EASTERN_EUROPE_RESEARCH.md | CURRENT_SOURCE=common/history/buildings/00_west_europe.txt:common/history/buildings/00_west_europe.txt:156
SWE,STATE_GOTALAND,building_rye_farm,3,0,REMOVE,COVERED_OWNER_STATE_WITH_NO_FINAL_HISTORICAL_TARGET_FOR_THIS_BUILDING,NO,NO,COVERAGE_COMPLETE,Coverage_Status=COVERED_POSITIVE | Research_Files=BUILD_START_1776_NORTHERN_EASTERN_EUROPE_RECOMMENDATIONS.csv;BUILD_START_1776_NORTHERN_EASTERN_EUROPE_RESEARCH.md | CURRENT_SOURCE=common/history/buildings/00_west_europe.txt:common/history/buildings/00_west_europe.txt:218
SWE,STATE_KUOPIO,building_iron_mine,1,0,REMOVE,COVERED_OWNER_STATE_WITH_NO_FINAL_HISTORICAL_TARGET_FOR_THIS_BUILDING,NO,NO,COVERAGE_COMPLETE,Coverage_Status=COVERED_POSITIVE | Research_Files=BUILD_START_1776_NORTHERN_EASTERN_EUROPE_RECOMMENDATIONS.csv | CURRENT_SOURCE=common/history/buildings/15_russia.txt:common/history/buildings/15_russia.txt:244
SWE,STATE_OSTROBOTHNIA,building_rye_farm,1,0,REMOVE,COVERED_OWNER_STATE_WITH_NO_FINAL_HISTORICAL_TARGET_FOR_THIS_BUILDING,NO,NO,COVERAGE_COMPLETE,Coverage_Status=COVERED_POSITIVE | Research_Files=BUILD_START_1776_NORTHERN_EASTERN_EUROPE_RECOMMENDATIONS.csv | CURRENT_SOURCE=common/history/buildings/15_russia.txt:common/history/buildings/15_russia.txt:438
SWE,STATE_SCANIA,building_arms_industry,1,0,REMOVE,COVERED_OWNER_STATE_WITH_NO_FINAL_HISTORICAL_TARGET_FOR_THIS_BUILDING,NO,NO,COVERAGE_COMPLETE,Coverage_Status=COVERED_POSITIVE | Research_Files=BUILD_START_1776_NORTHERN_EASTERN_EUROPE_RECOMMENDATIONS.csv | CURRENT_SOURCE=common/history/buildings/00_west_europe.txt:common/history/buildings/00_west_europe.txt:329
SWE,STATE_SCANIA,building_fishing_wharf,4,0,REMOVE,COVERED_OWNER_STATE_WITH_NO_FINAL_HISTORICAL_TARGET_FOR_THIS_BUILDING,NO,NO,COVERAGE_COMPLETE,Coverage_Status=COVERED_POSITIVE | Research_Files=BUILD_START_1776_NORTHERN_EASTERN_EUROPE_RECOMMENDATIONS.csv | CURRENT_SOURCE=common/history/buildings/00_west_europe.txt:common/history/buildings/00_west_europe.txt:366
SWE,STATE_SCANIA,building_government_administration,1,0,REMOVE,COVERED_OWNER_STATE_WITH_NO_FINAL_HISTORICAL_TARGET_FOR_THIS_BUILDING,NO,NO,COVERAGE_COMPLETE,Coverage_Status=COVERED_POSITIVE | Research_Files=BUILD_START_1776_NORTHERN_EASTERN_EUROPE_RECOMMENDATIONS.csv | CURRENT_SOURCE=common/history/buildings/00_west_europe.txt:common/history/buildings/00_west_europe.txt:259
SWE,STATE_SCANIA,building_naval_administration,16,0,REMOVE,COVERED_OWNER_STATE_WITH_NO_FINAL_HISTORICAL_TARGET_FOR_THIS_BUILDING,NO,NO,COVERAGE_COMPLETE,Coverage_Status=COVERED_POSITIVE | Research_Files=BUILD_START_1776_NORTHERN_EASTERN_EUROPE_RECOMMENDATIONS.csv | CURRENT_SOURCE=common/history/buildings/00_west_europe.txt:common/history/buildings/00_west_europe.txt:390
SWE,STATE_SCANIA,building_rye_farm,4,0,REMOVE,COVERED_OWNER_STATE_WITH_NO_FINAL_HISTORICAL_TARGET_FOR_THIS_BUILDING,NO,NO,COVERAGE_COMPLETE,Coverage_Status=COVERED_POSITIVE | Research_Files=BUILD_START_1776_NORTHERN_EASTERN_EUROPE_RECOMMENDATIONS.csv | CURRENT_SOURCE=common/history/buildings/00_west_europe.txt:common/history/buildings/00_west_europe.txt:340
SWE,STATE_SCANIA,building_shipyard,2,0,REMOVE,COVERED_OWNER_STATE_WITH_NO_FINAL_HISTORICAL_TARGET_FOR_THIS_BUILDING,NO,NO,COVERAGE_COMPLETE,Coverage_Status=COVERED_POSITIVE | Research_Files=BUILD_START_1776_NORTHERN_EASTERN_EUROPE_RECOMMENDATIONS.csv | CURRENT_SOURCE=common/history/buildings/00_west_europe.txt|common/history/buildings/00_west_europe.txt:common/history/buildings/00_west_europe.txt:281|common/history/buildings/00_west_europe.txt:294
SWE,STATE_SCANIA,building_tooling_workshop,1,0,REMOVE,COVERED_OWNER_STATE_WITH_NO_FINAL_HISTORICAL_TARGET_FOR_THIS_BUILDING,NO,NO,COVERAGE_COMPLETE,Coverage_Status=COVERED_POSITIVE | Research_Files=BUILD_START_1776_NORTHERN_EASTERN_EUROPE_RECOMMENDATIONS.csv | CURRENT_SOURCE=common/history/buildings/00_west_europe.txt:common/history/buildings/00_west_europe.txt:305
SWE,STATE_SCANIA,building_trade_center,1,0,REMOVE,COVERED_OWNER_STATE_WITH_NO_FINAL_HISTORICAL_TARGET_FOR_THIS_BUILDING,NO,NO,COVERAGE_COMPLETE,Coverage_Status=COVERED_POSITIVE | Research_Files=BUILD_START_1776_NORTHERN_EASTERN_EUROPE_RECOMMENDATIONS.csv | CURRENT_SOURCE=common/history/buildings/00_west_europe.txt:common/history/buildings/00_west_europe.txt:270
SWE,STATE_SCANIA,building_university,1,0,REMOVE,COVERED_OWNER_STATE_WITH_NO_FINAL_HISTORICAL_TARGET_FOR_THIS_BUILDING,NO,NO,COVERAGE_COMPLETE,Coverage_Status=COVERED_POSITIVE | Research_Files=BUILD_START_1776_NORTHERN_EASTERN_EUROPE_RECOMMENDATIONS.csv | CURRENT_SOURCE=common/history/buildings/00_west_europe.txt:common/history/buildings/00_west_europe.txt:318
SWE,STATE_SVEALAND,building_construction_sector,1,0,REMOVE,COVERED_OWNER_STATE_WITH_NO_FINAL_HISTORICAL_TARGET_FOR_THIS_BUILDING,NO,NO,COVERAGE_COMPLETE,Coverage_Status=COVERED_POSITIVE | Research_Files=BUILD_START_1776_NORTHERN_EASTERN_EUROPE_RECOMMENDATIONS.csv;BUILD_START_1776_NORTHERN_EASTERN_EUROPE_RESEARCH.md | CURRENT_SOURCE=common/history/buildings/00_west_europe.txt:common/history/buildings/00_west_europe.txt:15
SWE,STATE_SVEALAND,building_fishing_wharf,2,0,REMOVE,COVERED_OWNER_STATE_WITH_NO_FINAL_HISTORICAL_TARGET_FOR_THIS_BUILDING,NO,NO,COVERAGE_COMPLETE,Coverage_Status=COVERED_POSITIVE | Research_Files=BUILD_START_1776_NORTHERN_EASTERN_EUROPE_RECOMMENDATIONS.csv;BUILD_START_1776_NORTHERN_EASTERN_EUROPE_RESEARCH.md | CURRENT_SOURCE=common/history/buildings/00_west_europe.txt:common/history/buildings/00_west_europe.txt:87
SWE,STATE_SVEALAND,building_logging_camp,6,0,REMOVE,COVERED_OWNER_STATE_WITH_NO_FINAL_HISTORICAL_TARGET_FOR_THIS_BUILDING,NO,NO,COVERAGE_COMPLETE,Coverage_Status=COVERED_POSITIVE | Research_Files=BUILD_START_1776_NORTHERN_EASTERN_EUROPE_RECOMMENDATIONS.csv;BUILD_START_1776_NORTHERN_EASTERN_EUROPE_RESEARCH.md | CURRENT_SOURCE=common/history/buildings/00_west_europe.txt:common/history/buildings/00_west_europe.txt:111
SWE,STATE_SVEALAND,building_port,1,0,REMOVE,COVERED_OWNER_STATE_WITH_NO_FINAL_HISTORICAL_TARGET_FOR_THIS_BUILDING,NO,NO,COVERAGE_COMPLETE,Coverage_Status=COVERED_POSITIVE | Research_Files=BUILD_START_1776_NORTHERN_EASTERN_EUROPE_RECOMMENDATIONS.csv;BUILD_START_1776_NORTHERN_EASTERN_EUROPE_RESEARCH.md | CURRENT_SOURCE=common/history/buildings/00_west_europe.txt:common/history/buildings/00_west_europe.txt:100
SWE,STATE_SVEALAND,building_rye_farm,2,0,REMOVE,COVERED_OWNER_STATE_WITH_NO_FINAL_HISTORICAL_TARGET_FOR_THIS_BUILDING,NO,NO,COVERAGE_COMPLETE,Coverage_Status=COVERED_POSITIVE | Research_Files=BUILD_START_1776_NORTHERN_EASTERN_EUROPE_RECOMMENDATIONS.csv;BUILD_START_1776_NORTHERN_EASTERN_EUROPE_RESEARCH.md | CURRENT_SOURCE=common/history/buildings/00_west_europe.txt:common/history/buildings/00_west_europe.txt:74
SWE,STATE_SVEALAND,building_textile_mill,3,0,REMOVE,COVERED_OWNER_STATE_WITH_NO_FINAL_HISTORICAL_TARGET_FOR_THIS_BUILDING,NO,NO,COVERAGE_COMPLETE,Coverage_Status=COVERED_POSITIVE | Research_Files=BUILD_START_1776_NORTHERN_EASTERN_EUROPE_RECOMMENDATIONS.csv;BUILD_START_1776_NORTHERN_EASTERN_EUROPE_RESEARCH.md | CURRENT_SOURCE=common/history/buildings/00_west_europe.txt:common/history/buildings/00_west_europe.txt:48
SWE,STATE_UUSIMAA,building_fishing_wharf,2,0,REMOVE,COVERED_OWNER_STATE_WITH_NO_FINAL_HISTORICAL_TARGET_FOR_THIS_BUILDING,NO,NO,COVERAGE_COMPLETE,Coverage_Status=COVERED_POSITIVE | Research_Files=BUILD_START_1776_NORTHERN_EASTERN_EUROPE_RECOMMENDATIONS.csv;BUILD_START_1776_NORTHERN_EASTERN_EUROPE_RESEARCH.md | CURRENT_SOURCE=common/history/buildings/15_russia.txt:common/history/buildings/15_russia.txt:285
SWE,STATE_UUSIMAA,building_furniture_manufactory,2,0,REMOVE,COVERED_OWNER_STATE_WITH_NO_FINAL_HISTORICAL_TARGET_FOR_THIS_BUILDING,NO,NO,COVERAGE_COMPLETE,Coverage_Status=COVERED_POSITIVE | Research_Files=BUILD_START_1776_NORTHERN_EASTERN_EUROPE_RECOMMENDATIONS.csv;BUILD_START_1776_NORTHERN_EASTERN_EUROPE_RESEARCH.md | CURRENT_SOURCE=common/history/buildings/15_russia.txt:common/history/buildings/15_russia.txt:272
SWE,STATE_UUSIMAA,building_logging_camp,2,0,REMOVE,COVERED_OWNER_STATE_WITH_NO_FINAL_HISTORICAL_TARGET_FOR_THIS_BUILDING,NO,NO,COVERAGE_COMPLETE,Coverage_Status=COVERED_POSITIVE | Research_Files=BUILD_START_1776_NORTHERN_EASTERN_EUROPE_RECOMMENDATIONS.csv;BUILD_START_1776_NORTHERN_EASTERN_EUROPE_RESEARCH.md | CURRENT_SOURCE=common/history/buildings/15_russia.txt:common/history/buildings/15_russia.txt:322
SWE,STATE_UUSIMAA,building_rye_farm,1,0,REMOVE,COVERED_OWNER_STATE_WITH_NO_FINAL_HISTORICAL_TARGET_FOR_THIS_BUILDING,NO,NO,COVERAGE_COMPLETE,Coverage_Status=COVERED_POSITIVE | Research_Files=BUILD_START_1776_NORTHERN_EASTERN_EUROPE_RECOMMENDATIONS.csv;BUILD_START_1776_NORTHERN_EASTERN_EUROPE_RESEARCH.md | CURRENT_SOURCE=common/history/buildings/15_russia.txt:common/history/buildings/15_russia.txt:309
SWE,STATE_UUSIMAA,building_university,2,0,REMOVE,COVERED_OWNER_STATE_WITH_NO_FINAL_HISTORICAL_TARGET_FOR_THIS_BUILDING,NO,NO,COVERAGE_COMPLETE,Coverage_Status=COVERED_POSITIVE | Research_Files=BUILD_START_1776_NORTHERN_EASTERN_EUROPE_RECOMMENDATIONS.csv;BUILD_START_1776_NORTHERN_EASTERN_EUROPE_RESEARCH.md | CURRENT_SOURCE=common/history/buildings/15_russia.txt:common/history/buildings/15_russia.txt:298
SWI,STATE_EAST_SWITZERLAND,building_government_administration,1,0,REMOVE,COVERED_OWNER_STATE_WITH_NO_FINAL_HISTORICAL_TARGET_FOR_THIS_BUILDING,NO,NO,COVERAGE_COMPLETE,Coverage_Status=COVERED_POSITIVE | Research_Files=BUILD_START_1776_CENTRAL_EUROPE_GERMAN_ITALY_RESEARCH.csv;BUILD_START_1776_CENTRAL_EUROPE_GERMAN_ITALY_RESEARCH.md | CURRENT_SOURCE=common/history/buildings/00_west_europe.txt:common/history/buildings/00_west_europe.txt:5536
SWI,STATE_EAST_SWITZERLAND,building_livestock_ranch,2,0,REMOVE,COVERED_OWNER_STATE_WITH_NO_FINAL_HISTORICAL_TARGET_FOR_THIS_BUILDING,NO,NO,COVERAGE_COMPLETE,Coverage_Status=COVERED_POSITIVE | Research_Files=BUILD_START_1776_CENTRAL_EUROPE_GERMAN_ITALY_RESEARCH.csv;BUILD_START_1776_CENTRAL_EUROPE_GERMAN_ITALY_RESEARCH.md | CURRENT_SOURCE=common/history/buildings/00_west_europe.txt:common/history/buildings/00_west_europe.txt:5610
SWI,STATE_EAST_SWITZERLAND,building_logging_camp,1,0,REMOVE,COVERED_OWNER_STATE_WITH_NO_FINAL_HISTORICAL_TARGET_FOR_THIS_BUILDING,NO,NO,COVERAGE_COMPLETE,Coverage_Status=COVERED_POSITIVE | Research_Files=BUILD_START_1776_CENTRAL_EUROPE_GERMAN_ITALY_RESEARCH.csv;BUILD_START_1776_CENTRAL_EUROPE_GERMAN_ITALY_RESEARCH.md | CURRENT_SOURCE=common/history/buildings/00_west_europe.txt:common/history/buildings/00_west_europe.txt:5584
SWI,STATE_EAST_SWITZERLAND,building_rye_farm,3,0,REMOVE,COVERED_OWNER_STATE_WITH_NO_FINAL_HISTORICAL_TARGET_FOR_THIS_BUILDING,NO,NO,COVERAGE_COMPLETE,Coverage_Status=COVERED_POSITIVE | Research_Files=BUILD_START_1776_CENTRAL_EUROPE_GERMAN_ITALY_RESEARCH.csv;BUILD_START_1776_CENTRAL_EUROPE_GERMAN_ITALY_RESEARCH.md | CURRENT_SOURCE=common/history/buildings/00_west_europe.txt:common/history/buildings/00_west_europe.txt:5597
SWI,STATE_EAST_SWITZERLAND,building_university,1,0,REMOVE,COVERED_OWNER_STATE_WITH_NO_FINAL_HISTORICAL_TARGET_FOR_THIS_BUILDING,NO,NO,COVERAGE_COMPLETE,Coverage_Status=COVERED_POSITIVE | Research_Files=BUILD_START_1776_CENTRAL_EUROPE_GERMAN_ITALY_RESEARCH.csv;BUILD_START_1776_CENTRAL_EUROPE_GERMAN_ITALY_RESEARCH.md | CURRENT_SOURCE=common/history/buildings/00_west_europe.txt:common/history/buildings/00_west_europe.txt:5560
SWI,STATE_WEST_SWITZERLAND,building_government_administration,2,0,REMOVE,COVERED_OWNER_STATE_WITH_NO_FINAL_HISTORICAL_TARGET_FOR_THIS_BUILDING,NO,NO,COVERAGE_COMPLETE,Coverage_Status=COVERED_POSITIVE | Research_Files=BUILD_START_1776_CENTRAL_EUROPE_GERMAN_ITALY_RESEARCH.csv;BUILD_START_1776_CENTRAL_EUROPE_GERMAN_ITALY_RESEARCH.md | CURRENT_SOURCE=common/history/buildings/00_west_europe.txt:common/history/buildings/00_west_europe.txt:5627
SWI,STATE_WEST_SWITZERLAND,building_livestock_ranch,2,0,REMOVE,COVERED_OWNER_STATE_WITH_NO_FINAL_HISTORICAL_TARGET_FOR_THIS_BUILDING,NO,NO,COVERAGE_COMPLETE,Coverage_Status=COVERED_POSITIVE | Research_Files=BUILD_START_1776_CENTRAL_EUROPE_GERMAN_ITALY_RESEARCH.csv;BUILD_START_1776_CENTRAL_EUROPE_GERMAN_ITALY_RESEARCH.md | CURRENT_SOURCE=common/history/buildings/00_west_europe.txt:common/history/buildings/00_west_europe.txt:5688
SWI,STATE_WEST_SWITZERLAND,building_paper_mill,1,0,REMOVE,COVERED_OWNER_STATE_WITH_NO_FINAL_HISTORICAL_TARGET_FOR_THIS_BUILDING,NO,NO,COVERAGE_COMPLETE,Coverage_Status=COVERED_POSITIVE | Research_Files=BUILD_START_1776_CENTRAL_EUROPE_GERMAN_ITALY_RESEARCH.csv;BUILD_START_1776_CENTRAL_EUROPE_GERMAN_ITALY_RESEARCH.md | CURRENT_SOURCE=common/history/buildings/00_west_europe.txt:common/history/buildings/00_west_europe.txt:5664
SWI,STATE_WEST_SWITZERLAND,building_rye_farm,3,0,REMOVE,COVERED_OWNER_STATE_WITH_NO_FINAL_HISTORICAL_TARGET_FOR_THIS_BUILDING,NO,NO,COVERAGE_COMPLETE,Coverage_Status=COVERED_POSITIVE | Research_Files=BUILD_START_1776_CENTRAL_EUROPE_GERMAN_ITALY_RESEARCH.csv;BUILD_START_1776_CENTRAL_EUROPE_GERMAN_ITALY_RESEARCH.md | CURRENT_SOURCE=common/history/buildings/00_west_europe.txt:common/history/buildings/00_west_europe.txt:5675
SWI,STATE_WEST_SWITZERLAND,building_vineyard,1,0,REMOVE,COVERED_OWNER_STATE_WITH_NO_FINAL_HISTORICAL_TARGET_FOR_THIS_BUILDING,NO,NO,COVERAGE_COMPLETE,Coverage_Status=COVERED_POSITIVE | Research_Files=BUILD_START_1776_CENTRAL_EUROPE_GERMAN_ITALY_RESEARCH.csv;BUILD_START_1776_CENTRAL_EUROPE_GERMAN_ITALY_RESEARCH.md | CURRENT_SOURCE=common/history/buildings/00_west_europe.txt:common/history/buildings/00_west_europe.txt:5638
SWZ,STATE_TRANSVAAL,building_millet_farm,1,0,REMOVE,COVERED_OWNER_STATE_WITH_NO_FINAL_HISTORICAL_TARGET_FOR_THIS_BUILDING,NO,NO,COVERAGE_COMPLETE,Coverage_Status=COVERED_POSITIVE | Research_Files=BUILD_START_1776_SUPPLEMENTAL_OWNER_STATE_COVERAGE_CORRIGE.csv; BUILD_START_1776_SUPPLEMENTAL_RESEARCH_CORRIGE.csv | CURRENT_SOURCE=common/history/buildings/04_subsaharan_africa.txt:common/history/buildings/04_subsaharan_africa.txt:1837
TGI,STATE_MOCAMBIQUE,building_millet_farm,1,0,REMOVE,COVERED_OWNER_STATE_WITH_NO_FINAL_HISTORICAL_TARGET_FOR_THIS_BUILDING,NO,NO,COVERAGE_COMPLETE,Coverage_Status=COVERED_ZERO_POSITIVE | Research_Files=BUILD_START_1776_SUPPLEMENTAL_OWNER_STATE_COVERAGE_CORRIGE.csv | CURRENT_SOURCE=common/history/buildings/04_subsaharan_africa.txt:common/history/buildings/04_subsaharan_africa.txt:1349
TIB,STATE_LHASA,building_rye_farm,1,0,REMOVE,COVERED_OWNER_STATE_WITH_NO_FINAL_HISTORICAL_TARGET_FOR_THIS_BUILDING,NO,NO,COVERAGE_COMPLETE,Coverage_Status=COVERED_POSITIVE | Research_Files=BUILD_START_1776_EAST_ASIA_SE_ASIA_RESEARCH.md; BUILD_START_1776_EAST_ASIA_SE_ASIA_RESEARCH_MATRIX.csv; BUILD_START_1776_R3_OWNER_STATE_COVERAGE.csv; BUILD_START_1776_R3_RECOMMENDATIONS.csv; BUILD_START_1776_SUPPLEMENTAL_CONFLICT_REVIEW_CORRIGE.md | CURRENT_SOURCE=common/history/buildings/09_central_asia.txt:common/history/buildings/09_central_asia.txt:820
TID,STATE_MOLUCCAS,building_dye_plantation,1,0,REMOVE,COVERED_OWNER_STATE_WITH_NO_FINAL_HISTORICAL_TARGET_FOR_THIS_BUILDING,NO,NO,COVERAGE_COMPLETE,Coverage_Status=COVERED_POSITIVE | Research_Files=BUILD_START_1776_EAST_ASIA_SE_ASIA_RESEARCH.md;BUILD_START_1776_EAST_ASIA_SE_ASIA_RESEARCH_MATRIX.csv | CURRENT_SOURCE=common/history/buildings/12_indonesia.txt:common/history/buildings/12_indonesia.txt:936
TID,STATE_MOLUCCAS,building_tea_plantation,1,0,REMOVE,COVERED_OWNER_STATE_WITH_NO_FINAL_HISTORICAL_TARGET_FOR_THIS_BUILDING,NO,NO,COVERAGE_COMPLETE,Coverage_Status=COVERED_POSITIVE | Research_Files=BUILD_START_1776_EAST_ASIA_SE_ASIA_RESEARCH.md;BUILD_START_1776_EAST_ASIA_SE_ASIA_RESEARCH_MATRIX.csv | CURRENT_SOURCE=common/history/buildings/12_indonesia.txt:common/history/buildings/12_indonesia.txt:910
TID,STATE_MOLUCCAS,building_tobacco_plantation,2,0,REMOVE,COVERED_OWNER_STATE_WITH_NO_FINAL_HISTORICAL_TARGET_FOR_THIS_BUILDING,NO,NO,COVERAGE_COMPLETE,Coverage_Status=COVERED_POSITIVE | Research_Files=BUILD_START_1776_EAST_ASIA_SE_ASIA_RESEARCH.md;BUILD_START_1776_EAST_ASIA_SE_ASIA_RESEARCH_MATRIX.csv | CURRENT_SOURCE=common/history/buildings/12_indonesia.txt:common/history/buildings/12_indonesia.txt:923
TID,STATE_WESTERN_NEW_GUINEA,building_banana_plantation,1,0,REMOVE,COVERED_OWNER_STATE_WITH_NO_FINAL_HISTORICAL_TARGET_FOR_THIS_BUILDING,NO,NO,COVERAGE_COMPLETE,Coverage_Status=COVERED_ZERO_POSITIVE | Research_Files=BUILD_START_1776_OCEANIA_PACIFIC_RESEARCH.md | CURRENT_SOURCE=common/history/buildings/12_indonesia.txt:common/history/buildings/12_indonesia.txt:843
TID,STATE_WESTERN_NEW_GUINEA,building_port,1,0,REMOVE,COVERED_OWNER_STATE_WITH_NO_FINAL_HISTORICAL_TARGET_FOR_THIS_BUILDING,NO,NO,COVERAGE_COMPLETE,Coverage_Status=COVERED_ZERO_POSITIVE | Research_Files=BUILD_START_1776_OCEANIA_PACIFIC_RESEARCH.md | CURRENT_SOURCE=common/history/buildings/12_indonesia.txt:common/history/buildings/12_indonesia.txt:856
TRA,STATE_TRAVANCORE,building_naval_administration,1,0,REMOVE,COVERED_OWNER_STATE_WITH_NO_FINAL_HISTORICAL_TARGET_FOR_THIS_BUILDING,NO,NO,COVERAGE_COMPLETE,Coverage_Status=COVERED_POSITIVE | Research_Files=BUILD_START_1776_SOUTH_ASIA_RESEARCH.csv;BUILD_START_1776_SOUTH_ASIA_RESEARCH.md | CURRENT_SOURCE=common/history/buildings/10_india.txt:common/history/buildings/10_india.txt:1801
TRA,STATE_TRAVANCORE,building_tea_plantation,3,0,REMOVE,COVERED_OWNER_STATE_WITH_NO_FINAL_HISTORICAL_TARGET_FOR_THIS_BUILDING,NO,NO,COVERAGE_COMPLETE,Coverage_Status=COVERED_POSITIVE | Research_Files=BUILD_START_1776_SOUTH_ASIA_RESEARCH.csv;BUILD_START_1776_SOUTH_ASIA_RESEARCH.md | CURRENT_SOURCE=common/history/buildings/10_india.txt:common/history/buildings/10_india.txt:1788
TRI,STATE_LIBYA,building_fishing_wharf,1,0,REMOVE,COVERED_OWNER_STATE_WITH_NO_FINAL_HISTORICAL_TARGET_FOR_THIS_BUILDING,NO,NO,COVERAGE_COMPLETE,Coverage_Status=COVERED_POSITIVE | Research_Files=BUILD_START_1776_R3_OWNER_STATE_COVERAGE.csv;BUILD_START_1776_R3_RECOMMENDATIONS.csv | CURRENT_SOURCE=common/history/buildings/03_north_africa.txt:common/history/buildings/03_north_africa.txt:971
TRI,STATE_LIBYA,building_wheat_farm,2,0,REMOVE,COVERED_OWNER_STATE_WITH_NO_FINAL_HISTORICAL_TARGET_FOR_THIS_BUILDING,NO,NO,COVERAGE_COMPLETE,Coverage_Status=COVERED_POSITIVE | Research_Files=BUILD_START_1776_R3_OWNER_STATE_COVERAGE.csv;BUILD_START_1776_R3_RECOMMENDATIONS.csv | CURRENT_SOURCE=common/history/buildings/03_north_africa.txt:common/history/buildings/03_north_africa.txt:984
TRI,STATE_TRIPOLI,building_fishing_wharf,1,0,REMOVE,COVERED_OWNER_STATE_WITH_NO_FINAL_HISTORICAL_TARGET_FOR_THIS_BUILDING,NO,NO,COVERAGE_COMPLETE,Coverage_Status=COVERED_POSITIVE | Research_Files=BUILD_START_1776_R3_OWNER_STATE_COVERAGE.csv;BUILD_START_1776_R3_RECOMMENDATIONS.csv | CURRENT_SOURCE=common/history/buildings/03_north_africa.txt:common/history/buildings/03_north_africa.txt:919
TRI,STATE_TRIPOLI,building_naval_administration,1,0,REMOVE,COVERED_OWNER_STATE_WITH_NO_FINAL_HISTORICAL_TARGET_FOR_THIS_BUILDING,NO,NO,COVERAGE_COMPLETE,Coverage_Status=COVERED_POSITIVE | Research_Files=BUILD_START_1776_R3_OWNER_STATE_COVERAGE.csv;BUILD_START_1776_R3_RECOMMENDATIONS.csv | CURRENT_SOURCE=common/history/buildings/03_north_africa.txt:common/history/buildings/03_north_africa.txt:956
TRN,STATE_TRANSVAAL,building_barrack,3,0,REMOVE,COVERED_OWNER_STATE_WITH_NO_FINAL_HISTORICAL_TARGET_FOR_THIS_BUILDING,NO,NO,COVERAGE_COMPLETE,Coverage_Status=COVERED_ZERO_POSITIVE | Research_Files=BUILD_START_1776_SUPPLEMENTAL_OWNER_STATE_COVERAGE_CORRIGE.csv | CURRENT_SOURCE=common/history/buildings/04_subsaharan_africa.txt:common/history/buildings/04_subsaharan_africa.txt:1821
TRN,STATE_TRANSVAAL,building_livestock_ranch,1,0,REMOVE,COVERED_OWNER_STATE_WITH_NO_FINAL_HISTORICAL_TARGET_FOR_THIS_BUILDING,NO,NO,COVERAGE_COMPLETE,Coverage_Status=COVERED_ZERO_POSITIVE | Research_Files=BUILD_START_1776_SUPPLEMENTAL_OWNER_STATE_COVERAGE_CORRIGE.csv | CURRENT_SOURCE=common/history/buildings/04_subsaharan_africa.txt:common/history/buildings/04_subsaharan_africa.txt:1808
TRN,STATE_TRANSVAAL,building_millet_farm,1,0,REMOVE,COVERED_OWNER_STATE_WITH_NO_FINAL_HISTORICAL_TARGET_FOR_THIS_BUILDING,NO,NO,COVERAGE_COMPLETE,Coverage_Status=COVERED_ZERO_POSITIVE | Research_Files=BUILD_START_1776_SUPPLEMENTAL_OWNER_STATE_COVERAGE_CORRIGE.csv | CURRENT_SOURCE=common/history/buildings/04_subsaharan_africa.txt:common/history/buildings/04_subsaharan_africa.txt:1795
TRS,STATE_NORTHERN_TRANSYLVANIA,building_furniture_manufactory,1,0,REMOVE,COVERED_OWNER_STATE_WITH_NO_FINAL_HISTORICAL_TARGET_FOR_THIS_BUILDING,NO,NO,COVERAGE_COMPLETE,Coverage_Status=COVERED_POSITIVE | Research_Files=BUILD_START_1776_SUPPLEMENTAL_OWNER_STATE_COVERAGE_CORRIGE.csv; BUILD_START_1776_SUPPLEMENTAL_RESEARCH_CORRIGE.csv | CURRENT_SOURCE=common/history/buildings/02_east_europe.txt:common/history/buildings/02_east_europe.txt:1241
TRS,STATE_NORTHERN_TRANSYLVANIA,building_government_administration,2,0,REMOVE,COVERED_OWNER_STATE_WITH_NO_FINAL_HISTORICAL_TARGET_FOR_THIS_BUILDING,NO,NO,COVERAGE_COMPLETE,Coverage_Status=COVERED_POSITIVE | Research_Files=BUILD_START_1776_SUPPLEMENTAL_OWNER_STATE_COVERAGE_CORRIGE.csv; BUILD_START_1776_SUPPLEMENTAL_RESEARCH_CORRIGE.csv | CURRENT_SOURCE=common/history/buildings/02_east_europe.txt:common/history/buildings/02_east_europe.txt:1230
TRS,STATE_NORTHERN_TRANSYLVANIA,building_livestock_ranch,1,0,REMOVE,COVERED_OWNER_STATE_WITH_NO_FINAL_HISTORICAL_TARGET_FOR_THIS_BUILDING,NO,NO,COVERAGE_COMPLETE,Coverage_Status=COVERED_POSITIVE | Research_Files=BUILD_START_1776_SUPPLEMENTAL_OWNER_STATE_COVERAGE_CORRIGE.csv; BUILD_START_1776_SUPPLEMENTAL_RESEARCH_CORRIGE.csv | CURRENT_SOURCE=common/history/buildings/02_east_europe.txt:common/history/buildings/02_east_europe.txt:1286
TRS,STATE_NORTHERN_TRANSYLVANIA,building_logging_camp,3,0,REMOVE,COVERED_OWNER_STATE_WITH_NO_FINAL_HISTORICAL_TARGET_FOR_THIS_BUILDING,NO,NO,COVERAGE_COMPLETE,Coverage_Status=COVERED_POSITIVE | Research_Files=BUILD_START_1776_SUPPLEMENTAL_OWNER_STATE_COVERAGE_CORRIGE.csv; BUILD_START_1776_SUPPLEMENTAL_RESEARCH_CORRIGE.csv | CURRENT_SOURCE=common/history/buildings/02_east_europe.txt:common/history/buildings/02_east_europe.txt:1254
TRS,STATE_NORTHERN_TRANSYLVANIA,building_wheat_farm,1,0,REMOVE,COVERED_OWNER_STATE_WITH_NO_FINAL_HISTORICAL_TARGET_FOR_THIS_BUILDING,NO,NO,COVERAGE_COMPLETE,Coverage_Status=COVERED_POSITIVE | Research_Files=BUILD_START_1776_SUPPLEMENTAL_OWNER_STATE_COVERAGE_CORRIGE.csv; BUILD_START_1776_SUPPLEMENTAL_RESEARCH_CORRIGE.csv | CURRENT_SOURCE=common/history/buildings/02_east_europe.txt:common/history/buildings/02_east_europe.txt:1273
TRS,STATE_SOUTHERN_TRANSYLVANIA,building_iron_mine,2,0,REMOVE,COVERED_OWNER_STATE_WITH_NO_FINAL_HISTORICAL_TARGET_FOR_THIS_BUILDING,NO,NO,COVERAGE_COMPLETE,Coverage_Status=COVERED_POSITIVE | Research_Files=BUILD_START_1776_SUPPLEMENTAL_OWNER_STATE_COVERAGE_CORRIGE.csv; BUILD_START_1776_SUPPLEMENTAL_RESEARCH_CORRIGE.csv | CURRENT_SOURCE=common/history/buildings/02_east_europe.txt:common/history/buildings/02_east_europe.txt:1207
TRS,STATE_SOUTHERN_TRANSYLVANIA,building_logging_camp,5,0,REMOVE,COVERED_OWNER_STATE_WITH_NO_FINAL_HISTORICAL_TARGET_FOR_THIS_BUILDING,NO,NO,COVERAGE_COMPLETE,Coverage_Status=COVERED_POSITIVE | Research_Files=BUILD_START_1776_SUPPLEMENTAL_OWNER_STATE_COVERAGE_CORRIGE.csv; BUILD_START_1776_SUPPLEMENTAL_RESEARCH_CORRIGE.csv | CURRENT_SOURCE=common/history/buildings/02_east_europe.txt:common/history/buildings/02_east_europe.txt:1188
TRS,STATE_SOUTHERN_TRANSYLVANIA,building_silk_plantation,1,0,REMOVE,COVERED_OWNER_STATE_WITH_NO_FINAL_HISTORICAL_TARGET_FOR_THIS_BUILDING,NO,NO,COVERAGE_COMPLETE,Coverage_Status=COVERED_POSITIVE | Research_Files=BUILD_START_1776_SUPPLEMENTAL_OWNER_STATE_COVERAGE_CORRIGE.csv; BUILD_START_1776_SUPPLEMENTAL_RESEARCH_CORRIGE.csv | CURRENT_SOURCE=common/history/buildings/02_east_europe.txt:common/history/buildings/02_east_europe.txt:1162
TRS,STATE_SOUTHERN_TRANSYLVANIA,building_vineyard,1,0,REMOVE,COVERED_OWNER_STATE_WITH_NO_FINAL_HISTORICAL_TARGET_FOR_THIS_BUILDING,NO,NO,COVERAGE_COMPLETE,Coverage_Status=COVERED_POSITIVE | Research_Files=BUILD_START_1776_SUPPLEMENTAL_OWNER_STATE_COVERAGE_CORRIGE.csv; BUILD_START_1776_SUPPLEMENTAL_RESEARCH_CORRIGE.csv | CURRENT_SOURCE=common/history/buildings/02_east_europe.txt:common/history/buildings/02_east_europe.txt:1175
TRS,STATE_SOUTHERN_TRANSYLVANIA,building_wheat_farm,1,0,REMOVE,COVERED_OWNER_STATE_WITH_NO_FINAL_HISTORICAL_TARGET_FOR_THIS_BUILDING,NO,NO,COVERAGE_COMPLETE,Coverage_Status=COVERED_POSITIVE | Research_Files=BUILD_START_1776_SUPPLEMENTAL_OWNER_STATE_COVERAGE_CORRIGE.csv; BUILD_START_1776_SUPPLEMENTAL_RESEARCH_CORRIGE.csv | CURRENT_SOURCE=common/history/buildings/02_east_europe.txt:common/history/buildings/02_east_europe.txt:1149
TUN,STATE_TUNISIA,building_logging_camp,4,0,REMOVE,COVERED_OWNER_STATE_WITH_NO_FINAL_HISTORICAL_TARGET_FOR_THIS_BUILDING,NO,NO,COVERAGE_COMPLETE,Coverage_Status=COVERED_POSITIVE | Research_Files=BUILD_START_1776_R3_OWNER_STATE_COVERAGE.csv;BUILD_START_1776_R3_RECOMMENDATIONS.csv | CURRENT_SOURCE=common/history/buildings/03_north_africa.txt:common/history/buildings/03_north_africa.txt:848
TUN,STATE_TUNISIA,building_naval_administration,1,0,REMOVE,COVERED_OWNER_STATE_WITH_NO_FINAL_HISTORICAL_TARGET_FOR_THIS_BUILDING,NO,NO,COVERAGE_COMPLETE,Coverage_Status=COVERED_POSITIVE | Research_Files=BUILD_START_1776_R3_OWNER_STATE_COVERAGE.csv;BUILD_START_1776_R3_RECOMMENDATIONS.csv | CURRENT_SOURCE=common/history/buildings/03_north_africa.txt:common/history/buildings/03_north_africa.txt:904
TUR,STATE_ADANA,building_fishing_wharf,2,0,REMOVE,COVERED_OWNER_STATE_WITH_NO_FINAL_HISTORICAL_TARGET_FOR_THIS_BUILDING,NO,NO,COVERAGE_COMPLETE,Coverage_Status=COVERED_POSITIVE | Research_Files=BUILD_START_1776_R3_OWNER_STATE_COVERAGE.csv;BUILD_START_1776_R3_RECOMMENDATIONS.csv | CURRENT_SOURCE=common/history/buildings/08_middle_east.txt:common/history/buildings/08_middle_east.txt:1485
TUR,STATE_ALBANIA,building_fishing_wharf,2,0,REMOVE,COVERED_OWNER_STATE_WITH_NO_FINAL_HISTORICAL_TARGET_FOR_THIS_BUILDING,NO,NO,COVERAGE_COMPLETE,Coverage_Status=COVERED_ZERO_POSITIVE | Research_Files=BUILD_START_1776_SUPPLEMENTAL_OWNER_STATE_COVERAGE_CORRIGE.csv | CURRENT_SOURCE=common/history/buildings/01_south_europe.txt:common/history/buildings/01_south_europe.txt:4713
TUR,STATE_ALBANIA,building_logging_camp,2,0,REMOVE,COVERED_OWNER_STATE_WITH_NO_FINAL_HISTORICAL_TARGET_FOR_THIS_BUILDING,NO,NO,COVERAGE_COMPLETE,Coverage_Status=COVERED_ZERO_POSITIVE | Research_Files=BUILD_START_1776_SUPPLEMENTAL_OWNER_STATE_COVERAGE_CORRIGE.csv | CURRENT_SOURCE=common/history/buildings/01_south_europe.txt:common/history/buildings/01_south_europe.txt:4726
TUR,STATE_ALBANIA,building_port,1,0,REMOVE,COVERED_OWNER_STATE_WITH_NO_FINAL_HISTORICAL_TARGET_FOR_THIS_BUILDING,NO,NO,COVERAGE_COMPLETE,Coverage_Status=COVERED_ZERO_POSITIVE | Research_Files=BUILD_START_1776_SUPPLEMENTAL_OWNER_STATE_COVERAGE_CORRIGE.csv | CURRENT_SOURCE=common/history/buildings/01_south_europe.txt:common/history/buildings/01_south_europe.txt:4745
TUR,STATE_ALBANIA,building_textile_mill,1,0,REMOVE,COVERED_OWNER_STATE_WITH_NO_FINAL_HISTORICAL_TARGET_FOR_THIS_BUILDING,NO,NO,COVERAGE_COMPLETE,Coverage_Status=COVERED_ZERO_POSITIVE | Research_Files=BUILD_START_1776_SUPPLEMENTAL_OWNER_STATE_COVERAGE_CORRIGE.csv | CURRENT_SOURCE=common/history/buildings/01_south_europe.txt:common/history/buildings/01_south_europe.txt:4700
TUR,STATE_ALEPPO,building_port,1,0,REMOVE,COVERED_OWNER_STATE_WITH_NO_FINAL_HISTORICAL_TARGET_FOR_THIS_BUILDING,NO,NO,COVERAGE_COMPLETE,Coverage_Status=COVERED_POSITIVE | Research_Files=BUILD_START_1776_R3_OWNER_STATE_COVERAGE.csv;BUILD_START_1776_R3_RECOMMENDATIONS.csv | CURRENT_SOURCE=common/history/buildings/08_middle_east.txt:common/history/buildings/08_middle_east.txt:328
TUR,STATE_ALEPPO,building_tobacco_plantation,1,0,REMOVE,COVERED_OWNER_STATE_WITH_NO_FINAL_HISTORICAL_TARGET_FOR_THIS_BUILDING,NO,NO,COVERAGE_COMPLETE,Coverage_Status=COVERED_POSITIVE | Research_Files=BUILD_START_1776_R3_OWNER_STATE_COVERAGE.csv;BUILD_START_1776_R3_RECOMMENDATIONS.csv | CURRENT_SOURCE=common/history/buildings/08_middle_east.txt:common/history/buildings/08_middle_east.txt:314
TUR,STATE_ANKARA,building_government_administration,3,0,REMOVE,COVERED_OWNER_STATE_WITH_NO_FINAL_HISTORICAL_TARGET_FOR_THIS_BUILDING,NO,NO,COVERAGE_COMPLETE,Coverage_Status=COVERED_POSITIVE | Research_Files=BUILD_START_1776_R3_OWNER_STATE_COVERAGE.csv;BUILD_START_1776_R3_RECOMMENDATIONS.csv | CURRENT_SOURCE=common/history/buildings/08_middle_east.txt:common/history/buildings/08_middle_east.txt:1623
TUR,STATE_ANKARA,building_salt_mine,1,0,REMOVE,COVERED_OWNER_STATE_WITH_NO_FINAL_HISTORICAL_TARGET_FOR_THIS_BUILDING,NO,NO,COVERAGE_COMPLETE,Coverage_Status=COVERED_POSITIVE | Research_Files=BUILD_START_1776_R3_OWNER_STATE_COVERAGE.csv;BUILD_START_1776_R3_RECOMMENDATIONS.csv | CURRENT_SOURCE=common/history/buildings/99_tech6a2_salt_starting_buildings.txt:common/history/buildings/99_tech6a2_salt_starting_buildings.txt:237
TUR,STATE_ANKARA,building_tea_plantation,2,0,REMOVE,COVERED_OWNER_STATE_WITH_NO_FINAL_HISTORICAL_TARGET_FOR_THIS_BUILDING,NO,NO,COVERAGE_COMPLETE,Coverage_Status=COVERED_POSITIVE | Research_Files=BUILD_START_1776_R3_OWNER_STATE_COVERAGE.csv;BUILD_START_1776_R3_RECOMMENDATIONS.csv | CURRENT_SOURCE=common/history/buildings/08_middle_east.txt:common/history/buildings/08_middle_east.txt:1673
TUR,STATE_ANKARA,building_tobacco_plantation,2,0,REMOVE,COVERED_OWNER_STATE_WITH_NO_FINAL_HISTORICAL_TARGET_FOR_THIS_BUILDING,NO,NO,COVERAGE_COMPLETE,Coverage_Status=COVERED_POSITIVE | Research_Files=BUILD_START_1776_R3_OWNER_STATE_COVERAGE.csv;BUILD_START_1776_R3_RECOMMENDATIONS.csv | CURRENT_SOURCE=common/history/buildings/08_middle_east.txt:common/history/buildings/08_middle_east.txt:1660
TUR,STATE_ATTICA,building_government_administration,2,0,REMOVE,COVERED_OWNER_STATE_WITH_NO_FINAL_HISTORICAL_TARGET_FOR_THIS_BUILDING,NO,NO,COVERAGE_COMPLETE,Coverage_Status=COVERED_POSITIVE | Research_Files=BUILD_START_1776_SUPPLEMENTAL_OWNER_STATE_COVERAGE_CORRIGE.csv; BUILD_START_1776_SUPPLEMENTAL_RESEARCH_CORRIGE.csv | CURRENT_SOURCE=common/history/buildings/01_south_europe.txt:common/history/buildings/01_south_europe.txt:5509
TUR,STATE_ATTICA,building_port,1,0,REMOVE,COVERED_OWNER_STATE_WITH_NO_FINAL_HISTORICAL_TARGET_FOR_THIS_BUILDING,NO,NO,COVERAGE_COMPLETE,Coverage_Status=COVERED_POSITIVE | Research_Files=BUILD_START_1776_SUPPLEMENTAL_OWNER_STATE_COVERAGE_CORRIGE.csv; BUILD_START_1776_SUPPLEMENTAL_RESEARCH_CORRIGE.csv | CURRENT_SOURCE=common/history/buildings/01_south_europe.txt:common/history/buildings/01_south_europe.txt:5533
TUR,STATE_ATTICA,building_shipyard,1,0,REMOVE,COVERED_OWNER_STATE_WITH_NO_FINAL_HISTORICAL_TARGET_FOR_THIS_BUILDING,NO,NO,COVERAGE_COMPLETE,Coverage_Status=COVERED_POSITIVE | Research_Files=BUILD_START_1776_SUPPLEMENTAL_OWNER_STATE_COVERAGE_CORRIGE.csv; BUILD_START_1776_SUPPLEMENTAL_RESEARCH_CORRIGE.csv | CURRENT_SOURCE=common/history/buildings/01_south_europe.txt:common/history/buildings/01_south_europe.txt:5520
TUR,STATE_AYDIN,building_fishing_wharf,4,0,REMOVE,COVERED_OWNER_STATE_WITH_NO_FINAL_HISTORICAL_TARGET_FOR_THIS_BUILDING,NO,NO,COVERAGE_COMPLETE,Coverage_Status=COVERED_POSITIVE | Research_Files=BUILD_START_1776_R3_OWNER_STATE_COVERAGE.csv;BUILD_START_1776_R3_RECOMMENDATIONS.csv | CURRENT_SOURCE=common/history/buildings/08_middle_east.txt:common/history/buildings/08_middle_east.txt:1263
TUR,STATE_AYDIN,building_furniture_manufactory,2,0,REMOVE,COVERED_OWNER_STATE_WITH_NO_FINAL_HISTORICAL_TARGET_FOR_THIS_BUILDING,NO,NO,COVERAGE_COMPLETE,Coverage_Status=COVERED_POSITIVE | Research_Files=BUILD_START_1776_R3_OWNER_STATE_COVERAGE.csv;BUILD_START_1776_R3_RECOMMENDATIONS.csv | CURRENT_SOURCE=common/history/buildings/08_middle_east.txt:common/history/buildings/08_middle_east.txt:1250
TUR,STATE_AYDIN,building_silk_plantation,2,0,REMOVE,COVERED_OWNER_STATE_WITH_NO_FINAL_HISTORICAL_TARGET_FOR_THIS_BUILDING,NO,NO,COVERAGE_COMPLETE,Coverage_Status=COVERED_POSITIVE | Research_Files=BUILD_START_1776_R3_OWNER_STATE_COVERAGE.csv;BUILD_START_1776_R3_RECOMMENDATIONS.csv | CURRENT_SOURCE=common/history/buildings/08_middle_east.txt:common/history/buildings/08_middle_east.txt:1289
TUR,STATE_AYDIN,building_tea_plantation,1,0,REMOVE,COVERED_OWNER_STATE_WITH_NO_FINAL_HISTORICAL_TARGET_FOR_THIS_BUILDING,NO,NO,COVERAGE_COMPLETE,Coverage_Status=COVERED_POSITIVE | Research_Files=BUILD_START_1776_R3_OWNER_STATE_COVERAGE.csv;BUILD_START_1776_R3_RECOMMENDATIONS.csv | CURRENT_SOURCE=common/history/buildings/08_middle_east.txt:common/history/buildings/08_middle_east.txt:1302
TUR,STATE_AYDIN,building_tobacco_plantation,1,0,REMOVE,COVERED_OWNER_STATE_WITH_NO_FINAL_HISTORICAL_TARGET_FOR_THIS_BUILDING,NO,NO,COVERAGE_COMPLETE,Coverage_Status=COVERED_POSITIVE | Research_Files=BUILD_START_1776_R3_OWNER_STATE_COVERAGE.csv;BUILD_START_1776_R3_RECOMMENDATIONS.csv | CURRENT_SOURCE=common/history/buildings/08_middle_east.txt:common/history/buildings/08_middle_east.txt:1315
TUR,STATE_AYDIN,building_wheat_farm,3,0,REMOVE,COVERED_OWNER_STATE_WITH_NO_FINAL_HISTORICAL_TARGET_FOR_THIS_BUILDING,NO,NO,COVERAGE_COMPLETE,Coverage_Status=COVERED_POSITIVE | Research_Files=BUILD_START_1776_R3_OWNER_STATE_COVERAGE.csv;BUILD_START_1776_R3_RECOMMENDATIONS.csv | CURRENT_SOURCE=common/history/buildings/08_middle_east.txt:common/history/buildings/08_middle_east.txt:1276
TUR,STATE_BOSNIA,building_arms_industry,2,0,REMOVE,COVERED_OWNER_STATE_WITH_NO_FINAL_HISTORICAL_TARGET_FOR_THIS_BUILDING,NO,NO,COVERAGE_COMPLETE,Coverage_Status=COVERED_ZERO_POSITIVE | Research_Files=BUILD_START_1776_SUPPLEMENTAL_OWNER_STATE_COVERAGE_CORRIGE.csv | CURRENT_SOURCE=common/history/buildings/01_south_europe.txt:common/history/buildings/01_south_europe.txt:4773
TUR,STATE_BOSNIA,building_artillery_foundry,1,0,REMOVE,COVERED_OWNER_STATE_WITH_NO_FINAL_HISTORICAL_TARGET_FOR_THIS_BUILDING,NO,NO,COVERAGE_COMPLETE,Coverage_Status=COVERED_ZERO_POSITIVE | Research_Files=BUILD_START_1776_SUPPLEMENTAL_OWNER_STATE_COVERAGE_CORRIGE.csv | CURRENT_SOURCE=common/history/buildings/01_south_europe.txt:common/history/buildings/01_south_europe.txt:4784
TUR,STATE_BOSNIA,building_iron_mine,4,0,REMOVE,COVERED_OWNER_STATE_WITH_NO_FINAL_HISTORICAL_TARGET_FOR_THIS_BUILDING,NO,NO,COVERAGE_COMPLETE,Coverage_Status=COVERED_ZERO_POSITIVE | Research_Files=BUILD_START_1776_SUPPLEMENTAL_OWNER_STATE_COVERAGE_CORRIGE.csv | CURRENT_SOURCE=common/history/buildings/01_south_europe.txt:common/history/buildings/01_south_europe.txt:4795
TUR,STATE_BOSNIA,building_livestock_ranch,1,0,REMOVE,COVERED_OWNER_STATE_WITH_NO_FINAL_HISTORICAL_TARGET_FOR_THIS_BUILDING,NO,NO,COVERAGE_COMPLETE,Coverage_Status=COVERED_ZERO_POSITIVE | Research_Files=BUILD_START_1776_SUPPLEMENTAL_OWNER_STATE_COVERAGE_CORRIGE.csv | CURRENT_SOURCE=common/history/buildings/01_south_europe.txt:common/history/buildings/01_south_europe.txt:4827
TUR,STATE_BOSNIA,building_logging_camp,2,0,REMOVE,COVERED_OWNER_STATE_WITH_NO_FINAL_HISTORICAL_TARGET_FOR_THIS_BUILDING,NO,NO,COVERAGE_COMPLETE,Coverage_Status=COVERED_ZERO_POSITIVE | Research_Files=BUILD_START_1776_SUPPLEMENTAL_OWNER_STATE_COVERAGE_CORRIGE.csv | CURRENT_SOURCE=common/history/buildings/01_south_europe.txt:common/history/buildings/01_south_europe.txt:4814
TUR,STATE_BOSNIA,building_tooling_workshop,2,0,REMOVE,COVERED_OWNER_STATE_WITH_NO_FINAL_HISTORICAL_TARGET_FOR_THIS_BUILDING,NO,NO,COVERAGE_COMPLETE,Coverage_Status=COVERED_ZERO_POSITIVE | Research_Files=BUILD_START_1776_SUPPLEMENTAL_OWNER_STATE_COVERAGE_CORRIGE.csv | CURRENT_SOURCE=common/history/buildings/01_south_europe.txt:common/history/buildings/01_south_europe.txt:4760
TUR,STATE_BULGARIA,building_furniture_manufactory,3,0,REMOVE,COVERED_OWNER_STATE_WITH_NO_FINAL_HISTORICAL_TARGET_FOR_THIS_BUILDING,NO,NO,COVERAGE_COMPLETE,Coverage_Status=COVERED_ZERO_POSITIVE | Research_Files=BUILD_START_1776_SUPPLEMENTAL_OWNER_STATE_COVERAGE_CORRIGE.csv | CURRENT_SOURCE=common/history/buildings/01_south_europe.txt:common/history/buildings/01_south_europe.txt:4926
TUR,STATE_BULGARIA,building_livestock_ranch,1,0,REMOVE,COVERED_OWNER_STATE_WITH_NO_FINAL_HISTORICAL_TARGET_FOR_THIS_BUILDING,NO,NO,COVERAGE_COMPLETE,Coverage_Status=COVERED_ZERO_POSITIVE | Research_Files=BUILD_START_1776_SUPPLEMENTAL_OWNER_STATE_COVERAGE_CORRIGE.csv | CURRENT_SOURCE=common/history/buildings/01_south_europe.txt:common/history/buildings/01_south_europe.txt:4988
TUR,STATE_BULGARIA,building_logging_camp,4,0,REMOVE,COVERED_OWNER_STATE_WITH_NO_FINAL_HISTORICAL_TARGET_FOR_THIS_BUILDING,NO,NO,COVERAGE_COMPLETE,Coverage_Status=COVERED_ZERO_POSITIVE | Research_Files=BUILD_START_1776_SUPPLEMENTAL_OWNER_STATE_COVERAGE_CORRIGE.csv | CURRENT_SOURCE=common/history/buildings/01_south_europe.txt:common/history/buildings/01_south_europe.txt:5001
TUR,STATE_BULGARIA,building_port,1,0,REMOVE,COVERED_OWNER_STATE_WITH_NO_FINAL_HISTORICAL_TARGET_FOR_THIS_BUILDING,NO,NO,COVERAGE_COMPLETE,Coverage_Status=COVERED_ZERO_POSITIVE | Research_Files=BUILD_START_1776_SUPPLEMENTAL_OWNER_STATE_COVERAGE_CORRIGE.csv | CURRENT_SOURCE=common/history/buildings/01_south_europe.txt:common/history/buildings/01_south_europe.txt:4964
TUR,STATE_BULGARIA,building_trade_center,1,0,REMOVE,COVERED_OWNER_STATE_WITH_NO_FINAL_HISTORICAL_TARGET_FOR_THIS_BUILDING,NO,NO,COVERAGE_COMPLETE,Coverage_Status=COVERED_ZERO_POSITIVE | Research_Files=BUILD_START_1776_SUPPLEMENTAL_OWNER_STATE_COVERAGE_CORRIGE.csv | CURRENT_SOURCE=common/history/buildings/01_south_europe.txt:common/history/buildings/01_south_europe.txt:4952
TUR,STATE_BULGARIA,building_vineyard,2,0,REMOVE,COVERED_OWNER_STATE_WITH_NO_FINAL_HISTORICAL_TARGET_FOR_THIS_BUILDING,NO,NO,COVERAGE_COMPLETE,Coverage_Status=COVERED_ZERO_POSITIVE | Research_Files=BUILD_START_1776_SUPPLEMENTAL_OWNER_STATE_COVERAGE_CORRIGE.csv | CURRENT_SOURCE=common/history/buildings/01_south_europe.txt:common/history/buildings/01_south_europe.txt:4939
TUR,STATE_BULGARIA,building_wheat_farm,4,0,REMOVE,COVERED_OWNER_STATE_WITH_NO_FINAL_HISTORICAL_TARGET_FOR_THIS_BUILDING,NO,NO,COVERAGE_COMPLETE,Coverage_Status=COVERED_ZERO_POSITIVE | Research_Files=BUILD_START_1776_SUPPLEMENTAL_OWNER_STATE_COVERAGE_CORRIGE.csv | CURRENT_SOURCE=common/history/buildings/01_south_europe.txt:common/history/buildings/01_south_europe.txt:4975
TUR,STATE_CRETE,building_fishing_wharf,1,0,REMOVE,COVERED_OWNER_STATE_WITH_NO_FINAL_HISTORICAL_TARGET_FOR_THIS_BUILDING,NO,NO,COVERAGE_COMPLETE,Coverage_Status=COVERED_POSITIVE | Research_Files=BUILD_START_1776_SUPPLEMENTAL_OWNER_STATE_COVERAGE_CORRIGE.csv; BUILD_START_1776_SUPPLEMENTAL_RESEARCH_CORRIGE.csv | CURRENT_SOURCE=common/history/buildings/01_south_europe.txt:common/history/buildings/01_south_europe.txt:5434
TUR,STATE_CRETE,building_port,1,0,REMOVE,COVERED_OWNER_STATE_WITH_NO_FINAL_HISTORICAL_TARGET_FOR_THIS_BUILDING,NO,NO,COVERAGE_COMPLETE,Coverage_Status=COVERED_POSITIVE | Research_Files=BUILD_START_1776_SUPPLEMENTAL_OWNER_STATE_COVERAGE_CORRIGE.csv; BUILD_START_1776_SUPPLEMENTAL_RESEARCH_CORRIGE.csv | CURRENT_SOURCE=common/history/buildings/01_south_europe.txt:common/history/buildings/01_south_europe.txt:5447
TUR,STATE_DIYARBAKIR,building_tea_plantation,2,0,REMOVE,COVERED_OWNER_STATE_WITH_NO_FINAL_HISTORICAL_TARGET_FOR_THIS_BUILDING,NO,NO,COVERAGE_COMPLETE,Coverage_Status=COVERED_POSITIVE | Research_Files=BUILD_START_1776_R3_OWNER_STATE_COVERAGE.csv;BUILD_START_1776_R3_RECOMMENDATIONS.csv | CURRENT_SOURCE=common/history/buildings/08_middle_east.txt:common/history/buildings/08_middle_east.txt:1455
TUR,STATE_DIYARBAKIR,building_tobacco_plantation,2,0,REMOVE,COVERED_OWNER_STATE_WITH_NO_FINAL_HISTORICAL_TARGET_FOR_THIS_BUILDING,NO,NO,COVERAGE_COMPLETE,Coverage_Status=COVERED_POSITIVE | Research_Files=BUILD_START_1776_R3_OWNER_STATE_COVERAGE.csv;BUILD_START_1776_R3_RECOMMENDATIONS.csv | CURRENT_SOURCE=common/history/buildings/08_middle_east.txt:common/history/buildings/08_middle_east.txt:1468
TUR,STATE_DOBRUDJA,building_fishing_wharf,2,0,REMOVE,COVERED_OWNER_STATE_WITH_NO_FINAL_HISTORICAL_TARGET_FOR_THIS_BUILDING,NO,NO,COVERAGE_COMPLETE,Coverage_Status=COVERED_ZERO_POSITIVE | Research_Files=BUILD_START_1776_SUPPLEMENTAL_OWNER_STATE_COVERAGE_CORRIGE.csv | CURRENT_SOURCE=common/history/buildings/01_south_europe.txt:common/history/buildings/01_south_europe.txt:4633
TUR,STATE_DOBRUDJA,building_logging_camp,1,0,REMOVE,COVERED_OWNER_STATE_WITH_NO_FINAL_HISTORICAL_TARGET_FOR_THIS_BUILDING,NO,NO,COVERAGE_COMPLETE,Coverage_Status=COVERED_ZERO_POSITIVE | Research_Files=BUILD_START_1776_SUPPLEMENTAL_OWNER_STATE_COVERAGE_CORRIGE.csv | CURRENT_SOURCE=common/history/buildings/01_south_europe.txt:common/history/buildings/01_south_europe.txt:4659
TUR,STATE_DOBRUDJA,building_port,1,0,REMOVE,COVERED_OWNER_STATE_WITH_NO_FINAL_HISTORICAL_TARGET_FOR_THIS_BUILDING,NO,NO,COVERAGE_COMPLETE,Coverage_Status=COVERED_ZERO_POSITIVE | Research_Files=BUILD_START_1776_SUPPLEMENTAL_OWNER_STATE_COVERAGE_CORRIGE.csv | CURRENT_SOURCE=common/history/buildings/01_south_europe.txt:common/history/buildings/01_south_europe.txt:4672
TUR,STATE_DOBRUDJA,building_wheat_farm,2,0,REMOVE,COVERED_OWNER_STATE_WITH_NO_FINAL_HISTORICAL_TARGET_FOR_THIS_BUILDING,NO,NO,COVERAGE_COMPLETE,Coverage_Status=COVERED_ZERO_POSITIVE | Research_Files=BUILD_START_1776_SUPPLEMENTAL_OWNER_STATE_COVERAGE_CORRIGE.csv | CURRENT_SOURCE=common/history/buildings/01_south_europe.txt:common/history/buildings/01_south_europe.txt:4646
TUR,STATE_EASTERN_THRACE,building_construction_sector,2,0,REMOVE,COVERED_OWNER_STATE_WITH_NO_FINAL_HISTORICAL_TARGET_FOR_THIS_BUILDING,NO,NO,COVERAGE_COMPLETE,Coverage_Status=COVERED_POSITIVE | Research_Files=BUILD_START_1776_SUPPLEMENTAL_OWNER_STATE_COVERAGE_CORRIGE.csv; BUILD_START_1776_SUPPLEMENTAL_RESEARCH_CORRIGE.csv | CURRENT_SOURCE=common/history/buildings/01_south_europe.txt:common/history/buildings/01_south_europe.txt:4505
TUR,STATE_EASTERN_THRACE,building_fishing_wharf,2,0,REMOVE,COVERED_OWNER_STATE_WITH_NO_FINAL_HISTORICAL_TARGET_FOR_THIS_BUILDING,NO,NO,COVERAGE_COMPLETE,Coverage_Status=COVERED_POSITIVE | Research_Files=BUILD_START_1776_SUPPLEMENTAL_OWNER_STATE_COVERAGE_CORRIGE.csv; BUILD_START_1776_SUPPLEMENTAL_RESEARCH_CORRIGE.csv | CURRENT_SOURCE=common/history/buildings/01_south_europe.txt:common/history/buildings/01_south_europe.txt:4551
TUR,STATE_EASTERN_THRACE,building_government_administration,10,0,REMOVE,COVERED_OWNER_STATE_WITH_NO_FINAL_HISTORICAL_TARGET_FOR_THIS_BUILDING,NO,NO,COVERAGE_COMPLETE,Coverage_Status=COVERED_POSITIVE | Research_Files=BUILD_START_1776_SUPPLEMENTAL_OWNER_STATE_COVERAGE_CORRIGE.csv; BUILD_START_1776_SUPPLEMENTAL_RESEARCH_CORRIGE.csv | CURRENT_SOURCE=common/history/buildings/01_south_europe.txt:common/history/buildings/01_south_europe.txt:4470
TUR,STATE_EASTERN_THRACE,building_hagia_sophia,1,0,REMOVE,COVERED_OWNER_STATE_WITH_NO_FINAL_HISTORICAL_TARGET_FOR_THIS_BUILDING,NO,NO,COVERAGE_COMPLETE,Coverage_Status=COVERED_POSITIVE | Research_Files=BUILD_START_1776_SUPPLEMENTAL_OWNER_STATE_COVERAGE_CORRIGE.csv; BUILD_START_1776_SUPPLEMENTAL_RESEARCH_CORRIGE.csv | CURRENT_SOURCE=common/history/buildings/01_south_europe.txt:common/history/buildings/01_south_europe.txt:4614
TUR,STATE_EASTERN_THRACE,building_naval_administration,6,0,REMOVE,COVERED_OWNER_STATE_WITH_NO_FINAL_HISTORICAL_TARGET_FOR_THIS_BUILDING,NO,NO,COVERAGE_COMPLETE,Coverage_Status=COVERED_POSITIVE | Research_Files=BUILD_START_1776_SUPPLEMENTAL_OWNER_STATE_COVERAGE_CORRIGE.csv; BUILD_START_1776_SUPPLEMENTAL_RESEARCH_CORRIGE.csv | CURRENT_SOURCE=common/history/buildings/01_south_europe.txt:common/history/buildings/01_south_europe.txt:4618
TUR,STATE_EASTERN_THRACE,building_paper_mill,3,0,REMOVE,COVERED_OWNER_STATE_WITH_NO_FINAL_HISTORICAL_TARGET_FOR_THIS_BUILDING,NO,NO,COVERAGE_COMPLETE,Coverage_Status=COVERED_POSITIVE | Research_Files=BUILD_START_1776_SUPPLEMENTAL_OWNER_STATE_COVERAGE_CORRIGE.csv; BUILD_START_1776_SUPPLEMENTAL_RESEARCH_CORRIGE.csv | CURRENT_SOURCE=common/history/buildings/01_south_europe.txt:common/history/buildings/01_south_europe.txt:4494
TUR,STATE_EASTERN_THRACE,building_port,3,0,REMOVE,COVERED_OWNER_STATE_WITH_NO_FINAL_HISTORICAL_TARGET_FOR_THIS_BUILDING,NO,NO,COVERAGE_COMPLETE,Coverage_Status=COVERED_POSITIVE | Research_Files=BUILD_START_1776_SUPPLEMENTAL_OWNER_STATE_COVERAGE_CORRIGE.csv; BUILD_START_1776_SUPPLEMENTAL_RESEARCH_CORRIGE.csv | CURRENT_SOURCE=common/history/buildings/01_south_europe.txt:common/history/buildings/01_south_europe.txt:4603
TUR,STATE_EASTERN_THRACE,building_shipyard,4,0,REMOVE,COVERED_OWNER_STATE_WITH_NO_FINAL_HISTORICAL_TARGET_FOR_THIS_BUILDING,NO,NO,COVERAGE_COMPLETE,Coverage_Status=COVERED_POSITIVE | Research_Files=BUILD_START_1776_SUPPLEMENTAL_OWNER_STATE_COVERAGE_CORRIGE.csv; BUILD_START_1776_SUPPLEMENTAL_RESEARCH_CORRIGE.csv | CURRENT_SOURCE=common/history/buildings/01_south_europe.txt|common/history/buildings/01_south_europe.txt:common/history/buildings/01_south_europe.txt:4516|common/history/buildings/01_south_europe.txt:4527
TUR,STATE_EASTERN_THRACE,building_silk_plantation,2,0,REMOVE,COVERED_OWNER_STATE_WITH_NO_FINAL_HISTORICAL_TARGET_FOR_THIS_BUILDING,NO,NO,COVERAGE_COMPLETE,Coverage_Status=COVERED_POSITIVE | Research_Files=BUILD_START_1776_SUPPLEMENTAL_OWNER_STATE_COVERAGE_CORRIGE.csv; BUILD_START_1776_SUPPLEMENTAL_RESEARCH_CORRIGE.csv | CURRENT_SOURCE=common/history/buildings/01_south_europe.txt:common/history/buildings/01_south_europe.txt:4577
TUR,STATE_EASTERN_THRACE,building_textile_mill,2,0,REMOVE,COVERED_OWNER_STATE_WITH_NO_FINAL_HISTORICAL_TARGET_FOR_THIS_BUILDING,NO,NO,COVERAGE_COMPLETE,Coverage_Status=COVERED_POSITIVE | Research_Files=BUILD_START_1776_SUPPLEMENTAL_OWNER_STATE_COVERAGE_CORRIGE.csv; BUILD_START_1776_SUPPLEMENTAL_RESEARCH_CORRIGE.csv | CURRENT_SOURCE=common/history/buildings/01_south_europe.txt:common/history/buildings/01_south_europe.txt:4538
TUR,STATE_EASTERN_THRACE,building_tobacco_plantation,2,0,REMOVE,COVERED_OWNER_STATE_WITH_NO_FINAL_HISTORICAL_TARGET_FOR_THIS_BUILDING,NO,NO,COVERAGE_COMPLETE,Coverage_Status=COVERED_POSITIVE | Research_Files=BUILD_START_1776_SUPPLEMENTAL_OWNER_STATE_COVERAGE_CORRIGE.csv; BUILD_START_1776_SUPPLEMENTAL_RESEARCH_CORRIGE.csv | CURRENT_SOURCE=common/history/buildings/01_south_europe.txt:common/history/buildings/01_south_europe.txt:4564
TUR,STATE_EASTERN_THRACE,building_trade_center,2,0,REMOVE,COVERED_OWNER_STATE_WITH_NO_FINAL_HISTORICAL_TARGET_FOR_THIS_BUILDING,NO,NO,COVERAGE_COMPLETE,Coverage_Status=COVERED_POSITIVE | Research_Files=BUILD_START_1776_SUPPLEMENTAL_OWNER_STATE_COVERAGE_CORRIGE.csv; BUILD_START_1776_SUPPLEMENTAL_RESEARCH_CORRIGE.csv | CURRENT_SOURCE=common/history/buildings/01_south_europe.txt:common/history/buildings/01_south_europe.txt:4481
TUR,STATE_EAST_AEGEAN_ISLANDS,building_fishing_wharf,1,0,REMOVE,COVERED_OWNER_STATE_WITH_NO_FINAL_HISTORICAL_TARGET_FOR_THIS_BUILDING,NO,NO,COVERAGE_COMPLETE,Coverage_Status=COVERED_POSITIVE | Research_Files=BUILD_START_1776_SUPPLEMENTAL_OWNER_STATE_COVERAGE_CORRIGE.csv; BUILD_START_1776_SUPPLEMENTAL_RESEARCH_CORRIGE.csv | CURRENT_SOURCE=common/history/buildings/01_south_europe.txt:common/history/buildings/01_south_europe.txt:5492
TUR,STATE_ERITREA,building_fishing_wharf,1,0,REMOVE,COVERED_OWNER_STATE_WITH_NO_FINAL_HISTORICAL_TARGET_FOR_THIS_BUILDING,NO,NO,COVERAGE_COMPLETE,Coverage_Status=COVERED_POSITIVE | Research_Files=BUILD_START_1776_R3_OWNER_STATE_COVERAGE.csv;BUILD_START_1776_R3_RECOMMENDATIONS.csv | CURRENT_SOURCE=common/history/buildings/03_north_africa.txt:common/history/buildings/03_north_africa.txt:152
TUR,STATE_ERITREA,building_port,1,0,REMOVE,COVERED_OWNER_STATE_WITH_NO_FINAL_HISTORICAL_TARGET_FOR_THIS_BUILDING,NO,NO,COVERAGE_COMPLETE,Coverage_Status=COVERED_POSITIVE | Research_Files=BUILD_START_1776_R3_OWNER_STATE_COVERAGE.csv;BUILD_START_1776_R3_RECOMMENDATIONS.csv | CURRENT_SOURCE=common/history/buildings/03_north_africa.txt:common/history/buildings/03_north_africa.txt:165
TUR,STATE_ERZURUM,building_logging_camp,2,0,REMOVE,COVERED_OWNER_STATE_WITH_NO_FINAL_HISTORICAL_TARGET_FOR_THIS_BUILDING,NO,NO,COVERAGE_COMPLETE,Coverage_Status=COVERED_POSITIVE | Research_Files=BUILD_START_1776_R3_OWNER_STATE_COVERAGE.csv;BUILD_START_1776_R3_RECOMMENDATIONS.csv | CURRENT_SOURCE=common/history/buildings/08_middle_east.txt:common/history/buildings/08_middle_east.txt:1580
TUR,STATE_ERZURUM,building_tea_plantation,1,0,REMOVE,COVERED_OWNER_STATE_WITH_NO_FINAL_HISTORICAL_TARGET_FOR_THIS_BUILDING,NO,NO,COVERAGE_COMPLETE,Coverage_Status=COVERED_POSITIVE | Research_Files=BUILD_START_1776_R3_OWNER_STATE_COVERAGE.csv;BUILD_START_1776_R3_RECOMMENDATIONS.csv | CURRENT_SOURCE=common/history/buildings/08_middle_east.txt:common/history/buildings/08_middle_east.txt:1606
TUR,STATE_HUDAVENDIGAR,building_fishing_wharf,1,0,REMOVE,COVERED_OWNER_STATE_WITH_NO_FINAL_HISTORICAL_TARGET_FOR_THIS_BUILDING,NO,NO,COVERAGE_COMPLETE,Coverage_Status=COVERED_POSITIVE | Research_Files=BUILD_START_1776_R3_OWNER_STATE_COVERAGE.csv;BUILD_START_1776_R3_RECOMMENDATIONS.csv | CURRENT_SOURCE=common/history/buildings/08_middle_east.txt:common/history/buildings/08_middle_east.txt:1170
TUR,STATE_HUDAVENDIGAR,building_government_administration,2,0,REMOVE,COVERED_OWNER_STATE_WITH_NO_FINAL_HISTORICAL_TARGET_FOR_THIS_BUILDING,NO,NO,COVERAGE_COMPLETE,Coverage_Status=COVERED_POSITIVE | Research_Files=BUILD_START_1776_R3_OWNER_STATE_COVERAGE.csv;BUILD_START_1776_R3_RECOMMENDATIONS.csv | CURRENT_SOURCE=common/history/buildings/08_middle_east.txt:common/history/buildings/08_middle_east.txt:1110
TUR,STATE_HUDAVENDIGAR,building_logging_camp,3,0,REMOVE,COVERED_OWNER_STATE_WITH_NO_FINAL_HISTORICAL_TARGET_FOR_THIS_BUILDING,NO,NO,COVERAGE_COMPLETE,Coverage_Status=COVERED_POSITIVE | Research_Files=BUILD_START_1776_R3_OWNER_STATE_COVERAGE.csv;BUILD_START_1776_R3_RECOMMENDATIONS.csv | CURRENT_SOURCE=common/history/buildings/08_middle_east.txt:common/history/buildings/08_middle_east.txt:1151
TUR,STATE_HUDAVENDIGAR,building_paper_mill,3,0,REMOVE,COVERED_OWNER_STATE_WITH_NO_FINAL_HISTORICAL_TARGET_FOR_THIS_BUILDING,NO,NO,COVERAGE_COMPLETE,Coverage_Status=COVERED_POSITIVE | Research_Files=BUILD_START_1776_R3_OWNER_STATE_COVERAGE.csv;BUILD_START_1776_R3_RECOMMENDATIONS.csv | CURRENT_SOURCE=common/history/buildings/08_middle_east.txt:common/history/buildings/08_middle_east.txt:1134
TUR,STATE_HUDAVENDIGAR,building_tea_plantation,4,0,REMOVE,COVERED_OWNER_STATE_WITH_NO_FINAL_HISTORICAL_TARGET_FOR_THIS_BUILDING,NO,NO,COVERAGE_COMPLETE,Coverage_Status=COVERED_POSITIVE | Research_Files=BUILD_START_1776_R3_OWNER_STATE_COVERAGE.csv;BUILD_START_1776_R3_RECOMMENDATIONS.csv | CURRENT_SOURCE=common/history/buildings/08_middle_east.txt:common/history/buildings/08_middle_east.txt:1183
TUR,STATE_HUDAVENDIGAR,building_wheat_farm,2,0,REMOVE,COVERED_OWNER_STATE_WITH_NO_FINAL_HISTORICAL_TARGET_FOR_THIS_BUILDING,NO,NO,COVERAGE_COMPLETE,Coverage_Status=COVERED_POSITIVE | Research_Files=BUILD_START_1776_R3_OWNER_STATE_COVERAGE.csv;BUILD_START_1776_R3_RECOMMENDATIONS.csv | CURRENT_SOURCE=common/history/buildings/08_middle_east.txt:common/history/buildings/08_middle_east.txt:1196
TUR,STATE_KARS,building_tea_plantation,1,0,REMOVE,COVERED_OWNER_STATE_WITH_NO_FINAL_HISTORICAL_TARGET_FOR_THIS_BUILDING,NO,NO,COVERAGE_COMPLETE,Coverage_Status=COVERED_POSITIVE | Research_Files=BUILD_START_1776_R3_OWNER_STATE_COVERAGE.csv;BUILD_START_1776_R3_RECOMMENDATIONS.csv | CURRENT_SOURCE=common/history/buildings/08_middle_east.txt:common/history/buildings/08_middle_east.txt:1703
TUR,STATE_KASTAMONU,building_fishing_wharf,3,0,REMOVE,COVERED_OWNER_STATE_WITH_NO_FINAL_HISTORICAL_TARGET_FOR_THIS_BUILDING,NO,NO,COVERAGE_COMPLETE,Coverage_Status=COVERED_POSITIVE | Research_Files=BUILD_START_1776_R3_OWNER_STATE_COVERAGE.csv;BUILD_START_1776_R3_RECOMMENDATIONS.csv | CURRENT_SOURCE=common/history/buildings/08_middle_east.txt:common/history/buildings/08_middle_east.txt:1425
TUR,STATE_KASTAMONU,building_tea_plantation,5,0,REMOVE,COVERED_OWNER_STATE_WITH_NO_FINAL_HISTORICAL_TARGET_FOR_THIS_BUILDING,NO,NO,COVERAGE_COMPLETE,Coverage_Status=COVERED_POSITIVE | Research_Files=BUILD_START_1776_R3_OWNER_STATE_COVERAGE.csv;BUILD_START_1776_R3_RECOMMENDATIONS.csv | CURRENT_SOURCE=common/history/buildings/08_middle_east.txt:common/history/buildings/08_middle_east.txt:1412
TUR,STATE_KONYA,building_cotton_plantation,2,0,REMOVE,COVERED_OWNER_STATE_WITH_NO_FINAL_HISTORICAL_TARGET_FOR_THIS_BUILDING,NO,NO,COVERAGE_COMPLETE,Coverage_Status=COVERED_POSITIVE | Research_Files=BUILD_START_1776_R3_OWNER_STATE_COVERAGE.csv;BUILD_START_1776_R3_RECOMMENDATIONS.csv | CURRENT_SOURCE=common/history/buildings/08_middle_east.txt:common/history/buildings/08_middle_east.txt:1356
TUR,STATE_KONYA,building_tea_plantation,2,0,REMOVE,COVERED_OWNER_STATE_WITH_NO_FINAL_HISTORICAL_TARGET_FOR_THIS_BUILDING,NO,NO,COVERAGE_COMPLETE,Coverage_Status=COVERED_POSITIVE | Research_Files=BUILD_START_1776_R3_OWNER_STATE_COVERAGE.csv;BUILD_START_1776_R3_RECOMMENDATIONS.csv | CURRENT_SOURCE=common/history/buildings/08_middle_east.txt:common/history/buildings/08_middle_east.txt:1382
TUR,STATE_KONYA,building_tobacco_plantation,3,0,REMOVE,COVERED_OWNER_STATE_WITH_NO_FINAL_HISTORICAL_TARGET_FOR_THIS_BUILDING,NO,NO,COVERAGE_COMPLETE,Coverage_Status=COVERED_POSITIVE | Research_Files=BUILD_START_1776_R3_OWNER_STATE_COVERAGE.csv;BUILD_START_1776_R3_RECOMMENDATIONS.csv | CURRENT_SOURCE=common/history/buildings/08_middle_east.txt:common/history/buildings/08_middle_east.txt:1369
TUR,STATE_LEBANON,building_fishing_wharf,1,0,REMOVE,COVERED_OWNER_STATE_WITH_NO_FINAL_HISTORICAL_TARGET_FOR_THIS_BUILDING,NO,NO,COVERAGE_COMPLETE,Coverage_Status=COVERED_POSITIVE | Research_Files=BUILD_START_1776_R3_OWNER_STATE_COVERAGE.csv;BUILD_START_1776_R3_RECOMMENDATIONS.csv | CURRENT_SOURCE=common/history/buildings/08_middle_east.txt:common/history/buildings/08_middle_east.txt:268
TUR,STATE_LEBANON,building_millet_farm,1,0,REMOVE,COVERED_OWNER_STATE_WITH_NO_FINAL_HISTORICAL_TARGET_FOR_THIS_BUILDING,NO,NO,COVERAGE_COMPLETE,Coverage_Status=COVERED_POSITIVE | Research_Files=BUILD_START_1776_R3_OWNER_STATE_COVERAGE.csv;BUILD_START_1776_R3_RECOMMENDATIONS.csv | CURRENT_SOURCE=common/history/buildings/08_middle_east.txt:common/history/buildings/08_middle_east.txt:255
TUR,STATE_LOWER_EGYPT,building_fishing_wharf,3,0,REMOVE,COVERED_OWNER_STATE_WITH_NO_FINAL_HISTORICAL_TARGET_FOR_THIS_BUILDING,NO,NO,COVERAGE_COMPLETE,Coverage_Status=COVERED_POSITIVE | Research_Files=BUILD_START_1776_R3_OWNER_STATE_COVERAGE.csv;BUILD_START_1776_R3_RECOMMENDATIONS.csv | CURRENT_SOURCE=common/history/buildings/03_north_africa.txt:common/history/buildings/03_north_africa.txt:51
TUR,STATE_LOWER_EGYPT,building_opium_plantation,3,0,REMOVE,COVERED_OWNER_STATE_WITH_NO_FINAL_HISTORICAL_TARGET_FOR_THIS_BUILDING,NO,NO,COVERAGE_COMPLETE,Coverage_Status=COVERED_POSITIVE | Research_Files=BUILD_START_1776_R3_OWNER_STATE_COVERAGE.csv;BUILD_START_1776_R3_RECOMMENDATIONS.csv | CURRENT_SOURCE=common/history/buildings/03_north_africa.txt:common/history/buildings/03_north_africa.txt:37
TUR,STATE_LOWER_EGYPT,building_salt_pan,1,0,REMOVE,COVERED_OWNER_STATE_WITH_NO_FINAL_HISTORICAL_TARGET_FOR_THIS_BUILDING,NO,NO,COVERAGE_COMPLETE,Coverage_Status=COVERED_POSITIVE | Research_Files=BUILD_START_1776_R3_OWNER_STATE_COVERAGE.csv;BUILD_START_1776_R3_RECOMMENDATIONS.csv | CURRENT_SOURCE=common/history/buildings/99_tech6a2_salt_starting_buildings.txt:common/history/buildings/99_tech6a2_salt_starting_buildings.txt:89
TUR,STATE_MACEDONIA,building_fishing_wharf,2,0,REMOVE,COVERED_OWNER_STATE_WITH_NO_FINAL_HISTORICAL_TARGET_FOR_THIS_BUILDING,NO,NO,COVERAGE_COMPLETE,Coverage_Status=COVERED_POSITIVE | Research_Files=BUILD_START_1776_SUPPLEMENTAL_OWNER_STATE_COVERAGE_CORRIGE.csv; BUILD_START_1776_SUPPLEMENTAL_RESEARCH_CORRIGE.csv | CURRENT_SOURCE=common/history/buildings/01_south_europe.txt:common/history/buildings/01_south_europe.txt:5703
TUR,STATE_MACEDONIA,building_food_industry,1,0,REMOVE,COVERED_OWNER_STATE_WITH_NO_FINAL_HISTORICAL_TARGET_FOR_THIS_BUILDING,NO,NO,COVERAGE_COMPLETE,Coverage_Status=COVERED_POSITIVE | Research_Files=BUILD_START_1776_SUPPLEMENTAL_OWNER_STATE_COVERAGE_CORRIGE.csv; BUILD_START_1776_SUPPLEMENTAL_RESEARCH_CORRIGE.csv | CURRENT_SOURCE=common/history/buildings/01_south_europe.txt:common/history/buildings/01_south_europe.txt:5677
TUR,STATE_MACEDONIA,building_trade_center,1,0,REMOVE,COVERED_OWNER_STATE_WITH_NO_FINAL_HISTORICAL_TARGET_FOR_THIS_BUILDING,NO,NO,COVERAGE_COMPLETE,Coverage_Status=COVERED_POSITIVE | Research_Files=BUILD_START_1776_SUPPLEMENTAL_OWNER_STATE_COVERAGE_CORRIGE.csv; BUILD_START_1776_SUPPLEMENTAL_RESEARCH_CORRIGE.csv | CURRENT_SOURCE=common/history/buildings/01_south_europe.txt:common/history/buildings/01_south_europe.txt:5664
TUR,STATE_MIDDLE_EGYPT,building_cotton_plantation,1,0,REMOVE,COVERED_OWNER_STATE_WITH_NO_FINAL_HISTORICAL_TARGET_FOR_THIS_BUILDING,NO,NO,COVERAGE_COMPLETE,Coverage_Status=COVERED_POSITIVE | Research_Files=BUILD_START_1776_R3_OWNER_STATE_COVERAGE.csv;BUILD_START_1776_R3_RECOMMENDATIONS.csv | CURRENT_SOURCE=common/history/buildings/03_north_africa.txt:common/history/buildings/03_north_africa.txt:124
TUR,STATE_MIDDLE_EGYPT,building_government_administration,2,0,REMOVE,COVERED_OWNER_STATE_WITH_NO_FINAL_HISTORICAL_TARGET_FOR_THIS_BUILDING,NO,NO,COVERAGE_COMPLETE,Coverage_Status=COVERED_POSITIVE | Research_Files=BUILD_START_1776_R3_OWNER_STATE_COVERAGE.csv;BUILD_START_1776_R3_RECOMMENDATIONS.csv | CURRENT_SOURCE=common/history/buildings/03_north_africa.txt:common/history/buildings/03_north_africa.txt:113
TUR,STATE_MONTENEGRO,building_livestock_ranch,1,0,REMOVE,COVERED_OWNER_STATE_WITH_NO_FINAL_HISTORICAL_TARGET_FOR_THIS_BUILDING,NO,NO,COVERAGE_COMPLETE,Coverage_Status=COVERED_ZERO_POSITIVE | Research_Files=BUILD_START_1776_SUPPLEMENTAL_OWNER_STATE_COVERAGE_CORRIGE.csv | CURRENT_SOURCE=common/history/buildings/01_south_europe.txt:common/history/buildings/01_south_europe.txt:5365
TUR,STATE_NORTHERN_THRACE,building_furniture_manufactory,2,0,REMOVE,COVERED_OWNER_STATE_WITH_NO_FINAL_HISTORICAL_TARGET_FOR_THIS_BUILDING,NO,NO,COVERAGE_COMPLETE,Coverage_Status=COVERED_POSITIVE | Research_Files=BUILD_START_1776_SUPPLEMENTAL_OWNER_STATE_COVERAGE_CORRIGE.csv; BUILD_START_1776_SUPPLEMENTAL_RESEARCH_CORRIGE.csv | CURRENT_SOURCE=common/history/buildings/01_south_europe.txt:common/history/buildings/01_south_europe.txt:4844
TUR,STATE_NORTHERN_THRACE,building_logging_camp,3,0,REMOVE,COVERED_OWNER_STATE_WITH_NO_FINAL_HISTORICAL_TARGET_FOR_THIS_BUILDING,NO,NO,COVERAGE_COMPLETE,Coverage_Status=COVERED_POSITIVE | Research_Files=BUILD_START_1776_SUPPLEMENTAL_OWNER_STATE_COVERAGE_CORRIGE.csv; BUILD_START_1776_SUPPLEMENTAL_RESEARCH_CORRIGE.csv | CURRENT_SOURCE=common/history/buildings/01_south_europe.txt:common/history/buildings/01_south_europe.txt:4909
TUR,STATE_NORTHERN_THRACE,building_textile_mill,1,0,REMOVE,COVERED_OWNER_STATE_WITH_NO_FINAL_HISTORICAL_TARGET_FOR_THIS_BUILDING,NO,NO,COVERAGE_COMPLETE,Coverage_Status=COVERED_POSITIVE | Research_Files=BUILD_START_1776_SUPPLEMENTAL_OWNER_STATE_COVERAGE_CORRIGE.csv; BUILD_START_1776_SUPPLEMENTAL_RESEARCH_CORRIGE.csv | CURRENT_SOURCE=common/history/buildings/01_south_europe.txt:common/history/buildings/01_south_europe.txt:4870
TUR,STATE_NORTHERN_THRACE,building_tobacco_plantation,3,0,REMOVE,COVERED_OWNER_STATE_WITH_NO_FINAL_HISTORICAL_TARGET_FOR_THIS_BUILDING,NO,NO,COVERAGE_COMPLETE,Coverage_Status=COVERED_POSITIVE | Research_Files=BUILD_START_1776_SUPPLEMENTAL_OWNER_STATE_COVERAGE_CORRIGE.csv; BUILD_START_1776_SUPPLEMENTAL_RESEARCH_CORRIGE.csv | CURRENT_SOURCE=common/history/buildings/01_south_europe.txt:common/history/buildings/01_south_europe.txt:4896
TUR,STATE_NORTHERN_THRACE,building_vineyard,1,0,REMOVE,COVERED_OWNER_STATE_WITH_NO_FINAL_HISTORICAL_TARGET_FOR_THIS_BUILDING,NO,NO,COVERAGE_COMPLETE,Coverage_Status=COVERED_POSITIVE | Research_Files=BUILD_START_1776_SUPPLEMENTAL_OWNER_STATE_COVERAGE_CORRIGE.csv; BUILD_START_1776_SUPPLEMENTAL_RESEARCH_CORRIGE.csv | CURRENT_SOURCE=common/history/buildings/01_south_europe.txt:common/history/buildings/01_south_europe.txt:4857
TUR,STATE_PALESTINE,building_fishing_wharf,1,0,REMOVE,COVERED_OWNER_STATE_WITH_NO_FINAL_HISTORICAL_TARGET_FOR_THIS_BUILDING,NO,NO,COVERAGE_COMPLETE,Coverage_Status=COVERED_POSITIVE | Research_Files=BUILD_START_1776_R3_OWNER_STATE_COVERAGE.csv;BUILD_START_1776_R3_RECOMMENDATIONS.csv | CURRENT_SOURCE=common/history/buildings/08_middle_east.txt:common/history/buildings/08_middle_east.txt:238
TUR,STATE_PELOPONNESE,building_port,1,0,REMOVE,COVERED_OWNER_STATE_WITH_NO_FINAL_HISTORICAL_TARGET_FOR_THIS_BUILDING,NO,NO,COVERAGE_COMPLETE,Coverage_Status=COVERED_POSITIVE | Research_Files=BUILD_START_1776_SUPPLEMENTAL_OWNER_STATE_COVERAGE_CORRIGE.csv; BUILD_START_1776_SUPPLEMENTAL_RESEARCH_CORRIGE.csv | CURRENT_SOURCE=common/history/buildings/01_south_europe.txt:common/history/buildings/01_south_europe.txt:5890
TUR,STATE_SKOPIA,building_iron_mine,2,0,REMOVE,COVERED_OWNER_STATE_WITH_NO_FINAL_HISTORICAL_TARGET_FOR_THIS_BUILDING,NO,NO,COVERAGE_COMPLETE,Coverage_Status=COVERED_ZERO_POSITIVE | Research_Files=BUILD_START_1776_SUPPLEMENTAL_OWNER_STATE_COVERAGE_CORRIGE.csv | CURRENT_SOURCE=common/history/buildings/01_south_europe.txt:common/history/buildings/01_south_europe.txt:5615
TUR,STATE_SKOPIA,building_tobacco_plantation,4,0,REMOVE,COVERED_OWNER_STATE_WITH_NO_FINAL_HISTORICAL_TARGET_FOR_THIS_BUILDING,NO,NO,COVERAGE_COMPLETE,Coverage_Status=COVERED_ZERO_POSITIVE | Research_Files=BUILD_START_1776_SUPPLEMENTAL_OWNER_STATE_COVERAGE_CORRIGE.csv | CURRENT_SOURCE=common/history/buildings/01_south_europe.txt:common/history/buildings/01_south_europe.txt:5634
TUR,STATE_SKOPIA,building_wheat_farm,1,0,REMOVE,COVERED_OWNER_STATE_WITH_NO_FINAL_HISTORICAL_TARGET_FOR_THIS_BUILDING,NO,NO,COVERAGE_COMPLETE,Coverage_Status=COVERED_ZERO_POSITIVE | Research_Files=BUILD_START_1776_SUPPLEMENTAL_OWNER_STATE_COVERAGE_CORRIGE.csv | CURRENT_SOURCE=common/history/buildings/01_south_europe.txt:common/history/buildings/01_south_europe.txt:5647
TUR,STATE_SYRIA,building_government_administration,3,0,REMOVE,COVERED_OWNER_STATE_WITH_NO_FINAL_HISTORICAL_TARGET_FOR_THIS_BUILDING,NO,NO,COVERAGE_COMPLETE,Coverage_Status=COVERED_POSITIVE | Research_Files=BUILD_START_1776_R3_OWNER_STATE_COVERAGE.csv;BUILD_START_1776_R3_RECOMMENDATIONS.csv | CURRENT_SOURCE=common/history/buildings/08_middle_east.txt:common/history/buildings/08_middle_east.txt:298
TUR,STATE_THESSALIA,building_fishing_wharf,2,0,REMOVE,COVERED_OWNER_STATE_WITH_NO_FINAL_HISTORICAL_TARGET_FOR_THIS_BUILDING,NO,NO,COVERAGE_COMPLETE,Coverage_Status=COVERED_POSITIVE | Research_Files=BUILD_START_1776_SUPPLEMENTAL_OWNER_STATE_COVERAGE_CORRIGE.csv; BUILD_START_1776_SUPPLEMENTAL_RESEARCH_CORRIGE.csv | CURRENT_SOURCE=common/history/buildings/01_south_europe.txt:common/history/buildings/01_south_europe.txt:5585
TUR,STATE_THESSALIA,building_government_administration,2,0,REMOVE,COVERED_OWNER_STATE_WITH_NO_FINAL_HISTORICAL_TARGET_FOR_THIS_BUILDING,NO,NO,COVERAGE_COMPLETE,Coverage_Status=COVERED_POSITIVE | Research_Files=BUILD_START_1776_SUPPLEMENTAL_OWNER_STATE_COVERAGE_CORRIGE.csv; BUILD_START_1776_SUPPLEMENTAL_RESEARCH_CORRIGE.csv | CURRENT_SOURCE=common/history/buildings/01_south_europe.txt:common/history/buildings/01_south_europe.txt:5548
TUR,STATE_THESSALIA,building_textile_mill,1,0,REMOVE,COVERED_OWNER_STATE_WITH_NO_FINAL_HISTORICAL_TARGET_FOR_THIS_BUILDING,NO,NO,COVERAGE_COMPLETE,Coverage_Status=COVERED_POSITIVE | Research_Files=BUILD_START_1776_SUPPLEMENTAL_OWNER_STATE_COVERAGE_CORRIGE.csv; BUILD_START_1776_SUPPLEMENTAL_RESEARCH_CORRIGE.csv | CURRENT_SOURCE=common/history/buildings/01_south_europe.txt:common/history/buildings/01_south_europe.txt:5559
TUR,STATE_TRABZON,building_fishing_wharf,2,0,REMOVE,COVERED_OWNER_STATE_WITH_NO_FINAL_HISTORICAL_TARGET_FOR_THIS_BUILDING,NO,NO,COVERAGE_COMPLETE,Coverage_Status=COVERED_POSITIVE | Research_Files=BUILD_START_1776_R3_OWNER_STATE_COVERAGE.csv;BUILD_START_1776_R3_RECOMMENDATIONS.csv | CURRENT_SOURCE=common/history/buildings/08_middle_east.txt:common/history/buildings/08_middle_east.txt:1513
TUR,STATE_TRABZON,building_livestock_ranch,1,0,REMOVE,COVERED_OWNER_STATE_WITH_NO_FINAL_HISTORICAL_TARGET_FOR_THIS_BUILDING,NO,NO,COVERAGE_COMPLETE,Coverage_Status=COVERED_POSITIVE | Research_Files=BUILD_START_1776_R3_OWNER_STATE_COVERAGE.csv;BUILD_START_1776_R3_RECOMMENDATIONS.csv | CURRENT_SOURCE=common/history/buildings/08_middle_east.txt:common/history/buildings/08_middle_east.txt:1526
TUR,STATE_TRABZON,building_logging_camp,2,0,REMOVE,COVERED_OWNER_STATE_WITH_NO_FINAL_HISTORICAL_TARGET_FOR_THIS_BUILDING,NO,NO,COVERAGE_COMPLETE,Coverage_Status=COVERED_POSITIVE | Research_Files=BUILD_START_1776_R3_OWNER_STATE_COVERAGE.csv;BUILD_START_1776_R3_RECOMMENDATIONS.csv | CURRENT_SOURCE=common/history/buildings/08_middle_east.txt:common/history/buildings/08_middle_east.txt:1552
TUR,STATE_TRABZON,building_tea_plantation,3,0,REMOVE,COVERED_OWNER_STATE_WITH_NO_FINAL_HISTORICAL_TARGET_FOR_THIS_BUILDING,NO,NO,COVERAGE_COMPLETE,Coverage_Status=COVERED_POSITIVE | Research_Files=BUILD_START_1776_R3_OWNER_STATE_COVERAGE.csv;BUILD_START_1776_R3_RECOMMENDATIONS.csv | CURRENT_SOURCE=common/history/buildings/08_middle_east.txt:common/history/buildings/08_middle_east.txt:1539
TUR,STATE_UPPER_EGYPT,building_fishing_wharf,1,0,REMOVE,COVERED_OWNER_STATE_WITH_NO_FINAL_HISTORICAL_TARGET_FOR_THIS_BUILDING,NO,NO,COVERAGE_COMPLETE,Coverage_Status=COVERED_POSITIVE | Research_Files=BUILD_START_1776_R3_OWNER_STATE_COVERAGE.csv;BUILD_START_1776_R3_RECOMMENDATIONS.csv | CURRENT_SOURCE=common/history/buildings/03_north_africa.txt:common/history/buildings/03_north_africa.txt:96
TUR,STATE_WESTERN_THRACE,building_fishing_wharf,3,0,REMOVE,COVERED_OWNER_STATE_WITH_NO_FINAL_HISTORICAL_TARGET_FOR_THIS_BUILDING,NO,NO,COVERAGE_COMPLETE,Coverage_Status=COVERED_POSITIVE | Research_Files=BUILD_START_1776_SUPPLEMENTAL_OWNER_STATE_COVERAGE_CORRIGE.csv; BUILD_START_1776_SUPPLEMENTAL_RESEARCH_CORRIGE.csv | CURRENT_SOURCE=common/history/buildings/01_south_europe.txt:common/history/buildings/01_south_europe.txt:5782
TUR,STATE_WESTERN_THRACE,building_glassworks,4,0,REMOVE,COVERED_OWNER_STATE_WITH_NO_FINAL_HISTORICAL_TARGET_FOR_THIS_BUILDING,NO,NO,COVERAGE_COMPLETE,Coverage_Status=COVERED_POSITIVE | Research_Files=BUILD_START_1776_SUPPLEMENTAL_OWNER_STATE_COVERAGE_CORRIGE.csv; BUILD_START_1776_SUPPLEMENTAL_RESEARCH_CORRIGE.csv | CURRENT_SOURCE=common/history/buildings/01_south_europe.txt:common/history/buildings/01_south_europe.txt:5763
TUR,STATE_WESTERN_THRACE,building_government_administration,2,0,REMOVE,COVERED_OWNER_STATE_WITH_NO_FINAL_HISTORICAL_TARGET_FOR_THIS_BUILDING,NO,NO,COVERAGE_COMPLETE,Coverage_Status=COVERED_POSITIVE | Research_Files=BUILD_START_1776_SUPPLEMENTAL_OWNER_STATE_COVERAGE_CORRIGE.csv; BUILD_START_1776_SUPPLEMENTAL_RESEARCH_CORRIGE.csv | CURRENT_SOURCE=common/history/buildings/01_south_europe.txt:common/history/buildings/01_south_europe.txt:5733
TUR,STATE_WESTERN_THRACE,building_port,1,0,REMOVE,COVERED_OWNER_STATE_WITH_NO_FINAL_HISTORICAL_TARGET_FOR_THIS_BUILDING,NO,NO,COVERAGE_COMPLETE,Coverage_Status=COVERED_POSITIVE | Research_Files=BUILD_START_1776_SUPPLEMENTAL_OWNER_STATE_COVERAGE_CORRIGE.csv; BUILD_START_1776_SUPPLEMENTAL_RESEARCH_CORRIGE.csv | CURRENT_SOURCE=common/history/buildings/01_south_europe.txt:common/history/buildings/01_south_europe.txt:5821
TUR,STATE_WESTERN_THRACE,building_textile_mill,2,0,REMOVE,COVERED_OWNER_STATE_WITH_NO_FINAL_HISTORICAL_TARGET_FOR_THIS_BUILDING,NO,NO,COVERAGE_COMPLETE,Coverage_Status=COVERED_POSITIVE | Research_Files=BUILD_START_1776_SUPPLEMENTAL_OWNER_STATE_COVERAGE_CORRIGE.csv; BUILD_START_1776_SUPPLEMENTAL_RESEARCH_CORRIGE.csv | CURRENT_SOURCE=common/history/buildings/01_south_europe.txt:common/history/buildings/01_south_europe.txt:5744
TUR,STATE_WESTERN_THRACE,building_tobacco_plantation,3,0,REMOVE,COVERED_OWNER_STATE_WITH_NO_FINAL_HISTORICAL_TARGET_FOR_THIS_BUILDING,NO,NO,COVERAGE_COMPLETE,Coverage_Status=COVERED_POSITIVE | Research_Files=BUILD_START_1776_SUPPLEMENTAL_OWNER_STATE_COVERAGE_CORRIGE.csv; BUILD_START_1776_SUPPLEMENTAL_RESEARCH_CORRIGE.csv | CURRENT_SOURCE=common/history/buildings/01_south_europe.txt:common/history/buildings/01_south_europe.txt:5808
TUS,STATE_TUSCANY,building_construction_sector,1,0,REMOVE,COVERED_OWNER_STATE_WITH_NO_FINAL_HISTORICAL_TARGET_FOR_THIS_BUILDING,NO,NO,COVERAGE_COMPLETE,Coverage_Status=COVERED_POSITIVE | Research_Files=BUILD_START_1776_CENTRAL_EUROPE_GERMAN_ITALY_RESEARCH.csv;BUILD_START_1776_CENTRAL_EUROPE_GERMAN_ITALY_RESEARCH.md | CURRENT_SOURCE=common/history/buildings/01_south_europe.txt:common/history/buildings/01_south_europe.txt:1505
TUS,STATE_TUSCANY,building_cotton_plantation,1,0,REMOVE,COVERED_OWNER_STATE_WITH_NO_FINAL_HISTORICAL_TARGET_FOR_THIS_BUILDING,NO,NO,COVERAGE_COMPLETE,Coverage_Status=COVERED_POSITIVE | Research_Files=BUILD_START_1776_CENTRAL_EUROPE_GERMAN_ITALY_RESEARCH.csv;BUILD_START_1776_CENTRAL_EUROPE_GERMAN_ITALY_RESEARCH.md | CURRENT_SOURCE=common/history/buildings/01_south_europe.txt:common/history/buildings/01_south_europe.txt:1555
TUS,STATE_TUSCANY,building_glassworks,1,0,REMOVE,COVERED_OWNER_STATE_WITH_NO_FINAL_HISTORICAL_TARGET_FOR_THIS_BUILDING,NO,NO,COVERAGE_COMPLETE,Coverage_Status=COVERED_POSITIVE | Research_Files=BUILD_START_1776_CENTRAL_EUROPE_GERMAN_ITALY_RESEARCH.csv;BUILD_START_1776_CENTRAL_EUROPE_GERMAN_ITALY_RESEARCH.md | CURRENT_SOURCE=common/history/buildings/01_south_europe.txt:common/history/buildings/01_south_europe.txt:1516
TUS,STATE_TUSCANY,building_iron_mine,4,0,REMOVE,COVERED_OWNER_STATE_WITH_NO_FINAL_HISTORICAL_TARGET_FOR_THIS_BUILDING,NO,NO,COVERAGE_COMPLETE,Coverage_Status=COVERED_POSITIVE | Research_Files=BUILD_START_1776_CENTRAL_EUROPE_GERMAN_ITALY_RESEARCH.csv;BUILD_START_1776_CENTRAL_EUROPE_GERMAN_ITALY_RESEARCH.md | CURRENT_SOURCE=common/history/buildings/01_south_europe.txt:common/history/buildings/01_south_europe.txt:1607
TUS,STATE_TUSCANY,building_livestock_ranch,3,0,REMOVE,COVERED_OWNER_STATE_WITH_NO_FINAL_HISTORICAL_TARGET_FOR_THIS_BUILDING,NO,NO,COVERAGE_COMPLETE,Coverage_Status=COVERED_POSITIVE | Research_Files=BUILD_START_1776_CENTRAL_EUROPE_GERMAN_ITALY_RESEARCH.csv;BUILD_START_1776_CENTRAL_EUROPE_GERMAN_ITALY_RESEARCH.md | CURRENT_SOURCE=common/history/buildings/01_south_europe.txt:common/history/buildings/01_south_europe.txt:1568
TUS,STATE_TUSCANY,building_naval_administration,1,0,REMOVE,COVERED_OWNER_STATE_WITH_NO_FINAL_HISTORICAL_TARGET_FOR_THIS_BUILDING,NO,NO,COVERAGE_COMPLETE,Coverage_Status=COVERED_POSITIVE | Research_Files=BUILD_START_1776_CENTRAL_EUROPE_GERMAN_ITALY_RESEARCH.csv;BUILD_START_1776_CENTRAL_EUROPE_GERMAN_ITALY_RESEARCH.md | CURRENT_SOURCE=common/history/buildings/01_south_europe.txt:common/history/buildings/01_south_europe.txt:1637
TUS,STATE_TUSCANY,building_silk_plantation,2,0,REMOVE,COVERED_OWNER_STATE_WITH_NO_FINAL_HISTORICAL_TARGET_FOR_THIS_BUILDING,NO,NO,COVERAGE_COMPLETE,Coverage_Status=COVERED_POSITIVE | Research_Files=BUILD_START_1776_CENTRAL_EUROPE_GERMAN_ITALY_RESEARCH.csv;BUILD_START_1776_CENTRAL_EUROPE_GERMAN_ITALY_RESEARCH.md | CURRENT_SOURCE=common/history/buildings/01_south_europe.txt:common/history/buildings/01_south_europe.txt:1594
UBD,STATE_RIGA,building_rye_farm,3,0,REMOVE,COVERED_OWNER_STATE_WITH_NO_FINAL_HISTORICAL_TARGET_FOR_THIS_BUILDING,NO,NO,COVERAGE_COMPLETE,Coverage_Status=COVERED_POSITIVE | Research_Files=BUILD_START_1776_NORTHERN_EASTERN_EUROPE_RECOMMENDATIONS.csv;BUILD_START_1776_NORTHERN_EASTERN_EUROPE_RESEARCH.md | CURRENT_SOURCE=common/history/buildings/15_russia.txt:common/history/buildings/15_russia.txt:116
UBD,STATE_TALINN,building_fishing_wharf,1,0,REMOVE,COVERED_OWNER_STATE_WITH_NO_FINAL_HISTORICAL_TARGET_FOR_THIS_BUILDING,NO,NO,COVERAGE_COMPLETE,Coverage_Status=COVERED_POSITIVE | Research_Files=BUILD_START_1776_NORTHERN_EASTERN_EUROPE_RECOMMENDATIONS.csv;BUILD_START_1776_NORTHERN_EASTERN_EUROPE_RESEARCH.md | CURRENT_SOURCE=common/history/buildings/15_russia.txt:common/history/buildings/15_russia.txt:15
UBD,STATE_TALINN,building_rye_farm,1,0,REMOVE,COVERED_OWNER_STATE_WITH_NO_FINAL_HISTORICAL_TARGET_FOR_THIS_BUILDING,NO,NO,COVERAGE_COMPLETE,Coverage_Status=COVERED_POSITIVE | Research_Files=BUILD_START_1776_NORTHERN_EASTERN_EUROPE_RECOMMENDATIONS.csv;BUILD_START_1776_NORTHERN_EASTERN_EUROPE_RESEARCH.md | CURRENT_SOURCE=common/history/buildings/15_russia.txt:common/history/buildings/15_russia.txt:28
UBD,STATE_TARTU,building_fishing_wharf,1,0,REMOVE,COVERED_OWNER_STATE_WITH_NO_FINAL_HISTORICAL_TARGET_FOR_THIS_BUILDING,NO,NO,COVERAGE_COMPLETE,Coverage_Status=COVERED_POSITIVE | Research_Files=BUILD_START_1776_NORTHERN_EASTERN_EUROPE_RECOMMENDATIONS.csv | CURRENT_SOURCE=common/history/buildings/15_russia.txt:common/history/buildings/15_russia.txt:56
UBD,STATE_TARTU,building_port,1,0,REMOVE,COVERED_OWNER_STATE_WITH_NO_FINAL_HISTORICAL_TARGET_FOR_THIS_BUILDING,NO,NO,COVERAGE_COMPLETE,Coverage_Status=COVERED_POSITIVE | Research_Files=BUILD_START_1776_NORTHERN_EASTERN_EUROPE_RECOMMENDATIONS.csv | CURRENT_SOURCE=common/history/buildings/15_russia.txt:common/history/buildings/15_russia.txt:69
USA,STATE_CONNECTICUT,building_government_administration,1,0,REMOVE,COVERED_OWNER_STATE_WITH_NO_FINAL_HISTORICAL_TARGET_FOR_THIS_BUILDING,NO,NO,COVERAGE_COMPLETE,Coverage_Status=COVERED_POSITIVE | Research_Files=BUILD_START_1776_AMERICAS_CARIBBEAN_RESEARCH.csv;BUILD_START_1776_AMERICAS_CARIBBEAN_RESEARCH.md | CURRENT_SOURCE=common/history/buildings/05_north_america.txt:common/history/buildings/05_north_america.txt:1198
USA,STATE_CONNECTICUT,building_iron_mine,2,0,REMOVE,COVERED_OWNER_STATE_WITH_NO_FINAL_HISTORICAL_TARGET_FOR_THIS_BUILDING,NO,NO,COVERAGE_COMPLETE,Coverage_Status=COVERED_POSITIVE | Research_Files=BUILD_START_1776_AMERICAS_CARIBBEAN_RESEARCH.csv;BUILD_START_1776_AMERICAS_CARIBBEAN_RESEARCH.md | CURRENT_SOURCE=common/history/buildings/05_north_america.txt:common/history/buildings/05_north_america.txt:1209
USA,STATE_DELAWARE,building_fishing_wharf,1,0,REMOVE,COVERED_OWNER_STATE_WITH_NO_FINAL_HISTORICAL_TARGET_FOR_THIS_BUILDING,NO,NO,COVERAGE_COMPLETE,Coverage_Status=COVERED_POSITIVE | Research_Files=BUILD_START_1776_AMERICAS_CARIBBEAN_RESEARCH.csv | CURRENT_SOURCE=common/history/buildings/05_north_america.txt:common/history/buildings/05_north_america.txt:823
USA,STATE_DELAWARE,building_government_administration,1,0,REMOVE,COVERED_OWNER_STATE_WITH_NO_FINAL_HISTORICAL_TARGET_FOR_THIS_BUILDING,NO,NO,COVERAGE_COMPLETE,Coverage_Status=COVERED_POSITIVE | Research_Files=BUILD_START_1776_AMERICAS_CARIBBEAN_RESEARCH.csv | CURRENT_SOURCE=common/history/buildings/05_north_america.txt:common/history/buildings/05_north_america.txt:812
USA,STATE_DELAWARE,building_livestock_ranch,1,0,REMOVE,COVERED_OWNER_STATE_WITH_NO_FINAL_HISTORICAL_TARGET_FOR_THIS_BUILDING,NO,NO,COVERAGE_COMPLETE,Coverage_Status=COVERED_POSITIVE | Research_Files=BUILD_START_1776_AMERICAS_CARIBBEAN_RESEARCH.csv | CURRENT_SOURCE=common/history/buildings/05_north_america.txt:common/history/buildings/05_north_america.txt:836
USA,STATE_DISTRICT_OF_COLUMBIA,building_government_administration,4,0,REMOVE,COVERED_OWNER_STATE_WITH_NO_FINAL_HISTORICAL_TARGET_FOR_THIS_BUILDING,NO,NO,COVERAGE_COMPLETE,Coverage_Status=COVERED_ZERO_POSITIVE | Research_Files=BUILD_START_1776_AMERICAS_CARIBBEAN_RESEARCH.md | CURRENT_SOURCE=common/history/buildings/05_north_america.txt:common/history/buildings/05_north_america.txt:4
USA,STATE_DISTRICT_OF_COLUMBIA,building_port,1,0,REMOVE,COVERED_OWNER_STATE_WITH_NO_FINAL_HISTORICAL_TARGET_FOR_THIS_BUILDING,NO,NO,COVERAGE_COMPLETE,Coverage_Status=COVERED_ZERO_POSITIVE | Research_Files=BUILD_START_1776_AMERICAS_CARIBBEAN_RESEARCH.md | CURRENT_SOURCE=common/history/buildings/05_north_america.txt:common/history/buildings/05_north_america.txt:15
USA,STATE_DISTRICT_OF_COLUMBIA,building_white_house,1,0,REMOVE,CATALOG_NO_POST_1776_AND_NO_FINAL_HISTORICAL_TARGET,NO,NO,HIGH,Coverage_Status=COVERED_ZERO_POSITIVE | Research_Files=BUILD_START_1776_AMERICAS_CARIBBEAN_RESEARCH.md | CURRENT_SOURCE=common/history/buildings/05_north_america.txt:common/history/buildings/05_north_america.txt:26
USA,STATE_GEORGIA,building_cotton_plantation,8,0,REMOVE,COVERED_OWNER_STATE_WITH_NO_FINAL_HISTORICAL_TARGET_FOR_THIS_BUILDING,NO,NO,COVERAGE_COMPLETE,Coverage_Status=COVERED_POSITIVE | Research_Files=BUILD_START_1776_AMERICAS_CARIBBEAN_RESEARCH.csv;BUILD_START_1776_AMERICAS_CARIBBEAN_RESEARCH.md | CURRENT_SOURCE=common/history/buildings/05_north_america.txt:common/history/buildings/05_north_america.txt:663
USA,STATE_GEORGIA,building_government_administration,1,0,REMOVE,COVERED_OWNER_STATE_WITH_NO_FINAL_HISTORICAL_TARGET_FOR_THIS_BUILDING,NO,NO,COVERAGE_COMPLETE,Coverage_Status=COVERED_POSITIVE | Research_Files=BUILD_START_1776_AMERICAS_CARIBBEAN_RESEARCH.csv;BUILD_START_1776_AMERICAS_CARIBBEAN_RESEARCH.md | CURRENT_SOURCE=common/history/buildings/05_north_america.txt:common/history/buildings/05_north_america.txt:607
USA,STATE_GEORGIA,building_livestock_ranch,1,0,REMOVE,COVERED_OWNER_STATE_WITH_NO_FINAL_HISTORICAL_TARGET_FOR_THIS_BUILDING,NO,NO,COVERAGE_COMPLETE,Coverage_Status=COVERED_POSITIVE | Research_Files=BUILD_START_1776_AMERICAS_CARIBBEAN_RESEARCH.csv;BUILD_START_1776_AMERICAS_CARIBBEAN_RESEARCH.md | CURRENT_SOURCE=common/history/buildings/05_north_america.txt:common/history/buildings/05_north_america.txt:637
USA,STATE_GEORGIA,building_maize_farm,5,0,REMOVE,COVERED_OWNER_STATE_WITH_NO_FINAL_HISTORICAL_TARGET_FOR_THIS_BUILDING,NO,NO,COVERAGE_COMPLETE,Coverage_Status=COVERED_POSITIVE | Research_Files=BUILD_START_1776_AMERICAS_CARIBBEAN_RESEARCH.csv;BUILD_START_1776_AMERICAS_CARIBBEAN_RESEARCH.md | CURRENT_SOURCE=common/history/buildings/05_north_america.txt:common/history/buildings/05_north_america.txt:618
USA,STATE_GEORGIA,building_sugar_plantation,1,0,REMOVE,COVERED_OWNER_STATE_WITH_NO_FINAL_HISTORICAL_TARGET_FOR_THIS_BUILDING,NO,NO,COVERAGE_COMPLETE,Coverage_Status=COVERED_POSITIVE | Research_Files=BUILD_START_1776_AMERICAS_CARIBBEAN_RESEARCH.csv;BUILD_START_1776_AMERICAS_CARIBBEAN_RESEARCH.md | CURRENT_SOURCE=common/history/buildings/05_north_america.txt:common/history/buildings/05_north_america.txt:650
USA,STATE_GEORGIA,building_tobacco_plantation,3,0,REMOVE,COVERED_OWNER_STATE_WITH_NO_FINAL_HISTORICAL_TARGET_FOR_THIS_BUILDING,NO,NO,COVERAGE_COMPLETE,Coverage_Status=COVERED_POSITIVE | Research_Files=BUILD_START_1776_AMERICAS_CARIBBEAN_RESEARCH.csv;BUILD_START_1776_AMERICAS_CARIBBEAN_RESEARCH.md | CURRENT_SOURCE=common/history/buildings/05_north_america.txt:common/history/buildings/05_north_america.txt:676
USA,STATE_MAINE,building_furniture_manufactory,1,0,REMOVE,COVERED_OWNER_STATE_WITH_NO_FINAL_HISTORICAL_TARGET_FOR_THIS_BUILDING,NO,NO,COVERAGE_COMPLETE,Coverage_Status=COVERED_POSITIVE | Research_Files=BUILD_START_1776_AMERICAS_CARIBBEAN_RESEARCH.csv;BUILD_START_1776_AMERICAS_CARIBBEAN_RESEARCH.md | CURRENT_SOURCE=common/history/buildings/05_north_america.txt:common/history/buildings/05_north_america.txt:1483
USA,STATE_MAINE,building_government_administration,1,0,REMOVE,COVERED_OWNER_STATE_WITH_NO_FINAL_HISTORICAL_TARGET_FOR_THIS_BUILDING,NO,NO,COVERAGE_COMPLETE,Coverage_Status=COVERED_POSITIVE | Research_Files=BUILD_START_1776_AMERICAS_CARIBBEAN_RESEARCH.csv;BUILD_START_1776_AMERICAS_CARIBBEAN_RESEARCH.md | CURRENT_SOURCE=common/history/buildings/05_north_america.txt:common/history/buildings/05_north_america.txt:1472
USA,STATE_MARYLAND,building_fishing_wharf,3,0,REMOVE,COVERED_OWNER_STATE_WITH_NO_FINAL_HISTORICAL_TARGET_FOR_THIS_BUILDING,NO,NO,COVERAGE_COMPLETE,Coverage_Status=COVERED_POSITIVE | Research_Files=BUILD_START_1776_AMERICAS_CARIBBEAN_RESEARCH.csv;BUILD_START_1776_AMERICAS_CARIBBEAN_RESEARCH.md | CURRENT_SOURCE=common/history/buildings/05_north_america.txt:common/history/buildings/05_north_america.txt:771
USA,STATE_MARYLAND,building_glassworks,1,0,REMOVE,COVERED_OWNER_STATE_WITH_NO_FINAL_HISTORICAL_TARGET_FOR_THIS_BUILDING,NO,NO,COVERAGE_COMPLETE,Coverage_Status=COVERED_POSITIVE | Research_Files=BUILD_START_1776_AMERICAS_CARIBBEAN_RESEARCH.csv;BUILD_START_1776_AMERICAS_CARIBBEAN_RESEARCH.md | CURRENT_SOURCE=common/history/buildings/05_north_america.txt:common/history/buildings/05_north_america.txt:758
USA,STATE_MASSACHUSETTS,building_construction_sector,1,0,REMOVE,COVERED_OWNER_STATE_WITH_NO_FINAL_HISTORICAL_TARGET_FOR_THIS_BUILDING,NO,NO,COVERAGE_COMPLETE,Coverage_Status=COVERED_POSITIVE | Research_Files=BUILD_START_1776_AMERICAS_CARIBBEAN_RESEARCH.csv;BUILD_START_1776_AMERICAS_CARIBBEAN_RESEARCH.md | CURRENT_SOURCE=common/history/buildings/05_north_america.txt:common/history/buildings/05_north_america.txt:1261
USA,STATE_MASSACHUSETTS,building_glassworks,1,0,REMOVE,COVERED_OWNER_STATE_WITH_NO_FINAL_HISTORICAL_TARGET_FOR_THIS_BUILDING,NO,NO,COVERAGE_COMPLETE,Coverage_Status=COVERED_POSITIVE | Research_Files=BUILD_START_1776_AMERICAS_CARIBBEAN_RESEARCH.csv;BUILD_START_1776_AMERICAS_CARIBBEAN_RESEARCH.md | CURRENT_SOURCE=common/history/buildings/05_north_america.txt:common/history/buildings/05_north_america.txt:1302
USA,STATE_MASSACHUSETTS,building_logging_camp,2,0,REMOVE,COVERED_OWNER_STATE_WITH_NO_FINAL_HISTORICAL_TARGET_FOR_THIS_BUILDING,NO,NO,COVERAGE_COMPLETE,Coverage_Status=COVERED_POSITIVE | Research_Files=BUILD_START_1776_AMERICAS_CARIBBEAN_RESEARCH.csv;BUILD_START_1776_AMERICAS_CARIBBEAN_RESEARCH.md | CURRENT_SOURCE=common/history/buildings/05_north_america.txt:common/history/buildings/05_north_america.txt:1371
USA,STATE_MASSACHUSETTS,building_wheat_farm,2,0,REMOVE,COVERED_OWNER_STATE_WITH_NO_FINAL_HISTORICAL_TARGET_FOR_THIS_BUILDING,NO,NO,COVERAGE_COMPLETE,Coverage_Status=COVERED_POSITIVE | Research_Files=BUILD_START_1776_AMERICAS_CARIBBEAN_RESEARCH.csv;BUILD_START_1776_AMERICAS_CARIBBEAN_RESEARCH.md | CURRENT_SOURCE=common/history/buildings/05_north_america.txt:common/history/buildings/05_north_america.txt:1341
USA,STATE_NEW_HAMPSHIRE,building_government_administration,1,0,REMOVE,COVERED_OWNER_STATE_WITH_NO_FINAL_HISTORICAL_TARGET_FOR_THIS_BUILDING,NO,NO,COVERAGE_COMPLETE,Coverage_Status=COVERED_POSITIVE | Research_Files=BUILD_START_1776_AMERICAS_CARIBBEAN_RESEARCH.csv;BUILD_START_1776_AMERICAS_CARIBBEAN_RESEARCH.md | CURRENT_SOURCE=common/history/buildings/05_north_america.txt:common/history/buildings/05_north_america.txt:1388
USA,STATE_NEW_HAMPSHIRE,building_livestock_ranch,1,0,REMOVE,COVERED_OWNER_STATE_WITH_NO_FINAL_HISTORICAL_TARGET_FOR_THIS_BUILDING,NO,NO,COVERAGE_COMPLETE,Coverage_Status=COVERED_POSITIVE | Research_Files=BUILD_START_1776_AMERICAS_CARIBBEAN_RESEARCH.csv;BUILD_START_1776_AMERICAS_CARIBBEAN_RESEARCH.md | CURRENT_SOURCE=common/history/buildings/05_north_america.txt:common/history/buildings/05_north_america.txt:1412
USA,STATE_NEW_JERSEY,building_fishing_wharf,1,0,REMOVE,COVERED_OWNER_STATE_WITH_NO_FINAL_HISTORICAL_TARGET_FOR_THIS_BUILDING,NO,NO,COVERAGE_COMPLETE,Coverage_Status=COVERED_POSITIVE | Research_Files=BUILD_START_1776_AMERICAS_CARIBBEAN_RESEARCH.csv | CURRENT_SOURCE=common/history/buildings/05_north_america.txt:common/history/buildings/05_north_america.txt:1111
USA,STATE_NEW_JERSEY,building_government_administration,1,0,REMOVE,COVERED_OWNER_STATE_WITH_NO_FINAL_HISTORICAL_TARGET_FOR_THIS_BUILDING,NO,NO,COVERAGE_COMPLETE,Coverage_Status=COVERED_POSITIVE | Research_Files=BUILD_START_1776_AMERICAS_CARIBBEAN_RESEARCH.csv | CURRENT_SOURCE=common/history/buildings/05_north_america.txt:common/history/buildings/05_north_america.txt:1100
USA,STATE_NEW_JERSEY,building_logging_camp,2,0,REMOVE,COVERED_OWNER_STATE_WITH_NO_FINAL_HISTORICAL_TARGET_FOR_THIS_BUILDING,NO,NO,COVERAGE_COMPLETE,Coverage_Status=COVERED_POSITIVE | Research_Files=BUILD_START_1776_AMERICAS_CARIBBEAN_RESEARCH.csv | CURRENT_SOURCE=common/history/buildings/05_north_america.txt:common/history/buildings/05_north_america.txt:1137
USA,STATE_NEW_JERSEY,building_maize_farm,1,0,REMOVE,COVERED_OWNER_STATE_WITH_NO_FINAL_HISTORICAL_TARGET_FOR_THIS_BUILDING,NO,NO,COVERAGE_COMPLETE,Coverage_Status=COVERED_POSITIVE | Research_Files=BUILD_START_1776_AMERICAS_CARIBBEAN_RESEARCH.csv | CURRENT_SOURCE=common/history/buildings/05_north_america.txt:common/history/buildings/05_north_america.txt:1124
USA,STATE_NEW_JERSEY,building_paper_mill,3,0,REMOVE,COVERED_OWNER_STATE_WITH_NO_FINAL_HISTORICAL_TARGET_FOR_THIS_BUILDING,NO,NO,COVERAGE_COMPLETE,Coverage_Status=COVERED_POSITIVE | Research_Files=BUILD_START_1776_AMERICAS_CARIBBEAN_RESEARCH.csv | CURRENT_SOURCE=common/history/buildings/05_north_america.txt:common/history/buildings/05_north_america.txt:1083
USA,STATE_NEW_JERSEY,building_trade_center,1,0,REMOVE,COVERED_OWNER_STATE_WITH_NO_FINAL_HISTORICAL_TARGET_FOR_THIS_BUILDING,NO,NO,COVERAGE_COMPLETE,Coverage_Status=COVERED_POSITIVE | Research_Files=BUILD_START_1776_AMERICAS_CARIBBEAN_RESEARCH.csv | CURRENT_SOURCE=common/history/buildings/05_north_america.txt:common/history/buildings/05_north_america.txt:1070
USA,STATE_NEW_YORK,building_artillery_foundry,1,0,REMOVE,COVERED_OWNER_STATE_WITH_NO_FINAL_HISTORICAL_TARGET_FOR_THIS_BUILDING,NO,NO,COVERAGE_COMPLETE,Coverage_Status=COVERED_POSITIVE | Research_Files=BUILD_START_1776_AMERICAS_CARIBBEAN_RESEARCH.csv;BUILD_START_1776_AMERICAS_CARIBBEAN_RESEARCH.md | CURRENT_SOURCE=common/history/buildings/05_north_america.txt:common/history/buildings/05_north_america.txt:263
USA,STATE_NEW_YORK,building_fishing_wharf,2,0,REMOVE,COVERED_OWNER_STATE_WITH_NO_FINAL_HISTORICAL_TARGET_FOR_THIS_BUILDING,NO,NO,COVERAGE_COMPLETE,Coverage_Status=COVERED_POSITIVE | Research_Files=BUILD_START_1776_AMERICAS_CARIBBEAN_RESEARCH.csv;BUILD_START_1776_AMERICAS_CARIBBEAN_RESEARCH.md | CURRENT_SOURCE=common/history/buildings/05_north_america.txt:common/history/buildings/05_north_america.txt:250
USA,STATE_NEW_YORK,building_furniture_manufactory,2,0,REMOVE,COVERED_OWNER_STATE_WITH_NO_FINAL_HISTORICAL_TARGET_FOR_THIS_BUILDING,NO,NO,COVERAGE_COMPLETE,Coverage_Status=COVERED_POSITIVE | Research_Files=BUILD_START_1776_AMERICAS_CARIBBEAN_RESEARCH.csv;BUILD_START_1776_AMERICAS_CARIBBEAN_RESEARCH.md | CURRENT_SOURCE=common/history/buildings/05_north_america.txt:common/history/buildings/05_north_america.txt:192
USA,STATE_NEW_YORK,building_iron_mine,4,0,REMOVE,COVERED_OWNER_STATE_WITH_NO_FINAL_HISTORICAL_TARGET_FOR_THIS_BUILDING,NO,NO,COVERAGE_COMPLETE,Coverage_Status=COVERED_POSITIVE | Research_Files=BUILD_START_1776_AMERICAS_CARIBBEAN_RESEARCH.csv;BUILD_START_1776_AMERICAS_CARIBBEAN_RESEARCH.md | CURRENT_SOURCE=common/history/buildings/05_north_america.txt:common/history/buildings/05_north_america.txt:149
USA,STATE_NEW_YORK,building_logging_camp,2,0,REMOVE,COVERED_OWNER_STATE_WITH_NO_FINAL_HISTORICAL_TARGET_FOR_THIS_BUILDING,NO,NO,COVERAGE_COMPLETE,Coverage_Status=COVERED_POSITIVE | Research_Files=BUILD_START_1776_AMERICAS_CARIBBEAN_RESEARCH.csv;BUILD_START_1776_AMERICAS_CARIBBEAN_RESEARCH.md | CURRENT_SOURCE=common/history/buildings/05_north_america.txt:common/history/buildings/05_north_america.txt:218
USA,STATE_NEW_YORK,building_naval_administration,2,0,REMOVE,COVERED_OWNER_STATE_WITH_NO_FINAL_HISTORICAL_TARGET_FOR_THIS_BUILDING,NO,NO,COVERAGE_COMPLETE,Coverage_Status=COVERED_POSITIVE | Research_Files=BUILD_START_1776_AMERICAS_CARIBBEAN_RESEARCH.csv;BUILD_START_1776_AMERICAS_CARIBBEAN_RESEARCH.md | CURRENT_SOURCE=common/history/buildings/05_north_america.txt:common/history/buildings/05_north_america.txt:285
USA,STATE_NEW_YORK,building_paper_mill,2,0,REMOVE,COVERED_OWNER_STATE_WITH_NO_FINAL_HISTORICAL_TARGET_FOR_THIS_BUILDING,NO,NO,COVERAGE_COMPLETE,Coverage_Status=COVERED_POSITIVE | Research_Files=BUILD_START_1776_AMERICAS_CARIBBEAN_RESEARCH.csv;BUILD_START_1776_AMERICAS_CARIBBEAN_RESEARCH.md | CURRENT_SOURCE=common/history/buildings/05_north_america.txt:common/history/buildings/05_north_america.txt:162
USA,STATE_NEW_YORK,building_textile_mill,5,0,REMOVE,COVERED_OWNER_STATE_WITH_NO_FINAL_HISTORICAL_TARGET_FOR_THIS_BUILDING,NO,NO,COVERAGE_COMPLETE,Coverage_Status=COVERED_POSITIVE | Research_Files=BUILD_START_1776_AMERICAS_CARIBBEAN_RESEARCH.csv;BUILD_START_1776_AMERICAS_CARIBBEAN_RESEARCH.md | CURRENT_SOURCE=common/history/buildings/05_north_america.txt:common/history/buildings/05_north_america.txt:179
USA,STATE_NEW_YORK,building_tooling_workshop,5,0,REMOVE,COVERED_OWNER_STATE_WITH_NO_FINAL_HISTORICAL_TARGET_FOR_THIS_BUILDING,NO,NO,COVERAGE_COMPLETE,Coverage_Status=COVERED_POSITIVE | Research_Files=BUILD_START_1776_AMERICAS_CARIBBEAN_RESEARCH.csv;BUILD_START_1776_AMERICAS_CARIBBEAN_RESEARCH.md | CURRENT_SOURCE=common/history/buildings/05_north_america.txt:common/history/buildings/05_north_america.txt:205
USA,STATE_NORTH_CAROLINA,building_coal_mine,2,0,REMOVE,COVERED_OWNER_STATE_WITH_NO_FINAL_HISTORICAL_TARGET_FOR_THIS_BUILDING,NO,NO,COVERAGE_COMPLETE,Coverage_Status=COVERED_POSITIVE | Research_Files=BUILD_START_1776_AMERICAS_CARIBBEAN_RESEARCH.csv;BUILD_START_1776_AMERICAS_CARIBBEAN_RESEARCH.md | CURRENT_SOURCE=common/history/buildings/05_north_america.txt:common/history/buildings/05_north_america.txt:1561
USA,STATE_NORTH_CAROLINA,building_cotton_plantation,10,0,REMOVE,COVERED_OWNER_STATE_WITH_NO_FINAL_HISTORICAL_TARGET_FOR_THIS_BUILDING,NO,NO,COVERAGE_COMPLETE,Coverage_Status=COVERED_POSITIVE | Research_Files=BUILD_START_1776_AMERICAS_CARIBBEAN_RESEARCH.csv;BUILD_START_1776_AMERICAS_CARIBBEAN_RESEARCH.md | CURRENT_SOURCE=common/history/buildings/05_north_america.txt:common/history/buildings/05_north_america.txt:1606
USA,STATE_NORTH_CAROLINA,building_food_industry,1,0,REMOVE,COVERED_OWNER_STATE_WITH_NO_FINAL_HISTORICAL_TARGET_FOR_THIS_BUILDING,NO,NO,COVERAGE_COMPLETE,Coverage_Status=COVERED_POSITIVE | Research_Files=BUILD_START_1776_AMERICAS_CARIBBEAN_RESEARCH.csv;BUILD_START_1776_AMERICAS_CARIBBEAN_RESEARCH.md | CURRENT_SOURCE=common/history/buildings/05_north_america.txt:common/history/buildings/05_north_america.txt:1548
USA,STATE_NORTH_CAROLINA,building_government_administration,1,0,REMOVE,COVERED_OWNER_STATE_WITH_NO_FINAL_HISTORICAL_TARGET_FOR_THIS_BUILDING,NO,NO,COVERAGE_COMPLETE,Coverage_Status=COVERED_POSITIVE | Research_Files=BUILD_START_1776_AMERICAS_CARIBBEAN_RESEARCH.csv;BUILD_START_1776_AMERICAS_CARIBBEAN_RESEARCH.md | CURRENT_SOURCE=common/history/buildings/05_north_america.txt:common/history/buildings/05_north_america.txt:1537
USA,STATE_NORTH_CAROLINA,building_logging_camp,1,0,REMOVE,COVERED_OWNER_STATE_WITH_NO_FINAL_HISTORICAL_TARGET_FOR_THIS_BUILDING,NO,NO,COVERAGE_COMPLETE,Coverage_Status=COVERED_POSITIVE | Research_Files=BUILD_START_1776_AMERICAS_CARIBBEAN_RESEARCH.csv;BUILD_START_1776_AMERICAS_CARIBBEAN_RESEARCH.md | CURRENT_SOURCE=common/history/buildings/05_north_america.txt:common/history/buildings/05_north_america.txt:1574
USA,STATE_NORTH_CAROLINA,building_maize_farm,5,0,REMOVE,COVERED_OWNER_STATE_WITH_NO_FINAL_HISTORICAL_TARGET_FOR_THIS_BUILDING,NO,NO,COVERAGE_COMPLETE,Coverage_Status=COVERED_POSITIVE | Research_Files=BUILD_START_1776_AMERICAS_CARIBBEAN_RESEARCH.csv;BUILD_START_1776_AMERICAS_CARIBBEAN_RESEARCH.md | CURRENT_SOURCE=common/history/buildings/05_north_america.txt:common/history/buildings/05_north_america.txt:1587
USA,STATE_PENNSYLVANIA,building_coal_mine,4,0,REMOVE,COVERED_OWNER_STATE_WITH_NO_FINAL_HISTORICAL_TARGET_FOR_THIS_BUILDING,NO,NO,COVERAGE_COMPLETE,Coverage_Status=COVERED_POSITIVE | Research_Files=BUILD_START_1776_AMERICAS_CARIBBEAN_RESEARCH.csv;BUILD_START_1776_AMERICAS_CARIBBEAN_RESEARCH.md | CURRENT_SOURCE=common/history/buildings/05_north_america.txt:common/history/buildings/05_north_america.txt:957
USA,STATE_PENNSYLVANIA,building_construction_sector,2,0,REMOVE,COVERED_OWNER_STATE_WITH_NO_FINAL_HISTORICAL_TARGET_FOR_THIS_BUILDING,NO,NO,COVERAGE_COMPLETE,Coverage_Status=COVERED_POSITIVE | Research_Files=BUILD_START_1776_AMERICAS_CARIBBEAN_RESEARCH.csv;BUILD_START_1776_AMERICAS_CARIBBEAN_RESEARCH.md | CURRENT_SOURCE=common/history/buildings/05_north_america.txt:common/history/buildings/05_north_america.txt:890
USA,STATE_PENNSYLVANIA,building_explosives_factory,1,0,REMOVE,CATALOG_NO_POST_1776_AND_NO_FINAL_HISTORICAL_TARGET,NO,NO,HIGH,Coverage_Status=COVERED_POSITIVE | Research_Files=BUILD_START_1776_AMERICAS_CARIBBEAN_RESEARCH.csv;BUILD_START_1776_AMERICAS_CARIBBEAN_RESEARCH.md | CURRENT_SOURCE=common/history/buildings/05_north_america.txt:common/history/buildings/05_north_america.txt:1053
USA,STATE_PENNSYLVANIA,building_glassworks,1,0,REMOVE,COVERED_OWNER_STATE_WITH_NO_FINAL_HISTORICAL_TARGET_FOR_THIS_BUILDING,NO,NO,COVERAGE_COMPLETE,Coverage_Status=COVERED_POSITIVE | Research_Files=BUILD_START_1776_AMERICAS_CARIBBEAN_RESEARCH.csv;BUILD_START_1776_AMERICAS_CARIBBEAN_RESEARCH.md | CURRENT_SOURCE=common/history/buildings/05_north_america.txt:common/history/buildings/05_north_america.txt:944
USA,STATE_PENNSYLVANIA,building_iron_mine,2,0,REMOVE,COVERED_OWNER_STATE_WITH_NO_FINAL_HISTORICAL_TARGET_FOR_THIS_BUILDING,NO,NO,COVERAGE_COMPLETE,Coverage_Status=COVERED_POSITIVE | Research_Files=BUILD_START_1776_AMERICAS_CARIBBEAN_RESEARCH.csv;BUILD_START_1776_AMERICAS_CARIBBEAN_RESEARCH.md | CURRENT_SOURCE=common/history/buildings/05_north_america.txt:common/history/buildings/05_north_america.txt:1002
USA,STATE_PENNSYLVANIA,building_livestock_ranch,6,0,REMOVE,COVERED_OWNER_STATE_WITH_NO_FINAL_HISTORICAL_TARGET_FOR_THIS_BUILDING,NO,NO,COVERAGE_COMPLETE,Coverage_Status=COVERED_POSITIVE | Research_Files=BUILD_START_1776_AMERICAS_CARIBBEAN_RESEARCH.csv;BUILD_START_1776_AMERICAS_CARIBBEAN_RESEARCH.md | CURRENT_SOURCE=common/history/buildings/05_north_america.txt:common/history/buildings/05_north_america.txt:1015
USA,STATE_PENNSYLVANIA,building_logging_camp,5,0,REMOVE,COVERED_OWNER_STATE_WITH_NO_FINAL_HISTORICAL_TARGET_FOR_THIS_BUILDING,NO,NO,COVERAGE_COMPLETE,Coverage_Status=COVERED_POSITIVE | Research_Files=BUILD_START_1776_AMERICAS_CARIBBEAN_RESEARCH.csv;BUILD_START_1776_AMERICAS_CARIBBEAN_RESEARCH.md | CURRENT_SOURCE=common/history/buildings/05_north_america.txt:common/history/buildings/05_north_america.txt:1034
USA,STATE_PENNSYLVANIA,building_maize_farm,3,0,REMOVE,COVERED_OWNER_STATE_WITH_NO_FINAL_HISTORICAL_TARGET_FOR_THIS_BUILDING,NO,NO,COVERAGE_COMPLETE,Coverage_Status=COVERED_POSITIVE | Research_Files=BUILD_START_1776_AMERICAS_CARIBBEAN_RESEARCH.csv;BUILD_START_1776_AMERICAS_CARIBBEAN_RESEARCH.md | CURRENT_SOURCE=common/history/buildings/05_north_america.txt:common/history/buildings/05_north_america.txt:970
USA,STATE_PENNSYLVANIA,building_munition_plant,1,0,REMOVE,CATALOG_NO_POST_1776_AND_NO_FINAL_HISTORICAL_TARGET,NO,NO,HIGH,Coverage_Status=COVERED_POSITIVE | Research_Files=BUILD_START_1776_AMERICAS_CARIBBEAN_RESEARCH.csv;BUILD_START_1776_AMERICAS_CARIBBEAN_RESEARCH.md | CURRENT_SOURCE=common/history/buildings/05_north_america.txt:common/history/buildings/05_north_america.txt:933
USA,STATE_PENNSYLVANIA,building_steel_mill,2,0,REMOVE,COVERED_OWNER_STATE_WITH_NO_FINAL_HISTORICAL_TARGET_FOR_THIS_BUILDING,NO,NO,COVERAGE_COMPLETE,Coverage_Status=COVERED_POSITIVE | Research_Files=BUILD_START_1776_AMERICAS_CARIBBEAN_RESEARCH.csv;BUILD_START_1776_AMERICAS_CARIBBEAN_RESEARCH.md | CURRENT_SOURCE=common/history/buildings/05_north_america.txt:common/history/buildings/05_north_america.txt:877
USA,STATE_RHODE_ISLAND,building_fishing_wharf,1,0,REMOVE,COVERED_OWNER_STATE_WITH_NO_FINAL_HISTORICAL_TARGET_FOR_THIS_BUILDING,NO,NO,COVERAGE_COMPLETE,Coverage_Status=COVERED_POSITIVE | Research_Files=BUILD_START_1776_AMERICAS_CARIBBEAN_RESEARCH.csv;BUILD_START_1776_AMERICAS_CARIBBEAN_RESEARCH.md | CURRENT_SOURCE=common/history/buildings/05_north_america.txt:common/history/buildings/05_north_america.txt:1181
USA,STATE_RHODE_ISLAND,building_glassworks,1,0,REMOVE,COVERED_OWNER_STATE_WITH_NO_FINAL_HISTORICAL_TARGET_FOR_THIS_BUILDING,NO,NO,COVERAGE_COMPLETE,Coverage_Status=COVERED_POSITIVE | Research_Files=BUILD_START_1776_AMERICAS_CARIBBEAN_RESEARCH.csv;BUILD_START_1776_AMERICAS_CARIBBEAN_RESEARCH.md | CURRENT_SOURCE=common/history/buildings/05_north_america.txt:common/history/buildings/05_north_america.txt:1168
USA,STATE_RHODE_ISLAND,building_government_administration,1,0,REMOVE,COVERED_OWNER_STATE_WITH_NO_FINAL_HISTORICAL_TARGET_FOR_THIS_BUILDING,NO,NO,COVERAGE_COMPLETE,Coverage_Status=COVERED_POSITIVE | Research_Files=BUILD_START_1776_AMERICAS_CARIBBEAN_RESEARCH.csv;BUILD_START_1776_AMERICAS_CARIBBEAN_RESEARCH.md | CURRENT_SOURCE=common/history/buildings/05_north_america.txt:common/history/buildings/05_north_america.txt:1157
USA,STATE_SOUTH_CAROLINA,building_cotton_plantation,5,0,REMOVE,COVERED_OWNER_STATE_WITH_NO_FINAL_HISTORICAL_TARGET_FOR_THIS_BUILDING,NO,NO,COVERAGE_COMPLETE,Coverage_Status=COVERED_POSITIVE | Research_Files=BUILD_START_1776_AMERICAS_CARIBBEAN_RESEARCH.csv;BUILD_START_1776_AMERICAS_CARIBBEAN_RESEARCH.md | CURRENT_SOURCE=common/history/buildings/05_north_america.txt:common/history/buildings/05_north_america.txt:1665
USA,STATE_SOUTH_CAROLINA,building_maize_farm,3,0,REMOVE,COVERED_OWNER_STATE_WITH_NO_FINAL_HISTORICAL_TARGET_FOR_THIS_BUILDING,NO,NO,COVERAGE_COMPLETE,Coverage_Status=COVERED_POSITIVE | Research_Files=BUILD_START_1776_AMERICAS_CARIBBEAN_RESEARCH.csv;BUILD_START_1776_AMERICAS_CARIBBEAN_RESEARCH.md | CURRENT_SOURCE=common/history/buildings/05_north_america.txt:common/history/buildings/05_north_america.txt:1704
USA,STATE_SOUTH_CAROLINA,building_tobacco_plantation,2,0,REMOVE,COVERED_OWNER_STATE_WITH_NO_FINAL_HISTORICAL_TARGET_FOR_THIS_BUILDING,NO,NO,COVERAGE_COMPLETE,Coverage_Status=COVERED_POSITIVE | Research_Files=BUILD_START_1776_AMERICAS_CARIBBEAN_RESEARCH.csv;BUILD_START_1776_AMERICAS_CARIBBEAN_RESEARCH.md | CURRENT_SOURCE=common/history/buildings/05_north_america.txt:common/history/buildings/05_north_america.txt:1678
USA,STATE_VERMONT,building_food_industry,2,0,REMOVE,COVERED_OWNER_STATE_WITH_NO_FINAL_HISTORICAL_TARGET_FOR_THIS_BUILDING,NO,NO,COVERAGE_COMPLETE,Coverage_Status=COVERED_POSITIVE | Research_Files=BUILD_START_1776_AMERICAS_CARIBBEAN_RESEARCH.csv | CURRENT_SOURCE=common/history/buildings/05_north_america.txt:common/history/buildings/05_north_america.txt:1429
USA,STATE_VERMONT,building_logging_camp,1,0,REMOVE,COVERED_OWNER_STATE_WITH_NO_FINAL_HISTORICAL_TARGET_FOR_THIS_BUILDING,NO,NO,COVERAGE_COMPLETE,Coverage_Status=COVERED_POSITIVE | Research_Files=BUILD_START_1776_AMERICAS_CARIBBEAN_RESEARCH.csv | CURRENT_SOURCE=common/history/buildings/05_north_america.txt:common/history/buildings/05_north_america.txt:1442
USA,STATE_VIRGINIA,building_arms_industry,6,0,REMOVE,COVERED_OWNER_STATE_WITH_NO_FINAL_HISTORICAL_TARGET_FOR_THIS_BUILDING,NO,NO,COVERAGE_COMPLETE,Coverage_Status=COVERED_POSITIVE | Research_Files=BUILD_START_1776_AMERICAS_CARIBBEAN_RESEARCH.csv;BUILD_START_1776_AMERICAS_CARIBBEAN_RESEARCH.md | CURRENT_SOURCE=common/history/buildings/05_north_america.txt:common/history/buildings/05_north_america.txt:324
USA,STATE_VIRGINIA,building_cotton_plantation,7,0,REMOVE,COVERED_OWNER_STATE_WITH_NO_FINAL_HISTORICAL_TARGET_FOR_THIS_BUILDING,NO,NO,COVERAGE_COMPLETE,Coverage_Status=COVERED_POSITIVE | Research_Files=BUILD_START_1776_AMERICAS_CARIBBEAN_RESEARCH.csv;BUILD_START_1776_AMERICAS_CARIBBEAN_RESEARCH.md | CURRENT_SOURCE=common/history/buildings/05_north_america.txt:common/history/buildings/05_north_america.txt:367
USA,STATE_VIRGINIA,building_iron_mine,2,0,REMOVE,COVERED_OWNER_STATE_WITH_NO_FINAL_HISTORICAL_TARGET_FOR_THIS_BUILDING,NO,NO,COVERAGE_COMPLETE,Coverage_Status=COVERED_POSITIVE | Research_Files=BUILD_START_1776_AMERICAS_CARIBBEAN_RESEARCH.csv;BUILD_START_1776_AMERICAS_CARIBBEAN_RESEARCH.md | CURRENT_SOURCE=common/history/buildings/05_north_america.txt:common/history/buildings/05_north_america.txt:341
USA,STATE_VIRGINIA,building_maize_farm,2,0,REMOVE,COVERED_OWNER_STATE_WITH_NO_FINAL_HISTORICAL_TARGET_FOR_THIS_BUILDING,NO,NO,COVERAGE_COMPLETE,Coverage_Status=COVERED_POSITIVE | Research_Files=BUILD_START_1776_AMERICAS_CARIBBEAN_RESEARCH.csv;BUILD_START_1776_AMERICAS_CARIBBEAN_RESEARCH.md | CURRENT_SOURCE=common/history/buildings/05_north_america.txt:common/history/buildings/05_north_america.txt:354
USA,STATE_VIRGINIA,building_naval_administration,1,0,REMOVE,COVERED_OWNER_STATE_WITH_NO_FINAL_HISTORICAL_TARGET_FOR_THIS_BUILDING,NO,NO,COVERAGE_COMPLETE,Coverage_Status=COVERED_POSITIVE | Research_Files=BUILD_START_1776_AMERICAS_CARIBBEAN_RESEARCH.csv;BUILD_START_1776_AMERICAS_CARIBBEAN_RESEARCH.md | CURRENT_SOURCE=common/history/buildings/05_north_america.txt:common/history/buildings/05_north_america.txt:415
USA,STATE_WEST_VIRGINIA,building_coal_mine,3,0,REMOVE,COVERED_OWNER_STATE_WITH_NO_FINAL_HISTORICAL_TARGET_FOR_THIS_BUILDING,NO,NO,COVERAGE_COMPLETE,Coverage_Status=COVERED_ZERO_POSITIVE | Research_Files=BUILD_START_1776_AMERICAS_CARIBBEAN_RESEARCH.md | CURRENT_SOURCE=common/history/buildings/05_north_america.txt:common/history/buildings/05_north_america.txt:704
USA,STATE_WEST_VIRGINIA,building_logging_camp,1,0,REMOVE,COVERED_OWNER_STATE_WITH_NO_FINAL_HISTORICAL_TARGET_FOR_THIS_BUILDING,NO,NO,COVERAGE_COMPLETE,Coverage_Status=COVERED_ZERO_POSITIVE | Research_Files=BUILD_START_1776_AMERICAS_CARIBBEAN_RESEARCH.md | CURRENT_SOURCE=common/history/buildings/05_north_america.txt:common/history/buildings/05_north_america.txt:717
WAD,STATE_WADDAI,building_millet_farm,1,0,REMOVE,COVERED_OWNER_STATE_WITH_NO_FINAL_HISTORICAL_TARGET_FOR_THIS_BUILDING,NO,NO,COVERAGE_COMPLETE,Coverage_Status=COVERED_ZERO_POSITIVE | Research_Files=BUILD_START_1776_SUPPLEMENTAL_OWNER_STATE_COVERAGE_CORRIGE.csv | CURRENT_SOURCE=common/history/buildings/04_subsaharan_africa.txt:common/history/buildings/04_subsaharan_africa.txt:1368
WAL,STATE_WALLACHIA,building_coal_mine,4,0,REMOVE,COVERED_OWNER_STATE_WITH_NO_FINAL_HISTORICAL_TARGET_FOR_THIS_BUILDING,NO,NO,COVERAGE_COMPLETE,Coverage_Status=COVERED_ZERO_POSITIVE | Research_Files=BUILD_START_1776_SUPPLEMENTAL_OWNER_STATE_COVERAGE_CORRIGE.csv | CURRENT_SOURCE=common/history/buildings/02_east_europe.txt:common/history/buildings/02_east_europe.txt:1483
WAL,STATE_WALLACHIA,building_food_industry,1,0,REMOVE,COVERED_OWNER_STATE_WITH_NO_FINAL_HISTORICAL_TARGET_FOR_THIS_BUILDING,NO,NO,COVERAGE_COMPLETE,Coverage_Status=COVERED_ZERO_POSITIVE | Research_Files=BUILD_START_1776_SUPPLEMENTAL_OWNER_STATE_COVERAGE_CORRIGE.csv | CURRENT_SOURCE=common/history/buildings/02_east_europe.txt:common/history/buildings/02_east_europe.txt:1425
WAL,STATE_WALLACHIA,building_government_administration,1,0,REMOVE,COVERED_OWNER_STATE_WITH_NO_FINAL_HISTORICAL_TARGET_FOR_THIS_BUILDING,NO,NO,COVERAGE_COMPLETE,Coverage_Status=COVERED_ZERO_POSITIVE | Research_Files=BUILD_START_1776_SUPPLEMENTAL_OWNER_STATE_COVERAGE_CORRIGE.csv | CURRENT_SOURCE=common/history/buildings/02_east_europe.txt:common/history/buildings/02_east_europe.txt:1414
WAL,STATE_WALLACHIA,building_livestock_ranch,9,0,REMOVE,COVERED_OWNER_STATE_WITH_NO_FINAL_HISTORICAL_TARGET_FOR_THIS_BUILDING,NO,NO,COVERAGE_COMPLETE,Coverage_Status=COVERED_ZERO_POSITIVE | Research_Files=BUILD_START_1776_SUPPLEMENTAL_OWNER_STATE_COVERAGE_CORRIGE.csv | CURRENT_SOURCE=common/history/buildings/02_east_europe.txt:common/history/buildings/02_east_europe.txt:1515
WAL,STATE_WALLACHIA,building_logging_camp,5,0,REMOVE,COVERED_OWNER_STATE_WITH_NO_FINAL_HISTORICAL_TARGET_FOR_THIS_BUILDING,NO,NO,COVERAGE_COMPLETE,Coverage_Status=COVERED_ZERO_POSITIVE | Research_Files=BUILD_START_1776_SUPPLEMENTAL_OWNER_STATE_COVERAGE_CORRIGE.csv | CURRENT_SOURCE=common/history/buildings/02_east_europe.txt:common/history/buildings/02_east_europe.txt:1528
WAL,STATE_WALLACHIA,building_silk_plantation,2,0,REMOVE,COVERED_OWNER_STATE_WITH_NO_FINAL_HISTORICAL_TARGET_FOR_THIS_BUILDING,NO,NO,COVERAGE_COMPLETE,Coverage_Status=COVERED_ZERO_POSITIVE | Research_Files=BUILD_START_1776_SUPPLEMENTAL_OWNER_STATE_COVERAGE_CORRIGE.csv | CURRENT_SOURCE=common/history/buildings/02_east_europe.txt:common/history/buildings/02_east_europe.txt:1451
WAL,STATE_WALLACHIA,building_sulfur_mine,1,0,REMOVE,COVERED_OWNER_STATE_WITH_NO_FINAL_HISTORICAL_TARGET_FOR_THIS_BUILDING,NO,NO,COVERAGE_COMPLETE,Coverage_Status=COVERED_ZERO_POSITIVE | Research_Files=BUILD_START_1776_SUPPLEMENTAL_OWNER_STATE_COVERAGE_CORRIGE.csv | CURRENT_SOURCE=common/history/buildings/02_east_europe.txt:common/history/buildings/02_east_europe.txt:1502
WAL,STATE_WALLACHIA,building_vineyard,3,0,REMOVE,COVERED_OWNER_STATE_WITH_NO_FINAL_HISTORICAL_TARGET_FOR_THIS_BUILDING,NO,NO,COVERAGE_COMPLETE,Coverage_Status=COVERED_ZERO_POSITIVE | Research_Files=BUILD_START_1776_SUPPLEMENTAL_OWNER_STATE_COVERAGE_CORRIGE.csv | CURRENT_SOURCE=common/history/buildings/02_east_europe.txt:common/history/buildings/02_east_europe.txt:1464
WAL,STATE_WALLACHIA,building_wheat_farm,14,0,REMOVE,COVERED_OWNER_STATE_WITH_NO_FINAL_HISTORICAL_TARGET_FOR_THIS_BUILDING,NO,NO,COVERAGE_COMPLETE,Coverage_Status=COVERED_ZERO_POSITIVE | Research_Files=BUILD_START_1776_SUPPLEMENTAL_OWNER_STATE_COVERAGE_CORRIGE.csv | CURRENT_SOURCE=common/history/buildings/02_east_europe.txt:common/history/buildings/02_east_europe.txt:1438
WBL,STATE_NORTHERN_CAPE,building_livestock_ranch,1,0,REMOVE,COVERED_OWNER_STATE_WITH_NO_FINAL_HISTORICAL_TARGET_FOR_THIS_BUILDING,NO,NO,COVERAGE_COMPLETE,Coverage_Status=COVERED_ZERO_POSITIVE | Research_Files=BUILD_START_1776_SUPPLEMENTAL_OWNER_STATE_COVERAGE_CORRIGE.csv | CURRENT_SOURCE=common/history/buildings/04_subsaharan_africa.txt:common/history/buildings/04_subsaharan_africa.txt:1955
WEI,STATE_SAXONY,building_coal_mine,1,0,REMOVE,COVERED_OWNER_STATE_WITH_NO_FINAL_HISTORICAL_TARGET_FOR_THIS_BUILDING,NO,NO,COVERAGE_COMPLETE,Coverage_Status=COVERED_POSITIVE | Research_Files=BUILD_START_1776_CENTRAL_EUROPE_GERMAN_ITALY_RESEARCH.csv | CURRENT_SOURCE=common/history/buildings/00_west_europe.txt:common/history/buildings/00_west_europe.txt:7185
WEI,STATE_SAXONY,building_livestock_ranch,1,0,REMOVE,COVERED_OWNER_STATE_WITH_NO_FINAL_HISTORICAL_TARGET_FOR_THIS_BUILDING,NO,NO,COVERAGE_COMPLETE,Coverage_Status=COVERED_POSITIVE | Research_Files=BUILD_START_1776_CENTRAL_EUROPE_GERMAN_ITALY_RESEARCH.csv | CURRENT_SOURCE=common/history/buildings/00_west_europe.txt:common/history/buildings/00_west_europe.txt:7172
WEI,STATE_SAXONY,building_rye_farm,2,0,REMOVE,COVERED_OWNER_STATE_WITH_NO_FINAL_HISTORICAL_TARGET_FOR_THIS_BUILDING,NO,NO,COVERAGE_COMPLETE,Coverage_Status=COVERED_POSITIVE | Research_Files=BUILD_START_1776_CENTRAL_EUROPE_GERMAN_ITALY_RESEARCH.csv | CURRENT_SOURCE=common/history/buildings/00_west_europe.txt:common/history/buildings/00_west_europe.txt:7159
WLD,STATE_HESSE,building_rye_farm,1,0,REMOVE,COVERED_OWNER_STATE_WITH_NO_FINAL_HISTORICAL_TARGET_FOR_THIS_BUILDING,NO,NO,COVERAGE_COMPLETE,Coverage_Status=COVERED_POSITIVE | Research_Files=BUILD_START_1776_CENTRAL_EUROPE_GERMAN_ITALY_RESEARCH.csv | CURRENT_SOURCE=common/history/buildings/00_west_europe.txt:common/history/buildings/00_west_europe.txt:7457
WSG,STATE_SOMALILAND,building_livestock_ranch,1,0,REMOVE,COVERED_OWNER_STATE_WITH_NO_FINAL_HISTORICAL_TARGET_FOR_THIS_BUILDING,NO,NO,COVERAGE_COMPLETE,Coverage_Status=COVERED_ZERO_POSITIVE | Research_Files=BUILD_START_1776_SUPPLEMENTAL_OWNER_STATE_COVERAGE_CORRIGE.csv | CURRENT_SOURCE=common/history/buildings/04_subsaharan_africa.txt:common/history/buildings/04_subsaharan_africa.txt:1107
WSG,STATE_SOMALILAND,building_millet_farm,1,0,REMOVE,COVERED_OWNER_STATE_WITH_NO_FINAL_HISTORICAL_TARGET_FOR_THIS_BUILDING,NO,NO,COVERAGE_COMPLETE,Coverage_Status=COVERED_ZERO_POSITIVE | Research_Files=BUILD_START_1776_SUPPLEMENTAL_OWNER_STATE_COVERAGE_CORRIGE.csv | CURRENT_SOURCE=common/history/buildings/04_subsaharan_africa.txt:common/history/buildings/04_subsaharan_africa.txt:1120
WTU,STATE_KENYA,building_barrack,1,0,REMOVE,COVERED_OWNER_STATE_WITH_NO_FINAL_HISTORICAL_TARGET_FOR_THIS_BUILDING,NO,NO,COVERAGE_COMPLETE,Coverage_Status=COVERED_ZERO_POSITIVE | Research_Files=BUILD_START_1776_SUPPLEMENTAL_OWNER_STATE_COVERAGE_CORRIGE.csv | CURRENT_SOURCE=common/history/buildings/04_subsaharan_africa.txt:common/history/buildings/04_subsaharan_africa.txt:869
WTU,STATE_KENYA,building_fishing_wharf,1,0,REMOVE,COVERED_OWNER_STATE_WITH_NO_FINAL_HISTORICAL_TARGET_FOR_THIS_BUILDING,NO,NO,COVERAGE_COMPLETE,Coverage_Status=COVERED_ZERO_POSITIVE | Research_Files=BUILD_START_1776_SUPPLEMENTAL_OWNER_STATE_COVERAGE_CORRIGE.csv | CURRENT_SOURCE=common/history/buildings/04_subsaharan_africa.txt:common/history/buildings/04_subsaharan_africa.txt:856
WTU,STATE_KENYA,building_millet_farm,1,0,REMOVE,COVERED_OWNER_STATE_WITH_NO_FINAL_HISTORICAL_TARGET_FOR_THIS_BUILDING,NO,NO,COVERAGE_COMPLETE,Coverage_Status=COVERED_ZERO_POSITIVE | Research_Files=BUILD_START_1776_SUPPLEMENTAL_OWNER_STATE_COVERAGE_CORRIGE.csv | CURRENT_SOURCE=common/history/buildings/04_subsaharan_africa.txt:common/history/buildings/04_subsaharan_africa.txt:843
WUR,STATE_WURTTEMBERG,building_government_administration,1,0,REMOVE,COVERED_OWNER_STATE_WITH_NO_FINAL_HISTORICAL_TARGET_FOR_THIS_BUILDING,NO,NO,COVERAGE_COMPLETE,Coverage_Status=COVERED_POSITIVE | Research_Files=BUILD_START_1776_CENTRAL_EUROPE_GERMAN_ITALY_RESEARCH.csv | CURRENT_SOURCE=common/history/buildings/00_west_europe.txt:common/history/buildings/00_west_europe.txt:6358
WUR,STATE_WURTTEMBERG,building_livestock_ranch,3,0,REMOVE,COVERED_OWNER_STATE_WITH_NO_FINAL_HISTORICAL_TARGET_FOR_THIS_BUILDING,NO,NO,COVERAGE_COMPLETE,Coverage_Status=COVERED_POSITIVE | Research_Files=BUILD_START_1776_CENTRAL_EUROPE_GERMAN_ITALY_RESEARCH.csv | CURRENT_SOURCE=common/history/buildings/00_west_europe.txt:common/history/buildings/00_west_europe.txt:6457
WUR,STATE_WURTTEMBERG,building_logging_camp,2,0,REMOVE,COVERED_OWNER_STATE_WITH_NO_FINAL_HISTORICAL_TARGET_FOR_THIS_BUILDING,NO,NO,COVERAGE_COMPLETE,Coverage_Status=COVERED_POSITIVE | Research_Files=BUILD_START_1776_CENTRAL_EUROPE_GERMAN_ITALY_RESEARCH.csv | CURRENT_SOURCE=common/history/buildings/00_west_europe.txt:common/history/buildings/00_west_europe.txt:6470
WUR,STATE_WURTTEMBERG,building_paper_mill,2,0,REMOVE,COVERED_OWNER_STATE_WITH_NO_FINAL_HISTORICAL_TARGET_FOR_THIS_BUILDING,NO,NO,COVERAGE_COMPLETE,Coverage_Status=COVERED_POSITIVE | Research_Files=BUILD_START_1776_CENTRAL_EUROPE_GERMAN_ITALY_RESEARCH.csv | CURRENT_SOURCE=common/history/buildings/00_west_europe.txt:common/history/buildings/00_west_europe.txt:6431
WUR,STATE_WURTTEMBERG,building_university,1,0,REMOVE,COVERED_OWNER_STATE_WITH_NO_FINAL_HISTORICAL_TARGET_FOR_THIS_BUILDING,NO,NO,COVERAGE_COMPLETE,Coverage_Status=COVERED_POSITIVE | Research_Files=BUILD_START_1776_CENTRAL_EUROPE_GERMAN_ITALY_RESEARCH.csv | CURRENT_SOURCE=common/history/buildings/00_west_europe.txt:common/history/buildings/00_west_europe.txt:6382
WUR,STATE_WURTTEMBERG,building_vineyard,1,0,REMOVE,COVERED_OWNER_STATE_WITH_NO_FINAL_HISTORICAL_TARGET_FOR_THIS_BUILDING,NO,NO,COVERAGE_COMPLETE,Coverage_Status=COVERED_POSITIVE | Research_Files=BUILD_START_1776_CENTRAL_EUROPE_GERMAN_ITALY_RESEARCH.csv | CURRENT_SOURCE=common/history/buildings/00_west_europe.txt:common/history/buildings/00_west_europe.txt:6369
WUR,STATE_WURTTEMBERG,building_wheat_farm,5,0,REMOVE,COVERED_OWNER_STATE_WITH_NO_FINAL_HISTORICAL_TARGET_FOR_THIS_BUILDING,NO,NO,COVERAGE_COMPLETE,Coverage_Status=COVERED_POSITIVE | Research_Files=BUILD_START_1776_CENTRAL_EUROPE_GERMAN_ITALY_RESEARCH.csv | CURRENT_SOURCE=common/history/buildings/00_west_europe.txt:common/history/buildings/00_west_europe.txt:6444
YOG,STATE_CENTRAL_JAVA,building_coffee_plantation,1,0,REMOVE,COVERED_OWNER_STATE_WITH_NO_FINAL_HISTORICAL_TARGET_FOR_THIS_BUILDING,NO,NO,COVERAGE_COMPLETE,Coverage_Status=COVERED_POSITIVE | Research_Files=BUILD_START_1776_EAST_ASIA_SE_ASIA_RESEARCH_MATRIX.csv | CURRENT_SOURCE=common/history/buildings/12_indonesia.txt:common/history/buildings/12_indonesia.txt:664
YOG,STATE_CENTRAL_JAVA,building_rice_farm,1,0,REMOVE,COVERED_OWNER_STATE_WITH_NO_FINAL_HISTORICAL_TARGET_FOR_THIS_BUILDING,NO,NO,COVERAGE_COMPLETE,Coverage_Status=COVERED_POSITIVE | Research_Files=BUILD_START_1776_EAST_ASIA_SE_ASIA_RESEARCH_MATRIX.csv | CURRENT_SOURCE=common/history/buildings/12_indonesia.txt:common/history/buildings/12_indonesia.txt:677
ZAI,STATE_YEMEN,building_livestock_ranch,1,0,REMOVE,COVERED_OWNER_STATE_WITH_NO_FINAL_HISTORICAL_TARGET_FOR_THIS_BUILDING,NO,NO,COVERAGE_COMPLETE,Coverage_Status=COVERED_POSITIVE | Research_Files=BUILD_START_1776_R3_OWNER_STATE_COVERAGE.csv;BUILD_START_1776_R3_RECOMMENDATIONS.csv | CURRENT_SOURCE=common/history/buildings/08_middle_east.txt:common/history/buildings/08_middle_east.txt:101
ZAI,STATE_YEMEN,building_wheat_farm,2,0,REMOVE,COVERED_OWNER_STATE_WITH_NO_FINAL_HISTORICAL_TARGET_FOR_THIS_BUILDING,NO,NO,COVERAGE_COMPLETE,Coverage_Status=COVERED_POSITIVE | Research_Files=BUILD_START_1776_R3_OWNER_STATE_COVERAGE.csv;BUILD_START_1776_R3_RECOMMENDATIONS.csv | CURRENT_SOURCE=common/history/buildings/08_middle_east.txt:common/history/buildings/08_middle_east.txt:88
