Region,Owner_TAG,Country,State_ID,State_Name,Building_ID,Building_Name,Target_Level,Confidence,Economic_Role,Domestic_Demand,Export_Orientation,Industry_Form,Scale_Evidence,Level_Rationale,Tech_Distribution_Review,Map_Rework_Risk,Source_1,Source_2,Notes
R8_NORTH_AMERICA_CARIBBEAN,CUB,Cuba,STATE_CENTRAL_CUBA,Central Cuba,building_livestock_ranch,Livestock Ranches,1,MEDIUM,CUBAN_MIXED_EXPORT_ECONOMY,DOMESTIC_REGIONAL,EXPORT_INTERCONTINENTAL,COMMERCIAL_AGRICULTURE,"Before the late-century sugar boom, Cuba combined tobacco, cattle and a still-smaller sugar sector.",Conservative pre-boom level 1.,NO,NONE,https://www.jstor.org/stable/jj.13316147,,
R8_NORTH_AMERICA_CARIBBEAN,CUB,Cuba,STATE_CENTRAL_CUBA,Central Cuba,building_sugar_plantation,Sugar Plantations,1,MEDIUM,CUBAN_MIXED_EXPORT_ECONOMY,DOMESTIC_REGIONAL,EXPORT_INTERCONTINENTAL,PLANTATION_SYSTEM,"Before the late-century sugar boom, Cuba combined tobacco, cattle and a still-smaller sugar sector.",Conservative pre-boom level 1.,NO,NONE,https://www.jstor.org/stable/jj.13316147,,
R8_NORTH_AMERICA_CARIBBEAN,CUB,Cuba,STATE_CENTRAL_CUBA,Central Cuba,building_tobacco_plantation,Tobacco Plantations,1,MEDIUM,CUBAN_MIXED_EXPORT_ECONOMY,DOMESTIC_REGIONAL,EXPORT_INTERCONTINENTAL,PLANTATION_SYSTEM,"Before the late-century sugar boom, Cuba combined tobacco, cattle and a still-smaller sugar sector.",Conservative pre-boom level 1.,NO,NONE,https://www.jstor.org/stable/jj.13316147,,
R8_NORTH_AMERICA_CARIBBEAN,CUB,Cuba,STATE_EASTERN_CUBA,Eastern Cuba,building_livestock_ranch,Livestock Ranches,1,MEDIUM,CUBAN_MIXED_EXPORT_ECONOMY,DOMESTIC_REGIONAL,EXPORT_INTERCONTINENTAL,COMMERCIAL_AGRICULTURE,"Before the late-century sugar boom, Cuba combined tobacco, cattle and a still-smaller sugar sector.",Conservative pre-boom level 1.,NO,NONE,https://www.jstor.org/stable/jj.13316147,,
R8_NORTH_AMERICA_CARIBBEAN,CUB,Cuba,STATE_EASTERN_CUBA,Eastern Cuba,building_sugar_plantation,Sugar Plantations,1,MEDIUM,CUBAN_MIXED_EXPORT_ECONOMY,DOMESTIC_REGIONAL,EXPORT_INTERCONTINENTAL,PLANTATION_SYSTEM,"Before the late-century sugar boom, Cuba combined tobacco, cattle and a still-smaller sugar sector.",Conservative pre-boom level 1.,NO,NONE,https://www.jstor.org/stable/jj.13316147,,
R8_NORTH_AMERICA_CARIBBEAN,CUB,Cuba,STATE_EASTERN_CUBA,Eastern Cuba,building_tobacco_plantation,Tobacco Plantations,1,MEDIUM,CUBAN_MIXED_EXPORT_ECONOMY,DOMESTIC_REGIONAL,EXPORT_INTERCONTINENTAL,PLANTATION_SYSTEM,"Before the late-century sugar boom, Cuba combined tobacco, cattle and a still-smaller sugar sector.",Conservative pre-boom level 1.,NO,NONE,https://www.jstor.org/stable/jj.13316147,,
R8_NORTH_AMERICA_CARIBBEAN,CUB,Cuba,STATE_WESTERN_CUBA,Western Cuba,building_barrack,Barracks,1,HIGH,HAVANA_IMPERIAL_NAVAL_HUB,MILITARY_STATE_DEMAND,NONE,ARSENAL,Havana was a major imperial port and the most productive Spanish naval shipyard in the eighteenth century.,Shipyard/port exceptionally high; other imperial functions level 1–2.,YES,NONE,https://revistadeindias.revistas.csic.es/index.php/revistadeindias/article/view/630,https://whc.unesco.org/en/list/204,
R8_NORTH_AMERICA_CARIBBEAN,CUB,Cuba,STATE_WESTERN_CUBA,Western Cuba,building_government_administration,Government Administration,2,HIGH,HAVANA_IMPERIAL_NAVAL_HUB,DOMESTIC_NATIONAL,NONE,OTHER,Havana was a major imperial port and the most productive Spanish naval shipyard in the eighteenth century.,Shipyard/port exceptionally high; other imperial functions level 1–2.,NO,NONE,https://revistadeindias.revistas.csic.es/index.php/revistadeindias/article/view/630,https://whc.unesco.org/en/list/204,
R8_NORTH_AMERICA_CARIBBEAN,CUB,Cuba,STATE_WESTERN_CUBA,Western Cuba,building_livestock_ranch,Livestock Ranches,1,MEDIUM,CUBAN_MIXED_EXPORT_ECONOMY,DOMESTIC_REGIONAL,EXPORT_INTERCONTINENTAL,COMMERCIAL_AGRICULTURE,"Before the late-century sugar boom, Cuba combined tobacco, cattle and a still-smaller sugar sector.",Conservative pre-boom level 1.,NO,NONE,https://www.jstor.org/stable/jj.13316147,,
R8_NORTH_AMERICA_CARIBBEAN,CUB,Cuba,STATE_WESTERN_CUBA,Western Cuba,building_naval_administration,Naval Administration,2,HIGH,HAVANA_IMPERIAL_NAVAL_HUB,MILITARY_STATE_DEMAND,NONE,ARSENAL,Havana was a major imperial port and the most productive Spanish naval shipyard in the eighteenth century.,Shipyard/port exceptionally high; other imperial functions level 1–2.,NO,NONE,https://revistadeindias.revistas.csic.es/index.php/revistadeindias/article/view/630,https://whc.unesco.org/en/list/204,
R8_NORTH_AMERICA_CARIBBEAN,CUB,Cuba,STATE_WESTERN_CUBA,Western Cuba,building_naval_fortification,Naval Fortification,2,HIGH,HAVANA_IMPERIAL_NAVAL_HUB,MILITARY_STATE_DEMAND,NONE,ARSENAL,Havana was a major imperial port and the most productive Spanish naval shipyard in the eighteenth century.,Shipyard/port exceptionally high; other imperial functions level 1–2.,NO,NONE,https://revistadeindias.revistas.csic.es/index.php/revistadeindias/article/view/630,https://whc.unesco.org/en/list/204,
R8_NORTH_AMERICA_CARIBBEAN,CUB,Cuba,STATE_WESTERN_CUBA,Western Cuba,building_port,Port,3,HIGH,HAVANA_IMPERIAL_NAVAL_HUB,DOMESTIC_NATIONAL,EXPORT_INTERCONTINENTAL,OTHER,Havana was a major imperial port and the most productive Spanish naval shipyard in the eighteenth century.,Shipyard/port exceptionally high; other imperial functions level 1–2.,YES,NONE,https://revistadeindias.revistas.csic.es/index.php/revistadeindias/article/view/630,https://whc.unesco.org/en/list/204,
R8_NORTH_AMERICA_CARIBBEAN,CUB,Cuba,STATE_WESTERN_CUBA,Western Cuba,building_railway,Regional Infrastructure,1,MEDIUM,HAVANA_IMPERIAL_NAVAL_HUB,DOMESTIC_NATIONAL,NONE,OTHER,Havana was a major imperial port and the most productive Spanish naval shipyard in the eighteenth century.,Shipyard/port exceptionally high; other imperial functions level 1–2.,NO,NONE,https://revistadeindias.revistas.csic.es/index.php/revistadeindias/article/view/630,https://whc.unesco.org/en/list/204,ROAD_LEVEL_JUSTIFICATION=1; CANAL_LEVEL_JUSTIFICATION=0; NO_ACTIVE_RAIL_1776; pm_no_rail_network obligatoire
R8_NORTH_AMERICA_CARIBBEAN,CUB,Cuba,STATE_WESTERN_CUBA,Western Cuba,building_shipyard,Shipyards,3,HIGH,HAVANA_IMPERIAL_NAVAL_HUB,MILITARY_STATE_DEMAND,NONE,SHIPYARD_CLUSTER,Havana was a major imperial port and the most productive Spanish naval shipyard in the eighteenth century.,Shipyard/port exceptionally high; other imperial functions level 1–2.,NO,NONE,https://revistadeindias.revistas.csic.es/index.php/revistadeindias/article/view/630,https://whc.unesco.org/en/list/204,
R8_NORTH_AMERICA_CARIBBEAN,CUB,Cuba,STATE_WESTERN_CUBA,Western Cuba,building_sugar_plantation,Sugar Plantations,1,MEDIUM,CUBAN_MIXED_EXPORT_ECONOMY,DOMESTIC_REGIONAL,EXPORT_INTERCONTINENTAL,PLANTATION_SYSTEM,"Before the late-century sugar boom, Cuba combined tobacco, cattle and a still-smaller sugar sector.",Conservative pre-boom level 1.,NO,NONE,https://www.jstor.org/stable/jj.13316147,,
R8_NORTH_AMERICA_CARIBBEAN,CUB,Cuba,STATE_WESTERN_CUBA,Western Cuba,building_tobacco_plantation,Tobacco Plantations,2,MEDIUM,CUBAN_MIXED_EXPORT_ECONOMY,DOMESTIC_REGIONAL,EXPORT_INTERCONTINENTAL,PLANTATION_SYSTEM,"Before the late-century sugar boom, Cuba combined tobacco, cattle and a still-smaller sugar sector.",Conservative pre-boom level 2.,NO,NONE,https://www.jstor.org/stable/jj.13316147,,
R8_NORTH_AMERICA_CARIBBEAN,CUB,Cuba,STATE_WESTERN_CUBA,Western Cuba,building_trade_center,Trade Center,2,HIGH,HAVANA_IMPERIAL_NAVAL_HUB,DOMESTIC_NATIONAL,EXPORT_INTERCONTINENTAL,OTHER,Havana was a major imperial port and the most productive Spanish naval shipyard in the eighteenth century.,Shipyard/port exceptionally high; other imperial functions level 1–2.,NO,NONE,https://revistadeindias.revistas.csic.es/index.php/revistadeindias/article/view/630,https://whc.unesco.org/en/list/204,TRADE_CENTER
R8_NORTH_AMERICA_CARIBBEAN,DENNOR,Denmark-Norway,STATE_WEST_INDIES,West Indies,building_port,Port,1,MEDIUM,CARIBBEAN_PLANTATION_COMMERCE,DOMESTIC_REGIONAL,EXPORT_INTERCONTINENTAL,OTHER,The represented island group contained organized plantation and long-distance maritime commerce.,Level 1; kept below named exceptional hubs.,YES,NONE,https://tile.loc.gov/storage-services/master/gdc/gdcebookspublic/20/20/71/96/05/2020719605/2020719605.pdf,,
R8_NORTH_AMERICA_CARIBBEAN,DENNOR,Denmark-Norway,STATE_WEST_INDIES,West Indies,building_sugar_plantation,Sugar Plantations,2,MEDIUM,CARIBBEAN_PLANTATION_COMMERCE,DOMESTIC_REGIONAL,EXPORT_INTERCONTINENTAL,PLANTATION_SYSTEM,The represented island group contained organized plantation and long-distance maritime commerce.,Level 2; kept below named exceptional hubs.,YES,NONE,https://tile.loc.gov/storage-services/master/gdc/gdcebookspublic/20/20/71/96/05/2020719605/2020719605.pdf,,
R8_NORTH_AMERICA_CARIBBEAN,DENNOR,Denmark-Norway,STATE_WEST_INDIES,West Indies,building_trade_center,Trade Center,1,MEDIUM,CARIBBEAN_PLANTATION_COMMERCE,DOMESTIC_REGIONAL,EXPORT_INTERCONTINENTAL,OTHER,The represented island group contained organized plantation and long-distance maritime commerce.,Level 1; kept below named exceptional hubs.,NO,NONE,https://tile.loc.gov/storage-services/master/gdc/gdcebookspublic/20/20/71/96/05/2020719605/2020719605.pdf,,TRADE_CENTER
R8_NORTH_AMERICA_CARIBBEAN,FRA,France,STATE_WEST_INDIES,West Indies,building_port,Port,2,MEDIUM,CARIBBEAN_PLANTATION_COMMERCE,DOMESTIC_REGIONAL,EXPORT_INTERCONTINENTAL,OTHER,The represented island group contained organized plantation and long-distance maritime commerce.,Level 2; kept below named exceptional hubs.,YES,NONE,https://www.cambridge.org/core/books/cambridge-history-of-latin-america/haiti-and-santo-domingo-1790c-1870/2DA88EA288904F6477B4126AC8A85B63,,
R8_NORTH_AMERICA_CARIBBEAN,FRA,France,STATE_WEST_INDIES,West Indies,building_sugar_plantation,Sugar Plantations,3,MEDIUM,CARIBBEAN_PLANTATION_COMMERCE,DOMESTIC_REGIONAL,EXPORT_INTERCONTINENTAL,PLANTATION_SYSTEM,The represented island group contained organized plantation and long-distance maritime commerce.,Level 3; kept below named exceptional hubs.,YES,NONE,https://www.cambridge.org/core/books/cambridge-history-of-latin-america/haiti-and-santo-domingo-1790c-1870/2DA88EA288904F6477B4126AC8A85B63,,
R8_NORTH_AMERICA_CARIBBEAN,FRA,France,STATE_WEST_INDIES,West Indies,building_trade_center,Trade Center,2,MEDIUM,CARIBBEAN_PLANTATION_COMMERCE,DOMESTIC_REGIONAL,EXPORT_INTERCONTINENTAL,OTHER,The represented island group contained organized plantation and long-distance maritime commerce.,Level 2; kept below named exceptional hubs.,NO,NONE,https://www.cambridge.org/core/books/cambridge-history-of-latin-america/haiti-and-santo-domingo-1790c-1870/2DA88EA288904F6477B4126AC8A85B63,,TRADE_CENTER
R8_NORTH_AMERICA_CARIBBEAN,GBR,Great Britain,STATE_BAHAMAS,Bahamas,building_port,Port,1,MEDIUM,BAHAMAS_SALT_AND_MARITIME,DOMESTIC_REGIONAL,EXPORT_INTERCONTINENTAL,OTHER,Salt production and maritime trade were established regional activities.,Level 2 only for salt extraction.,YES,NONE,https://www.bahamas.gov.bs/wps/portal/public/About%20The%20Bahamas/History,,
R8_NORTH_AMERICA_CARIBBEAN,GBR,Great Britain,STATE_BAHAMAS,Bahamas,building_salt_pan,Salt Works,2,MEDIUM,BAHAMAS_SALT_AND_MARITIME,DOMESTIC_REGIONAL,EXPORT_INTERCONTINENTAL,COMMERCIAL_EXTRACTION,Salt production and maritime trade were established regional activities.,Level 2 only for salt extraction.,NO,NONE,https://www.bahamas.gov.bs/wps/portal/public/About%20The%20Bahamas/History,,
R8_NORTH_AMERICA_CARIBBEAN,GBR,Great Britain,STATE_BAHAMAS,Bahamas,building_trade_center,Trade Center,1,MEDIUM,BAHAMAS_SALT_AND_MARITIME,DOMESTIC_REGIONAL,EXPORT_INTERCONTINENTAL,OTHER,Salt production and maritime trade were established regional activities.,Level 2 only for salt extraction.,NO,NONE,https://www.bahamas.gov.bs/wps/portal/public/About%20The%20Bahamas/History,,TRADE_CENTER
R8_NORTH_AMERICA_CARIBBEAN,GBR,Great Britain,STATE_BERMUDA,Bermuda,building_port,Port,1,MEDIUM,BERMUDA_MARITIME_ECONOMY,DOMESTIC_REGIONAL,EXPORT_REGIONAL,OTHER,"Bermuda's economy was strongly maritime, with shipbuilding and intercolonial trade.",Level 1 each.,YES,NONE,https://www.gov.bm/history-bermuda,,
R8_NORTH_AMERICA_CARIBBEAN,GBR,Great Britain,STATE_BERMUDA,Bermuda,building_shipyard,Shipyards,1,MEDIUM,BERMUDA_MARITIME_ECONOMY,DOMESTIC_REGIONAL,EXPORT_REGIONAL,SHIPYARD_CLUSTER,"Bermuda's economy was strongly maritime, with shipbuilding and intercolonial trade.",Level 1 each.,YES,NONE,https://www.gov.bm/history-bermuda,,
R8_NORTH_AMERICA_CARIBBEAN,GBR,Great Britain,STATE_BERMUDA,Bermuda,building_trade_center,Trade Center,1,MEDIUM,BERMUDA_MARITIME_ECONOMY,DOMESTIC_REGIONAL,EXPORT_REGIONAL,OTHER,"Bermuda's economy was strongly maritime, with shipbuilding and intercolonial trade.",Level 1 each.,NO,NONE,https://www.gov.bm/history-bermuda,,TRADE_CENTER
R8_NORTH_AMERICA_CARIBBEAN,GBR,Great Britain,STATE_FLORIDA,Florida,building_dye_plantation,Dye Plantations,1,MEDIUM,EAST_FLORIDA_COLONIAL_NODE,DOMESTIC_REGIONAL,EXPORT_REGIONAL,PLANTATION_SYSTEM,British East Florida had St Augustine's fortified port and an indigo plantation boom in the 1760s–1770s.,Level 1 only.,YES,NONE,https://www.nps.gov/casa/learn/historyculture/index.htm,https://www.scencyclopedia.org/sce/entries/indigo/,
R8_NORTH_AMERICA_CARIBBEAN,GBR,Great Britain,STATE_FLORIDA,Florida,building_naval_fortification,Naval Fortification,1,MEDIUM,EAST_FLORIDA_COLONIAL_NODE,DOMESTIC_REGIONAL,EXPORT_REGIONAL,ARSENAL,British East Florida had St Augustine's fortified port and an indigo plantation boom in the 1760s–1770s.,Level 1 only.,YES,NONE,https://www.nps.gov/casa/learn/historyculture/index.htm,https://www.scencyclopedia.org/sce/entries/indigo/,
R8_NORTH_AMERICA_CARIBBEAN,GBR,Great Britain,STATE_FLORIDA,Florida,building_port,Port,1,MEDIUM,EAST_FLORIDA_COLONIAL_NODE,DOMESTIC_REGIONAL,EXPORT_REGIONAL,OTHER,British East Florida had St Augustine's fortified port and an indigo plantation boom in the 1760s–1770s.,Level 1 only.,YES,NONE,https://www.nps.gov/casa/learn/historyculture/index.htm,https://www.scencyclopedia.org/sce/entries/indigo/,
R8_NORTH_AMERICA_CARIBBEAN,GBR,Great Britain,STATE_FLORIDA,Florida,building_trade_center,Trade Center,1,MEDIUM,EAST_FLORIDA_COLONIAL_NODE,DOMESTIC_REGIONAL,EXPORT_REGIONAL,OTHER,British East Florida had St Augustine's fortified port and an indigo plantation boom in the 1760s–1770s.,Level 1 only.,NO,NONE,https://www.nps.gov/casa/learn/historyculture/index.htm,https://www.scencyclopedia.org/sce/entries/indigo/,TRADE_CENTER
R8_NORTH_AMERICA_CARIBBEAN,GBR,Great Britain,STATE_JAMAICA,Jamaica,building_coffee_plantation,Coffee Plantations,1,MEDIUM,JAMAICAN_PLANTATION_ENTREPOT,DOMESTIC_NATIONAL,EXPORT_INTERCONTINENTAL,PLANTATION_SYSTEM,Jamaica was Britain's richest plantation colony; Kingston was a flourishing trading centre.,"Sugar level 4, port/trade 2; coffee/fort/admin 1.",YES,NONE,https://academic.oup.com/chicago-scholarship-online/book/21561/chapter-abstract/181405827,https://www.cambridge.org/core/journals/journal-of-economic-history/article/abs/producing-a-peculiar-commodity-jamaican-sugar-production-slave-life-and-planter-profits-on-the-eve-of-abolition-17501807/16176A574B9391CE4627B7FD07133061,
R8_NORTH_AMERICA_CARIBBEAN,GBR,Great Britain,STATE_JAMAICA,Jamaica,building_government_administration,Government Administration,1,MEDIUM,JAMAICAN_PLANTATION_ENTREPOT,DOMESTIC_NATIONAL,MILITARY_STATE_DEMAND,OTHER,Jamaica was Britain's richest plantation colony; Kingston was a flourishing trading centre.,"Sugar level 4, port/trade 2; coffee/fort/admin 1.",YES,NONE,https://academic.oup.com/chicago-scholarship-online/book/21561/chapter-abstract/181405827,https://www.cambridge.org/core/journals/journal-of-economic-history/article/abs/producing-a-peculiar-commodity-jamaican-sugar-production-slave-life-and-planter-profits-on-the-eve-of-abolition-17501807/16176A574B9391CE4627B7FD07133061,
R8_NORTH_AMERICA_CARIBBEAN,GBR,Great Britain,STATE_JAMAICA,Jamaica,building_naval_fortification,Naval Fortification,1,MEDIUM,JAMAICAN_PLANTATION_ENTREPOT,DOMESTIC_NATIONAL,MILITARY_STATE_DEMAND,ARSENAL,Jamaica was Britain's richest plantation colony; Kingston was a flourishing trading centre.,"Sugar level 4, port/trade 2; coffee/fort/admin 1.",YES,NONE,https://academic.oup.com/chicago-scholarship-online/book/21561/chapter-abstract/181405827,https://www.cambridge.org/core/journals/journal-of-economic-history/article/abs/producing-a-peculiar-commodity-jamaican-sugar-production-slave-life-and-planter-profits-on-the-eve-of-abolition-17501807/16176A574B9391CE4627B7FD07133061,
R8_NORTH_AMERICA_CARIBBEAN,GBR,Great Britain,STATE_JAMAICA,Jamaica,building_port,Port,2,HIGH,JAMAICAN_PLANTATION_ENTREPOT,DOMESTIC_NATIONAL,EXPORT_INTERCONTINENTAL,OTHER,Jamaica was Britain's richest plantation colony; Kingston was a flourishing trading centre.,"Sugar level 4, port/trade 2; coffee/fort/admin 1.",YES,NONE,https://academic.oup.com/chicago-scholarship-online/book/21561/chapter-abstract/181405827,https://www.cambridge.org/core/journals/journal-of-economic-history/article/abs/producing-a-peculiar-commodity-jamaican-sugar-production-slave-life-and-planter-profits-on-the-eve-of-abolition-17501807/16176A574B9391CE4627B7FD07133061,
R8_NORTH_AMERICA_CARIBBEAN,GBR,Great Britain,STATE_JAMAICA,Jamaica,building_sugar_plantation,Sugar Plantations,4,HIGH,JAMAICAN_PLANTATION_ENTREPOT,DOMESTIC_NATIONAL,EXPORT_INTERCONTINENTAL,PLANTATION_SYSTEM,Jamaica was Britain's richest plantation colony; Kingston was a flourishing trading centre.,"Sugar level 4, port/trade 2; coffee/fort/admin 1.",YES,NONE,https://academic.oup.com/chicago-scholarship-online/book/21561/chapter-abstract/181405827,https://www.cambridge.org/core/journals/journal-of-economic-history/article/abs/producing-a-peculiar-commodity-jamaican-sugar-production-slave-life-and-planter-profits-on-the-eve-of-abolition-17501807/16176A574B9391CE4627B7FD07133061,
R8_NORTH_AMERICA_CARIBBEAN,GBR,Great Britain,STATE_JAMAICA,Jamaica,building_trade_center,Trade Center,2,HIGH,JAMAICAN_PLANTATION_ENTREPOT,DOMESTIC_NATIONAL,EXPORT_INTERCONTINENTAL,OTHER,Jamaica was Britain's richest plantation colony; Kingston was a flourishing trading centre.,"Sugar level 4, port/trade 2; coffee/fort/admin 1.",NO,NONE,https://academic.oup.com/chicago-scholarship-online/book/21561/chapter-abstract/181405827,https://www.cambridge.org/core/journals/journal-of-economic-history/article/abs/producing-a-peculiar-commodity-jamaican-sugar-production-slave-life-and-planter-profits-on-the-eve-of-abolition-17501807/16176A574B9391CE4627B7FD07133061,TRADE_CENTER
R8_NORTH_AMERICA_CARIBBEAN,GBR,Great Britain,STATE_NEWFOUNDLAND,Newfoundland,building_fishing_wharf,Fishing Wharves,4,HIGH,NORTH_ATLANTIC_COD_EXPORT,DOMESTIC_REGIONAL,EXPORT_INTERCONTINENTAL,COMMERCIAL_EXTRACTION,The Newfoundland cod fishery reached exceptional production and employment in the 1760s–early 1770s.,Fishing level 4; port/trade level 2.,YES,NONE,https://www.heritage.nf.ca/articles/exploration/18th-century-fishery.php,https://www.heritage.nf.ca/articles/politics/economic-changes-1730-to-1815.php,
R8_NORTH_AMERICA_CARIBBEAN,GBR,Great Britain,STATE_NEWFOUNDLAND,Newfoundland,building_port,Port,2,HIGH,NORTH_ATLANTIC_COD_EXPORT,DOMESTIC_REGIONAL,EXPORT_INTERCONTINENTAL,OTHER,The Newfoundland cod fishery reached exceptional production and employment in the 1760s–early 1770s.,Fishing level 4; port/trade level 2.,YES,NONE,https://www.heritage.nf.ca/articles/exploration/18th-century-fishery.php,https://www.heritage.nf.ca/articles/politics/economic-changes-1730-to-1815.php,
R8_NORTH_AMERICA_CARIBBEAN,GBR,Great Britain,STATE_NEWFOUNDLAND,Newfoundland,building_trade_center,Trade Center,2,HIGH,NORTH_ATLANTIC_COD_EXPORT,DOMESTIC_REGIONAL,EXPORT_INTERCONTINENTAL,OTHER,The Newfoundland cod fishery reached exceptional production and employment in the 1760s–early 1770s.,Fishing level 4; port/trade level 2.,NO,NONE,https://www.heritage.nf.ca/articles/politics/economic-changes-1730-to-1815.php,https://www.heritage.nf.ca/articles/politics/economic-changes-1730-to-1815.php,TRADE_CENTER
R8_NORTH_AMERICA_CARIBBEAN,GBR,Great Britain,STATE_WEST_INDIES,West Indies,building_port,Port,2,MEDIUM,CARIBBEAN_PLANTATION_COMMERCE,DOMESTIC_REGIONAL,EXPORT_INTERCONTINENTAL,OTHER,The represented island group contained organized plantation and long-distance maritime commerce.,Level 2; kept below named exceptional hubs.,YES,NONE,https://academic.oup.com/chicago-scholarship-online/book/21561/chapter-abstract/181405827,,
R8_NORTH_AMERICA_CARIBBEAN,GBR,Great Britain,STATE_WEST_INDIES,West Indies,building_sugar_plantation,Sugar Plantations,3,MEDIUM,CARIBBEAN_PLANTATION_COMMERCE,DOMESTIC_REGIONAL,EXPORT_INTERCONTINENTAL,PLANTATION_SYSTEM,The represented island group contained organized plantation and long-distance maritime commerce.,Level 3; kept below named exceptional hubs.,YES,NONE,https://academic.oup.com/chicago-scholarship-online/book/21561/chapter-abstract/181405827,,
R8_NORTH_AMERICA_CARIBBEAN,GBR,Great Britain,STATE_WEST_INDIES,West Indies,building_trade_center,Trade Center,2,MEDIUM,CARIBBEAN_PLANTATION_COMMERCE,DOMESTIC_REGIONAL,EXPORT_INTERCONTINENTAL,OTHER,The represented island group contained organized plantation and long-distance maritime commerce.,Level 2; kept below named exceptional hubs.,NO,NONE,https://academic.oup.com/chicago-scholarship-online/book/21561/chapter-abstract/181405827,,TRADE_CENTER
R8_NORTH_AMERICA_CARIBBEAN,GR5,Santo Domingo,STATE_SANTO_DOMINGO,Santo Domingo,building_livestock_ranch,Livestock Ranches,1,MEDIUM,SPANISH_SANTO_DOMINGO_REGIONAL_ECONOMY,DOMESTIC_REGIONAL,EXPORT_REGIONAL,COMMERCIAL_AGRICULTURE,Spanish Santo Domingo had plantation/ranching and port trade but at a much lower scale than French Saint-Domingue.,Level 1 only.,NO,NONE,https://www.cambridge.org/core/books/cambridge-history-of-latin-america/haiti-and-santo-domingo-1790c-1870/2DA88EA288904F6477B4126AC8A85B63,,
R8_NORTH_AMERICA_CARIBBEAN,GR5,Santo Domingo,STATE_SANTO_DOMINGO,Santo Domingo,building_port,Port,1,MEDIUM,SPANISH_SANTO_DOMINGO_REGIONAL_ECONOMY,DOMESTIC_REGIONAL,EXPORT_REGIONAL,OTHER,Spanish Santo Domingo had plantation/ranching and port trade but at a much lower scale than French Saint-Domingue.,Level 1 only.,YES,NONE,https://www.cambridge.org/core/books/cambridge-history-of-latin-america/haiti-and-santo-domingo-1790c-1870/2DA88EA288904F6477B4126AC8A85B63,,
R8_NORTH_AMERICA_CARIBBEAN,GR5,Santo Domingo,STATE_SANTO_DOMINGO,Santo Domingo,building_sugar_plantation,Sugar Plantations,1,MEDIUM,SPANISH_SANTO_DOMINGO_REGIONAL_ECONOMY,DOMESTIC_REGIONAL,EXPORT_REGIONAL,PLANTATION_SYSTEM,Spanish Santo Domingo had plantation/ranching and port trade but at a much lower scale than French Saint-Domingue.,Level 1 only.,NO,NONE,https://www.cambridge.org/core/books/cambridge-history-of-latin-america/haiti-and-santo-domingo-1790c-1870/2DA88EA288904F6477B4126AC8A85B63,,
R8_NORTH_AMERICA_CARIBBEAN,GR5,Santo Domingo,STATE_SANTO_DOMINGO,Santo Domingo,building_tobacco_plantation,Tobacco Plantations,1,MEDIUM,SPANISH_SANTO_DOMINGO_REGIONAL_ECONOMY,DOMESTIC_REGIONAL,EXPORT_REGIONAL,PLANTATION_SYSTEM,Spanish Santo Domingo had plantation/ranching and port trade but at a much lower scale than French Saint-Domingue.,Level 1 only.,NO,NONE,https://www.cambridge.org/core/books/cambridge-history-of-latin-america/haiti-and-santo-domingo-1790c-1870/2DA88EA288904F6477B4126AC8A85B63,,
R8_NORTH_AMERICA_CARIBBEAN,GR5,Santo Domingo,STATE_SANTO_DOMINGO,Santo Domingo,building_trade_center,Trade Center,1,MEDIUM,SPANISH_SANTO_DOMINGO_REGIONAL_ECONOMY,DOMESTIC_REGIONAL,EXPORT_REGIONAL,OTHER,Spanish Santo Domingo had plantation/ranching and port trade but at a much lower scale than French Saint-Domingue.,Level 1 only.,NO,NONE,https://www.cambridge.org/core/books/cambridge-history-of-latin-america/haiti-and-santo-domingo-1790c-1870/2DA88EA288904F6477B4126AC8A85B63,,TRADE_CENTER
R8_NORTH_AMERICA_CARIBBEAN,HAI,Haiti,STATE_HAITI,Haiti,building_coffee_plantation,Coffee Plantations,3,HIGH,SAINT_DOMINGUE_EXPORT_COMPLEX,DOMESTIC_NATIONAL,EXPORT_INTERCONTINENTAL,PLANTATION_SYSTEM,French Saint-Domingue was the leading plantation export economy of the Antilles by the late eighteenth century.,Level 3 reflects exceptional plantation/export concentration.,NO,NONE,https://www.cambridge.org/core/books/cambridge-history-of-latin-america/haiti-and-santo-domingo-1790c-1870/2DA88EA288904F6477B4126AC8A85B63,https://www.cambridge.org/core/journals/journal-of-economic-history/article/abs/producing-a-peculiar-commodity-jamaican-sugar-production-slave-life-and-planter-profits-on-the-eve-of-abolition-17501807/16176A574B9391CE4627B7FD07133061,
R8_NORTH_AMERICA_CARIBBEAN,HAI,Haiti,STATE_HAITI,Haiti,building_cotton_plantation,Cotton Plantations,1,MEDIUM,SAINT_DOMINGUE_EXPORT_COMPLEX,DOMESTIC_NATIONAL,EXPORT_INTERCONTINENTAL,PLANTATION_SYSTEM,French Saint-Domingue was the leading plantation export economy of the Antilles by the late eighteenth century.,Level 1 reflects exceptional plantation/export concentration.,NO,NONE,https://www.cambridge.org/core/books/cambridge-history-of-latin-america/haiti-and-santo-domingo-1790c-1870/2DA88EA288904F6477B4126AC8A85B63,https://www.cambridge.org/core/journals/journal-of-economic-history/article/abs/producing-a-peculiar-commodity-jamaican-sugar-production-slave-life-and-planter-profits-on-the-eve-of-abolition-17501807/16176A574B9391CE4627B7FD07133061,
R8_NORTH_AMERICA_CARIBBEAN,HAI,Haiti,STATE_HAITI,Haiti,building_government_administration,Government Administration,2,HIGH,SAINT_DOMINGUE_EXPORT_COMPLEX,DOMESTIC_NATIONAL,EXPORT_INTERCONTINENTAL,OTHER,French Saint-Domingue was the leading plantation export economy of the Antilles by the late eighteenth century.,Level 2 reflects exceptional plantation/export concentration.,NO,NONE,https://www.cambridge.org/core/books/cambridge-history-of-latin-america/haiti-and-santo-domingo-1790c-1870/2DA88EA288904F6477B4126AC8A85B63,https://www.cambridge.org/core/journals/journal-of-economic-history/article/abs/producing-a-peculiar-commodity-jamaican-sugar-production-slave-life-and-planter-profits-on-the-eve-of-abolition-17501807/16176A574B9391CE4627B7FD07133061,
R8_NORTH_AMERICA_CARIBBEAN,HAI,Haiti,STATE_HAITI,Haiti,building_port,Port,2,HIGH,SAINT_DOMINGUE_EXPORT_COMPLEX,DOMESTIC_NATIONAL,EXPORT_INTERCONTINENTAL,OTHER,French Saint-Domingue was the leading plantation export economy of the Antilles by the late eighteenth century.,Level 2 reflects exceptional plantation/export concentration.,YES,NONE,https://www.cambridge.org/core/books/cambridge-history-of-latin-america/haiti-and-santo-domingo-1790c-1870/2DA88EA288904F6477B4126AC8A85B63,https://www.cambridge.org/core/journals/journal-of-economic-history/article/abs/producing-a-peculiar-commodity-jamaican-sugar-production-slave-life-and-planter-profits-on-the-eve-of-abolition-17501807/16176A574B9391CE4627B7FD07133061,
R8_NORTH_AMERICA_CARIBBEAN,HAI,Haiti,STATE_HAITI,Haiti,building_sugar_plantation,Sugar Plantations,4,HIGH,SAINT_DOMINGUE_EXPORT_COMPLEX,DOMESTIC_NATIONAL,EXPORT_INTERCONTINENTAL,PLANTATION_SYSTEM,French Saint-Domingue was the leading plantation export economy of the Antilles by the late eighteenth century.,Level 4 reflects exceptional plantation/export concentration.,NO,NONE,https://www.cambridge.org/core/books/cambridge-history-of-latin-america/haiti-and-santo-domingo-1790c-1870/2DA88EA288904F6477B4126AC8A85B63,https://www.cambridge.org/core/journals/journal-of-economic-history/article/abs/producing-a-peculiar-commodity-jamaican-sugar-production-slave-life-and-planter-profits-on-the-eve-of-abolition-17501807/16176A574B9391CE4627B7FD07133061,
R8_NORTH_AMERICA_CARIBBEAN,HAI,Haiti,STATE_HAITI,Haiti,building_trade_center,Trade Center,3,HIGH,SAINT_DOMINGUE_EXPORT_COMPLEX,DOMESTIC_NATIONAL,EXPORT_INTERCONTINENTAL,OTHER,French Saint-Domingue was the leading plantation export economy of the Antilles by the late eighteenth century.,Level 3 reflects exceptional plantation/export concentration.,NO,NONE,https://www.cambridge.org/core/books/cambridge-history-of-latin-america/haiti-and-santo-domingo-1790c-1870/2DA88EA288904F6477B4126AC8A85B63,https://www.cambridge.org/core/journals/journal-of-economic-history/article/abs/producing-a-peculiar-commodity-jamaican-sugar-production-slave-life-and-planter-profits-on-the-eve-of-abolition-17501807/16176A574B9391CE4627B7FD07133061,TRADE_CENTER
R8_NORTH_AMERICA_CARIBBEAN,HBC,Hudson's Bay Company,STATE_MANITOBA,Manitoba,building_port,Port,1,MEDIUM,HUDSON_BAY_SUPPLY_PORT,DOMESTIC_REGIONAL,EXPORT_INTERCONTINENTAL,OTHER,York Factory and Hudson Bay supply traffic provide a limited but real organized maritime node.,Level 1 only.,YES,NONE,https://www.thecanadianencyclopedia.ca/en/article/york-factory,,
R8_NORTH_AMERICA_CARIBBEAN,HBC,Hudson's Bay Company,STATE_MANITOBA,Manitoba,building_trade_center,Trade Center,1,MEDIUM,FUR_TRADE_ENTREPOT,DOMESTIC_REGIONAL,EXPORT_INTERCONTINENTAL,OTHER,Hudson's Bay Company posts functioned as long-distance fur-trade collection and redistribution points.,One level only because a V3 trade center is already substantial.,NO,NONE,https://www.thecanadianencyclopedia.ca/en/article/hudsons-bay-company,,TRADE_CENTER
R8_NORTH_AMERICA_CARIBBEAN,HBC,Hudson's Bay Company,STATE_ONTARIO,Ontario,building_trade_center,Trade Center,1,MEDIUM,FUR_TRADE_ENTREPOT,DOMESTIC_REGIONAL,EXPORT_INTERCONTINENTAL,OTHER,Hudson's Bay Company posts functioned as long-distance fur-trade collection and redistribution points.,One level only because a V3 trade center is already substantial.,NO,NONE,https://www.thecanadianencyclopedia.ca/en/article/hudsons-bay-company,,TRADE_CENTER
R8_NORTH_AMERICA_CARIBBEAN,LOU,Louisiana,STATE_LOUISIANA,Louisiana,building_government_administration,Government Administration,1,MEDIUM,NEW_ORLEANS_COLONIAL_HUB,DOMESTIC_REGIONAL,EXPORT_REGIONAL,OTHER,New Orleans functioned as the administrative and redistribution centre of lower Mississippi Louisiana.,Level 1: substantial regionally but not yet a top Atlantic entrepôt.,NO,NONE,https://www.hnoc.org/research/collection/new-orleans-and-louisiana-collection,,
R8_NORTH_AMERICA_CARIBBEAN,LOU,Louisiana,STATE_LOUISIANA,Louisiana,building_port,Port,1,MEDIUM,NEW_ORLEANS_COLONIAL_HUB,DOMESTIC_REGIONAL,EXPORT_REGIONAL,OTHER,New Orleans functioned as the administrative and redistribution centre of lower Mississippi Louisiana.,Level 1: substantial regionally but not yet a top Atlantic entrepôt.,YES,NONE,https://www.hnoc.org/research/collection/new-orleans-and-louisiana-collection,,
R8_NORTH_AMERICA_CARIBBEAN,LOU,Louisiana,STATE_LOUISIANA,Louisiana,building_trade_center,Trade Center,1,MEDIUM,NEW_ORLEANS_COLONIAL_HUB,DOMESTIC_REGIONAL,EXPORT_REGIONAL,OTHER,New Orleans functioned as the administrative and redistribution centre of lower Mississippi Louisiana.,Level 1: substantial regionally but not yet a top Atlantic entrepôt.,NO,NONE,https://www.hnoc.org/research/collection/new-orleans-and-louisiana-collection,,TRADE_CENTER
R8_NORTH_AMERICA_CARIBBEAN,NBS,New Brunswick,STATE_NEW_BRUNSWICK,Maritimes,building_logging_camp,Logging Camps,1,MEDIUM,MARITIME_TIMBER,DOMESTIC_REGIONAL,EXPORT_REGIONAL,COMMERCIAL_EXTRACTION,"Timber extraction existed in the Maritimes, though the great timber boom was later.",Level 1 only.,NO,NONE,https://www.thecanadianencyclopedia.ca/en/article/timber-trade-history,,
R8_NORTH_AMERICA_CARIBBEAN,NET,Netherlands,STATE_WEST_INDIES,West Indies,building_port,Port,2,HIGH,DUTCH_CARIBBEAN_FREE_PORT,DOMESTIC_REGIONAL,ENTREPOT_REEXPORT,OTHER,"St Eustatius was a major free-port/transshipment hub by the 1770s, with plantation production also present.",Trade level 3 is exceptional but justified by the dense warehouse/free-port system.,YES,NONE,https://mass.cultureelerfgoed.nl/lower-town,https://tile.loc.gov/storage-services/master/gdc/gdcebookspublic/20/20/71/96/05/2020719605/2020719605.pdf,
R8_NORTH_AMERICA_CARIBBEAN,NET,Netherlands,STATE_WEST_INDIES,West Indies,building_sugar_plantation,Sugar Plantations,1,MEDIUM,DUTCH_CARIBBEAN_FREE_PORT,DOMESTIC_REGIONAL,ENTREPOT_REEXPORT,PLANTATION_SYSTEM,"St Eustatius was a major free-port/transshipment hub by the 1770s, with plantation production also present.",Trade level 3 is exceptional but justified by the dense warehouse/free-port system.,YES,NONE,https://mass.cultureelerfgoed.nl/lower-town,https://tile.loc.gov/storage-services/master/gdc/gdcebookspublic/20/20/71/96/05/2020719605/2020719605.pdf,
R8_NORTH_AMERICA_CARIBBEAN,NET,Netherlands,STATE_WEST_INDIES,West Indies,building_tobacco_plantation,Tobacco Plantations,1,MEDIUM,DUTCH_CARIBBEAN_FREE_PORT,DOMESTIC_REGIONAL,ENTREPOT_REEXPORT,PLANTATION_SYSTEM,"St Eustatius was a major free-port/transshipment hub by the 1770s, with plantation production also present.",Trade level 3 is exceptional but justified by the dense warehouse/free-port system.,YES,NONE,https://mass.cultureelerfgoed.nl/lower-town,https://tile.loc.gov/storage-services/master/gdc/gdcebookspublic/20/20/71/96/05/2020719605/2020719605.pdf,
R8_NORTH_AMERICA_CARIBBEAN,NET,Netherlands,STATE_WEST_INDIES,West Indies,building_trade_center,Trade Center,3,HIGH,DUTCH_CARIBBEAN_FREE_PORT,DOMESTIC_REGIONAL,ENTREPOT_REEXPORT,OTHER,"St Eustatius was a major free-port/transshipment hub by the 1770s, with plantation production also present.",Trade level 3 is exceptional but justified by the dense warehouse/free-port system.,NO,NONE,https://mass.cultureelerfgoed.nl/lower-town,https://tile.loc.gov/storage-services/master/gdc/gdcebookspublic/20/20/71/96/05/2020719605/2020719605.pdf,TRADE_CENTER
R8_NORTH_AMERICA_CARIBBEAN,NVS,Nova Scotia,STATE_NEW_BRUNSWICK,Maritimes,building_fishing_wharf,Fishing Wharves,2,HIGH,HALIFAX_MARITIME_SYSTEM,DOMESTIC_REGIONAL,EXPORT_INTERCONTINENTAL,COMMERCIAL_EXTRACTION,Nova Scotia's Atlantic economy centered on Halifax and fisheries after 1749.,Conservative 1–2 levels.,YES,NONE,https://archives.novascotia.ca/virtual/?Search=THtheme&Theme=halifax,https://www.heritage.nf.ca/articles/exploration/european-migratory-fishery.php,
R8_NORTH_AMERICA_CARIBBEAN,NVS,Nova Scotia,STATE_NEW_BRUNSWICK,Maritimes,building_government_administration,Government Administration,1,MEDIUM,HALIFAX_MARITIME_SYSTEM,DOMESTIC_REGIONAL,NONE,OTHER,Nova Scotia's Atlantic economy centered on Halifax and fisheries after 1749.,Conservative 1–2 levels.,NO,NONE,https://archives.novascotia.ca/virtual/?Search=THtheme&Theme=halifax,https://www.heritage.nf.ca/articles/exploration/european-migratory-fishery.php,
R8_NORTH_AMERICA_CARIBBEAN,NVS,Nova Scotia,STATE_NEW_BRUNSWICK,Maritimes,building_naval_fortification,Naval Fortification,1,MEDIUM,HALIFAX_MARITIME_SYSTEM,DOMESTIC_REGIONAL,NONE,OTHER,Nova Scotia's Atlantic economy centered on Halifax and fisheries after 1749.,Conservative 1–2 levels.,NO,NONE,https://archives.novascotia.ca/virtual/?Search=THtheme&Theme=halifax,https://www.heritage.nf.ca/articles/exploration/european-migratory-fishery.php,
R8_NORTH_AMERICA_CARIBBEAN,NVS,Nova Scotia,STATE_NEW_BRUNSWICK,Maritimes,building_port,Port,1,HIGH,HALIFAX_MARITIME_SYSTEM,DOMESTIC_REGIONAL,EXPORT_INTERCONTINENTAL,OTHER,Nova Scotia's Atlantic economy centered on Halifax and fisheries after 1749.,Conservative 1–2 levels.,YES,NONE,https://archives.novascotia.ca/virtual/?Search=THtheme&Theme=halifax,https://www.heritage.nf.ca/articles/exploration/european-migratory-fishery.php,
R8_NORTH_AMERICA_CARIBBEAN,NVS,Nova Scotia,STATE_NEW_BRUNSWICK,Maritimes,building_shipyard,Shipyards,1,MEDIUM,HALIFAX_MARITIME_SYSTEM,DOMESTIC_REGIONAL,NONE,SHIPYARD_CLUSTER,Nova Scotia's Atlantic economy centered on Halifax and fisheries after 1749.,Conservative 1–2 levels.,YES,NONE,https://archives.novascotia.ca/virtual/?Search=THtheme&Theme=halifax,https://www.heritage.nf.ca/articles/exploration/european-migratory-fishery.php,
R8_NORTH_AMERICA_CARIBBEAN,NVS,Nova Scotia,STATE_NEW_BRUNSWICK,Maritimes,building_trade_center,Trade Center,1,MEDIUM,HALIFAX_MARITIME_SYSTEM,DOMESTIC_REGIONAL,EXPORT_INTERCONTINENTAL,OTHER,Nova Scotia's Atlantic economy centered on Halifax and fisheries after 1749.,Conservative 1–2 levels.,NO,NONE,https://archives.novascotia.ca/virtual/?Search=THtheme&Theme=halifax,https://www.heritage.nf.ca/articles/exploration/european-migratory-fishery.php,TRADE_CENTER
R8_NORTH_AMERICA_CARIBBEAN,PCO,Puerto Rico,STATE_PUERTO_RICO,Porto Rico,building_barrack,Barracks,1,HIGH,SAN_JUAN_FORTIFIED_COLONY,MILITARY_STATE_DEMAND,NONE,ARSENAL,San Juan possessed a major ongoing fortification programme; island agriculture remained diversified and smaller-scale than Jamaica/Saint-Domingue.,Level 1 is conservative.,YES,NONE,https://www.nps.gov/saju/learn/historyculture/history.htm,,
R8_NORTH_AMERICA_CARIBBEAN,PCO,Puerto Rico,STATE_PUERTO_RICO,Porto Rico,building_livestock_ranch,Livestock Ranches,1,MEDIUM,SAN_JUAN_FORTIFIED_COLONY,DOMESTIC_REGIONAL,EXPORT_REGIONAL,COMMERCIAL_AGRICULTURE,San Juan possessed a major ongoing fortification programme; island agriculture remained diversified and smaller-scale than Jamaica/Saint-Domingue.,Level 1 is conservative.,NO,NONE,https://enciclopediapr.org/content/ganaderia-puerto-rico/,,
R8_NORTH_AMERICA_CARIBBEAN,PCO,Puerto Rico,STATE_PUERTO_RICO,Porto Rico,building_naval_fortification,Naval Fortification,2,HIGH,SAN_JUAN_FORTIFIED_COLONY,MILITARY_STATE_DEMAND,NONE,ARSENAL,San Juan possessed a major ongoing fortification programme; island agriculture remained diversified and smaller-scale than Jamaica/Saint-Domingue.,Level 2 is conservative.,NO,NONE,https://www.nps.gov/saju/learn/historyculture/history.htm,,
R8_NORTH_AMERICA_CARIBBEAN,PCO,Puerto Rico,STATE_PUERTO_RICO,Porto Rico,building_port,Port,1,HIGH,SAN_JUAN_FORTIFIED_COLONY,DOMESTIC_REGIONAL,EXPORT_REGIONAL,OTHER,San Juan possessed a major ongoing fortification programme; island agriculture remained diversified and smaller-scale than Jamaica/Saint-Domingue.,Level 1 is conservative.,YES,NONE,https://www.nps.gov/saju/learn/historyculture/history.htm,,
R8_NORTH_AMERICA_CARIBBEAN,PCO,Puerto Rico,STATE_PUERTO_RICO,Porto Rico,building_sugar_plantation,Sugar Plantations,1,MEDIUM,SAN_JUAN_FORTIFIED_COLONY,DOMESTIC_REGIONAL,EXPORT_REGIONAL,PLANTATION_SYSTEM,San Juan possessed a major ongoing fortification programme; island agriculture remained diversified and smaller-scale than Jamaica/Saint-Domingue.,Level 1 is conservative.,NO,NONE,https://www.nass.usda.gov/Statistics_by_State/Puerto_Rico/Publications/Ag_History_of_Sugar_Cane/,,
R8_NORTH_AMERICA_CARIBBEAN,PCO,Puerto Rico,STATE_PUERTO_RICO,Porto Rico,building_tobacco_plantation,Tobacco Plantations,1,MEDIUM,SAN_JUAN_FORTIFIED_COLONY,DOMESTIC_REGIONAL,EXPORT_REGIONAL,PLANTATION_SYSTEM,San Juan possessed a major ongoing fortification programme; island agriculture remained diversified and smaller-scale than Jamaica/Saint-Domingue.,Level 1 is conservative.,NO,NONE,https://enciclopediapr.org/content/tabaco-puerto-rico/,,
R8_NORTH_AMERICA_CARIBBEAN,PCO,Puerto Rico,STATE_PUERTO_RICO,Porto Rico,building_trade_center,Trade Center,1,MEDIUM,SAN_JUAN_FORTIFIED_COLONY,DOMESTIC_REGIONAL,EXPORT_REGIONAL,OTHER,San Juan possessed a major ongoing fortification programme; island agriculture remained diversified and smaller-scale than Jamaica/Saint-Domingue.,Level 1 is conservative.,NO,NONE,https://www.nps.gov/saju/learn/historyculture/history.htm,,TRADE_CENTER
R8_NORTH_AMERICA_CARIBBEAN,QUE,Quebec,STATE_QUEBEC,Quebec,building_food_industry,Food Industries,1,MEDIUM,ST_LAWRENCE_COLONIAL_HUB,DOMESTIC_NATIONAL,NONE,URBAN_MANUFACTORY_CLUSTER,Quebec City/Montreal formed the administrative and commercial core of the St Lawrence colony.,Port/trade/admin level 2; other sectors level 1.,YES,NONE,https://www.thecanadianencyclopedia.ca/en/article/quebec-city,,
R8_NORTH_AMERICA_CARIBBEAN,QUE,Quebec,STATE_QUEBEC,Quebec,building_government_administration,Government Administration,2,HIGH,ST_LAWRENCE_COLONIAL_HUB,DOMESTIC_NATIONAL,NONE,OTHER,Quebec City/Montreal formed the administrative and commercial core of the St Lawrence colony.,Port/trade/admin level 2; other sectors level 1.,NO,NONE,https://www.thecanadianencyclopedia.ca/en/article/quebec-act,,
R8_NORTH_AMERICA_CARIBBEAN,QUE,Quebec,STATE_QUEBEC,Quebec,building_port,Port,2,HIGH,ST_LAWRENCE_COLONIAL_HUB,DOMESTIC_NATIONAL,EXPORT_INTERCONTINENTAL,OTHER,Quebec City/Montreal formed the administrative and commercial core of the St Lawrence colony.,Port/trade/admin level 2; other sectors level 1.,YES,NONE,https://www.thecanadianencyclopedia.ca/en/article/quebec-city,,
R8_NORTH_AMERICA_CARIBBEAN,QUE,Quebec,STATE_QUEBEC,Quebec,building_railway,Regional Infrastructure,1,MEDIUM,ST_LAWRENCE_COLONIAL_HUB,DOMESTIC_NATIONAL,NONE,OTHER,Quebec City/Montreal formed the administrative and commercial core of the St Lawrence colony.,Port/trade/admin level 2; other sectors level 1.,NO,NONE,https://www.thecanadianencyclopedia.ca/en/article/road,,ROAD_LEVEL_JUSTIFICATION=1; CANAL_LEVEL_JUSTIFICATION=0; NO_ACTIVE_RAIL_1776; pm_no_rail_network obligatoire
R8_NORTH_AMERICA_CARIBBEAN,QUE,Quebec,STATE_QUEBEC,Quebec,building_shipyard,Shipyards,1,MEDIUM,ST_LAWRENCE_COLONIAL_HUB,DOMESTIC_NATIONAL,NONE,SHIPYARD_CLUSTER,Quebec City/Montreal formed the administrative and commercial core of the St Lawrence colony.,Port/trade/admin level 2; other sectors level 1.,YES,NONE,https://www.thecanadianencyclopedia.ca/en/article/shipbuilding,,
R8_NORTH_AMERICA_CARIBBEAN,QUE,Quebec,STATE_QUEBEC,Quebec,building_trade_center,Trade Center,2,HIGH,ST_LAWRENCE_COLONIAL_HUB,DOMESTIC_NATIONAL,EXPORT_INTERCONTINENTAL,OTHER,Quebec City/Montreal formed the administrative and commercial core of the St Lawrence colony.,Port/trade/admin level 2; other sectors level 1.,NO,NONE,https://www.thecanadianencyclopedia.ca/en/article/fur-trade,,TRADE_CENTER
R8_NORTH_AMERICA_CARIBBEAN,SC1,Nueva España,STATE_BAJIO,Bajío,building_livestock_ranch,Livestock Ranches,2,MEDIUM,NEW_SPAIN_INTERNAL_MARKET,DOMESTIC_REGIONAL,EXPORT_REGIONAL,COMMERCIAL_AGRICULTURE,Commercial farming/ranching and royal-road exchange supported the mining and urban economy of New Spain.,Level 2 calibrated below Mexico City/Veracruz.,NO,NONE,https://whc.unesco.org/en/list/1351,,
R8_NORTH_AMERICA_CARIBBEAN,SC1,Nueva España,STATE_BAJIO,Bajío,building_maize_farm,Maize Farms,2,MEDIUM,NEW_SPAIN_INTERNAL_MARKET,DOMESTIC_REGIONAL,EXPORT_REGIONAL,COMMERCIAL_AGRICULTURE,Commercial farming/ranching and royal-road exchange supported the mining and urban economy of New Spain.,Level 2 calibrated below Mexico City/Veracruz.,NO,NONE,https://whc.unesco.org/en/list/1351,,
R8_NORTH_AMERICA_CARIBBEAN,SC1,Nueva España,STATE_BAJIO,Bajío,building_railway,Regional Infrastructure,2,MEDIUM,NEW_SPAIN_INTERNAL_MARKET,DOMESTIC_REGIONAL,EXPORT_REGIONAL,OTHER,Commercial farming/ranching and royal-road exchange supported the mining and urban economy of New Spain.,Level 2 calibrated below Mexico City/Veracruz.,NO,NONE,https://whc.unesco.org/en/list/1351,,ROAD_LEVEL_JUSTIFICATION=2; CANAL_LEVEL_JUSTIFICATION=0; NO_ACTIVE_RAIL_1776; pm_no_rail_network obligatoire
R8_NORTH_AMERICA_CARIBBEAN,SC1,Nueva España,STATE_BAJIO,Bajío,building_textile_mill,Textile Manufacture,1,MEDIUM,NEW_SPAIN_INTERNAL_MARKET,DOMESTIC_REGIONAL,EXPORT_REGIONAL,PROTO_INDUSTRIAL_DISTRICT,Commercial farming/ranching and royal-road exchange supported the mining and urban economy of New Spain.,Level 1 calibrated below Mexico City/Veracruz.,NO,NONE,https://whc.unesco.org/en/list/1351,,
R8_NORTH_AMERICA_CARIBBEAN,SC1,Nueva España,STATE_BAJIO,Bajío,building_wheat_farm,Wheat Farms,2,MEDIUM,NEW_SPAIN_INTERNAL_MARKET,DOMESTIC_REGIONAL,EXPORT_REGIONAL,COMMERCIAL_AGRICULTURE,Commercial farming/ranching and royal-road exchange supported the mining and urban economy of New Spain.,Level 2 calibrated below Mexico City/Veracruz.,NO,NONE,https://whc.unesco.org/en/list/1351,,
R8_NORTH_AMERICA_CARIBBEAN,SC1,Nueva España,STATE_CHIHUAHUA,Chihuahua,building_livestock_ranch,Livestock Ranches,2,MEDIUM,NEW_SPAIN_INTERNAL_MARKET,DOMESTIC_REGIONAL,EXPORT_REGIONAL,COMMERCIAL_AGRICULTURE,Commercial farming/ranching and royal-road exchange supported the mining and urban economy of New Spain.,Level 2 calibrated below Mexico City/Veracruz.,NO,NONE,https://whc.unesco.org/en/list/1351,,
R8_NORTH_AMERICA_CARIBBEAN,SC1,Nueva España,STATE_CHIHUAHUA,Chihuahua,building_railway,Regional Infrastructure,1,MEDIUM,NEW_SPAIN_INTERNAL_MARKET,DOMESTIC_REGIONAL,EXPORT_REGIONAL,OTHER,Commercial farming/ranching and royal-road exchange supported the mining and urban economy of New Spain.,Level 1 calibrated below Mexico City/Veracruz.,NO,NONE,https://whc.unesco.org/en/list/1351,,ROAD_LEVEL_JUSTIFICATION=1; CANAL_LEVEL_JUSTIFICATION=0; NO_ACTIVE_RAIL_1776; pm_no_rail_network obligatoire
R8_NORTH_AMERICA_CARIBBEAN,SC1,Nueva España,STATE_COSTA_RICA,Costa Rica,building_livestock_ranch,Livestock Ranches,1,MEDIUM,CENTRAL_AMERICAN_REGIONAL_AGRICULTURE,DOMESTIC_REGIONAL,EXPORT_REGIONAL,COMMERCIAL_AGRICULTURE,"Cattle and maize supported regional markets, without evidence for a large plantation/manufacturing complex.",Level 1 only.,NO,NONE,https://www.britannica.com/place/Central-America/History,,
R8_NORTH_AMERICA_CARIBBEAN,SC1,Nueva España,STATE_COSTA_RICA,Costa Rica,building_maize_farm,Maize Farms,1,MEDIUM,CENTRAL_AMERICAN_REGIONAL_AGRICULTURE,DOMESTIC_REGIONAL,EXPORT_REGIONAL,COMMERCIAL_AGRICULTURE,"Cattle and maize supported regional markets, without evidence for a large plantation/manufacturing complex.",Level 1 only.,NO,NONE,https://www.britannica.com/place/Central-America/History,,
R8_NORTH_AMERICA_CARIBBEAN,SC1,Nueva España,STATE_DURANGO,Durango,building_livestock_ranch,Livestock Ranches,2,MEDIUM,NEW_SPAIN_INTERNAL_MARKET,DOMESTIC_REGIONAL,EXPORT_REGIONAL,COMMERCIAL_AGRICULTURE,Commercial farming/ranching and royal-road exchange supported the mining and urban economy of New Spain.,Level 2 calibrated below Mexico City/Veracruz.,NO,NONE,https://whc.unesco.org/en/list/1351,,
R8_NORTH_AMERICA_CARIBBEAN,SC1,Nueva España,STATE_DURANGO,Durango,building_maize_farm,Maize Farms,1,MEDIUM,NEW_SPAIN_INTERNAL_MARKET,DOMESTIC_REGIONAL,EXPORT_REGIONAL,COMMERCIAL_AGRICULTURE,Commercial farming/ranching and royal-road exchange supported the mining and urban economy of New Spain.,Level 1 calibrated below Mexico City/Veracruz.,NO,NONE,https://whc.unesco.org/en/list/1351,,
R8_NORTH_AMERICA_CARIBBEAN,SC1,Nueva España,STATE_DURANGO,Durango,building_railway,Regional Infrastructure,1,MEDIUM,NEW_SPAIN_INTERNAL_MARKET,DOMESTIC_REGIONAL,EXPORT_REGIONAL,OTHER,Commercial farming/ranching and royal-road exchange supported the mining and urban economy of New Spain.,Level 1 calibrated below Mexico City/Veracruz.,NO,NONE,https://whc.unesco.org/en/list/1351,,ROAD_LEVEL_JUSTIFICATION=1; CANAL_LEVEL_JUSTIFICATION=0; NO_ACTIVE_RAIL_1776; pm_no_rail_network obligatoire
R8_NORTH_AMERICA_CARIBBEAN,SC1,Nueva España,STATE_GUATEMALA,Guatemala,building_maize_farm,Maize Farms,1,MEDIUM,GUATEMALA_REGIONAL_CAPITAL,DOMESTIC_REGIONAL,EXPORT_REGIONAL,COMMERCIAL_AGRICULTURE,Guatemala City/region served as the administrative-commercial centre of Central America with textile and agricultural production.,Level 1 only.,NO,NONE,https://www.britannica.com/place/Guatemala/History,,
R8_NORTH_AMERICA_CARIBBEAN,SC1,Nueva España,STATE_GUATEMALA,Guatemala,building_textile_mill,Textile Manufacture,1,MEDIUM,GUATEMALA_REGIONAL_CAPITAL,DOMESTIC_REGIONAL,EXPORT_REGIONAL,PROTO_INDUSTRIAL_DISTRICT,Guatemala City/region served as the administrative-commercial centre of Central America with textile and agricultural production.,Level 1 only.,NO,NONE,https://www.britannica.com/place/Guatemala/History,,
R8_NORTH_AMERICA_CARIBBEAN,SC1,Nueva España,STATE_GUATEMALA,Guatemala,building_trade_center,Trade Center,1,MEDIUM,GUATEMALA_REGIONAL_CAPITAL,DOMESTIC_REGIONAL,EXPORT_REGIONAL,OTHER,Guatemala City/region served as the administrative-commercial centre of Central America with textile and agricultural production.,Level 1 only.,NO,NONE,https://www.britannica.com/place/Guatemala/History,,TRADE_CENTER
R8_NORTH_AMERICA_CARIBBEAN,SC1,Nueva España,STATE_GUERRERO,Guerrero,building_port,Port,2,HIGH,ACAPULCO_PACIFIC_GATEWAY,DOMESTIC_NATIONAL,EXPORT_INTERCONTINENTAL,OTHER,Acapulco was the terminus of the Manila galleon and a long-distance redistribution port.,Level 2 port/trade; level 1 road link.,YES,NONE,https://www.britannica.com/place/Acapulco,,
R8_NORTH_AMERICA_CARIBBEAN,SC1,Nueva España,STATE_GUERRERO,Guerrero,building_railway,Regional Infrastructure,1,HIGH,ACAPULCO_PACIFIC_GATEWAY,DOMESTIC_NATIONAL,NONE,OTHER,Acapulco was the terminus of the Manila galleon and a long-distance redistribution port.,Level 2 port/trade; level 1 road link.,NO,NONE,https://www.britannica.com/place/Acapulco,,ROAD_LEVEL_JUSTIFICATION=1; CANAL_LEVEL_JUSTIFICATION=0; NO_ACTIVE_RAIL_1776; pm_no_rail_network obligatoire
R8_NORTH_AMERICA_CARIBBEAN,SC1,Nueva España,STATE_GUERRERO,Guerrero,building_trade_center,Trade Center,2,HIGH,ACAPULCO_PACIFIC_GATEWAY,DOMESTIC_NATIONAL,EXPORT_INTERCONTINENTAL,OTHER,Acapulco was the terminus of the Manila galleon and a long-distance redistribution port.,Level 2 port/trade; level 1 road link.,NO,NONE,https://www.britannica.com/place/Acapulco,,TRADE_CENTER
R8_NORTH_AMERICA_CARIBBEAN,SC1,Nueva España,STATE_HONDURAS,Honduras,building_livestock_ranch,Livestock Ranches,1,MEDIUM,CENTRAL_AMERICAN_REGIONAL_AGRICULTURE,DOMESTIC_REGIONAL,EXPORT_REGIONAL,COMMERCIAL_AGRICULTURE,"Cattle and maize supported regional markets, without evidence for a large plantation/manufacturing complex.",Level 1 only.,NO,NONE,https://www.britannica.com/place/Central-America/History,,
R8_NORTH_AMERICA_CARIBBEAN,SC1,Nueva España,STATE_HONDURAS,Honduras,building_logging_camp,Logging Camps,1,MEDIUM,TROPICAL_TIMBER_EXPORT,DOMESTIC_REGIONAL,EXPORT_INTERCONTINENTAL,COMMERCIAL_EXTRACTION,Mahogany and other tropical timber extraction entered Atlantic commerce.,Level 1 only.,NO,NONE,https://www.britannica.com/place/Honduras/History,,
R8_NORTH_AMERICA_CARIBBEAN,SC1,Nueva España,STATE_HONDURAS,Honduras,building_maize_farm,Maize Farms,1,MEDIUM,CENTRAL_AMERICAN_REGIONAL_AGRICULTURE,DOMESTIC_REGIONAL,EXPORT_REGIONAL,COMMERCIAL_AGRICULTURE,"Cattle and maize supported regional markets, without evidence for a large plantation/manufacturing complex.",Level 1 only.,NO,NONE,https://www.britannica.com/place/Central-America/History,,
R8_NORTH_AMERICA_CARIBBEAN,SC1,Nueva España,STATE_JALISCO,Jalisco,building_livestock_ranch,Livestock Ranches,2,MEDIUM,NEW_SPAIN_INTERNAL_MARKET,DOMESTIC_REGIONAL,EXPORT_REGIONAL,COMMERCIAL_AGRICULTURE,Commercial farming/ranching and royal-road exchange supported the mining and urban economy of New Spain.,Level 2 calibrated below Mexico City/Veracruz.,NO,NONE,https://whc.unesco.org/en/list/1351,,
R8_NORTH_AMERICA_CARIBBEAN,SC1,Nueva España,STATE_JALISCO,Jalisco,building_maize_farm,Maize Farms,2,MEDIUM,NEW_SPAIN_INTERNAL_MARKET,DOMESTIC_REGIONAL,EXPORT_REGIONAL,COMMERCIAL_AGRICULTURE,Commercial farming/ranching and royal-road exchange supported the mining and urban economy of New Spain.,Level 2 calibrated below Mexico City/Veracruz.,NO,NONE,https://whc.unesco.org/en/list/1351,,
R8_NORTH_AMERICA_CARIBBEAN,SC1,Nueva España,STATE_JALISCO,Jalisco,building_railway,Regional Infrastructure,1,MEDIUM,NEW_SPAIN_INTERNAL_MARKET,DOMESTIC_REGIONAL,EXPORT_REGIONAL,OTHER,Commercial farming/ranching and royal-road exchange supported the mining and urban economy of New Spain.,Level 1 calibrated below Mexico City/Veracruz.,NO,NONE,https://whc.unesco.org/en/list/1351,,ROAD_LEVEL_JUSTIFICATION=1; CANAL_LEVEL_JUSTIFICATION=0; NO_ACTIVE_RAIL_1776; pm_no_rail_network obligatoire
R8_NORTH_AMERICA_CARIBBEAN,SC1,Nueva España,STATE_JALISCO,Jalisco,building_textile_mill,Textile Manufacture,1,MEDIUM,NEW_SPAIN_INTERNAL_MARKET,DOMESTIC_REGIONAL,EXPORT_REGIONAL,PROTO_INDUSTRIAL_DISTRICT,Commercial farming/ranching and royal-road exchange supported the mining and urban economy of New Spain.,Level 1 calibrated below Mexico City/Veracruz.,NO,NONE,https://whc.unesco.org/en/list/1351,,
R8_NORTH_AMERICA_CARIBBEAN,SC1,Nueva España,STATE_JALISCO,Jalisco,building_wheat_farm,Wheat Farms,1,MEDIUM,NEW_SPAIN_INTERNAL_MARKET,DOMESTIC_REGIONAL,EXPORT_REGIONAL,COMMERCIAL_AGRICULTURE,Commercial farming/ranching and royal-road exchange supported the mining and urban economy of New Spain.,Level 1 calibrated below Mexico City/Veracruz.,NO,NONE,https://whc.unesco.org/en/list/1351,,
R8_NORTH_AMERICA_CARIBBEAN,SC1,Nueva España,STATE_MEXICO,México,building_food_industry,Food Industries,2,MEDIUM,VICEREGAL_CAPITAL_COMPLEX,DOMESTIC_NATIONAL,NONE,URBAN_MANUFACTORY_CLUSTER,Mexico City was the administrative and commercial centre of New Spain and the hub of the royal road system.,"Level 3 administration, level 2 trade/roads/textiles, level 1 other sectors.",YES,NONE,https://www.britannica.com/place/Mexico/Colonial-period-1521-1821,,
R8_NORTH_AMERICA_CARIBBEAN,SC1,Nueva España,STATE_MEXICO,México,building_furniture_manufactory,Furniture Manufacturies,1,MEDIUM,VICEREGAL_CAPITAL_COMPLEX,DOMESTIC_NATIONAL,NONE,URBAN_MANUFACTORY_CLUSTER,Mexico City was the administrative and commercial centre of New Spain and the hub of the royal road system.,"Level 3 administration, level 2 trade/roads/textiles, level 1 other sectors.",YES,NONE,https://www.britannica.com/place/Mexico/Colonial-period-1521-1821,,
R8_NORTH_AMERICA_CARIBBEAN,SC1,Nueva España,STATE_MEXICO,México,building_government_administration,Government Administration,3,HIGH,VICEREGAL_CAPITAL_COMPLEX,DOMESTIC_NATIONAL,NONE,OTHER,Mexico City was the administrative and commercial centre of New Spain and the hub of the royal road system.,"Level 3 administration, level 2 trade/roads/textiles, level 1 other sectors.",NO,NONE,https://www.britannica.com/place/Mexico/Colonial-period-1521-1821,,
R8_NORTH_AMERICA_CARIBBEAN,SC1,Nueva España,STATE_MEXICO,México,building_paper_mill,Paper Mills,1,MEDIUM,VICEREGAL_CAPITAL_COMPLEX,DOMESTIC_NATIONAL,NONE,URBAN_MANUFACTORY_CLUSTER,Mexico City was the administrative and commercial centre of New Spain and the hub of the royal road system.,"Level 3 administration, level 2 trade/roads/textiles, level 1 other sectors.",YES,NONE,https://www.britannica.com/place/Mexico/Colonial-period-1521-1821,,
R8_NORTH_AMERICA_CARIBBEAN,SC1,Nueva España,STATE_MEXICO,México,building_railway,Regional Infrastructure,2,HIGH,VICEREGAL_CAPITAL_COMPLEX,DOMESTIC_NATIONAL,NONE,OTHER,Mexico City was the administrative and commercial centre of New Spain and the hub of the royal road system.,"Level 3 administration, level 2 trade/roads/textiles, level 1 other sectors.",NO,NONE,https://whc.unesco.org/en/list/1351,,ROAD_LEVEL_JUSTIFICATION=2; CANAL_LEVEL_JUSTIFICATION=0; NO_ACTIVE_RAIL_1776; pm_no_rail_network obligatoire
R8_NORTH_AMERICA_CARIBBEAN,SC1,Nueva España,STATE_MEXICO,México,building_textile_mill,Textile Manufacture,2,MEDIUM,VICEREGAL_CAPITAL_COMPLEX,DOMESTIC_NATIONAL,EXPORT_REGIONAL,PROTO_INDUSTRIAL_DISTRICT,Mexico City was the administrative and commercial centre of New Spain and the hub of the royal road system.,"Level 3 administration, level 2 trade/roads/textiles, level 1 other sectors.",NO,NONE,https://www.jstor.org/stable/1007036,,
R8_NORTH_AMERICA_CARIBBEAN,SC1,Nueva España,STATE_MEXICO,México,building_trade_center,Trade Center,2,HIGH,VICEREGAL_CAPITAL_COMPLEX,DOMESTIC_NATIONAL,EXPORT_REGIONAL,OTHER,Mexico City was the administrative and commercial centre of New Spain and the hub of the royal road system.,"Level 3 administration, level 2 trade/roads/textiles, level 1 other sectors.",NO,NONE,https://whc.unesco.org/en/list/1351,,TRADE_CENTER
R8_NORTH_AMERICA_CARIBBEAN,SC1,Nueva España,STATE_MEXICO,México,building_university,University,1,HIGH,VICEREGAL_CAPITAL_COMPLEX,DOMESTIC_NATIONAL,NONE,OTHER,Mexico City was the administrative and commercial centre of New Spain and the hub of the royal road system.,"Level 3 administration, level 2 trade/roads/textiles, level 1 other sectors.",YES,NONE,https://www.unam.mx/acerca-de-la-unam/unam-en-el-tiempo,,
R8_NORTH_AMERICA_CARIBBEAN,SC1,Nueva España,STATE_NEW_MEXICO,New Mexico,building_livestock_ranch,Livestock Ranches,2,MEDIUM,NEW_SPAIN_INTERNAL_MARKET,DOMESTIC_REGIONAL,EXPORT_REGIONAL,COMMERCIAL_AGRICULTURE,Commercial farming/ranching and royal-road exchange supported the mining and urban economy of New Spain.,Level 2 calibrated below Mexico City/Veracruz.,NO,NONE,https://whc.unesco.org/en/list/1351,,
R8_NORTH_AMERICA_CARIBBEAN,SC1,Nueva España,STATE_NEW_MEXICO,New Mexico,building_maize_farm,Maize Farms,1,MEDIUM,NEW_SPAIN_INTERNAL_MARKET,DOMESTIC_REGIONAL,EXPORT_REGIONAL,COMMERCIAL_AGRICULTURE,Commercial farming/ranching and royal-road exchange supported the mining and urban economy of New Spain.,Level 1 calibrated below Mexico City/Veracruz.,NO,NONE,https://whc.unesco.org/en/list/1351,,
R8_NORTH_AMERICA_CARIBBEAN,SC1,Nueva España,STATE_NEW_MEXICO,New Mexico,building_railway,Regional Infrastructure,1,MEDIUM,NEW_SPAIN_INTERNAL_MARKET,DOMESTIC_REGIONAL,EXPORT_REGIONAL,OTHER,Commercial farming/ranching and royal-road exchange supported the mining and urban economy of New Spain.,Level 1 calibrated below Mexico City/Veracruz.,NO,NONE,https://whc.unesco.org/en/list/1351,,ROAD_LEVEL_JUSTIFICATION=1; CANAL_LEVEL_JUSTIFICATION=0; NO_ACTIVE_RAIL_1776; pm_no_rail_network obligatoire
R8_NORTH_AMERICA_CARIBBEAN,SC1,Nueva España,STATE_NICARAGUA,Nicaragua,building_livestock_ranch,Livestock Ranches,1,MEDIUM,CENTRAL_AMERICAN_REGIONAL_AGRICULTURE,DOMESTIC_REGIONAL,EXPORT_REGIONAL,COMMERCIAL_AGRICULTURE,"Cattle and maize supported regional markets, without evidence for a large plantation/manufacturing complex.",Level 1 only.,NO,NONE,https://www.britannica.com/place/Central-America/History,,
R8_NORTH_AMERICA_CARIBBEAN,SC1,Nueva España,STATE_NICARAGUA,Nicaragua,building_maize_farm,Maize Farms,1,MEDIUM,CENTRAL_AMERICAN_REGIONAL_AGRICULTURE,DOMESTIC_REGIONAL,EXPORT_REGIONAL,COMMERCIAL_AGRICULTURE,"Cattle and maize supported regional markets, without evidence for a large plantation/manufacturing complex.",Level 1 only.,NO,NONE,https://www.britannica.com/place/Central-America/History,,
R8_NORTH_AMERICA_CARIBBEAN,SC1,Nueva España,STATE_OAXACA,Oaxaca,building_livestock_ranch,Livestock Ranches,1,MEDIUM,NEW_SPAIN_INTERNAL_MARKET,DOMESTIC_REGIONAL,EXPORT_REGIONAL,COMMERCIAL_AGRICULTURE,Commercial farming/ranching and royal-road exchange supported the mining and urban economy of New Spain.,Level 1 calibrated below Mexico City/Veracruz.,NO,NONE,https://whc.unesco.org/en/list/1351,,
R8_NORTH_AMERICA_CARIBBEAN,SC1,Nueva España,STATE_OAXACA,Oaxaca,building_maize_farm,Maize Farms,1,MEDIUM,NEW_SPAIN_INTERNAL_MARKET,DOMESTIC_REGIONAL,EXPORT_REGIONAL,COMMERCIAL_AGRICULTURE,Commercial farming/ranching and royal-road exchange supported the mining and urban economy of New Spain.,Level 1 calibrated below Mexico City/Veracruz.,NO,NONE,https://whc.unesco.org/en/list/1351,,
R8_NORTH_AMERICA_CARIBBEAN,SC1,Nueva España,STATE_OAXACA,Oaxaca,building_railway,Regional Infrastructure,1,MEDIUM,NEW_SPAIN_INTERNAL_MARKET,DOMESTIC_REGIONAL,EXPORT_REGIONAL,OTHER,Commercial farming/ranching and royal-road exchange supported the mining and urban economy of New Spain.,Level 1 calibrated below Mexico City/Veracruz.,NO,NONE,https://whc.unesco.org/en/list/1351,,ROAD_LEVEL_JUSTIFICATION=1; CANAL_LEVEL_JUSTIFICATION=0; NO_ACTIVE_RAIL_1776; pm_no_rail_network obligatoire
R8_NORTH_AMERICA_CARIBBEAN,SC1,Nueva España,STATE_OAXACA,Oaxaca,building_textile_mill,Textile Manufacture,1,MEDIUM,NEW_SPAIN_INTERNAL_MARKET,DOMESTIC_REGIONAL,EXPORT_REGIONAL,PROTO_INDUSTRIAL_DISTRICT,Commercial farming/ranching and royal-road exchange supported the mining and urban economy of New Spain.,Level 1 calibrated below Mexico City/Veracruz.,NO,NONE,https://whc.unesco.org/en/list/1351,,
R8_NORTH_AMERICA_CARIBBEAN,SC1,Nueva España,STATE_RIO_GRANDE,Río Grande,building_livestock_ranch,Livestock Ranches,2,MEDIUM,NEW_SPAIN_INTERNAL_MARKET,DOMESTIC_REGIONAL,EXPORT_REGIONAL,COMMERCIAL_AGRICULTURE,Commercial farming/ranching and royal-road exchange supported the mining and urban economy of New Spain.,Level 2 calibrated below Mexico City/Veracruz.,NO,NONE,https://whc.unesco.org/en/list/1351,,
R8_NORTH_AMERICA_CARIBBEAN,SC1,Nueva España,STATE_RIO_GRANDE,Río Grande,building_maize_farm,Maize Farms,1,MEDIUM,NEW_SPAIN_INTERNAL_MARKET,DOMESTIC_REGIONAL,EXPORT_REGIONAL,COMMERCIAL_AGRICULTURE,Commercial farming/ranching and royal-road exchange supported the mining and urban economy of New Spain.,Level 1 calibrated below Mexico City/Veracruz.,NO,NONE,https://whc.unesco.org/en/list/1351,,
R8_NORTH_AMERICA_CARIBBEAN,SC1,Nueva España,STATE_RIO_GRANDE,Río Grande,building_railway,Regional Infrastructure,1,MEDIUM,NEW_SPAIN_INTERNAL_MARKET,DOMESTIC_REGIONAL,EXPORT_REGIONAL,OTHER,Commercial farming/ranching and royal-road exchange supported the mining and urban economy of New Spain.,Level 1 calibrated below Mexico City/Veracruz.,NO,NONE,https://whc.unesco.org/en/list/1351,,ROAD_LEVEL_JUSTIFICATION=1; CANAL_LEVEL_JUSTIFICATION=0; NO_ACTIVE_RAIL_1776; pm_no_rail_network obligatoire
R8_NORTH_AMERICA_CARIBBEAN,SC1,Nueva España,STATE_SAN_SALVADOR,San Salvador,building_dye_plantation,Dye Plantations,2,MEDIUM,INDIGO_EXPORT_DISTRICT,DOMESTIC_REGIONAL,EXPORT_INTERCONTINENTAL,PLANTATION_SYSTEM,Indigo was the principal commercial export of the Salvadoran/Guatemalan Pacific zone in the late colonial period.,Indigo level 2; other sectors 1.,NO,NONE,https://www.britannica.com/place/El-Salvador/History,,
R8_NORTH_AMERICA_CARIBBEAN,SC1,Nueva España,STATE_SAN_SALVADOR,San Salvador,building_maize_farm,Maize Farms,1,MEDIUM,INDIGO_EXPORT_DISTRICT,DOMESTIC_REGIONAL,EXPORT_INTERCONTINENTAL,COMMERCIAL_AGRICULTURE,Indigo was the principal commercial export of the Salvadoran/Guatemalan Pacific zone in the late colonial period.,Indigo level 2; other sectors 1.,NO,NONE,https://www.britannica.com/place/El-Salvador/History,,
R8_NORTH_AMERICA_CARIBBEAN,SC1,Nueva España,STATE_SAN_SALVADOR,San Salvador,building_trade_center,Trade Center,1,MEDIUM,INDIGO_EXPORT_DISTRICT,DOMESTIC_REGIONAL,EXPORT_INTERCONTINENTAL,OTHER,Indigo was the principal commercial export of the Salvadoran/Guatemalan Pacific zone in the late colonial period.,Indigo level 2; other sectors 1.,NO,NONE,https://www.britannica.com/place/El-Salvador/History,,TRADE_CENTER
R8_NORTH_AMERICA_CARIBBEAN,SC1,Nueva España,STATE_SINALOA,Sinaloa,building_livestock_ranch,Livestock Ranches,1,MEDIUM,NEW_SPAIN_INTERNAL_MARKET,DOMESTIC_REGIONAL,EXPORT_REGIONAL,COMMERCIAL_AGRICULTURE,Commercial farming/ranching and royal-road exchange supported the mining and urban economy of New Spain.,Level 1 calibrated below Mexico City/Veracruz.,NO,NONE,https://whc.unesco.org/en/list/1351,,
R8_NORTH_AMERICA_CARIBBEAN,SC1,Nueva España,STATE_SINALOA,Sinaloa,building_maize_farm,Maize Farms,1,MEDIUM,NEW_SPAIN_INTERNAL_MARKET,DOMESTIC_REGIONAL,EXPORT_REGIONAL,COMMERCIAL_AGRICULTURE,Commercial farming/ranching and royal-road exchange supported the mining and urban economy of New Spain.,Level 1 calibrated below Mexico City/Veracruz.,NO,NONE,https://whc.unesco.org/en/list/1351,,
R8_NORTH_AMERICA_CARIBBEAN,SC1,Nueva España,STATE_SINALOA,Sinaloa,building_railway,Regional Infrastructure,1,MEDIUM,NEW_SPAIN_INTERNAL_MARKET,DOMESTIC_REGIONAL,EXPORT_REGIONAL,OTHER,Commercial farming/ranching and royal-road exchange supported the mining and urban economy of New Spain.,Level 1 calibrated below Mexico City/Veracruz.,NO,NONE,https://whc.unesco.org/en/list/1351,,ROAD_LEVEL_JUSTIFICATION=1; CANAL_LEVEL_JUSTIFICATION=0; NO_ACTIVE_RAIL_1776; pm_no_rail_network obligatoire
R8_NORTH_AMERICA_CARIBBEAN,SC1,Nueva España,STATE_SONORA,Sonora,building_livestock_ranch,Livestock Ranches,1,MEDIUM,NEW_SPAIN_INTERNAL_MARKET,DOMESTIC_REGIONAL,EXPORT_REGIONAL,COMMERCIAL_AGRICULTURE,Commercial farming/ranching and royal-road exchange supported the mining and urban economy of New Spain.,Level 1 calibrated below Mexico City/Veracruz.,NO,NONE,https://whc.unesco.org/en/list/1351,,
R8_NORTH_AMERICA_CARIBBEAN,SC1,Nueva España,STATE_SONORA,Sonora,building_railway,Regional Infrastructure,1,MEDIUM,NEW_SPAIN_INTERNAL_MARKET,DOMESTIC_REGIONAL,EXPORT_REGIONAL,OTHER,Commercial farming/ranching and royal-road exchange supported the mining and urban economy of New Spain.,Level 1 calibrated below Mexico City/Veracruz.,NO,NONE,https://whc.unesco.org/en/list/1351,,ROAD_LEVEL_JUSTIFICATION=1; CANAL_LEVEL_JUSTIFICATION=0; NO_ACTIVE_RAIL_1776; pm_no_rail_network obligatoire
R8_NORTH_AMERICA_CARIBBEAN,SC1,Nueva España,STATE_TEXAS,Texas,building_livestock_ranch,Livestock Ranches,1,MEDIUM,NEW_SPAIN_INTERNAL_MARKET,DOMESTIC_REGIONAL,EXPORT_REGIONAL,COMMERCIAL_AGRICULTURE,Commercial farming/ranching and royal-road exchange supported the mining and urban economy of New Spain.,Level 1 calibrated below Mexico City/Veracruz.,NO,NONE,https://whc.unesco.org/en/list/1351,,
R8_NORTH_AMERICA_CARIBBEAN,SC1,Nueva España,STATE_TEXAS,Texas,building_railway,Regional Infrastructure,1,MEDIUM,NEW_SPAIN_INTERNAL_MARKET,DOMESTIC_REGIONAL,EXPORT_REGIONAL,OTHER,Commercial farming/ranching and royal-road exchange supported the mining and urban economy of New Spain.,Level 1 calibrated below Mexico City/Veracruz.,NO,NONE,https://whc.unesco.org/en/list/1351,,ROAD_LEVEL_JUSTIFICATION=1; CANAL_LEVEL_JUSTIFICATION=0; NO_ACTIVE_RAIL_1776; pm_no_rail_network obligatoire
R8_NORTH_AMERICA_CARIBBEAN,SC1,Nueva España,STATE_VERACRUZ,Veracruz,building_naval_fortification,Naval Fortification,1,HIGH,NEW_SPAIN_ATLANTIC_GATEWAY,DOMESTIC_NATIONAL,NONE,ARSENAL,Veracruz was New Spain's principal Atlantic port and terminus of the Mexico City road; plantation crops supplied export trade.,Port/trade level 3; road level 2; crops/fortification 1–2.,YES,NONE,https://whc.unesco.org/en/tentativelists/5398/,https://whc.unesco.org/en/list/1351,
R8_NORTH_AMERICA_CARIBBEAN,SC1,Nueva España,STATE_VERACRUZ,Veracruz,building_port,Port,3,HIGH,NEW_SPAIN_ATLANTIC_GATEWAY,DOMESTIC_NATIONAL,EXPORT_INTERCONTINENTAL,OTHER,Veracruz was New Spain's principal Atlantic port and terminus of the Mexico City road; plantation crops supplied export trade.,Port/trade level 3; road level 2; crops/fortification 1–2.,YES,NONE,https://whc.unesco.org/en/tentativelists/5398/,https://whc.unesco.org/en/list/1351,
R8_NORTH_AMERICA_CARIBBEAN,SC1,Nueva España,STATE_VERACRUZ,Veracruz,building_railway,Regional Infrastructure,2,HIGH,NEW_SPAIN_ATLANTIC_GATEWAY,DOMESTIC_NATIONAL,NONE,OTHER,Veracruz was New Spain's principal Atlantic port and terminus of the Mexico City road; plantation crops supplied export trade.,Port/trade level 3; road level 2; crops/fortification 1–2.,NO,NONE,https://whc.unesco.org/en/tentativelists/5398/,https://whc.unesco.org/en/list/1351,ROAD_LEVEL_JUSTIFICATION=2; CANAL_LEVEL_JUSTIFICATION=0; NO_ACTIVE_RAIL_1776; pm_no_rail_network obligatoire
R8_NORTH_AMERICA_CARIBBEAN,SC1,Nueva España,STATE_VERACRUZ,Veracruz,building_sugar_plantation,Sugar Plantations,1,MEDIUM,NEW_SPAIN_ATLANTIC_GATEWAY,DOMESTIC_NATIONAL,EXPORT_INTERCONTINENTAL,PLANTATION_SYSTEM,Veracruz was New Spain's principal Atlantic port and terminus of the Mexico City road; plantation crops supplied export trade.,Port/trade level 3; road level 2; crops/fortification 1–2.,NO,NONE,https://whc.unesco.org/en/tentativelists/5398/,https://whc.unesco.org/en/list/1351,
R8_NORTH_AMERICA_CARIBBEAN,SC1,Nueva España,STATE_VERACRUZ,Veracruz,building_tobacco_plantation,Tobacco Plantations,2,MEDIUM,NEW_SPAIN_ATLANTIC_GATEWAY,DOMESTIC_NATIONAL,EXPORT_INTERCONTINENTAL,PLANTATION_SYSTEM,Veracruz was New Spain's principal Atlantic port and terminus of the Mexico City road; plantation crops supplied export trade.,Port/trade level 3; road level 2; crops/fortification 1–2.,NO,NONE,https://whc.unesco.org/en/tentativelists/5398/,https://whc.unesco.org/en/list/1351,
R8_NORTH_AMERICA_CARIBBEAN,SC1,Nueva España,STATE_VERACRUZ,Veracruz,building_trade_center,Trade Center,3,HIGH,NEW_SPAIN_ATLANTIC_GATEWAY,DOMESTIC_NATIONAL,EXPORT_INTERCONTINENTAL,OTHER,Veracruz was New Spain's principal Atlantic port and terminus of the Mexico City road; plantation crops supplied export trade.,Port/trade level 3; road level 2; crops/fortification 1–2.,NO,NONE,https://whc.unesco.org/en/tentativelists/5398/,https://whc.unesco.org/en/list/1351,TRADE_CENTER
R8_NORTH_AMERICA_CARIBBEAN,SC1,Nueva España,STATE_YUCATAN,Yucatán,building_chichen_itza,Chichén Itzá,1,HIGH,YUCATAN_REGIONAL_ECONOMY,DOMESTIC_REGIONAL,NONE,OTHER,Yucatán sustained regional agriculture/coastal trade; Chichén Itzá physically existed at the cutoff.,Level 1 only.,NO,NONE,https://www.britannica.com/place/Yucatan-state-Mexico/History,https://whc.unesco.org/en/list/483,
R8_NORTH_AMERICA_CARIBBEAN,SC1,Nueva España,STATE_YUCATAN,Yucatán,building_livestock_ranch,Livestock Ranches,1,MEDIUM,YUCATAN_REGIONAL_ECONOMY,DOMESTIC_REGIONAL,EXPORT_REGIONAL,COMMERCIAL_AGRICULTURE,Yucatán sustained regional agriculture/coastal trade; Chichén Itzá physically existed at the cutoff.,Level 1 only.,NO,NONE,https://www.britannica.com/place/Yucatan-state-Mexico/History,https://whc.unesco.org/en/list/483,
R8_NORTH_AMERICA_CARIBBEAN,SC1,Nueva España,STATE_YUCATAN,Yucatán,building_maize_farm,Maize Farms,1,MEDIUM,YUCATAN_REGIONAL_ECONOMY,DOMESTIC_REGIONAL,EXPORT_REGIONAL,COMMERCIAL_AGRICULTURE,Yucatán sustained regional agriculture/coastal trade; Chichén Itzá physically existed at the cutoff.,Level 1 only.,NO,NONE,https://www.britannica.com/place/Yucatan-state-Mexico/History,https://whc.unesco.org/en/list/483,
R8_NORTH_AMERICA_CARIBBEAN,SC1,Nueva España,STATE_YUCATAN,Yucatán,building_port,Port,1,MEDIUM,YUCATAN_REGIONAL_ECONOMY,DOMESTIC_REGIONAL,EXPORT_REGIONAL,OTHER,Yucatán sustained regional agriculture/coastal trade; Chichén Itzá physically existed at the cutoff.,Level 1 only.,YES,NONE,https://www.britannica.com/place/Yucatan-state-Mexico/History,https://whc.unesco.org/en/list/483,
R8_NORTH_AMERICA_CARIBBEAN,SC1,Nueva España,STATE_YUCATAN,Yucatán,building_trade_center,Trade Center,1,MEDIUM,YUCATAN_REGIONAL_ECONOMY,DOMESTIC_REGIONAL,EXPORT_REGIONAL,OTHER,Yucatán sustained regional agriculture/coastal trade; Chichén Itzá physically existed at the cutoff.,Level 1 only.,NO,NONE,https://www.britannica.com/place/Yucatan-state-Mexico/History,https://whc.unesco.org/en/list/483,TRADE_CENTER
R8_NORTH_AMERICA_CARIBBEAN,SC2,Nueva Granada,STATE_PANAMA,Panama,building_naval_fortification,Naval Fortification,2,HIGH,TRANSISTHMIAN_IMPERIAL_CORRIDOR,DOMESTIC_NATIONAL,NONE,ARSENAL,Portobelo/Panama formed a trans-isthmian imperial trade and fortified transport corridor.,Port/trade/fort level 2; road level 1.,YES,NONE,https://whc.unesco.org/en/list/135,,
R8_NORTH_AMERICA_CARIBBEAN,SC2,Nueva Granada,STATE_PANAMA,Panama,building_port,Port,2,HIGH,TRANSISTHMIAN_IMPERIAL_CORRIDOR,DOMESTIC_NATIONAL,ENTREPOT_REEXPORT,OTHER,Portobelo/Panama formed a trans-isthmian imperial trade and fortified transport corridor.,Port/trade/fort level 2; road level 1.,YES,NONE,https://whc.unesco.org/en/list/135,,
R8_NORTH_AMERICA_CARIBBEAN,SC2,Nueva Granada,STATE_PANAMA,Panama,building_railway,Regional Infrastructure,1,HIGH,TRANSISTHMIAN_IMPERIAL_CORRIDOR,DOMESTIC_NATIONAL,NONE,OTHER,Portobelo/Panama formed a trans-isthmian imperial trade and fortified transport corridor.,Port/trade/fort level 2; road level 1.,NO,NONE,https://whc.unesco.org/en/list/135,,ROAD_LEVEL_JUSTIFICATION=1; CANAL_LEVEL_JUSTIFICATION=0; NO_ACTIVE_RAIL_1776; pm_no_rail_network obligatoire
R8_NORTH_AMERICA_CARIBBEAN,SC2,Nueva Granada,STATE_PANAMA,Panama,building_trade_center,Trade Center,2,HIGH,TRANSISTHMIAN_IMPERIAL_CORRIDOR,DOMESTIC_NATIONAL,ENTREPOT_REEXPORT,OTHER,Portobelo/Panama formed a trans-isthmian imperial trade and fortified transport corridor.,Port/trade/fort level 2; road level 1.,NO,NONE,https://whc.unesco.org/en/list/135,,TRADE_CENTER
R8_NORTH_AMERICA_CARIBBEAN,SPA,Spain,STATE_WEST_INDIES,West Indies,building_port,Port,1,MEDIUM,CARIBBEAN_PLANTATION_COMMERCE,DOMESTIC_REGIONAL,EXPORT_INTERCONTINENTAL,OTHER,The represented island group contained organized plantation and long-distance maritime commerce.,Level 1; kept below named exceptional hubs.,YES,NONE,https://www.nps.gov/saju/learn/historyculture/history.htm,,
R8_NORTH_AMERICA_CARIBBEAN,SPA,Spain,STATE_WEST_INDIES,West Indies,building_sugar_plantation,Sugar Plantations,1,MEDIUM,CARIBBEAN_PLANTATION_COMMERCE,DOMESTIC_REGIONAL,EXPORT_INTERCONTINENTAL,PLANTATION_SYSTEM,The represented island group contained organized plantation and long-distance maritime commerce.,Level 1; kept below named exceptional hubs.,YES,NONE,https://www.nps.gov/saju/learn/historyculture/history.htm,,
R8_NORTH_AMERICA_CARIBBEAN,SPA,Spain,STATE_WEST_INDIES,West Indies,building_trade_center,Trade Center,1,MEDIUM,CARIBBEAN_PLANTATION_COMMERCE,DOMESTIC_REGIONAL,EXPORT_INTERCONTINENTAL,OTHER,The represented island group contained organized plantation and long-distance maritime commerce.,Level 1; kept below named exceptional hubs.,NO,NONE,https://www.nps.gov/saju/learn/historyculture/history.htm,,TRADE_CENTER
R8_NORTH_AMERICA_CARIBBEAN,USA,America,STATE_CONNECTICUT,Connecticut,building_port,Port,1,MEDIUM,REGIONAL_MARKET_SECTOR,DOMESTIC_REGIONAL,EXPORT_REGIONAL,OTHER,"Dense colonial settlement with mixed commercial farming, maritime trades and Yale.",Level 1 only.,YES,NONE,https://home.nps.gov/places/essex-national-heritage-area.htm,,
R8_NORTH_AMERICA_CARIBBEAN,USA,America,STATE_CONNECTICUT,Connecticut,building_railway,Regional Infrastructure,1,MEDIUM,REGIONAL_MARKET_SECTOR,DOMESTIC_REGIONAL,NONE,OTHER,"Dense colonial settlement with mixed commercial farming, maritime trades and Yale.",Level 1 only.,NO,NONE,https://tile.loc.gov/storage-services/master/pnp/habshaer/ri/ri0400/ri0446/data/ri0446data.pdf,,ROAD_LEVEL_JUSTIFICATION=1; CANAL_LEVEL_JUSTIFICATION=0; NO_ACTIVE_RAIL_1776; pm_no_rail_network obligatoire
R8_NORTH_AMERICA_CARIBBEAN,USA,America,STATE_CONNECTICUT,Connecticut,building_shipyard,Shipyards,1,MEDIUM,REGIONAL_MARKET_SECTOR,DOMESTIC_REGIONAL,EXPORT_REGIONAL,OTHER,"Dense colonial settlement with mixed commercial farming, maritime trades and Yale.",Level 1 only.,YES,NONE,https://home.nps.gov/places/essex-national-heritage-area.htm,,
R8_NORTH_AMERICA_CARIBBEAN,USA,America,STATE_CONNECTICUT,Connecticut,building_textile_mill,Textile Manufacture,1,MEDIUM,REGIONAL_MARKET_SECTOR,DOMESTIC_REGIONAL,EXPORT_REGIONAL,PUTTING_OUT_NETWORK,"Dense colonial settlement with mixed commercial farming, maritime trades and Yale.",Level 1 only.,NO,NONE,https://home.nps.gov/places/essex-national-heritage-area.htm,,
R8_NORTH_AMERICA_CARIBBEAN,USA,America,STATE_CONNECTICUT,Connecticut,building_university,University,1,HIGH,REGIONAL_MARKET_SECTOR,DOMESTIC_REGIONAL,NONE,OTHER,"Dense colonial settlement with mixed commercial farming, maritime trades and Yale.",Level 1 only.,YES,NONE,https://www.yale.edu/about-yale/yale-facts,,
R8_NORTH_AMERICA_CARIBBEAN,USA,America,STATE_CONNECTICUT,Connecticut,building_wheat_farm,Wheat Farms,1,MEDIUM,REGIONAL_MARKET_SECTOR,DOMESTIC_REGIONAL,EXPORT_REGIONAL,COMMERCIAL_AGRICULTURE,"Dense colonial settlement with mixed commercial farming, maritime trades and Yale.",Level 1 only.,NO,NONE,https://www.jstor.org/stable/1917726,,
R8_NORTH_AMERICA_CARIBBEAN,USA,America,STATE_DELAWARE,Delaware,building_wheat_farm,Wheat Farms,1,MEDIUM,MID_ATLANTIC_GRAIN,DOMESTIC_REGIONAL,EXPORT_REGIONAL,COMMERCIAL_AGRICULTURE,Delaware lay within the commercial grain economy of the Delaware Valley.,Level 1 only.,NO,NONE,https://www.jstor.org/stable/10.7591/j.ctvv413gw,,
R8_NORTH_AMERICA_CARIBBEAN,USA,America,STATE_GEORGIA,Georgia,building_dye_plantation,Dye Plantations,1,MEDIUM,SOUTHERN_EXPORT_AGRICULTURE,DOMESTIC_REGIONAL,EXPORT_INTERCONTINENTAL,PLANTATION_SYSTEM,"Organized plantation/export agriculture and regional ports were present, but below South Carolina/Virginia scale.",Conservative level 1.,NO,NONE,https://www.nps.gov/articles/charleston-community-history.htm,https://encyclopediavirginia.org/entries/tobacco-in-colonial-virginia/,
R8_NORTH_AMERICA_CARIBBEAN,USA,America,STATE_GEORGIA,Georgia,building_port,Port,1,MEDIUM,SOUTHERN_EXPORT_AGRICULTURE,DOMESTIC_REGIONAL,EXPORT_INTERCONTINENTAL,OTHER,"Organized plantation/export agriculture and regional ports were present, but below South Carolina/Virginia scale.",Conservative level 1.,YES,NONE,https://www.nps.gov/articles/charleston-community-history.htm,https://encyclopediavirginia.org/entries/tobacco-in-colonial-virginia/,
R8_NORTH_AMERICA_CARIBBEAN,USA,America,STATE_GEORGIA,Georgia,building_railway,Regional Infrastructure,1,MEDIUM,SOUTHERN_EXPORT_AGRICULTURE,DOMESTIC_REGIONAL,NONE,OTHER,"Organized plantation/export agriculture and regional ports were present, but below South Carolina/Virginia scale.",Conservative level 1.,NO,NONE,https://www.nps.gov/articles/charleston-community-history.htm,https://encyclopediavirginia.org/entries/tobacco-in-colonial-virginia/,ROAD_LEVEL_JUSTIFICATION=1; CANAL_LEVEL_JUSTIFICATION=0; NO_ACTIVE_RAIL_1776; pm_no_rail_network obligatoire
R8_NORTH_AMERICA_CARIBBEAN,USA,America,STATE_GEORGIA,Georgia,building_rice_farm,Rice Farms,2,MEDIUM,SOUTHERN_EXPORT_AGRICULTURE,DOMESTIC_REGIONAL,EXPORT_INTERCONTINENTAL,PLANTATION_SYSTEM,"Organized plantation/export agriculture and regional ports were present, but below South Carolina/Virginia scale.",Conservative level 2.,NO,NONE,https://www.nps.gov/articles/charleston-community-history.htm,https://encyclopediavirginia.org/entries/tobacco-in-colonial-virginia/,
R8_NORTH_AMERICA_CARIBBEAN,USA,America,STATE_GEORGIA,Georgia,building_trade_center,Trade Center,1,MEDIUM,SOUTHERN_EXPORT_AGRICULTURE,DOMESTIC_REGIONAL,EXPORT_INTERCONTINENTAL,OTHER,"Organized plantation/export agriculture and regional ports were present, but below South Carolina/Virginia scale.",Conservative level 1.,NO,NONE,https://www.nps.gov/articles/charleston-community-history.htm,https://encyclopediavirginia.org/entries/tobacco-in-colonial-virginia/,TRADE_CENTER
R8_NORTH_AMERICA_CARIBBEAN,USA,America,STATE_MAINE,Maine,building_fishing_wharf,Fishing Wharves,1,MEDIUM,NEW_ENGLAND_MARITIME_EXPORT,DOMESTIC_REGIONAL,EXPORT_INTERCONTINENTAL,COMMERCIAL_EXTRACTION,"Northern New England combined commercial timber, fishing and shipbuilding with Atlantic ports.",Level 1 reflects regional specialization rather than a single establishment.,YES,NONE,https://home.nps.gov/places/essex-national-heritage-area.htm,https://www.heritage.nf.ca/articles/exploration/18th-century-fishery.php,
R8_NORTH_AMERICA_CARIBBEAN,USA,America,STATE_MAINE,Maine,building_logging_camp,Logging Camps,2,MEDIUM,NEW_ENGLAND_MARITIME_EXPORT,DOMESTIC_REGIONAL,EXPORT_INTERCONTINENTAL,COMMERCIAL_EXTRACTION,"Northern New England combined commercial timber, fishing and shipbuilding with Atlantic ports.",Level 2 reflects regional specialization rather than a single establishment.,NO,NONE,https://home.nps.gov/places/essex-national-heritage-area.htm,https://www.heritage.nf.ca/articles/exploration/18th-century-fishery.php,
R8_NORTH_AMERICA_CARIBBEAN,USA,America,STATE_MAINE,Maine,building_port,Port,1,MEDIUM,NEW_ENGLAND_MARITIME_EXPORT,DOMESTIC_REGIONAL,EXPORT_INTERCONTINENTAL,OTHER,"Northern New England combined commercial timber, fishing and shipbuilding with Atlantic ports.",Level 1 reflects regional specialization rather than a single establishment.,YES,NONE,https://home.nps.gov/places/essex-national-heritage-area.htm,https://www.heritage.nf.ca/articles/exploration/18th-century-fishery.php,
R8_NORTH_AMERICA_CARIBBEAN,USA,America,STATE_MAINE,Maine,building_railway,Regional Infrastructure,1,MEDIUM,NEW_ENGLAND_MARITIME_EXPORT,DOMESTIC_REGIONAL,NONE,OTHER,"Northern New England combined commercial timber, fishing and shipbuilding with Atlantic ports.",Level 1 reflects regional specialization rather than a single establishment.,NO,NONE,https://home.nps.gov/places/essex-national-heritage-area.htm,https://www.heritage.nf.ca/articles/exploration/18th-century-fishery.php,ROAD_LEVEL_JUSTIFICATION=1; CANAL_LEVEL_JUSTIFICATION=0; NO_ACTIVE_RAIL_1776; pm_no_rail_network obligatoire
R8_NORTH_AMERICA_CARIBBEAN,USA,America,STATE_MAINE,Maine,building_shipyard,Shipyards,2,MEDIUM,NEW_ENGLAND_MARITIME_EXPORT,DOMESTIC_REGIONAL,EXPORT_INTERCONTINENTAL,SHIPYARD_CLUSTER,"Northern New England combined commercial timber, fishing and shipbuilding with Atlantic ports.",Level 2 reflects regional specialization rather than a single establishment.,YES,NONE,https://home.nps.gov/places/essex-national-heritage-area.htm,https://www.heritage.nf.ca/articles/exploration/18th-century-fishery.php,
R8_NORTH_AMERICA_CARIBBEAN,USA,America,STATE_MAINE,Maine,building_trade_center,Trade Center,1,MEDIUM,NEW_ENGLAND_MARITIME_EXPORT,DOMESTIC_REGIONAL,EXPORT_INTERCONTINENTAL,OTHER,"Northern New England combined commercial timber, fishing and shipbuilding with Atlantic ports.",Level 1 reflects regional specialization rather than a single establishment.,NO,NONE,https://home.nps.gov/places/essex-national-heritage-area.htm,https://www.heritage.nf.ca/articles/exploration/18th-century-fishery.php,TRADE_CENTER
R8_NORTH_AMERICA_CARIBBEAN,USA,America,STATE_MARYLAND,Maryland,building_government_administration,Government Administration,1,HIGH,CHESAPEAKE_EXPORT_ECONOMY,DOMESTIC_REGIONAL,NONE,OTHER,Tobacco remained a major export while grain and Atlantic commerce diversified the economy.,Tobacco warrants level 3; other organized sectors remain 1.,NO,NONE,https://msa.maryland.gov/msa/homepage/html/homepage.html,,
R8_NORTH_AMERICA_CARIBBEAN,USA,America,STATE_MARYLAND,Maryland,building_port,Port,1,MEDIUM,CHESAPEAKE_EXPORT_ECONOMY,DOMESTIC_REGIONAL,EXPORT_INTERCONTINENTAL,OTHER,Tobacco remained a major export while grain and Atlantic commerce diversified the economy.,Tobacco warrants level 3; other organized sectors remain 1.,YES,NONE,https://www.cambridge.org/core/journals/journal-of-economic-history/article/abs/economic-regulation-and-the-colonial-economy-the-maryland-tobacco-inspection-act-of-1747/99A89B2C685AFBEC626FF5771A049993,,
R8_NORTH_AMERICA_CARIBBEAN,USA,America,STATE_MARYLAND,Maryland,building_railway,Regional Infrastructure,1,MEDIUM,CHESAPEAKE_EXPORT_ECONOMY,DOMESTIC_REGIONAL,NONE,OTHER,Tobacco remained a major export while grain and Atlantic commerce diversified the economy.,Tobacco warrants level 3; other organized sectors remain 1.,NO,NONE,https://www.nps.gov/articles/kings-highway.htm,,ROAD_LEVEL_JUSTIFICATION=1; CANAL_LEVEL_JUSTIFICATION=0; NO_ACTIVE_RAIL_1776; pm_no_rail_network obligatoire
R8_NORTH_AMERICA_CARIBBEAN,USA,America,STATE_MARYLAND,Maryland,building_shipyard,Shipyards,1,MEDIUM,CHESAPEAKE_EXPORT_ECONOMY,DOMESTIC_REGIONAL,NONE,SHIPYARD_CLUSTER,Tobacco remained a major export while grain and Atlantic commerce diversified the economy.,Tobacco warrants level 3; other organized sectors remain 1.,YES,NONE,https://msa.maryland.gov/msa/mdmanual/01glance/html/ship.html,,
R8_NORTH_AMERICA_CARIBBEAN,USA,America,STATE_MARYLAND,Maryland,building_tobacco_plantation,Tobacco Plantations,3,HIGH,CHESAPEAKE_EXPORT_ECONOMY,DOMESTIC_REGIONAL,EXPORT_INTERCONTINENTAL,PLANTATION_SYSTEM,Tobacco remained a major export while grain and Atlantic commerce diversified the economy.,Tobacco warrants level 3; other organized sectors remain 1.,NO,NONE,https://www.cambridge.org/core/journals/journal-of-economic-history/article/abs/economic-regulation-and-the-colonial-economy-the-maryland-tobacco-inspection-act-of-1747/99A89B2C685AFBEC626FF5771A049993,,
R8_NORTH_AMERICA_CARIBBEAN,USA,America,STATE_MARYLAND,Maryland,building_trade_center,Trade Center,1,MEDIUM,CHESAPEAKE_EXPORT_ECONOMY,DOMESTIC_REGIONAL,EXPORT_INTERCONTINENTAL,OTHER,Tobacco remained a major export while grain and Atlantic commerce diversified the economy.,Tobacco warrants level 3; other organized sectors remain 1.,NO,NONE,https://www.cambridge.org/core/journals/journal-of-economic-history/article/abs/economic-regulation-and-the-colonial-economy-the-maryland-tobacco-inspection-act-of-1747/99A89B2C685AFBEC626FF5771A049993,,TRADE_CENTER
R8_NORTH_AMERICA_CARIBBEAN,USA,America,STATE_MARYLAND,Maryland,building_wheat_farm,Wheat Farms,1,HIGH,CHESAPEAKE_EXPORT_ECONOMY,DOMESTIC_REGIONAL,EXPORT_INTERCONTINENTAL,COMMERCIAL_AGRICULTURE,Tobacco remained a major export while grain and Atlantic commerce diversified the economy.,Tobacco warrants level 3; other organized sectors remain 1.,NO,NONE,https://www.jstor.org/stable/10.7591/j.ctvv413gw,,
R8_NORTH_AMERICA_CARIBBEAN,USA,America,STATE_MASSACHUSETTS,Massachusetts,building_fishing_wharf,Fishing Wharves,2,HIGH,COMMERCIAL_FISHERY,DOMESTIC_REGIONAL,EXPORT_INTERCONTINENTAL,COMMERCIAL_EXTRACTION,New England coastal fisheries supplied Atlantic markets.,Level 2 for a large commercial maritime fishery.,YES,NONE,https://home.nps.gov/places/essex-national-heritage-area.htm,,
R8_NORTH_AMERICA_CARIBBEAN,USA,America,STATE_MASSACHUSETTS,Massachusetts,building_government_administration,Government Administration,1,HIGH,COLONIAL_ADMINISTRATION,DOMESTIC_NATIONAL,NONE,OTHER,Massachusetts had mature provincial institutions and wartime government structures by 1775.,Level 1 for a developed colonial administration.,NO,NONE,https://www.sec.state.ma.us/divisions/archives/collections/massachusetts-archives.htm,,
R8_NORTH_AMERICA_CARIBBEAN,USA,America,STATE_MASSACHUSETTS,Massachusetts,building_port,Port,2,HIGH,MAJOR_SEAPORT,DOMESTIC_REGIONAL,EXPORT_INTERCONTINENTAL,OTHER,Boston/Salem waterfronts and Atlantic shipping were established before 1776.,"Level 2 for a major regional port system, not a world entrepôt.",YES,NONE,https://home.nps.gov/sama/learn/historyculture/wharves.htm,https://home.nps.gov/places/essex-national-heritage-area.htm,
R8_NORTH_AMERICA_CARIBBEAN,USA,America,STATE_MASSACHUSETTS,Massachusetts,building_railway,Regional Infrastructure,1,MEDIUM,REGIONAL_ROAD_NETWORK,DOMESTIC_REGIONAL,NONE,OTHER,Post roads and intercolonial roads connected the dense Massachusetts settlements.,Level 1 road network; no canal and no rail.,NO,NONE,https://www.nps.gov/bost/learn/historyculture/post-road.htm,,ROAD_LEVEL_JUSTIFICATION=1; CANAL_LEVEL_JUSTIFICATION=0; NO_ACTIVE_RAIL_1776; pm_no_rail_network obligatoire
R8_NORTH_AMERICA_CARIBBEAN,USA,America,STATE_MASSACHUSETTS,Massachusetts,building_shipyard,Shipyards,2,HIGH,SHIPBUILDING_EXPORT,DOMESTIC_REGIONAL,EXPORT_INTERCONTINENTAL,SHIPYARD_CLUSTER,Essex/New England coastal settlements specialized in shipbuilding and maritime trades.,Level 2 for a major regional shipbuilding concentration.,YES,NONE,https://home.nps.gov/places/essex-national-heritage-area.htm,,
R8_NORTH_AMERICA_CARIBBEAN,USA,America,STATE_MASSACHUSETTS,Massachusetts,building_textile_mill,Textile Manufacture,1,MEDIUM,PROTO_INDUSTRIAL_TEXTILES,DOMESTIC_REGIONAL,EXPORT_REGIONAL,PUTTING_OUT_NETWORK,Household and workshop textile production served dense New England markets.,Level 1 only; dispersed production dominates.,NO,NONE,https://home.nps.gov/places/essex-national-heritage-area.htm,,
R8_NORTH_AMERICA_CARIBBEAN,USA,America,STATE_MASSACHUSETTS,Massachusetts,building_trade_center,Trade Center,2,HIGH,ATLANTIC_MERCHANT_HUB,DOMESTIC_REGIONAL,ENTREPOT_REEXPORT,OTHER,"Boston and Salem had established merchants, wharves and warehouses.",Level 2 reflects a major colonial commercial hub.,NO,NONE,https://home.nps.gov/sama/learn/historyculture/wharves.htm,https://home.nps.gov/places/essex-national-heritage-area.htm,TRADE_CENTER
R8_NORTH_AMERICA_CARIBBEAN,USA,America,STATE_MASSACHUSETTS,Massachusetts,building_university,University,1,HIGH,HIGHER_EDUCATION,DOMESTIC_NATIONAL,NONE,OTHER,Harvard was an established colonial college long before 1776.,One institution is sufficient for level 1 under the aggregate calibration.,YES,NONE,https://www.harvard.edu/about/history/,,
R8_NORTH_AMERICA_CARIBBEAN,USA,America,STATE_MASSACHUSETTS,Massachusetts,building_whaling_station,Whaling Stations,1,HIGH,COMMERCIAL_WHAILING,DOMESTIC_REGIONAL,EXPORT_INTERCONTINENTAL,COMMERCIAL_EXTRACTION,Nantucket/New Bedford whaling was commercially established by the mid-18th century.,Level 1 conservatively aggregates a specialized whaling sector.,YES,NONE,https://www.nps.gov/nebe/learn/historyculture/whalingheritage.htm,https://www.nps.gov/nebe/learn/historyculture/quakers.htm,
R8_NORTH_AMERICA_CARIBBEAN,USA,America,STATE_NEW_HAMPSHIRE,New Hampshire,building_fishing_wharf,Fishing Wharves,1,MEDIUM,NEW_ENGLAND_MARITIME_EXPORT,DOMESTIC_REGIONAL,EXPORT_INTERCONTINENTAL,COMMERCIAL_EXTRACTION,"Northern New England combined commercial timber, fishing and shipbuilding with Atlantic ports.",Level 1 reflects regional specialization rather than a single establishment.,YES,NONE,https://home.nps.gov/places/essex-national-heritage-area.htm,https://www.heritage.nf.ca/articles/exploration/18th-century-fishery.php,
R8_NORTH_AMERICA_CARIBBEAN,USA,America,STATE_NEW_HAMPSHIRE,New Hampshire,building_logging_camp,Logging Camps,2,MEDIUM,NEW_ENGLAND_MARITIME_EXPORT,DOMESTIC_REGIONAL,EXPORT_INTERCONTINENTAL,COMMERCIAL_EXTRACTION,"Northern New England combined commercial timber, fishing and shipbuilding with Atlantic ports.",Level 2 reflects regional specialization rather than a single establishment.,NO,NONE,https://home.nps.gov/places/essex-national-heritage-area.htm,https://www.heritage.nf.ca/articles/exploration/18th-century-fishery.php,
R8_NORTH_AMERICA_CARIBBEAN,USA,America,STATE_NEW_HAMPSHIRE,New Hampshire,building_port,Port,1,MEDIUM,NEW_ENGLAND_MARITIME_EXPORT,DOMESTIC_REGIONAL,EXPORT_INTERCONTINENTAL,OTHER,"Northern New England combined commercial timber, fishing and shipbuilding with Atlantic ports.",Level 1 reflects regional specialization rather than a single establishment.,YES,NONE,https://home.nps.gov/places/essex-national-heritage-area.htm,https://www.heritage.nf.ca/articles/exploration/18th-century-fishery.php,
R8_NORTH_AMERICA_CARIBBEAN,USA,America,STATE_NEW_HAMPSHIRE,New Hampshire,building_railway,Regional Infrastructure,1,MEDIUM,NEW_ENGLAND_MARITIME_EXPORT,DOMESTIC_REGIONAL,NONE,OTHER,"Northern New England combined commercial timber, fishing and shipbuilding with Atlantic ports.",Level 1 reflects regional specialization rather than a single establishment.,NO,NONE,https://home.nps.gov/places/essex-national-heritage-area.htm,https://www.heritage.nf.ca/articles/exploration/18th-century-fishery.php,ROAD_LEVEL_JUSTIFICATION=1; CANAL_LEVEL_JUSTIFICATION=0; NO_ACTIVE_RAIL_1776; pm_no_rail_network obligatoire
R8_NORTH_AMERICA_CARIBBEAN,USA,America,STATE_NEW_HAMPSHIRE,New Hampshire,building_shipyard,Shipyards,1,MEDIUM,NEW_ENGLAND_MARITIME_EXPORT,DOMESTIC_REGIONAL,EXPORT_INTERCONTINENTAL,SHIPYARD_CLUSTER,"Northern New England combined commercial timber, fishing and shipbuilding with Atlantic ports.",Level 1 reflects regional specialization rather than a single establishment.,YES,NONE,https://home.nps.gov/places/essex-national-heritage-area.htm,https://www.heritage.nf.ca/articles/exploration/18th-century-fishery.php,
R8_NORTH_AMERICA_CARIBBEAN,USA,America,STATE_NEW_HAMPSHIRE,New Hampshire,building_trade_center,Trade Center,1,MEDIUM,NEW_ENGLAND_MARITIME_EXPORT,DOMESTIC_REGIONAL,EXPORT_INTERCONTINENTAL,OTHER,"Northern New England combined commercial timber, fishing and shipbuilding with Atlantic ports.",Level 1 reflects regional specialization rather than a single establishment.,NO,NONE,https://home.nps.gov/places/essex-national-heritage-area.htm,https://www.heritage.nf.ca/articles/exploration/18th-century-fishery.php,TRADE_CENTER
R8_NORTH_AMERICA_CARIBBEAN,USA,America,STATE_NEW_JERSEY,New Jersey,building_iron_mine,Iron Mines,1,MEDIUM,MID_ATLANTIC_MARKET_ECONOMY,DOMESTIC_REGIONAL,NONE,COMMERCIAL_EXTRACTION,Commercial grain and an established ironworking tradition coexisted with Princeton.,Conservative levels; iron extraction/workshops not treated as steel industry.,YES,NONE,https://www.nps.gov/sair/learn/historyculture/ironworks.htm,,
R8_NORTH_AMERICA_CARIBBEAN,USA,America,STATE_NEW_JERSEY,New Jersey,building_railway,Regional Infrastructure,1,MEDIUM,MID_ATLANTIC_MARKET_ECONOMY,DOMESTIC_REGIONAL,NONE,OTHER,Commercial grain and an established ironworking tradition coexisted with Princeton.,Conservative levels; iron extraction/workshops not treated as steel industry.,NO,NONE,https://www.nps.gov/articles/kings-highway.htm,,ROAD_LEVEL_JUSTIFICATION=1; CANAL_LEVEL_JUSTIFICATION=0; NO_ACTIVE_RAIL_1776; pm_no_rail_network obligatoire
R8_NORTH_AMERICA_CARIBBEAN,USA,America,STATE_NEW_JERSEY,New Jersey,building_tooling_workshop,Tooling Workshops,1,MEDIUM,MID_ATLANTIC_MARKET_ECONOMY,DOMESTIC_REGIONAL,NONE,URBAN_MANUFACTORY_CLUSTER,Commercial grain and an established ironworking tradition coexisted with Princeton.,Conservative levels; iron extraction/workshops not treated as steel industry.,YES,NONE,https://www.nps.gov/sair/learn/historyculture/ironworks.htm,,
R8_NORTH_AMERICA_CARIBBEAN,USA,America,STATE_NEW_JERSEY,New Jersey,building_university,University,1,HIGH,MID_ATLANTIC_MARKET_ECONOMY,DOMESTIC_REGIONAL,NONE,OTHER,Commercial grain and an established ironworking tradition coexisted with Princeton.,Conservative levels; iron extraction/workshops not treated as steel industry.,YES,NONE,https://www.princeton.edu/meet-princeton/history,,
R8_NORTH_AMERICA_CARIBBEAN,USA,America,STATE_NEW_JERSEY,New Jersey,building_wheat_farm,Wheat Farms,2,MEDIUM,MID_ATLANTIC_MARKET_ECONOMY,DOMESTIC_REGIONAL,EXPORT_REGIONAL,COMMERCIAL_AGRICULTURE,Commercial grain and an established ironworking tradition coexisted with Princeton.,Conservative levels; iron extraction/workshops not treated as steel industry.,NO,NONE,https://www.jstor.org/stable/1920551,,
R8_NORTH_AMERICA_CARIBBEAN,USA,America,STATE_NEW_YORK,New York,building_food_industry,Food Industries,1,MEDIUM,COLONIAL_METROPOLITAN_ECONOMY,DOMESTIC_REGIONAL,NONE,URBAN_MANUFACTORY_CLUSTER,New York was a major Atlantic port and grain-producing colony before the Revolution.,Level 2 only for port/trade/grain; other sectors level 1.,YES,NONE,https://www.archives.nyc/colonial-new-york,,
R8_NORTH_AMERICA_CARIBBEAN,USA,America,STATE_NEW_YORK,New York,building_government_administration,Government Administration,1,HIGH,COLONIAL_METROPOLITAN_ECONOMY,DOMESTIC_NATIONAL,NONE,OTHER,New York was a major Atlantic port and grain-producing colony before the Revolution.,Level 2 only for port/trade/grain; other sectors level 1.,NO,NONE,https://www.archives.nyc/colonial-new-york,,
R8_NORTH_AMERICA_CARIBBEAN,USA,America,STATE_NEW_YORK,New York,building_port,Port,2,HIGH,COLONIAL_METROPOLITAN_ECONOMY,DOMESTIC_REGIONAL,EXPORT_INTERCONTINENTAL,OTHER,New York was a major Atlantic port and grain-producing colony before the Revolution.,Level 2 only for port/trade/grain; other sectors level 1.,YES,NONE,https://www.archives.nyc/colonial-new-york,,
R8_NORTH_AMERICA_CARIBBEAN,USA,America,STATE_NEW_YORK,New York,building_railway,Regional Infrastructure,1,MEDIUM,COLONIAL_METROPOLITAN_ECONOMY,DOMESTIC_REGIONAL,NONE,OTHER,New York was a major Atlantic port and grain-producing colony before the Revolution.,Level 2 only for port/trade/grain; other sectors level 1.,NO,NONE,https://www.nps.gov/articles/kings-highway.htm,,ROAD_LEVEL_JUSTIFICATION=1; CANAL_LEVEL_JUSTIFICATION=0; NO_ACTIVE_RAIL_1776; pm_no_rail_network obligatoire
R8_NORTH_AMERICA_CARIBBEAN,USA,America,STATE_NEW_YORK,New York,building_shipyard,Shipyards,1,MEDIUM,COLONIAL_METROPOLITAN_ECONOMY,DOMESTIC_REGIONAL,NONE,SHIPYARD_CLUSTER,New York was a major Atlantic port and grain-producing colony before the Revolution.,Level 2 only for port/trade/grain; other sectors level 1.,YES,NONE,https://www.archives.nyc/colonial-new-york,,
R8_NORTH_AMERICA_CARIBBEAN,USA,America,STATE_NEW_YORK,New York,building_trade_center,Trade Center,2,HIGH,COLONIAL_METROPOLITAN_ECONOMY,DOMESTIC_NATIONAL,EXPORT_INTERCONTINENTAL,OTHER,New York was a major Atlantic port and grain-producing colony before the Revolution.,Level 2 only for port/trade/grain; other sectors level 1.,NO,NONE,https://www.archives.nyc/colonial-new-york,,TRADE_CENTER
R8_NORTH_AMERICA_CARIBBEAN,USA,America,STATE_NEW_YORK,New York,building_university,University,1,HIGH,COLONIAL_METROPOLITAN_ECONOMY,DOMESTIC_REGIONAL,NONE,OTHER,New York was a major Atlantic port and grain-producing colony before the Revolution.,Level 2 only for port/trade/grain; other sectors level 1.,YES,NONE,https://www.columbia.edu/content/history,,
R8_NORTH_AMERICA_CARIBBEAN,USA,America,STATE_NEW_YORK,New York,building_wheat_farm,Wheat Farms,2,MEDIUM,COLONIAL_METROPOLITAN_ECONOMY,DOMESTIC_REGIONAL,EXPORT_INTERCONTINENTAL,COMMERCIAL_AGRICULTURE,New York was a major Atlantic port and grain-producing colony before the Revolution.,Level 2 only for port/trade/grain; other sectors level 1.,NO,NONE,https://www.jstor.org/stable/1920551,,
R8_NORTH_AMERICA_CARIBBEAN,USA,America,STATE_NORTH_CAROLINA,North Carolina,building_port,Port,1,MEDIUM,SOUTHERN_EXPORT_AGRICULTURE,DOMESTIC_REGIONAL,EXPORT_INTERCONTINENTAL,OTHER,"Organized plantation/export agriculture and regional ports were present, but below South Carolina/Virginia scale.",Conservative level 1.,YES,NONE,https://www.nps.gov/articles/charleston-community-history.htm,https://encyclopediavirginia.org/entries/tobacco-in-colonial-virginia/,
R8_NORTH_AMERICA_CARIBBEAN,USA,America,STATE_NORTH_CAROLINA,North Carolina,building_railway,Regional Infrastructure,1,MEDIUM,SOUTHERN_EXPORT_AGRICULTURE,DOMESTIC_REGIONAL,NONE,OTHER,"Organized plantation/export agriculture and regional ports were present, but below South Carolina/Virginia scale.",Conservative level 1.,NO,NONE,https://www.nps.gov/articles/charleston-community-history.htm,https://encyclopediavirginia.org/entries/tobacco-in-colonial-virginia/,ROAD_LEVEL_JUSTIFICATION=1; CANAL_LEVEL_JUSTIFICATION=0; NO_ACTIVE_RAIL_1776; pm_no_rail_network obligatoire
R8_NORTH_AMERICA_CARIBBEAN,USA,America,STATE_NORTH_CAROLINA,North Carolina,building_tobacco_plantation,Tobacco Plantations,1,MEDIUM,SOUTHERN_EXPORT_AGRICULTURE,DOMESTIC_REGIONAL,EXPORT_INTERCONTINENTAL,PLANTATION_SYSTEM,"Organized plantation/export agriculture and regional ports were present, but below South Carolina/Virginia scale.",Conservative level 1.,NO,NONE,https://www.nps.gov/articles/charleston-community-history.htm,https://encyclopediavirginia.org/entries/tobacco-in-colonial-virginia/,
R8_NORTH_AMERICA_CARIBBEAN,USA,America,STATE_NORTH_CAROLINA,North Carolina,building_trade_center,Trade Center,1,MEDIUM,SOUTHERN_EXPORT_AGRICULTURE,DOMESTIC_REGIONAL,EXPORT_INTERCONTINENTAL,OTHER,"Organized plantation/export agriculture and regional ports were present, but below South Carolina/Virginia scale.",Conservative level 1.,NO,NONE,https://www.nps.gov/articles/charleston-community-history.htm,https://encyclopediavirginia.org/entries/tobacco-in-colonial-virginia/,TRADE_CENTER
R8_NORTH_AMERICA_CARIBBEAN,USA,America,STATE_PENNSYLVANIA,Pennsylvania,building_arms_industry,Arms Industries,1,REVIEW,PHILADELPHIA_MANUFACTURING_AND_TRADE,DOMESTIC_REGIONAL,EXPORT_REGIONAL,URBAN_MANUFACTORY_CLUSTER,Philadelphia was the largest manufacturing/publishing centre in British North America; southeastern Pennsylvania had dense mills and workshops.,Level 2 for nationally prominent sectors; firearms remains REVIEW at level 1.,NO,NONE,https://philadelphiaencyclopedia.org/essays/firearms/,,
R8_NORTH_AMERICA_CARIBBEAN,USA,America,STATE_PENNSYLVANIA,Pennsylvania,building_food_industry,Food Industries,2,MEDIUM,PHILADELPHIA_MANUFACTURING_AND_TRADE,DOMESTIC_REGIONAL,EXPORT_REGIONAL,URBAN_MANUFACTORY_CLUSTER,Philadelphia was the largest manufacturing/publishing centre in British North America; southeastern Pennsylvania had dense mills and workshops.,Level 2 for nationally prominent sectors; firearms remains REVIEW at level 1.,YES,NONE,https://philadelphiaencyclopedia.org/essays/flour-milling/,,
R8_NORTH_AMERICA_CARIBBEAN,USA,America,STATE_PENNSYLVANIA,Pennsylvania,building_furniture_manufactory,Furniture Manufacturies,2,MEDIUM,PHILADELPHIA_MANUFACTURING_AND_TRADE,DOMESTIC_REGIONAL,EXPORT_REGIONAL,URBAN_MANUFACTORY_CLUSTER,Philadelphia was the largest manufacturing/publishing centre in British North America; southeastern Pennsylvania had dense mills and workshops.,Level 2 for nationally prominent sectors; firearms remains REVIEW at level 1.,YES,NONE,https://philadelphiaencyclopedia.org/essays/furniture/,,
R8_NORTH_AMERICA_CARIBBEAN,USA,America,STATE_PENNSYLVANIA,Pennsylvania,building_government_administration,Government Administration,1,HIGH,PHILADELPHIA_MANUFACTURING_AND_TRADE,DOMESTIC_NATIONAL,EXPORT_REGIONAL,OTHER,Philadelphia was the largest manufacturing/publishing centre in British North America; southeastern Pennsylvania had dense mills and workshops.,Level 2 for nationally prominent sectors; firearms remains REVIEW at level 1.,NO,NONE,https://www.pa.gov/agencies/phmc/pa-state-archives.html,,
R8_NORTH_AMERICA_CARIBBEAN,USA,America,STATE_PENNSYLVANIA,Pennsylvania,building_paper_mill,Paper Mills,2,HIGH,PHILADELPHIA_MANUFACTURING_AND_TRADE,DOMESTIC_REGIONAL,EXPORT_INTERCONTINENTAL,URBAN_MANUFACTORY_CLUSTER,Philadelphia was the largest manufacturing/publishing centre in British North America; southeastern Pennsylvania had dense mills and workshops.,Level 2 for nationally prominent sectors; firearms remains REVIEW at level 1.,YES,NONE,https://philadelphiaencyclopedia.org/essays/paper-and-papermaking/,,
R8_NORTH_AMERICA_CARIBBEAN,USA,America,STATE_PENNSYLVANIA,Pennsylvania,building_railway,Regional Infrastructure,2,HIGH,PHILADELPHIA_MANUFACTURING_AND_TRADE,DOMESTIC_REGIONAL,EXPORT_REGIONAL,OTHER,Philadelphia was the largest manufacturing/publishing centre in British North America; southeastern Pennsylvania had dense mills and workshops.,Level 2 for nationally prominent sectors; firearms remains REVIEW at level 1.,NO,NONE,https://www.nps.gov/articles/kings-highway.htm,https://whc.unesco.org/en/list/1351,ROAD_LEVEL_JUSTIFICATION=2; CANAL_LEVEL_JUSTIFICATION=0; NO_ACTIVE_RAIL_1776; pm_no_rail_network obligatoire
R8_NORTH_AMERICA_CARIBBEAN,USA,America,STATE_PENNSYLVANIA,Pennsylvania,building_textile_mill,Textile Manufacture,1,MEDIUM,PHILADELPHIA_MANUFACTURING_AND_TRADE,DOMESTIC_REGIONAL,EXPORT_REGIONAL,PUTTING_OUT_NETWORK,Philadelphia was the largest manufacturing/publishing centre in British North America; southeastern Pennsylvania had dense mills and workshops.,Level 2 for nationally prominent sectors; firearms remains REVIEW at level 1.,NO,NONE,https://philadelphiaencyclopedia.org/essays/textiles/,,
R8_NORTH_AMERICA_CARIBBEAN,USA,America,STATE_PENNSYLVANIA,Pennsylvania,building_tooling_workshop,Tooling Workshops,1,MEDIUM,PHILADELPHIA_MANUFACTURING_AND_TRADE,DOMESTIC_REGIONAL,EXPORT_REGIONAL,URBAN_MANUFACTORY_CLUSTER,Philadelphia was the largest manufacturing/publishing centre in British North America; southeastern Pennsylvania had dense mills and workshops.,Level 2 for nationally prominent sectors; firearms remains REVIEW at level 1.,YES,NONE,https://philadelphiaencyclopedia.org/essays/metalworking/,,
R8_NORTH_AMERICA_CARIBBEAN,USA,America,STATE_PENNSYLVANIA,Pennsylvania,building_trade_center,Trade Center,2,HIGH,PHILADELPHIA_MANUFACTURING_AND_TRADE,DOMESTIC_NATIONAL,EXPORT_INTERCONTINENTAL,OTHER,Philadelphia was the largest manufacturing/publishing centre in British North America; southeastern Pennsylvania had dense mills and workshops.,Level 2 for nationally prominent sectors; firearms remains REVIEW at level 1.,NO,NONE,https://philadelphiaencyclopedia.org/essays/port-of-philadelphia/,,TRADE_CENTER
R8_NORTH_AMERICA_CARIBBEAN,USA,America,STATE_PENNSYLVANIA,Pennsylvania,building_university,University,1,HIGH,PHILADELPHIA_MANUFACTURING_AND_TRADE,DOMESTIC_REGIONAL,EXPORT_REGIONAL,OTHER,Philadelphia was the largest manufacturing/publishing centre in British North America; southeastern Pennsylvania had dense mills and workshops.,Level 2 for nationally prominent sectors; firearms remains REVIEW at level 1.,YES,NONE,https://www.upenn.edu/about/history,,
R8_NORTH_AMERICA_CARIBBEAN,USA,America,STATE_PENNSYLVANIA,Pennsylvania,building_wheat_farm,Wheat Farms,2,HIGH,PHILADELPHIA_MANUFACTURING_AND_TRADE,DOMESTIC_REGIONAL,EXPORT_INTERCONTINENTAL,COMMERCIAL_AGRICULTURE,Philadelphia was the largest manufacturing/publishing centre in British North America; southeastern Pennsylvania had dense mills and workshops.,Level 2 for nationally prominent sectors; firearms remains REVIEW at level 1.,NO,NONE,https://www.jstor.org/stable/10.7591/j.ctvv413gw,,
R8_NORTH_AMERICA_CARIBBEAN,USA,America,STATE_RHODE_ISLAND,Rhode Island,building_port,Port,1,HIGH,REGIONAL_MARITIME_ECONOMY,DOMESTIC_REGIONAL,EXPORT_REGIONAL,OTHER,Newport and Narragansett Bay supported maritime commerce; Brown existed from 1764.,Conservative level 1.,YES,NONE,https://home.nps.gov/places/essex-national-heritage-area.htm,,
R8_NORTH_AMERICA_CARIBBEAN,USA,America,STATE_RHODE_ISLAND,Rhode Island,building_railway,Regional Infrastructure,1,MEDIUM,REGIONAL_MARITIME_ECONOMY,DOMESTIC_REGIONAL,NONE,OTHER,Newport and Narragansett Bay supported maritime commerce; Brown existed from 1764.,Conservative level 1.,NO,NONE,https://tile.loc.gov/storage-services/master/pnp/habshaer/ri/ri0400/ri0446/data/ri0446data.pdf,,ROAD_LEVEL_JUSTIFICATION=1; CANAL_LEVEL_JUSTIFICATION=0; NO_ACTIVE_RAIL_1776; pm_no_rail_network obligatoire
R8_NORTH_AMERICA_CARIBBEAN,USA,America,STATE_RHODE_ISLAND,Rhode Island,building_shipyard,Shipyards,1,MEDIUM,REGIONAL_MARITIME_ECONOMY,DOMESTIC_REGIONAL,EXPORT_REGIONAL,SHIPYARD_CLUSTER,Newport and Narragansett Bay supported maritime commerce; Brown existed from 1764.,Conservative level 1.,YES,NONE,https://tile.loc.gov/storage-services/master/pnp/habshaer/ri/ri0400/ri0446/data/ri0446data.pdf,,
R8_NORTH_AMERICA_CARIBBEAN,USA,America,STATE_RHODE_ISLAND,Rhode Island,building_trade_center,Trade Center,1,HIGH,REGIONAL_MARITIME_ECONOMY,DOMESTIC_REGIONAL,EXPORT_REGIONAL,OTHER,Newport and Narragansett Bay supported maritime commerce; Brown existed from 1764.,Conservative level 1.,NO,NONE,https://tile.loc.gov/storage-services/master/pnp/habshaer/ri/ri0400/ri0446/data/ri0446data.pdf,,TRADE_CENTER
R8_NORTH_AMERICA_CARIBBEAN,USA,America,STATE_RHODE_ISLAND,Rhode Island,building_university,University,1,HIGH,HIGHER_EDUCATION,DOMESTIC_NATIONAL,NONE,OTHER,Newport and Narragansett Bay supported maritime commerce; Brown existed from 1764.,Conservative level 1.,YES,NONE,https://www.brown.edu/about/history,,
R8_NORTH_AMERICA_CARIBBEAN,USA,America,STATE_RHODE_ISLAND,Rhode Island,building_whaling_station,Whaling Stations,1,MEDIUM,REGIONAL_MARITIME_ECONOMY,DOMESTIC_REGIONAL,EXPORT_REGIONAL,COMMERCIAL_EXTRACTION,Newport and Narragansett Bay supported maritime commerce; Brown existed from 1764.,Conservative level 1.,YES,NONE,https://www.nps.gov/nebe/learn/historyculture/whalingheritage.htm,,
R8_NORTH_AMERICA_CARIBBEAN,USA,America,STATE_SOUTH_CAROLINA,South Carolina,building_dye_plantation,Dye Plantations,2,HIGH,LOWCOUNTRY_EXPORT_COMPLEX,DOMESTIC_REGIONAL,EXPORT_INTERCONTINENTAL,PLANTATION_SYSTEM,"Rice, indigo and Charleston's merchant/shipping economy were established and export-oriented.","Rice level 3, indigo/port/trade level 2.",NO,NONE,https://www.scencyclopedia.org/sce/entries/indigo/,,
R8_NORTH_AMERICA_CARIBBEAN,USA,America,STATE_SOUTH_CAROLINA,South Carolina,building_government_administration,Government Administration,1,HIGH,LOWCOUNTRY_EXPORT_COMPLEX,DOMESTIC_REGIONAL,NONE,OTHER,"Rice, indigo and Charleston's merchant/shipping economy were established and export-oriented.","Rice level 3, indigo/port/trade level 2.",NO,NONE,https://www.nps.gov/articles/charleston-community-history.htm,,
R8_NORTH_AMERICA_CARIBBEAN,USA,America,STATE_SOUTH_CAROLINA,South Carolina,building_port,Port,2,HIGH,LOWCOUNTRY_EXPORT_COMPLEX,DOMESTIC_REGIONAL,EXPORT_INTERCONTINENTAL,OTHER,"Rice, indigo and Charleston's merchant/shipping economy were established and export-oriented.","Rice level 3, indigo/port/trade level 2.",YES,NONE,https://www.nps.gov/articles/charleston-community-history.htm,,
R8_NORTH_AMERICA_CARIBBEAN,USA,America,STATE_SOUTH_CAROLINA,South Carolina,building_railway,Regional Infrastructure,1,MEDIUM,LOWCOUNTRY_EXPORT_COMPLEX,DOMESTIC_REGIONAL,NONE,OTHER,"Rice, indigo and Charleston's merchant/shipping economy were established and export-oriented.","Rice level 3, indigo/port/trade level 2.",NO,NONE,https://www.nps.gov/articles/charleston-community-history.htm,,ROAD_LEVEL_JUSTIFICATION=1; CANAL_LEVEL_JUSTIFICATION=0; NO_ACTIVE_RAIL_1776; pm_no_rail_network obligatoire
R8_NORTH_AMERICA_CARIBBEAN,USA,America,STATE_SOUTH_CAROLINA,South Carolina,building_rice_farm,Rice Farms,3,HIGH,LOWCOUNTRY_EXPORT_COMPLEX,DOMESTIC_REGIONAL,EXPORT_INTERCONTINENTAL,PLANTATION_SYSTEM,"Rice, indigo and Charleston's merchant/shipping economy were established and export-oriented.","Rice level 3, indigo/port/trade level 2.",NO,NONE,https://www.nps.gov/articles/charleston-community-history.htm,,
R8_NORTH_AMERICA_CARIBBEAN,USA,America,STATE_SOUTH_CAROLINA,South Carolina,building_shipyard,Shipyards,1,MEDIUM,LOWCOUNTRY_EXPORT_COMPLEX,DOMESTIC_REGIONAL,EXPORT_INTERCONTINENTAL,SHIPYARD_CLUSTER,"Rice, indigo and Charleston's merchant/shipping economy were established and export-oriented.","Rice level 3, indigo/port/trade level 2.",YES,NONE,https://www.nps.gov/articles/charleston-community-history.htm,,
R8_NORTH_AMERICA_CARIBBEAN,USA,America,STATE_SOUTH_CAROLINA,South Carolina,building_trade_center,Trade Center,2,HIGH,LOWCOUNTRY_EXPORT_COMPLEX,DOMESTIC_REGIONAL,EXPORT_INTERCONTINENTAL,OTHER,"Rice, indigo and Charleston's merchant/shipping economy were established and export-oriented.","Rice level 3, indigo/port/trade level 2.",NO,NONE,https://www.nps.gov/articles/charleston-community-history.htm,,TRADE_CENTER
R8_NORTH_AMERICA_CARIBBEAN,USA,America,STATE_VERMONT,Vermont,building_livestock_ranch,Livestock Ranches,1,REVIEW,FRONTIER_MARKET_FARMING,DOMESTIC_REGIONAL,EXPORT_REGIONAL,COMMERCIAL_AGRICULTURE,"Settler livestock production existed, but state-scale commercial concentration is uncertain at the strict cutoff.",Level 1 REVIEW only.,NO,NONE,https://vermonthistory.org/explorer/people-places/life-in-vermont/agriculture,,
R8_NORTH_AMERICA_CARIBBEAN,USA,America,STATE_VIRGINIA,Virginia,building_government_administration,Government Administration,1,HIGH,CHESAPEAKE_TOBACCO_SYSTEM,DOMESTIC_NATIONAL,EXPORT_REGIONAL,OTHER,Virginia's tobacco plantation and inspection/warehouse system was one of the largest organized export sectors in British America.,Tobacco level 4; Norfolk/Chesapeake port capacity level 2.,NO,NONE,https://encyclopediavirginia.org/entries/tobacco-in-colonial-virginia/,,
R8_NORTH_AMERICA_CARIBBEAN,USA,America,STATE_VIRGINIA,Virginia,building_port,Port,2,HIGH,CHESAPEAKE_TOBACCO_SYSTEM,DOMESTIC_REGIONAL,EXPORT_INTERCONTINENTAL,OTHER,Virginia's tobacco plantation and inspection/warehouse system was one of the largest organized export sectors in British America.,Tobacco level 4; Norfolk/Chesapeake port capacity level 2.,YES,NONE,https://encyclopediavirginia.org/entries/tobacco-in-colonial-virginia/,,
R8_NORTH_AMERICA_CARIBBEAN,USA,America,STATE_VIRGINIA,Virginia,building_railway,Regional Infrastructure,1,MEDIUM,CHESAPEAKE_TOBACCO_SYSTEM,DOMESTIC_REGIONAL,EXPORT_REGIONAL,OTHER,Virginia's tobacco plantation and inspection/warehouse system was one of the largest organized export sectors in British America.,Tobacco level 4; Norfolk/Chesapeake port capacity level 2.,NO,NONE,https://www.nps.gov/articles/kings-highway.htm,,ROAD_LEVEL_JUSTIFICATION=1; CANAL_LEVEL_JUSTIFICATION=0; NO_ACTIVE_RAIL_1776; pm_no_rail_network obligatoire
R8_NORTH_AMERICA_CARIBBEAN,USA,America,STATE_VIRGINIA,Virginia,building_shipyard,Shipyards,1,MEDIUM,CHESAPEAKE_TOBACCO_SYSTEM,DOMESTIC_REGIONAL,EXPORT_REGIONAL,SHIPYARD_CLUSTER,Virginia's tobacco plantation and inspection/warehouse system was one of the largest organized export sectors in British America.,Tobacco level 4; Norfolk/Chesapeake port capacity level 2.,YES,NONE,https://encyclopediavirginia.org/entries/tobacco-in-colonial-virginia/,,
R8_NORTH_AMERICA_CARIBBEAN,USA,America,STATE_VIRGINIA,Virginia,building_tobacco_plantation,Tobacco Plantations,4,HIGH,CHESAPEAKE_TOBACCO_SYSTEM,DOMESTIC_REGIONAL,EXPORT_INTERCONTINENTAL,PLANTATION_SYSTEM,Virginia's tobacco plantation and inspection/warehouse system was one of the largest organized export sectors in British America.,Tobacco level 4; Norfolk/Chesapeake port capacity level 2.,NO,NONE,https://encyclopediavirginia.org/entries/tobacco-in-colonial-virginia/,,
R8_NORTH_AMERICA_CARIBBEAN,USA,America,STATE_VIRGINIA,Virginia,building_trade_center,Trade Center,1,HIGH,CHESAPEAKE_TOBACCO_SYSTEM,DOMESTIC_REGIONAL,EXPORT_INTERCONTINENTAL,OTHER,Virginia's tobacco plantation and inspection/warehouse system was one of the largest organized export sectors in British America.,Tobacco level 4; Norfolk/Chesapeake port capacity level 2.,NO,NONE,https://encyclopediavirginia.org/entries/tobacco-in-colonial-virginia/,,TRADE_CENTER
R8_NORTH_AMERICA_CARIBBEAN,USA,America,STATE_VIRGINIA,Virginia,building_university,University,1,HIGH,CHESAPEAKE_TOBACCO_SYSTEM,DOMESTIC_REGIONAL,EXPORT_REGIONAL,OTHER,Virginia's tobacco plantation and inspection/warehouse system was one of the largest organized export sectors in British America.,Tobacco level 4; Norfolk/Chesapeake port capacity level 2.,YES,NONE,https://www.wm.edu/about/history/,,
R8_NORTH_AMERICA_CARIBBEAN,USA,America,STATE_VIRGINIA,Virginia,building_wheat_farm,Wheat Farms,1,HIGH,CHESAPEAKE_TOBACCO_SYSTEM,DOMESTIC_REGIONAL,EXPORT_REGIONAL,COMMERCIAL_AGRICULTURE,Virginia's tobacco plantation and inspection/warehouse system was one of the largest organized export sectors in British America.,Tobacco level 4; Norfolk/Chesapeake port capacity level 2.,NO,NONE,https://encyclopediavirginia.org/entries/tobacco-in-colonial-virginia/,,
R9_SOUTH_AMERICA,BRZ,Brazil,STATE_BAHIA,Bahia,building_food_industry,Food Industries,1,MEDIUM,BRAZILIAN_SUGAR_EXPORT_ZONE,DOMESTIC_REGIONAL,EXPORT_INTERCONTINENTAL,STATE_MANUFACTORY,Northeastern Brazil remained a major sugar-export region; Bahia also had a significant tobacco trade.,"Level 1, with Pernambuco/Bahia above secondary captaincies.",YES,NONE,https://www.britannica.com/place/Brazil/The-sugar-cycle,https://www.jstor.org/stable/10.3138/j.ctt1vgw7t0,
R9_SOUTH_AMERICA,BRZ,Brazil,STATE_BAHIA,Bahia,building_port,Port,2,MEDIUM,BRAZILIAN_SUGAR_EXPORT_ZONE,DOMESTIC_REGIONAL,EXPORT_INTERCONTINENTAL,OTHER,Northeastern Brazil remained a major sugar-export region; Bahia also had a significant tobacco trade.,"Level 2, with Pernambuco/Bahia above secondary captaincies.",YES,NONE,https://www.britannica.com/place/Brazil/The-sugar-cycle,https://www.jstor.org/stable/10.3138/j.ctt1vgw7t0,
R9_SOUTH_AMERICA,BRZ,Brazil,STATE_BAHIA,Bahia,building_sugar_plantation,Sugar Plantations,3,HIGH,BRAZILIAN_SUGAR_EXPORT_ZONE,DOMESTIC_REGIONAL,EXPORT_INTERCONTINENTAL,PLANTATION_SYSTEM,Northeastern Brazil remained a major sugar-export region; Bahia also had a significant tobacco trade.,"Level 3, with Pernambuco/Bahia above secondary captaincies.",NO,NONE,https://www.britannica.com/place/Brazil/The-sugar-cycle,https://www.jstor.org/stable/10.3138/j.ctt1vgw7t0,
R9_SOUTH_AMERICA,BRZ,Brazil,STATE_BAHIA,Bahia,building_tobacco_plantation,Tobacco Plantations,2,MEDIUM,BRAZILIAN_SUGAR_EXPORT_ZONE,DOMESTIC_REGIONAL,EXPORT_INTERCONTINENTAL,PLANTATION_SYSTEM,Northeastern Brazil remained a major sugar-export region; Bahia also had a significant tobacco trade.,"Level 2, with Pernambuco/Bahia above secondary captaincies.",NO,NONE,https://www.britannica.com/place/Brazil/The-sugar-cycle,https://www.jstor.org/stable/10.3138/j.ctt1vgw7t0,
R9_SOUTH_AMERICA,BRZ,Brazil,STATE_BAHIA,Bahia,building_trade_center,Trade Center,2,MEDIUM,BRAZILIAN_SUGAR_EXPORT_ZONE,DOMESTIC_REGIONAL,EXPORT_INTERCONTINENTAL,OTHER,Northeastern Brazil remained a major sugar-export region; Bahia also had a significant tobacco trade.,"Level 2, with Pernambuco/Bahia above secondary captaincies.",NO,NONE,https://www.britannica.com/place/Brazil/The-sugar-cycle,https://www.jstor.org/stable/10.3138/j.ctt1vgw7t0,TRADE_CENTER
R9_SOUTH_AMERICA,BRZ,Brazil,STATE_CEARA,Ceará,building_livestock_ranch,Livestock Ranches,2,MEDIUM,COMMERCIAL_RANCHING,DOMESTIC_REGIONAL,EXPORT_REGIONAL,COMMERCIAL_AGRICULTURE,"Cattle raising supplied hides, meat, draft animals and regional markets.",Higher levels reserved for strongly pastoral zones.,NO,NONE,https://www.cambridge.org/core/books/abs/rise-of-capitalism-on-the-pampas/prices-and-marketing/B988B53963EB5B7884364138F62E7859,,
R9_SOUTH_AMERICA,BRZ,Brazil,STATE_GOIAS,Goiás,building_gold_mine,Gold Mines,2,HIGH,BRAZILIAN_INTERIOR_MINING,DOMESTIC_REGIONAL,EXPORT_INTERCONTINENTAL,COMMERCIAL_EXTRACTION,Goiás was one of the major gold discoveries of the first half of the eighteenth century.,Level 2.,YES,NONE,https://academic.oup.com/edited-volume/61800/chapter-abstract/546411635,,
R9_SOUTH_AMERICA,BRZ,Brazil,STATE_GOIAS,Goiás,building_livestock_ranch,Livestock Ranches,1,MEDIUM,BRAZILIAN_INTERIOR_MINING,DOMESTIC_REGIONAL,EXPORT_REGIONAL,COMMERCIAL_AGRICULTURE,Goiás was one of the major gold discoveries of the first half of the eighteenth century.,Level 1.,NO,NONE,https://academic.oup.com/edited-volume/61800/chapter-abstract/546411635,,
R9_SOUTH_AMERICA,BRZ,Brazil,STATE_GOIAS,Goiás,building_railway,Regional Infrastructure,1,MEDIUM,BRAZILIAN_INTERIOR_MINING,DOMESTIC_REGIONAL,EXPORT_REGIONAL,OTHER,Goiás was one of the major gold discoveries of the first half of the eighteenth century.,Level 1.,NO,NONE,https://academic.oup.com/edited-volume/61800/chapter-abstract/546411635,,ROAD_LEVEL_JUSTIFICATION=1; CANAL_LEVEL_JUSTIFICATION=0; NO_ACTIVE_RAIL_1776; pm_no_rail_network obligatoire
R9_SOUTH_AMERICA,BRZ,Brazil,STATE_MARANHAO,Maranhão,building_cotton_plantation,Cotton Plantations,2,MEDIUM,MARANHAO_EXPORT_EXPANSION,DOMESTIC_REGIONAL,EXPORT_INTERCONTINENTAL,PLANTATION_SYSTEM,"Maranhão's export agriculture expanded in the later eighteenth century, especially cotton and rice.",Conservative level 2 at the 1776 cutoff.,NO,NONE,https://www.britannica.com/place/Maranhao-state-Brazil/History,,
R9_SOUTH_AMERICA,BRZ,Brazil,STATE_MARANHAO,Maranhão,building_port,Port,1,MEDIUM,MARANHAO_EXPORT_EXPANSION,DOMESTIC_REGIONAL,EXPORT_INTERCONTINENTAL,OTHER,"Maranhão's export agriculture expanded in the later eighteenth century, especially cotton and rice.",Conservative level 1 at the 1776 cutoff.,YES,NONE,https://www.britannica.com/place/Maranhao-state-Brazil/History,,
R9_SOUTH_AMERICA,BRZ,Brazil,STATE_MARANHAO,Maranhão,building_rice_farm,Rice Farms,1,MEDIUM,MARANHAO_EXPORT_EXPANSION,DOMESTIC_REGIONAL,EXPORT_INTERCONTINENTAL,COMMERCIAL_AGRICULTURE,"Maranhão's export agriculture expanded in the later eighteenth century, especially cotton and rice.",Conservative level 1 at the 1776 cutoff.,NO,NONE,https://www.britannica.com/place/Maranhao-state-Brazil/History,,
R9_SOUTH_AMERICA,BRZ,Brazil,STATE_MARANHAO,Maranhão,building_trade_center,Trade Center,1,MEDIUM,MARANHAO_EXPORT_EXPANSION,DOMESTIC_REGIONAL,EXPORT_INTERCONTINENTAL,OTHER,"Maranhão's export agriculture expanded in the later eighteenth century, especially cotton and rice.",Conservative level 1 at the 1776 cutoff.,NO,NONE,https://www.britannica.com/place/Maranhao-state-Brazil/History,,TRADE_CENTER
R9_SOUTH_AMERICA,BRZ,Brazil,STATE_MINAS_GERAIS,Minas Gerais,building_food_industry,Food Industries,1,MEDIUM,BRAZILIAN_MINING_CORE,DOMESTIC_NATIONAL,DOMESTIC_REGIONAL,PROTO_INDUSTRIAL_DISTRICT,Minas Gerais was the central gold-mining region of eighteenth-century Portuguese America and generated a large internal market.,Gold level 4; administration/roads 2; support sectors 1.,YES,NONE,https://academic.oup.com/edited-volume/61800/chapter-abstract/546411635,https://revistas.ucm.es/index.php/RCHA/en/article/view/40233,
R9_SOUTH_AMERICA,BRZ,Brazil,STATE_MINAS_GERAIS,Minas Gerais,building_gold_mine,Gold Mines,4,HIGH,BRAZILIAN_MINING_CORE,DOMESTIC_NATIONAL,EXPORT_INTERCONTINENTAL,COMMERCIAL_EXTRACTION,Minas Gerais was the central gold-mining region of eighteenth-century Portuguese America and generated a large internal market.,Gold level 4; administration/roads 2; support sectors 1.,YES,NONE,https://academic.oup.com/edited-volume/61800/chapter-abstract/546411635,https://revistas.ucm.es/index.php/RCHA/en/article/view/40233,
R9_SOUTH_AMERICA,BRZ,Brazil,STATE_MINAS_GERAIS,Minas Gerais,building_government_administration,Government Administration,2,HIGH,BRAZILIAN_MINING_CORE,DOMESTIC_NATIONAL,DOMESTIC_REGIONAL,OTHER,Minas Gerais was the central gold-mining region of eighteenth-century Portuguese America and generated a large internal market.,Gold level 4; administration/roads 2; support sectors 1.,NO,NONE,https://academic.oup.com/edited-volume/61800/chapter-abstract/546411635,https://revistas.ucm.es/index.php/RCHA/en/article/view/40233,
R9_SOUTH_AMERICA,BRZ,Brazil,STATE_MINAS_GERAIS,Minas Gerais,building_livestock_ranch,Livestock Ranches,1,MEDIUM,BRAZILIAN_MINING_CORE,DOMESTIC_NATIONAL,DOMESTIC_REGIONAL,COMMERCIAL_AGRICULTURE,Minas Gerais was the central gold-mining region of eighteenth-century Portuguese America and generated a large internal market.,Gold level 4; administration/roads 2; support sectors 1.,NO,NONE,https://academic.oup.com/edited-volume/61800/chapter-abstract/546411635,https://revistas.ucm.es/index.php/RCHA/en/article/view/40233,
R9_SOUTH_AMERICA,BRZ,Brazil,STATE_MINAS_GERAIS,Minas Gerais,building_railway,Regional Infrastructure,2,HIGH,BRAZILIAN_MINING_CORE,DOMESTIC_NATIONAL,DOMESTIC_REGIONAL,OTHER,Minas Gerais was the central gold-mining region of eighteenth-century Portuguese America and generated a large internal market.,Gold level 4; administration/roads 2; support sectors 1.,NO,NONE,https://academic.oup.com/edited-volume/61800/chapter-abstract/546411635,https://revistas.ucm.es/index.php/RCHA/en/article/view/40233,ROAD_LEVEL_JUSTIFICATION=2; CANAL_LEVEL_JUSTIFICATION=0; NO_ACTIVE_RAIL_1776; pm_no_rail_network obligatoire
R9_SOUTH_AMERICA,BRZ,Brazil,STATE_PARA,Pará,building_government_administration,Government Administration,1,MEDIUM,AMAZON_ESTUARY_COLONIAL_HUB,DOMESTIC_REGIONAL,EXPORT_REGIONAL,OTHER,"Belém/Pará served as the administrative and trading outlet of the Amazon estuary, with commercial forest extraction.",Level 1 only.,NO,NONE,https://www.britannica.com/place/Para-state-Brazil/History,,
R9_SOUTH_AMERICA,BRZ,Brazil,STATE_PARA,Pará,building_logging_camp,Logging Camps,1,MEDIUM,AMAZON_ESTUARY_COLONIAL_HUB,DOMESTIC_REGIONAL,EXPORT_REGIONAL,COMMERCIAL_EXTRACTION,"Belém/Pará served as the administrative and trading outlet of the Amazon estuary, with commercial forest extraction.",Level 1 only.,NO,NONE,https://www.britannica.com/place/Para-state-Brazil/History,,
R9_SOUTH_AMERICA,BRZ,Brazil,STATE_PARA,Pará,building_port,Port,1,MEDIUM,AMAZON_ESTUARY_COLONIAL_HUB,DOMESTIC_REGIONAL,EXPORT_REGIONAL,OTHER,"Belém/Pará served as the administrative and trading outlet of the Amazon estuary, with commercial forest extraction.",Level 1 only.,YES,NONE,https://www.britannica.com/place/Para-state-Brazil/History,,
R9_SOUTH_AMERICA,BRZ,Brazil,STATE_PARA,Pará,building_trade_center,Trade Center,1,MEDIUM,AMAZON_ESTUARY_COLONIAL_HUB,DOMESTIC_REGIONAL,EXPORT_REGIONAL,OTHER,"Belém/Pará served as the administrative and trading outlet of the Amazon estuary, with commercial forest extraction.",Level 1 only.,NO,NONE,https://www.britannica.com/place/Para-state-Brazil/History,,TRADE_CENTER
R9_SOUTH_AMERICA,BRZ,Brazil,STATE_PARAIBA,Paraíba,building_port,Port,1,MEDIUM,BRAZILIAN_SUGAR_EXPORT_ZONE,DOMESTIC_REGIONAL,EXPORT_INTERCONTINENTAL,OTHER,Northeastern Brazil remained a major sugar-export region; Bahia also had a significant tobacco trade.,"Level 1, with Pernambuco/Bahia above secondary captaincies.",YES,NONE,https://www.britannica.com/place/Brazil/The-sugar-cycle,https://www.jstor.org/stable/10.3138/j.ctt1vgw7t0,
R9_SOUTH_AMERICA,BRZ,Brazil,STATE_PARAIBA,Paraíba,building_sugar_plantation,Sugar Plantations,1,MEDIUM,BRAZILIAN_SUGAR_EXPORT_ZONE,DOMESTIC_REGIONAL,EXPORT_INTERCONTINENTAL,PLANTATION_SYSTEM,Northeastern Brazil remained a major sugar-export region; Bahia also had a significant tobacco trade.,"Level 1, with Pernambuco/Bahia above secondary captaincies.",NO,NONE,https://www.britannica.com/place/Brazil/The-sugar-cycle,https://www.jstor.org/stable/10.3138/j.ctt1vgw7t0,
R9_SOUTH_AMERICA,BRZ,Brazil,STATE_PARAIBA,Paraíba,building_trade_center,Trade Center,1,MEDIUM,BRAZILIAN_SUGAR_EXPORT_ZONE,DOMESTIC_REGIONAL,EXPORT_INTERCONTINENTAL,OTHER,Northeastern Brazil remained a major sugar-export region; Bahia also had a significant tobacco trade.,"Level 1, with Pernambuco/Bahia above secondary captaincies.",NO,NONE,https://www.britannica.com/place/Brazil/The-sugar-cycle,https://www.jstor.org/stable/10.3138/j.ctt1vgw7t0,TRADE_CENTER
R9_SOUTH_AMERICA,BRZ,Brazil,STATE_PERNAMBUCO,Pernambuco,building_food_industry,Food Industries,1,MEDIUM,BRAZILIAN_SUGAR_EXPORT_ZONE,DOMESTIC_REGIONAL,EXPORT_INTERCONTINENTAL,STATE_MANUFACTORY,Northeastern Brazil remained a major sugar-export region; Bahia also had a significant tobacco trade.,"Level 1, with Pernambuco/Bahia above secondary captaincies.",YES,NONE,https://www.britannica.com/place/Brazil/The-sugar-cycle,https://www.jstor.org/stable/10.3138/j.ctt1vgw7t0,
R9_SOUTH_AMERICA,BRZ,Brazil,STATE_PERNAMBUCO,Pernambuco,building_port,Port,2,MEDIUM,BRAZILIAN_SUGAR_EXPORT_ZONE,DOMESTIC_REGIONAL,EXPORT_INTERCONTINENTAL,OTHER,Northeastern Brazil remained a major sugar-export region; Bahia also had a significant tobacco trade.,"Level 2, with Pernambuco/Bahia above secondary captaincies.",YES,NONE,https://www.britannica.com/place/Brazil/The-sugar-cycle,https://www.jstor.org/stable/10.3138/j.ctt1vgw7t0,
R9_SOUTH_AMERICA,BRZ,Brazil,STATE_PERNAMBUCO,Pernambuco,building_sugar_plantation,Sugar Plantations,4,HIGH,BRAZILIAN_SUGAR_EXPORT_ZONE,DOMESTIC_REGIONAL,EXPORT_INTERCONTINENTAL,PLANTATION_SYSTEM,Northeastern Brazil remained a major sugar-export region; Bahia also had a significant tobacco trade.,"Level 4, with Pernambuco/Bahia above secondary captaincies.",NO,NONE,https://www.britannica.com/place/Brazil/The-sugar-cycle,https://www.jstor.org/stable/10.3138/j.ctt1vgw7t0,
R9_SOUTH_AMERICA,BRZ,Brazil,STATE_PERNAMBUCO,Pernambuco,building_trade_center,Trade Center,2,MEDIUM,BRAZILIAN_SUGAR_EXPORT_ZONE,DOMESTIC_REGIONAL,EXPORT_INTERCONTINENTAL,OTHER,Northeastern Brazil remained a major sugar-export region; Bahia also had a significant tobacco trade.,"Level 2, with Pernambuco/Bahia above secondary captaincies.",NO,NONE,https://www.britannica.com/place/Brazil/The-sugar-cycle,https://www.jstor.org/stable/10.3138/j.ctt1vgw7t0,TRADE_CENTER
R9_SOUTH_AMERICA,BRZ,Brazil,STATE_PIAUI,Piauí,building_livestock_ranch,Livestock Ranches,2,MEDIUM,COMMERCIAL_RANCHING,DOMESTIC_REGIONAL,EXPORT_REGIONAL,COMMERCIAL_AGRICULTURE,"Cattle raising supplied hides, meat, draft animals and regional markets.",Higher levels reserved for strongly pastoral zones.,NO,NONE,https://www.cambridge.org/core/books/abs/rise-of-capitalism-on-the-pampas/prices-and-marketing/B988B53963EB5B7884364138F62E7859,,
R9_SOUTH_AMERICA,BRZ,Brazil,STATE_RIO_DE_JANEIRO,Rio de Janeiro,building_food_industry,Food Industries,1,MEDIUM,PORTUGUESE_AMERICA_CAPITAL_PORT,DOMESTIC_NATIONAL,NONE,URBAN_MANUFACTORY_CLUSTER,Rio became the colony's principal export/import port for the mining economy and the viceregal capital in 1763.,Port/trade/admin level 3; roads/shipyard 2; other sectors 1.,YES,NONE,https://multirio.rj.gov.br/index.php/historia-do-brasil/rio-de-janeiro/2441-o-porto-do-rio-de-janeiro,https://revistas.ucm.es/index.php/RCHA/en/article/view/40233,
R9_SOUTH_AMERICA,BRZ,Brazil,STATE_RIO_DE_JANEIRO,Rio de Janeiro,building_government_administration,Government Administration,3,HIGH,PORTUGUESE_AMERICA_CAPITAL_PORT,DOMESTIC_NATIONAL,NONE,OTHER,Rio became the colony's principal export/import port for the mining economy and the viceregal capital in 1763.,Port/trade/admin level 3; roads/shipyard 2; other sectors 1.,NO,NONE,https://multirio.rj.gov.br/index.php/historia-do-brasil/rio-de-janeiro/2441-o-porto-do-rio-de-janeiro,https://revistas.ucm.es/index.php/RCHA/en/article/view/40233,
R9_SOUTH_AMERICA,BRZ,Brazil,STATE_RIO_DE_JANEIRO,Rio de Janeiro,building_port,Port,3,HIGH,PORTUGUESE_AMERICA_CAPITAL_PORT,DOMESTIC_NATIONAL,EXPORT_INTERCONTINENTAL,OTHER,Rio became the colony's principal export/import port for the mining economy and the viceregal capital in 1763.,Port/trade/admin level 3; roads/shipyard 2; other sectors 1.,YES,NONE,https://multirio.rj.gov.br/index.php/historia-do-brasil/rio-de-janeiro/2441-o-porto-do-rio-de-janeiro,https://revistas.ucm.es/index.php/RCHA/en/article/view/40233,
R9_SOUTH_AMERICA,BRZ,Brazil,STATE_RIO_DE_JANEIRO,Rio de Janeiro,building_railway,Regional Infrastructure,2,HIGH,PORTUGUESE_AMERICA_CAPITAL_PORT,DOMESTIC_NATIONAL,NONE,OTHER,Rio became the colony's principal export/import port for the mining economy and the viceregal capital in 1763.,Port/trade/admin level 3; roads/shipyard 2; other sectors 1.,NO,NONE,https://multirio.rj.gov.br/index.php/historia-do-brasil/rio-de-janeiro/2441-o-porto-do-rio-de-janeiro,https://revistas.ucm.es/index.php/RCHA/en/article/view/40233,ROAD_LEVEL_JUSTIFICATION=2; CANAL_LEVEL_JUSTIFICATION=0; NO_ACTIVE_RAIL_1776; pm_no_rail_network obligatoire
R9_SOUTH_AMERICA,BRZ,Brazil,STATE_RIO_DE_JANEIRO,Rio de Janeiro,building_shipyard,Shipyards,2,MEDIUM,PORTUGUESE_AMERICA_CAPITAL_PORT,DOMESTIC_NATIONAL,NONE,SHIPYARD_CLUSTER,Rio became the colony's principal export/import port for the mining economy and the viceregal capital in 1763.,Port/trade/admin level 3; roads/shipyard 2; other sectors 1.,NO,NONE,https://multirio.rj.gov.br/index.php/historia-do-brasil/rio-de-janeiro/2441-o-porto-do-rio-de-janeiro,https://revistas.ucm.es/index.php/RCHA/en/article/view/40233,
R9_SOUTH_AMERICA,BRZ,Brazil,STATE_RIO_DE_JANEIRO,Rio de Janeiro,building_sugar_plantation,Sugar Plantations,1,MEDIUM,PORTUGUESE_AMERICA_CAPITAL_PORT,DOMESTIC_NATIONAL,EXPORT_INTERCONTINENTAL,PLANTATION_SYSTEM,Rio became the colony's principal export/import port for the mining economy and the viceregal capital in 1763.,Port/trade/admin level 3; roads/shipyard 2; other sectors 1.,NO,NONE,https://multirio.rj.gov.br/index.php/historia-do-brasil/rio-de-janeiro/2441-o-porto-do-rio-de-janeiro,https://revistas.ucm.es/index.php/RCHA/en/article/view/40233,
R9_SOUTH_AMERICA,BRZ,Brazil,STATE_RIO_DE_JANEIRO,Rio de Janeiro,building_trade_center,Trade Center,3,HIGH,PORTUGUESE_AMERICA_CAPITAL_PORT,DOMESTIC_NATIONAL,EXPORT_INTERCONTINENTAL,OTHER,Rio became the colony's principal export/import port for the mining economy and the viceregal capital in 1763.,Port/trade/admin level 3; roads/shipyard 2; other sectors 1.,NO,NONE,https://multirio.rj.gov.br/index.php/historia-do-brasil/rio-de-janeiro/2441-o-porto-do-rio-de-janeiro,https://revistas.ucm.es/index.php/RCHA/en/article/view/40233,TRADE_CENTER
R9_SOUTH_AMERICA,BRZ,Brazil,STATE_RIO_GRANDE_DO_NORTE,Rio Grande do Norte,building_port,Port,1,MEDIUM,BRAZILIAN_SUGAR_EXPORT_ZONE,DOMESTIC_REGIONAL,EXPORT_INTERCONTINENTAL,OTHER,Northeastern Brazil remained a major sugar-export region; Bahia also had a significant tobacco trade.,"Level 1, with Pernambuco/Bahia above secondary captaincies.",YES,NONE,https://www.britannica.com/place/Brazil/The-sugar-cycle,https://www.jstor.org/stable/10.3138/j.ctt1vgw7t0,
R9_SOUTH_AMERICA,BRZ,Brazil,STATE_RIO_GRANDE_DO_NORTE,Rio Grande do Norte,building_sugar_plantation,Sugar Plantations,1,MEDIUM,BRAZILIAN_SUGAR_EXPORT_ZONE,DOMESTIC_REGIONAL,EXPORT_INTERCONTINENTAL,PLANTATION_SYSTEM,Northeastern Brazil remained a major sugar-export region; Bahia also had a significant tobacco trade.,"Level 1, with Pernambuco/Bahia above secondary captaincies.",NO,NONE,https://www.britannica.com/place/Brazil/The-sugar-cycle,https://www.jstor.org/stable/10.3138/j.ctt1vgw7t0,
R9_SOUTH_AMERICA,BRZ,Brazil,STATE_RIO_GRANDE_DO_NORTE,Rio Grande do Norte,building_trade_center,Trade Center,1,MEDIUM,BRAZILIAN_SUGAR_EXPORT_ZONE,DOMESTIC_REGIONAL,EXPORT_INTERCONTINENTAL,OTHER,Northeastern Brazil remained a major sugar-export region; Bahia also had a significant tobacco trade.,"Level 1, with Pernambuco/Bahia above secondary captaincies.",NO,NONE,https://www.britannica.com/place/Brazil/The-sugar-cycle,https://www.jstor.org/stable/10.3138/j.ctt1vgw7t0,TRADE_CENTER
R9_SOUTH_AMERICA,BRZ,Brazil,STATE_RIO_GRANDE_DO_SUL,Rio Grande do Sul,building_livestock_ranch,Livestock Ranches,3,MEDIUM,COMMERCIAL_RANCHING,DOMESTIC_REGIONAL,EXPORT_REGIONAL,COMMERCIAL_AGRICULTURE,"Cattle raising supplied hides, meat, draft animals and regional markets.",Higher levels reserved for strongly pastoral zones.,NO,NONE,https://www.cambridge.org/core/books/abs/rise-of-capitalism-on-the-pampas/prices-and-marketing/B988B53963EB5B7884364138F62E7859,,
R9_SOUTH_AMERICA,BRZ,Brazil,STATE_RIO_GRANDE_DO_SUL,Rio Grande do Sul,building_port,Port,1,MEDIUM,SOUTHERN_COASTAL_TRADE,DOMESTIC_REGIONAL,EXPORT_REGIONAL,OTHER,Organized coastal ports connected southern pastoral settlements to Brazilian markets.,Level 1 only.,YES,NONE,https://www.britannica.com/place/Rio-Grande-do-Sul/History,,
R9_SOUTH_AMERICA,BRZ,Brazil,STATE_SANTA_CATARINA,Santa Catarina,building_livestock_ranch,Livestock Ranches,1,MEDIUM,COMMERCIAL_RANCHING,DOMESTIC_REGIONAL,EXPORT_REGIONAL,COMMERCIAL_AGRICULTURE,"Cattle raising supplied hides, meat, draft animals and regional markets.",Higher levels reserved for strongly pastoral zones.,NO,NONE,https://www.cambridge.org/core/books/abs/rise-of-capitalism-on-the-pampas/prices-and-marketing/B988B53963EB5B7884364138F62E7859,,
R9_SOUTH_AMERICA,BRZ,Brazil,STATE_SANTA_CATARINA,Santa Catarina,building_port,Port,1,MEDIUM,SOUTHERN_COASTAL_TRADE,DOMESTIC_REGIONAL,EXPORT_REGIONAL,OTHER,Organized coastal ports connected southern pastoral settlements to Brazilian markets.,Level 1 only.,YES,NONE,https://www.britannica.com/place/Rio-Grande-do-Sul/History,,
R9_SOUTH_AMERICA,BRZ,Brazil,STATE_SAO_PAULO,São Paulo,building_livestock_ranch,Livestock Ranches,1,MEDIUM,SAO_PAULO_REGIONAL_MARKET,DOMESTIC_REGIONAL,EXPORT_REGIONAL,COMMERCIAL_AGRICULTURE,"São Paulo/Santos supported regional agriculture, cattle and coastal trade before the coffee era.",Level 1 only.,NO,NONE,https://www.britannica.com/place/Sao-Paulo-state-Brazil/History,,
R9_SOUTH_AMERICA,BRZ,Brazil,STATE_SAO_PAULO,São Paulo,building_maize_farm,Maize Farms,1,MEDIUM,SAO_PAULO_REGIONAL_MARKET,DOMESTIC_REGIONAL,EXPORT_REGIONAL,COMMERCIAL_AGRICULTURE,"São Paulo/Santos supported regional agriculture, cattle and coastal trade before the coffee era.",Level 1 only.,NO,NONE,https://www.britannica.com/place/Sao-Paulo-state-Brazil/History,,
R9_SOUTH_AMERICA,BRZ,Brazil,STATE_SAO_PAULO,São Paulo,building_port,Port,1,MEDIUM,SAO_PAULO_REGIONAL_MARKET,DOMESTIC_REGIONAL,EXPORT_REGIONAL,OTHER,"São Paulo/Santos supported regional agriculture, cattle and coastal trade before the coffee era.",Level 1 only.,YES,NONE,https://www.britannica.com/place/Sao-Paulo-state-Brazil/History,,
R9_SOUTH_AMERICA,BRZ,Brazil,STATE_SAO_PAULO,São Paulo,building_railway,Regional Infrastructure,1,MEDIUM,SAO_PAULO_REGIONAL_MARKET,DOMESTIC_REGIONAL,EXPORT_REGIONAL,OTHER,"São Paulo/Santos supported regional agriculture, cattle and coastal trade before the coffee era.",Level 1 only.,NO,NONE,https://www.britannica.com/place/Sao-Paulo-state-Brazil/History,,ROAD_LEVEL_JUSTIFICATION=1; CANAL_LEVEL_JUSTIFICATION=0; NO_ACTIVE_RAIL_1776; pm_no_rail_network obligatoire
R9_SOUTH_AMERICA,BRZ,Brazil,STATE_SAO_PAULO,São Paulo,building_sugar_plantation,Sugar Plantations,1,MEDIUM,SAO_PAULO_REGIONAL_MARKET,DOMESTIC_REGIONAL,EXPORT_REGIONAL,PLANTATION_SYSTEM,"São Paulo/Santos supported regional agriculture, cattle and coastal trade before the coffee era.",Level 1 only.,NO,NONE,https://www.britannica.com/place/Sao-Paulo-state-Brazil/History,,
R9_SOUTH_AMERICA,BRZ,Brazil,STATE_SAO_PAULO,São Paulo,building_trade_center,Trade Center,1,MEDIUM,SAO_PAULO_REGIONAL_MARKET,DOMESTIC_REGIONAL,EXPORT_REGIONAL,OTHER,"São Paulo/Santos supported regional agriculture, cattle and coastal trade before the coffee era.",Level 1 only.,NO,NONE,https://www.britannica.com/place/Sao-Paulo-state-Brazil/History,,TRADE_CENTER
R9_SOUTH_AMERICA,FRA,France,STATE_GUAYANA,Guyana,building_port,Port,1,MEDIUM,CAYENNE_COLONIAL_PORT,DOMESTIC_REGIONAL,EXPORT_REGIONAL,OTHER,"Cayenne was an organized colonial port, but the colony's productive scale remained modest.",Level 1 only.,YES,NONE,https://www.britannica.com/place/French-Guiana/History,,
R9_SOUTH_AMERICA,FRA,France,STATE_GUAYANA,Guyana,building_trade_center,Trade Center,1,MEDIUM,CAYENNE_COLONIAL_PORT,DOMESTIC_REGIONAL,EXPORT_REGIONAL,OTHER,"Cayenne was an organized colonial port, but the colony's productive scale remained modest.",Level 1 only.,NO,NONE,https://www.britannica.com/place/French-Guiana/History,,TRADE_CENTER
R9_SOUTH_AMERICA,NET,Netherlands,STATE_GUAYANA,Guyana,building_coffee_plantation,Coffee Plantations,3,HIGH,SURINAME_PLANTATION_EXPORT_COMPLEX,DOMESTIC_REGIONAL,EXPORT_INTERCONTINENTAL,PLANTATION_SYSTEM,"Suriname had a mature slave-plantation export economy in the eighteenth century, supported by river/canal transport and Paramaribo.",Level 3.,YES,NONE,https://www.britannica.com/place/Suriname/History,,
R9_SOUTH_AMERICA,NET,Netherlands,STATE_GUAYANA,Guyana,building_cotton_plantation,Cotton Plantations,1,MEDIUM,SURINAME_PLANTATION_EXPORT_COMPLEX,DOMESTIC_REGIONAL,EXPORT_INTERCONTINENTAL,PLANTATION_SYSTEM,"Suriname had a mature slave-plantation export economy in the eighteenth century, supported by river/canal transport and Paramaribo.",Level 1.,NO,NONE,https://www.britannica.com/place/Suriname/History,,
R9_SOUTH_AMERICA,NET,Netherlands,STATE_GUAYANA,Guyana,building_government_administration,Government Administration,1,MEDIUM,SURINAME_PLANTATION_EXPORT_COMPLEX,DOMESTIC_REGIONAL,EXPORT_INTERCONTINENTAL,OTHER,"Suriname had a mature slave-plantation export economy in the eighteenth century, supported by river/canal transport and Paramaribo.",Level 1.,YES,NONE,https://www.britannica.com/place/Suriname/History,,
R9_SOUTH_AMERICA,NET,Netherlands,STATE_GUAYANA,Guyana,building_port,Port,2,MEDIUM,SURINAME_PLANTATION_EXPORT_COMPLEX,DOMESTIC_REGIONAL,EXPORT_INTERCONTINENTAL,OTHER,"Suriname had a mature slave-plantation export economy in the eighteenth century, supported by river/canal transport and Paramaribo.",Level 2.,YES,NONE,https://www.britannica.com/place/Suriname/History,,
R9_SOUTH_AMERICA,NET,Netherlands,STATE_GUAYANA,Guyana,building_railway,Regional Infrastructure,1,MEDIUM,SURINAME_PLANTATION_EXPORT_COMPLEX,DOMESTIC_REGIONAL,EXPORT_INTERCONTINENTAL,OTHER,"Suriname had a mature slave-plantation export economy in the eighteenth century, supported by river/canal transport and Paramaribo.",Level 1.,NO,NONE,https://www.britannica.com/place/Suriname/History,,ROAD_LEVEL_JUSTIFICATION=0; CANAL_LEVEL_JUSTIFICATION=1; plantation drainage/navigation canals; NO_ACTIVE_RAIL_1776; pm_no_rail_network obligatoire
R9_SOUTH_AMERICA,NET,Netherlands,STATE_GUAYANA,Guyana,building_sugar_plantation,Sugar Plantations,3,HIGH,SURINAME_PLANTATION_EXPORT_COMPLEX,DOMESTIC_REGIONAL,EXPORT_INTERCONTINENTAL,PLANTATION_SYSTEM,"Suriname had a mature slave-plantation export economy in the eighteenth century, supported by river/canal transport and Paramaribo.",Level 3.,YES,NONE,https://www.britannica.com/place/Suriname/History,,
R9_SOUTH_AMERICA,NET,Netherlands,STATE_GUAYANA,Guyana,building_trade_center,Trade Center,2,MEDIUM,SURINAME_PLANTATION_EXPORT_COMPLEX,DOMESTIC_REGIONAL,EXPORT_INTERCONTINENTAL,OTHER,"Suriname had a mature slave-plantation export economy in the eighteenth century, supported by river/canal transport and Paramaribo.",Level 2.,NO,NONE,https://www.britannica.com/place/Suriname/History,,TRADE_CENTER
R9_SOUTH_AMERICA,SC2,Nueva Granada,STATE_ANTIOQUIA,Antioquia,building_gold_mine,Gold Mines,2,HIGH,NEW_GRANADA_GOLD_MINING,DOMESTIC_REGIONAL,EXPORT_INTERCONTINENTAL,COMMERCIAL_EXTRACTION,"Gold mining was a major organized sector of New Granada, especially Antioquia and the Pacific/Popayán zone.",Level 2.,NO,NONE,https://www.britannica.com/place/Colombia/Colonial-period,,
R9_SOUTH_AMERICA,SC2,Nueva Granada,STATE_BOLIVAR,Bolívar,building_barrack,Barracks,1,HIGH,CARTAGENA_IMPERIAL_PORT,DOMESTIC_NATIONAL,MILITARY_STATE_DEMAND,ARSENAL,Cartagena was one of the Caribbean's principal imperial ports and possessed South America's most extensive fortification system.,Port/trade/fortification level 3; administration 2; garrison/shipyard 1.,YES,NONE,https://whc.unesco.org/en/list/285,,
R9_SOUTH_AMERICA,SC2,Nueva Granada,STATE_BOLIVAR,Bolívar,building_government_administration,Government Administration,2,HIGH,CARTAGENA_IMPERIAL_PORT,DOMESTIC_NATIONAL,MILITARY_STATE_DEMAND,OTHER,Cartagena was one of the Caribbean's principal imperial ports and possessed South America's most extensive fortification system.,Port/trade/fortification level 3; administration 2; garrison/shipyard 1.,NO,NONE,https://whc.unesco.org/en/list/285,,
R9_SOUTH_AMERICA,SC2,Nueva Granada,STATE_BOLIVAR,Bolívar,building_naval_fortification,Naval Fortification,3,HIGH,CARTAGENA_IMPERIAL_PORT,DOMESTIC_NATIONAL,MILITARY_STATE_DEMAND,ARSENAL,Cartagena was one of the Caribbean's principal imperial ports and possessed South America's most extensive fortification system.,Port/trade/fortification level 3; administration 2; garrison/shipyard 1.,YES,NONE,https://whc.unesco.org/en/list/285,,
R9_SOUTH_AMERICA,SC2,Nueva Granada,STATE_BOLIVAR,Bolívar,building_port,Port,3,HIGH,CARTAGENA_IMPERIAL_PORT,DOMESTIC_NATIONAL,ENTREPOT_REEXPORT,OTHER,Cartagena was one of the Caribbean's principal imperial ports and possessed South America's most extensive fortification system.,Port/trade/fortification level 3; administration 2; garrison/shipyard 1.,YES,NONE,https://whc.unesco.org/en/list/285,,
R9_SOUTH_AMERICA,SC2,Nueva Granada,STATE_BOLIVAR,Bolívar,building_shipyard,Shipyards,1,MEDIUM,CARTAGENA_IMPERIAL_PORT,DOMESTIC_NATIONAL,MILITARY_STATE_DEMAND,SHIPYARD_CLUSTER,Cartagena was one of the Caribbean's principal imperial ports and possessed South America's most extensive fortification system.,Port/trade/fortification level 3; administration 2; garrison/shipyard 1.,YES,NONE,https://whc.unesco.org/en/list/285,,
R9_SOUTH_AMERICA,SC2,Nueva Granada,STATE_BOLIVAR,Bolívar,building_trade_center,Trade Center,3,HIGH,CARTAGENA_IMPERIAL_PORT,DOMESTIC_NATIONAL,ENTREPOT_REEXPORT,OTHER,Cartagena was one of the Caribbean's principal imperial ports and possessed South America's most extensive fortification system.,Port/trade/fortification level 3; administration 2; garrison/shipyard 1.,NO,NONE,https://whc.unesco.org/en/list/285,,TRADE_CENTER
R9_SOUTH_AMERICA,SC2,Nueva Granada,STATE_CAUCA,Cauca,building_gold_mine,Gold Mines,1,HIGH,NEW_GRANADA_GOLD_MINING,DOMESTIC_REGIONAL,EXPORT_INTERCONTINENTAL,COMMERCIAL_EXTRACTION,"Gold mining was a major organized sector of New Granada, especially Antioquia and the Pacific/Popayán zone.",Level 1.,NO,NONE,https://www.britannica.com/place/Colombia/Colonial-period,,
R9_SOUTH_AMERICA,SC2,Nueva Granada,STATE_CUNDINAMARCA,Cundinamarca,building_food_industry,Food Industries,1,MEDIUM,BOGOTA_ADMINISTRATIVE_HUB,DOMESTIC_NATIONAL,EXPORT_REGIONAL,URBAN_MANUFACTORY_CLUSTER,Santafé de Bogotá was the viceregal administrative and inland commercial centre.,Level 1.,YES,NONE,https://www.britannica.com/place/Bogota/History,,
R9_SOUTH_AMERICA,SC2,Nueva Granada,STATE_CUNDINAMARCA,Cundinamarca,building_government_administration,Government Administration,2,MEDIUM,BOGOTA_ADMINISTRATIVE_HUB,DOMESTIC_NATIONAL,EXPORT_REGIONAL,OTHER,Santafé de Bogotá was the viceregal administrative and inland commercial centre.,Level 2.,NO,NONE,https://www.britannica.com/place/Bogota/History,,
R9_SOUTH_AMERICA,SC2,Nueva Granada,STATE_CUNDINAMARCA,Cundinamarca,building_railway,Regional Infrastructure,1,MEDIUM,BOGOTA_ADMINISTRATIVE_HUB,DOMESTIC_NATIONAL,EXPORT_REGIONAL,OTHER,Santafé de Bogotá was the viceregal administrative and inland commercial centre.,Level 1.,NO,NONE,https://www.britannica.com/place/Bogota/History,,ROAD_LEVEL_JUSTIFICATION=1; CANAL_LEVEL_JUSTIFICATION=0; NO_ACTIVE_RAIL_1776; pm_no_rail_network obligatoire
R9_SOUTH_AMERICA,SC2,Nueva Granada,STATE_CUNDINAMARCA,Cundinamarca,building_textile_mill,Textile Manufacture,1,MEDIUM,BOGOTA_ADMINISTRATIVE_HUB,DOMESTIC_NATIONAL,EXPORT_REGIONAL,PROTO_INDUSTRIAL_DISTRICT,Santafé de Bogotá was the viceregal administrative and inland commercial centre.,Level 1.,NO,NONE,https://www.britannica.com/place/Bogota/History,,
R9_SOUTH_AMERICA,SC2,Nueva Granada,STATE_CUNDINAMARCA,Cundinamarca,building_trade_center,Trade Center,1,MEDIUM,BOGOTA_ADMINISTRATIVE_HUB,DOMESTIC_NATIONAL,EXPORT_REGIONAL,OTHER,Santafé de Bogotá was the viceregal administrative and inland commercial centre.,Level 1.,NO,NONE,https://www.britannica.com/place/Bogota/History,,TRADE_CENTER
R9_SOUTH_AMERICA,SC2,Nueva Granada,STATE_ECUADOR,Ecuador,building_government_administration,Government Administration,1,MEDIUM,QUITO_OBRAJE_ECONOMY,DOMESTIC_REGIONAL,EXPORT_REGIONAL,OTHER,Quito's colonial economy included a notable obraje textile sector and regional administrative/commercial functions.,Textile level 2; admin/trade 1.,NO,NONE,https://www.britannica.com/place/Quito/History,,
R9_SOUTH_AMERICA,SC2,Nueva Granada,STATE_ECUADOR,Ecuador,building_textile_mill,Textile Manufacture,2,MEDIUM,QUITO_OBRAJE_ECONOMY,DOMESTIC_REGIONAL,EXPORT_REGIONAL,PROTO_INDUSTRIAL_DISTRICT,Quito's colonial economy included a notable obraje textile sector and regional administrative/commercial functions.,Textile level 2; admin/trade 1.,NO,NONE,https://www.britannica.com/place/Quito/History,,
R9_SOUTH_AMERICA,SC2,Nueva Granada,STATE_ECUADOR,Ecuador,building_trade_center,Trade Center,1,MEDIUM,QUITO_OBRAJE_ECONOMY,DOMESTIC_REGIONAL,EXPORT_REGIONAL,OTHER,Quito's colonial economy included a notable obraje textile sector and regional administrative/commercial functions.,Textile level 2; admin/trade 1.,NO,NONE,https://www.britannica.com/place/Quito/History,,TRADE_CENTER
R9_SOUTH_AMERICA,SC2,Nueva Granada,STATE_MIRANDA,Miranda,building_government_administration,Government Administration,1,MEDIUM,CARACAS_EXPORT_REGION,DOMESTIC_REGIONAL,EXPORT_INTERCONTINENTAL,OTHER,Caracas/La Guaira anchored a plantation and merchant-export economy; cacao is important historically but has no matching building in the catalog.,Level 1.,NO,NONE,https://www.britannica.com/place/Venezuela/Colonial-era,,
R9_SOUTH_AMERICA,SC2,Nueva Granada,STATE_MIRANDA,Miranda,building_port,Port,1,MEDIUM,CARACAS_EXPORT_REGION,DOMESTIC_REGIONAL,EXPORT_INTERCONTINENTAL,OTHER,Caracas/La Guaira anchored a plantation and merchant-export economy; cacao is important historically but has no matching building in the catalog.,Level 1.,YES,NONE,https://www.britannica.com/place/Venezuela/Colonial-era,,
R9_SOUTH_AMERICA,SC2,Nueva Granada,STATE_MIRANDA,Miranda,building_sugar_plantation,Sugar Plantations,1,MEDIUM,CARACAS_EXPORT_REGION,DOMESTIC_REGIONAL,EXPORT_INTERCONTINENTAL,PLANTATION_SYSTEM,Caracas/La Guaira anchored a plantation and merchant-export economy; cacao is important historically but has no matching building in the catalog.,Level 1.,NO,NONE,https://www.britannica.com/place/Venezuela/Colonial-era,,
R9_SOUTH_AMERICA,SC2,Nueva Granada,STATE_MIRANDA,Miranda,building_tobacco_plantation,Tobacco Plantations,2,MEDIUM,CARACAS_EXPORT_REGION,DOMESTIC_REGIONAL,EXPORT_INTERCONTINENTAL,PLANTATION_SYSTEM,Caracas/La Guaira anchored a plantation and merchant-export economy; cacao is important historically but has no matching building in the catalog.,Level 2.,NO,NONE,https://www.britannica.com/place/Venezuela/Colonial-era,,
R9_SOUTH_AMERICA,SC2,Nueva Granada,STATE_MIRANDA,Miranda,building_trade_center,Trade Center,2,MEDIUM,CARACAS_EXPORT_REGION,DOMESTIC_REGIONAL,EXPORT_INTERCONTINENTAL,OTHER,Caracas/La Guaira anchored a plantation and merchant-export economy; cacao is important historically but has no matching building in the catalog.,Level 2.,NO,NONE,https://www.britannica.com/place/Venezuela/Colonial-era,,TRADE_CENTER
R9_SOUTH_AMERICA,SC2,Nueva Granada,STATE_ZULIA,Zulia,building_livestock_ranch,Livestock Ranches,1,MEDIUM,MARACAIBO_REGIONAL_EXPORT,DOMESTIC_REGIONAL,EXPORT_REGIONAL,COMMERCIAL_AGRICULTURE,"Maracaibo combined regional agricultural exports, livestock and lake/Caribbean commerce.",Level 1 only.,NO,NONE,https://www.britannica.com/place/Maracaibo-Venezuela,,
R9_SOUTH_AMERICA,SC2,Nueva Granada,STATE_ZULIA,Zulia,building_port,Port,1,MEDIUM,MARACAIBO_REGIONAL_EXPORT,DOMESTIC_REGIONAL,EXPORT_REGIONAL,OTHER,"Maracaibo combined regional agricultural exports, livestock and lake/Caribbean commerce.",Level 1 only.,YES,NONE,https://www.britannica.com/place/Maracaibo-Venezuela,,
R9_SOUTH_AMERICA,SC2,Nueva Granada,STATE_ZULIA,Zulia,building_tobacco_plantation,Tobacco Plantations,1,MEDIUM,MARACAIBO_REGIONAL_EXPORT,DOMESTIC_REGIONAL,EXPORT_REGIONAL,PLANTATION_SYSTEM,"Maracaibo combined regional agricultural exports, livestock and lake/Caribbean commerce.",Level 1 only.,NO,NONE,https://www.britannica.com/place/Maracaibo-Venezuela,,
R9_SOUTH_AMERICA,SC2,Nueva Granada,STATE_ZULIA,Zulia,building_trade_center,Trade Center,1,MEDIUM,MARACAIBO_REGIONAL_EXPORT,DOMESTIC_REGIONAL,EXPORT_REGIONAL,OTHER,"Maracaibo combined regional agricultural exports, livestock and lake/Caribbean commerce.",Level 1 only.,NO,NONE,https://www.britannica.com/place/Maracaibo-Venezuela,,TRADE_CENTER
R9_SOUTH_AMERICA,SC3,Perú,STATE_AREQUIPA,Arequipa,building_livestock_ranch,Livestock Ranches,1,MEDIUM,SOUTH_PERU_COMMERCIAL_AGRICULTURE,DOMESTIC_REGIONAL,EXPORT_REGIONAL,COMMERCIAL_AGRICULTURE,Southern Peruvian valleys had commercial wine/brandy and livestock production serving regional markets.,Level 1.,NO,NONE,https://www.britannica.com/place/Peru/Colonial-patterns,,
R9_SOUTH_AMERICA,SC3,Perú,STATE_AREQUIPA,Arequipa,building_trade_center,Trade Center,1,MEDIUM,SOUTH_PERU_COMMERCIAL_AGRICULTURE,DOMESTIC_REGIONAL,EXPORT_REGIONAL,OTHER,Southern Peruvian valleys had commercial wine/brandy and livestock production serving regional markets.,Level 1.,NO,NONE,https://www.britannica.com/place/Peru/Colonial-patterns,,TRADE_CENTER
R9_SOUTH_AMERICA,SC3,Perú,STATE_AREQUIPA,Arequipa,building_vineyard,Vineyards,2,MEDIUM,SOUTH_PERU_COMMERCIAL_AGRICULTURE,DOMESTIC_REGIONAL,EXPORT_REGIONAL,COMMERCIAL_AGRICULTURE,Southern Peruvian valleys had commercial wine/brandy and livestock production serving regional markets.,Level 2.,NO,NONE,https://www.britannica.com/place/Peru/Colonial-patterns,,
R9_SOUTH_AMERICA,SC3,Perú,STATE_CAJAMARCA,Cajamarca,building_livestock_ranch,Livestock Ranches,1,MEDIUM,ANDEAN_REGIONAL_RANCHING,DOMESTIC_REGIONAL,EXPORT_REGIONAL,COMMERCIAL_AGRICULTURE,Livestock production served urban/mining markets across the Andean interior.,Conservative commercial-ranching representation.,NO,NONE,https://www.britannica.com/place/Peru/Colonial-patterns,,
R9_SOUTH_AMERICA,SC3,Perú,STATE_ICA,Ica,building_livestock_ranch,Livestock Ranches,1,MEDIUM,SOUTH_PERU_COMMERCIAL_AGRICULTURE,DOMESTIC_REGIONAL,EXPORT_REGIONAL,COMMERCIAL_AGRICULTURE,Southern Peruvian valleys had commercial wine/brandy and livestock production serving regional markets.,Level 1.,NO,NONE,https://www.britannica.com/place/Peru/Colonial-patterns,,
R9_SOUTH_AMERICA,SC3,Perú,STATE_ICA,Ica,building_trade_center,Trade Center,1,MEDIUM,SOUTH_PERU_COMMERCIAL_AGRICULTURE,DOMESTIC_REGIONAL,EXPORT_REGIONAL,OTHER,Southern Peruvian valleys had commercial wine/brandy and livestock production serving regional markets.,Level 1.,NO,NONE,https://www.britannica.com/place/Peru/Colonial-patterns,,TRADE_CENTER
R9_SOUTH_AMERICA,SC3,Perú,STATE_ICA,Ica,building_vineyard,Vineyards,2,MEDIUM,SOUTH_PERU_COMMERCIAL_AGRICULTURE,DOMESTIC_REGIONAL,EXPORT_REGIONAL,COMMERCIAL_AGRICULTURE,Southern Peruvian valleys had commercial wine/brandy and livestock production serving regional markets.,Level 2.,NO,NONE,https://www.britannica.com/place/Peru/Colonial-patterns,,
R9_SOUTH_AMERICA,SC3,Perú,STATE_LIMA,Lima,building_food_industry,Food Industries,1,MEDIUM,LIMA_CALLAO_VICEREGAL_HUB,DOMESTIC_NATIONAL,NONE,URBAN_MANUFACTORY_CLUSTER,"Lima-Callao was the administrative, commercial and fortified maritime core of the viceroyalty.",Administration/trade 3; port/fortification/roads 2; institutions/manufactures 1.,YES,NONE,https://www.britannica.com/place/Lima/History,https://whc.unesco.org/en/list/420,
R9_SOUTH_AMERICA,SC3,Perú,STATE_LIMA,Lima,building_government_administration,Government Administration,3,HIGH,LIMA_CALLAO_VICEREGAL_HUB,DOMESTIC_NATIONAL,NONE,OTHER,"Lima-Callao was the administrative, commercial and fortified maritime core of the viceroyalty.",Administration/trade 3; port/fortification/roads 2; institutions/manufactures 1.,NO,NONE,https://www.britannica.com/place/Lima/History,https://whc.unesco.org/en/list/420,
R9_SOUTH_AMERICA,SC3,Perú,STATE_LIMA,Lima,building_naval_fortification,Naval Fortification,2,HIGH,LIMA_CALLAO_VICEREGAL_HUB,DOMESTIC_NATIONAL,NONE,ARSENAL,"Lima-Callao was the administrative, commercial and fortified maritime core of the viceroyalty.",Administration/trade 3; port/fortification/roads 2; institutions/manufactures 1.,YES,NONE,https://www.britannica.com/place/Lima/History,https://whc.unesco.org/en/list/420,
R9_SOUTH_AMERICA,SC3,Perú,STATE_LIMA,Lima,building_port,Port,2,HIGH,LIMA_CALLAO_VICEREGAL_HUB,DOMESTIC_NATIONAL,EXPORT_INTERCONTINENTAL,OTHER,"Lima-Callao was the administrative, commercial and fortified maritime core of the viceroyalty.",Administration/trade 3; port/fortification/roads 2; institutions/manufactures 1.,YES,NONE,https://www.britannica.com/place/Lima/History,https://whc.unesco.org/en/list/420,
R9_SOUTH_AMERICA,SC3,Perú,STATE_LIMA,Lima,building_railway,Regional Infrastructure,2,HIGH,LIMA_CALLAO_VICEREGAL_HUB,DOMESTIC_NATIONAL,NONE,OTHER,"Lima-Callao was the administrative, commercial and fortified maritime core of the viceroyalty.",Administration/trade 3; port/fortification/roads 2; institutions/manufactures 1.,NO,NONE,https://www.britannica.com/place/Lima/History,https://whc.unesco.org/en/list/420,ROAD_LEVEL_JUSTIFICATION=2; CANAL_LEVEL_JUSTIFICATION=0; NO_ACTIVE_RAIL_1776; pm_no_rail_network obligatoire
R9_SOUTH_AMERICA,SC3,Perú,STATE_LIMA,Lima,building_textile_mill,Textile Manufacture,1,MEDIUM,LIMA_CALLAO_VICEREGAL_HUB,DOMESTIC_NATIONAL,NONE,PROTO_INDUSTRIAL_DISTRICT,"Lima-Callao was the administrative, commercial and fortified maritime core of the viceroyalty.",Administration/trade 3; port/fortification/roads 2; institutions/manufactures 1.,NO,NONE,https://www.britannica.com/place/Lima/History,https://whc.unesco.org/en/list/420,
R9_SOUTH_AMERICA,SC3,Perú,STATE_LIMA,Lima,building_trade_center,Trade Center,3,HIGH,LIMA_CALLAO_VICEREGAL_HUB,DOMESTIC_NATIONAL,EXPORT_INTERCONTINENTAL,OTHER,"Lima-Callao was the administrative, commercial and fortified maritime core of the viceroyalty.",Administration/trade 3; port/fortification/roads 2; institutions/manufactures 1.,NO,NONE,https://www.britannica.com/place/Lima/History,https://whc.unesco.org/en/list/420,TRADE_CENTER
R9_SOUTH_AMERICA,SC3,Perú,STATE_LIMA,Lima,building_university,University,1,HIGH,LIMA_CALLAO_VICEREGAL_HUB,DOMESTIC_NATIONAL,NONE,OTHER,"Lima-Callao was the administrative, commercial and fortified maritime core of the viceroyalty.",Administration/trade 3; port/fortification/roads 2; institutions/manufactures 1.,YES,NONE,https://www.britannica.com/place/Lima/History,https://whc.unesco.org/en/list/420,
R9_SOUTH_AMERICA,SC3,Perú,STATE_LOS_RIOS,Los Ríos,building_livestock_ranch,Livestock Ranches,1,MEDIUM,SOUTH_CHILE_REGIONAL_ECONOMY,DOMESTIC_REGIONAL,EXPORT_REGIONAL,COMMERCIAL_AGRICULTURE,"Valdivian/southern Chile combined timber, livestock, grain and coastal exchange at modest scale.",Level 1 only.,NO,NONE,https://www.britannica.com/place/Valdivia-Chile,,
R9_SOUTH_AMERICA,SC3,Perú,STATE_LOS_RIOS,Los Ríos,building_logging_camp,Logging Camps,1,MEDIUM,SOUTH_CHILE_REGIONAL_ECONOMY,DOMESTIC_REGIONAL,EXPORT_REGIONAL,COMMERCIAL_EXTRACTION,"Valdivian/southern Chile combined timber, livestock, grain and coastal exchange at modest scale.",Level 1 only.,NO,NONE,https://www.britannica.com/place/Valdivia-Chile,,
R9_SOUTH_AMERICA,SC3,Perú,STATE_LOS_RIOS,Los Ríos,building_port,Port,1,MEDIUM,SOUTH_CHILE_REGIONAL_ECONOMY,DOMESTIC_REGIONAL,EXPORT_REGIONAL,OTHER,"Valdivian/southern Chile combined timber, livestock, grain and coastal exchange at modest scale.",Level 1 only.,YES,NONE,https://www.britannica.com/place/Valdivia-Chile,,
R9_SOUTH_AMERICA,SC3,Perú,STATE_LOS_RIOS,Los Ríos,building_wheat_farm,Wheat Farms,1,MEDIUM,SOUTH_CHILE_REGIONAL_ECONOMY,DOMESTIC_REGIONAL,EXPORT_REGIONAL,COMMERCIAL_AGRICULTURE,"Valdivian/southern Chile combined timber, livestock, grain and coastal exchange at modest scale.",Level 1 only.,NO,NONE,https://www.britannica.com/place/Valdivia-Chile,,
R9_SOUTH_AMERICA,SC3,Perú,STATE_POTOSI,Potosí,building_government_administration,Government Administration,2,HIGH,POTOSI_SILVER_INDUSTRIAL_COMPLEX,DOMESTIC_NATIONAL,NONE,OTHER,"Potosí's enormous silver complex supported administration, trade and engineered transport/water systems; no gold-mine substitution is made.",Level 2; silver extraction itself is intentionally not represented by building_gold_mine.,NO,NONE,https://whc.unesco.org/en/list/420,,SILVER_MINE_NOT_REPRESENTED_BY_CATALOG
R9_SOUTH_AMERICA,SC3,Perú,STATE_POTOSI,Potosí,building_railway,Regional Infrastructure,1,HIGH,POTOSI_SILVER_INDUSTRIAL_COMPLEX,DOMESTIC_NATIONAL,NONE,OTHER,"Potosí's enormous silver complex supported administration, trade and engineered transport/water systems; no gold-mine substitution is made.",Level 1; silver extraction itself is intentionally not represented by building_gold_mine.,NO,NONE,https://whc.unesco.org/en/list/420,,ROAD_LEVEL_JUSTIFICATION=1; CANAL_LEVEL_JUSTIFICATION=0; hydraulic mine works are not mapped as a general canal network; NO_ACTIVE_RAIL_1776; pm_no_rail_network obligatoire
R9_SOUTH_AMERICA,SC3,Perú,STATE_POTOSI,Potosí,building_trade_center,Trade Center,1,HIGH,POTOSI_SILVER_INDUSTRIAL_COMPLEX,DOMESTIC_NATIONAL,EXPORT_INTERCONTINENTAL,OTHER,"Potosí's enormous silver complex supported administration, trade and engineered transport/water systems; no gold-mine substitution is made.",Level 1; silver extraction itself is intentionally not represented by building_gold_mine.,NO,NONE,https://whc.unesco.org/en/list/420,,SILVER_MINE_NOT_REPRESENTED_BY_CATALOG; TRADE_CENTER
R9_SOUTH_AMERICA,SC3,Perú,STATE_SANTA_CRUZ,Santa Cruz,building_livestock_ranch,Livestock Ranches,2,MEDIUM,ANDEAN_REGIONAL_RANCHING,DOMESTIC_REGIONAL,EXPORT_REGIONAL,COMMERCIAL_AGRICULTURE,Livestock production served urban/mining markets across the Andean interior.,Conservative commercial-ranching representation.,NO,NONE,https://www.britannica.com/place/Peru/Colonial-patterns,,
R9_SOUTH_AMERICA,SC3,Perú,STATE_SANTIAGO,Santiago,building_government_administration,Government Administration,1,HIGH,CENTRAL_CHILE_EXPORT_AGRICULTURE,DOMESTIC_NATIONAL,NONE,OTHER,"Central Chile supplied wheat, wine and livestock to domestic and Peruvian markets; Santiago/Valparaíso formed its administrative-commercial core.",Level 1.,NO,NONE,https://www.britannica.com/place/Chile/The-colonial-period,,
R9_SOUTH_AMERICA,SC3,Perú,STATE_SANTIAGO,Santiago,building_livestock_ranch,Livestock Ranches,2,HIGH,CENTRAL_CHILE_EXPORT_AGRICULTURE,DOMESTIC_NATIONAL,EXPORT_REGIONAL,COMMERCIAL_AGRICULTURE,"Central Chile supplied wheat, wine and livestock to domestic and Peruvian markets; Santiago/Valparaíso formed its administrative-commercial core.",Level 2.,NO,NONE,https://www.britannica.com/place/Chile/The-colonial-period,,
R9_SOUTH_AMERICA,SC3,Perú,STATE_SANTIAGO,Santiago,building_port,Port,1,MEDIUM,CENTRAL_CHILE_EXPORT_AGRICULTURE,DOMESTIC_NATIONAL,EXPORT_REGIONAL,OTHER,"Central Chile supplied wheat, wine and livestock to domestic and Peruvian markets; Santiago/Valparaíso formed its administrative-commercial core.",Level 1.,YES,NONE,https://www.britannica.com/place/Chile/The-colonial-period,,
R9_SOUTH_AMERICA,SC3,Perú,STATE_SANTIAGO,Santiago,building_railway,Regional Infrastructure,1,MEDIUM,CENTRAL_CHILE_EXPORT_AGRICULTURE,DOMESTIC_NATIONAL,NONE,OTHER,"Central Chile supplied wheat, wine and livestock to domestic and Peruvian markets; Santiago/Valparaíso formed its administrative-commercial core.",Level 1.,NO,NONE,https://www.britannica.com/place/Chile/The-colonial-period,,ROAD_LEVEL_JUSTIFICATION=1; CANAL_LEVEL_JUSTIFICATION=0; NO_ACTIVE_RAIL_1776; pm_no_rail_network obligatoire
R9_SOUTH_AMERICA,SC3,Perú,STATE_SANTIAGO,Santiago,building_trade_center,Trade Center,1,MEDIUM,CENTRAL_CHILE_EXPORT_AGRICULTURE,DOMESTIC_NATIONAL,EXPORT_REGIONAL,OTHER,"Central Chile supplied wheat, wine and livestock to domestic and Peruvian markets; Santiago/Valparaíso formed its administrative-commercial core.",Level 1.,NO,NONE,https://www.britannica.com/place/Chile/The-colonial-period,,TRADE_CENTER
R9_SOUTH_AMERICA,SC3,Perú,STATE_SANTIAGO,Santiago,building_vineyard,Vineyards,2,MEDIUM,CENTRAL_CHILE_EXPORT_AGRICULTURE,DOMESTIC_NATIONAL,EXPORT_REGIONAL,COMMERCIAL_AGRICULTURE,"Central Chile supplied wheat, wine and livestock to domestic and Peruvian markets; Santiago/Valparaíso formed its administrative-commercial core.",Level 2.,NO,NONE,https://www.britannica.com/place/Chile/The-colonial-period,,
R9_SOUTH_AMERICA,SC3,Perú,STATE_SANTIAGO,Santiago,building_wheat_farm,Wheat Farms,3,HIGH,CENTRAL_CHILE_EXPORT_AGRICULTURE,DOMESTIC_NATIONAL,EXPORT_REGIONAL,COMMERCIAL_AGRICULTURE,"Central Chile supplied wheat, wine and livestock to domestic and Peruvian markets; Santiago/Valparaíso formed its administrative-commercial core.",Level 3.,NO,NONE,https://www.britannica.com/place/Chile/The-colonial-period,,
R9_SOUTH_AMERICA,SC4,Río de la Plata,STATE_BAJO_PARAGUAY,Bajo Paraguay,building_livestock_ranch,Livestock Ranches,2,MEDIUM,RIO_PLATA_INTERNAL_RANCHING,DOMESTIC_REGIONAL,EXPORT_REGIONAL,COMMERCIAL_AGRICULTURE,"Cattle, mules and hides formed an organized regional market linked to Buenos Aires and Upper Peru.",Level 2.,NO,NONE,https://www.cambridge.org/core/books/abs/rise-of-capitalism-on-the-pampas/prices-and-marketing/B988B53963EB5B7884364138F62E7859,,
R9_SOUTH_AMERICA,SC4,Río de la Plata,STATE_BAJO_PARAGUAY,Bajo Paraguay,building_tobacco_plantation,Tobacco Plantations,1,MEDIUM,PARAGUAY_TOBACCO_EXPORT,DOMESTIC_REGIONAL,EXPORT_REGIONAL,PLANTATION_SYSTEM,Tobacco was among Paraguay's significant colonial market crops alongside yerba mate (not represented by the catalog).,Level 1 only.,NO,NONE,https://www.britannica.com/place/Paraguay/History,,
R9_SOUTH_AMERICA,SC4,Río de la Plata,STATE_BUENOS_AIRES,Buenos Aires,building_government_administration,Government Administration,1,MEDIUM,BUENOS_AIRES_HIDE_EXPORT_ECONOMY,DOMESTIC_REGIONAL,NONE,OTHER,Buenos Aires exported very large quantities of hides in the decade 1767–1776 and functioned as a growing Atlantic port.,"Ranching level 3, port/trade 2.",NO,NONE,https://www.cambridge.org/core/books/abs/rise-of-capitalism-on-the-pampas/prices-and-marketing/B988B53963EB5B7884364138F62E7859,,
R9_SOUTH_AMERICA,SC4,Río de la Plata,STATE_BUENOS_AIRES,Buenos Aires,building_livestock_ranch,Livestock Ranches,3,HIGH,BUENOS_AIRES_HIDE_EXPORT_ECONOMY,DOMESTIC_REGIONAL,EXPORT_INTERCONTINENTAL,COMMERCIAL_AGRICULTURE,Buenos Aires exported very large quantities of hides in the decade 1767–1776 and functioned as a growing Atlantic port.,"Ranching level 3, port/trade 2.",NO,NONE,https://www.cambridge.org/core/books/abs/rise-of-capitalism-on-the-pampas/prices-and-marketing/B988B53963EB5B7884364138F62E7859,,
R9_SOUTH_AMERICA,SC4,Río de la Plata,STATE_BUENOS_AIRES,Buenos Aires,building_port,Port,2,HIGH,BUENOS_AIRES_HIDE_EXPORT_ECONOMY,DOMESTIC_REGIONAL,EXPORT_INTERCONTINENTAL,OTHER,Buenos Aires exported very large quantities of hides in the decade 1767–1776 and functioned as a growing Atlantic port.,"Ranching level 3, port/trade 2.",YES,NONE,https://www.cambridge.org/core/books/abs/rise-of-capitalism-on-the-pampas/prices-and-marketing/B988B53963EB5B7884364138F62E7859,,
R9_SOUTH_AMERICA,SC4,Río de la Plata,STATE_BUENOS_AIRES,Buenos Aires,building_railway,Regional Infrastructure,1,MEDIUM,BUENOS_AIRES_HIDE_EXPORT_ECONOMY,DOMESTIC_REGIONAL,NONE,OTHER,Buenos Aires exported very large quantities of hides in the decade 1767–1776 and functioned as a growing Atlantic port.,"Ranching level 3, port/trade 2.",NO,NONE,https://www.cambridge.org/core/books/abs/rise-of-capitalism-on-the-pampas/prices-and-marketing/B988B53963EB5B7884364138F62E7859,,ROAD_LEVEL_JUSTIFICATION=1; CANAL_LEVEL_JUSTIFICATION=0; NO_ACTIVE_RAIL_1776; pm_no_rail_network obligatoire
R9_SOUTH_AMERICA,SC4,Río de la Plata,STATE_BUENOS_AIRES,Buenos Aires,building_trade_center,Trade Center,2,HIGH,BUENOS_AIRES_HIDE_EXPORT_ECONOMY,DOMESTIC_REGIONAL,EXPORT_INTERCONTINENTAL,OTHER,Buenos Aires exported very large quantities of hides in the decade 1767–1776 and functioned as a growing Atlantic port.,"Ranching level 3, port/trade 2.",NO,NONE,https://www.cambridge.org/core/books/abs/rise-of-capitalism-on-the-pampas/prices-and-marketing/B988B53963EB5B7884364138F62E7859,,TRADE_CENTER
R9_SOUTH_AMERICA,SC4,Río de la Plata,STATE_CORRIENTES,Corrientes,building_livestock_ranch,Livestock Ranches,2,MEDIUM,RIO_PLATA_INTERNAL_RANCHING,DOMESTIC_REGIONAL,EXPORT_REGIONAL,COMMERCIAL_AGRICULTURE,"Cattle, mules and hides formed an organized regional market linked to Buenos Aires and Upper Peru.",Level 2.,NO,NONE,https://www.cambridge.org/core/books/abs/rise-of-capitalism-on-the-pampas/prices-and-marketing/B988B53963EB5B7884364138F62E7859,,
R9_SOUTH_AMERICA,SC4,Río de la Plata,STATE_JUJUY,Jujuy,building_railway,Regional Infrastructure,1,MEDIUM,COLONIAL_ROAD_CORRIDOR,DOMESTIC_REGIONAL,NONE,OTHER,"These provinces lay on established overland trade routes between Buenos Aires, Córdoba/Tucumán and Upper Peru.",Level 1 road network only.,NO,NONE,https://www.britannica.com/place/Argentina/Colonial-history,,ROAD_LEVEL_JUSTIFICATION=1; CANAL_LEVEL_JUSTIFICATION=0; NO_ACTIVE_RAIL_1776; pm_no_rail_network obligatoire
R9_SOUTH_AMERICA,SC4,Río de la Plata,STATE_LA_PAMPA,Córdoba,building_livestock_ranch,Livestock Ranches,2,MEDIUM,RIO_PLATA_INTERNAL_RANCHING,DOMESTIC_REGIONAL,EXPORT_REGIONAL,COMMERCIAL_AGRICULTURE,"Cattle, mules and hides formed an organized regional market linked to Buenos Aires and Upper Peru.",Level 2.,NO,NONE,https://www.cambridge.org/core/books/abs/rise-of-capitalism-on-the-pampas/prices-and-marketing/B988B53963EB5B7884364138F62E7859,,
R9_SOUTH_AMERICA,SC4,Río de la Plata,STATE_LA_PAMPA,Córdoba,building_railway,Regional Infrastructure,1,MEDIUM,COLONIAL_ROAD_CORRIDOR,DOMESTIC_REGIONAL,NONE,OTHER,"These provinces lay on established overland trade routes between Buenos Aires, Córdoba/Tucumán and Upper Peru.",Level 1 road network only.,NO,NONE,https://www.britannica.com/place/Argentina/Colonial-history,,ROAD_LEVEL_JUSTIFICATION=1; CANAL_LEVEL_JUSTIFICATION=0; NO_ACTIVE_RAIL_1776; pm_no_rail_network obligatoire
R9_SOUTH_AMERICA,SC4,Río de la Plata,STATE_LA_PAMPA,Córdoba,building_textile_mill,Textile Manufacture,1,MEDIUM,INTERIOR_PROTO_INDUSTRY,DOMESTIC_REGIONAL,EXPORT_REGIONAL,PUTTING_OUT_NETWORK,Interior households/workshops produced textiles for regional markets and transport corridors.,Level 1 only.,NO,NONE,https://www.britannica.com/place/Argentina/Colonial-history,,
R9_SOUTH_AMERICA,SC4,Río de la Plata,STATE_RIO_NEGRO,Mendoza,building_livestock_ranch,Livestock Ranches,1,MEDIUM,CUYO_WINE_AND_RANCHING,DOMESTIC_REGIONAL,EXPORT_REGIONAL,COMMERCIAL_AGRICULTURE,Mendoza/Cuyo possessed an established wine economy tied to livestock and trans-Andean trade.,Level 1.,NO,NONE,https://www.britannica.com/place/Mendoza-Argentina,,
R9_SOUTH_AMERICA,SC4,Río de la Plata,STATE_RIO_NEGRO,Mendoza,building_railway,Regional Infrastructure,1,MEDIUM,CUYO_WINE_AND_RANCHING,DOMESTIC_REGIONAL,EXPORT_REGIONAL,OTHER,Mendoza/Cuyo possessed an established wine economy tied to livestock and trans-Andean trade.,Level 1.,NO,NONE,https://www.britannica.com/place/Mendoza-Argentina,,ROAD_LEVEL_JUSTIFICATION=1; CANAL_LEVEL_JUSTIFICATION=0; NO_ACTIVE_RAIL_1776; pm_no_rail_network obligatoire
R9_SOUTH_AMERICA,SC4,Río de la Plata,STATE_RIO_NEGRO,Mendoza,building_vineyard,Vineyards,2,MEDIUM,CUYO_WINE_AND_RANCHING,DOMESTIC_REGIONAL,EXPORT_REGIONAL,COMMERCIAL_AGRICULTURE,Mendoza/Cuyo possessed an established wine economy tied to livestock and trans-Andean trade.,Level 2.,NO,NONE,https://www.britannica.com/place/Mendoza-Argentina,,
R9_SOUTH_AMERICA,SC4,Río de la Plata,STATE_SANTA_FE,Santa Fe,building_livestock_ranch,Livestock Ranches,2,MEDIUM,RIO_PLATA_INTERNAL_RANCHING,DOMESTIC_REGIONAL,EXPORT_REGIONAL,COMMERCIAL_AGRICULTURE,"Cattle, mules and hides formed an organized regional market linked to Buenos Aires and Upper Peru.",Level 2.,NO,NONE,https://www.cambridge.org/core/books/abs/rise-of-capitalism-on-the-pampas/prices-and-marketing/B988B53963EB5B7884364138F62E7859,,
R9_SOUTH_AMERICA,SC4,Río de la Plata,STATE_TUCUMAN,Tucumán,building_livestock_ranch,Livestock Ranches,2,MEDIUM,RIO_PLATA_INTERNAL_RANCHING,DOMESTIC_REGIONAL,EXPORT_REGIONAL,COMMERCIAL_AGRICULTURE,"Cattle, mules and hides formed an organized regional market linked to Buenos Aires and Upper Peru.",Level 2.,NO,NONE,https://www.cambridge.org/core/books/abs/rise-of-capitalism-on-the-pampas/prices-and-marketing/B988B53963EB5B7884364138F62E7859,,
R9_SOUTH_AMERICA,SC4,Río de la Plata,STATE_TUCUMAN,Tucumán,building_railway,Regional Infrastructure,1,MEDIUM,COLONIAL_ROAD_CORRIDOR,DOMESTIC_REGIONAL,NONE,OTHER,"These provinces lay on established overland trade routes between Buenos Aires, Córdoba/Tucumán and Upper Peru.",Level 1 road network only.,NO,NONE,https://www.britannica.com/place/Argentina/Colonial-history,,ROAD_LEVEL_JUSTIFICATION=1; CANAL_LEVEL_JUSTIFICATION=0; NO_ACTIVE_RAIL_1776; pm_no_rail_network obligatoire
R9_SOUTH_AMERICA,SC4,Río de la Plata,STATE_TUCUMAN,Tucumán,building_textile_mill,Textile Manufacture,1,MEDIUM,INTERIOR_PROTO_INDUSTRY,DOMESTIC_REGIONAL,EXPORT_REGIONAL,PUTTING_OUT_NETWORK,Interior households/workshops produced textiles for regional markets and transport corridors.,Level 1 only.,NO,NONE,https://www.britannica.com/place/Argentina/Colonial-history,,
R9_SOUTH_AMERICA,SC4,Río de la Plata,STATE_URUGUAY,Uruguay,building_barrack,Barracks,1,MEDIUM,MONTEVIDEO_PASTORAL_PORT,DOMESTIC_REGIONAL,MILITARY_STATE_DEMAND,ARSENAL,Montevideo combined a military port with the hide/cattle economy of the Banda Oriental.,Level 1.,YES,NONE,https://www.cambridge.org/core/books/abs/rise-of-capitalism-on-the-pampas/prices-and-marketing/B988B53963EB5B7884364138F62E7859,https://www.britannica.com/place/Montevideo,
R9_SOUTH_AMERICA,SC4,Río de la Plata,STATE_URUGUAY,Uruguay,building_livestock_ranch,Livestock Ranches,3,MEDIUM,MONTEVIDEO_PASTORAL_PORT,DOMESTIC_REGIONAL,EXPORT_INTERCONTINENTAL,COMMERCIAL_AGRICULTURE,Montevideo combined a military port with the hide/cattle economy of the Banda Oriental.,Level 3.,NO,NONE,https://www.cambridge.org/core/books/abs/rise-of-capitalism-on-the-pampas/prices-and-marketing/B988B53963EB5B7884364138F62E7859,https://www.britannica.com/place/Montevideo,
R9_SOUTH_AMERICA,SC4,Río de la Plata,STATE_URUGUAY,Uruguay,building_naval_fortification,Naval Fortification,1,MEDIUM,MONTEVIDEO_PASTORAL_PORT,DOMESTIC_REGIONAL,MILITARY_STATE_DEMAND,ARSENAL,Montevideo combined a military port with the hide/cattle economy of the Banda Oriental.,Level 1.,YES,NONE,https://www.cambridge.org/core/books/abs/rise-of-capitalism-on-the-pampas/prices-and-marketing/B988B53963EB5B7884364138F62E7859,https://www.britannica.com/place/Montevideo,
R9_SOUTH_AMERICA,SC4,Río de la Plata,STATE_URUGUAY,Uruguay,building_port,Port,1,MEDIUM,MONTEVIDEO_PASTORAL_PORT,DOMESTIC_REGIONAL,EXPORT_INTERCONTINENTAL,OTHER,Montevideo combined a military port with the hide/cattle economy of the Banda Oriental.,Level 1.,YES,NONE,https://www.cambridge.org/core/books/abs/rise-of-capitalism-on-the-pampas/prices-and-marketing/B988B53963EB5B7884364138F62E7859,https://www.britannica.com/place/Montevideo,
R9_SOUTH_AMERICA,SC4,Río de la Plata,STATE_URUGUAY,Uruguay,building_trade_center,Trade Center,1,MEDIUM,MONTEVIDEO_PASTORAL_PORT,DOMESTIC_REGIONAL,EXPORT_INTERCONTINENTAL,OTHER,Montevideo combined a military port with the hide/cattle economy of the Banda Oriental.,Level 1.,NO,NONE,https://www.cambridge.org/core/books/abs/rise-of-capitalism-on-the-pampas/prices-and-marketing/B988B53963EB5B7884364138F62E7859,https://www.britannica.com/place/Montevideo,TRADE_CENTER
