state_id,state_region_file,preliminary_potential,final_potential,final_tier,implementation_action,revalidation_result,confidence,geological_basis,source_category,source_url,change_reason
STATE_SVEALAND,map_data/state_regions/00_west_europe.txt,0,0,NONE,KEEP_ZERO,CONFIRMED_ZERO_GLOBAL_SCREEN,LOW,Aucun gisement économiquement exploitable identifié au seuil de cet audit mondial préliminaire.,GLOBAL_SCREEN,https://pubs.usgs.gov/periodicals/mcs2026/mcs2026-phosphate.pdf,Aucun district de phosphate de roche à l'échelle du jeu retenu par le criblage mondial.
STATE_GOTALAND,map_data/state_regions/00_west_europe.txt,0,0,NONE,KEEP_ZERO,CONFIRMED_ZERO_GLOBAL_SCREEN,LOW,Aucun gisement économiquement exploitable identifié au seuil de cet audit mondial préliminaire.,GLOBAL_SCREEN,https://pubs.usgs.gov/periodicals/mcs2026/mcs2026-phosphate.pdf,Aucun district de phosphate de roche à l'échelle du jeu retenu par le criblage mondial.
STATE_SCANIA,map_data/state_regions/00_west_europe.txt,0,0,NONE,KEEP_ZERO,CONFIRMED_ZERO_GLOBAL_SCREEN,LOW,Aucun gisement économiquement exploitable identifié au seuil de cet audit mondial préliminaire.,GLOBAL_SCREEN,https://pubs.usgs.gov/periodicals/mcs2026/mcs2026-phosphate.pdf,Aucun district de phosphate de roche à l'échelle du jeu retenu par le criblage mondial.
STATE_NORRLAND,map_data/state_regions/00_west_europe.txt,0,0,NONE,KEEP_ZERO,CONFIRMED_ZERO_GLOBAL_SCREEN,LOW,Aucun gisement économiquement exploitable identifié au seuil de cet audit mondial préliminaire.,GLOBAL_SCREEN,https://pubs.usgs.gov/periodicals/mcs2026/mcs2026-phosphate.pdf,Aucun district de phosphate de roche à l'échelle du jeu retenu par le criblage mondial.
STATE_GOTLAND,map_data/state_regions/00_west_europe.txt,0,0,NONE,KEEP_ZERO,CONFIRMED_ZERO_GLOBAL_SCREEN,LOW,Aucun gisement économiquement exploitable identifié au seuil de cet audit mondial préliminaire.,GLOBAL_SCREEN,https://pubs.usgs.gov/periodicals/mcs2026/mcs2026-phosphate.pdf,Aucun district de phosphate de roche à l'échelle du jeu retenu par le criblage mondial.
STATE_JUTLAND,map_data/state_regions/00_west_europe.txt,0,0,NONE,KEEP_ZERO,CONFIRMED_ZERO_GLOBAL_SCREEN,LOW,Aucun gisement économiquement exploitable identifié au seuil de cet audit mondial préliminaire.,GLOBAL_SCREEN,https://pubs.usgs.gov/periodicals/mcs2026/mcs2026-phosphate.pdf,Aucun district de phosphate de roche à l'échelle du jeu retenu par le criblage mondial.
STATE_ZEALAND,map_data/state_regions/00_west_europe.txt,0,0,NONE,KEEP_ZERO,CONFIRMED_ZERO_GLOBAL_SCREEN,LOW,Aucun gisement économiquement exploitable identifié au seuil de cet audit mondial préliminaire.,GLOBAL_SCREEN,https://pubs.usgs.gov/periodicals/mcs2026/mcs2026-phosphate.pdf,Aucun district de phosphate de roche à l'échelle du jeu retenu par le criblage mondial.
STATE_WESTERN_NORWAY,map_data/state_regions/00_west_europe.txt,0,0,NONE,KEEP_ZERO,CONFIRMED_ZERO_GLOBAL_SCREEN,LOW,Aucun gisement économiquement exploitable identifié au seuil de cet audit mondial préliminaire.,GLOBAL_SCREEN,https://pubs.usgs.gov/periodicals/mcs2026/mcs2026-phosphate.pdf,Aucun district de phosphate de roche à l'échelle du jeu retenu par le criblage mondial.
STATE_NORTHERN_NORWAY,map_data/state_regions/00_west_europe.txt,0,0,NONE,KEEP_ZERO,CONFIRMED_ZERO_GLOBAL_SCREEN,LOW,Aucun gisement économiquement exploitable identifié au seuil de cet audit mondial préliminaire.,GLOBAL_SCREEN,https://pubs.usgs.gov/periodicals/mcs2026/mcs2026-phosphate.pdf,Aucun district de phosphate de roche à l'échelle du jeu retenu par le criblage mondial.
STATE_EASTERN_NORWAY,map_data/state_regions/00_west_europe.txt,0,0,NONE,KEEP_ZERO,CONFIRMED_ZERO_GLOBAL_SCREEN,LOW,Aucun gisement économiquement exploitable identifié au seuil de cet audit mondial préliminaire.,GLOBAL_SCREEN,https://pubs.usgs.gov/periodicals/mcs2026/mcs2026-phosphate.pdf,Aucun district de phosphate de roche à l'échelle du jeu retenu par le criblage mondial.
STATE_ICELAND,map_data/state_regions/00_west_europe.txt,0,0,NONE,KEEP_ZERO,CONFIRMED_ZERO_GLOBAL_SCREEN,LOW,Aucun gisement économiquement exploitable identifié au seuil de cet audit mondial préliminaire.,GLOBAL_SCREEN,https://pubs.usgs.gov/periodicals/mcs2026/mcs2026-phosphate.pdf,Aucun district de phosphate de roche à l'échelle du jeu retenu par le criblage mondial.
STATE_GREENLAND,map_data/state_regions/00_west_europe.txt,0,0,NONE,KEEP_ZERO,CONFIRMED_ZERO_GLOBAL_SCREEN,LOW,Aucun gisement économiquement exploitable identifié au seuil de cet audit mondial préliminaire.,GLOBAL_SCREEN,https://pubs.usgs.gov/periodicals/mcs2026/mcs2026-phosphate.pdf,Aucun district de phosphate de roche à l'échelle du jeu retenu par le criblage mondial.
STATE_HOME_COUNTIES,map_data/state_regions/00_west_europe.txt,0,0,NONE,KEEP_ZERO,CONFIRMED_ZERO_GLOBAL_SCREEN,LOW,Aucun gisement économiquement exploitable identifié au seuil de cet audit mondial préliminaire.,GLOBAL_SCREEN,https://pubs.usgs.gov/periodicals/mcs2026/mcs2026-phosphate.pdf,Aucun district de phosphate de roche à l'échelle du jeu retenu par le criblage mondial.
STATE_LANCASHIRE,map_data/state_regions/00_west_europe.txt,0,0,NONE,KEEP_ZERO,CONFIRMED_ZERO_GLOBAL_SCREEN,LOW,Aucun gisement économiquement exploitable identifié au seuil de cet audit mondial préliminaire.,GLOBAL_SCREEN,https://pubs.usgs.gov/periodicals/mcs2026/mcs2026-phosphate.pdf,Aucun district de phosphate de roche à l'échelle du jeu retenu par le criblage mondial.
STATE_WALES,map_data/state_regions/00_west_europe.txt,0,0,NONE,KEEP_ZERO,CONFIRMED_ZERO_GLOBAL_SCREEN,LOW,Aucun gisement économiquement exploitable identifié au seuil de cet audit mondial préliminaire.,GLOBAL_SCREEN,https://pubs.usgs.gov/periodicals/mcs2026/mcs2026-phosphate.pdf,Aucun district de phosphate de roche à l'échelle du jeu retenu par le criblage mondial.
STATE_YORKSHIRE,map_data/state_regions/00_west_europe.txt,0,0,NONE,KEEP_ZERO,CONFIRMED_ZERO_GLOBAL_SCREEN,LOW,Aucun gisement économiquement exploitable identifié au seuil de cet audit mondial préliminaire.,GLOBAL_SCREEN,https://pubs.usgs.gov/periodicals/mcs2026/mcs2026-phosphate.pdf,Aucun district de phosphate de roche à l'échelle du jeu retenu par le criblage mondial.
STATE_HIGHLANDS,map_data/state_regions/00_west_europe.txt,0,0,NONE,KEEP_ZERO,CONFIRMED_ZERO_GLOBAL_SCREEN,LOW,Aucun gisement économiquement exploitable identifié au seuil de cet audit mondial préliminaire.,GLOBAL_SCREEN,https://pubs.usgs.gov/periodicals/mcs2026/mcs2026-phosphate.pdf,Aucun district de phosphate de roche à l'échelle du jeu retenu par le criblage mondial.
STATE_MIDLANDS,map_data/state_regions/00_west_europe.txt,0,0,NONE,KEEP_ZERO,CONFIRMED_ZERO_GLOBAL_SCREEN,LOW,Aucun gisement économiquement exploitable identifié au seuil de cet audit mondial préliminaire.,GLOBAL_SCREEN,https://pubs.usgs.gov/periodicals/mcs2026/mcs2026-phosphate.pdf,Aucun district de phosphate de roche à l'échelle du jeu retenu par le criblage mondial.
STATE_EAST_ANGLIA,map_data/state_regions/00_west_europe.txt,0,0,NONE,KEEP_ZERO,CONFIRMED_ZERO_GLOBAL_SCREEN,LOW,Aucun gisement économiquement exploitable identifié au seuil de cet audit mondial préliminaire.,GLOBAL_SCREEN,https://pubs.usgs.gov/periodicals/mcs2026/mcs2026-phosphate.pdf,Aucun district de phosphate de roche à l'échelle du jeu retenu par le criblage mondial.
STATE_WEST_COUNTRY,map_data/state_regions/00_west_europe.txt,0,0,NONE,KEEP_ZERO,CONFIRMED_ZERO_GLOBAL_SCREEN,LOW,Aucun gisement économiquement exploitable identifié au seuil de cet audit mondial préliminaire.,GLOBAL_SCREEN,https://pubs.usgs.gov/periodicals/mcs2026/mcs2026-phosphate.pdf,Aucun district de phosphate de roche à l'échelle du jeu retenu par le criblage mondial.
STATE_LOWLANDS,map_data/state_regions/00_west_europe.txt,0,0,NONE,KEEP_ZERO,CONFIRMED_ZERO_GLOBAL_SCREEN,LOW,Aucun gisement économiquement exploitable identifié au seuil de cet audit mondial préliminaire.,GLOBAL_SCREEN,https://pubs.usgs.gov/periodicals/mcs2026/mcs2026-phosphate.pdf,Aucun district de phosphate de roche à l'échelle du jeu retenu par le criblage mondial.
STATE_ULSTER,map_data/state_regions/00_west_europe.txt,0,0,NONE,KEEP_ZERO,CONFIRMED_ZERO_GLOBAL_SCREEN,LOW,Aucun gisement économiquement exploitable identifié au seuil de cet audit mondial préliminaire.,GLOBAL_SCREEN,https://pubs.usgs.gov/periodicals/mcs2026/mcs2026-phosphate.pdf,Aucun district de phosphate de roche à l'échelle du jeu retenu par le criblage mondial.
STATE_MUNSTER,map_data/state_regions/00_west_europe.txt,0,0,NONE,KEEP_ZERO,CONFIRMED_ZERO_GLOBAL_SCREEN,LOW,Aucun gisement économiquement exploitable identifié au seuil de cet audit mondial préliminaire.,GLOBAL_SCREEN,https://pubs.usgs.gov/periodicals/mcs2026/mcs2026-phosphate.pdf,Aucun district de phosphate de roche à l'échelle du jeu retenu par le criblage mondial.
STATE_LEINSTER,map_data/state_regions/00_west_europe.txt,0,0,NONE,KEEP_ZERO,CONFIRMED_ZERO_GLOBAL_SCREEN,LOW,Aucun gisement économiquement exploitable identifié au seuil de cet audit mondial préliminaire.,GLOBAL_SCREEN,https://pubs.usgs.gov/periodicals/mcs2026/mcs2026-phosphate.pdf,Aucun district de phosphate de roche à l'échelle du jeu retenu par le criblage mondial.
STATE_CONNAUGHT,map_data/state_regions/00_west_europe.txt,0,0,NONE,KEEP_ZERO,CONFIRMED_ZERO_GLOBAL_SCREEN,LOW,Aucun gisement économiquement exploitable identifié au seuil de cet audit mondial préliminaire.,GLOBAL_SCREEN,https://pubs.usgs.gov/periodicals/mcs2026/mcs2026-phosphate.pdf,Aucun district de phosphate de roche à l'échelle du jeu retenu par le criblage mondial.
STATE_ILE_DE_FRANCE,map_data/state_regions/00_west_europe.txt,0,0,NONE,KEEP_ZERO,CONFIRMED_ZERO_GLOBAL_SCREEN,LOW,Aucun gisement économiquement exploitable identifié au seuil de cet audit mondial préliminaire.,GLOBAL_SCREEN,https://pubs.usgs.gov/periodicals/mcs2026/mcs2026-phosphate.pdf,Aucun district de phosphate de roche à l'échelle du jeu retenu par le criblage mondial.
STATE_PROVENCE,map_data/state_regions/00_west_europe.txt,0,0,NONE,KEEP_ZERO,CONFIRMED_ZERO_GLOBAL_SCREEN,LOW,Aucun gisement économiquement exploitable identifié au seuil de cet audit mondial préliminaire.,GLOBAL_SCREEN,https://pubs.usgs.gov/periodicals/mcs2026/mcs2026-phosphate.pdf,Aucun district de phosphate de roche à l'échelle du jeu retenu par le criblage mondial.
STATE_NORMANDY,map_data/state_regions/00_west_europe.txt,0,0,NONE,KEEP_ZERO,CONFIRMED_ZERO_GLOBAL_SCREEN,LOW,Aucun gisement économiquement exploitable identifié au seuil de cet audit mondial préliminaire.,GLOBAL_SCREEN,https://pubs.usgs.gov/periodicals/mcs2026/mcs2026-phosphate.pdf,Aucun district de phosphate de roche à l'échelle du jeu retenu par le criblage mondial.
STATE_LANGUEDOC,map_data/state_regions/00_west_europe.txt,0,0,NONE,KEEP_ZERO,CONFIRMED_ZERO_GLOBAL_SCREEN,LOW,Aucun gisement économiquement exploitable identifié au seuil de cet audit mondial préliminaire.,GLOBAL_SCREEN,https://pubs.usgs.gov/periodicals/mcs2026/mcs2026-phosphate.pdf,Aucun district de phosphate de roche à l'échelle du jeu retenu par le criblage mondial.
STATE_RHONE,map_data/state_regions/00_west_europe.txt,0,0,NONE,KEEP_ZERO,CONFIRMED_ZERO_GLOBAL_SCREEN,LOW,Aucun gisement économiquement exploitable identifié au seuil de cet audit mondial préliminaire.,GLOBAL_SCREEN,https://pubs.usgs.gov/periodicals/mcs2026/mcs2026-phosphate.pdf,Aucun district de phosphate de roche à l'échelle du jeu retenu par le criblage mondial.
STATE_FRENCH_LOW_COUNTRIES,map_data/state_regions/00_west_europe.txt,0,0,NONE,KEEP_ZERO,CONFIRMED_ZERO_GLOBAL_SCREEN,LOW,Aucun gisement économiquement exploitable identifié au seuil de cet audit mondial préliminaire.,GLOBAL_SCREEN,https://pubs.usgs.gov/periodicals/mcs2026/mcs2026-phosphate.pdf,Aucun district de phosphate de roche à l'échelle du jeu retenu par le criblage mondial.
STATE_PICARDY,map_data/state_regions/00_west_europe.txt,0,0,NONE,KEEP_ZERO,CONFIRMED_ZERO_GLOBAL_SCREEN,LOW,Aucun gisement économiquement exploitable identifié au seuil de cet audit mondial préliminaire.,GLOBAL_SCREEN,https://pubs.usgs.gov/periodicals/mcs2026/mcs2026-phosphate.pdf,Aucun district de phosphate de roche à l'échelle du jeu retenu par le criblage mondial.
STATE_ALSACE_LORRAINE,map_data/state_regions/00_west_europe.txt,0,0,NONE,KEEP_ZERO,CONFIRMED_ZERO_GLOBAL_SCREEN,LOW,Aucun gisement économiquement exploitable identifié au seuil de cet audit mondial préliminaire.,GLOBAL_SCREEN,https://pubs.usgs.gov/periodicals/mcs2026/mcs2026-phosphate.pdf,Aucun district de phosphate de roche à l'échelle du jeu retenu par le criblage mondial.
STATE_POITOU,map_data/state_regions/00_west_europe.txt,0,0,NONE,KEEP_ZERO,CONFIRMED_ZERO_GLOBAL_SCREEN,LOW,Aucun gisement économiquement exploitable identifié au seuil de cet audit mondial préliminaire.,GLOBAL_SCREEN,https://pubs.usgs.gov/periodicals/mcs2026/mcs2026-phosphate.pdf,Aucun district de phosphate de roche à l'échelle du jeu retenu par le criblage mondial.
STATE_GUYENNE,map_data/state_regions/00_west_europe.txt,0,0,NONE,KEEP_ZERO,CONFIRMED_ZERO_GLOBAL_SCREEN,LOW,Aucun gisement économiquement exploitable identifié au seuil de cet audit mondial préliminaire.,GLOBAL_SCREEN,https://pubs.usgs.gov/periodicals/mcs2026/mcs2026-phosphate.pdf,Aucun district de phosphate de roche à l'échelle du jeu retenu par le criblage mondial.
STATE_AUVERGNE_LIMOUSIN,map_data/state_regions/00_west_europe.txt,0,0,NONE,KEEP_ZERO,CONFIRMED_ZERO_GLOBAL_SCREEN,LOW,Aucun gisement économiquement exploitable identifié au seuil de cet audit mondial préliminaire.,GLOBAL_SCREEN,https://pubs.usgs.gov/periodicals/mcs2026/mcs2026-phosphate.pdf,Aucun district de phosphate de roche à l'échelle du jeu retenu par le criblage mondial.
STATE_BRITTANY,map_data/state_regions/00_west_europe.txt,0,0,NONE,KEEP_ZERO,CONFIRMED_ZERO_GLOBAL_SCREEN,LOW,Aucun gisement économiquement exploitable identifié au seuil de cet audit mondial préliminaire.,GLOBAL_SCREEN,https://pubs.usgs.gov/periodicals/mcs2026/mcs2026-phosphate.pdf,Aucun district de phosphate de roche à l'échelle du jeu retenu par le criblage mondial.
STATE_BURGUNDY,map_data/state_regions/00_west_europe.txt,0,0,NONE,KEEP_ZERO,CONFIRMED_ZERO_GLOBAL_SCREEN,LOW,Aucun gisement économiquement exploitable identifié au seuil de cet audit mondial préliminaire.,GLOBAL_SCREEN,https://pubs.usgs.gov/periodicals/mcs2026/mcs2026-phosphate.pdf,Aucun district de phosphate de roche à l'échelle du jeu retenu par le criblage mondial.
STATE_CHAMPAGNE,map_data/state_regions/00_west_europe.txt,0,0,NONE,KEEP_ZERO,CONFIRMED_ZERO_GLOBAL_SCREEN,LOW,Aucun gisement économiquement exploitable identifié au seuil de cet audit mondial préliminaire.,GLOBAL_SCREEN,https://pubs.usgs.gov/periodicals/mcs2026/mcs2026-phosphate.pdf,Aucun district de phosphate de roche à l'échelle du jeu retenu par le criblage mondial.
STATE_FRANCHE_COMTE,map_data/state_regions/00_west_europe.txt,0,0,NONE,KEEP_ZERO,CONFIRMED_ZERO_GLOBAL_SCREEN,LOW,Aucun gisement économiquement exploitable identifié au seuil de cet audit mondial préliminaire.,GLOBAL_SCREEN,https://pubs.usgs.gov/periodicals/mcs2026/mcs2026-phosphate.pdf,Aucun district de phosphate de roche à l'échelle du jeu retenu par le criblage mondial.
STATE_LORRAINE,map_data/state_regions/00_west_europe.txt,0,0,NONE,KEEP_ZERO,CONFIRMED_ZERO_GLOBAL_SCREEN,LOW,Aucun gisement économiquement exploitable identifié au seuil de cet audit mondial préliminaire.,GLOBAL_SCREEN,https://pubs.usgs.gov/periodicals/mcs2026/mcs2026-phosphate.pdf,Aucun district de phosphate de roche à l'échelle du jeu retenu par le criblage mondial.
STATE_AQUITAINE,map_data/state_regions/00_west_europe.txt,0,0,NONE,KEEP_ZERO,CONFIRMED_ZERO_GLOBAL_SCREEN,LOW,Aucun gisement économiquement exploitable identifié au seuil de cet audit mondial préliminaire.,GLOBAL_SCREEN,https://pubs.usgs.gov/periodicals/mcs2026/mcs2026-phosphate.pdf,Aucun district de phosphate de roche à l'échelle du jeu retenu par le criblage mondial.
STATE_ORLEANS,map_data/state_regions/00_west_europe.txt,0,0,NONE,KEEP_ZERO,CONFIRMED_ZERO_GLOBAL_SCREEN,LOW,Aucun gisement économiquement exploitable identifié au seuil de cet audit mondial préliminaire.,GLOBAL_SCREEN,https://pubs.usgs.gov/periodicals/mcs2026/mcs2026-phosphate.pdf,Aucun district de phosphate de roche à l'échelle du jeu retenu par le criblage mondial.
STATE_HOLLAND,map_data/state_regions/00_west_europe.txt,0,0,NONE,KEEP_ZERO,CONFIRMED_ZERO_GLOBAL_SCREEN,LOW,Aucun gisement économiquement exploitable identifié au seuil de cet audit mondial préliminaire.,GLOBAL_SCREEN,https://pubs.usgs.gov/periodicals/mcs2026/mcs2026-phosphate.pdf,Aucun district de phosphate de roche à l'échelle du jeu retenu par le criblage mondial.
STATE_FRIESLAND,map_data/state_regions/00_west_europe.txt,0,0,NONE,KEEP_ZERO,CONFIRMED_ZERO_GLOBAL_SCREEN,LOW,Aucun gisement économiquement exploitable identifié au seuil de cet audit mondial préliminaire.,GLOBAL_SCREEN,https://pubs.usgs.gov/periodicals/mcs2026/mcs2026-phosphate.pdf,Aucun district de phosphate de roche à l'échelle du jeu retenu par le criblage mondial.
STATE_GELRE,map_data/state_regions/00_west_europe.txt,0,0,NONE,KEEP_ZERO,CONFIRMED_ZERO_GLOBAL_SCREEN,LOW,Aucun gisement économiquement exploitable identifié au seuil de cet audit mondial préliminaire.,GLOBAL_SCREEN,https://pubs.usgs.gov/periodicals/mcs2026/mcs2026-phosphate.pdf,Aucun district de phosphate de roche à l'échelle du jeu retenu par le criblage mondial.
STATE_WALLONIA,map_data/state_regions/00_west_europe.txt,0,0,NONE,KEEP_ZERO,CONFIRMED_ZERO_GLOBAL_SCREEN,LOW,Aucun gisement économiquement exploitable identifié au seuil de cet audit mondial préliminaire.,GLOBAL_SCREEN,https://pubs.usgs.gov/periodicals/mcs2026/mcs2026-phosphate.pdf,Aucun district de phosphate de roche à l'échelle du jeu retenu par le criblage mondial.
STATE_FLANDERS,map_data/state_regions/00_west_europe.txt,0,0,NONE,KEEP_ZERO,CONFIRMED_ZERO_GLOBAL_SCREEN,LOW,Aucun gisement économiquement exploitable identifié au seuil de cet audit mondial préliminaire.,GLOBAL_SCREEN,https://pubs.usgs.gov/periodicals/mcs2026/mcs2026-phosphate.pdf,Aucun district de phosphate de roche à l'échelle du jeu retenu par le criblage mondial.
STATE_AUSTRIA,map_data/state_regions/00_west_europe.txt,0,0,NONE,KEEP_ZERO,CONFIRMED_ZERO_GLOBAL_SCREEN,LOW,Aucun gisement économiquement exploitable identifié au seuil de cet audit mondial préliminaire.,GLOBAL_SCREEN,https://pubs.usgs.gov/periodicals/mcs2026/mcs2026-phosphate.pdf,Aucun district de phosphate de roche à l'échelle du jeu retenu par le criblage mondial.
STATE_BOHEMIA,map_data/state_regions/00_west_europe.txt,0,0,NONE,KEEP_ZERO,CONFIRMED_ZERO_GLOBAL_SCREEN,LOW,Aucun gisement économiquement exploitable identifié au seuil de cet audit mondial préliminaire.,GLOBAL_SCREEN,https://pubs.usgs.gov/periodicals/mcs2026/mcs2026-phosphate.pdf,Aucun district de phosphate de roche à l'échelle du jeu retenu par le criblage mondial.
STATE_MORAVIA,map_data/state_regions/00_west_europe.txt,0,0,NONE,KEEP_ZERO,CONFIRMED_ZERO_GLOBAL_SCREEN,LOW,Aucun gisement économiquement exploitable identifié au seuil de cet audit mondial préliminaire.,GLOBAL_SCREEN,https://pubs.usgs.gov/periodicals/mcs2026/mcs2026-phosphate.pdf,Aucun district de phosphate de roche à l'échelle du jeu retenu par le criblage mondial.
STATE_STYRIA,map_data/state_regions/00_west_europe.txt,0,0,NONE,KEEP_ZERO,CONFIRMED_ZERO_GLOBAL_SCREEN,LOW,Aucun gisement économiquement exploitable identifié au seuil de cet audit mondial préliminaire.,GLOBAL_SCREEN,https://pubs.usgs.gov/periodicals/mcs2026/mcs2026-phosphate.pdf,Aucun district de phosphate de roche à l'échelle du jeu retenu par le criblage mondial.
STATE_TYROL,map_data/state_regions/00_west_europe.txt,0,0,NONE,KEEP_ZERO,CONFIRMED_ZERO_GLOBAL_SCREEN,LOW,Aucun gisement économiquement exploitable identifié au seuil de cet audit mondial préliminaire.,GLOBAL_SCREEN,https://pubs.usgs.gov/periodicals/mcs2026/mcs2026-phosphate.pdf,Aucun district de phosphate de roche à l'échelle du jeu retenu par le criblage mondial.
STATE_SOUTH_TYROL,map_data/state_regions/00_west_europe.txt,0,0,NONE,KEEP_ZERO,CONFIRMED_ZERO_GLOBAL_SCREEN,LOW,Aucun gisement économiquement exploitable identifié au seuil de cet audit mondial préliminaire.,GLOBAL_SCREEN,https://pubs.usgs.gov/periodicals/mcs2026/mcs2026-phosphate.pdf,Aucun district de phosphate de roche à l'échelle du jeu retenu par le criblage mondial.
STATE_POMERANIA,map_data/state_regions/00_west_europe.txt,0,0,NONE,KEEP_ZERO,CONFIRMED_ZERO_GLOBAL_SCREEN,LOW,Aucun gisement économiquement exploitable identifié au seuil de cet audit mondial préliminaire.,GLOBAL_SCREEN,https://pubs.usgs.gov/periodicals/mcs2026/mcs2026-phosphate.pdf,Aucun district de phosphate de roche à l'échelle du jeu retenu par le criblage mondial.
STATE_ELBE,map_data/state_regions/00_west_europe.txt,0,0,NONE,KEEP_ZERO,CONFIRMED_ZERO_GLOBAL_SCREEN,LOW,Aucun gisement économiquement exploitable identifié au seuil de cet audit mondial préliminaire.,GLOBAL_SCREEN,https://pubs.usgs.gov/periodicals/mcs2026/mcs2026-phosphate.pdf,Aucun district de phosphate de roche à l'échelle du jeu retenu par le criblage mondial.
STATE_EAST_SWITZERLAND,map_data/state_regions/00_west_europe.txt,0,0,NONE,KEEP_ZERO,CONFIRMED_ZERO_GLOBAL_SCREEN,LOW,Aucun gisement économiquement exploitable identifié au seuil de cet audit mondial préliminaire.,GLOBAL_SCREEN,https://pubs.usgs.gov/periodicals/mcs2026/mcs2026-phosphate.pdf,Aucun district de phosphate de roche à l'échelle du jeu retenu par le criblage mondial.
STATE_WEST_SWITZERLAND,map_data/state_regions/00_west_europe.txt,0,0,NONE,KEEP_ZERO,CONFIRMED_ZERO_GLOBAL_SCREEN,LOW,Aucun gisement économiquement exploitable identifié au seuil de cet audit mondial préliminaire.,GLOBAL_SCREEN,https://pubs.usgs.gov/periodicals/mcs2026/mcs2026-phosphate.pdf,Aucun district de phosphate de roche à l'échelle du jeu retenu par le criblage mondial.
STATE_WESTPHALIA,map_data/state_regions/00_west_europe.txt,0,0,NONE,KEEP_ZERO,CONFIRMED_ZERO_GLOBAL_SCREEN,LOW,Aucun gisement économiquement exploitable identifié au seuil de cet audit mondial préliminaire.,GLOBAL_SCREEN,https://pubs.usgs.gov/periodicals/mcs2026/mcs2026-phosphate.pdf,Aucun district de phosphate de roche à l'échelle du jeu retenu par le criblage mondial.
STATE_ANHALT,map_data/state_regions/00_west_europe.txt,0,0,NONE,KEEP_ZERO,CONFIRMED_ZERO_GLOBAL_SCREEN,LOW,Aucun gisement économiquement exploitable identifié au seuil de cet audit mondial préliminaire.,GLOBAL_SCREEN,https://pubs.usgs.gov/periodicals/mcs2026/mcs2026-phosphate.pdf,Aucun district de phosphate de roche à l'échelle du jeu retenu par le criblage mondial.
STATE_RHINELAND,map_data/state_regions/00_west_europe.txt,0,0,NONE,KEEP_ZERO,CONFIRMED_ZERO_GLOBAL_SCREEN,LOW,Aucun gisement économiquement exploitable identifié au seuil de cet audit mondial préliminaire.,GLOBAL_SCREEN,https://pubs.usgs.gov/periodicals/mcs2026/mcs2026-phosphate.pdf,Aucun district de phosphate de roche à l'échelle du jeu retenu par le criblage mondial.
STATE_NORTH_RHINE,map_data/state_regions/00_west_europe.txt,0,0,NONE,KEEP_ZERO,CONFIRMED_ZERO_GLOBAL_SCREEN,LOW,Aucun gisement économiquement exploitable identifié au seuil de cet audit mondial préliminaire.,GLOBAL_SCREEN,https://pubs.usgs.gov/periodicals/mcs2026/mcs2026-phosphate.pdf,Aucun district de phosphate de roche à l'échelle du jeu retenu par le criblage mondial.
STATE_BRANDENBURG,map_data/state_regions/00_west_europe.txt,0,0,NONE,KEEP_ZERO,CONFIRMED_ZERO_GLOBAL_SCREEN,LOW,Aucun gisement économiquement exploitable identifié au seuil de cet audit mondial préliminaire.,GLOBAL_SCREEN,https://pubs.usgs.gov/periodicals/mcs2026/mcs2026-phosphate.pdf,Aucun district de phosphate de roche à l'échelle du jeu retenu par le criblage mondial.
STATE_SCHLESWIG_HOLSTEIN,map_data/state_regions/00_west_europe.txt,0,0,NONE,KEEP_ZERO,CONFIRMED_ZERO_GLOBAL_SCREEN,LOW,Aucun gisement économiquement exploitable identifié au seuil de cet audit mondial préliminaire.,GLOBAL_SCREEN,https://pubs.usgs.gov/periodicals/mcs2026/mcs2026-phosphate.pdf,Aucun district de phosphate de roche à l'échelle du jeu retenu par le criblage mondial.
STATE_WURTTEMBERG,map_data/state_regions/00_west_europe.txt,0,0,NONE,KEEP_ZERO,CONFIRMED_ZERO_GLOBAL_SCREEN,LOW,Aucun gisement économiquement exploitable identifié au seuil de cet audit mondial préliminaire.,GLOBAL_SCREEN,https://pubs.usgs.gov/periodicals/mcs2026/mcs2026-phosphate.pdf,Aucun district de phosphate de roche à l'échelle du jeu retenu par le criblage mondial.
STATE_BADEN,map_data/state_regions/00_west_europe.txt,0,0,NONE,KEEP_ZERO,CONFIRMED_ZERO_GLOBAL_SCREEN,LOW,Aucun gisement économiquement exploitable identifié au seuil de cet audit mondial préliminaire.,GLOBAL_SCREEN,https://pubs.usgs.gov/periodicals/mcs2026/mcs2026-phosphate.pdf,Aucun district de phosphate de roche à l'échelle du jeu retenu par le criblage mondial.
STATE_HANNOVER,map_data/state_regions/00_west_europe.txt,0,0,NONE,KEEP_ZERO,CONFIRMED_ZERO_GLOBAL_SCREEN,LOW,Aucun gisement économiquement exploitable identifié au seuil de cet audit mondial préliminaire.,GLOBAL_SCREEN,https://pubs.usgs.gov/periodicals/mcs2026/mcs2026-phosphate.pdf,Aucun district de phosphate de roche à l'échelle du jeu retenu par le criblage mondial.
STATE_BRUNSWICK,map_data/state_regions/00_west_europe.txt,0,0,NONE,KEEP_ZERO,CONFIRMED_ZERO_GLOBAL_SCREEN,LOW,Aucun gisement économiquement exploitable identifié au seuil de cet audit mondial préliminaire.,GLOBAL_SCREEN,https://pubs.usgs.gov/periodicals/mcs2026/mcs2026-phosphate.pdf,Aucun district de phosphate de roche à l'échelle du jeu retenu par le criblage mondial.
STATE_BAVARIA,map_data/state_regions/00_west_europe.txt,0,0,NONE,KEEP_ZERO,CONFIRMED_ZERO_GLOBAL_SCREEN,LOW,Aucun gisement économiquement exploitable identifié au seuil de cet audit mondial préliminaire.,GLOBAL_SCREEN,https://pubs.usgs.gov/periodicals/mcs2026/mcs2026-phosphate.pdf,Aucun district de phosphate de roche à l'échelle du jeu retenu par le criblage mondial.
STATE_FRANCONIA,map_data/state_regions/00_west_europe.txt,0,0,NONE,KEEP_ZERO,CONFIRMED_ZERO_GLOBAL_SCREEN,LOW,Aucun gisement économiquement exploitable identifié au seuil de cet audit mondial préliminaire.,GLOBAL_SCREEN,https://pubs.usgs.gov/periodicals/mcs2026/mcs2026-phosphate.pdf,Aucun district de phosphate de roche à l'échelle du jeu retenu par le criblage mondial.
STATE_SAXONY,map_data/state_regions/00_west_europe.txt,0,0,NONE,KEEP_ZERO,CONFIRMED_ZERO_GLOBAL_SCREEN,LOW,Aucun gisement économiquement exploitable identifié au seuil de cet audit mondial préliminaire.,GLOBAL_SCREEN,https://pubs.usgs.gov/periodicals/mcs2026/mcs2026-phosphate.pdf,Aucun district de phosphate de roche à l'échelle du jeu retenu par le criblage mondial.
STATE_HESSE,map_data/state_regions/00_west_europe.txt,0,0,NONE,KEEP_ZERO,CONFIRMED_ZERO_GLOBAL_SCREEN,LOW,Aucun gisement économiquement exploitable identifié au seuil de cet audit mondial préliminaire.,GLOBAL_SCREEN,https://pubs.usgs.gov/periodicals/mcs2026/mcs2026-phosphate.pdf,Aucun district de phosphate de roche à l'échelle du jeu retenu par le criblage mondial.
STATE_MECKLENBURG,map_data/state_regions/00_west_europe.txt,0,0,NONE,KEEP_ZERO,CONFIRMED_ZERO_GLOBAL_SCREEN,LOW,Aucun gisement économiquement exploitable identifié au seuil de cet audit mondial préliminaire.,GLOBAL_SCREEN,https://pubs.usgs.gov/periodicals/mcs2026/mcs2026-phosphate.pdf,Aucun district de phosphate de roche à l'échelle du jeu retenu par le criblage mondial.
STATE_RUHR,map_data/state_regions/00_west_europe.txt,0,0,NONE,KEEP_ZERO,CONFIRMED_ZERO_GLOBAL_SCREEN,LOW,Aucun gisement économiquement exploitable identifié au seuil de cet audit mondial préliminaire.,GLOBAL_SCREEN,https://pubs.usgs.gov/periodicals/mcs2026/mcs2026-phosphate.pdf,Aucun district de phosphate de roche à l'échelle du jeu retenu par le criblage mondial.
STATE_MAINE_ANJOU,map_data/state_regions/00_west_europe.txt,0,0,NONE,KEEP_ZERO,CONFIRMED_ZERO_GLOBAL_SCREEN,LOW,Aucun gisement économiquement exploitable identifié au seuil de cet audit mondial préliminaire.,GLOBAL_SCREEN,https://pubs.usgs.gov/periodicals/mcs2026/mcs2026-phosphate.pdf,Aucun district de phosphate de roche à l'échelle du jeu retenu par le criblage mondial.
STATE_LOMBARDY,map_data/state_regions/01_south_europe.txt,0,0,NONE,KEEP_ZERO,CONFIRMED_ZERO_GLOBAL_SCREEN,LOW,Aucun gisement économiquement exploitable identifié au seuil de cet audit mondial préliminaire.,GLOBAL_SCREEN,https://pubs.usgs.gov/periodicals/mcs2026/mcs2026-phosphate.pdf,Aucun district de phosphate de roche à l'échelle du jeu retenu par le criblage mondial.
STATE_PIEDMONT,map_data/state_regions/01_south_europe.txt,0,0,NONE,KEEP_ZERO,CONFIRMED_ZERO_GLOBAL_SCREEN,LOW,Aucun gisement économiquement exploitable identifié au seuil de cet audit mondial préliminaire.,GLOBAL_SCREEN,https://pubs.usgs.gov/periodicals/mcs2026/mcs2026-phosphate.pdf,Aucun district de phosphate de roche à l'échelle du jeu retenu par le criblage mondial.
STATE_SARDINIA,map_data/state_regions/01_south_europe.txt,0,0,NONE,KEEP_ZERO,CONFIRMED_ZERO_GLOBAL_SCREEN,LOW,Aucun gisement économiquement exploitable identifié au seuil de cet audit mondial préliminaire.,GLOBAL_SCREEN,https://pubs.usgs.gov/periodicals/mcs2026/mcs2026-phosphate.pdf,Aucun district de phosphate de roche à l'échelle du jeu retenu par le criblage mondial.
STATE_MALTA,map_data/state_regions/01_south_europe.txt,0,0,NONE,KEEP_ZERO,CONFIRMED_ZERO_GLOBAL_SCREEN,LOW,Aucun gisement économiquement exploitable identifié au seuil de cet audit mondial préliminaire.,GLOBAL_SCREEN,https://pubs.usgs.gov/periodicals/mcs2026/mcs2026-phosphate.pdf,Aucun district de phosphate de roche à l'échelle du jeu retenu par le criblage mondial.
STATE_UMBRIA,map_data/state_regions/01_south_europe.txt,0,0,NONE,KEEP_ZERO,CONFIRMED_ZERO_GLOBAL_SCREEN,LOW,Aucun gisement économiquement exploitable identifié au seuil de cet audit mondial préliminaire.,GLOBAL_SCREEN,https://pubs.usgs.gov/periodicals/mcs2026/mcs2026-phosphate.pdf,Aucun district de phosphate de roche à l'échelle du jeu retenu par le criblage mondial.
STATE_CORSICA,map_data/state_regions/01_south_europe.txt,0,0,NONE,KEEP_ZERO,CONFIRMED_ZERO_GLOBAL_SCREEN,LOW,Aucun gisement économiquement exploitable identifié au seuil de cet audit mondial préliminaire.,GLOBAL_SCREEN,https://pubs.usgs.gov/periodicals/mcs2026/mcs2026-phosphate.pdf,Aucun district de phosphate de roche à l'échelle du jeu retenu par le criblage mondial.
STATE_CAMPANIA,map_data/state_regions/01_south_europe.txt,0,0,NONE,KEEP_ZERO,CONFIRMED_ZERO_GLOBAL_SCREEN,LOW,Aucun gisement économiquement exploitable identifié au seuil de cet audit mondial préliminaire.,GLOBAL_SCREEN,https://pubs.usgs.gov/periodicals/mcs2026/mcs2026-phosphate.pdf,Aucun district de phosphate de roche à l'échelle du jeu retenu par le criblage mondial.
STATE_CALABRIA,map_data/state_regions/01_south_europe.txt,0,0,NONE,KEEP_ZERO,CONFIRMED_ZERO_GLOBAL_SCREEN,LOW,Aucun gisement économiquement exploitable identifié au seuil de cet audit mondial préliminaire.,GLOBAL_SCREEN,https://pubs.usgs.gov/periodicals/mcs2026/mcs2026-phosphate.pdf,Aucun district de phosphate de roche à l'échelle du jeu retenu par le criblage mondial.
STATE_APULIA,map_data/state_regions/01_south_europe.txt,0,0,NONE,KEEP_ZERO,CONFIRMED_ZERO_GLOBAL_SCREEN,LOW,Aucun gisement économiquement exploitable identifié au seuil de cet audit mondial préliminaire.,GLOBAL_SCREEN,https://pubs.usgs.gov/periodicals/mcs2026/mcs2026-phosphate.pdf,Aucun district de phosphate de roche à l'échelle du jeu retenu par le criblage mondial.
STATE_ABRUZZO,map_data/state_regions/01_south_europe.txt,0,0,NONE,KEEP_ZERO,CONFIRMED_ZERO_GLOBAL_SCREEN,LOW,Aucun gisement économiquement exploitable identifié au seuil de cet audit mondial préliminaire.,GLOBAL_SCREEN,https://pubs.usgs.gov/periodicals/mcs2026/mcs2026-phosphate.pdf,Aucun district de phosphate de roche à l'échelle du jeu retenu par le criblage mondial.
STATE_SAVOY,map_data/state_regions/01_south_europe.txt,0,0,NONE,KEEP_ZERO,CONFIRMED_ZERO_GLOBAL_SCREEN,LOW,Aucun gisement économiquement exploitable identifié au seuil de cet audit mondial préliminaire.,GLOBAL_SCREEN,https://pubs.usgs.gov/periodicals/mcs2026/mcs2026-phosphate.pdf,Aucun district de phosphate de roche à l'échelle du jeu retenu par le criblage mondial.
STATE_EMILIA,map_data/state_regions/01_south_europe.txt,0,0,NONE,KEEP_ZERO,CONFIRMED_ZERO_GLOBAL_SCREEN,LOW,Aucun gisement économiquement exploitable identifié au seuil de cet audit mondial préliminaire.,GLOBAL_SCREEN,https://pubs.usgs.gov/periodicals/mcs2026/mcs2026-phosphate.pdf,Aucun district de phosphate de roche à l'échelle du jeu retenu par le criblage mondial.
STATE_TUSCANY,map_data/state_regions/01_south_europe.txt,0,0,NONE,KEEP_ZERO,CONFIRMED_ZERO_GLOBAL_SCREEN,LOW,Aucun gisement économiquement exploitable identifié au seuil de cet audit mondial préliminaire.,GLOBAL_SCREEN,https://pubs.usgs.gov/periodicals/mcs2026/mcs2026-phosphate.pdf,Aucun district de phosphate de roche à l'échelle du jeu retenu par le criblage mondial.
STATE_ROMAGNA,map_data/state_regions/01_south_europe.txt,0,0,NONE,KEEP_ZERO,CONFIRMED_ZERO_GLOBAL_SCREEN,LOW,Aucun gisement économiquement exploitable identifié au seuil de cet audit mondial préliminaire.,GLOBAL_SCREEN,https://pubs.usgs.gov/periodicals/mcs2026/mcs2026-phosphate.pdf,Aucun district de phosphate de roche à l'échelle du jeu retenu par le criblage mondial.
STATE_LAZIO,map_data/state_regions/01_south_europe.txt,0,0,NONE,KEEP_ZERO,CONFIRMED_ZERO_GLOBAL_SCREEN,LOW,Aucun gisement économiquement exploitable identifié au seuil de cet audit mondial préliminaire.,GLOBAL_SCREEN,https://pubs.usgs.gov/periodicals/mcs2026/mcs2026-phosphate.pdf,Aucun district de phosphate de roche à l'échelle du jeu retenu par le criblage mondial.
STATE_VENETIA,map_data/state_regions/01_south_europe.txt,0,0,NONE,KEEP_ZERO,CONFIRMED_ZERO_GLOBAL_SCREEN,LOW,Aucun gisement économiquement exploitable identifié au seuil de cet audit mondial préliminaire.,GLOBAL_SCREEN,https://pubs.usgs.gov/periodicals/mcs2026/mcs2026-phosphate.pdf,Aucun district de phosphate de roche à l'échelle du jeu retenu par le criblage mondial.
STATE_SICILY,map_data/state_regions/01_south_europe.txt,0,0,NONE,KEEP_ZERO,CONFIRMED_ZERO_GLOBAL_SCREEN,LOW,Aucun gisement économiquement exploitable identifié au seuil de cet audit mondial préliminaire.,GLOBAL_SCREEN,https://pubs.usgs.gov/periodicals/mcs2026/mcs2026-phosphate.pdf,Aucun district de phosphate de roche à l'échelle du jeu retenu par le criblage mondial.
STATE_NEW_CASTILE,map_data/state_regions/01_south_europe.txt,0,0,NONE,KEEP_ZERO,CONFIRMED_ZERO_GLOBAL_SCREEN,LOW,Aucun gisement économiquement exploitable identifié au seuil de cet audit mondial préliminaire.,GLOBAL_SCREEN,https://pubs.usgs.gov/periodicals/mcs2026/mcs2026-phosphate.pdf,Aucun district de phosphate de roche à l'échelle du jeu retenu par le criblage mondial.
STATE_GALICIA,map_data/state_regions/01_south_europe.txt,0,0,NONE,KEEP_ZERO,CONFIRMED_ZERO_GLOBAL_SCREEN,LOW,Aucun gisement économiquement exploitable identifié au seuil de cet audit mondial préliminaire.,GLOBAL_SCREEN,https://pubs.usgs.gov/periodicals/mcs2026/mcs2026-phosphate.pdf,Aucun district de phosphate de roche à l'échelle du jeu retenu par le criblage mondial.
STATE_ASTURIAS,map_data/state_regions/01_south_europe.txt,0,0,NONE,KEEP_ZERO,CONFIRMED_ZERO_GLOBAL_SCREEN,LOW,Aucun gisement économiquement exploitable identifié au seuil de cet audit mondial préliminaire.,GLOBAL_SCREEN,https://pubs.usgs.gov/periodicals/mcs2026/mcs2026-phosphate.pdf,Aucun district de phosphate de roche à l'échelle du jeu retenu par le criblage mondial.
STATE_OLD_CASTILE,map_data/state_regions/01_south_europe.txt,0,0,NONE,KEEP_ZERO,CONFIRMED_ZERO_GLOBAL_SCREEN,LOW,Aucun gisement économiquement exploitable identifié au seuil de cet audit mondial préliminaire.,GLOBAL_SCREEN,https://pubs.usgs.gov/periodicals/mcs2026/mcs2026-phosphate.pdf,Aucun district de phosphate de roche à l'échelle du jeu retenu par le criblage mondial.
STATE_BASQUE_COUNTRY,map_data/state_regions/01_south_europe.txt,0,0,NONE,KEEP_ZERO,CONFIRMED_ZERO_GLOBAL_SCREEN,LOW,Aucun gisement économiquement exploitable identifié au seuil de cet audit mondial préliminaire.,GLOBAL_SCREEN,https://pubs.usgs.gov/periodicals/mcs2026/mcs2026-phosphate.pdf,Aucun district de phosphate de roche à l'échelle du jeu retenu par le criblage mondial.
STATE_ARAGON,map_data/state_regions/01_south_europe.txt,0,0,NONE,KEEP_ZERO,CONFIRMED_ZERO_GLOBAL_SCREEN,LOW,Aucun gisement économiquement exploitable identifié au seuil de cet audit mondial préliminaire.,GLOBAL_SCREEN,https://pubs.usgs.gov/periodicals/mcs2026/mcs2026-phosphate.pdf,Aucun district de phosphate de roche à l'échelle du jeu retenu par le criblage mondial.
STATE_CATALONIA,map_data/state_regions/01_south_europe.txt,0,0,NONE,KEEP_ZERO,CONFIRMED_ZERO_GLOBAL_SCREEN,LOW,Aucun gisement économiquement exploitable identifié au seuil de cet audit mondial préliminaire.,GLOBAL_SCREEN,https://pubs.usgs.gov/periodicals/mcs2026/mcs2026-phosphate.pdf,Aucun district de phosphate de roche à l'échelle du jeu retenu par le criblage mondial.
STATE_BALEARIC_ISLANDS,map_data/state_regions/01_south_europe.txt,0,0,NONE,KEEP_ZERO,CONFIRMED_ZERO_GLOBAL_SCREEN,LOW,Aucun gisement économiquement exploitable identifié au seuil de cet audit mondial préliminaire.,GLOBAL_SCREEN,https://pubs.usgs.gov/periodicals/mcs2026/mcs2026-phosphate.pdf,Aucun district de phosphate de roche à l'échelle du jeu retenu par le criblage mondial.
STATE_LOWER_ANDALUSIA,map_data/state_regions/01_south_europe.txt,0,0,NONE,KEEP_ZERO,CONFIRMED_ZERO_GLOBAL_SCREEN,LOW,Aucun gisement économiquement exploitable identifié au seuil de cet audit mondial préliminaire.,GLOBAL_SCREEN,https://pubs.usgs.gov/periodicals/mcs2026/mcs2026-phosphate.pdf,Aucun district de phosphate de roche à l'échelle du jeu retenu par le criblage mondial.
STATE_UPPER_ANDALUSIA,map_data/state_regions/01_south_europe.txt,0,0,NONE,KEEP_ZERO,CONFIRMED_ZERO_GLOBAL_SCREEN,LOW,Aucun gisement économiquement exploitable identifié au seuil de cet audit mondial préliminaire.,GLOBAL_SCREEN,https://pubs.usgs.gov/periodicals/mcs2026/mcs2026-phosphate.pdf,Aucun district de phosphate de roche à l'échelle du jeu retenu par le criblage mondial.
STATE_EXTREMADURA,map_data/state_regions/01_south_europe.txt,0,0,NONE,KEEP_ZERO,CONFIRMED_ZERO_GLOBAL_SCREEN,LOW,Aucun gisement économiquement exploitable identifié au seuil de cet audit mondial préliminaire.,GLOBAL_SCREEN,https://pubs.usgs.gov/periodicals/mcs2026/mcs2026-phosphate.pdf,Aucun district de phosphate de roche à l'échelle du jeu retenu par le criblage mondial.
STATE_VALENCIA,map_data/state_regions/01_south_europe.txt,0,0,NONE,KEEP_ZERO,CONFIRMED_ZERO_GLOBAL_SCREEN,LOW,Aucun gisement économiquement exploitable identifié au seuil de cet audit mondial préliminaire.,GLOBAL_SCREEN,https://pubs.usgs.gov/periodicals/mcs2026/mcs2026-phosphate.pdf,Aucun district de phosphate de roche à l'échelle du jeu retenu par le criblage mondial.
STATE_BEIRA,map_data/state_regions/01_south_europe.txt,0,0,NONE,KEEP_ZERO,CONFIRMED_ZERO_GLOBAL_SCREEN,LOW,Aucun gisement économiquement exploitable identifié au seuil de cet audit mondial préliminaire.,GLOBAL_SCREEN,https://pubs.usgs.gov/periodicals/mcs2026/mcs2026-phosphate.pdf,Aucun district de phosphate de roche à l'échelle du jeu retenu par le criblage mondial.
STATE_ESTREMADURA,map_data/state_regions/01_south_europe.txt,0,0,NONE,KEEP_ZERO,CONFIRMED_ZERO_GLOBAL_SCREEN,LOW,Aucun gisement économiquement exploitable identifié au seuil de cet audit mondial préliminaire.,GLOBAL_SCREEN,https://pubs.usgs.gov/periodicals/mcs2026/mcs2026-phosphate.pdf,Aucun district de phosphate de roche à l'échelle du jeu retenu par le criblage mondial.
STATE_ALENTEJO,map_data/state_regions/01_south_europe.txt,0,0,NONE,KEEP_ZERO,CONFIRMED_ZERO_GLOBAL_SCREEN,LOW,Aucun gisement économiquement exploitable identifié au seuil de cet audit mondial préliminaire.,GLOBAL_SCREEN,https://pubs.usgs.gov/periodicals/mcs2026/mcs2026-phosphate.pdf,Aucun district de phosphate de roche à l'échelle du jeu retenu par le criblage mondial.
STATE_CAPE_VERDE,map_data/state_regions/01_south_europe.txt,0,0,NONE,KEEP_ZERO,CONFIRMED_ZERO_GLOBAL_SCREEN,LOW,Aucun gisement économiquement exploitable identifié au seuil de cet audit mondial préliminaire.,GLOBAL_SCREEN,https://pubs.usgs.gov/periodicals/mcs2026/mcs2026-phosphate.pdf,Aucun district de phosphate de roche à l'échelle du jeu retenu par le criblage mondial.
STATE_CANARY_ISLANDS,map_data/state_regions/01_south_europe.txt,0,0,NONE,KEEP_ZERO,CONFIRMED_ZERO_GLOBAL_SCREEN,LOW,Aucun gisement économiquement exploitable identifié au seuil de cet audit mondial préliminaire.,GLOBAL_SCREEN,https://pubs.usgs.gov/periodicals/mcs2026/mcs2026-phosphate.pdf,Aucun district de phosphate de roche à l'échelle du jeu retenu par le criblage mondial.
STATE_AZORES,map_data/state_regions/01_south_europe.txt,0,0,NONE,KEEP_ZERO,CONFIRMED_ZERO_GLOBAL_SCREEN,LOW,Aucun gisement économiquement exploitable identifié au seuil de cet audit mondial préliminaire.,GLOBAL_SCREEN,https://pubs.usgs.gov/periodicals/mcs2026/mcs2026-phosphate.pdf,Aucun district de phosphate de roche à l'échelle du jeu retenu par le criblage mondial.
STATE_MADEIRA,map_data/state_regions/01_south_europe.txt,0,0,NONE,KEEP_ZERO,CONFIRMED_ZERO_GLOBAL_SCREEN,LOW,Aucun gisement économiquement exploitable identifié au seuil de cet audit mondial préliminaire.,GLOBAL_SCREEN,https://pubs.usgs.gov/periodicals/mcs2026/mcs2026-phosphate.pdf,Aucun district de phosphate de roche à l'échelle du jeu retenu par le criblage mondial.
STATE_EASTERN_THRACE,map_data/state_regions/01_south_europe.txt,0,0,NONE,KEEP_ZERO,CONFIRMED_ZERO_GLOBAL_SCREEN,LOW,Aucun gisement économiquement exploitable identifié au seuil de cet audit mondial préliminaire.,GLOBAL_SCREEN,https://pubs.usgs.gov/periodicals/mcs2026/mcs2026-phosphate.pdf,Aucun district de phosphate de roche à l'échelle du jeu retenu par le criblage mondial.
STATE_DOBRUDJA,map_data/state_regions/01_south_europe.txt,0,0,NONE,KEEP_ZERO,CONFIRMED_ZERO_GLOBAL_SCREEN,LOW,Aucun gisement économiquement exploitable identifié au seuil de cet audit mondial préliminaire.,GLOBAL_SCREEN,https://pubs.usgs.gov/periodicals/mcs2026/mcs2026-phosphate.pdf,Aucun district de phosphate de roche à l'échelle du jeu retenu par le criblage mondial.
STATE_ALBANIA,map_data/state_regions/01_south_europe.txt,0,0,NONE,KEEP_ZERO,CONFIRMED_ZERO_GLOBAL_SCREEN,LOW,Aucun gisement économiquement exploitable identifié au seuil de cet audit mondial préliminaire.,GLOBAL_SCREEN,https://pubs.usgs.gov/periodicals/mcs2026/mcs2026-phosphate.pdf,Aucun district de phosphate de roche à l'échelle du jeu retenu par le criblage mondial.
STATE_BOSNIA,map_data/state_regions/01_south_europe.txt,0,0,NONE,KEEP_ZERO,CONFIRMED_ZERO_GLOBAL_SCREEN,LOW,Aucun gisement économiquement exploitable identifié au seuil de cet audit mondial préliminaire.,GLOBAL_SCREEN,https://pubs.usgs.gov/periodicals/mcs2026/mcs2026-phosphate.pdf,Aucun district de phosphate de roche à l'échelle du jeu retenu par le criblage mondial.
STATE_NORTHERN_THRACE,map_data/state_regions/01_south_europe.txt,0,0,NONE,KEEP_ZERO,CONFIRMED_ZERO_GLOBAL_SCREEN,LOW,Aucun gisement économiquement exploitable identifié au seuil de cet audit mondial préliminaire.,GLOBAL_SCREEN,https://pubs.usgs.gov/periodicals/mcs2026/mcs2026-phosphate.pdf,Aucun district de phosphate de roche à l'échelle du jeu retenu par le criblage mondial.
STATE_BULGARIA,map_data/state_regions/01_south_europe.txt,0,0,NONE,KEEP_ZERO,CONFIRMED_ZERO_GLOBAL_SCREEN,LOW,Aucun gisement économiquement exploitable identifié au seuil de cet audit mondial préliminaire.,GLOBAL_SCREEN,https://pubs.usgs.gov/periodicals/mcs2026/mcs2026-phosphate.pdf,Aucun district de phosphate de roche à l'échelle du jeu retenu par le criblage mondial.
STATE_SLOVENIA,map_data/state_regions/01_south_europe.txt,0,0,NONE,KEEP_ZERO,CONFIRMED_ZERO_GLOBAL_SCREEN,LOW,Aucun gisement économiquement exploitable identifié au seuil de cet audit mondial préliminaire.,GLOBAL_SCREEN,https://pubs.usgs.gov/periodicals/mcs2026/mcs2026-phosphate.pdf,Aucun district de phosphate de roche à l'échelle du jeu retenu par le criblage mondial.
STATE_DALMATIA,map_data/state_regions/01_south_europe.txt,0,0,NONE,KEEP_ZERO,CONFIRMED_ZERO_GLOBAL_SCREEN,LOW,Aucun gisement économiquement exploitable identifié au seuil de cet audit mondial préliminaire.,GLOBAL_SCREEN,https://pubs.usgs.gov/periodicals/mcs2026/mcs2026-phosphate.pdf,Aucun district de phosphate de roche à l'échelle du jeu retenu par le criblage mondial.
STATE_CROATIA,map_data/state_regions/01_south_europe.txt,0,0,NONE,KEEP_ZERO,CONFIRMED_ZERO_GLOBAL_SCREEN,LOW,Aucun gisement économiquement exploitable identifié au seuil de cet audit mondial préliminaire.,GLOBAL_SCREEN,https://pubs.usgs.gov/periodicals/mcs2026/mcs2026-phosphate.pdf,Aucun district de phosphate de roche à l'échelle du jeu retenu par le criblage mondial.
STATE_SLAVONIA,map_data/state_regions/01_south_europe.txt,0,0,NONE,KEEP_ZERO,CONFIRMED_ZERO_GLOBAL_SCREEN,LOW,Aucun gisement économiquement exploitable identifié au seuil de cet audit mondial préliminaire.,GLOBAL_SCREEN,https://pubs.usgs.gov/periodicals/mcs2026/mcs2026-phosphate.pdf,Aucun district de phosphate de roche à l'échelle du jeu retenu par le criblage mondial.
STATE_ISTRIA,map_data/state_regions/01_south_europe.txt,0,0,NONE,KEEP_ZERO,CONFIRMED_ZERO_GLOBAL_SCREEN,LOW,Aucun gisement économiquement exploitable identifié au seuil de cet audit mondial préliminaire.,GLOBAL_SCREEN,https://pubs.usgs.gov/periodicals/mcs2026/mcs2026-phosphate.pdf,Aucun district de phosphate de roche à l'échelle du jeu retenu par le criblage mondial.
STATE_MONTENEGRO,map_data/state_regions/01_south_europe.txt,0,0,NONE,KEEP_ZERO,CONFIRMED_ZERO_GLOBAL_SCREEN,LOW,Aucun gisement économiquement exploitable identifié au seuil de cet audit mondial préliminaire.,GLOBAL_SCREEN,https://pubs.usgs.gov/periodicals/mcs2026/mcs2026-phosphate.pdf,Aucun district de phosphate de roche à l'échelle du jeu retenu par le criblage mondial.
STATE_WESTERN_SERBIA,map_data/state_regions/01_south_europe.txt,0,0,NONE,KEEP_ZERO,CONFIRMED_ZERO_GLOBAL_SCREEN,LOW,Aucun gisement économiquement exploitable identifié au seuil de cet audit mondial préliminaire.,GLOBAL_SCREEN,https://pubs.usgs.gov/periodicals/mcs2026/mcs2026-phosphate.pdf,Aucun district de phosphate de roche à l'échelle du jeu retenu par le criblage mondial.
STATE_EASTERN_SERBIA,map_data/state_regions/01_south_europe.txt,0,0,NONE,KEEP_ZERO,CONFIRMED_ZERO_GLOBAL_SCREEN,LOW,Aucun gisement économiquement exploitable identifié au seuil de cet audit mondial préliminaire.,GLOBAL_SCREEN,https://pubs.usgs.gov/periodicals/mcs2026/mcs2026-phosphate.pdf,Aucun district de phosphate de roche à l'échelle du jeu retenu par le criblage mondial.
STATE_KOSOVO,map_data/state_regions/01_south_europe.txt,0,0,NONE,KEEP_ZERO,CONFIRMED_ZERO_GLOBAL_SCREEN,LOW,Aucun gisement économiquement exploitable identifié au seuil de cet audit mondial préliminaire.,GLOBAL_SCREEN,https://pubs.usgs.gov/periodicals/mcs2026/mcs2026-phosphate.pdf,Aucun district de phosphate de roche à l'échelle du jeu retenu par le criblage mondial.
STATE_CRETE,map_data/state_regions/01_south_europe.txt,0,0,NONE,KEEP_ZERO,CONFIRMED_ZERO_GLOBAL_SCREEN,LOW,Aucun gisement économiquement exploitable identifié au seuil de cet audit mondial préliminaire.,GLOBAL_SCREEN,https://pubs.usgs.gov/periodicals/mcs2026/mcs2026-phosphate.pdf,Aucun district de phosphate de roche à l'échelle du jeu retenu par le criblage mondial.
STATE_WEST_AEGEAN_ISLANDS,map_data/state_regions/01_south_europe.txt,0,0,NONE,KEEP_ZERO,CONFIRMED_ZERO_GLOBAL_SCREEN,LOW,Aucun gisement économiquement exploitable identifié au seuil de cet audit mondial préliminaire.,GLOBAL_SCREEN,https://pubs.usgs.gov/periodicals/mcs2026/mcs2026-phosphate.pdf,Aucun district de phosphate de roche à l'échelle du jeu retenu par le criblage mondial.
STATE_EAST_AEGEAN_ISLANDS,map_data/state_regions/01_south_europe.txt,0,0,NONE,KEEP_ZERO,CONFIRMED_ZERO_GLOBAL_SCREEN,LOW,Aucun gisement économiquement exploitable identifié au seuil de cet audit mondial préliminaire.,GLOBAL_SCREEN,https://pubs.usgs.gov/periodicals/mcs2026/mcs2026-phosphate.pdf,Aucun district de phosphate de roche à l'échelle du jeu retenu par le criblage mondial.
STATE_ATTICA,map_data/state_regions/01_south_europe.txt,0,0,NONE,KEEP_ZERO,CONFIRMED_ZERO_GLOBAL_SCREEN,LOW,Aucun gisement économiquement exploitable identifié au seuil de cet audit mondial préliminaire.,GLOBAL_SCREEN,https://pubs.usgs.gov/periodicals/mcs2026/mcs2026-phosphate.pdf,Aucun district de phosphate de roche à l'échelle du jeu retenu par le criblage mondial.
STATE_THESSALIA,map_data/state_regions/01_south_europe.txt,0,0,NONE,KEEP_ZERO,CONFIRMED_ZERO_GLOBAL_SCREEN,LOW,Aucun gisement économiquement exploitable identifié au seuil de cet audit mondial préliminaire.,GLOBAL_SCREEN,https://pubs.usgs.gov/periodicals/mcs2026/mcs2026-phosphate.pdf,Aucun district de phosphate de roche à l'échelle du jeu retenu par le criblage mondial.
STATE_SKOPIA,map_data/state_regions/01_south_europe.txt,0,0,NONE,KEEP_ZERO,CONFIRMED_ZERO_GLOBAL_SCREEN,LOW,Aucun gisement économiquement exploitable identifié au seuil de cet audit mondial préliminaire.,GLOBAL_SCREEN,https://pubs.usgs.gov/periodicals/mcs2026/mcs2026-phosphate.pdf,Aucun district de phosphate de roche à l'échelle du jeu retenu par le criblage mondial.
STATE_MACEDONIA,map_data/state_regions/01_south_europe.txt,0,0,NONE,KEEP_ZERO,CONFIRMED_ZERO_GLOBAL_SCREEN,LOW,Aucun gisement économiquement exploitable identifié au seuil de cet audit mondial préliminaire.,GLOBAL_SCREEN,https://pubs.usgs.gov/periodicals/mcs2026/mcs2026-phosphate.pdf,Aucun district de phosphate de roche à l'échelle du jeu retenu par le criblage mondial.
STATE_WESTERN_THRACE,map_data/state_regions/01_south_europe.txt,0,0,NONE,KEEP_ZERO,CONFIRMED_ZERO_GLOBAL_SCREEN,LOW,Aucun gisement économiquement exploitable identifié au seuil de cet audit mondial préliminaire.,GLOBAL_SCREEN,https://pubs.usgs.gov/periodicals/mcs2026/mcs2026-phosphate.pdf,Aucun district de phosphate de roche à l'échelle du jeu retenu par le criblage mondial.
STATE_IONIAN_ISLANDS,map_data/state_regions/01_south_europe.txt,0,0,NONE,KEEP_ZERO,CONFIRMED_ZERO_GLOBAL_SCREEN,LOW,Aucun gisement économiquement exploitable identifié au seuil de cet audit mondial préliminaire.,GLOBAL_SCREEN,https://pubs.usgs.gov/periodicals/mcs2026/mcs2026-phosphate.pdf,Aucun district de phosphate de roche à l'échelle du jeu retenu par le criblage mondial.
STATE_PELOPONNESE,map_data/state_regions/01_south_europe.txt,0,0,NONE,KEEP_ZERO,CONFIRMED_ZERO_GLOBAL_SCREEN,LOW,Aucun gisement économiquement exploitable identifié au seuil de cet audit mondial préliminaire.,GLOBAL_SCREEN,https://pubs.usgs.gov/periodicals/mcs2026/mcs2026-phosphate.pdf,Aucun district de phosphate de roche à l'échelle du jeu retenu par le criblage mondial.
STATE_MURCIA,map_data/state_regions/01_south_europe.txt,0,0,NONE,KEEP_ZERO,CONFIRMED_ZERO_GLOBAL_SCREEN,LOW,Aucun gisement économiquement exploitable identifié au seuil de cet audit mondial préliminaire.,GLOBAL_SCREEN,https://pubs.usgs.gov/periodicals/mcs2026/mcs2026-phosphate.pdf,Aucun district de phosphate de roche à l'échelle du jeu retenu par le criblage mondial.
STATE_LEON,map_data/state_regions/01_south_europe.txt,0,0,NONE,KEEP_ZERO,CONFIRMED_ZERO_GLOBAL_SCREEN,LOW,Aucun gisement économiquement exploitable identifié au seuil de cet audit mondial préliminaire.,GLOBAL_SCREEN,https://pubs.usgs.gov/periodicals/mcs2026/mcs2026-phosphate.pdf,Aucun district de phosphate de roche à l'échelle du jeu retenu par le criblage mondial.
STATE_ENTRE_DOURO_E_MINHO,map_data/state_regions/01_south_europe.txt,0,0,NONE,KEEP_ZERO,CONFIRMED_ZERO_GLOBAL_SCREEN,LOW,Aucun gisement économiquement exploitable identifié au seuil de cet audit mondial préliminaire.,GLOBAL_SCREEN,https://pubs.usgs.gov/periodicals/mcs2026/mcs2026-phosphate.pdf,Aucun district de phosphate de roche à l'échelle du jeu retenu par le criblage mondial.
STATE_MAZOVIA,map_data/state_regions/02_east_europe.txt,0,0,NONE,KEEP_ZERO,CONFIRMED_ZERO_GLOBAL_SCREEN,LOW,Aucun gisement économiquement exploitable identifié au seuil de cet audit mondial préliminaire.,GLOBAL_SCREEN,https://pubs.usgs.gov/periodicals/mcs2026/mcs2026-phosphate.pdf,Aucun district de phosphate de roche à l'échelle du jeu retenu par le criblage mondial.
STATE_LOWER_SILESIA,map_data/state_regions/02_east_europe.txt,0,0,NONE,KEEP_ZERO,CONFIRMED_ZERO_GLOBAL_SCREEN,LOW,Aucun gisement économiquement exploitable identifié au seuil de cet audit mondial préliminaire.,GLOBAL_SCREEN,https://pubs.usgs.gov/periodicals/mcs2026/mcs2026-phosphate.pdf,Aucun district de phosphate de roche à l'échelle du jeu retenu par le criblage mondial.
STATE_UPPER_SILESIA,map_data/state_regions/02_east_europe.txt,0,0,NONE,KEEP_ZERO,CONFIRMED_ZERO_GLOBAL_SCREEN,LOW,Aucun gisement économiquement exploitable identifié au seuil de cet audit mondial préliminaire.,GLOBAL_SCREEN,https://pubs.usgs.gov/periodicals/mcs2026/mcs2026-phosphate.pdf,Aucun district de phosphate de roche à l'échelle du jeu retenu par le criblage mondial.
STATE_GREATER_POLAND,map_data/state_regions/02_east_europe.txt,0,0,NONE,KEEP_ZERO,CONFIRMED_ZERO_GLOBAL_SCREEN,LOW,Aucun gisement économiquement exploitable identifié au seuil de cet audit mondial préliminaire.,GLOBAL_SCREEN,https://pubs.usgs.gov/periodicals/mcs2026/mcs2026-phosphate.pdf,Aucun district de phosphate de roche à l'échelle du jeu retenu par le criblage mondial.
STATE_LESSER_POLAND,map_data/state_regions/02_east_europe.txt,0,0,NONE,KEEP_ZERO,CONFIRMED_ZERO_GLOBAL_SCREEN,LOW,Aucun gisement économiquement exploitable identifié au seuil de cet audit mondial préliminaire.,GLOBAL_SCREEN,https://pubs.usgs.gov/periodicals/mcs2026/mcs2026-phosphate.pdf,Aucun district de phosphate de roche à l'échelle du jeu retenu par le criblage mondial.
STATE_WEST_PRUSSIA,map_data/state_regions/02_east_europe.txt,0,0,NONE,KEEP_ZERO,CONFIRMED_ZERO_GLOBAL_SCREEN,LOW,Aucun gisement économiquement exploitable identifié au seuil de cet audit mondial préliminaire.,GLOBAL_SCREEN,https://pubs.usgs.gov/periodicals/mcs2026/mcs2026-phosphate.pdf,Aucun district de phosphate de roche à l'échelle du jeu retenu par le criblage mondial.
STATE_EAST_PRUSSIA,map_data/state_regions/02_east_europe.txt,0,0,NONE,KEEP_ZERO,CONFIRMED_ZERO_GLOBAL_SCREEN,LOW,Aucun gisement économiquement exploitable identifié au seuil de cet audit mondial préliminaire.,GLOBAL_SCREEN,https://pubs.usgs.gov/periodicals/mcs2026/mcs2026-phosphate.pdf,Aucun district de phosphate de roche à l'échelle du jeu retenu par le criblage mondial.
STATE_POSEN,map_data/state_regions/02_east_europe.txt,0,0,NONE,KEEP_ZERO,CONFIRMED_ZERO_GLOBAL_SCREEN,LOW,Aucun gisement économiquement exploitable identifié au seuil de cet audit mondial préliminaire.,GLOBAL_SCREEN,https://pubs.usgs.gov/periodicals/mcs2026/mcs2026-phosphate.pdf,Aucun district de phosphate de roche à l'échelle du jeu retenu par le criblage mondial.
STATE_WEST_GALICIA,map_data/state_regions/02_east_europe.txt,0,0,NONE,KEEP_ZERO,CONFIRMED_ZERO_GLOBAL_SCREEN,LOW,Aucun gisement économiquement exploitable identifié au seuil de cet audit mondial préliminaire.,GLOBAL_SCREEN,https://pubs.usgs.gov/periodicals/mcs2026/mcs2026-phosphate.pdf,Aucun district de phosphate de roche à l'échelle du jeu retenu par le criblage mondial.
STATE_EAST_GALICIA,map_data/state_regions/02_east_europe.txt,0,0,NONE,KEEP_ZERO,CONFIRMED_ZERO_GLOBAL_SCREEN,LOW,Aucun gisement économiquement exploitable identifié au seuil de cet audit mondial préliminaire.,GLOBAL_SCREEN,https://pubs.usgs.gov/periodicals/mcs2026/mcs2026-phosphate.pdf,Aucun district de phosphate de roche à l'échelle du jeu retenu par le criblage mondial.
STATE_CENTRAL_HUNGARY,map_data/state_regions/02_east_europe.txt,0,0,NONE,KEEP_ZERO,CONFIRMED_ZERO_GLOBAL_SCREEN,LOW,Aucun gisement économiquement exploitable identifié au seuil de cet audit mondial préliminaire.,GLOBAL_SCREEN,https://pubs.usgs.gov/periodicals/mcs2026/mcs2026-phosphate.pdf,Aucun district de phosphate de roche à l'échelle du jeu retenu par le criblage mondial.
STATE_BEKES,map_data/state_regions/02_east_europe.txt,0,0,NONE,KEEP_ZERO,CONFIRMED_ZERO_GLOBAL_SCREEN,LOW,Aucun gisement économiquement exploitable identifié au seuil de cet audit mondial préliminaire.,GLOBAL_SCREEN,https://pubs.usgs.gov/periodicals/mcs2026/mcs2026-phosphate.pdf,Aucun district de phosphate de roche à l'échelle du jeu retenu par le criblage mondial.
STATE_TRANSDANUBIA,map_data/state_regions/02_east_europe.txt,0,0,NONE,KEEP_ZERO,CONFIRMED_ZERO_GLOBAL_SCREEN,LOW,Aucun gisement économiquement exploitable identifié au seuil de cet audit mondial préliminaire.,GLOBAL_SCREEN,https://pubs.usgs.gov/periodicals/mcs2026/mcs2026-phosphate.pdf,Aucun district de phosphate de roche à l'échelle du jeu retenu par le criblage mondial.
STATE_DELVIDEK,map_data/state_regions/02_east_europe.txt,0,0,NONE,KEEP_ZERO,CONFIRMED_ZERO_GLOBAL_SCREEN,LOW,Aucun gisement économiquement exploitable identifié au seuil de cet audit mondial préliminaire.,GLOBAL_SCREEN,https://pubs.usgs.gov/periodicals/mcs2026/mcs2026-phosphate.pdf,Aucun district de phosphate de roche à l'échelle du jeu retenu par le criblage mondial.
STATE_BANAT,map_data/state_regions/02_east_europe.txt,0,0,NONE,KEEP_ZERO,CONFIRMED_ZERO_GLOBAL_SCREEN,LOW,Aucun gisement économiquement exploitable identifié au seuil de cet audit mondial préliminaire.,GLOBAL_SCREEN,https://pubs.usgs.gov/periodicals/mcs2026/mcs2026-phosphate.pdf,Aucun district de phosphate de roche à l'échelle du jeu retenu par le criblage mondial.
STATE_SLOVAKIA,map_data/state_regions/02_east_europe.txt,0,0,NONE,KEEP_ZERO,CONFIRMED_ZERO_GLOBAL_SCREEN,LOW,Aucun gisement économiquement exploitable identifié au seuil de cet audit mondial préliminaire.,GLOBAL_SCREEN,https://pubs.usgs.gov/periodicals/mcs2026/mcs2026-phosphate.pdf,Aucun district de phosphate de roche à l'échelle du jeu retenu par le criblage mondial.
STATE_RUTHENIA,map_data/state_regions/02_east_europe.txt,0,0,NONE,KEEP_ZERO,CONFIRMED_ZERO_GLOBAL_SCREEN,LOW,Aucun gisement économiquement exploitable identifié au seuil de cet audit mondial préliminaire.,GLOBAL_SCREEN,https://pubs.usgs.gov/periodicals/mcs2026/mcs2026-phosphate.pdf,Aucun district de phosphate de roche à l'échelle du jeu retenu par le criblage mondial.
STATE_SOUTHERN_TRANSYLVANIA,map_data/state_regions/02_east_europe.txt,0,0,NONE,KEEP_ZERO,CONFIRMED_ZERO_GLOBAL_SCREEN,LOW,Aucun gisement économiquement exploitable identifié au seuil de cet audit mondial préliminaire.,GLOBAL_SCREEN,https://pubs.usgs.gov/periodicals/mcs2026/mcs2026-phosphate.pdf,Aucun district de phosphate de roche à l'échelle du jeu retenu par le criblage mondial.
STATE_NORTHERN_TRANSYLVANIA,map_data/state_regions/02_east_europe.txt,0,0,NONE,KEEP_ZERO,CONFIRMED_ZERO_GLOBAL_SCREEN,LOW,Aucun gisement économiquement exploitable identifié au seuil de cet audit mondial préliminaire.,GLOBAL_SCREEN,https://pubs.usgs.gov/periodicals/mcs2026/mcs2026-phosphate.pdf,Aucun district de phosphate de roche à l'échelle du jeu retenu par le criblage mondial.
STATE_MOLDAVIA,map_data/state_regions/02_east_europe.txt,0,0,NONE,KEEP_ZERO,CONFIRMED_ZERO_GLOBAL_SCREEN,LOW,Aucun gisement économiquement exploitable identifié au seuil de cet audit mondial préliminaire.,GLOBAL_SCREEN,https://pubs.usgs.gov/periodicals/mcs2026/mcs2026-phosphate.pdf,Aucun district de phosphate de roche à l'échelle du jeu retenu par le criblage mondial.
STATE_BUKOVINA,map_data/state_regions/02_east_europe.txt,0,0,NONE,KEEP_ZERO,CONFIRMED_ZERO_GLOBAL_SCREEN,LOW,Aucun gisement économiquement exploitable identifié au seuil de cet audit mondial préliminaire.,GLOBAL_SCREEN,https://pubs.usgs.gov/periodicals/mcs2026/mcs2026-phosphate.pdf,Aucun district de phosphate de roche à l'échelle du jeu retenu par le criblage mondial.
STATE_WALLACHIA,map_data/state_regions/02_east_europe.txt,0,0,NONE,KEEP_ZERO,CONFIRMED_ZERO_GLOBAL_SCREEN,LOW,Aucun gisement économiquement exploitable identifié au seuil de cet audit mondial préliminaire.,GLOBAL_SCREEN,https://pubs.usgs.gov/periodicals/mcs2026/mcs2026-phosphate.pdf,Aucun district de phosphate de roche à l'échelle du jeu retenu par le criblage mondial.
STATE_BESSARABIA,map_data/state_regions/02_east_europe.txt,0,0,NONE,KEEP_ZERO,CONFIRMED_ZERO_GLOBAL_SCREEN,LOW,Aucun gisement économiquement exploitable identifié au seuil de cet audit mondial préliminaire.,GLOBAL_SCREEN,https://pubs.usgs.gov/periodicals/mcs2026/mcs2026-phosphate.pdf,Aucun district de phosphate de roche à l'échelle du jeu retenu par le criblage mondial.
STATE_LOWER_EGYPT,map_data/state_regions/03_north_africa.txt,0,0,NONE,KEEP_ZERO,CONFIRMED_ZERO_GLOBAL_SCREEN,LOW,Aucun gisement économiquement exploitable identifié au seuil de cet audit mondial préliminaire.,GLOBAL_SCREEN,https://pubs.usgs.gov/periodicals/mcs2026/mcs2026-phosphate.pdf,Aucun district de phosphate de roche à l'échelle du jeu retenu par le criblage mondial.
STATE_UPPER_EGYPT,map_data/state_regions/03_north_africa.txt,36,36,HIGH,ADD_CAPPED_RESOURCE,CONFIRMED_DISTRICT_OR_GAME_STATE_AGGREGATION,HIGH,Ceinture phosphatée de la vallée du Nil en Haute-Égypte.,OFFICIAL_EGYPTIAN_SURVEY,https://emra.gov.eg/ca/about-us,Confirmé après contrôle du district et de son rattachement à l'État de jeu.
STATE_MIDDLE_EGYPT,map_data/state_regions/03_north_africa.txt,0,0,NONE,KEEP_ZERO,CONFIRMED_ZERO_GLOBAL_SCREEN,LOW,Aucun gisement économiquement exploitable identifié au seuil de cet audit mondial préliminaire.,GLOBAL_SCREEN,https://pubs.usgs.gov/periodicals/mcs2026/mcs2026-phosphate.pdf,Aucun district de phosphate de roche à l'échelle du jeu retenu par le criblage mondial.
STATE_EGYPTIAN_DESERT,map_data/state_regions/03_north_africa.txt,36,36,HIGH,ADD_CAPPED_RESOURCE,CONFIRMED_DISTRICT_OR_GAME_STATE_AGGREGATION,HIGH,Phosphorites du désert oriental égyptien.,OFFICIAL_EGYPTIAN_SURVEY,https://emra.gov.eg/ca/about-us,Confirmé après contrôle du district et de son rattachement à l'État de jeu.
STATE_MATRUH,map_data/state_regions/03_north_africa.txt,0,0,NONE,KEEP_ZERO,CONFIRMED_ZERO_GLOBAL_SCREEN,LOW,Aucun gisement économiquement exploitable identifié au seuil de cet audit mondial préliminaire.,GLOBAL_SCREEN,https://pubs.usgs.gov/periodicals/mcs2026/mcs2026-phosphate.pdf,Aucun district de phosphate de roche à l'échelle du jeu retenu par le criblage mondial.
STATE_SINAI,map_data/state_regions/03_north_africa.txt,16,0,NONE,KEEP_ZERO,REJECTED_EXACT_STATE_MAPPING,HIGH,Occurrences phosphatées du Sinaï et du golfe de Suez.,OFFICIAL_EGYPTIAN_SURVEY,https://emra.gov.eg/ca/about-us,"Retiré : la source officielle situe les grands phosphates égyptiens dans la vallée du Nil, le désert oriental et la côte de la mer Rouge, pas dans le Sinaï."
STATE_ERITREA,map_data/state_regions/03_north_africa.txt,0,0,NONE,KEEP_ZERO,CONFIRMED_ZERO_GLOBAL_SCREEN,LOW,Aucun gisement économiquement exploitable identifié au seuil de cet audit mondial préliminaire.,GLOBAL_SCREEN,https://pubs.usgs.gov/periodicals/mcs2026/mcs2026-phosphate.pdf,Aucun district de phosphate de roche à l'échelle du jeu retenu par le criblage mondial.
STATE_DONGOLA,map_data/state_regions/03_north_africa.txt,0,0,NONE,KEEP_ZERO,CONFIRMED_ZERO_GLOBAL_SCREEN,LOW,Aucun gisement économiquement exploitable identifié au seuil de cet audit mondial préliminaire.,GLOBAL_SCREEN,https://pubs.usgs.gov/periodicals/mcs2026/mcs2026-phosphate.pdf,Aucun district de phosphate de roche à l'échelle du jeu retenu par le criblage mondial.
STATE_KORDOFAN,map_data/state_regions/03_north_africa.txt,0,0,NONE,KEEP_ZERO,CONFIRMED_ZERO_GLOBAL_SCREEN,LOW,Aucun gisement économiquement exploitable identifié au seuil de cet audit mondial préliminaire.,GLOBAL_SCREEN,https://pubs.usgs.gov/periodicals/mcs2026/mcs2026-phosphate.pdf,Aucun district de phosphate de roche à l'échelle du jeu retenu par le criblage mondial.
STATE_DARFUR,map_data/state_regions/03_north_africa.txt,0,0,NONE,KEEP_ZERO,CONFIRMED_ZERO_GLOBAL_SCREEN,LOW,Aucun gisement économiquement exploitable identifié au seuil de cet audit mondial préliminaire.,GLOBAL_SCREEN,https://pubs.usgs.gov/periodicals/mcs2026/mcs2026-phosphate.pdf,Aucun district de phosphate de roche à l'échelle du jeu retenu par le criblage mondial.
STATE_BLUE_NILE,map_data/state_regions/03_north_africa.txt,0,0,NONE,KEEP_ZERO,CONFIRMED_ZERO_GLOBAL_SCREEN,LOW,Aucun gisement économiquement exploitable identifié au seuil de cet audit mondial préliminaire.,GLOBAL_SCREEN,https://pubs.usgs.gov/periodicals/mcs2026/mcs2026-phosphate.pdf,Aucun district de phosphate de roche à l'échelle du jeu retenu par le criblage mondial.
STATE_MARRAKECH,map_data/state_regions/03_north_africa.txt,48,48,VERY_HIGH,ADD_CAPPED_RESOURCE,CONFIRMED_DISTRICT_OR_GAME_STATE_AGGREGATION,HIGH,"Bassin de Gantour, grand district phosphaté marocain.",USGS_DISTRICT_REPORT,https://pubs.usgs.gov/of/1978/1008/report.pdf,Confirmé après contrôle du district et de son rattachement à l'État de jeu.
STATE_FEZ,map_data/state_regions/03_north_africa.txt,0,0,NONE,KEEP_ZERO,CONFIRMED_ZERO_GLOBAL_SCREEN,LOW,Aucun gisement économiquement exploitable identifié au seuil de cet audit mondial préliminaire.,GLOBAL_SCREEN,https://pubs.usgs.gov/periodicals/mcs2026/mcs2026-phosphate.pdf,Aucun district de phosphate de roche à l'échelle du jeu retenu par le criblage mondial.
STATE_AL_RIF,map_data/state_regions/03_north_africa.txt,0,0,NONE,KEEP_ZERO,CONFIRMED_ZERO_GLOBAL_SCREEN,LOW,Aucun gisement économiquement exploitable identifié au seuil de cet audit mondial préliminaire.,GLOBAL_SCREEN,https://pubs.usgs.gov/periodicals/mcs2026/mcs2026-phosphate.pdf,Aucun district de phosphate de roche à l'échelle du jeu retenu par le criblage mondial.
STATE_INNER_MOROCCO,map_data/state_regions/03_north_africa.txt,60,60,WORLD_CLASS,ADD_CAPPED_RESOURCE,CONFIRMED_DISTRICT_OR_GAME_STATE_AGGREGATION,HIGH,"Bassin des Ouled Abdoun, cœur des réserves phosphatées marocaines.",USGS_DISTRICT_REPORT,https://pubs.usgs.gov/of/1978/1008/report.pdf,Confirmé après contrôle du district et de son rattachement à l'État de jeu.
STATE_ALGIERS,map_data/state_regions/03_north_africa.txt,16,0,NONE,KEEP_ZERO,REJECTED_EXACT_STATE_MAPPING,HIGH,Ressources algériennes secondaires agrégées à l’échelle de l’État de jeu.,USGS_MINERALS_YEARBOOK,https://pubs.usgs.gov/myb/vol3/2017-18/myb3-2017-18-algeria.pdf,"Retiré : Djebel Onk est à Tébessa dans l'est algérien, représenté par STATE_CONSTANTINE."
STATE_CONSTANTINE,map_data/state_regions/03_north_africa.txt,36,36,HIGH,ADD_CAPPED_RESOURCE,CONFIRMED_DISTRICT_OR_GAME_STATE_AGGREGATION,HIGH,Districts phosphatés de l’est algérien.,USGS_MINERALS_YEARBOOK,https://pubs.usgs.gov/myb/vol3/2017-18/myb3-2017-18-algeria.pdf,Confirmé après contrôle du district et de son rattachement à l'État de jeu.
STATE_ORAN,map_data/state_regions/03_north_africa.txt,0,0,NONE,KEEP_ZERO,CONFIRMED_ZERO_GLOBAL_SCREEN,LOW,Aucun gisement économiquement exploitable identifié au seuil de cet audit mondial préliminaire.,GLOBAL_SCREEN,https://pubs.usgs.gov/periodicals/mcs2026/mcs2026-phosphate.pdf,Aucun district de phosphate de roche à l'échelle du jeu retenu par le criblage mondial.
STATE_TUNISIA,map_data/state_regions/03_north_africa.txt,48,48,VERY_HIGH,ADD_CAPPED_RESOURCE,CONFIRMED_DISTRICT_OR_GAME_STATE_AGGREGATION,HIGH,Bassin phosphaté tunisien de Gafsa et extensions.,OFFICIAL_TUNISIAN_MINING_OFFICE,https://www.onm.nat.tn/en/index.php?p=indminier,Confirmé après contrôle du district et de son rattachement à l'État de jeu.
STATE_TRIPOLI,map_data/state_regions/03_north_africa.txt,0,0,NONE,KEEP_ZERO,CONFIRMED_ZERO_GLOBAL_SCREEN,LOW,Aucun gisement économiquement exploitable identifié au seuil de cet audit mondial préliminaire.,GLOBAL_SCREEN,https://pubs.usgs.gov/periodicals/mcs2026/mcs2026-phosphate.pdf,Aucun district de phosphate de roche à l'échelle du jeu retenu par le criblage mondial.
STATE_LIBYA,map_data/state_regions/03_north_africa.txt,0,0,NONE,KEEP_ZERO,CONFIRMED_ZERO_GLOBAL_SCREEN,LOW,Aucun gisement économiquement exploitable identifié au seuil de cet audit mondial préliminaire.,GLOBAL_SCREEN,https://pubs.usgs.gov/periodicals/mcs2026/mcs2026-phosphate.pdf,Aucun district de phosphate de roche à l'échelle du jeu retenu par le criblage mondial.
STATE_LIBYAN_DESERT,map_data/state_regions/03_north_africa.txt,0,0,NONE,KEEP_ZERO,CONFIRMED_ZERO_GLOBAL_SCREEN,LOW,Aucun gisement économiquement exploitable identifié au seuil de cet audit mondial préliminaire.,GLOBAL_SCREEN,https://pubs.usgs.gov/periodicals/mcs2026/mcs2026-phosphate.pdf,Aucun district de phosphate de roche à l'échelle du jeu retenu par le criblage mondial.
STATE_SAHARA,map_data/state_regions/03_north_africa.txt,0,0,NONE,KEEP_ZERO,CONFIRMED_ZERO_GLOBAL_SCREEN,LOW,Aucun gisement économiquement exploitable identifié au seuil de cet audit mondial préliminaire.,GLOBAL_SCREEN,https://pubs.usgs.gov/periodicals/mcs2026/mcs2026-phosphate.pdf,Aucun district de phosphate de roche à l'échelle du jeu retenu par le criblage mondial.
STATE_EAST_SAHARA,map_data/state_regions/03_north_africa.txt,0,0,NONE,KEEP_ZERO,CONFIRMED_ZERO_GLOBAL_SCREEN,LOW,Aucun gisement économiquement exploitable identifié au seuil de cet audit mondial préliminaire.,GLOBAL_SCREEN,https://pubs.usgs.gov/periodicals/mcs2026/mcs2026-phosphate.pdf,Aucun district de phosphate de roche à l'échelle du jeu retenu par le criblage mondial.
STATE_WEST_SAHARA,map_data/state_regions/03_north_africa.txt,60,60,WORLD_CLASS,ADD_CAPPED_RESOURCE,CONFIRMED_DISTRICT_OR_GAME_STATE_AGGREGATION,HIGH,"Gisement de Bou Craa, ressource phosphatée de classe mondiale.",USGS_GRADE_TONNAGE_MODEL,https://pubs.usgs.gov/bul/b1693/html/bull6spx.htm,Confirmé après contrôle du district et de son rattachement à l'État de jeu.
STATE_MAURITANIA,map_data/state_regions/03_north_africa.txt,0,0,NONE,KEEP_ZERO,CONFIRMED_ZERO_GLOBAL_SCREEN,LOW,Aucun gisement économiquement exploitable identifié au seuil de cet audit mondial préliminaire.,GLOBAL_SCREEN,https://pubs.usgs.gov/periodicals/mcs2026/mcs2026-phosphate.pdf,Aucun district de phosphate de roche à l'échelle du jeu retenu par le criblage mondial.
STATE_INNER_MAURITANIA,map_data/state_regions/03_north_africa.txt,0,0,NONE,KEEP_ZERO,CONFIRMED_ZERO_GLOBAL_SCREEN,LOW,Aucun gisement économiquement exploitable identifié au seuil de cet audit mondial préliminaire.,GLOBAL_SCREEN,https://pubs.usgs.gov/periodicals/mcs2026/mcs2026-phosphate.pdf,Aucun district de phosphate de roche à l'échelle du jeu retenu par le criblage mondial.
STATE_EASTERN_MALI,map_data/state_regions/03_north_africa.txt,0,0,NONE,KEEP_ZERO,CONFIRMED_ZERO_GLOBAL_SCREEN,LOW,Aucun gisement économiquement exploitable identifié au seuil de cet audit mondial préliminaire.,GLOBAL_SCREEN,https://pubs.usgs.gov/periodicals/mcs2026/mcs2026-phosphate.pdf,Aucun district de phosphate de roche à l'échelle du jeu retenu par le criblage mondial.
STATE_WESTERN_MALI,map_data/state_regions/03_north_africa.txt,0,0,NONE,KEEP_ZERO,CONFIRMED_ZERO_GLOBAL_SCREEN,LOW,Aucun gisement économiquement exploitable identifié au seuil de cet audit mondial préliminaire.,GLOBAL_SCREEN,https://pubs.usgs.gov/periodicals/mcs2026/mcs2026-phosphate.pdf,Aucun district de phosphate de roche à l'échelle du jeu retenu par le criblage mondial.
STATE_TIMBUKTU,map_data/state_regions/03_north_africa.txt,0,0,NONE,KEEP_ZERO,CONFIRMED_ZERO_GLOBAL_SCREEN,LOW,Aucun gisement économiquement exploitable identifié au seuil de cet audit mondial préliminaire.,GLOBAL_SCREEN,https://pubs.usgs.gov/periodicals/mcs2026/mcs2026-phosphate.pdf,Aucun district de phosphate de roche à l'échelle du jeu retenu par le criblage mondial.
STATE_NIGER,map_data/state_regions/03_north_africa.txt,0,0,NONE,KEEP_ZERO,CONFIRMED_ZERO_GLOBAL_SCREEN,LOW,Aucun gisement économiquement exploitable identifié au seuil de cet audit mondial préliminaire.,GLOBAL_SCREEN,https://pubs.usgs.gov/periodicals/mcs2026/mcs2026-phosphate.pdf,Aucun district de phosphate de roche à l'échelle du jeu retenu par le criblage mondial.
STATE_CHAD,map_data/state_regions/03_north_africa.txt,0,0,NONE,KEEP_ZERO,CONFIRMED_ZERO_GLOBAL_SCREEN,LOW,Aucun gisement économiquement exploitable identifié au seuil de cet audit mondial préliminaire.,GLOBAL_SCREEN,https://pubs.usgs.gov/periodicals/mcs2026/mcs2026-phosphate.pdf,Aucun district de phosphate de roche à l'échelle du jeu retenu par le criblage mondial.
STATE_IVORY_COAST,map_data/state_regions/04_subsaharan_africa.txt,0,0,NONE,KEEP_ZERO,CONFIRMED_ZERO_GLOBAL_SCREEN,LOW,Aucun gisement économiquement exploitable identifié au seuil de cet audit mondial préliminaire.,GLOBAL_SCREEN,https://pubs.usgs.gov/periodicals/mcs2026/mcs2026-phosphate.pdf,Aucun district de phosphate de roche à l'échelle du jeu retenu par le criblage mondial.
STATE_WINDWARD_COAST,map_data/state_regions/04_subsaharan_africa.txt,0,0,NONE,KEEP_ZERO,CONFIRMED_ZERO_GLOBAL_SCREEN,LOW,Aucun gisement économiquement exploitable identifié au seuil de cet audit mondial préliminaire.,GLOBAL_SCREEN,https://pubs.usgs.gov/periodicals/mcs2026/mcs2026-phosphate.pdf,Aucun district de phosphate de roche à l'échelle du jeu retenu par le criblage mondial.
STATE_SENEGAL,map_data/state_regions/04_subsaharan_africa.txt,24,24,MEDIUM,ADD_CAPPED_RESOURCE,CONFIRMED_DISTRICT_OR_GAME_STATE_AGGREGATION,HIGH,Districts phosphatés sénégalais.,USGS_GRADE_TONNAGE_MODEL,https://pubs.usgs.gov/bul/b1693/html/bull6spx.htm,Confirmé après contrôle du district et de son rattachement à l'État de jeu.
STATE_SIERRA_LEONE,map_data/state_regions/04_subsaharan_africa.txt,0,0,NONE,KEEP_ZERO,CONFIRMED_ZERO_GLOBAL_SCREEN,LOW,Aucun gisement économiquement exploitable identifié au seuil de cet audit mondial préliminaire.,GLOBAL_SCREEN,https://pubs.usgs.gov/periodicals/mcs2026/mcs2026-phosphate.pdf,Aucun district de phosphate de roche à l'échelle du jeu retenu par le criblage mondial.
STATE_VOLTA,map_data/state_regions/04_subsaharan_africa.txt,0,0,NONE,KEEP_ZERO,CONFIRMED_ZERO_GLOBAL_SCREEN,LOW,Aucun gisement économiquement exploitable identifié au seuil de cet audit mondial préliminaire.,GLOBAL_SCREEN,https://pubs.usgs.gov/periodicals/mcs2026/mcs2026-phosphate.pdf,Aucun district de phosphate de roche à l'échelle du jeu retenu par le criblage mondial.
STATE_LIBERIA,map_data/state_regions/04_subsaharan_africa.txt,0,0,NONE,KEEP_ZERO,CONFIRMED_ZERO_GLOBAL_SCREEN,LOW,Aucun gisement économiquement exploitable identifié au seuil de cet audit mondial préliminaire.,GLOBAL_SCREEN,https://pubs.usgs.gov/periodicals/mcs2026/mcs2026-phosphate.pdf,Aucun district de phosphate de roche à l'échelle du jeu retenu par le criblage mondial.
STATE_HAUSALAND,map_data/state_regions/04_subsaharan_africa.txt,0,0,NONE,KEEP_ZERO,CONFIRMED_ZERO_GLOBAL_SCREEN,LOW,Aucun gisement économiquement exploitable identifié au seuil de cet audit mondial préliminaire.,GLOBAL_SCREEN,https://pubs.usgs.gov/periodicals/mcs2026/mcs2026-phosphate.pdf,Aucun district de phosphate de roche à l'échelle du jeu retenu par le criblage mondial.
STATE_BENIN,map_data/state_regions/04_subsaharan_africa.txt,0,0,NONE,KEEP_ZERO,CONFIRMED_ZERO_GLOBAL_SCREEN,LOW,Aucun gisement économiquement exploitable identifié au seuil de cet audit mondial préliminaire.,GLOBAL_SCREEN,https://pubs.usgs.gov/periodicals/mcs2026/mcs2026-phosphate.pdf,Aucun district de phosphate de roche à l'échelle du jeu retenu par le criblage mondial.
STATE_YORUBA_STATES,map_data/state_regions/04_subsaharan_africa.txt,0,0,NONE,KEEP_ZERO,CONFIRMED_ZERO_GLOBAL_SCREEN,LOW,Aucun gisement économiquement exploitable identifié au seuil de cet audit mondial préliminaire.,GLOBAL_SCREEN,https://pubs.usgs.gov/periodicals/mcs2026/mcs2026-phosphate.pdf,Aucun district de phosphate de roche à l'échelle du jeu retenu par le criblage mondial.
STATE_NIGER_DELTA,map_data/state_regions/04_subsaharan_africa.txt,0,0,NONE,KEEP_ZERO,CONFIRMED_ZERO_GLOBAL_SCREEN,LOW,Aucun gisement économiquement exploitable identifié au seuil de cet audit mondial préliminaire.,GLOBAL_SCREEN,https://pubs.usgs.gov/periodicals/mcs2026/mcs2026-phosphate.pdf,Aucun district de phosphate de roche à l'échelle du jeu retenu par le criblage mondial.
STATE_OUTER_HAUSALAND,map_data/state_regions/04_subsaharan_africa.txt,0,0,NONE,KEEP_ZERO,CONFIRMED_ZERO_GLOBAL_SCREEN,LOW,Aucun gisement économiquement exploitable identifié au seuil de cet audit mondial préliminaire.,GLOBAL_SCREEN,https://pubs.usgs.gov/periodicals/mcs2026/mcs2026-phosphate.pdf,Aucun district de phosphate de roche à l'échelle du jeu retenu par le criblage mondial.
STATE_BORNU,map_data/state_regions/04_subsaharan_africa.txt,0,0,NONE,KEEP_ZERO,CONFIRMED_ZERO_GLOBAL_SCREEN,LOW,Aucun gisement économiquement exploitable identifié au seuil de cet audit mondial préliminaire.,GLOBAL_SCREEN,https://pubs.usgs.gov/periodicals/mcs2026/mcs2026-phosphate.pdf,Aucun district de phosphate de roche à l'échelle du jeu retenu par le criblage mondial.
STATE_NIGERIA,map_data/state_regions/04_subsaharan_africa.txt,0,0,NONE,KEEP_ZERO,CONFIRMED_ZERO_GLOBAL_SCREEN,LOW,Aucun gisement économiquement exploitable identifié au seuil de cet audit mondial préliminaire.,GLOBAL_SCREEN,https://pubs.usgs.gov/periodicals/mcs2026/mcs2026-phosphate.pdf,Aucun district de phosphate de roche à l'échelle du jeu retenu par le criblage mondial.
STATE_EAST_HAUSALAND,map_data/state_regions/04_subsaharan_africa.txt,0,0,NONE,KEEP_ZERO,CONFIRMED_ZERO_GLOBAL_SCREEN,LOW,Aucun gisement économiquement exploitable identifié au seuil de cet audit mondial préliminaire.,GLOBAL_SCREEN,https://pubs.usgs.gov/periodicals/mcs2026/mcs2026-phosphate.pdf,Aucun district de phosphate de roche à l'échelle du jeu retenu par le criblage mondial.
STATE_GUINEA,map_data/state_regions/04_subsaharan_africa.txt,0,0,NONE,KEEP_ZERO,CONFIRMED_ZERO_GLOBAL_SCREEN,LOW,Aucun gisement économiquement exploitable identifié au seuil de cet audit mondial préliminaire.,GLOBAL_SCREEN,https://pubs.usgs.gov/periodicals/mcs2026/mcs2026-phosphate.pdf,Aucun district de phosphate de roche à l'échelle du jeu retenu par le criblage mondial.
STATE_GOLD_COAST,map_data/state_regions/04_subsaharan_africa.txt,0,0,NONE,KEEP_ZERO,CONFIRMED_ZERO_GLOBAL_SCREEN,LOW,Aucun gisement économiquement exploitable identifié au seuil de cet audit mondial préliminaire.,GLOBAL_SCREEN,https://pubs.usgs.gov/periodicals/mcs2026/mcs2026-phosphate.pdf,Aucun district de phosphate de roche à l'échelle du jeu retenu par le criblage mondial.
STATE_TOGO,map_data/state_regions/04_subsaharan_africa.txt,16,16,MODEST,ADD_CAPPED_RESOURCE,CONFIRMED_DISTRICT_OR_GAME_STATE_AGGREGATION,HIGH,Bassin phosphaté côtier togolais.,USGS_GRADE_TONNAGE_MODEL,https://pubs.usgs.gov/bul/b1693/html/bull6spx.htm,Confirmé après contrôle du district et de son rattachement à l'État de jeu.
STATE_DAHOMEY,map_data/state_regions/04_subsaharan_africa.txt,0,0,NONE,KEEP_ZERO,CONFIRMED_ZERO_GLOBAL_SCREEN,LOW,Aucun gisement économiquement exploitable identifié au seuil de cet audit mondial préliminaire.,GLOBAL_SCREEN,https://pubs.usgs.gov/periodicals/mcs2026/mcs2026-phosphate.pdf,Aucun district de phosphate de roche à l'échelle du jeu retenu par le criblage mondial.
STATE_LINDI,map_data/state_regions/04_subsaharan_africa.txt,0,0,NONE,KEEP_ZERO,CONFIRMED_ZERO_GLOBAL_SCREEN,LOW,Aucun gisement économiquement exploitable identifié au seuil de cet audit mondial préliminaire.,GLOBAL_SCREEN,https://pubs.usgs.gov/periodicals/mcs2026/mcs2026-phosphate.pdf,Aucun district de phosphate de roche à l'échelle du jeu retenu par le criblage mondial.
STATE_ZANZIBAR,map_data/state_regions/04_subsaharan_africa.txt,0,0,NONE,KEEP_ZERO,CONFIRMED_ZERO_GLOBAL_SCREEN,LOW,Aucun gisement économiquement exploitable identifié au seuil de cet audit mondial préliminaire.,GLOBAL_SCREEN,https://pubs.usgs.gov/periodicals/mcs2026/mcs2026-phosphate.pdf,Aucun district de phosphate de roche à l'échelle du jeu retenu par le criblage mondial.
STATE_TANGANYIKA,map_data/state_regions/04_subsaharan_africa.txt,0,0,NONE,KEEP_ZERO,CONFIRMED_ZERO_GLOBAL_SCREEN,LOW,Aucun gisement économiquement exploitable identifié au seuil de cet audit mondial préliminaire.,GLOBAL_SCREEN,https://pubs.usgs.gov/periodicals/mcs2026/mcs2026-phosphate.pdf,Aucun district de phosphate de roche à l'échelle du jeu retenu par le criblage mondial.
STATE_KENYA,map_data/state_regions/04_subsaharan_africa.txt,0,0,NONE,KEEP_ZERO,CONFIRMED_ZERO_GLOBAL_SCREEN,LOW,Aucun gisement économiquement exploitable identifié au seuil de cet audit mondial préliminaire.,GLOBAL_SCREEN,https://pubs.usgs.gov/periodicals/mcs2026/mcs2026-phosphate.pdf,Aucun district de phosphate de roche à l'échelle du jeu retenu par le criblage mondial.
STATE_RIFT_VALLEY,map_data/state_regions/04_subsaharan_africa.txt,0,0,NONE,KEEP_ZERO,CONFIRMED_ZERO_GLOBAL_SCREEN,LOW,Aucun gisement économiquement exploitable identifié au seuil de cet audit mondial préliminaire.,GLOBAL_SCREEN,https://pubs.usgs.gov/periodicals/mcs2026/mcs2026-phosphate.pdf,Aucun district de phosphate de roche à l'échelle du jeu retenu par le criblage mondial.
STATE_OROMIA,map_data/state_regions/04_subsaharan_africa.txt,0,0,NONE,KEEP_ZERO,CONFIRMED_ZERO_GLOBAL_SCREEN,LOW,Aucun gisement économiquement exploitable identifié au seuil de cet audit mondial préliminaire.,GLOBAL_SCREEN,https://pubs.usgs.gov/periodicals/mcs2026/mcs2026-phosphate.pdf,Aucun district de phosphate de roche à l'échelle du jeu retenu par le criblage mondial.
STATE_AMHARA,map_data/state_regions/04_subsaharan_africa.txt,0,0,NONE,KEEP_ZERO,CONFIRMED_ZERO_GLOBAL_SCREEN,LOW,Aucun gisement économiquement exploitable identifié au seuil de cet audit mondial préliminaire.,GLOBAL_SCREEN,https://pubs.usgs.gov/periodicals/mcs2026/mcs2026-phosphate.pdf,Aucun district de phosphate de roche à l'échelle du jeu retenu par le criblage mondial.
STATE_GONDER,map_data/state_regions/04_subsaharan_africa.txt,0,0,NONE,KEEP_ZERO,CONFIRMED_ZERO_GLOBAL_SCREEN,LOW,Aucun gisement économiquement exploitable identifié au seuil de cet audit mondial préliminaire.,GLOBAL_SCREEN,https://pubs.usgs.gov/periodicals/mcs2026/mcs2026-phosphate.pdf,Aucun district de phosphate de roche à l'échelle du jeu retenu par le criblage mondial.
STATE_KAZEMBE,map_data/state_regions/04_subsaharan_africa.txt,0,0,NONE,KEEP_ZERO,CONFIRMED_ZERO_GLOBAL_SCREEN,LOW,Aucun gisement économiquement exploitable identifié au seuil de cet audit mondial préliminaire.,GLOBAL_SCREEN,https://pubs.usgs.gov/periodicals/mcs2026/mcs2026-phosphate.pdf,Aucun district de phosphate de roche à l'échelle du jeu retenu par le criblage mondial.
STATE_SOMALILAND,map_data/state_regions/04_subsaharan_africa.txt,0,0,NONE,KEEP_ZERO,CONFIRMED_ZERO_GLOBAL_SCREEN,LOW,Aucun gisement économiquement exploitable identifié au seuil de cet audit mondial préliminaire.,GLOBAL_SCREEN,https://pubs.usgs.gov/periodicals/mcs2026/mcs2026-phosphate.pdf,Aucun district de phosphate de roche à l'échelle du jeu retenu par le criblage mondial.
STATE_SOUTH_MADAGASCAR,map_data/state_regions/04_subsaharan_africa.txt,0,0,NONE,KEEP_ZERO,CONFIRMED_ZERO_GLOBAL_SCREEN,LOW,Aucun gisement économiquement exploitable identifié au seuil de cet audit mondial préliminaire.,GLOBAL_SCREEN,https://pubs.usgs.gov/periodicals/mcs2026/mcs2026-phosphate.pdf,Aucun district de phosphate de roche à l'échelle du jeu retenu par le criblage mondial.
STATE_NORTH_MADAGASCAR,map_data/state_regions/04_subsaharan_africa.txt,0,0,NONE,KEEP_ZERO,CONFIRMED_ZERO_GLOBAL_SCREEN,LOW,Aucun gisement économiquement exploitable identifié au seuil de cet audit mondial préliminaire.,GLOBAL_SCREEN,https://pubs.usgs.gov/periodicals/mcs2026/mcs2026-phosphate.pdf,Aucun district de phosphate de roche à l'échelle du jeu retenu par le criblage mondial.
STATE_UGANDA,map_data/state_regions/04_subsaharan_africa.txt,0,0,NONE,KEEP_ZERO,CONFIRMED_ZERO_GLOBAL_SCREEN,LOW,Aucun gisement économiquement exploitable identifié au seuil de cet audit mondial préliminaire.,GLOBAL_SCREEN,https://pubs.usgs.gov/periodicals/mcs2026/mcs2026-phosphate.pdf,Aucun district de phosphate de roche à l'échelle du jeu retenu par le criblage mondial.
STATE_EQUATORIA,map_data/state_regions/04_subsaharan_africa.txt,0,0,NONE,KEEP_ZERO,CONFIRMED_ZERO_GLOBAL_SCREEN,LOW,Aucun gisement économiquement exploitable identifié au seuil de cet audit mondial préliminaire.,GLOBAL_SCREEN,https://pubs.usgs.gov/periodicals/mcs2026/mcs2026-phosphate.pdf,Aucun district de phosphate de roche à l'échelle du jeu retenu par le criblage mondial.
STATE_MOCAMBIQUE,map_data/state_regions/04_subsaharan_africa.txt,0,0,NONE,KEEP_ZERO,CONFIRMED_ZERO_GLOBAL_SCREEN,LOW,Aucun gisement économiquement exploitable identifié au seuil de cet audit mondial préliminaire.,GLOBAL_SCREEN,https://pubs.usgs.gov/periodicals/mcs2026/mcs2026-phosphate.pdf,Aucun district de phosphate de roche à l'échelle du jeu retenu par le criblage mondial.
STATE_WADDAI,map_data/state_regions/04_subsaharan_africa.txt,0,0,NONE,KEEP_ZERO,CONFIRMED_ZERO_GLOBAL_SCREEN,LOW,Aucun gisement économiquement exploitable identifié au seuil de cet audit mondial préliminaire.,GLOBAL_SCREEN,https://pubs.usgs.gov/periodicals/mcs2026/mcs2026-phosphate.pdf,Aucun district de phosphate de roche à l'échelle du jeu retenu par le criblage mondial.
STATE_NORTH_CAMEROON,map_data/state_regions/04_subsaharan_africa.txt,0,0,NONE,KEEP_ZERO,CONFIRMED_ZERO_GLOBAL_SCREEN,LOW,Aucun gisement économiquement exploitable identifié au seuil de cet audit mondial préliminaire.,GLOBAL_SCREEN,https://pubs.usgs.gov/periodicals/mcs2026/mcs2026-phosphate.pdf,Aucun district de phosphate de roche à l'échelle du jeu retenu par le criblage mondial.
STATE_SOUTH_CAMEROON,map_data/state_regions/04_subsaharan_africa.txt,0,0,NONE,KEEP_ZERO,CONFIRMED_ZERO_GLOBAL_SCREEN,LOW,Aucun gisement économiquement exploitable identifié au seuil de cet audit mondial préliminaire.,GLOBAL_SCREEN,https://pubs.usgs.gov/periodicals/mcs2026/mcs2026-phosphate.pdf,Aucun district de phosphate de roche à l'échelle du jeu retenu par le criblage mondial.
STATE_UBANGI_SHARI,map_data/state_regions/04_subsaharan_africa.txt,0,0,NONE,KEEP_ZERO,CONFIRMED_ZERO_GLOBAL_SCREEN,LOW,Aucun gisement économiquement exploitable identifié au seuil de cet audit mondial préliminaire.,GLOBAL_SCREEN,https://pubs.usgs.gov/periodicals/mcs2026/mcs2026-phosphate.pdf,Aucun district de phosphate de roche à l'échelle du jeu retenu par le criblage mondial.
STATE_CONGO,map_data/state_regions/04_subsaharan_africa.txt,0,0,NONE,KEEP_ZERO,CONFIRMED_ZERO_GLOBAL_SCREEN,LOW,Aucun gisement économiquement exploitable identifié au seuil de cet audit mondial préliminaire.,GLOBAL_SCREEN,https://pubs.usgs.gov/periodicals/mcs2026/mcs2026-phosphate.pdf,Aucun district de phosphate de roche à l'échelle du jeu retenu par le criblage mondial.
STATE_CONGO_ORIENTALE,map_data/state_regions/04_subsaharan_africa.txt,0,0,NONE,KEEP_ZERO,CONFIRMED_ZERO_GLOBAL_SCREEN,LOW,Aucun gisement économiquement exploitable identifié au seuil de cet audit mondial préliminaire.,GLOBAL_SCREEN,https://pubs.usgs.gov/periodicals/mcs2026/mcs2026-phosphate.pdf,Aucun district de phosphate de roche à l'échelle du jeu retenu par le criblage mondial.
STATE_KASAI,map_data/state_regions/04_subsaharan_africa.txt,0,0,NONE,KEEP_ZERO,CONFIRMED_ZERO_GLOBAL_SCREEN,LOW,Aucun gisement économiquement exploitable identifié au seuil de cet audit mondial préliminaire.,GLOBAL_SCREEN,https://pubs.usgs.gov/periodicals/mcs2026/mcs2026-phosphate.pdf,Aucun district de phosphate de roche à l'échelle du jeu retenu par le criblage mondial.
STATE_BAS_CONGO,map_data/state_regions/04_subsaharan_africa.txt,0,0,NONE,KEEP_ZERO,CONFIRMED_ZERO_GLOBAL_SCREEN,LOW,Aucun gisement économiquement exploitable identifié au seuil de cet audit mondial préliminaire.,GLOBAL_SCREEN,https://pubs.usgs.gov/periodicals/mcs2026/mcs2026-phosphate.pdf,Aucun district de phosphate de roche à l'échelle du jeu retenu par le criblage mondial.
STATE_EQUATEUR,map_data/state_regions/04_subsaharan_africa.txt,0,0,NONE,KEEP_ZERO,CONFIRMED_ZERO_GLOBAL_SCREEN,LOW,Aucun gisement économiquement exploitable identifié au seuil de cet audit mondial préliminaire.,GLOBAL_SCREEN,https://pubs.usgs.gov/periodicals/mcs2026/mcs2026-phosphate.pdf,Aucun district de phosphate de roche à l'échelle du jeu retenu par le criblage mondial.
STATE_NORTH_ANGOLA,map_data/state_regions/04_subsaharan_africa.txt,0,0,NONE,KEEP_ZERO,CONFIRMED_ZERO_GLOBAL_SCREEN,LOW,Aucun gisement économiquement exploitable identifié au seuil de cet audit mondial préliminaire.,GLOBAL_SCREEN,https://pubs.usgs.gov/periodicals/mcs2026/mcs2026-phosphate.pdf,Aucun district de phosphate de roche à l'échelle du jeu retenu par le criblage mondial.
STATE_SOUTH_ANGOLA,map_data/state_regions/04_subsaharan_africa.txt,0,0,NONE,KEEP_ZERO,CONFIRMED_ZERO_GLOBAL_SCREEN,LOW,Aucun gisement économiquement exploitable identifié au seuil de cet audit mondial préliminaire.,GLOBAL_SCREEN,https://pubs.usgs.gov/periodicals/mcs2026/mcs2026-phosphate.pdf,Aucun district de phosphate de roche à l'échelle du jeu retenu par le criblage mondial.
STATE_EAST_ANGOLA,map_data/state_regions/04_subsaharan_africa.txt,0,0,NONE,KEEP_ZERO,CONFIRMED_ZERO_GLOBAL_SCREEN,LOW,Aucun gisement économiquement exploitable identifié au seuil de cet audit mondial préliminaire.,GLOBAL_SCREEN,https://pubs.usgs.gov/periodicals/mcs2026/mcs2026-phosphate.pdf,Aucun district de phosphate de roche à l'échelle du jeu retenu par le criblage mondial.
STATE_KATANGA,map_data/state_regions/04_subsaharan_africa.txt,0,0,NONE,KEEP_ZERO,CONFIRMED_ZERO_GLOBAL_SCREEN,LOW,Aucun gisement économiquement exploitable identifié au seuil de cet audit mondial préliminaire.,GLOBAL_SCREEN,https://pubs.usgs.gov/periodicals/mcs2026/mcs2026-phosphate.pdf,Aucun district de phosphate de roche à l'échelle du jeu retenu par le criblage mondial.
STATE_GABON,map_data/state_regions/04_subsaharan_africa.txt,0,0,NONE,KEEP_ZERO,CONFIRMED_ZERO_GLOBAL_SCREEN,LOW,Aucun gisement économiquement exploitable identifié au seuil de cet audit mondial préliminaire.,GLOBAL_SCREEN,https://pubs.usgs.gov/periodicals/mcs2026/mcs2026-phosphate.pdf,Aucun district de phosphate de roche à l'échelle du jeu retenu par le criblage mondial.
STATE_ZAMBIA,map_data/state_regions/04_subsaharan_africa.txt,0,0,NONE,KEEP_ZERO,CONFIRMED_ZERO_GLOBAL_SCREEN,LOW,Aucun gisement économiquement exploitable identifié au seuil de cet audit mondial préliminaire.,GLOBAL_SCREEN,https://pubs.usgs.gov/periodicals/mcs2026/mcs2026-phosphate.pdf,Aucun district de phosphate de roche à l'échelle du jeu retenu par le criblage mondial.
STATE_ZAMBEZIA,map_data/state_regions/04_subsaharan_africa.txt,0,0,NONE,KEEP_ZERO,CONFIRMED_ZERO_GLOBAL_SCREEN,LOW,Aucun gisement économiquement exploitable identifié au seuil de cet audit mondial préliminaire.,GLOBAL_SCREEN,https://pubs.usgs.gov/periodicals/mcs2026/mcs2026-phosphate.pdf,Aucun district de phosphate de roche à l'échelle du jeu retenu par le criblage mondial.
STATE_ZAMBEZI,map_data/state_regions/04_subsaharan_africa.txt,0,0,NONE,KEEP_ZERO,CONFIRMED_ZERO_GLOBAL_SCREEN,LOW,Aucun gisement économiquement exploitable identifié au seuil de cet audit mondial préliminaire.,GLOBAL_SCREEN,https://pubs.usgs.gov/periodicals/mcs2026/mcs2026-phosphate.pdf,Aucun district de phosphate de roche à l'échelle du jeu retenu par le criblage mondial.
STATE_NAMAQUALAND,map_data/state_regions/04_subsaharan_africa.txt,0,0,NONE,KEEP_ZERO,CONFIRMED_ZERO_GLOBAL_SCREEN,LOW,Aucun gisement économiquement exploitable identifié au seuil de cet audit mondial préliminaire.,GLOBAL_SCREEN,https://pubs.usgs.gov/periodicals/mcs2026/mcs2026-phosphate.pdf,Aucun district de phosphate de roche à l'échelle du jeu retenu par le criblage mondial.
STATE_HEREROLAND,map_data/state_regions/04_subsaharan_africa.txt,0,0,NONE,KEEP_ZERO,CONFIRMED_ZERO_GLOBAL_SCREEN,LOW,Aucun gisement économiquement exploitable identifié au seuil de cet audit mondial préliminaire.,GLOBAL_SCREEN,https://pubs.usgs.gov/periodicals/mcs2026/mcs2026-phosphate.pdf,Aucun district de phosphate de roche à l'échelle du jeu retenu par le criblage mondial.
STATE_ZULULAND,map_data/state_regions/04_subsaharan_africa.txt,0,0,NONE,KEEP_ZERO,CONFIRMED_ZERO_GLOBAL_SCREEN,LOW,Aucun gisement économiquement exploitable identifié au seuil de cet audit mondial préliminaire.,GLOBAL_SCREEN,https://pubs.usgs.gov/periodicals/mcs2026/mcs2026-phosphate.pdf,Aucun district de phosphate de roche à l'échelle du jeu retenu par le criblage mondial.
STATE_VRYSTAAT,map_data/state_regions/04_subsaharan_africa.txt,0,0,NONE,KEEP_ZERO,CONFIRMED_ZERO_GLOBAL_SCREEN,LOW,Aucun gisement économiquement exploitable identifié au seuil de cet audit mondial préliminaire.,GLOBAL_SCREEN,https://pubs.usgs.gov/periodicals/mcs2026/mcs2026-phosphate.pdf,Aucun district de phosphate de roche à l'échelle du jeu retenu par le criblage mondial.
STATE_TRANSVAAL,map_data/state_regions/04_subsaharan_africa.txt,36,36,HIGH,ADD_CAPPED_RESOURCE,CONFIRMED_DISTRICT_OR_GAME_STATE_AGGREGATION,HIGH,Complexes phosphatés ignés sud-africains.,USGS_GRADE_TONNAGE_MODEL,https://pubs.usgs.gov/bul/b1693/html/bull6spx.htm,Confirmé après contrôle du district et de son rattachement à l'État de jeu.
STATE_EASTERN_CAPE,map_data/state_regions/04_subsaharan_africa.txt,0,0,NONE,KEEP_ZERO,CONFIRMED_ZERO_GLOBAL_SCREEN,LOW,Aucun gisement économiquement exploitable identifié au seuil de cet audit mondial préliminaire.,GLOBAL_SCREEN,https://pubs.usgs.gov/periodicals/mcs2026/mcs2026-phosphate.pdf,Aucun district de phosphate de roche à l'échelle du jeu retenu par le criblage mondial.
STATE_CAPE_COLONY,map_data/state_regions/04_subsaharan_africa.txt,0,0,NONE,KEEP_ZERO,CONFIRMED_ZERO_GLOBAL_SCREEN,LOW,Aucun gisement économiquement exploitable identifié au seuil de cet audit mondial préliminaire.,GLOBAL_SCREEN,https://pubs.usgs.gov/periodicals/mcs2026/mcs2026-phosphate.pdf,Aucun district de phosphate de roche à l'échelle du jeu retenu par le criblage mondial.
STATE_NORTHERN_CAPE,map_data/state_regions/04_subsaharan_africa.txt,0,0,NONE,KEEP_ZERO,CONFIRMED_ZERO_GLOBAL_SCREEN,LOW,Aucun gisement économiquement exploitable identifié au seuil de cet audit mondial préliminaire.,GLOBAL_SCREEN,https://pubs.usgs.gov/periodicals/mcs2026/mcs2026-phosphate.pdf,Aucun district de phosphate de roche à l'échelle du jeu retenu par le criblage mondial.
STATE_BOTSWANA,map_data/state_regions/04_subsaharan_africa.txt,0,0,NONE,KEEP_ZERO,CONFIRMED_ZERO_GLOBAL_SCREEN,LOW,Aucun gisement économiquement exploitable identifié au seuil de cet audit mondial préliminaire.,GLOBAL_SCREEN,https://pubs.usgs.gov/periodicals/mcs2026/mcs2026-phosphate.pdf,Aucun district de phosphate de roche à l'échelle du jeu retenu par le criblage mondial.
STATE_LOURENCO_MARQUES,map_data/state_regions/04_subsaharan_africa.txt,0,0,NONE,KEEP_ZERO,CONFIRMED_ZERO_GLOBAL_SCREEN,LOW,Aucun gisement économiquement exploitable identifié au seuil de cet audit mondial préliminaire.,GLOBAL_SCREEN,https://pubs.usgs.gov/periodicals/mcs2026/mcs2026-phosphate.pdf,Aucun district de phosphate de roche à l'échelle du jeu retenu par le criblage mondial.
STATE_DISTRICT_OF_COLUMBIA,map_data/state_regions/05_north_america.txt,0,0,NONE,KEEP_ZERO,CONFIRMED_ZERO_GLOBAL_SCREEN,LOW,Aucun gisement économiquement exploitable identifié au seuil de cet audit mondial préliminaire.,GLOBAL_SCREEN,https://pubs.usgs.gov/periodicals/mcs2026/mcs2026-phosphate.pdf,Aucun district de phosphate de roche à l'échelle du jeu retenu par le criblage mondial.
STATE_LOUISIANA,map_data/state_regions/05_north_america.txt,0,0,NONE,KEEP_ZERO,CONFIRMED_ZERO_GLOBAL_SCREEN,LOW,Aucun gisement économiquement exploitable identifié au seuil de cet audit mondial préliminaire.,GLOBAL_SCREEN,https://pubs.usgs.gov/periodicals/mcs2026/mcs2026-phosphate.pdf,Aucun district de phosphate de roche à l'échelle du jeu retenu par le criblage mondial.
STATE_NEW_YORK,map_data/state_regions/05_north_america.txt,0,0,NONE,KEEP_ZERO,CONFIRMED_ZERO_GLOBAL_SCREEN,LOW,Aucun gisement économiquement exploitable identifié au seuil de cet audit mondial préliminaire.,GLOBAL_SCREEN,https://pubs.usgs.gov/periodicals/mcs2026/mcs2026-phosphate.pdf,Aucun district de phosphate de roche à l'échelle du jeu retenu par le criblage mondial.
STATE_VIRGINIA,map_data/state_regions/05_north_america.txt,0,0,NONE,KEEP_ZERO,CONFIRMED_ZERO_GLOBAL_SCREEN,LOW,Aucun gisement économiquement exploitable identifié au seuil de cet audit mondial préliminaire.,GLOBAL_SCREEN,https://pubs.usgs.gov/periodicals/mcs2026/mcs2026-phosphate.pdf,Aucun district de phosphate de roche à l'échelle du jeu retenu par le criblage mondial.
STATE_ALASKA,map_data/state_regions/05_north_america.txt,0,0,NONE,KEEP_ZERO,CONFIRMED_ZERO_GLOBAL_SCREEN,LOW,Aucun gisement économiquement exploitable identifié au seuil de cet audit mondial préliminaire.,GLOBAL_SCREEN,https://pubs.usgs.gov/periodicals/mcs2026/mcs2026-phosphate.pdf,Aucun district de phosphate de roche à l'échelle du jeu retenu par le criblage mondial.
STATE_WASHINGTON,map_data/state_regions/05_north_america.txt,0,0,NONE,KEEP_ZERO,CONFIRMED_ZERO_GLOBAL_SCREEN,LOW,Aucun gisement économiquement exploitable identifié au seuil de cet audit mondial préliminaire.,GLOBAL_SCREEN,https://pubs.usgs.gov/periodicals/mcs2026/mcs2026-phosphate.pdf,Aucun district de phosphate de roche à l'échelle du jeu retenu par le criblage mondial.
STATE_OREGON,map_data/state_regions/05_north_america.txt,0,0,NONE,KEEP_ZERO,CONFIRMED_ZERO_GLOBAL_SCREEN,LOW,Aucun gisement économiquement exploitable identifié au seuil de cet audit mondial préliminaire.,GLOBAL_SCREEN,https://pubs.usgs.gov/periodicals/mcs2026/mcs2026-phosphate.pdf,Aucun district de phosphate de roche à l'échelle du jeu retenu par le criblage mondial.
STATE_IDAHO,map_data/state_regions/05_north_america.txt,36,36,HIGH,ADD_CAPPED_RESOURCE,CONFIRMED_DISTRICT_OR_GAME_STATE_AGGREGATION,HIGH,District de phosphorites de l’Idaho.,USGS_FACT_SHEET,https://pubs.usgs.gov/fs/fs155-99/fs155-99.html,Confirmé après contrôle du district et de son rattachement à l'État de jeu.
STATE_COLORADO,map_data/state_regions/05_north_america.txt,0,0,NONE,KEEP_ZERO,CONFIRMED_ZERO_GLOBAL_SCREEN,LOW,Aucun gisement économiquement exploitable identifié au seuil de cet audit mondial préliminaire.,GLOBAL_SCREEN,https://pubs.usgs.gov/periodicals/mcs2026/mcs2026-phosphate.pdf,Aucun district de phosphate de roche à l'échelle du jeu retenu par le criblage mondial.
STATE_WYOMING,map_data/state_regions/05_north_america.txt,0,0,NONE,KEEP_ZERO,CONFIRMED_ZERO_GLOBAL_SCREEN,LOW,Aucun gisement économiquement exploitable identifié au seuil de cet audit mondial préliminaire.,GLOBAL_SCREEN,https://pubs.usgs.gov/periodicals/mcs2026/mcs2026-phosphate.pdf,Aucun district de phosphate de roche à l'échelle du jeu retenu par le criblage mondial.
STATE_MONTANA,map_data/state_regions/05_north_america.txt,0,0,NONE,KEEP_ZERO,CONFIRMED_ZERO_GLOBAL_SCREEN,LOW,Aucun gisement économiquement exploitable identifié au seuil de cet audit mondial préliminaire.,GLOBAL_SCREEN,https://pubs.usgs.gov/periodicals/mcs2026/mcs2026-phosphate.pdf,Aucun district de phosphate de roche à l'échelle du jeu retenu par le criblage mondial.
STATE_NORTH_DAKOTA,map_data/state_regions/05_north_america.txt,0,0,NONE,KEEP_ZERO,CONFIRMED_ZERO_GLOBAL_SCREEN,LOW,Aucun gisement économiquement exploitable identifié au seuil de cet audit mondial préliminaire.,GLOBAL_SCREEN,https://pubs.usgs.gov/periodicals/mcs2026/mcs2026-phosphate.pdf,Aucun district de phosphate de roche à l'échelle du jeu retenu par le criblage mondial.
STATE_SOUTH_DAKOTA,map_data/state_regions/05_north_america.txt,0,0,NONE,KEEP_ZERO,CONFIRMED_ZERO_GLOBAL_SCREEN,LOW,Aucun gisement économiquement exploitable identifié au seuil de cet audit mondial préliminaire.,GLOBAL_SCREEN,https://pubs.usgs.gov/periodicals/mcs2026/mcs2026-phosphate.pdf,Aucun district de phosphate de roche à l'échelle du jeu retenu par le criblage mondial.
STATE_NEBRASKA,map_data/state_regions/05_north_america.txt,0,0,NONE,KEEP_ZERO,CONFIRMED_ZERO_GLOBAL_SCREEN,LOW,Aucun gisement économiquement exploitable identifié au seuil de cet audit mondial préliminaire.,GLOBAL_SCREEN,https://pubs.usgs.gov/periodicals/mcs2026/mcs2026-phosphate.pdf,Aucun district de phosphate de roche à l'échelle du jeu retenu par le criblage mondial.
STATE_KANSAS,map_data/state_regions/05_north_america.txt,0,0,NONE,KEEP_ZERO,CONFIRMED_ZERO_GLOBAL_SCREEN,LOW,Aucun gisement économiquement exploitable identifié au seuil de cet audit mondial préliminaire.,GLOBAL_SCREEN,https://pubs.usgs.gov/periodicals/mcs2026/mcs2026-phosphate.pdf,Aucun district de phosphate de roche à l'échelle du jeu retenu par le criblage mondial.
STATE_OKLAHOMA,map_data/state_regions/05_north_america.txt,0,0,NONE,KEEP_ZERO,CONFIRMED_ZERO_GLOBAL_SCREEN,LOW,Aucun gisement économiquement exploitable identifié au seuil de cet audit mondial préliminaire.,GLOBAL_SCREEN,https://pubs.usgs.gov/periodicals/mcs2026/mcs2026-phosphate.pdf,Aucun district de phosphate de roche à l'échelle du jeu retenu par le criblage mondial.
STATE_ARKANSAS,map_data/state_regions/05_north_america.txt,0,0,NONE,KEEP_ZERO,CONFIRMED_ZERO_GLOBAL_SCREEN,LOW,Aucun gisement économiquement exploitable identifié au seuil de cet audit mondial préliminaire.,GLOBAL_SCREEN,https://pubs.usgs.gov/periodicals/mcs2026/mcs2026-phosphate.pdf,Aucun district de phosphate de roche à l'échelle du jeu retenu par le criblage mondial.
STATE_MISSOURI,map_data/state_regions/05_north_america.txt,0,0,NONE,KEEP_ZERO,CONFIRMED_ZERO_GLOBAL_SCREEN,LOW,Aucun gisement économiquement exploitable identifié au seuil de cet audit mondial préliminaire.,GLOBAL_SCREEN,https://pubs.usgs.gov/periodicals/mcs2026/mcs2026-phosphate.pdf,Aucun district de phosphate de roche à l'échelle du jeu retenu par le criblage mondial.
STATE_IOWA,map_data/state_regions/05_north_america.txt,0,0,NONE,KEEP_ZERO,CONFIRMED_ZERO_GLOBAL_SCREEN,LOW,Aucun gisement économiquement exploitable identifié au seuil de cet audit mondial préliminaire.,GLOBAL_SCREEN,https://pubs.usgs.gov/periodicals/mcs2026/mcs2026-phosphate.pdf,Aucun district de phosphate de roche à l'échelle du jeu retenu par le criblage mondial.
STATE_MINNESOTA,map_data/state_regions/05_north_america.txt,0,0,NONE,KEEP_ZERO,CONFIRMED_ZERO_GLOBAL_SCREEN,LOW,Aucun gisement économiquement exploitable identifié au seuil de cet audit mondial préliminaire.,GLOBAL_SCREEN,https://pubs.usgs.gov/periodicals/mcs2026/mcs2026-phosphate.pdf,Aucun district de phosphate de roche à l'échelle du jeu retenu par le criblage mondial.
STATE_WISCONSIN,map_data/state_regions/05_north_america.txt,0,0,NONE,KEEP_ZERO,CONFIRMED_ZERO_GLOBAL_SCREEN,LOW,Aucun gisement économiquement exploitable identifié au seuil de cet audit mondial préliminaire.,GLOBAL_SCREEN,https://pubs.usgs.gov/periodicals/mcs2026/mcs2026-phosphate.pdf,Aucun district de phosphate de roche à l'échelle du jeu retenu par le criblage mondial.
STATE_INDIANA,map_data/state_regions/05_north_america.txt,0,0,NONE,KEEP_ZERO,CONFIRMED_ZERO_GLOBAL_SCREEN,LOW,Aucun gisement économiquement exploitable identifié au seuil de cet audit mondial préliminaire.,GLOBAL_SCREEN,https://pubs.usgs.gov/periodicals/mcs2026/mcs2026-phosphate.pdf,Aucun district de phosphate de roche à l'échelle du jeu retenu par le criblage mondial.
STATE_MICHIGAN,map_data/state_regions/05_north_america.txt,0,0,NONE,KEEP_ZERO,CONFIRMED_ZERO_GLOBAL_SCREEN,LOW,Aucun gisement économiquement exploitable identifié au seuil de cet audit mondial préliminaire.,GLOBAL_SCREEN,https://pubs.usgs.gov/periodicals/mcs2026/mcs2026-phosphate.pdf,Aucun district de phosphate de roche à l'échelle du jeu retenu par le criblage mondial.
STATE_OHIO,map_data/state_regions/05_north_america.txt,0,0,NONE,KEEP_ZERO,CONFIRMED_ZERO_GLOBAL_SCREEN,LOW,Aucun gisement économiquement exploitable identifié au seuil de cet audit mondial préliminaire.,GLOBAL_SCREEN,https://pubs.usgs.gov/periodicals/mcs2026/mcs2026-phosphate.pdf,Aucun district de phosphate de roche à l'échelle du jeu retenu par le criblage mondial.
STATE_KENTUCKY,map_data/state_regions/05_north_america.txt,0,0,NONE,KEEP_ZERO,CONFIRMED_ZERO_GLOBAL_SCREEN,LOW,Aucun gisement économiquement exploitable identifié au seuil de cet audit mondial préliminaire.,GLOBAL_SCREEN,https://pubs.usgs.gov/periodicals/mcs2026/mcs2026-phosphate.pdf,Aucun district de phosphate de roche à l'échelle du jeu retenu par le criblage mondial.
STATE_TENNESSEE,map_data/state_regions/05_north_america.txt,8,8,LOW,ADD_CAPPED_RESOURCE,CONFIRMED_DISTRICT_OR_GAME_STATE_AGGREGATION,HIGH,District phosphaté historique secondaire du Tennessee.,USGS_FACT_SHEET,https://pubs.usgs.gov/fs/fs155-99/fs155-99.html,Confirmé après contrôle du district et de son rattachement à l'État de jeu.
STATE_MISSISSIPPI,map_data/state_regions/05_north_america.txt,0,0,NONE,KEEP_ZERO,CONFIRMED_ZERO_GLOBAL_SCREEN,LOW,Aucun gisement économiquement exploitable identifié au seuil de cet audit mondial préliminaire.,GLOBAL_SCREEN,https://pubs.usgs.gov/periodicals/mcs2026/mcs2026-phosphate.pdf,Aucun district de phosphate de roche à l'échelle du jeu retenu par le criblage mondial.
STATE_ALABAMA,map_data/state_regions/05_north_america.txt,0,0,NONE,KEEP_ZERO,CONFIRMED_ZERO_GLOBAL_SCREEN,LOW,Aucun gisement économiquement exploitable identifié au seuil de cet audit mondial préliminaire.,GLOBAL_SCREEN,https://pubs.usgs.gov/periodicals/mcs2026/mcs2026-phosphate.pdf,Aucun district de phosphate de roche à l'échelle du jeu retenu par le criblage mondial.
STATE_FLORIDA,map_data/state_regions/05_north_america.txt,48,48,VERY_HIGH,ADD_CAPPED_RESOURCE,CONFIRMED_DISTRICT_OR_GAME_STATE_AGGREGATION,HIGH,"District phosphaté historique de Floride, composante dominante de la production américaine.",USGS_FACT_SHEET,https://pubs.usgs.gov/fs/fs155-99/fs155-99.html,Confirmé après contrôle du district et de son rattachement à l'État de jeu.
STATE_GEORGIA,map_data/state_regions/05_north_america.txt,0,0,NONE,KEEP_ZERO,CONFIRMED_ZERO_GLOBAL_SCREEN,LOW,Aucun gisement économiquement exploitable identifié au seuil de cet audit mondial préliminaire.,GLOBAL_SCREEN,https://pubs.usgs.gov/periodicals/mcs2026/mcs2026-phosphate.pdf,Aucun district de phosphate de roche à l'échelle du jeu retenu par le criblage mondial.
STATE_WEST_VIRGINIA,map_data/state_regions/05_north_america.txt,0,0,NONE,KEEP_ZERO,CONFIRMED_ZERO_GLOBAL_SCREEN,LOW,Aucun gisement économiquement exploitable identifié au seuil de cet audit mondial préliminaire.,GLOBAL_SCREEN,https://pubs.usgs.gov/periodicals/mcs2026/mcs2026-phosphate.pdf,Aucun district de phosphate de roche à l'échelle du jeu retenu par le criblage mondial.
STATE_MARYLAND,map_data/state_regions/05_north_america.txt,0,0,NONE,KEEP_ZERO,CONFIRMED_ZERO_GLOBAL_SCREEN,LOW,Aucun gisement économiquement exploitable identifié au seuil de cet audit mondial préliminaire.,GLOBAL_SCREEN,https://pubs.usgs.gov/periodicals/mcs2026/mcs2026-phosphate.pdf,Aucun district de phosphate de roche à l'échelle du jeu retenu par le criblage mondial.
STATE_DELAWARE,map_data/state_regions/05_north_america.txt,0,0,NONE,KEEP_ZERO,CONFIRMED_ZERO_GLOBAL_SCREEN,LOW,Aucun gisement économiquement exploitable identifié au seuil de cet audit mondial préliminaire.,GLOBAL_SCREEN,https://pubs.usgs.gov/periodicals/mcs2026/mcs2026-phosphate.pdf,Aucun district de phosphate de roche à l'échelle du jeu retenu par le criblage mondial.
STATE_PENNSYLVANIA,map_data/state_regions/05_north_america.txt,0,0,NONE,KEEP_ZERO,CONFIRMED_ZERO_GLOBAL_SCREEN,LOW,Aucun gisement économiquement exploitable identifié au seuil de cet audit mondial préliminaire.,GLOBAL_SCREEN,https://pubs.usgs.gov/periodicals/mcs2026/mcs2026-phosphate.pdf,Aucun district de phosphate de roche à l'échelle du jeu retenu par le criblage mondial.
STATE_NEW_JERSEY,map_data/state_regions/05_north_america.txt,0,0,NONE,KEEP_ZERO,CONFIRMED_ZERO_GLOBAL_SCREEN,LOW,Aucun gisement économiquement exploitable identifié au seuil de cet audit mondial préliminaire.,GLOBAL_SCREEN,https://pubs.usgs.gov/periodicals/mcs2026/mcs2026-phosphate.pdf,Aucun district de phosphate de roche à l'échelle du jeu retenu par le criblage mondial.
STATE_ILLINOIS,map_data/state_regions/05_north_america.txt,0,0,NONE,KEEP_ZERO,CONFIRMED_ZERO_GLOBAL_SCREEN,LOW,Aucun gisement économiquement exploitable identifié au seuil de cet audit mondial préliminaire.,GLOBAL_SCREEN,https://pubs.usgs.gov/periodicals/mcs2026/mcs2026-phosphate.pdf,Aucun district de phosphate de roche à l'échelle du jeu retenu par le criblage mondial.
STATE_RHODE_ISLAND,map_data/state_regions/05_north_america.txt,0,0,NONE,KEEP_ZERO,CONFIRMED_ZERO_GLOBAL_SCREEN,LOW,Aucun gisement économiquement exploitable identifié au seuil de cet audit mondial préliminaire.,GLOBAL_SCREEN,https://pubs.usgs.gov/periodicals/mcs2026/mcs2026-phosphate.pdf,Aucun district de phosphate de roche à l'échelle du jeu retenu par le criblage mondial.
STATE_CONNECTICUT,map_data/state_regions/05_north_america.txt,0,0,NONE,KEEP_ZERO,CONFIRMED_ZERO_GLOBAL_SCREEN,LOW,Aucun gisement économiquement exploitable identifié au seuil de cet audit mondial préliminaire.,GLOBAL_SCREEN,https://pubs.usgs.gov/periodicals/mcs2026/mcs2026-phosphate.pdf,Aucun district de phosphate de roche à l'échelle du jeu retenu par le criblage mondial.
STATE_MASSACHUSETTS,map_data/state_regions/05_north_america.txt,0,0,NONE,KEEP_ZERO,CONFIRMED_ZERO_GLOBAL_SCREEN,LOW,Aucun gisement économiquement exploitable identifié au seuil de cet audit mondial préliminaire.,GLOBAL_SCREEN,https://pubs.usgs.gov/periodicals/mcs2026/mcs2026-phosphate.pdf,Aucun district de phosphate de roche à l'échelle du jeu retenu par le criblage mondial.
STATE_NEW_HAMPSHIRE,map_data/state_regions/05_north_america.txt,0,0,NONE,KEEP_ZERO,CONFIRMED_ZERO_GLOBAL_SCREEN,LOW,Aucun gisement économiquement exploitable identifié au seuil de cet audit mondial préliminaire.,GLOBAL_SCREEN,https://pubs.usgs.gov/periodicals/mcs2026/mcs2026-phosphate.pdf,Aucun district de phosphate de roche à l'échelle du jeu retenu par le criblage mondial.
STATE_VERMONT,map_data/state_regions/05_north_america.txt,0,0,NONE,KEEP_ZERO,CONFIRMED_ZERO_GLOBAL_SCREEN,LOW,Aucun gisement économiquement exploitable identifié au seuil de cet audit mondial préliminaire.,GLOBAL_SCREEN,https://pubs.usgs.gov/periodicals/mcs2026/mcs2026-phosphate.pdf,Aucun district de phosphate de roche à l'échelle du jeu retenu par le criblage mondial.
STATE_MAINE,map_data/state_regions/05_north_america.txt,0,0,NONE,KEEP_ZERO,CONFIRMED_ZERO_GLOBAL_SCREEN,LOW,Aucun gisement économiquement exploitable identifié au seuil de cet audit mondial préliminaire.,GLOBAL_SCREEN,https://pubs.usgs.gov/periodicals/mcs2026/mcs2026-phosphate.pdf,Aucun district de phosphate de roche à l'échelle du jeu retenu par le criblage mondial.
STATE_NORTH_CAROLINA,map_data/state_regions/05_north_america.txt,36,36,HIGH,ADD_CAPPED_RESOURCE,CONFIRMED_DISTRICT_OR_GAME_STATE_AGGREGATION,HIGH,District phosphaté côtier majeur de Caroline du Nord.,USGS_FACT_SHEET,https://pubs.usgs.gov/fs/fs155-99/fs155-99.html,Confirmé après contrôle du district et de son rattachement à l'État de jeu.
STATE_UTAH,map_data/state_regions/05_north_america.txt,16,16,MODEST,ADD_CAPPED_RESOURCE,CONFIRMED_DISTRICT_OR_GAME_STATE_AGGREGATION,HIGH,Extension occidentale des phosphorites américaines.,USGS_FACT_SHEET,https://pubs.usgs.gov/fs/fs155-99/fs155-99.html,Confirmé après contrôle du district et de son rattachement à l'État de jeu.
STATE_SOUTH_CAROLINA,map_data/state_regions/05_north_america.txt,0,0,NONE,KEEP_ZERO,CONFIRMED_ZERO_GLOBAL_SCREEN,LOW,Aucun gisement économiquement exploitable identifié au seuil de cet audit mondial préliminaire.,GLOBAL_SCREEN,https://pubs.usgs.gov/periodicals/mcs2026/mcs2026-phosphate.pdf,Aucun district de phosphate de roche à l'échelle du jeu retenu par le criblage mondial.
STATE_HAWAIIAN_ISLANDS,map_data/state_regions/05_north_america.txt,0,0,NONE,KEEP_ZERO,CONFIRMED_ZERO_GLOBAL_SCREEN,LOW,Aucun gisement économiquement exploitable identifié au seuil de cet audit mondial préliminaire.,GLOBAL_SCREEN,https://pubs.usgs.gov/periodicals/mcs2026/mcs2026-phosphate.pdf,Aucun district de phosphate de roche à l'échelle du jeu retenu par le criblage mondial.
STATE_ONTARIO,map_data/state_regions/05_north_america.txt,0,0,NONE,KEEP_ZERO,CONFIRMED_ZERO_GLOBAL_SCREEN,LOW,Aucun gisement économiquement exploitable identifié au seuil de cet audit mondial préliminaire.,GLOBAL_SCREEN,https://pubs.usgs.gov/periodicals/mcs2026/mcs2026-phosphate.pdf,Aucun district de phosphate de roche à l'échelle du jeu retenu par le criblage mondial.
STATE_NEW_BRUNSWICK,map_data/state_regions/05_north_america.txt,0,0,NONE,KEEP_ZERO,CONFIRMED_ZERO_GLOBAL_SCREEN,LOW,Aucun gisement économiquement exploitable identifié au seuil de cet audit mondial préliminaire.,GLOBAL_SCREEN,https://pubs.usgs.gov/periodicals/mcs2026/mcs2026-phosphate.pdf,Aucun district de phosphate de roche à l'échelle du jeu retenu par le criblage mondial.
STATE_QUEBEC,map_data/state_regions/05_north_america.txt,0,0,NONE,KEEP_ZERO,CONFIRMED_ZERO_GLOBAL_SCREEN,LOW,Aucun gisement économiquement exploitable identifié au seuil de cet audit mondial préliminaire.,GLOBAL_SCREEN,https://pubs.usgs.gov/periodicals/mcs2026/mcs2026-phosphate.pdf,Aucun district de phosphate de roche à l'échelle du jeu retenu par le criblage mondial.
STATE_NEWFOUNDLAND,map_data/state_regions/05_north_america.txt,0,0,NONE,KEEP_ZERO,CONFIRMED_ZERO_GLOBAL_SCREEN,LOW,Aucun gisement économiquement exploitable identifié au seuil de cet audit mondial préliminaire.,GLOBAL_SCREEN,https://pubs.usgs.gov/periodicals/mcs2026/mcs2026-phosphate.pdf,Aucun district de phosphate de roche à l'échelle du jeu retenu par le criblage mondial.
STATE_ALBERTA,map_data/state_regions/05_north_america.txt,0,0,NONE,KEEP_ZERO,CONFIRMED_ZERO_GLOBAL_SCREEN,LOW,Aucun gisement économiquement exploitable identifié au seuil de cet audit mondial préliminaire.,GLOBAL_SCREEN,https://pubs.usgs.gov/periodicals/mcs2026/mcs2026-phosphate.pdf,Aucun district de phosphate de roche à l'échelle du jeu retenu par le criblage mondial.
STATE_BRITISH_COLUMBIA,map_data/state_regions/05_north_america.txt,0,0,NONE,KEEP_ZERO,CONFIRMED_ZERO_GLOBAL_SCREEN,LOW,Aucun gisement économiquement exploitable identifié au seuil de cet audit mondial préliminaire.,GLOBAL_SCREEN,https://pubs.usgs.gov/periodicals/mcs2026/mcs2026-phosphate.pdf,Aucun district de phosphate de roche à l'échelle du jeu retenu par le criblage mondial.
STATE_SASKATCHEWAN,map_data/state_regions/05_north_america.txt,0,0,NONE,KEEP_ZERO,CONFIRMED_ZERO_GLOBAL_SCREEN,LOW,Aucun gisement économiquement exploitable identifié au seuil de cet audit mondial préliminaire.,GLOBAL_SCREEN,https://pubs.usgs.gov/periodicals/mcs2026/mcs2026-phosphate.pdf,Aucun district de phosphate de roche à l'échelle du jeu retenu par le criblage mondial.
STATE_MANITOBA,map_data/state_regions/05_north_america.txt,0,0,NONE,KEEP_ZERO,CONFIRMED_ZERO_GLOBAL_SCREEN,LOW,Aucun gisement économiquement exploitable identifié au seuil de cet audit mondial préliminaire.,GLOBAL_SCREEN,https://pubs.usgs.gov/periodicals/mcs2026/mcs2026-phosphate.pdf,Aucun district de phosphate de roche à l'échelle du jeu retenu par le criblage mondial.
STATE_YUKON_TERRITORY,map_data/state_regions/05_north_america.txt,0,0,NONE,KEEP_ZERO,CONFIRMED_ZERO_GLOBAL_SCREEN,LOW,Aucun gisement économiquement exploitable identifié au seuil de cet audit mondial préliminaire.,GLOBAL_SCREEN,https://pubs.usgs.gov/periodicals/mcs2026/mcs2026-phosphate.pdf,Aucun district de phosphate de roche à l'échelle du jeu retenu par le criblage mondial.
STATE_NORTHWEST_TERRITORIES,map_data/state_regions/05_north_america.txt,0,0,NONE,KEEP_ZERO,CONFIRMED_ZERO_GLOBAL_SCREEN,LOW,Aucun gisement économiquement exploitable identifié au seuil de cet audit mondial préliminaire.,GLOBAL_SCREEN,https://pubs.usgs.gov/periodicals/mcs2026/mcs2026-phosphate.pdf,Aucun district de phosphate de roche à l'échelle du jeu retenu par le criblage mondial.
STATE_NUNAVUT,map_data/state_regions/05_north_america.txt,0,0,NONE,KEEP_ZERO,CONFIRMED_ZERO_GLOBAL_SCREEN,LOW,Aucun gisement économiquement exploitable identifié au seuil de cet audit mondial préliminaire.,GLOBAL_SCREEN,https://pubs.usgs.gov/periodicals/mcs2026/mcs2026-phosphate.pdf,Aucun district de phosphate de roche à l'échelle du jeu retenu par le criblage mondial.
STATE_BERMUDA,map_data/state_regions/05_north_america.txt,0,0,NONE,KEEP_ZERO,CONFIRMED_ZERO_GLOBAL_SCREEN,LOW,Aucun gisement économiquement exploitable identifié au seuil de cet audit mondial préliminaire.,GLOBAL_SCREEN,https://pubs.usgs.gov/periodicals/mcs2026/mcs2026-phosphate.pdf,Aucun district de phosphate de roche à l'échelle du jeu retenu par le criblage mondial.
STATE_TEXAS,map_data/state_regions/05_north_america.txt,0,0,NONE,KEEP_ZERO,CONFIRMED_ZERO_GLOBAL_SCREEN,LOW,Aucun gisement économiquement exploitable identifié au seuil de cet audit mondial préliminaire.,GLOBAL_SCREEN,https://pubs.usgs.gov/periodicals/mcs2026/mcs2026-phosphate.pdf,Aucun district de phosphate de roche à l'échelle du jeu retenu par le criblage mondial.
STATE_NEVADA,map_data/state_regions/05_north_america.txt,0,0,NONE,KEEP_ZERO,CONFIRMED_ZERO_GLOBAL_SCREEN,LOW,Aucun gisement économiquement exploitable identifié au seuil de cet audit mondial préliminaire.,GLOBAL_SCREEN,https://pubs.usgs.gov/periodicals/mcs2026/mcs2026-phosphate.pdf,Aucun district de phosphate de roche à l'échelle du jeu retenu par le criblage mondial.
STATE_ARIZONA,map_data/state_regions/05_north_america.txt,0,0,NONE,KEEP_ZERO,CONFIRMED_ZERO_GLOBAL_SCREEN,LOW,Aucun gisement économiquement exploitable identifié au seuil de cet audit mondial préliminaire.,GLOBAL_SCREEN,https://pubs.usgs.gov/periodicals/mcs2026/mcs2026-phosphate.pdf,Aucun district de phosphate de roche à l'échelle du jeu retenu par le criblage mondial.
STATE_NEW_MEXICO,map_data/state_regions/05_north_america.txt,0,0,NONE,KEEP_ZERO,CONFIRMED_ZERO_GLOBAL_SCREEN,LOW,Aucun gisement économiquement exploitable identifié au seuil de cet audit mondial préliminaire.,GLOBAL_SCREEN,https://pubs.usgs.gov/periodicals/mcs2026/mcs2026-phosphate.pdf,Aucun district de phosphate de roche à l'échelle du jeu retenu par le criblage mondial.
STATE_CALIFORNIA,map_data/state_regions/05_north_america.txt,0,0,NONE,KEEP_ZERO,CONFIRMED_ZERO_GLOBAL_SCREEN,LOW,Aucun gisement économiquement exploitable identifié au seuil de cet audit mondial préliminaire.,GLOBAL_SCREEN,https://pubs.usgs.gov/periodicals/mcs2026/mcs2026-phosphate.pdf,Aucun district de phosphate de roche à l'échelle du jeu retenu par le criblage mondial.
STATE_SONORA,map_data/state_regions/05_north_america.txt,0,0,NONE,KEEP_ZERO,CONFIRMED_ZERO_GLOBAL_SCREEN,LOW,Aucun gisement économiquement exploitable identifié au seuil de cet audit mondial préliminaire.,GLOBAL_SCREEN,https://pubs.usgs.gov/periodicals/mcs2026/mcs2026-phosphate.pdf,Aucun district de phosphate de roche à l'échelle du jeu retenu par le criblage mondial.
STATE_CHIHUAHUA,map_data/state_regions/05_north_america.txt,0,0,NONE,KEEP_ZERO,CONFIRMED_ZERO_GLOBAL_SCREEN,LOW,Aucun gisement économiquement exploitable identifié au seuil de cet audit mondial préliminaire.,GLOBAL_SCREEN,https://pubs.usgs.gov/periodicals/mcs2026/mcs2026-phosphate.pdf,Aucun district de phosphate de roche à l'échelle du jeu retenu par le criblage mondial.
STATE_RIO_GRANDE,map_data/state_regions/05_north_america.txt,0,0,NONE,KEEP_ZERO,CONFIRMED_ZERO_GLOBAL_SCREEN,LOW,Aucun gisement économiquement exploitable identifié au seuil de cet audit mondial préliminaire.,GLOBAL_SCREEN,https://pubs.usgs.gov/periodicals/mcs2026/mcs2026-phosphate.pdf,Aucun district de phosphate de roche à l'échelle du jeu retenu par le criblage mondial.
STATE_DURANGO,map_data/state_regions/05_north_america.txt,0,0,NONE,KEEP_ZERO,CONFIRMED_ZERO_GLOBAL_SCREEN,LOW,Aucun gisement économiquement exploitable identifié au seuil de cet audit mondial préliminaire.,GLOBAL_SCREEN,https://pubs.usgs.gov/periodicals/mcs2026/mcs2026-phosphate.pdf,Aucun district de phosphate de roche à l'échelle du jeu retenu par le criblage mondial.
STATE_SINALOA,map_data/state_regions/05_north_america.txt,0,0,NONE,KEEP_ZERO,CONFIRMED_ZERO_GLOBAL_SCREEN,LOW,Aucun gisement économiquement exploitable identifié au seuil de cet audit mondial préliminaire.,GLOBAL_SCREEN,https://pubs.usgs.gov/periodicals/mcs2026/mcs2026-phosphate.pdf,Aucun district de phosphate de roche à l'échelle du jeu retenu par le criblage mondial.
STATE_BAJIO,map_data/state_regions/05_north_america.txt,0,0,NONE,KEEP_ZERO,CONFIRMED_ZERO_GLOBAL_SCREEN,LOW,Aucun gisement économiquement exploitable identifié au seuil de cet audit mondial préliminaire.,GLOBAL_SCREEN,https://pubs.usgs.gov/periodicals/mcs2026/mcs2026-phosphate.pdf,Aucun district de phosphate de roche à l'échelle du jeu retenu par le criblage mondial.
STATE_YUCATAN,map_data/state_regions/05_north_america.txt,0,0,NONE,KEEP_ZERO,CONFIRMED_ZERO_GLOBAL_SCREEN,LOW,Aucun gisement économiquement exploitable identifié au seuil de cet audit mondial préliminaire.,GLOBAL_SCREEN,https://pubs.usgs.gov/periodicals/mcs2026/mcs2026-phosphate.pdf,Aucun district de phosphate de roche à l'échelle du jeu retenu par le criblage mondial.
STATE_MEXICO,map_data/state_regions/05_north_america.txt,0,0,NONE,KEEP_ZERO,CONFIRMED_ZERO_GLOBAL_SCREEN,LOW,Aucun gisement économiquement exploitable identifié au seuil de cet audit mondial préliminaire.,GLOBAL_SCREEN,https://pubs.usgs.gov/periodicals/mcs2026/mcs2026-phosphate.pdf,Aucun district de phosphate de roche à l'échelle du jeu retenu par le criblage mondial.
STATE_VERACRUZ,map_data/state_regions/05_north_america.txt,0,0,NONE,KEEP_ZERO,CONFIRMED_ZERO_GLOBAL_SCREEN,LOW,Aucun gisement économiquement exploitable identifié au seuil de cet audit mondial préliminaire.,GLOBAL_SCREEN,https://pubs.usgs.gov/periodicals/mcs2026/mcs2026-phosphate.pdf,Aucun district de phosphate de roche à l'échelle du jeu retenu par le criblage mondial.
STATE_GUERRERO,map_data/state_regions/05_north_america.txt,0,0,NONE,KEEP_ZERO,CONFIRMED_ZERO_GLOBAL_SCREEN,LOW,Aucun gisement économiquement exploitable identifié au seuil de cet audit mondial préliminaire.,GLOBAL_SCREEN,https://pubs.usgs.gov/periodicals/mcs2026/mcs2026-phosphate.pdf,Aucun district de phosphate de roche à l'échelle du jeu retenu par le criblage mondial.
STATE_OAXACA,map_data/state_regions/05_north_america.txt,0,0,NONE,KEEP_ZERO,CONFIRMED_ZERO_GLOBAL_SCREEN,LOW,Aucun gisement économiquement exploitable identifié au seuil de cet audit mondial préliminaire.,GLOBAL_SCREEN,https://pubs.usgs.gov/periodicals/mcs2026/mcs2026-phosphate.pdf,Aucun district de phosphate de roche à l'échelle du jeu retenu par le criblage mondial.
STATE_JALISCO,map_data/state_regions/05_north_america.txt,0,0,NONE,KEEP_ZERO,CONFIRMED_ZERO_GLOBAL_SCREEN,LOW,Aucun gisement économiquement exploitable identifié au seuil de cet audit mondial préliminaire.,GLOBAL_SCREEN,https://pubs.usgs.gov/periodicals/mcs2026/mcs2026-phosphate.pdf,Aucun district de phosphate de roche à l'échelle du jeu retenu par le criblage mondial.
STATE_ZACATECAS,map_data/state_regions/05_north_america.txt,0,0,NONE,KEEP_ZERO,CONFIRMED_ZERO_GLOBAL_SCREEN,LOW,Aucun gisement économiquement exploitable identifié au seuil de cet audit mondial préliminaire.,GLOBAL_SCREEN,https://pubs.usgs.gov/periodicals/mcs2026/mcs2026-phosphate.pdf,Aucun district de phosphate de roche à l'échelle du jeu retenu par le criblage mondial.
STATE_CHIAPAS,map_data/state_regions/05_north_america.txt,0,0,NONE,KEEP_ZERO,CONFIRMED_ZERO_GLOBAL_SCREEN,LOW,Aucun gisement économiquement exploitable identifié au seuil de cet audit mondial préliminaire.,GLOBAL_SCREEN,https://pubs.usgs.gov/periodicals/mcs2026/mcs2026-phosphate.pdf,Aucun district de phosphate de roche à l'échelle du jeu retenu par le criblage mondial.
STATE_BAJA_CALIFORNIA,map_data/state_regions/05_north_america.txt,8,8,LOW,ADD_CAPPED_RESOURCE,CONFIRMED_DISTRICT_OR_GAME_STATE_AGGREGATION,HIGH,Ressources phosphatées mexicaines secondaires agrégées.,USGS_GRADE_TONNAGE_MODEL,https://pubs.usgs.gov/bul/b1693/html/bull6spx.htm,Confirmé après contrôle du district et de son rattachement à l'État de jeu.
STATE_SAN_SALVADOR,map_data/state_regions/06_central_america.txt,0,0,NONE,KEEP_ZERO,CONFIRMED_ZERO_GLOBAL_SCREEN,LOW,Aucun gisement économiquement exploitable identifié au seuil de cet audit mondial préliminaire.,GLOBAL_SCREEN,https://pubs.usgs.gov/periodicals/mcs2026/mcs2026-phosphate.pdf,Aucun district de phosphate de roche à l'échelle du jeu retenu par le criblage mondial.
STATE_GUATEMALA,map_data/state_regions/06_central_america.txt,0,0,NONE,KEEP_ZERO,CONFIRMED_ZERO_GLOBAL_SCREEN,LOW,Aucun gisement économiquement exploitable identifié au seuil de cet audit mondial préliminaire.,GLOBAL_SCREEN,https://pubs.usgs.gov/periodicals/mcs2026/mcs2026-phosphate.pdf,Aucun district de phosphate de roche à l'échelle du jeu retenu par le criblage mondial.
STATE_HONDURAS,map_data/state_regions/06_central_america.txt,0,0,NONE,KEEP_ZERO,CONFIRMED_ZERO_GLOBAL_SCREEN,LOW,Aucun gisement économiquement exploitable identifié au seuil de cet audit mondial préliminaire.,GLOBAL_SCREEN,https://pubs.usgs.gov/periodicals/mcs2026/mcs2026-phosphate.pdf,Aucun district de phosphate de roche à l'échelle du jeu retenu par le criblage mondial.
STATE_NICARAGUA,map_data/state_regions/06_central_america.txt,0,0,NONE,KEEP_ZERO,CONFIRMED_ZERO_GLOBAL_SCREEN,LOW,Aucun gisement économiquement exploitable identifié au seuil de cet audit mondial préliminaire.,GLOBAL_SCREEN,https://pubs.usgs.gov/periodicals/mcs2026/mcs2026-phosphate.pdf,Aucun district de phosphate de roche à l'échelle du jeu retenu par le criblage mondial.
STATE_COSTA_RICA,map_data/state_regions/06_central_america.txt,0,0,NONE,KEEP_ZERO,CONFIRMED_ZERO_GLOBAL_SCREEN,LOW,Aucun gisement économiquement exploitable identifié au seuil de cet audit mondial préliminaire.,GLOBAL_SCREEN,https://pubs.usgs.gov/periodicals/mcs2026/mcs2026-phosphate.pdf,Aucun district de phosphate de roche à l'échelle du jeu retenu par le criblage mondial.
STATE_PANAMA,map_data/state_regions/06_central_america.txt,0,0,NONE,KEEP_ZERO,CONFIRMED_ZERO_GLOBAL_SCREEN,LOW,Aucun gisement économiquement exploitable identifié au seuil de cet audit mondial préliminaire.,GLOBAL_SCREEN,https://pubs.usgs.gov/periodicals/mcs2026/mcs2026-phosphate.pdf,Aucun district de phosphate de roche à l'échelle du jeu retenu par le criblage mondial.
STATE_HAITI,map_data/state_regions/06_central_america.txt,0,0,NONE,KEEP_ZERO,CONFIRMED_ZERO_GLOBAL_SCREEN,LOW,Aucun gisement économiquement exploitable identifié au seuil de cet audit mondial préliminaire.,GLOBAL_SCREEN,https://pubs.usgs.gov/periodicals/mcs2026/mcs2026-phosphate.pdf,Aucun district de phosphate de roche à l'échelle du jeu retenu par le criblage mondial.
STATE_SANTO_DOMINGO,map_data/state_regions/06_central_america.txt,0,0,NONE,KEEP_ZERO,CONFIRMED_ZERO_GLOBAL_SCREEN,LOW,Aucun gisement économiquement exploitable identifié au seuil de cet audit mondial préliminaire.,GLOBAL_SCREEN,https://pubs.usgs.gov/periodicals/mcs2026/mcs2026-phosphate.pdf,Aucun district de phosphate de roche à l'échelle du jeu retenu par le criblage mondial.
STATE_PUERTO_RICO,map_data/state_regions/06_central_america.txt,0,0,NONE,KEEP_ZERO,CONFIRMED_ZERO_GLOBAL_SCREEN,LOW,Aucun gisement économiquement exploitable identifié au seuil de cet audit mondial préliminaire.,GLOBAL_SCREEN,https://pubs.usgs.gov/periodicals/mcs2026/mcs2026-phosphate.pdf,Aucun district de phosphate de roche à l'échelle du jeu retenu par le criblage mondial.
STATE_BAHAMAS,map_data/state_regions/06_central_america.txt,0,0,NONE,KEEP_ZERO,CONFIRMED_ZERO_GLOBAL_SCREEN,LOW,Aucun gisement économiquement exploitable identifié au seuil de cet audit mondial préliminaire.,GLOBAL_SCREEN,https://pubs.usgs.gov/periodicals/mcs2026/mcs2026-phosphate.pdf,Aucun district de phosphate de roche à l'échelle du jeu retenu par le criblage mondial.
STATE_WEST_INDIES,map_data/state_regions/06_central_america.txt,0,0,NONE,KEEP_ZERO,CONFIRMED_ZERO_GLOBAL_SCREEN,LOW,Aucun gisement économiquement exploitable identifié au seuil de cet audit mondial préliminaire.,GLOBAL_SCREEN,https://pubs.usgs.gov/periodicals/mcs2026/mcs2026-phosphate.pdf,Aucun district de phosphate de roche à l'échelle du jeu retenu par le criblage mondial.
STATE_JAMAICA,map_data/state_regions/06_central_america.txt,0,0,NONE,KEEP_ZERO,CONFIRMED_ZERO_GLOBAL_SCREEN,LOW,Aucun gisement économiquement exploitable identifié au seuil de cet audit mondial préliminaire.,GLOBAL_SCREEN,https://pubs.usgs.gov/periodicals/mcs2026/mcs2026-phosphate.pdf,Aucun district de phosphate de roche à l'échelle du jeu retenu par le criblage mondial.
STATE_WESTERN_CUBA,map_data/state_regions/06_central_america.txt,0,0,NONE,KEEP_ZERO,CONFIRMED_ZERO_GLOBAL_SCREEN,LOW,Aucun gisement économiquement exploitable identifié au seuil de cet audit mondial préliminaire.,GLOBAL_SCREEN,https://pubs.usgs.gov/periodicals/mcs2026/mcs2026-phosphate.pdf,Aucun district de phosphate de roche à l'échelle du jeu retenu par le criblage mondial.
STATE_EASTERN_CUBA,map_data/state_regions/06_central_america.txt,0,0,NONE,KEEP_ZERO,CONFIRMED_ZERO_GLOBAL_SCREEN,LOW,Aucun gisement économiquement exploitable identifié au seuil de cet audit mondial préliminaire.,GLOBAL_SCREEN,https://pubs.usgs.gov/periodicals/mcs2026/mcs2026-phosphate.pdf,Aucun district de phosphate de roche à l'échelle du jeu retenu par le criblage mondial.
STATE_CENTRAL_CUBA,map_data/state_regions/06_central_america.txt,0,0,NONE,KEEP_ZERO,CONFIRMED_ZERO_GLOBAL_SCREEN,LOW,Aucun gisement économiquement exploitable identifié au seuil de cet audit mondial préliminaire.,GLOBAL_SCREEN,https://pubs.usgs.gov/periodicals/mcs2026/mcs2026-phosphate.pdf,Aucun district de phosphate de roche à l'échelle du jeu retenu par le criblage mondial.
STATE_ECUADOR,map_data/state_regions/07_south_america.txt,0,0,NONE,KEEP_ZERO,CONFIRMED_ZERO_GLOBAL_SCREEN,LOW,Aucun gisement économiquement exploitable identifié au seuil de cet audit mondial préliminaire.,GLOBAL_SCREEN,https://pubs.usgs.gov/periodicals/mcs2026/mcs2026-phosphate.pdf,Aucun district de phosphate de roche à l'échelle du jeu retenu par le criblage mondial.
STATE_GUAYANA,map_data/state_regions/07_south_america.txt,0,0,NONE,KEEP_ZERO,CONFIRMED_ZERO_GLOBAL_SCREEN,LOW,Aucun gisement économiquement exploitable identifié au seuil de cet audit mondial préliminaire.,GLOBAL_SCREEN,https://pubs.usgs.gov/periodicals/mcs2026/mcs2026-phosphate.pdf,Aucun district de phosphate de roche à l'échelle du jeu retenu par le criblage mondial.
STATE_ZULIA,map_data/state_regions/07_south_america.txt,0,0,NONE,KEEP_ZERO,CONFIRMED_ZERO_GLOBAL_SCREEN,LOW,Aucun gisement économiquement exploitable identifié au seuil de cet audit mondial préliminaire.,GLOBAL_SCREEN,https://pubs.usgs.gov/periodicals/mcs2026/mcs2026-phosphate.pdf,Aucun district de phosphate de roche à l'échelle du jeu retenu par le criblage mondial.
STATE_MIRANDA,map_data/state_regions/07_south_america.txt,0,0,NONE,KEEP_ZERO,CONFIRMED_ZERO_GLOBAL_SCREEN,LOW,Aucun gisement économiquement exploitable identifié au seuil de cet audit mondial préliminaire.,GLOBAL_SCREEN,https://pubs.usgs.gov/periodicals/mcs2026/mcs2026-phosphate.pdf,Aucun district de phosphate de roche à l'échelle du jeu retenu par le criblage mondial.
STATE_BOLIVAR,map_data/state_regions/07_south_america.txt,0,0,NONE,KEEP_ZERO,CONFIRMED_ZERO_GLOBAL_SCREEN,LOW,Aucun gisement économiquement exploitable identifié au seuil de cet audit mondial préliminaire.,GLOBAL_SCREEN,https://pubs.usgs.gov/periodicals/mcs2026/mcs2026-phosphate.pdf,Aucun district de phosphate de roche à l'échelle du jeu retenu par le criblage mondial.
STATE_ANTIOQUIA,map_data/state_regions/07_south_america.txt,0,0,NONE,KEEP_ZERO,CONFIRMED_ZERO_GLOBAL_SCREEN,LOW,Aucun gisement économiquement exploitable identifié au seuil de cet audit mondial préliminaire.,GLOBAL_SCREEN,https://pubs.usgs.gov/periodicals/mcs2026/mcs2026-phosphate.pdf,Aucun district de phosphate de roche à l'échelle du jeu retenu par le criblage mondial.
STATE_GUAVIARE,map_data/state_regions/07_south_america.txt,0,0,NONE,KEEP_ZERO,CONFIRMED_ZERO_GLOBAL_SCREEN,LOW,Aucun gisement économiquement exploitable identifié au seuil de cet audit mondial préliminaire.,GLOBAL_SCREEN,https://pubs.usgs.gov/periodicals/mcs2026/mcs2026-phosphate.pdf,Aucun district de phosphate de roche à l'échelle du jeu retenu par le criblage mondial.
STATE_CUNDINAMARCA,map_data/state_regions/07_south_america.txt,0,0,NONE,KEEP_ZERO,CONFIRMED_ZERO_GLOBAL_SCREEN,LOW,Aucun gisement économiquement exploitable identifié au seuil de cet audit mondial préliminaire.,GLOBAL_SCREEN,https://pubs.usgs.gov/periodicals/mcs2026/mcs2026-phosphate.pdf,Aucun district de phosphate de roche à l'échelle du jeu retenu par le criblage mondial.
STATE_CAUCA,map_data/state_regions/07_south_america.txt,0,0,NONE,KEEP_ZERO,CONFIRMED_ZERO_GLOBAL_SCREEN,LOW,Aucun gisement économiquement exploitable identifié au seuil de cet audit mondial préliminaire.,GLOBAL_SCREEN,https://pubs.usgs.gov/periodicals/mcs2026/mcs2026-phosphate.pdf,Aucun district de phosphate de roche à l'échelle du jeu retenu par le criblage mondial.
STATE_PASTAZA,map_data/state_regions/07_south_america.txt,0,0,NONE,KEEP_ZERO,CONFIRMED_ZERO_GLOBAL_SCREEN,LOW,Aucun gisement économiquement exploitable identifié au seuil de cet audit mondial préliminaire.,GLOBAL_SCREEN,https://pubs.usgs.gov/periodicals/mcs2026/mcs2026-phosphate.pdf,Aucun district de phosphate de roche à l'échelle du jeu retenu par le criblage mondial.
STATE_TARAPACA,map_data/state_regions/07_south_america.txt,0,0,NONE,KEEP_ZERO,CONFIRMED_ZERO_GLOBAL_SCREEN,LOW,Aucun gisement économiquement exploitable identifié au seuil de cet audit mondial préliminaire.,GLOBAL_SCREEN,https://pubs.usgs.gov/periodicals/mcs2026/mcs2026-phosphate.pdf,Aucun district de phosphate de roche à l'échelle du jeu retenu par le criblage mondial.
STATE_ANTOFAGASTA,map_data/state_regions/07_south_america.txt,0,0,NONE,KEEP_ZERO,CONFIRMED_ZERO_GLOBAL_SCREEN,LOW,Aucun gisement économiquement exploitable identifié au seuil de cet audit mondial préliminaire.,GLOBAL_SCREEN,https://pubs.usgs.gov/periodicals/mcs2026/mcs2026-phosphate.pdf,Aucun district de phosphate de roche à l'échelle du jeu retenu par le criblage mondial.
STATE_SANTA_CRUZ,map_data/state_regions/07_south_america.txt,0,0,NONE,KEEP_ZERO,CONFIRMED_ZERO_GLOBAL_SCREEN,LOW,Aucun gisement économiquement exploitable identifié au seuil de cet audit mondial préliminaire.,GLOBAL_SCREEN,https://pubs.usgs.gov/periodicals/mcs2026/mcs2026-phosphate.pdf,Aucun district de phosphate de roche à l'échelle du jeu retenu par le criblage mondial.
STATE_LA_PAZ,map_data/state_regions/07_south_america.txt,0,0,NONE,KEEP_ZERO,CONFIRMED_ZERO_GLOBAL_SCREEN,LOW,Aucun gisement économiquement exploitable identifié au seuil de cet audit mondial préliminaire.,GLOBAL_SCREEN,https://pubs.usgs.gov/periodicals/mcs2026/mcs2026-phosphate.pdf,Aucun district de phosphate de roche à l'échelle du jeu retenu par le criblage mondial.
STATE_POTOSI,map_data/state_regions/07_south_america.txt,0,0,NONE,KEEP_ZERO,CONFIRMED_ZERO_GLOBAL_SCREEN,LOW,Aucun gisement économiquement exploitable identifié au seuil de cet audit mondial préliminaire.,GLOBAL_SCREEN,https://pubs.usgs.gov/periodicals/mcs2026/mcs2026-phosphate.pdf,Aucun district de phosphate de roche à l'échelle du jeu retenu par le criblage mondial.
STATE_CAJAMARCA,map_data/state_regions/07_south_america.txt,36,24,MEDIUM,ADD_CAPPED_RESOURCE,CONFIRMED_NEIGHBOURING_GAME_AGGREGATION_DOWNGRADED,MEDIUM,Ressources phosphatées péruviennes agrégées au nord du pays.,USGS_SECHURA_COORDINATES,https://pubs.usgs.gov/of/2005/1294/b/OFR2005-1294B.pdf,"Réduit de 36 à 24 : Bayóvar/Sechura est prouvé à Piura, mais STATE_CAJAMARCA n'est qu'une agrégation de jeu voisine."
STATE_LIMA,map_data/state_regions/07_south_america.txt,0,0,NONE,KEEP_ZERO,CONFIRMED_ZERO_GLOBAL_SCREEN,LOW,Aucun gisement économiquement exploitable identifié au seuil de cet audit mondial préliminaire.,GLOBAL_SCREEN,https://pubs.usgs.gov/periodicals/mcs2026/mcs2026-phosphate.pdf,Aucun district de phosphate de roche à l'échelle du jeu retenu par le criblage mondial.
STATE_ICA,map_data/state_regions/07_south_america.txt,0,0,NONE,KEEP_ZERO,CONFIRMED_ZERO_GLOBAL_SCREEN,LOW,Aucun gisement économiquement exploitable identifié au seuil de cet audit mondial préliminaire.,GLOBAL_SCREEN,https://pubs.usgs.gov/periodicals/mcs2026/mcs2026-phosphate.pdf,Aucun district de phosphate de roche à l'échelle du jeu retenu par le criblage mondial.
STATE_AREQUIPA,map_data/state_regions/07_south_america.txt,0,0,NONE,KEEP_ZERO,CONFIRMED_ZERO_GLOBAL_SCREEN,LOW,Aucun gisement économiquement exploitable identifié au seuil de cet audit mondial préliminaire.,GLOBAL_SCREEN,https://pubs.usgs.gov/periodicals/mcs2026/mcs2026-phosphate.pdf,Aucun district de phosphate de roche à l'échelle du jeu retenu par le criblage mondial.
STATE_URUGUAY,map_data/state_regions/07_south_america.txt,0,0,NONE,KEEP_ZERO,CONFIRMED_ZERO_GLOBAL_SCREEN,LOW,Aucun gisement économiquement exploitable identifié au seuil de cet audit mondial préliminaire.,GLOBAL_SCREEN,https://pubs.usgs.gov/periodicals/mcs2026/mcs2026-phosphate.pdf,Aucun district de phosphate de roche à l'échelle du jeu retenu par le criblage mondial.
STATE_JUJUY,map_data/state_regions/07_south_america.txt,0,0,NONE,KEEP_ZERO,CONFIRMED_ZERO_GLOBAL_SCREEN,LOW,Aucun gisement économiquement exploitable identifié au seuil de cet audit mondial préliminaire.,GLOBAL_SCREEN,https://pubs.usgs.gov/periodicals/mcs2026/mcs2026-phosphate.pdf,Aucun district de phosphate de roche à l'échelle du jeu retenu par le criblage mondial.
STATE_ALTO_PARAGUAY,map_data/state_regions/07_south_america.txt,0,0,NONE,KEEP_ZERO,CONFIRMED_ZERO_GLOBAL_SCREEN,LOW,Aucun gisement économiquement exploitable identifié au seuil de cet audit mondial préliminaire.,GLOBAL_SCREEN,https://pubs.usgs.gov/periodicals/mcs2026/mcs2026-phosphate.pdf,Aucun district de phosphate de roche à l'échelle du jeu retenu par le criblage mondial.
STATE_BAJO_PARAGUAY,map_data/state_regions/07_south_america.txt,0,0,NONE,KEEP_ZERO,CONFIRMED_ZERO_GLOBAL_SCREEN,LOW,Aucun gisement économiquement exploitable identifié au seuil de cet audit mondial préliminaire.,GLOBAL_SCREEN,https://pubs.usgs.gov/periodicals/mcs2026/mcs2026-phosphate.pdf,Aucun district de phosphate de roche à l'échelle du jeu retenu par le criblage mondial.
STATE_BUENOS_AIRES,map_data/state_regions/07_south_america.txt,0,0,NONE,KEEP_ZERO,CONFIRMED_ZERO_GLOBAL_SCREEN,LOW,Aucun gisement économiquement exploitable identifié au seuil de cet audit mondial préliminaire.,GLOBAL_SCREEN,https://pubs.usgs.gov/periodicals/mcs2026/mcs2026-phosphate.pdf,Aucun district de phosphate de roche à l'échelle du jeu retenu par le criblage mondial.
STATE_PATAGONIA,map_data/state_regions/07_south_america.txt,0,0,NONE,KEEP_ZERO,CONFIRMED_ZERO_GLOBAL_SCREEN,LOW,Aucun gisement économiquement exploitable identifié au seuil de cet audit mondial préliminaire.,GLOBAL_SCREEN,https://pubs.usgs.gov/periodicals/mcs2026/mcs2026-phosphate.pdf,Aucun district de phosphate de roche à l'échelle du jeu retenu par le criblage mondial.
STATE_RIO_NEGRO,map_data/state_regions/07_south_america.txt,0,0,NONE,KEEP_ZERO,CONFIRMED_ZERO_GLOBAL_SCREEN,LOW,Aucun gisement économiquement exploitable identifié au seuil de cet audit mondial préliminaire.,GLOBAL_SCREEN,https://pubs.usgs.gov/periodicals/mcs2026/mcs2026-phosphate.pdf,Aucun district de phosphate de roche à l'échelle du jeu retenu par le criblage mondial.
STATE_LA_PAMPA,map_data/state_regions/07_south_america.txt,0,0,NONE,KEEP_ZERO,CONFIRMED_ZERO_GLOBAL_SCREEN,LOW,Aucun gisement économiquement exploitable identifié au seuil de cet audit mondial préliminaire.,GLOBAL_SCREEN,https://pubs.usgs.gov/periodicals/mcs2026/mcs2026-phosphate.pdf,Aucun district de phosphate de roche à l'échelle du jeu retenu par le criblage mondial.
STATE_SANTA_FE,map_data/state_regions/07_south_america.txt,0,0,NONE,KEEP_ZERO,CONFIRMED_ZERO_GLOBAL_SCREEN,LOW,Aucun gisement économiquement exploitable identifié au seuil de cet audit mondial préliminaire.,GLOBAL_SCREEN,https://pubs.usgs.gov/periodicals/mcs2026/mcs2026-phosphate.pdf,Aucun district de phosphate de roche à l'échelle du jeu retenu par le criblage mondial.
STATE_CORRIENTES,map_data/state_regions/07_south_america.txt,0,0,NONE,KEEP_ZERO,CONFIRMED_ZERO_GLOBAL_SCREEN,LOW,Aucun gisement économiquement exploitable identifié au seuil de cet audit mondial préliminaire.,GLOBAL_SCREEN,https://pubs.usgs.gov/periodicals/mcs2026/mcs2026-phosphate.pdf,Aucun district de phosphate de roche à l'échelle du jeu retenu par le criblage mondial.
STATE_TUCUMAN,map_data/state_regions/07_south_america.txt,0,0,NONE,KEEP_ZERO,CONFIRMED_ZERO_GLOBAL_SCREEN,LOW,Aucun gisement économiquement exploitable identifié au seuil de cet audit mondial préliminaire.,GLOBAL_SCREEN,https://pubs.usgs.gov/periodicals/mcs2026/mcs2026-phosphate.pdf,Aucun district de phosphate de roche à l'échelle du jeu retenu par le criblage mondial.
STATE_CHACO,map_data/state_regions/07_south_america.txt,0,0,NONE,KEEP_ZERO,CONFIRMED_ZERO_GLOBAL_SCREEN,LOW,Aucun gisement économiquement exploitable identifié au seuil de cet audit mondial préliminaire.,GLOBAL_SCREEN,https://pubs.usgs.gov/periodicals/mcs2026/mcs2026-phosphate.pdf,Aucun district de phosphate de roche à l'échelle du jeu retenu par le criblage mondial.
STATE_SANTIAGO,map_data/state_regions/07_south_america.txt,0,0,NONE,KEEP_ZERO,CONFIRMED_ZERO_GLOBAL_SCREEN,LOW,Aucun gisement économiquement exploitable identifié au seuil de cet audit mondial préliminaire.,GLOBAL_SCREEN,https://pubs.usgs.gov/periodicals/mcs2026/mcs2026-phosphate.pdf,Aucun district de phosphate de roche à l'échelle du jeu retenu par le criblage mondial.
STATE_LOS_RIOS,map_data/state_regions/07_south_america.txt,0,0,NONE,KEEP_ZERO,CONFIRMED_ZERO_GLOBAL_SCREEN,LOW,Aucun gisement économiquement exploitable identifié au seuil de cet audit mondial préliminaire.,GLOBAL_SCREEN,https://pubs.usgs.gov/periodicals/mcs2026/mcs2026-phosphate.pdf,Aucun district de phosphate de roche à l'échelle du jeu retenu par le criblage mondial.
STATE_ARAUCANIA,map_data/state_regions/07_south_america.txt,0,0,NONE,KEEP_ZERO,CONFIRMED_ZERO_GLOBAL_SCREEN,LOW,Aucun gisement économiquement exploitable identifié au seuil de cet audit mondial préliminaire.,GLOBAL_SCREEN,https://pubs.usgs.gov/periodicals/mcs2026/mcs2026-phosphate.pdf,Aucun district de phosphate de roche à l'échelle du jeu retenu par le criblage mondial.
STATE_SOUTH_ATLANTIC_ISLANDS,map_data/state_regions/07_south_america.txt,0,0,NONE,KEEP_ZERO,CONFIRMED_ZERO_GLOBAL_SCREEN,LOW,Aucun gisement économiquement exploitable identifié au seuil de cet audit mondial préliminaire.,GLOBAL_SCREEN,https://pubs.usgs.gov/periodicals/mcs2026/mcs2026-phosphate.pdf,Aucun district de phosphate de roche à l'échelle du jeu retenu par le criblage mondial.
STATE_PARA,map_data/state_regions/07_south_america.txt,0,0,NONE,KEEP_ZERO,CONFIRMED_ZERO_GLOBAL_SCREEN,LOW,Aucun gisement économiquement exploitable identifié au seuil de cet audit mondial préliminaire.,GLOBAL_SCREEN,https://pubs.usgs.gov/periodicals/mcs2026/mcs2026-phosphate.pdf,Aucun district de phosphate de roche à l'échelle du jeu retenu par le criblage mondial.
STATE_MARANHAO,map_data/state_regions/07_south_america.txt,0,0,NONE,KEEP_ZERO,CONFIRMED_ZERO_GLOBAL_SCREEN,LOW,Aucun gisement économiquement exploitable identifié au seuil de cet audit mondial préliminaire.,GLOBAL_SCREEN,https://pubs.usgs.gov/periodicals/mcs2026/mcs2026-phosphate.pdf,Aucun district de phosphate de roche à l'échelle du jeu retenu par le criblage mondial.
STATE_AMAZONAS,map_data/state_regions/07_south_america.txt,0,0,NONE,KEEP_ZERO,CONFIRMED_ZERO_GLOBAL_SCREEN,LOW,Aucun gisement économiquement exploitable identifié au seuil de cet audit mondial préliminaire.,GLOBAL_SCREEN,https://pubs.usgs.gov/periodicals/mcs2026/mcs2026-phosphate.pdf,Aucun district de phosphate de roche à l'échelle du jeu retenu par le criblage mondial.
STATE_ACRE,map_data/state_regions/07_south_america.txt,0,0,NONE,KEEP_ZERO,CONFIRMED_ZERO_GLOBAL_SCREEN,LOW,Aucun gisement économiquement exploitable identifié au seuil de cet audit mondial préliminaire.,GLOBAL_SCREEN,https://pubs.usgs.gov/periodicals/mcs2026/mcs2026-phosphate.pdf,Aucun district de phosphate de roche à l'échelle du jeu retenu par le criblage mondial.
STATE_GOIAS,map_data/state_regions/07_south_america.txt,36,36,HIGH,ADD_CAPPED_RESOURCE,CONFIRMED_DISTRICT_OR_GAME_STATE_AGGREGATION,HIGH,Complexes phosphatés ignés du Brésil central.,USGS_BRAZIL_FACILITIES,https://pubs.usgs.gov/of/2006/1375/pdf/ofr2006-1375-table.pdf,Confirmé après contrôle du district et de son rattachement à l'État de jeu.
STATE_MATO_GROSSO,map_data/state_regions/07_south_america.txt,0,0,NONE,KEEP_ZERO,CONFIRMED_ZERO_GLOBAL_SCREEN,LOW,Aucun gisement économiquement exploitable identifié au seuil de cet audit mondial préliminaire.,GLOBAL_SCREEN,https://pubs.usgs.gov/periodicals/mcs2026/mcs2026-phosphate.pdf,Aucun district de phosphate de roche à l'échelle du jeu retenu par le criblage mondial.
STATE_RIO_GRANDE_DO_SUL,map_data/state_regions/07_south_america.txt,0,0,NONE,KEEP_ZERO,CONFIRMED_ZERO_GLOBAL_SCREEN,LOW,Aucun gisement économiquement exploitable identifié au seuil de cet audit mondial préliminaire.,GLOBAL_SCREEN,https://pubs.usgs.gov/periodicals/mcs2026/mcs2026-phosphate.pdf,Aucun district de phosphate de roche à l'échelle du jeu retenu par le criblage mondial.
STATE_PARANA,map_data/state_regions/07_south_america.txt,0,0,NONE,KEEP_ZERO,CONFIRMED_ZERO_GLOBAL_SCREEN,LOW,Aucun gisement économiquement exploitable identifié au seuil de cet audit mondial préliminaire.,GLOBAL_SCREEN,https://pubs.usgs.gov/periodicals/mcs2026/mcs2026-phosphate.pdf,Aucun district de phosphate de roche à l'échelle du jeu retenu par le criblage mondial.
STATE_SANTA_CATARINA,map_data/state_regions/07_south_america.txt,0,0,NONE,KEEP_ZERO,CONFIRMED_ZERO_GLOBAL_SCREEN,LOW,Aucun gisement économiquement exploitable identifié au seuil de cet audit mondial préliminaire.,GLOBAL_SCREEN,https://pubs.usgs.gov/periodicals/mcs2026/mcs2026-phosphate.pdf,Aucun district de phosphate de roche à l'échelle du jeu retenu par le criblage mondial.
STATE_SAO_PAULO,map_data/state_regions/07_south_america.txt,0,0,NONE,KEEP_ZERO,CONFIRMED_ZERO_GLOBAL_SCREEN,LOW,Aucun gisement économiquement exploitable identifié au seuil de cet audit mondial préliminaire.,GLOBAL_SCREEN,https://pubs.usgs.gov/periodicals/mcs2026/mcs2026-phosphate.pdf,Aucun district de phosphate de roche à l'échelle du jeu retenu par le criblage mondial.
STATE_MINAS_GERAIS,map_data/state_regions/07_south_america.txt,24,24,MEDIUM,ADD_CAPPED_RESOURCE,CONFIRMED_DISTRICT_OR_GAME_STATE_AGGREGATION,HIGH,Districts phosphatés ignés de Minas Gerais.,USGS_BRAZIL_FACILITIES,https://pubs.usgs.gov/of/2006/1375/pdf/ofr2006-1375-table.pdf,Confirmé après contrôle du district et de son rattachement à l'État de jeu.
STATE_RIO_DE_JANEIRO,map_data/state_regions/07_south_america.txt,0,0,NONE,KEEP_ZERO,CONFIRMED_ZERO_GLOBAL_SCREEN,LOW,Aucun gisement économiquement exploitable identifié au seuil de cet audit mondial préliminaire.,GLOBAL_SCREEN,https://pubs.usgs.gov/periodicals/mcs2026/mcs2026-phosphate.pdf,Aucun district de phosphate de roche à l'échelle du jeu retenu par le criblage mondial.
STATE_BAHIA,map_data/state_regions/07_south_america.txt,0,0,NONE,KEEP_ZERO,CONFIRMED_ZERO_GLOBAL_SCREEN,LOW,Aucun gisement économiquement exploitable identifié au seuil de cet audit mondial préliminaire.,GLOBAL_SCREEN,https://pubs.usgs.gov/periodicals/mcs2026/mcs2026-phosphate.pdf,Aucun district de phosphate de roche à l'échelle du jeu retenu par le criblage mondial.
STATE_RIO_GRANDE_DO_NORTE,map_data/state_regions/07_south_america.txt,0,0,NONE,KEEP_ZERO,CONFIRMED_ZERO_GLOBAL_SCREEN,LOW,Aucun gisement économiquement exploitable identifié au seuil de cet audit mondial préliminaire.,GLOBAL_SCREEN,https://pubs.usgs.gov/periodicals/mcs2026/mcs2026-phosphate.pdf,Aucun district de phosphate de roche à l'échelle du jeu retenu par le criblage mondial.
STATE_CEARA,map_data/state_regions/07_south_america.txt,0,0,NONE,KEEP_ZERO,CONFIRMED_ZERO_GLOBAL_SCREEN,LOW,Aucun gisement économiquement exploitable identifié au seuil de cet audit mondial préliminaire.,GLOBAL_SCREEN,https://pubs.usgs.gov/periodicals/mcs2026/mcs2026-phosphate.pdf,Aucun district de phosphate de roche à l'échelle du jeu retenu par le criblage mondial.
STATE_PIAUI,map_data/state_regions/07_south_america.txt,0,0,NONE,KEEP_ZERO,CONFIRMED_ZERO_GLOBAL_SCREEN,LOW,Aucun gisement économiquement exploitable identifié au seuil de cet audit mondial préliminaire.,GLOBAL_SCREEN,https://pubs.usgs.gov/periodicals/mcs2026/mcs2026-phosphate.pdf,Aucun district de phosphate de roche à l'échelle du jeu retenu par le criblage mondial.
STATE_PARAIBA,map_data/state_regions/07_south_america.txt,0,0,NONE,KEEP_ZERO,CONFIRMED_ZERO_GLOBAL_SCREEN,LOW,Aucun gisement économiquement exploitable identifié au seuil de cet audit mondial préliminaire.,GLOBAL_SCREEN,https://pubs.usgs.gov/periodicals/mcs2026/mcs2026-phosphate.pdf,Aucun district de phosphate de roche à l'échelle du jeu retenu par le criblage mondial.
STATE_PERNAMBUCO,map_data/state_regions/07_south_america.txt,0,0,NONE,KEEP_ZERO,CONFIRMED_ZERO_GLOBAL_SCREEN,LOW,Aucun gisement économiquement exploitable identifié au seuil de cet audit mondial préliminaire.,GLOBAL_SCREEN,https://pubs.usgs.gov/periodicals/mcs2026/mcs2026-phosphate.pdf,Aucun district de phosphate de roche à l'échelle du jeu retenu par le criblage mondial.
STATE_NEJD,map_data/state_regions/08_middle_east.txt,16,0,NONE,KEEP_ZERO,REJECTED_EXACT_STATE_MAPPING,HIGH,Extension agrégée du potentiel phosphaté saoudien.,USGS_MINERALS_YEARBOOK,https://pubs.usgs.gov/myb/vol3/2022/myb3-2022-saudi-arabia.pdf,"Retiré : Al Jalamid, Al Khabra et Umm Wu'al sont dans le nord saoudien, représenté par STATE_HAIL."
STATE_OMAN,map_data/state_regions/08_middle_east.txt,0,0,NONE,KEEP_ZERO,CONFIRMED_ZERO_GLOBAL_SCREEN,LOW,Aucun gisement économiquement exploitable identifié au seuil de cet audit mondial préliminaire.,GLOBAL_SCREEN,https://pubs.usgs.gov/periodicals/mcs2026/mcs2026-phosphate.pdf,Aucun district de phosphate de roche à l'échelle du jeu retenu par le criblage mondial.
STATE_ABU_DHABI,map_data/state_regions/08_middle_east.txt,0,0,NONE,KEEP_ZERO,CONFIRMED_ZERO_GLOBAL_SCREEN,LOW,Aucun gisement économiquement exploitable identifié au seuil de cet audit mondial préliminaire.,GLOBAL_SCREEN,https://pubs.usgs.gov/periodicals/mcs2026/mcs2026-phosphate.pdf,Aucun district de phosphate de roche à l'échelle du jeu retenu par le criblage mondial.
STATE_YEMEN,map_data/state_regions/08_middle_east.txt,0,0,NONE,KEEP_ZERO,CONFIRMED_ZERO_GLOBAL_SCREEN,LOW,Aucun gisement économiquement exploitable identifié au seuil de cet audit mondial préliminaire.,GLOBAL_SCREEN,https://pubs.usgs.gov/periodicals/mcs2026/mcs2026-phosphate.pdf,Aucun district de phosphate de roche à l'échelle du jeu retenu par le criblage mondial.
STATE_HEDJAZ,map_data/state_regions/08_middle_east.txt,0,0,NONE,KEEP_ZERO,CONFIRMED_ZERO_GLOBAL_SCREEN,LOW,Aucun gisement économiquement exploitable identifié au seuil de cet audit mondial préliminaire.,GLOBAL_SCREEN,https://pubs.usgs.gov/periodicals/mcs2026/mcs2026-phosphate.pdf,Aucun district de phosphate de roche à l'échelle du jeu retenu par le criblage mondial.
STATE_HAIL,map_data/state_regions/08_middle_east.txt,36,36,HIGH,ADD_CAPPED_RESOURCE,CONFIRMED_DISTRICT_OR_GAME_STATE_AGGREGATION,HIGH,Ressources phosphatées du nord saoudien.,USGS_MINERALS_YEARBOOK,https://pubs.usgs.gov/myb/vol3/2022/myb3-2022-saudi-arabia.pdf,Confirmé après contrôle du district et de son rattachement à l'État de jeu.
STATE_CYPRUS,map_data/state_regions/08_middle_east.txt,0,0,NONE,KEEP_ZERO,CONFIRMED_ZERO_GLOBAL_SCREEN,LOW,Aucun gisement économiquement exploitable identifié au seuil de cet audit mondial préliminaire.,GLOBAL_SCREEN,https://pubs.usgs.gov/periodicals/mcs2026/mcs2026-phosphate.pdf,Aucun district de phosphate de roche à l'échelle du jeu retenu par le criblage mondial.
STATE_TRANSJORDAN,map_data/state_regions/08_middle_east.txt,48,48,VERY_HIGH,ADD_CAPPED_RESOURCE,CONFIRMED_DISTRICT_OR_GAME_STATE_AGGREGATION,HIGH,Grands bassins phosphatés jordaniens.,USGS_GRADE_TONNAGE_MODEL,https://pubs.usgs.gov/bul/b1693/html/bull6spx.htm,Confirmé après contrôle du district et de son rattachement à l'État de jeu.
STATE_PALESTINE,map_data/state_regions/08_middle_east.txt,16,16,MODEST,ADD_CAPPED_RESOURCE,CONFIRMED_DISTRICT_OR_GAME_STATE_AGGREGATION,HIGH,Phosphorites du Levant méridional.,USGS_GRADE_TONNAGE_MODEL,https://pubs.usgs.gov/bul/b1693/html/bull6spx.htm,Confirmé après contrôle du district et de son rattachement à l'État de jeu.
STATE_LEBANON,map_data/state_regions/08_middle_east.txt,0,0,NONE,KEEP_ZERO,CONFIRMED_ZERO_GLOBAL_SCREEN,LOW,Aucun gisement économiquement exploitable identifié au seuil de cet audit mondial préliminaire.,GLOBAL_SCREEN,https://pubs.usgs.gov/periodicals/mcs2026/mcs2026-phosphate.pdf,Aucun district de phosphate de roche à l'échelle du jeu retenu par le criblage mondial.
STATE_SYRIA,map_data/state_regions/08_middle_east.txt,24,24,MEDIUM,ADD_CAPPED_RESOURCE,CONFIRMED_DISTRICT_OR_GAME_STATE_AGGREGATION,HIGH,Ressources phosphatées syriennes significatives.,USGS_GRADE_TONNAGE_MODEL,https://pubs.usgs.gov/bul/b1693/html/bull6spx.htm,Confirmé après contrôle du district et de son rattachement à l'État de jeu.
STATE_ALEPPO,map_data/state_regions/08_middle_east.txt,0,0,NONE,KEEP_ZERO,CONFIRMED_ZERO_GLOBAL_SCREEN,LOW,Aucun gisement économiquement exploitable identifié au seuil de cet audit mondial préliminaire.,GLOBAL_SCREEN,https://pubs.usgs.gov/periodicals/mcs2026/mcs2026-phosphate.pdf,Aucun district de phosphate de roche à l'échelle du jeu retenu par le criblage mondial.
STATE_BAGHDAD,map_data/state_regions/08_middle_east.txt,16,16,MODEST,ADD_CAPPED_RESOURCE,CONFIRMED_DISTRICT_OR_GAME_STATE_AGGREGATION,HIGH,Ressources phosphatées irakiennes agrégées à l’État de jeu le plus proche.,USGS_GRADE_TONNAGE_MODEL,https://pubs.usgs.gov/bul/b1693/html/bull6spx.htm,Confirmé après contrôle du district et de son rattachement à l'État de jeu.
STATE_MOSUL,map_data/state_regions/08_middle_east.txt,0,0,NONE,KEEP_ZERO,CONFIRMED_ZERO_GLOBAL_SCREEN,LOW,Aucun gisement économiquement exploitable identifié au seuil de cet audit mondial préliminaire.,GLOBAL_SCREEN,https://pubs.usgs.gov/periodicals/mcs2026/mcs2026-phosphate.pdf,Aucun district de phosphate de roche à l'échelle du jeu retenu par le criblage mondial.
STATE_DEIR_EZ_ZOR,map_data/state_regions/08_middle_east.txt,0,0,NONE,KEEP_ZERO,CONFIRMED_ZERO_GLOBAL_SCREEN,LOW,Aucun gisement économiquement exploitable identifié au seuil de cet audit mondial préliminaire.,GLOBAL_SCREEN,https://pubs.usgs.gov/periodicals/mcs2026/mcs2026-phosphate.pdf,Aucun district de phosphate de roche à l'échelle du jeu retenu par le criblage mondial.
STATE_BASRA,map_data/state_regions/08_middle_east.txt,0,0,NONE,KEEP_ZERO,CONFIRMED_ZERO_GLOBAL_SCREEN,LOW,Aucun gisement économiquement exploitable identifié au seuil de cet audit mondial préliminaire.,GLOBAL_SCREEN,https://pubs.usgs.gov/periodicals/mcs2026/mcs2026-phosphate.pdf,Aucun district de phosphate de roche à l'échelle du jeu retenu par le criblage mondial.
STATE_FARS,map_data/state_regions/08_middle_east.txt,0,0,NONE,KEEP_ZERO,CONFIRMED_ZERO_GLOBAL_SCREEN,LOW,Aucun gisement économiquement exploitable identifié au seuil de cet audit mondial préliminaire.,GLOBAL_SCREEN,https://pubs.usgs.gov/periodicals/mcs2026/mcs2026-phosphate.pdf,Aucun district de phosphate de roche à l'échelle du jeu retenu par le criblage mondial.
STATE_LARISTAN,map_data/state_regions/08_middle_east.txt,0,0,NONE,KEEP_ZERO,CONFIRMED_ZERO_GLOBAL_SCREEN,LOW,Aucun gisement économiquement exploitable identifié au seuil de cet audit mondial préliminaire.,GLOBAL_SCREEN,https://pubs.usgs.gov/periodicals/mcs2026/mcs2026-phosphate.pdf,Aucun district de phosphate de roche à l'échelle du jeu retenu par le criblage mondial.
STATE_KERMAN,map_data/state_regions/08_middle_east.txt,0,0,NONE,KEEP_ZERO,CONFIRMED_ZERO_GLOBAL_SCREEN,LOW,Aucun gisement économiquement exploitable identifié au seuil de cet audit mondial préliminaire.,GLOBAL_SCREEN,https://pubs.usgs.gov/periodicals/mcs2026/mcs2026-phosphate.pdf,Aucun district de phosphate de roche à l'échelle du jeu retenu par le criblage mondial.
STATE_SISTAN,map_data/state_regions/08_middle_east.txt,0,0,NONE,KEEP_ZERO,CONFIRMED_ZERO_GLOBAL_SCREEN,LOW,Aucun gisement économiquement exploitable identifié au seuil de cet audit mondial préliminaire.,GLOBAL_SCREEN,https://pubs.usgs.gov/periodicals/mcs2026/mcs2026-phosphate.pdf,Aucun district de phosphate de roche à l'échelle du jeu retenu par le criblage mondial.
STATE_KHORASAN,map_data/state_regions/08_middle_east.txt,0,0,NONE,KEEP_ZERO,CONFIRMED_ZERO_GLOBAL_SCREEN,LOW,Aucun gisement économiquement exploitable identifié au seuil de cet audit mondial préliminaire.,GLOBAL_SCREEN,https://pubs.usgs.gov/periodicals/mcs2026/mcs2026-phosphate.pdf,Aucun district de phosphate de roche à l'échelle du jeu retenu par le criblage mondial.
STATE_KHUZESTAN,map_data/state_regions/08_middle_east.txt,0,0,NONE,KEEP_ZERO,CONFIRMED_ZERO_GLOBAL_SCREEN,LOW,Aucun gisement économiquement exploitable identifié au seuil de cet audit mondial préliminaire.,GLOBAL_SCREEN,https://pubs.usgs.gov/periodicals/mcs2026/mcs2026-phosphate.pdf,Aucun district de phosphate de roche à l'échelle du jeu retenu par le criblage mondial.
STATE_ISFAHAN,map_data/state_regions/08_middle_east.txt,0,0,NONE,KEEP_ZERO,CONFIRMED_ZERO_GLOBAL_SCREEN,LOW,Aucun gisement économiquement exploitable identifié au seuil de cet audit mondial préliminaire.,GLOBAL_SCREEN,https://pubs.usgs.gov/periodicals/mcs2026/mcs2026-phosphate.pdf,Aucun district de phosphate de roche à l'échelle du jeu retenu par le criblage mondial.
STATE_MAZANDARAN,map_data/state_regions/08_middle_east.txt,0,0,NONE,KEEP_ZERO,CONFIRMED_ZERO_GLOBAL_SCREEN,LOW,Aucun gisement économiquement exploitable identifié au seuil de cet audit mondial préliminaire.,GLOBAL_SCREEN,https://pubs.usgs.gov/periodicals/mcs2026/mcs2026-phosphate.pdf,Aucun district de phosphate de roche à l'échelle du jeu retenu par le criblage mondial.
STATE_IRAKAJEMI,map_data/state_regions/08_middle_east.txt,0,0,NONE,KEEP_ZERO,CONFIRMED_ZERO_GLOBAL_SCREEN,LOW,Aucun gisement économiquement exploitable identifié au seuil de cet audit mondial préliminaire.,GLOBAL_SCREEN,https://pubs.usgs.gov/periodicals/mcs2026/mcs2026-phosphate.pdf,Aucun district de phosphate de roche à l'échelle du jeu retenu par le criblage mondial.
STATE_SEMNAN,map_data/state_regions/08_middle_east.txt,0,0,NONE,KEEP_ZERO,CONFIRMED_ZERO_GLOBAL_SCREEN,LOW,Aucun gisement économiquement exploitable identifié au seuil de cet audit mondial préliminaire.,GLOBAL_SCREEN,https://pubs.usgs.gov/periodicals/mcs2026/mcs2026-phosphate.pdf,Aucun district de phosphate de roche à l'échelle du jeu retenu par le criblage mondial.
STATE_TABRIZ,map_data/state_regions/08_middle_east.txt,0,0,NONE,KEEP_ZERO,CONFIRMED_ZERO_GLOBAL_SCREEN,LOW,Aucun gisement économiquement exploitable identifié au seuil de cet audit mondial préliminaire.,GLOBAL_SCREEN,https://pubs.usgs.gov/periodicals/mcs2026/mcs2026-phosphate.pdf,Aucun district de phosphate de roche à l'échelle du jeu retenu par le criblage mondial.
STATE_URMIA,map_data/state_regions/08_middle_east.txt,0,0,NONE,KEEP_ZERO,CONFIRMED_ZERO_GLOBAL_SCREEN,LOW,Aucun gisement économiquement exploitable identifié au seuil de cet audit mondial préliminaire.,GLOBAL_SCREEN,https://pubs.usgs.gov/periodicals/mcs2026/mcs2026-phosphate.pdf,Aucun district de phosphate de roche à l'échelle du jeu retenu par le criblage mondial.
STATE_LURISTAN,map_data/state_regions/08_middle_east.txt,0,0,NONE,KEEP_ZERO,CONFIRMED_ZERO_GLOBAL_SCREEN,LOW,Aucun gisement économiquement exploitable identifié au seuil de cet audit mondial préliminaire.,GLOBAL_SCREEN,https://pubs.usgs.gov/periodicals/mcs2026/mcs2026-phosphate.pdf,Aucun district de phosphate de roche à l'échelle du jeu retenu par le criblage mondial.
STATE_PERSIAN_KURDISTAN,map_data/state_regions/08_middle_east.txt,0,0,NONE,KEEP_ZERO,CONFIRMED_ZERO_GLOBAL_SCREEN,LOW,Aucun gisement économiquement exploitable identifié au seuil de cet audit mondial préliminaire.,GLOBAL_SCREEN,https://pubs.usgs.gov/periodicals/mcs2026/mcs2026-phosphate.pdf,Aucun district de phosphate de roche à l'échelle du jeu retenu par le criblage mondial.
STATE_HUDAVENDIGAR,map_data/state_regions/08_middle_east.txt,0,0,NONE,KEEP_ZERO,CONFIRMED_ZERO_GLOBAL_SCREEN,LOW,Aucun gisement économiquement exploitable identifié au seuil de cet audit mondial préliminaire.,GLOBAL_SCREEN,https://pubs.usgs.gov/periodicals/mcs2026/mcs2026-phosphate.pdf,Aucun district de phosphate de roche à l'échelle du jeu retenu par le criblage mondial.
STATE_AYDIN,map_data/state_regions/08_middle_east.txt,0,0,NONE,KEEP_ZERO,CONFIRMED_ZERO_GLOBAL_SCREEN,LOW,Aucun gisement économiquement exploitable identifié au seuil de cet audit mondial préliminaire.,GLOBAL_SCREEN,https://pubs.usgs.gov/periodicals/mcs2026/mcs2026-phosphate.pdf,Aucun district de phosphate de roche à l'échelle du jeu retenu par le criblage mondial.
STATE_KONYA,map_data/state_regions/08_middle_east.txt,0,0,NONE,KEEP_ZERO,CONFIRMED_ZERO_GLOBAL_SCREEN,LOW,Aucun gisement économiquement exploitable identifié au seuil de cet audit mondial préliminaire.,GLOBAL_SCREEN,https://pubs.usgs.gov/periodicals/mcs2026/mcs2026-phosphate.pdf,Aucun district de phosphate de roche à l'échelle du jeu retenu par le criblage mondial.
STATE_KASTAMONU,map_data/state_regions/08_middle_east.txt,0,0,NONE,KEEP_ZERO,CONFIRMED_ZERO_GLOBAL_SCREEN,LOW,Aucun gisement économiquement exploitable identifié au seuil de cet audit mondial préliminaire.,GLOBAL_SCREEN,https://pubs.usgs.gov/periodicals/mcs2026/mcs2026-phosphate.pdf,Aucun district de phosphate de roche à l'échelle du jeu retenu par le criblage mondial.
STATE_DIYARBAKIR,map_data/state_regions/08_middle_east.txt,8,8,LOW,ADD_CAPPED_RESOURCE,CONFIRMED_DISTRICT_OR_GAME_STATE_AGGREGATION,HIGH,Potentiel phosphaté turc secondaire.,USGS_GRADE_TONNAGE_MODEL,https://pubs.usgs.gov/bul/b1693/html/bull6spx.htm,Confirmé après contrôle du district et de son rattachement à l'État de jeu.
STATE_ADANA,map_data/state_regions/08_middle_east.txt,0,0,NONE,KEEP_ZERO,CONFIRMED_ZERO_GLOBAL_SCREEN,LOW,Aucun gisement économiquement exploitable identifié au seuil de cet audit mondial préliminaire.,GLOBAL_SCREEN,https://pubs.usgs.gov/periodicals/mcs2026/mcs2026-phosphate.pdf,Aucun district de phosphate de roche à l'échelle du jeu retenu par le criblage mondial.
STATE_TRABZON,map_data/state_regions/08_middle_east.txt,0,0,NONE,KEEP_ZERO,CONFIRMED_ZERO_GLOBAL_SCREEN,LOW,Aucun gisement économiquement exploitable identifié au seuil de cet audit mondial préliminaire.,GLOBAL_SCREEN,https://pubs.usgs.gov/periodicals/mcs2026/mcs2026-phosphate.pdf,Aucun district de phosphate de roche à l'échelle du jeu retenu par le criblage mondial.
STATE_ERZURUM,map_data/state_regions/08_middle_east.txt,0,0,NONE,KEEP_ZERO,CONFIRMED_ZERO_GLOBAL_SCREEN,LOW,Aucun gisement économiquement exploitable identifié au seuil de cet audit mondial préliminaire.,GLOBAL_SCREEN,https://pubs.usgs.gov/periodicals/mcs2026/mcs2026-phosphate.pdf,Aucun district de phosphate de roche à l'échelle du jeu retenu par le criblage mondial.
STATE_ANKARA,map_data/state_regions/08_middle_east.txt,0,0,NONE,KEEP_ZERO,CONFIRMED_ZERO_GLOBAL_SCREEN,LOW,Aucun gisement économiquement exploitable identifié au seuil de cet audit mondial préliminaire.,GLOBAL_SCREEN,https://pubs.usgs.gov/periodicals/mcs2026/mcs2026-phosphate.pdf,Aucun district de phosphate de roche à l'échelle du jeu retenu par le criblage mondial.
STATE_KARS,map_data/state_regions/08_middle_east.txt,0,0,NONE,KEEP_ZERO,CONFIRMED_ZERO_GLOBAL_SCREEN,LOW,Aucun gisement économiquement exploitable identifié au seuil de cet audit mondial préliminaire.,GLOBAL_SCREEN,https://pubs.usgs.gov/periodicals/mcs2026/mcs2026-phosphate.pdf,Aucun district de phosphate de roche à l'échelle du jeu retenu par le criblage mondial.
STATE_DAGESTAN,map_data/state_regions/09_central_asia.txt,0,0,NONE,KEEP_ZERO,CONFIRMED_ZERO_GLOBAL_SCREEN,LOW,Aucun gisement économiquement exploitable identifié au seuil de cet audit mondial préliminaire.,GLOBAL_SCREEN,https://pubs.usgs.gov/periodicals/mcs2026/mcs2026-phosphate.pdf,Aucun district de phosphate de roche à l'échelle du jeu retenu par le criblage mondial.
STATE_KUBAN,map_data/state_regions/09_central_asia.txt,0,0,NONE,KEEP_ZERO,CONFIRMED_ZERO_GLOBAL_SCREEN,LOW,Aucun gisement économiquement exploitable identifié au seuil de cet audit mondial préliminaire.,GLOBAL_SCREEN,https://pubs.usgs.gov/periodicals/mcs2026/mcs2026-phosphate.pdf,Aucun district de phosphate de roche à l'échelle du jeu retenu par le criblage mondial.
STATE_ARMENIA,map_data/state_regions/09_central_asia.txt,0,0,NONE,KEEP_ZERO,CONFIRMED_ZERO_GLOBAL_SCREEN,LOW,Aucun gisement économiquement exploitable identifié au seuil de cet audit mondial préliminaire.,GLOBAL_SCREEN,https://pubs.usgs.gov/periodicals/mcs2026/mcs2026-phosphate.pdf,Aucun district de phosphate de roche à l'échelle du jeu retenu par le criblage mondial.
STATE_AZERBAIJAN,map_data/state_regions/09_central_asia.txt,0,0,NONE,KEEP_ZERO,CONFIRMED_ZERO_GLOBAL_SCREEN,LOW,Aucun gisement économiquement exploitable identifié au seuil de cet audit mondial préliminaire.,GLOBAL_SCREEN,https://pubs.usgs.gov/periodicals/mcs2026/mcs2026-phosphate.pdf,Aucun district de phosphate de roche à l'échelle du jeu retenu par le criblage mondial.
STATE_GREATER_CAUCASUS,map_data/state_regions/09_central_asia.txt,0,0,NONE,KEEP_ZERO,CONFIRMED_ZERO_GLOBAL_SCREEN,LOW,Aucun gisement économiquement exploitable identifié au seuil de cet audit mondial préliminaire.,GLOBAL_SCREEN,https://pubs.usgs.gov/periodicals/mcs2026/mcs2026-phosphate.pdf,Aucun district de phosphate de roche à l'échelle du jeu retenu par le criblage mondial.
STATE_SAMARA,map_data/state_regions/09_central_asia.txt,0,0,NONE,KEEP_ZERO,CONFIRMED_ZERO_GLOBAL_SCREEN,LOW,Aucun gisement économiquement exploitable identifié au seuil de cet audit mondial préliminaire.,GLOBAL_SCREEN,https://pubs.usgs.gov/periodicals/mcs2026/mcs2026-phosphate.pdf,Aucun district de phosphate de roche à l'échelle du jeu retenu par le criblage mondial.
STATE_TARTARIA,map_data/state_regions/09_central_asia.txt,0,0,NONE,KEEP_ZERO,CONFIRMED_ZERO_GLOBAL_SCREEN,LOW,Aucun gisement économiquement exploitable identifié au seuil de cet audit mondial préliminaire.,GLOBAL_SCREEN,https://pubs.usgs.gov/periodicals/mcs2026/mcs2026-phosphate.pdf,Aucun district de phosphate de roche à l'échelle du jeu retenu par le criblage mondial.
STATE_ASTRAKHAN,map_data/state_regions/09_central_asia.txt,0,0,NONE,KEEP_ZERO,CONFIRMED_ZERO_GLOBAL_SCREEN,LOW,Aucun gisement économiquement exploitable identifié au seuil de cet audit mondial préliminaire.,GLOBAL_SCREEN,https://pubs.usgs.gov/periodicals/mcs2026/mcs2026-phosphate.pdf,Aucun district de phosphate de roche à l'échelle du jeu retenu par le criblage mondial.
STATE_UZBEKIA,map_data/state_regions/09_central_asia.txt,16,16,MODEST,ADD_CAPPED_RESOURCE,CONFIRMED_DISTRICT_OR_GAME_STATE_AGGREGATION,HIGH,Ressources phosphatées ouzbèkes.,USGS_EUROPE_CENTRAL_ASIA_ASSESSMENT,https://pubs.usgs.gov/of/2005/1294/d/of2005-1294d.pdf,Confirmé après contrôle du district et de son rattachement à l'État de jeu.
STATE_TAJIKISTAN,map_data/state_regions/09_central_asia.txt,0,0,NONE,KEEP_ZERO,CONFIRMED_ZERO_GLOBAL_SCREEN,LOW,Aucun gisement économiquement exploitable identifié au seuil de cet audit mondial préliminaire.,GLOBAL_SCREEN,https://pubs.usgs.gov/periodicals/mcs2026/mcs2026-phosphate.pdf,Aucun district de phosphate de roche à l'échelle du jeu retenu par le criblage mondial.
STATE_KIRGHIZIA,map_data/state_regions/09_central_asia.txt,0,0,NONE,KEEP_ZERO,CONFIRMED_ZERO_GLOBAL_SCREEN,LOW,Aucun gisement économiquement exploitable identifié au seuil de cet audit mondial préliminaire.,GLOBAL_SCREEN,https://pubs.usgs.gov/periodicals/mcs2026/mcs2026-phosphate.pdf,Aucun district de phosphate de roche à l'échelle du jeu retenu par le criblage mondial.
STATE_TURKMENIA,map_data/state_regions/09_central_asia.txt,0,0,NONE,KEEP_ZERO,CONFIRMED_ZERO_GLOBAL_SCREEN,LOW,Aucun gisement économiquement exploitable identifié au seuil de cet audit mondial préliminaire.,GLOBAL_SCREEN,https://pubs.usgs.gov/periodicals/mcs2026/mcs2026-phosphate.pdf,Aucun district de phosphate de roche à l'échelle du jeu retenu par le criblage mondial.
STATE_PASHTUNISTAN,map_data/state_regions/09_central_asia.txt,0,0,NONE,KEEP_ZERO,CONFIRMED_ZERO_GLOBAL_SCREEN,LOW,Aucun gisement économiquement exploitable identifié au seuil de cet audit mondial préliminaire.,GLOBAL_SCREEN,https://pubs.usgs.gov/periodicals/mcs2026/mcs2026-phosphate.pdf,Aucun district de phosphate de roche à l'échelle du jeu retenu par le criblage mondial.
STATE_CENTRAL_HIGHLANDS,map_data/state_regions/09_central_asia.txt,0,0,NONE,KEEP_ZERO,CONFIRMED_ZERO_GLOBAL_SCREEN,LOW,Aucun gisement économiquement exploitable identifié au seuil de cet audit mondial préliminaire.,GLOBAL_SCREEN,https://pubs.usgs.gov/periodicals/mcs2026/mcs2026-phosphate.pdf,Aucun district de phosphate de roche à l'échelle du jeu retenu par le criblage mondial.
STATE_NORTHERN_BALUCHISTAN,map_data/state_regions/09_central_asia.txt,0,0,NONE,KEEP_ZERO,CONFIRMED_ZERO_GLOBAL_SCREEN,LOW,Aucun gisement économiquement exploitable identifié au seuil de cet audit mondial préliminaire.,GLOBAL_SCREEN,https://pubs.usgs.gov/periodicals/mcs2026/mcs2026-phosphate.pdf,Aucun district de phosphate de roche à l'échelle du jeu retenu par le criblage mondial.
STATE_HERAT,map_data/state_regions/09_central_asia.txt,0,0,NONE,KEEP_ZERO,CONFIRMED_ZERO_GLOBAL_SCREEN,LOW,Aucun gisement économiquement exploitable identifié au seuil de cet audit mondial préliminaire.,GLOBAL_SCREEN,https://pubs.usgs.gov/periodicals/mcs2026/mcs2026-phosphate.pdf,Aucun district de phosphate de roche à l'échelle du jeu retenu par le criblage mondial.
STATE_BALKH,map_data/state_regions/09_central_asia.txt,0,0,NONE,KEEP_ZERO,CONFIRMED_ZERO_GLOBAL_SCREEN,LOW,Aucun gisement économiquement exploitable identifié au seuil de cet audit mondial préliminaire.,GLOBAL_SCREEN,https://pubs.usgs.gov/periodicals/mcs2026/mcs2026-phosphate.pdf,Aucun district de phosphate de roche à l'échelle du jeu retenu par le criblage mondial.
STATE_QUETTA,map_data/state_regions/09_central_asia.txt,0,0,NONE,KEEP_ZERO,CONFIRMED_ZERO_GLOBAL_SCREEN,LOW,Aucun gisement économiquement exploitable identifié au seuil de cet audit mondial préliminaire.,GLOBAL_SCREEN,https://pubs.usgs.gov/periodicals/mcs2026/mcs2026-phosphate.pdf,Aucun district de phosphate de roche à l'échelle du jeu retenu par le criblage mondial.
STATE_KANDAHAR,map_data/state_regions/09_central_asia.txt,0,0,NONE,KEEP_ZERO,CONFIRMED_ZERO_GLOBAL_SCREEN,LOW,Aucun gisement économiquement exploitable identifié au seuil de cet audit mondial préliminaire.,GLOBAL_SCREEN,https://pubs.usgs.gov/periodicals/mcs2026/mcs2026-phosphate.pdf,Aucun district de phosphate de roche à l'échelle du jeu retenu par le criblage mondial.
STATE_KABUL,map_data/state_regions/09_central_asia.txt,0,0,NONE,KEEP_ZERO,CONFIRMED_ZERO_GLOBAL_SCREEN,LOW,Aucun gisement économiquement exploitable identifié au seuil de cet audit mondial préliminaire.,GLOBAL_SCREEN,https://pubs.usgs.gov/periodicals/mcs2026/mcs2026-phosphate.pdf,Aucun district de phosphate de roche à l'échelle du jeu retenu par le criblage mondial.
STATE_BALUCHISTAN,map_data/state_regions/09_central_asia.txt,0,0,NONE,KEEP_ZERO,CONFIRMED_ZERO_GLOBAL_SCREEN,LOW,Aucun gisement économiquement exploitable identifié au seuil de cet audit mondial préliminaire.,GLOBAL_SCREEN,https://pubs.usgs.gov/periodicals/mcs2026/mcs2026-phosphate.pdf,Aucun district de phosphate de roche à l'échelle du jeu retenu par le criblage mondial.
STATE_LHASA,map_data/state_regions/09_central_asia.txt,0,0,NONE,KEEP_ZERO,CONFIRMED_ZERO_GLOBAL_SCREEN,LOW,Aucun gisement économiquement exploitable identifié au seuil de cet audit mondial préliminaire.,GLOBAL_SCREEN,https://pubs.usgs.gov/periodicals/mcs2026/mcs2026-phosphate.pdf,Aucun district de phosphate de roche à l'échelle du jeu retenu par le criblage mondial.
STATE_NGARI,map_data/state_regions/09_central_asia.txt,0,0,NONE,KEEP_ZERO,CONFIRMED_ZERO_GLOBAL_SCREEN,LOW,Aucun gisement économiquement exploitable identifié au seuil de cet audit mondial préliminaire.,GLOBAL_SCREEN,https://pubs.usgs.gov/periodicals/mcs2026/mcs2026-phosphate.pdf,Aucun district de phosphate de roche à l'échelle du jeu retenu par le criblage mondial.
STATE_HIMALAYAS,map_data/state_regions/09_central_asia.txt,0,0,NONE,KEEP_ZERO,CONFIRMED_ZERO_GLOBAL_SCREEN,LOW,Aucun gisement économiquement exploitable identifié au seuil de cet audit mondial préliminaire.,GLOBAL_SCREEN,https://pubs.usgs.gov/periodicals/mcs2026/mcs2026-phosphate.pdf,Aucun district de phosphate de roche à l'échelle du jeu retenu par le criblage mondial.
STATE_EASTERN_HIMALAYAS,map_data/state_regions/09_central_asia.txt,0,0,NONE,KEEP_ZERO,CONFIRMED_ZERO_GLOBAL_SCREEN,LOW,Aucun gisement économiquement exploitable identifié au seuil de cet audit mondial préliminaire.,GLOBAL_SCREEN,https://pubs.usgs.gov/periodicals/mcs2026/mcs2026-phosphate.pdf,Aucun district de phosphate de roche à l'échelle du jeu retenu par le criblage mondial.
STATE_BIHAR,map_data/state_regions/10_india.txt,0,0,NONE,KEEP_ZERO,CONFIRMED_ZERO_GLOBAL_SCREEN,LOW,Aucun gisement économiquement exploitable identifié au seuil de cet audit mondial préliminaire.,GLOBAL_SCREEN,https://pubs.usgs.gov/periodicals/mcs2026/mcs2026-phosphate.pdf,Aucun district de phosphate de roche à l'échelle du jeu retenu par le criblage mondial.
STATE_WEST_BENGAL,map_data/state_regions/10_india.txt,0,0,NONE,KEEP_ZERO,CONFIRMED_ZERO_GLOBAL_SCREEN,LOW,Aucun gisement économiquement exploitable identifié au seuil de cet audit mondial préliminaire.,GLOBAL_SCREEN,https://pubs.usgs.gov/periodicals/mcs2026/mcs2026-phosphate.pdf,Aucun district de phosphate de roche à l'échelle du jeu retenu par le criblage mondial.
STATE_EAST_BENGAL,map_data/state_regions/10_india.txt,0,0,NONE,KEEP_ZERO,CONFIRMED_ZERO_GLOBAL_SCREEN,LOW,Aucun gisement économiquement exploitable identifié au seuil de cet audit mondial préliminaire.,GLOBAL_SCREEN,https://pubs.usgs.gov/periodicals/mcs2026/mcs2026-phosphate.pdf,Aucun district de phosphate de roche à l'échelle du jeu retenu par le criblage mondial.
STATE_ASSAM,map_data/state_regions/10_india.txt,0,0,NONE,KEEP_ZERO,CONFIRMED_ZERO_GLOBAL_SCREEN,LOW,Aucun gisement économiquement exploitable identifié au seuil de cet audit mondial préliminaire.,GLOBAL_SCREEN,https://pubs.usgs.gov/periodicals/mcs2026/mcs2026-phosphate.pdf,Aucun district de phosphate de roche à l'échelle du jeu retenu par le criblage mondial.
STATE_DELHI,map_data/state_regions/10_india.txt,0,0,NONE,KEEP_ZERO,CONFIRMED_ZERO_GLOBAL_SCREEN,LOW,Aucun gisement économiquement exploitable identifié au seuil de cet audit mondial préliminaire.,GLOBAL_SCREEN,https://pubs.usgs.gov/periodicals/mcs2026/mcs2026-phosphate.pdf,Aucun district de phosphate de roche à l'échelle du jeu retenu par le criblage mondial.
STATE_AWADH,map_data/state_regions/10_india.txt,0,0,NONE,KEEP_ZERO,CONFIRMED_ZERO_GLOBAL_SCREEN,LOW,Aucun gisement économiquement exploitable identifié au seuil de cet audit mondial préliminaire.,GLOBAL_SCREEN,https://pubs.usgs.gov/periodicals/mcs2026/mcs2026-phosphate.pdf,Aucun district de phosphate de roche à l'échelle du jeu retenu par le criblage mondial.
STATE_AGRA,map_data/state_regions/10_india.txt,0,0,NONE,KEEP_ZERO,CONFIRMED_ZERO_GLOBAL_SCREEN,LOW,Aucun gisement économiquement exploitable identifié au seuil de cet audit mondial préliminaire.,GLOBAL_SCREEN,https://pubs.usgs.gov/periodicals/mcs2026/mcs2026-phosphate.pdf,Aucun district de phosphate de roche à l'échelle du jeu retenu par le criblage mondial.
STATE_GUJARAT,map_data/state_regions/10_india.txt,0,0,NONE,KEEP_ZERO,CONFIRMED_ZERO_GLOBAL_SCREEN,LOW,Aucun gisement économiquement exploitable identifié au seuil de cet audit mondial préliminaire.,GLOBAL_SCREEN,https://pubs.usgs.gov/periodicals/mcs2026/mcs2026-phosphate.pdf,Aucun district de phosphate de roche à l'échelle du jeu retenu par le criblage mondial.
STATE_BUNDELKHAND,map_data/state_regions/10_india.txt,0,0,NONE,KEEP_ZERO,CONFIRMED_ZERO_GLOBAL_SCREEN,LOW,Aucun gisement économiquement exploitable identifié au seuil de cet audit mondial préliminaire.,GLOBAL_SCREEN,https://pubs.usgs.gov/periodicals/mcs2026/mcs2026-phosphate.pdf,Aucun district de phosphate de roche à l'échelle du jeu retenu par le criblage mondial.
STATE_MALWA,map_data/state_regions/10_india.txt,0,0,NONE,KEEP_ZERO,CONFIRMED_ZERO_GLOBAL_SCREEN,LOW,Aucun gisement économiquement exploitable identifié au seuil de cet audit mondial préliminaire.,GLOBAL_SCREEN,https://pubs.usgs.gov/periodicals/mcs2026/mcs2026-phosphate.pdf,Aucun district de phosphate de roche à l'échelle du jeu retenu par le criblage mondial.
STATE_KASHMIR,map_data/state_regions/10_india.txt,0,0,NONE,KEEP_ZERO,CONFIRMED_ZERO_GLOBAL_SCREEN,LOW,Aucun gisement économiquement exploitable identifié au seuil de cet audit mondial préliminaire.,GLOBAL_SCREEN,https://pubs.usgs.gov/periodicals/mcs2026/mcs2026-phosphate.pdf,Aucun district de phosphate de roche à l'échelle du jeu retenu par le criblage mondial.
STATE_PUNJAB,map_data/state_regions/10_india.txt,0,0,NONE,KEEP_ZERO,CONFIRMED_ZERO_GLOBAL_SCREEN,LOW,Aucun gisement économiquement exploitable identifié au seuil de cet audit mondial préliminaire.,GLOBAL_SCREEN,https://pubs.usgs.gov/periodicals/mcs2026/mcs2026-phosphate.pdf,Aucun district de phosphate de roche à l'échelle du jeu retenu par le criblage mondial.
STATE_HILL_PUNJAB,map_data/state_regions/10_india.txt,0,0,NONE,KEEP_ZERO,CONFIRMED_ZERO_GLOBAL_SCREEN,LOW,Aucun gisement économiquement exploitable identifié au seuil de cet audit mondial préliminaire.,GLOBAL_SCREEN,https://pubs.usgs.gov/periodicals/mcs2026/mcs2026-phosphate.pdf,Aucun district de phosphate de roche à l'échelle du jeu retenu par le criblage mondial.
STATE_CENTRAL_PROVINCES,map_data/state_regions/10_india.txt,0,0,NONE,KEEP_ZERO,CONFIRMED_ZERO_GLOBAL_SCREEN,LOW,Aucun gisement économiquement exploitable identifié au seuil de cet audit mondial préliminaire.,GLOBAL_SCREEN,https://pubs.usgs.gov/periodicals/mcs2026/mcs2026-phosphate.pdf,Aucun district de phosphate de roche à l'échelle du jeu retenu par le criblage mondial.
STATE_SINDH,map_data/state_regions/10_india.txt,0,0,NONE,KEEP_ZERO,CONFIRMED_ZERO_GLOBAL_SCREEN,LOW,Aucun gisement économiquement exploitable identifié au seuil de cet audit mondial préliminaire.,GLOBAL_SCREEN,https://pubs.usgs.gov/periodicals/mcs2026/mcs2026-phosphate.pdf,Aucun district de phosphate de roche à l'échelle du jeu retenu par le criblage mondial.
STATE_RAJPUTANA,map_data/state_regions/10_india.txt,16,16,MODEST,ADD_CAPPED_RESOURCE,CONFIRMED_DISTRICT_OR_GAME_STATE_AGGREGATION,HIGH,Ressources phosphatées indiennes agrégées au Rajasthan.,USGS_PHOSPHATE_BIBLIOGRAPHY,https://pubs.usgs.gov/of/1983/0841/report.pdf,Confirmé après contrôle du district et de son rattachement à l'État de jeu.
STATE_CEYLON,map_data/state_regions/10_india.txt,0,0,NONE,KEEP_ZERO,CONFIRMED_ZERO_GLOBAL_SCREEN,LOW,Aucun gisement économiquement exploitable identifié au seuil de cet audit mondial préliminaire.,GLOBAL_SCREEN,https://pubs.usgs.gov/periodicals/mcs2026/mcs2026-phosphate.pdf,Aucun district de phosphate de roche à l'échelle du jeu retenu par le criblage mondial.
STATE_INDIAN_OCEAN_TERRITORY,map_data/state_regions/10_india.txt,16,16,MODEST,ADD_CAPPED_RESOURCE,CONFIRMED_DISTRICT_OR_GAME_STATE_AGGREGATION,MEDIUM,Phosphates insulaires de l’océan Indien agrégés.,USGS_STRATEGIC_PHOSPHATE_INVENTORY,https://pubs.usgs.gov/circ/1984/0930c/report.pdf,Confirmé après contrôle du district et de son rattachement à l'État de jeu.
STATE_ORISSA,map_data/state_regions/10_india.txt,0,0,NONE,KEEP_ZERO,CONFIRMED_ZERO_GLOBAL_SCREEN,LOW,Aucun gisement économiquement exploitable identifié au seuil de cet audit mondial préliminaire.,GLOBAL_SCREEN,https://pubs.usgs.gov/periodicals/mcs2026/mcs2026-phosphate.pdf,Aucun district de phosphate de roche à l'échelle du jeu retenu par le criblage mondial.
STATE_CIRCARS,map_data/state_regions/10_india.txt,0,0,NONE,KEEP_ZERO,CONFIRMED_ZERO_GLOBAL_SCREEN,LOW,Aucun gisement économiquement exploitable identifié au seuil de cet audit mondial préliminaire.,GLOBAL_SCREEN,https://pubs.usgs.gov/periodicals/mcs2026/mcs2026-phosphate.pdf,Aucun district de phosphate de roche à l'échelle du jeu retenu par le criblage mondial.
STATE_MYSORE,map_data/state_regions/10_india.txt,0,0,NONE,KEEP_ZERO,CONFIRMED_ZERO_GLOBAL_SCREEN,LOW,Aucun gisement économiquement exploitable identifié au seuil de cet audit mondial préliminaire.,GLOBAL_SCREEN,https://pubs.usgs.gov/periodicals/mcs2026/mcs2026-phosphate.pdf,Aucun district de phosphate de roche à l'échelle du jeu retenu par le criblage mondial.
STATE_TRAVANCORE,map_data/state_regions/10_india.txt,0,0,NONE,KEEP_ZERO,CONFIRMED_ZERO_GLOBAL_SCREEN,LOW,Aucun gisement économiquement exploitable identifié au seuil de cet audit mondial préliminaire.,GLOBAL_SCREEN,https://pubs.usgs.gov/periodicals/mcs2026/mcs2026-phosphate.pdf,Aucun district de phosphate de roche à l'échelle du jeu retenu par le criblage mondial.
STATE_MADRAS,map_data/state_regions/10_india.txt,0,0,NONE,KEEP_ZERO,CONFIRMED_ZERO_GLOBAL_SCREEN,LOW,Aucun gisement économiquement exploitable identifié au seuil de cet audit mondial préliminaire.,GLOBAL_SCREEN,https://pubs.usgs.gov/periodicals/mcs2026/mcs2026-phosphate.pdf,Aucun district de phosphate de roche à l'échelle du jeu retenu par le criblage mondial.
STATE_KURNOOL,map_data/state_regions/10_india.txt,0,0,NONE,KEEP_ZERO,CONFIRMED_ZERO_GLOBAL_SCREEN,LOW,Aucun gisement économiquement exploitable identifié au seuil de cet audit mondial préliminaire.,GLOBAL_SCREEN,https://pubs.usgs.gov/periodicals/mcs2026/mcs2026-phosphate.pdf,Aucun district de phosphate de roche à l'échelle du jeu retenu par le criblage mondial.
STATE_HYDERABAD,map_data/state_regions/10_india.txt,0,0,NONE,KEEP_ZERO,CONFIRMED_ZERO_GLOBAL_SCREEN,LOW,Aucun gisement économiquement exploitable identifié au seuil de cet audit mondial préliminaire.,GLOBAL_SCREEN,https://pubs.usgs.gov/periodicals/mcs2026/mcs2026-phosphate.pdf,Aucun district de phosphate de roche à l'échelle du jeu retenu par le criblage mondial.
STATE_BOMBAY,map_data/state_regions/10_india.txt,0,0,NONE,KEEP_ZERO,CONFIRMED_ZERO_GLOBAL_SCREEN,LOW,Aucun gisement économiquement exploitable identifié au seuil de cet audit mondial préliminaire.,GLOBAL_SCREEN,https://pubs.usgs.gov/periodicals/mcs2026/mcs2026-phosphate.pdf,Aucun district de phosphate de roche à l'échelle du jeu retenu par le criblage mondial.
STATE_TENASSERIM,map_data/state_regions/10_india.txt,0,0,NONE,KEEP_ZERO,CONFIRMED_ZERO_GLOBAL_SCREEN,LOW,Aucun gisement économiquement exploitable identifié au seuil de cet audit mondial préliminaire.,GLOBAL_SCREEN,https://pubs.usgs.gov/periodicals/mcs2026/mcs2026-phosphate.pdf,Aucun district de phosphate de roche à l'échelle du jeu retenu par le criblage mondial.
STATE_KACHIN,map_data/state_regions/10_india.txt,0,0,NONE,KEEP_ZERO,CONFIRMED_ZERO_GLOBAL_SCREEN,LOW,Aucun gisement économiquement exploitable identifié au seuil de cet audit mondial préliminaire.,GLOBAL_SCREEN,https://pubs.usgs.gov/periodicals/mcs2026/mcs2026-phosphate.pdf,Aucun district de phosphate de roche à l'échelle du jeu retenu par le criblage mondial.
STATE_SHAN_STATES,map_data/state_regions/10_india.txt,0,0,NONE,KEEP_ZERO,CONFIRMED_ZERO_GLOBAL_SCREEN,LOW,Aucun gisement économiquement exploitable identifié au seuil de cet audit mondial préliminaire.,GLOBAL_SCREEN,https://pubs.usgs.gov/periodicals/mcs2026/mcs2026-phosphate.pdf,Aucun district de phosphate de roche à l'échelle du jeu retenu par le criblage mondial.
STATE_MANDALAY,map_data/state_regions/10_india.txt,0,0,NONE,KEEP_ZERO,CONFIRMED_ZERO_GLOBAL_SCREEN,LOW,Aucun gisement économiquement exploitable identifié au seuil de cet audit mondial préliminaire.,GLOBAL_SCREEN,https://pubs.usgs.gov/periodicals/mcs2026/mcs2026-phosphate.pdf,Aucun district de phosphate de roche à l'échelle du jeu retenu par le criblage mondial.
STATE_PEGU,map_data/state_regions/10_india.txt,0,0,NONE,KEEP_ZERO,CONFIRMED_ZERO_GLOBAL_SCREEN,LOW,Aucun gisement économiquement exploitable identifié au seuil de cet audit mondial préliminaire.,GLOBAL_SCREEN,https://pubs.usgs.gov/periodicals/mcs2026/mcs2026-phosphate.pdf,Aucun district de phosphate de roche à l'échelle du jeu retenu par le criblage mondial.
STATE_ARAKAN,map_data/state_regions/10_india.txt,0,0,NONE,KEEP_ZERO,CONFIRMED_ZERO_GLOBAL_SCREEN,LOW,Aucun gisement économiquement exploitable identifié au seuil de cet audit mondial préliminaire.,GLOBAL_SCREEN,https://pubs.usgs.gov/periodicals/mcs2026/mcs2026-phosphate.pdf,Aucun district de phosphate de roche à l'échelle du jeu retenu par le criblage mondial.
STATE_DZUNGARIA,map_data/state_regions/11_east_asia.txt,0,0,NONE,KEEP_ZERO,CONFIRMED_ZERO_GLOBAL_SCREEN,LOW,Aucun gisement économiquement exploitable identifié au seuil de cet audit mondial préliminaire.,GLOBAL_SCREEN,https://pubs.usgs.gov/periodicals/mcs2026/mcs2026-phosphate.pdf,Aucun district de phosphate de roche à l'échelle du jeu retenu par le criblage mondial.
STATE_TIANSHAN,map_data/state_regions/11_east_asia.txt,0,0,NONE,KEEP_ZERO,CONFIRMED_ZERO_GLOBAL_SCREEN,LOW,Aucun gisement économiquement exploitable identifié au seuil de cet audit mondial préliminaire.,GLOBAL_SCREEN,https://pubs.usgs.gov/periodicals/mcs2026/mcs2026-phosphate.pdf,Aucun district de phosphate de roche à l'échelle du jeu retenu par le criblage mondial.
STATE_SICHUAN,map_data/state_regions/11_east_asia.txt,36,36,HIGH,ADD_CAPPED_RESOURCE,CONFIRMED_DISTRICT_OR_GAME_STATE_AGGREGATION,HIGH,Ressources phosphatées importantes du bassin du Sichuan et de ses marges.,USGS_WORLD_DATABASE_AND_CHINA_YEARBOOK,https://pubs.usgs.gov/of/2002/0156/pdf/OF02-156A.pdf,Confirmé après contrôle du district et de son rattachement à l'État de jeu.
STATE_YUNNAN,map_data/state_regions/11_east_asia.txt,48,48,VERY_HIGH,ADD_CAPPED_RESOURCE,CONFIRMED_DISTRICT_OR_GAME_STATE_AGGREGATION,HIGH,Province phosphatée majeure du sud-ouest chinois.,USGS_WORLD_DATABASE_AND_CHINA_YEARBOOK,https://pubs.usgs.gov/of/2002/0156/pdf/OF02-156A.pdf,Confirmé après contrôle du district et de son rattachement à l'État de jeu.
STATE_GUIZHOU,map_data/state_regions/11_east_asia.txt,48,48,VERY_HIGH,ADD_CAPPED_RESOURCE,CONFIRMED_DISTRICT_OR_GAME_STATE_AGGREGATION,HIGH,Province phosphatée majeure du sud-ouest chinois.,USGS_WORLD_DATABASE_AND_CHINA_YEARBOOK,https://pubs.usgs.gov/of/2002/0156/pdf/OF02-156A.pdf,Confirmé après contrôle du district et de son rattachement à l'État de jeu.
STATE_SHAOZHOU,map_data/state_regions/11_east_asia.txt,0,0,NONE,KEEP_ZERO,CONFIRMED_ZERO_GLOBAL_SCREEN,LOW,Aucun gisement économiquement exploitable identifié au seuil de cet audit mondial préliminaire.,GLOBAL_SCREEN,https://pubs.usgs.gov/periodicals/mcs2026/mcs2026-phosphate.pdf,Aucun district de phosphate de roche à l'échelle du jeu retenu par le criblage mondial.
STATE_ALXA,map_data/state_regions/11_east_asia.txt,0,0,NONE,KEEP_ZERO,CONFIRMED_ZERO_GLOBAL_SCREEN,LOW,Aucun gisement économiquement exploitable identifié au seuil de cet audit mondial préliminaire.,GLOBAL_SCREEN,https://pubs.usgs.gov/periodicals/mcs2026/mcs2026-phosphate.pdf,Aucun district de phosphate de roche à l'échelle du jeu retenu par le criblage mondial.
STATE_HINGGAN,map_data/state_regions/11_east_asia.txt,0,0,NONE,KEEP_ZERO,CONFIRMED_ZERO_GLOBAL_SCREEN,LOW,Aucun gisement économiquement exploitable identifié au seuil de cet audit mondial préliminaire.,GLOBAL_SCREEN,https://pubs.usgs.gov/periodicals/mcs2026/mcs2026-phosphate.pdf,Aucun district de phosphate de roche à l'échelle du jeu retenu par le criblage mondial.
STATE_GUANGXI,map_data/state_regions/11_east_asia.txt,0,0,NONE,KEEP_ZERO,CONFIRMED_ZERO_GLOBAL_SCREEN,LOW,Aucun gisement économiquement exploitable identifié au seuil de cet audit mondial préliminaire.,GLOBAL_SCREEN,https://pubs.usgs.gov/periodicals/mcs2026/mcs2026-phosphate.pdf,Aucun district de phosphate de roche à l'échelle du jeu retenu par le criblage mondial.
STATE_BEIJING,map_data/state_regions/11_east_asia.txt,0,0,NONE,KEEP_ZERO,CONFIRMED_ZERO_GLOBAL_SCREEN,LOW,Aucun gisement économiquement exploitable identifié au seuil de cet audit mondial préliminaire.,GLOBAL_SCREEN,https://pubs.usgs.gov/periodicals/mcs2026/mcs2026-phosphate.pdf,Aucun district de phosphate de roche à l'échelle du jeu retenu par le criblage mondial.
STATE_SHENGJING,map_data/state_regions/11_east_asia.txt,0,0,NONE,KEEP_ZERO,CONFIRMED_ZERO_GLOBAL_SCREEN,LOW,Aucun gisement économiquement exploitable identifié au seuil de cet audit mondial préliminaire.,GLOBAL_SCREEN,https://pubs.usgs.gov/periodicals/mcs2026/mcs2026-phosphate.pdf,Aucun district de phosphate de roche à l'échelle du jeu retenu par le criblage mondial.
STATE_OUTER_MANCHURIA,map_data/state_regions/11_east_asia.txt,0,0,NONE,KEEP_ZERO,CONFIRMED_ZERO_GLOBAL_SCREEN,LOW,Aucun gisement économiquement exploitable identifié au seuil de cet audit mondial préliminaire.,GLOBAL_SCREEN,https://pubs.usgs.gov/periodicals/mcs2026/mcs2026-phosphate.pdf,Aucun district de phosphate de roche à l'échelle du jeu retenu par le criblage mondial.
STATE_SOUTHERN_MANCHURIA,map_data/state_regions/11_east_asia.txt,0,0,NONE,KEEP_ZERO,CONFIRMED_ZERO_GLOBAL_SCREEN,LOW,Aucun gisement économiquement exploitable identifié au seuil de cet audit mondial préliminaire.,GLOBAL_SCREEN,https://pubs.usgs.gov/periodicals/mcs2026/mcs2026-phosphate.pdf,Aucun district de phosphate de roche à l'échelle du jeu retenu par le criblage mondial.
STATE_NORTHERN_MANCHURIA,map_data/state_regions/11_east_asia.txt,0,0,NONE,KEEP_ZERO,CONFIRMED_ZERO_GLOBAL_SCREEN,LOW,Aucun gisement économiquement exploitable identifié au seuil de cet audit mondial préliminaire.,GLOBAL_SCREEN,https://pubs.usgs.gov/periodicals/mcs2026/mcs2026-phosphate.pdf,Aucun district de phosphate de roche à l'échelle du jeu retenu par le criblage mondial.
STATE_SHANXI,map_data/state_regions/11_east_asia.txt,0,0,NONE,KEEP_ZERO,CONFIRMED_ZERO_GLOBAL_SCREEN,LOW,Aucun gisement économiquement exploitable identifié au seuil de cet audit mondial préliminaire.,GLOBAL_SCREEN,https://pubs.usgs.gov/periodicals/mcs2026/mcs2026-phosphate.pdf,Aucun district de phosphate de roche à l'échelle du jeu retenu par le criblage mondial.
STATE_NINGXIA,map_data/state_regions/11_east_asia.txt,0,0,NONE,KEEP_ZERO,CONFIRMED_ZERO_GLOBAL_SCREEN,LOW,Aucun gisement économiquement exploitable identifié au seuil de cet audit mondial préliminaire.,GLOBAL_SCREEN,https://pubs.usgs.gov/periodicals/mcs2026/mcs2026-phosphate.pdf,Aucun district de phosphate de roche à l'échelle du jeu retenu par le criblage mondial.
STATE_GANSU,map_data/state_regions/11_east_asia.txt,0,0,NONE,KEEP_ZERO,CONFIRMED_ZERO_GLOBAL_SCREEN,LOW,Aucun gisement économiquement exploitable identifié au seuil de cet audit mondial préliminaire.,GLOBAL_SCREEN,https://pubs.usgs.gov/periodicals/mcs2026/mcs2026-phosphate.pdf,Aucun district de phosphate de roche à l'échelle du jeu retenu par le criblage mondial.
STATE_XIAN,map_data/state_regions/11_east_asia.txt,0,0,NONE,KEEP_ZERO,CONFIRMED_ZERO_GLOBAL_SCREEN,LOW,Aucun gisement économiquement exploitable identifié au seuil de cet audit mondial préliminaire.,GLOBAL_SCREEN,https://pubs.usgs.gov/periodicals/mcs2026/mcs2026-phosphate.pdf,Aucun district de phosphate de roche à l'échelle du jeu retenu par le criblage mondial.
STATE_QINGHAI,map_data/state_regions/11_east_asia.txt,0,0,NONE,KEEP_ZERO,CONFIRMED_ZERO_GLOBAL_SCREEN,LOW,Aucun gisement économiquement exploitable identifié au seuil de cet audit mondial préliminaire.,GLOBAL_SCREEN,https://pubs.usgs.gov/periodicals/mcs2026/mcs2026-phosphate.pdf,Aucun district de phosphate de roche à l'échelle du jeu retenu par le criblage mondial.
STATE_CHONGQING,map_data/state_regions/11_east_asia.txt,0,0,NONE,KEEP_ZERO,CONFIRMED_ZERO_GLOBAL_SCREEN,LOW,Aucun gisement économiquement exploitable identifié au seuil de cet audit mondial préliminaire.,GLOBAL_SCREEN,https://pubs.usgs.gov/periodicals/mcs2026/mcs2026-phosphate.pdf,Aucun district de phosphate de roche à l'échelle du jeu retenu par le criblage mondial.
STATE_GUANGDONG,map_data/state_regions/11_east_asia.txt,0,0,NONE,KEEP_ZERO,CONFIRMED_ZERO_GLOBAL_SCREEN,LOW,Aucun gisement économiquement exploitable identifié au seuil de cet audit mondial préliminaire.,GLOBAL_SCREEN,https://pubs.usgs.gov/periodicals/mcs2026/mcs2026-phosphate.pdf,Aucun district de phosphate de roche à l'échelle du jeu retenu par le criblage mondial.
STATE_FUJIAN,map_data/state_regions/11_east_asia.txt,0,0,NONE,KEEP_ZERO,CONFIRMED_ZERO_GLOBAL_SCREEN,LOW,Aucun gisement économiquement exploitable identifié au seuil de cet audit mondial préliminaire.,GLOBAL_SCREEN,https://pubs.usgs.gov/periodicals/mcs2026/mcs2026-phosphate.pdf,Aucun district de phosphate de roche à l'échelle du jeu retenu par le criblage mondial.
STATE_ZHEJIANG,map_data/state_regions/11_east_asia.txt,0,0,NONE,KEEP_ZERO,CONFIRMED_ZERO_GLOBAL_SCREEN,LOW,Aucun gisement économiquement exploitable identifié au seuil de cet audit mondial préliminaire.,GLOBAL_SCREEN,https://pubs.usgs.gov/periodicals/mcs2026/mcs2026-phosphate.pdf,Aucun district de phosphate de roche à l'échelle du jeu retenu par le criblage mondial.
STATE_JIANGSU,map_data/state_regions/11_east_asia.txt,0,0,NONE,KEEP_ZERO,CONFIRMED_ZERO_GLOBAL_SCREEN,LOW,Aucun gisement économiquement exploitable identifié au seuil de cet audit mondial préliminaire.,GLOBAL_SCREEN,https://pubs.usgs.gov/periodicals/mcs2026/mcs2026-phosphate.pdf,Aucun district de phosphate de roche à l'échelle du jeu retenu par le criblage mondial.
STATE_NANJING,map_data/state_regions/11_east_asia.txt,0,0,NONE,KEEP_ZERO,CONFIRMED_ZERO_GLOBAL_SCREEN,LOW,Aucun gisement économiquement exploitable identifié au seuil de cet audit mondial préliminaire.,GLOBAL_SCREEN,https://pubs.usgs.gov/periodicals/mcs2026/mcs2026-phosphate.pdf,Aucun district de phosphate de roche à l'échelle du jeu retenu par le criblage mondial.
STATE_HENAN,map_data/state_regions/11_east_asia.txt,0,0,NONE,KEEP_ZERO,CONFIRMED_ZERO_GLOBAL_SCREEN,LOW,Aucun gisement économiquement exploitable identifié au seuil de cet audit mondial préliminaire.,GLOBAL_SCREEN,https://pubs.usgs.gov/periodicals/mcs2026/mcs2026-phosphate.pdf,Aucun district de phosphate de roche à l'échelle du jeu retenu par le criblage mondial.
STATE_ZHILI,map_data/state_regions/11_east_asia.txt,0,0,NONE,KEEP_ZERO,CONFIRMED_ZERO_GLOBAL_SCREEN,LOW,Aucun gisement économiquement exploitable identifié au seuil de cet audit mondial préliminaire.,GLOBAL_SCREEN,https://pubs.usgs.gov/periodicals/mcs2026/mcs2026-phosphate.pdf,Aucun district de phosphate de roche à l'échelle du jeu retenu par le criblage mondial.
STATE_JIANGXI,map_data/state_regions/11_east_asia.txt,0,0,NONE,KEEP_ZERO,CONFIRMED_ZERO_GLOBAL_SCREEN,LOW,Aucun gisement économiquement exploitable identifié au seuil de cet audit mondial préliminaire.,GLOBAL_SCREEN,https://pubs.usgs.gov/periodicals/mcs2026/mcs2026-phosphate.pdf,Aucun district de phosphate de roche à l'échelle du jeu retenu par le criblage mondial.
STATE_SOUTHERN_ANHUI,map_data/state_regions/11_east_asia.txt,0,0,NONE,KEEP_ZERO,CONFIRMED_ZERO_GLOBAL_SCREEN,LOW,Aucun gisement économiquement exploitable identifié au seuil de cet audit mondial préliminaire.,GLOBAL_SCREEN,https://pubs.usgs.gov/periodicals/mcs2026/mcs2026-phosphate.pdf,Aucun district de phosphate de roche à l'échelle du jeu retenu par le criblage mondial.
STATE_NORTHERN_ANHUI,map_data/state_regions/11_east_asia.txt,0,0,NONE,KEEP_ZERO,CONFIRMED_ZERO_GLOBAL_SCREEN,LOW,Aucun gisement économiquement exploitable identifié au seuil de cet audit mondial préliminaire.,GLOBAL_SCREEN,https://pubs.usgs.gov/periodicals/mcs2026/mcs2026-phosphate.pdf,Aucun district de phosphate de roche à l'échelle du jeu retenu par le criblage mondial.
STATE_WESTERN_HUBEI,map_data/state_regions/11_east_asia.txt,48,48,VERY_HIGH,ADD_CAPPED_RESOURCE,CONFIRMED_DISTRICT_OR_GAME_STATE_AGGREGATION,HIGH,Ceinture phosphatée majeure du Hubei occidental.,USGS_WORLD_DATABASE_AND_CHINA_YEARBOOK,https://pubs.usgs.gov/of/2002/0156/pdf/OF02-156A.pdf,Confirmé après contrôle du district et de son rattachement à l'État de jeu.
STATE_EASTERN_HUBEI,map_data/state_regions/11_east_asia.txt,24,24,MEDIUM,ADD_CAPPED_RESOURCE,CONFIRMED_DISTRICT_OR_GAME_STATE_AGGREGATION,HIGH,Extension secondaire des ressources phosphatées du Hubei.,USGS_WORLD_DATABASE_AND_CHINA_YEARBOOK,https://pubs.usgs.gov/of/2002/0156/pdf/OF02-156A.pdf,Confirmé après contrôle du district et de son rattachement à l'État de jeu.
STATE_HUNAN,map_data/state_regions/11_east_asia.txt,0,0,NONE,KEEP_ZERO,CONFIRMED_ZERO_GLOBAL_SCREEN,LOW,Aucun gisement économiquement exploitable identifié au seuil de cet audit mondial préliminaire.,GLOBAL_SCREEN,https://pubs.usgs.gov/periodicals/mcs2026/mcs2026-phosphate.pdf,Aucun district de phosphate de roche à l'échelle du jeu retenu par le criblage mondial.
STATE_FORMOSA,map_data/state_regions/11_east_asia.txt,0,0,NONE,KEEP_ZERO,CONFIRMED_ZERO_GLOBAL_SCREEN,LOW,Aucun gisement économiquement exploitable identifié au seuil de cet audit mondial préliminaire.,GLOBAL_SCREEN,https://pubs.usgs.gov/periodicals/mcs2026/mcs2026-phosphate.pdf,Aucun district de phosphate de roche à l'échelle du jeu retenu par le criblage mondial.
STATE_SHANDONG,map_data/state_regions/11_east_asia.txt,0,0,NONE,KEEP_ZERO,CONFIRMED_ZERO_GLOBAL_SCREEN,LOW,Aucun gisement économiquement exploitable identifié au seuil de cet audit mondial préliminaire.,GLOBAL_SCREEN,https://pubs.usgs.gov/periodicals/mcs2026/mcs2026-phosphate.pdf,Aucun district de phosphate de roche à l'échelle du jeu retenu par le criblage mondial.
STATE_SUZHOU,map_data/state_regions/11_east_asia.txt,0,0,NONE,KEEP_ZERO,CONFIRMED_ZERO_GLOBAL_SCREEN,LOW,Aucun gisement économiquement exploitable identifié au seuil de cet audit mondial préliminaire.,GLOBAL_SCREEN,https://pubs.usgs.gov/periodicals/mcs2026/mcs2026-phosphate.pdf,Aucun district de phosphate de roche à l'échelle du jeu retenu par le criblage mondial.
STATE_ULIASTAI,map_data/state_regions/11_east_asia.txt,0,0,NONE,KEEP_ZERO,CONFIRMED_ZERO_GLOBAL_SCREEN,LOW,Aucun gisement économiquement exploitable identifié au seuil de cet audit mondial préliminaire.,GLOBAL_SCREEN,https://pubs.usgs.gov/periodicals/mcs2026/mcs2026-phosphate.pdf,Aucun district de phosphate de roche à l'échelle du jeu retenu par le criblage mondial.
STATE_URGA,map_data/state_regions/11_east_asia.txt,0,0,NONE,KEEP_ZERO,CONFIRMED_ZERO_GLOBAL_SCREEN,LOW,Aucun gisement économiquement exploitable identifié au seuil de cet audit mondial préliminaire.,GLOBAL_SCREEN,https://pubs.usgs.gov/periodicals/mcs2026/mcs2026-phosphate.pdf,Aucun district de phosphate de roche à l'échelle du jeu retenu par le criblage mondial.
STATE_CAMBODIA,map_data/state_regions/11_east_asia.txt,0,0,NONE,KEEP_ZERO,CONFIRMED_ZERO_GLOBAL_SCREEN,LOW,Aucun gisement économiquement exploitable identifié au seuil de cet audit mondial préliminaire.,GLOBAL_SCREEN,https://pubs.usgs.gov/periodicals/mcs2026/mcs2026-phosphate.pdf,Aucun district de phosphate de roche à l'échelle du jeu retenu par le criblage mondial.
STATE_BANGKOK,map_data/state_regions/11_east_asia.txt,0,0,NONE,KEEP_ZERO,CONFIRMED_ZERO_GLOBAL_SCREEN,LOW,Aucun gisement économiquement exploitable identifié au seuil de cet audit mondial préliminaire.,GLOBAL_SCREEN,https://pubs.usgs.gov/periodicals/mcs2026/mcs2026-phosphate.pdf,Aucun district de phosphate de roche à l'échelle du jeu retenu par le criblage mondial.
STATE_TONKIN,map_data/state_regions/11_east_asia.txt,16,16,MODEST,ADD_CAPPED_RESOURCE,CONFIRMED_DISTRICT_OR_GAME_STATE_AGGREGATION,HIGH,Ressources phosphatées du nord du Viêt Nam.,USGS_ASIA_PACIFIC_FACILITIES,https://pubs.usgs.gov/of/2010/1254/pdf/USGS_ofr2010_1254_table.pdf,Confirmé après contrôle du district et de son rattachement à l'État de jeu.
STATE_ANNAM,map_data/state_regions/11_east_asia.txt,0,0,NONE,KEEP_ZERO,CONFIRMED_ZERO_GLOBAL_SCREEN,LOW,Aucun gisement économiquement exploitable identifié au seuil de cet audit mondial préliminaire.,GLOBAL_SCREEN,https://pubs.usgs.gov/periodicals/mcs2026/mcs2026-phosphate.pdf,Aucun district de phosphate de roche à l'échelle du jeu retenu par le criblage mondial.
STATE_MEKONG,map_data/state_regions/11_east_asia.txt,0,0,NONE,KEEP_ZERO,CONFIRMED_ZERO_GLOBAL_SCREEN,LOW,Aucun gisement économiquement exploitable identifié au seuil de cet audit mondial préliminaire.,GLOBAL_SCREEN,https://pubs.usgs.gov/periodicals/mcs2026/mcs2026-phosphate.pdf,Aucun district de phosphate de roche à l'échelle du jeu retenu par le criblage mondial.
STATE_LAOS,map_data/state_regions/11_east_asia.txt,0,0,NONE,KEEP_ZERO,CONFIRMED_ZERO_GLOBAL_SCREEN,LOW,Aucun gisement économiquement exploitable identifié au seuil de cet audit mondial préliminaire.,GLOBAL_SCREEN,https://pubs.usgs.gov/periodicals/mcs2026/mcs2026-phosphate.pdf,Aucun district de phosphate de roche à l'échelle du jeu retenu par le criblage mondial.
STATE_CHIANG_MAI,map_data/state_regions/11_east_asia.txt,0,0,NONE,KEEP_ZERO,CONFIRMED_ZERO_GLOBAL_SCREEN,LOW,Aucun gisement économiquement exploitable identifié au seuil de cet audit mondial préliminaire.,GLOBAL_SCREEN,https://pubs.usgs.gov/periodicals/mcs2026/mcs2026-phosphate.pdf,Aucun district de phosphate de roche à l'échelle du jeu retenu par le criblage mondial.
STATE_NAKHON_RATCHASIMA,map_data/state_regions/11_east_asia.txt,0,0,NONE,KEEP_ZERO,CONFIRMED_ZERO_GLOBAL_SCREEN,LOW,Aucun gisement économiquement exploitable identifié au seuil de cet audit mondial préliminaire.,GLOBAL_SCREEN,https://pubs.usgs.gov/periodicals/mcs2026/mcs2026-phosphate.pdf,Aucun district de phosphate de roche à l'échelle du jeu retenu par le criblage mondial.
STATE_SAKHALIN,map_data/state_regions/11_east_asia.txt,0,0,NONE,KEEP_ZERO,CONFIRMED_ZERO_GLOBAL_SCREEN,LOW,Aucun gisement économiquement exploitable identifié au seuil de cet audit mondial préliminaire.,GLOBAL_SCREEN,https://pubs.usgs.gov/periodicals/mcs2026/mcs2026-phosphate.pdf,Aucun district de phosphate de roche à l'échelle du jeu retenu par le criblage mondial.
STATE_HOKKAIDO,map_data/state_regions/11_east_asia.txt,0,0,NONE,KEEP_ZERO,CONFIRMED_ZERO_GLOBAL_SCREEN,LOW,Aucun gisement économiquement exploitable identifié au seuil de cet audit mondial préliminaire.,GLOBAL_SCREEN,https://pubs.usgs.gov/periodicals/mcs2026/mcs2026-phosphate.pdf,Aucun district de phosphate de roche à l'échelle du jeu retenu par le criblage mondial.
STATE_TOHOKU,map_data/state_regions/11_east_asia.txt,0,0,NONE,KEEP_ZERO,CONFIRMED_ZERO_GLOBAL_SCREEN,LOW,Aucun gisement économiquement exploitable identifié au seuil de cet audit mondial préliminaire.,GLOBAL_SCREEN,https://pubs.usgs.gov/periodicals/mcs2026/mcs2026-phosphate.pdf,Aucun district de phosphate de roche à l'échelle du jeu retenu par le criblage mondial.
STATE_KANTO,map_data/state_regions/11_east_asia.txt,0,0,NONE,KEEP_ZERO,CONFIRMED_ZERO_GLOBAL_SCREEN,LOW,Aucun gisement économiquement exploitable identifié au seuil de cet audit mondial préliminaire.,GLOBAL_SCREEN,https://pubs.usgs.gov/periodicals/mcs2026/mcs2026-phosphate.pdf,Aucun district de phosphate de roche à l'échelle du jeu retenu par le criblage mondial.
STATE_TOKAI,map_data/state_regions/11_east_asia.txt,0,0,NONE,KEEP_ZERO,CONFIRMED_ZERO_GLOBAL_SCREEN,LOW,Aucun gisement économiquement exploitable identifié au seuil de cet audit mondial préliminaire.,GLOBAL_SCREEN,https://pubs.usgs.gov/periodicals/mcs2026/mcs2026-phosphate.pdf,Aucun district de phosphate de roche à l'échelle du jeu retenu par le criblage mondial.
STATE_HOKUSHINETSU,map_data/state_regions/11_east_asia.txt,0,0,NONE,KEEP_ZERO,CONFIRMED_ZERO_GLOBAL_SCREEN,LOW,Aucun gisement économiquement exploitable identifié au seuil de cet audit mondial préliminaire.,GLOBAL_SCREEN,https://pubs.usgs.gov/periodicals/mcs2026/mcs2026-phosphate.pdf,Aucun district de phosphate de roche à l'échelle du jeu retenu par le criblage mondial.
STATE_KANSAI,map_data/state_regions/11_east_asia.txt,0,0,NONE,KEEP_ZERO,CONFIRMED_ZERO_GLOBAL_SCREEN,LOW,Aucun gisement économiquement exploitable identifié au seuil de cet audit mondial préliminaire.,GLOBAL_SCREEN,https://pubs.usgs.gov/periodicals/mcs2026/mcs2026-phosphate.pdf,Aucun district de phosphate de roche à l'échelle du jeu retenu par le criblage mondial.
STATE_KYOTO,map_data/state_regions/11_east_asia.txt,0,0,NONE,KEEP_ZERO,CONFIRMED_ZERO_GLOBAL_SCREEN,LOW,Aucun gisement économiquement exploitable identifié au seuil de cet audit mondial préliminaire.,GLOBAL_SCREEN,https://pubs.usgs.gov/periodicals/mcs2026/mcs2026-phosphate.pdf,Aucun district de phosphate de roche à l'échelle du jeu retenu par le criblage mondial.
STATE_KYUSHU,map_data/state_regions/11_east_asia.txt,0,0,NONE,KEEP_ZERO,CONFIRMED_ZERO_GLOBAL_SCREEN,LOW,Aucun gisement économiquement exploitable identifié au seuil de cet audit mondial préliminaire.,GLOBAL_SCREEN,https://pubs.usgs.gov/periodicals/mcs2026/mcs2026-phosphate.pdf,Aucun district de phosphate de roche à l'échelle du jeu retenu par le criblage mondial.
STATE_RYUKYU_ISLANDS,map_data/state_regions/11_east_asia.txt,0,0,NONE,KEEP_ZERO,CONFIRMED_ZERO_GLOBAL_SCREEN,LOW,Aucun gisement économiquement exploitable identifié au seuil de cet audit mondial préliminaire.,GLOBAL_SCREEN,https://pubs.usgs.gov/periodicals/mcs2026/mcs2026-phosphate.pdf,Aucun district de phosphate de roche à l'échelle du jeu retenu par le criblage mondial.
STATE_CHUGOKU,map_data/state_regions/11_east_asia.txt,0,0,NONE,KEEP_ZERO,CONFIRMED_ZERO_GLOBAL_SCREEN,LOW,Aucun gisement économiquement exploitable identifié au seuil de cet audit mondial préliminaire.,GLOBAL_SCREEN,https://pubs.usgs.gov/periodicals/mcs2026/mcs2026-phosphate.pdf,Aucun district de phosphate de roche à l'échelle du jeu retenu par le criblage mondial.
STATE_SHIKOKU,map_data/state_regions/11_east_asia.txt,0,0,NONE,KEEP_ZERO,CONFIRMED_ZERO_GLOBAL_SCREEN,LOW,Aucun gisement économiquement exploitable identifié au seuil de cet audit mondial préliminaire.,GLOBAL_SCREEN,https://pubs.usgs.gov/periodicals/mcs2026/mcs2026-phosphate.pdf,Aucun district de phosphate de roche à l'échelle du jeu retenu par le criblage mondial.
STATE_SEOUL,map_data/state_regions/11_east_asia.txt,0,0,NONE,KEEP_ZERO,CONFIRMED_ZERO_GLOBAL_SCREEN,LOW,Aucun gisement économiquement exploitable identifié au seuil de cet audit mondial préliminaire.,GLOBAL_SCREEN,https://pubs.usgs.gov/periodicals/mcs2026/mcs2026-phosphate.pdf,Aucun district de phosphate de roche à l'échelle du jeu retenu par le criblage mondial.
STATE_BUSAN,map_data/state_regions/11_east_asia.txt,0,0,NONE,KEEP_ZERO,CONFIRMED_ZERO_GLOBAL_SCREEN,LOW,Aucun gisement économiquement exploitable identifié au seuil de cet audit mondial préliminaire.,GLOBAL_SCREEN,https://pubs.usgs.gov/periodicals/mcs2026/mcs2026-phosphate.pdf,Aucun district de phosphate de roche à l'échelle du jeu retenu par le criblage mondial.
STATE_YANGHO,map_data/state_regions/11_east_asia.txt,0,0,NONE,KEEP_ZERO,CONFIRMED_ZERO_GLOBAL_SCREEN,LOW,Aucun gisement économiquement exploitable identifié au seuil de cet audit mondial préliminaire.,GLOBAL_SCREEN,https://pubs.usgs.gov/periodicals/mcs2026/mcs2026-phosphate.pdf,Aucun district de phosphate de roche à l'échelle du jeu retenu par le criblage mondial.
STATE_SARIWON,map_data/state_regions/11_east_asia.txt,0,0,NONE,KEEP_ZERO,CONFIRMED_ZERO_GLOBAL_SCREEN,LOW,Aucun gisement économiquement exploitable identifié au seuil de cet audit mondial préliminaire.,GLOBAL_SCREEN,https://pubs.usgs.gov/periodicals/mcs2026/mcs2026-phosphate.pdf,Aucun district de phosphate de roche à l'échelle du jeu retenu par le criblage mondial.
STATE_PYONGYANG,map_data/state_regions/11_east_asia.txt,0,0,NONE,KEEP_ZERO,CONFIRMED_ZERO_GLOBAL_SCREEN,LOW,Aucun gisement économiquement exploitable identifié au seuil de cet audit mondial préliminaire.,GLOBAL_SCREEN,https://pubs.usgs.gov/periodicals/mcs2026/mcs2026-phosphate.pdf,Aucun district de phosphate de roche à l'échelle du jeu retenu par le criblage mondial.
STATE_MALAYA,map_data/state_regions/12_indonesia.txt,0,0,NONE,KEEP_ZERO,CONFIRMED_ZERO_GLOBAL_SCREEN,LOW,Aucun gisement économiquement exploitable identifié au seuil de cet audit mondial préliminaire.,GLOBAL_SCREEN,https://pubs.usgs.gov/periodicals/mcs2026/mcs2026-phosphate.pdf,Aucun district de phosphate de roche à l'échelle du jeu retenu par le criblage mondial.
STATE_NORTH_BORNEO,map_data/state_regions/12_indonesia.txt,0,0,NONE,KEEP_ZERO,CONFIRMED_ZERO_GLOBAL_SCREEN,LOW,Aucun gisement économiquement exploitable identifié au seuil de cet audit mondial préliminaire.,GLOBAL_SCREEN,https://pubs.usgs.gov/periodicals/mcs2026/mcs2026-phosphate.pdf,Aucun district de phosphate de roche à l'échelle du jeu retenu par le criblage mondial.
STATE_WEST_BORNEO,map_data/state_regions/12_indonesia.txt,0,0,NONE,KEEP_ZERO,CONFIRMED_ZERO_GLOBAL_SCREEN,LOW,Aucun gisement économiquement exploitable identifié au seuil de cet audit mondial préliminaire.,GLOBAL_SCREEN,https://pubs.usgs.gov/periodicals/mcs2026/mcs2026-phosphate.pdf,Aucun district de phosphate de roche à l'échelle du jeu retenu par le criblage mondial.
STATE_EAST_BORNEO,map_data/state_regions/12_indonesia.txt,0,0,NONE,KEEP_ZERO,CONFIRMED_ZERO_GLOBAL_SCREEN,LOW,Aucun gisement économiquement exploitable identifié au seuil de cet audit mondial préliminaire.,GLOBAL_SCREEN,https://pubs.usgs.gov/periodicals/mcs2026/mcs2026-phosphate.pdf,Aucun district de phosphate de roche à l'échelle du jeu retenu par le criblage mondial.
STATE_WEST_JAVA,map_data/state_regions/12_indonesia.txt,0,0,NONE,KEEP_ZERO,CONFIRMED_ZERO_GLOBAL_SCREEN,LOW,Aucun gisement économiquement exploitable identifié au seuil de cet audit mondial préliminaire.,GLOBAL_SCREEN,https://pubs.usgs.gov/periodicals/mcs2026/mcs2026-phosphate.pdf,Aucun district de phosphate de roche à l'échelle du jeu retenu par le criblage mondial.
STATE_EAST_JAVA,map_data/state_regions/12_indonesia.txt,0,0,NONE,KEEP_ZERO,CONFIRMED_ZERO_GLOBAL_SCREEN,LOW,Aucun gisement économiquement exploitable identifié au seuil de cet audit mondial préliminaire.,GLOBAL_SCREEN,https://pubs.usgs.gov/periodicals/mcs2026/mcs2026-phosphate.pdf,Aucun district de phosphate de roche à l'échelle du jeu retenu par le criblage mondial.
STATE_CENTRAL_JAVA,map_data/state_regions/12_indonesia.txt,0,0,NONE,KEEP_ZERO,CONFIRMED_ZERO_GLOBAL_SCREEN,LOW,Aucun gisement économiquement exploitable identifié au seuil de cet audit mondial préliminaire.,GLOBAL_SCREEN,https://pubs.usgs.gov/periodicals/mcs2026/mcs2026-phosphate.pdf,Aucun district de phosphate de roche à l'échelle du jeu retenu par le criblage mondial.
STATE_NORTH_SUMATRA,map_data/state_regions/12_indonesia.txt,0,0,NONE,KEEP_ZERO,CONFIRMED_ZERO_GLOBAL_SCREEN,LOW,Aucun gisement économiquement exploitable identifié au seuil de cet audit mondial préliminaire.,GLOBAL_SCREEN,https://pubs.usgs.gov/periodicals/mcs2026/mcs2026-phosphate.pdf,Aucun district de phosphate de roche à l'échelle du jeu retenu par le criblage mondial.
STATE_SOUTH_SUMATRA,map_data/state_regions/12_indonesia.txt,0,0,NONE,KEEP_ZERO,CONFIRMED_ZERO_GLOBAL_SCREEN,LOW,Aucun gisement économiquement exploitable identifié au seuil de cet audit mondial préliminaire.,GLOBAL_SCREEN,https://pubs.usgs.gov/periodicals/mcs2026/mcs2026-phosphate.pdf,Aucun district de phosphate de roche à l'échelle du jeu retenu par le criblage mondial.
STATE_ACEH,map_data/state_regions/12_indonesia.txt,0,0,NONE,KEEP_ZERO,CONFIRMED_ZERO_GLOBAL_SCREEN,LOW,Aucun gisement économiquement exploitable identifié au seuil de cet audit mondial préliminaire.,GLOBAL_SCREEN,https://pubs.usgs.gov/periodicals/mcs2026/mcs2026-phosphate.pdf,Aucun district de phosphate de roche à l'échelle du jeu retenu par le criblage mondial.
STATE_WESTERN_NEW_GUINEA,map_data/state_regions/12_indonesia.txt,0,0,NONE,KEEP_ZERO,CONFIRMED_ZERO_GLOBAL_SCREEN,LOW,Aucun gisement économiquement exploitable identifié au seuil de cet audit mondial préliminaire.,GLOBAL_SCREEN,https://pubs.usgs.gov/periodicals/mcs2026/mcs2026-phosphate.pdf,Aucun district de phosphate de roche à l'échelle du jeu retenu par le criblage mondial.
STATE_MOLUCCAS,map_data/state_regions/12_indonesia.txt,0,0,NONE,KEEP_ZERO,CONFIRMED_ZERO_GLOBAL_SCREEN,LOW,Aucun gisement économiquement exploitable identifié au seuil de cet audit mondial préliminaire.,GLOBAL_SCREEN,https://pubs.usgs.gov/periodicals/mcs2026/mcs2026-phosphate.pdf,Aucun district de phosphate de roche à l'échelle du jeu retenu par le criblage mondial.
STATE_CELEBES,map_data/state_regions/12_indonesia.txt,0,0,NONE,KEEP_ZERO,CONFIRMED_ZERO_GLOBAL_SCREEN,LOW,Aucun gisement économiquement exploitable identifié au seuil de cet audit mondial préliminaire.,GLOBAL_SCREEN,https://pubs.usgs.gov/periodicals/mcs2026/mcs2026-phosphate.pdf,Aucun district de phosphate de roche à l'échelle du jeu retenu par le criblage mondial.
STATE_EASTERN_NEW_GUINEA,map_data/state_regions/12_indonesia.txt,0,0,NONE,KEEP_ZERO,CONFIRMED_ZERO_GLOBAL_SCREEN,LOW,Aucun gisement économiquement exploitable identifié au seuil de cet audit mondial préliminaire.,GLOBAL_SCREEN,https://pubs.usgs.gov/periodicals/mcs2026/mcs2026-phosphate.pdf,Aucun district de phosphate de roche à l'échelle du jeu retenu par le criblage mondial.
STATE_SUNDA_ISLANDS,map_data/state_regions/12_indonesia.txt,0,0,NONE,KEEP_ZERO,CONFIRMED_ZERO_GLOBAL_SCREEN,LOW,Aucun gisement économiquement exploitable identifié au seuil de cet audit mondial préliminaire.,GLOBAL_SCREEN,https://pubs.usgs.gov/periodicals/mcs2026/mcs2026-phosphate.pdf,Aucun district de phosphate de roche à l'échelle du jeu retenu par le criblage mondial.
STATE_MINDANAO,map_data/state_regions/12_indonesia.txt,0,0,NONE,KEEP_ZERO,CONFIRMED_ZERO_GLOBAL_SCREEN,LOW,Aucun gisement économiquement exploitable identifié au seuil de cet audit mondial préliminaire.,GLOBAL_SCREEN,https://pubs.usgs.gov/periodicals/mcs2026/mcs2026-phosphate.pdf,Aucun district de phosphate de roche à l'échelle du jeu retenu par le criblage mondial.
STATE_LUZON,map_data/state_regions/12_indonesia.txt,0,0,NONE,KEEP_ZERO,CONFIRMED_ZERO_GLOBAL_SCREEN,LOW,Aucun gisement économiquement exploitable identifié au seuil de cet audit mondial préliminaire.,GLOBAL_SCREEN,https://pubs.usgs.gov/periodicals/mcs2026/mcs2026-phosphate.pdf,Aucun district de phosphate de roche à l'échelle du jeu retenu par le criblage mondial.
STATE_VISAYAS,map_data/state_regions/12_indonesia.txt,0,0,NONE,KEEP_ZERO,CONFIRMED_ZERO_GLOBAL_SCREEN,LOW,Aucun gisement économiquement exploitable identifié au seuil de cet audit mondial préliminaire.,GLOBAL_SCREEN,https://pubs.usgs.gov/periodicals/mcs2026/mcs2026-phosphate.pdf,Aucun district de phosphate de roche à l'échelle du jeu retenu par le criblage mondial.
STATE_WEST_MICRONESIA,map_data/state_regions/12_indonesia.txt,0,0,NONE,KEEP_ZERO,CONFIRMED_ZERO_GLOBAL_SCREEN,LOW,Aucun gisement économiquement exploitable identifié au seuil de cet audit mondial préliminaire.,GLOBAL_SCREEN,https://pubs.usgs.gov/periodicals/mcs2026/mcs2026-phosphate.pdf,Aucun district de phosphate de roche à l'échelle du jeu retenu par le criblage mondial.
STATE_EAST_MICRONESIA,map_data/state_regions/12_indonesia.txt,8,8,LOW,ADD_CAPPED_RESOURCE,CONFIRMED_DISTRICT_OR_GAME_STATE_AGGREGATION,MEDIUM,"Phosphates insulaires agrégés, volume limité.",USGS_STRATEGIC_PHOSPHATE_INVENTORY,https://pubs.usgs.gov/circ/1984/0930c/report.pdf,Confirmé après contrôle du district et de son rattachement à l'État de jeu.
STATE_SOLOMON_ISLANDS,map_data/state_regions/12_indonesia.txt,0,0,NONE,KEEP_ZERO,CONFIRMED_ZERO_GLOBAL_SCREEN,LOW,Aucun gisement économiquement exploitable identifié au seuil de cet audit mondial préliminaire.,GLOBAL_SCREEN,https://pubs.usgs.gov/periodicals/mcs2026/mcs2026-phosphate.pdf,Aucun district de phosphate de roche à l'échelle du jeu retenu par le criblage mondial.
STATE_NAURU,map_data/state_regions/12_indonesia.txt,24,24,MEDIUM,ADD_CAPPED_RESOURCE,CONFIRMED_DISTRICT_OR_GAME_STATE_AGGREGATION,MEDIUM,Phosphate insulaire très riche mais spatialement limité.,USGS_STRATEGIC_PHOSPHATE_INVENTORY,https://pubs.usgs.gov/circ/1984/0930c/report.pdf,Confirmé après contrôle du district et de son rattachement à l'État de jeu.
STATE_FIJI,map_data/state_regions/12_indonesia.txt,0,0,NONE,KEEP_ZERO,CONFIRMED_ZERO_GLOBAL_SCREEN,LOW,Aucun gisement économiquement exploitable identifié au seuil de cet audit mondial préliminaire.,GLOBAL_SCREEN,https://pubs.usgs.gov/periodicals/mcs2026/mcs2026-phosphate.pdf,Aucun district de phosphate de roche à l'échelle du jeu retenu par le criblage mondial.
STATE_VANUATU,map_data/state_regions/12_indonesia.txt,0,0,NONE,KEEP_ZERO,CONFIRMED_ZERO_GLOBAL_SCREEN,LOW,Aucun gisement économiquement exploitable identifié au seuil de cet audit mondial préliminaire.,GLOBAL_SCREEN,https://pubs.usgs.gov/periodicals/mcs2026/mcs2026-phosphate.pdf,Aucun district de phosphate de roche à l'échelle du jeu retenu par le criblage mondial.
STATE_KANAK,map_data/state_regions/12_indonesia.txt,0,0,NONE,KEEP_ZERO,CONFIRMED_ZERO_GLOBAL_SCREEN,LOW,Aucun gisement économiquement exploitable identifié au seuil de cet audit mondial préliminaire.,GLOBAL_SCREEN,https://pubs.usgs.gov/periodicals/mcs2026/mcs2026-phosphate.pdf,Aucun district de phosphate de roche à l'échelle du jeu retenu par le criblage mondial.
STATE_BOUGAINVILLE,map_data/state_regions/12_indonesia.txt,0,0,NONE,KEEP_ZERO,CONFIRMED_ZERO_GLOBAL_SCREEN,LOW,Aucun gisement économiquement exploitable identifié au seuil de cet audit mondial préliminaire.,GLOBAL_SCREEN,https://pubs.usgs.gov/periodicals/mcs2026/mcs2026-phosphate.pdf,Aucun district de phosphate de roche à l'échelle du jeu retenu par le criblage mondial.
STATE_TAHITI,map_data/state_regions/12_indonesia.txt,0,0,NONE,KEEP_ZERO,CONFIRMED_ZERO_GLOBAL_SCREEN,LOW,Aucun gisement économiquement exploitable identifié au seuil de cet audit mondial préliminaire.,GLOBAL_SCREEN,https://pubs.usgs.gov/periodicals/mcs2026/mcs2026-phosphate.pdf,Aucun district de phosphate de roche à l'échelle du jeu retenu par le criblage mondial.
STATE_TONGA,map_data/state_regions/12_indonesia.txt,0,0,NONE,KEEP_ZERO,CONFIRMED_ZERO_GLOBAL_SCREEN,LOW,Aucun gisement économiquement exploitable identifié au seuil de cet audit mondial préliminaire.,GLOBAL_SCREEN,https://pubs.usgs.gov/periodicals/mcs2026/mcs2026-phosphate.pdf,Aucun district de phosphate de roche à l'échelle du jeu retenu par le criblage mondial.
STATE_NEW_SOUTH_WALES,map_data/state_regions/13_australasia.txt,0,0,NONE,KEEP_ZERO,CONFIRMED_ZERO_GLOBAL_SCREEN,LOW,Aucun gisement économiquement exploitable identifié au seuil de cet audit mondial préliminaire.,GLOBAL_SCREEN,https://pubs.usgs.gov/periodicals/mcs2026/mcs2026-phosphate.pdf,Aucun district de phosphate de roche à l'échelle du jeu retenu par le criblage mondial.
STATE_VICTORIA,map_data/state_regions/13_australasia.txt,0,0,NONE,KEEP_ZERO,CONFIRMED_ZERO_GLOBAL_SCREEN,LOW,Aucun gisement économiquement exploitable identifié au seuil de cet audit mondial préliminaire.,GLOBAL_SCREEN,https://pubs.usgs.gov/periodicals/mcs2026/mcs2026-phosphate.pdf,Aucun district de phosphate de roche à l'échelle du jeu retenu par le criblage mondial.
STATE_TASMANIA,map_data/state_regions/13_australasia.txt,0,0,NONE,KEEP_ZERO,CONFIRMED_ZERO_GLOBAL_SCREEN,LOW,Aucun gisement économiquement exploitable identifié au seuil de cet audit mondial préliminaire.,GLOBAL_SCREEN,https://pubs.usgs.gov/periodicals/mcs2026/mcs2026-phosphate.pdf,Aucun district de phosphate de roche à l'échelle du jeu retenu par le criblage mondial.
STATE_QUEENSLAND,map_data/state_regions/13_australasia.txt,36,36,HIGH,ADD_CAPPED_RESOURCE,CONFIRMED_DISTRICT_OR_GAME_STATE_AGGREGATION,HIGH,Ressources phosphatées australiennes importantes.,GEOSCIENCE_AUSTRALIA,https://www.ga.gov.au/digital-publication/aimr2019/commodity-summaries,Confirmé après contrôle du district et de son rattachement à l'État de jeu.
STATE_SOUTH_AUSTRALIA,map_data/state_regions/13_australasia.txt,0,0,NONE,KEEP_ZERO,CONFIRMED_ZERO_GLOBAL_SCREEN,LOW,Aucun gisement économiquement exploitable identifié au seuil de cet audit mondial préliminaire.,GLOBAL_SCREEN,https://pubs.usgs.gov/periodicals/mcs2026/mcs2026-phosphate.pdf,Aucun district de phosphate de roche à l'échelle du jeu retenu par le criblage mondial.
STATE_WESTERN_AUSTRALIA,map_data/state_regions/13_australasia.txt,16,0,NONE,KEEP_ZERO,REJECTED_EXACT_STATE_MAPPING,HIGH,Potentiel phosphaté australien occidental.,GEOSCIENCE_AUSTRALIA,https://www.ga.gov.au/digital-publication/aimr2019/commodity-summaries,Retiré : les ressources économiques retenues sont dans le bassin Georgina (Queensland/Territoire du Nord) et l'île Christmas.
STATE_NORTHERN_TERRITORY,map_data/state_regions/13_australasia.txt,24,24,MEDIUM,ADD_CAPPED_RESOURCE,CONFIRMED_DISTRICT_OR_GAME_STATE_AGGREGATION,HIGH,Bassins phosphatés du nord australien.,GEOSCIENCE_AUSTRALIA,https://www.ga.gov.au/digital-publication/aimr2019/commodity-summaries,Confirmé après contrôle du district et de son rattachement à l'État de jeu.
STATE_NORTH_ISLAND,map_data/state_regions/13_australasia.txt,0,0,NONE,KEEP_ZERO,CONFIRMED_ZERO_GLOBAL_SCREEN,LOW,Aucun gisement économiquement exploitable identifié au seuil de cet audit mondial préliminaire.,GLOBAL_SCREEN,https://pubs.usgs.gov/periodicals/mcs2026/mcs2026-phosphate.pdf,Aucun district de phosphate de roche à l'échelle du jeu retenu par le criblage mondial.
STATE_SOUTH_ISLAND,map_data/state_regions/13_australasia.txt,0,0,NONE,KEEP_ZERO,CONFIRMED_ZERO_GLOBAL_SCREEN,LOW,Aucun gisement économiquement exploitable identifié au seuil de cet audit mondial préliminaire.,GLOBAL_SCREEN,https://pubs.usgs.gov/periodicals/mcs2026/mcs2026-phosphate.pdf,Aucun district de phosphate de roche à l'échelle du jeu retenu par le criblage mondial.
STATE_URAL,map_data/state_regions/14_siberia.txt,0,0,NONE,KEEP_ZERO,CONFIRMED_ZERO_GLOBAL_SCREEN,LOW,Aucun gisement économiquement exploitable identifié au seuil de cet audit mondial préliminaire.,GLOBAL_SCREEN,https://pubs.usgs.gov/periodicals/mcs2026/mcs2026-phosphate.pdf,Aucun district de phosphate de roche à l'échelle du jeu retenu par le criblage mondial.
STATE_TOMSK,map_data/state_regions/14_siberia.txt,0,0,NONE,KEEP_ZERO,CONFIRMED_ZERO_GLOBAL_SCREEN,LOW,Aucun gisement économiquement exploitable identifié au seuil de cet audit mondial préliminaire.,GLOBAL_SCREEN,https://pubs.usgs.gov/periodicals/mcs2026/mcs2026-phosphate.pdf,Aucun district de phosphate de roche à l'échelle du jeu retenu par le criblage mondial.
STATE_TUVA,map_data/state_regions/14_siberia.txt,0,0,NONE,KEEP_ZERO,CONFIRMED_ZERO_GLOBAL_SCREEN,LOW,Aucun gisement économiquement exploitable identifié au seuil de cet audit mondial préliminaire.,GLOBAL_SCREEN,https://pubs.usgs.gov/periodicals/mcs2026/mcs2026-phosphate.pdf,Aucun district de phosphate de roche à l'échelle du jeu retenu par le criblage mondial.
STATE_TOBOLSK,map_data/state_regions/14_siberia.txt,0,0,NONE,KEEP_ZERO,CONFIRMED_ZERO_GLOBAL_SCREEN,LOW,Aucun gisement économiquement exploitable identifié au seuil de cet audit mondial préliminaire.,GLOBAL_SCREEN,https://pubs.usgs.gov/periodicals/mcs2026/mcs2026-phosphate.pdf,Aucun district de phosphate de roche à l'échelle du jeu retenu par le criblage mondial.
STATE_UPPER_YENISEYSK,map_data/state_regions/14_siberia.txt,0,0,NONE,KEEP_ZERO,CONFIRMED_ZERO_GLOBAL_SCREEN,LOW,Aucun gisement économiquement exploitable identifié au seuil de cet audit mondial préliminaire.,GLOBAL_SCREEN,https://pubs.usgs.gov/periodicals/mcs2026/mcs2026-phosphate.pdf,Aucun district de phosphate de roche à l'échelle du jeu retenu par le criblage mondial.
STATE_OB,map_data/state_regions/14_siberia.txt,0,0,NONE,KEEP_ZERO,CONFIRMED_ZERO_GLOBAL_SCREEN,LOW,Aucun gisement économiquement exploitable identifié au seuil de cet audit mondial préliminaire.,GLOBAL_SCREEN,https://pubs.usgs.gov/periodicals/mcs2026/mcs2026-phosphate.pdf,Aucun district de phosphate de roche à l'échelle du jeu retenu par le criblage mondial.
STATE_CHUKOTKA,map_data/state_regions/14_siberia.txt,0,0,NONE,KEEP_ZERO,CONFIRMED_ZERO_GLOBAL_SCREEN,LOW,Aucun gisement économiquement exploitable identifié au seuil de cet audit mondial préliminaire.,GLOBAL_SCREEN,https://pubs.usgs.gov/periodicals/mcs2026/mcs2026-phosphate.pdf,Aucun district de phosphate de roche à l'échelle du jeu retenu par le criblage mondial.
STATE_KAMCHATKA,map_data/state_regions/14_siberia.txt,0,0,NONE,KEEP_ZERO,CONFIRMED_ZERO_GLOBAL_SCREEN,LOW,Aucun gisement économiquement exploitable identifié au seuil de cet audit mondial préliminaire.,GLOBAL_SCREEN,https://pubs.usgs.gov/periodicals/mcs2026/mcs2026-phosphate.pdf,Aucun district de phosphate de roche à l'échelle du jeu retenu par le criblage mondial.
STATE_OKHOTSK,map_data/state_regions/14_siberia.txt,0,0,NONE,KEEP_ZERO,CONFIRMED_ZERO_GLOBAL_SCREEN,LOW,Aucun gisement économiquement exploitable identifié au seuil de cet audit mondial préliminaire.,GLOBAL_SCREEN,https://pubs.usgs.gov/periodicals/mcs2026/mcs2026-phosphate.pdf,Aucun district de phosphate de roche à l'échelle du jeu retenu par le criblage mondial.
STATE_YAKUTSK,map_data/state_regions/14_siberia.txt,0,0,NONE,KEEP_ZERO,CONFIRMED_ZERO_GLOBAL_SCREEN,LOW,Aucun gisement économiquement exploitable identifié au seuil de cet audit mondial préliminaire.,GLOBAL_SCREEN,https://pubs.usgs.gov/periodicals/mcs2026/mcs2026-phosphate.pdf,Aucun district de phosphate de roche à l'échelle du jeu retenu par le criblage mondial.
STATE_TRANS_BAIKAL,map_data/state_regions/14_siberia.txt,0,0,NONE,KEEP_ZERO,CONFIRMED_ZERO_GLOBAL_SCREEN,LOW,Aucun gisement économiquement exploitable identifié au seuil de cet audit mondial préliminaire.,GLOBAL_SCREEN,https://pubs.usgs.gov/periodicals/mcs2026/mcs2026-phosphate.pdf,Aucun district de phosphate de roche à l'échelle du jeu retenu par le criblage mondial.
STATE_IRKUTSK,map_data/state_regions/14_siberia.txt,0,0,NONE,KEEP_ZERO,CONFIRMED_ZERO_GLOBAL_SCREEN,LOW,Aucun gisement économiquement exploitable identifié au seuil de cet audit mondial préliminaire.,GLOBAL_SCREEN,https://pubs.usgs.gov/periodicals/mcs2026/mcs2026-phosphate.pdf,Aucun district de phosphate de roche à l'échelle du jeu retenu par le criblage mondial.
STATE_TALINN,map_data/state_regions/15_russia.txt,0,0,NONE,KEEP_ZERO,CONFIRMED_ZERO_GLOBAL_SCREEN,LOW,Aucun gisement économiquement exploitable identifié au seuil de cet audit mondial préliminaire.,GLOBAL_SCREEN,https://pubs.usgs.gov/periodicals/mcs2026/mcs2026-phosphate.pdf,Aucun district de phosphate de roche à l'échelle du jeu retenu par le criblage mondial.
STATE_TARTU,map_data/state_regions/15_russia.txt,0,0,NONE,KEEP_ZERO,CONFIRMED_ZERO_GLOBAL_SCREEN,LOW,Aucun gisement économiquement exploitable identifié au seuil de cet audit mondial préliminaire.,GLOBAL_SCREEN,https://pubs.usgs.gov/periodicals/mcs2026/mcs2026-phosphate.pdf,Aucun district de phosphate de roche à l'échelle du jeu retenu par le criblage mondial.
STATE_RIGA,map_data/state_regions/15_russia.txt,0,0,NONE,KEEP_ZERO,CONFIRMED_ZERO_GLOBAL_SCREEN,LOW,Aucun gisement économiquement exploitable identifié au seuil de cet audit mondial préliminaire.,GLOBAL_SCREEN,https://pubs.usgs.gov/periodicals/mcs2026/mcs2026-phosphate.pdf,Aucun district de phosphate de roche à l'échelle du jeu retenu par le criblage mondial.
STATE_COURLAND,map_data/state_regions/15_russia.txt,0,0,NONE,KEEP_ZERO,CONFIRMED_ZERO_GLOBAL_SCREEN,LOW,Aucun gisement économiquement exploitable identifié au seuil de cet audit mondial préliminaire.,GLOBAL_SCREEN,https://pubs.usgs.gov/periodicals/mcs2026/mcs2026-phosphate.pdf,Aucun district de phosphate de roche à l'échelle du jeu retenu par le criblage mondial.
STATE_KAUNAS,map_data/state_regions/15_russia.txt,0,0,NONE,KEEP_ZERO,CONFIRMED_ZERO_GLOBAL_SCREEN,LOW,Aucun gisement économiquement exploitable identifié au seuil de cet audit mondial préliminaire.,GLOBAL_SCREEN,https://pubs.usgs.gov/periodicals/mcs2026/mcs2026-phosphate.pdf,Aucun district de phosphate de roche à l'échelle du jeu retenu par le criblage mondial.
STATE_VILNIUS,map_data/state_regions/15_russia.txt,0,0,NONE,KEEP_ZERO,CONFIRMED_ZERO_GLOBAL_SCREEN,LOW,Aucun gisement économiquement exploitable identifié au seuil de cet audit mondial préliminaire.,GLOBAL_SCREEN,https://pubs.usgs.gov/periodicals/mcs2026/mcs2026-phosphate.pdf,Aucun district de phosphate de roche à l'échelle du jeu retenu par le criblage mondial.
STATE_KUOPIO,map_data/state_regions/15_russia.txt,0,0,NONE,KEEP_ZERO,CONFIRMED_ZERO_GLOBAL_SCREEN,LOW,Aucun gisement économiquement exploitable identifié au seuil de cet audit mondial préliminaire.,GLOBAL_SCREEN,https://pubs.usgs.gov/periodicals/mcs2026/mcs2026-phosphate.pdf,Aucun district de phosphate de roche à l'échelle du jeu retenu par le criblage mondial.
STATE_UUSIMAA,map_data/state_regions/15_russia.txt,0,0,NONE,KEEP_ZERO,CONFIRMED_ZERO_GLOBAL_SCREEN,LOW,Aucun gisement économiquement exploitable identifié au seuil de cet audit mondial préliminaire.,GLOBAL_SCREEN,https://pubs.usgs.gov/periodicals/mcs2026/mcs2026-phosphate.pdf,Aucun district de phosphate de roche à l'échelle du jeu retenu par le criblage mondial.
STATE_WEST_KARELIA,map_data/state_regions/15_russia.txt,36,0,NONE,KEEP_ZERO,REJECTED_EXACT_STATE_MAPPING,HIGH,Provinces apatitiques du nord-ouest russe et carélien.,USGS_EUROPE_CENTRAL_ASIA_ASSESSMENT,https://pubs.usgs.gov/of/2005/1294/d/of2005-1294d.pdf,"Retiré : Khibiny et Kovdor appartiennent à la péninsule de Kola, déjà représentée par STATE_KOLA."
STATE_ALAND,map_data/state_regions/15_russia.txt,0,0,NONE,KEEP_ZERO,CONFIRMED_ZERO_GLOBAL_SCREEN,LOW,Aucun gisement économiquement exploitable identifié au seuil de cet audit mondial préliminaire.,GLOBAL_SCREEN,https://pubs.usgs.gov/periodicals/mcs2026/mcs2026-phosphate.pdf,Aucun district de phosphate de roche à l'échelle du jeu retenu par le criblage mondial.
STATE_OSTROBOTHNIA,map_data/state_regions/15_russia.txt,0,0,NONE,KEEP_ZERO,CONFIRMED_ZERO_GLOBAL_SCREEN,LOW,Aucun gisement économiquement exploitable identifié au seuil de cet audit mondial préliminaire.,GLOBAL_SCREEN,https://pubs.usgs.gov/periodicals/mcs2026/mcs2026-phosphate.pdf,Aucun district de phosphate de roche à l'échelle du jeu retenu par le criblage mondial.
STATE_OULU,map_data/state_regions/15_russia.txt,0,0,NONE,KEEP_ZERO,CONFIRMED_ZERO_GLOBAL_SCREEN,LOW,Aucun gisement économiquement exploitable identifié au seuil de cet audit mondial préliminaire.,GLOBAL_SCREEN,https://pubs.usgs.gov/periodicals/mcs2026/mcs2026-phosphate.pdf,Aucun district de phosphate de roche à l'échelle du jeu retenu par le criblage mondial.
STATE_EAST_KARELIA,map_data/state_regions/15_russia.txt,0,0,NONE,KEEP_ZERO,CONFIRMED_ZERO_GLOBAL_SCREEN,LOW,Aucun gisement économiquement exploitable identifié au seuil de cet audit mondial préliminaire.,GLOBAL_SCREEN,https://pubs.usgs.gov/periodicals/mcs2026/mcs2026-phosphate.pdf,Aucun district de phosphate de roche à l'échelle du jeu retenu par le criblage mondial.
STATE_KOLA,map_data/state_regions/15_russia.txt,48,48,VERY_HIGH,ADD_CAPPED_RESOURCE,CONFIRMED_DISTRICT_OR_GAME_STATE_AGGREGATION,HIGH,Apatites ignées de la péninsule de Kola.,USGS_EUROPE_CENTRAL_ASIA_ASSESSMENT,https://pubs.usgs.gov/of/2005/1294/d/of2005-1294d.pdf,Confirmé après contrôle du district et de son rattachement à l'État de jeu.
STATE_INGRIA,map_data/state_regions/15_russia.txt,0,0,NONE,KEEP_ZERO,CONFIRMED_ZERO_GLOBAL_SCREEN,LOW,Aucun gisement économiquement exploitable identifié au seuil de cet audit mondial préliminaire.,GLOBAL_SCREEN,https://pubs.usgs.gov/periodicals/mcs2026/mcs2026-phosphate.pdf,Aucun district de phosphate de roche à l'échelle du jeu retenu par le criblage mondial.
STATE_MOSCOW,map_data/state_regions/15_russia.txt,0,0,NONE,KEEP_ZERO,CONFIRMED_ZERO_GLOBAL_SCREEN,LOW,Aucun gisement économiquement exploitable identifié au seuil de cet audit mondial préliminaire.,GLOBAL_SCREEN,https://pubs.usgs.gov/periodicals/mcs2026/mcs2026-phosphate.pdf,Aucun district de phosphate de roche à l'échelle du jeu retenu par le criblage mondial.
STATE_BREST,map_data/state_regions/15_russia.txt,0,0,NONE,KEEP_ZERO,CONFIRMED_ZERO_GLOBAL_SCREEN,LOW,Aucun gisement économiquement exploitable identifié au seuil de cet audit mondial préliminaire.,GLOBAL_SCREEN,https://pubs.usgs.gov/periodicals/mcs2026/mcs2026-phosphate.pdf,Aucun district de phosphate de roche à l'échelle du jeu retenu par le criblage mondial.
STATE_VOLHYNIA,map_data/state_regions/15_russia.txt,0,0,NONE,KEEP_ZERO,CONFIRMED_ZERO_GLOBAL_SCREEN,LOW,Aucun gisement économiquement exploitable identifié au seuil de cet audit mondial préliminaire.,GLOBAL_SCREEN,https://pubs.usgs.gov/periodicals/mcs2026/mcs2026-phosphate.pdf,Aucun district de phosphate de roche à l'échelle du jeu retenu par le criblage mondial.
STATE_KIEV,map_data/state_regions/15_russia.txt,0,0,NONE,KEEP_ZERO,CONFIRMED_ZERO_GLOBAL_SCREEN,LOW,Aucun gisement économiquement exploitable identifié au seuil de cet audit mondial préliminaire.,GLOBAL_SCREEN,https://pubs.usgs.gov/periodicals/mcs2026/mcs2026-phosphate.pdf,Aucun district de phosphate de roche à l'échelle du jeu retenu par le criblage mondial.
STATE_ORYOL,map_data/state_regions/15_russia.txt,0,0,NONE,KEEP_ZERO,CONFIRMED_ZERO_GLOBAL_SCREEN,LOW,Aucun gisement économiquement exploitable identifié au seuil de cet audit mondial préliminaire.,GLOBAL_SCREEN,https://pubs.usgs.gov/periodicals/mcs2026/mcs2026-phosphate.pdf,Aucun district de phosphate de roche à l'échelle du jeu retenu par le criblage mondial.
STATE_SMOLENSK,map_data/state_regions/15_russia.txt,0,0,NONE,KEEP_ZERO,CONFIRMED_ZERO_GLOBAL_SCREEN,LOW,Aucun gisement économiquement exploitable identifié au seuil de cet audit mondial préliminaire.,GLOBAL_SCREEN,https://pubs.usgs.gov/periodicals/mcs2026/mcs2026-phosphate.pdf,Aucun district de phosphate de roche à l'échelle du jeu retenu par le criblage mondial.
STATE_MOGILEV,map_data/state_regions/15_russia.txt,0,0,NONE,KEEP_ZERO,CONFIRMED_ZERO_GLOBAL_SCREEN,LOW,Aucun gisement économiquement exploitable identifié au seuil de cet audit mondial préliminaire.,GLOBAL_SCREEN,https://pubs.usgs.gov/periodicals/mcs2026/mcs2026-phosphate.pdf,Aucun district de phosphate de roche à l'échelle du jeu retenu par le criblage mondial.
STATE_ARKHANGELSK,map_data/state_regions/15_russia.txt,0,0,NONE,KEEP_ZERO,CONFIRMED_ZERO_GLOBAL_SCREEN,LOW,Aucun gisement économiquement exploitable identifié au seuil de cet audit mondial préliminaire.,GLOBAL_SCREEN,https://pubs.usgs.gov/periodicals/mcs2026/mcs2026-phosphate.pdf,Aucun district de phosphate de roche à l'échelle du jeu retenu par le criblage mondial.
STATE_NOVGOROD,map_data/state_regions/15_russia.txt,0,0,NONE,KEEP_ZERO,CONFIRMED_ZERO_GLOBAL_SCREEN,LOW,Aucun gisement économiquement exploitable identifié au seuil de cet audit mondial préliminaire.,GLOBAL_SCREEN,https://pubs.usgs.gov/periodicals/mcs2026/mcs2026-phosphate.pdf,Aucun district de phosphate de roche à l'échelle du jeu retenu par le criblage mondial.
STATE_CRIMEA,map_data/state_regions/15_russia.txt,0,0,NONE,KEEP_ZERO,CONFIRMED_ZERO_GLOBAL_SCREEN,LOW,Aucun gisement économiquement exploitable identifié au seuil de cet audit mondial préliminaire.,GLOBAL_SCREEN,https://pubs.usgs.gov/periodicals/mcs2026/mcs2026-phosphate.pdf,Aucun district de phosphate de roche à l'échelle du jeu retenu par le criblage mondial.
STATE_KHARKOV,map_data/state_regions/15_russia.txt,0,0,NONE,KEEP_ZERO,CONFIRMED_ZERO_GLOBAL_SCREEN,LOW,Aucun gisement économiquement exploitable identifié au seuil de cet audit mondial préliminaire.,GLOBAL_SCREEN,https://pubs.usgs.gov/periodicals/mcs2026/mcs2026-phosphate.pdf,Aucun district de phosphate de roche à l'échelle du jeu retenu par le criblage mondial.
STATE_KURSK,map_data/state_regions/15_russia.txt,0,0,NONE,KEEP_ZERO,CONFIRMED_ZERO_GLOBAL_SCREEN,LOW,Aucun gisement économiquement exploitable identifié au seuil de cet audit mondial préliminaire.,GLOBAL_SCREEN,https://pubs.usgs.gov/periodicals/mcs2026/mcs2026-phosphate.pdf,Aucun district de phosphate de roche à l'échelle du jeu retenu par le criblage mondial.
STATE_TVER,map_data/state_regions/15_russia.txt,0,0,NONE,KEEP_ZERO,CONFIRMED_ZERO_GLOBAL_SCREEN,LOW,Aucun gisement économiquement exploitable identifié au seuil de cet audit mondial préliminaire.,GLOBAL_SCREEN,https://pubs.usgs.gov/periodicals/mcs2026/mcs2026-phosphate.pdf,Aucun district de phosphate de roche à l'échelle du jeu retenu par le criblage mondial.
STATE_CHERSON,map_data/state_regions/15_russia.txt,0,0,NONE,KEEP_ZERO,CONFIRMED_ZERO_GLOBAL_SCREEN,LOW,Aucun gisement économiquement exploitable identifié au seuil de cet audit mondial préliminaire.,GLOBAL_SCREEN,https://pubs.usgs.gov/periodicals/mcs2026/mcs2026-phosphate.pdf,Aucun district de phosphate de roche à l'échelle du jeu retenu par le criblage mondial.
STATE_GALICH,map_data/state_regions/15_russia.txt,0,0,NONE,KEEP_ZERO,CONFIRMED_ZERO_GLOBAL_SCREEN,LOW,Aucun gisement économiquement exploitable identifié au seuil de cet audit mondial préliminaire.,GLOBAL_SCREEN,https://pubs.usgs.gov/periodicals/mcs2026/mcs2026-phosphate.pdf,Aucun district de phosphate de roche à l'échelle du jeu retenu par le criblage mondial.
STATE_MINSK,map_data/state_regions/15_russia.txt,0,0,NONE,KEEP_ZERO,CONFIRMED_ZERO_GLOBAL_SCREEN,LOW,Aucun gisement économiquement exploitable identifié au seuil de cet audit mondial préliminaire.,GLOBAL_SCREEN,https://pubs.usgs.gov/periodicals/mcs2026/mcs2026-phosphate.pdf,Aucun district de phosphate de roche à l'échelle du jeu retenu par le criblage mondial.
STATE_ROSTOV,map_data/state_regions/15_russia.txt,0,0,NONE,KEEP_ZERO,CONFIRMED_ZERO_GLOBAL_SCREEN,LOW,Aucun gisement économiquement exploitable identifié au seuil de cet audit mondial préliminaire.,GLOBAL_SCREEN,https://pubs.usgs.gov/periodicals/mcs2026/mcs2026-phosphate.pdf,Aucun district de phosphate de roche à l'échelle du jeu retenu par le criblage mondial.
STATE_PERM,map_data/state_regions/15_russia.txt,0,0,NONE,KEEP_ZERO,CONFIRMED_ZERO_GLOBAL_SCREEN,LOW,Aucun gisement économiquement exploitable identifié au seuil de cet audit mondial préliminaire.,GLOBAL_SCREEN,https://pubs.usgs.gov/periodicals/mcs2026/mcs2026-phosphate.pdf,Aucun district de phosphate de roche à l'échelle du jeu retenu par le criblage mondial.
STATE_KAZAN,map_data/state_regions/15_russia.txt,0,0,NONE,KEEP_ZERO,CONFIRMED_ZERO_GLOBAL_SCREEN,LOW,Aucun gisement économiquement exploitable identifié au seuil de cet audit mondial préliminaire.,GLOBAL_SCREEN,https://pubs.usgs.gov/periodicals/mcs2026/mcs2026-phosphate.pdf,Aucun district de phosphate de roche à l'échelle du jeu retenu par le criblage mondial.
STATE_URALSK,map_data/state_regions/15_russia.txt,0,0,NONE,KEEP_ZERO,CONFIRMED_ZERO_GLOBAL_SCREEN,LOW,Aucun gisement économiquement exploitable identifié au seuil de cet audit mondial préliminaire.,GLOBAL_SCREEN,https://pubs.usgs.gov/periodicals/mcs2026/mcs2026-phosphate.pdf,Aucun district de phosphate de roche à l'échelle du jeu retenu par le criblage mondial.
STATE_KHIVA,map_data/state_regions/15_russia.txt,0,0,NONE,KEEP_ZERO,CONFIRMED_ZERO_GLOBAL_SCREEN,LOW,Aucun gisement économiquement exploitable identifié au seuil de cet audit mondial préliminaire.,GLOBAL_SCREEN,https://pubs.usgs.gov/periodicals/mcs2026/mcs2026-phosphate.pdf,Aucun district de phosphate de roche à l'échelle du jeu retenu par le criblage mondial.
STATE_SEMIRECHE,map_data/state_regions/15_russia.txt,0,0,NONE,KEEP_ZERO,CONFIRMED_ZERO_GLOBAL_SCREEN,LOW,Aucun gisement économiquement exploitable identifié au seuil de cet audit mondial préliminaire.,GLOBAL_SCREEN,https://pubs.usgs.gov/periodicals/mcs2026/mcs2026-phosphate.pdf,Aucun district de phosphate de roche à l'échelle du jeu retenu par le criblage mondial.
STATE_JETISY,map_data/state_regions/15_russia.txt,0,0,NONE,KEEP_ZERO,CONFIRMED_ZERO_GLOBAL_SCREEN,LOW,Aucun gisement économiquement exploitable identifié au seuil de cet audit mondial préliminaire.,GLOBAL_SCREEN,https://pubs.usgs.gov/periodicals/mcs2026/mcs2026-phosphate.pdf,Aucun district de phosphate de roche à l'échelle du jeu retenu par le criblage mondial.
STATE_AKMOLINSK,map_data/state_regions/15_russia.txt,0,0,NONE,KEEP_ZERO,CONFIRMED_ZERO_GLOBAL_SCREEN,LOW,Aucun gisement économiquement exploitable identifié au seuil de cet audit mondial préliminaire.,GLOBAL_SCREEN,https://pubs.usgs.gov/periodicals/mcs2026/mcs2026-phosphate.pdf,Aucun district de phosphate de roche à l'échelle du jeu retenu par le criblage mondial.
STATE_FERGANA,map_data/state_regions/15_russia.txt,0,0,NONE,KEEP_ZERO,CONFIRMED_ZERO_GLOBAL_SCREEN,LOW,Aucun gisement économiquement exploitable identifié au seuil de cet audit mondial préliminaire.,GLOBAL_SCREEN,https://pubs.usgs.gov/periodicals/mcs2026/mcs2026-phosphate.pdf,Aucun district de phosphate de roche à l'échelle du jeu retenu par le criblage mondial.
STATE_MERZ,map_data/state_regions/15_russia.txt,0,0,NONE,KEEP_ZERO,CONFIRMED_ZERO_GLOBAL_SCREEN,LOW,Aucun gisement économiquement exploitable identifié au seuil de cet audit mondial préliminaire.,GLOBAL_SCREEN,https://pubs.usgs.gov/periodicals/mcs2026/mcs2026-phosphate.pdf,Aucun district de phosphate de roche à l'échelle du jeu retenu par le criblage mondial.
STATE_SYRDARYA,map_data/state_regions/15_russia.txt,24,24,MEDIUM,ADD_CAPPED_RESOURCE,CONFIRMED_DISTRICT_OR_GAME_STATE_AGGREGATION,HIGH,Ressources phosphatées kazakhes agrégées.,USGS_EUROPE_CENTRAL_ASIA_ASSESSMENT,https://pubs.usgs.gov/of/2005/1294/d/of2005-1294d.pdf,Confirmé après contrôle du district et de son rattachement à l'État de jeu.
STATE_AKTOBE,map_data/state_regions/15_russia.txt,0,0,NONE,KEEP_ZERO,CONFIRMED_ZERO_GLOBAL_SCREEN,LOW,Aucun gisement économiquement exploitable identifié au seuil de cet audit mondial préliminaire.,GLOBAL_SCREEN,https://pubs.usgs.gov/periodicals/mcs2026/mcs2026-phosphate.pdf,Aucun district de phosphate de roche à l'échelle du jeu retenu par le criblage mondial.
STATE_KALMYKIA,map_data/state_regions/15_russia.txt,0,0,NONE,KEEP_ZERO,CONFIRMED_ZERO_GLOBAL_SCREEN,LOW,Aucun gisement économiquement exploitable identifié au seuil de cet audit mondial préliminaire.,GLOBAL_SCREEN,https://pubs.usgs.gov/periodicals/mcs2026/mcs2026-phosphate.pdf,Aucun district de phosphate de roche à l'échelle du jeu retenu par le criblage mondial.
STATE_NORTH_CAUCASUS,map_data/state_regions/15_russia.txt,0,0,NONE,KEEP_ZERO,CONFIRMED_ZERO_GLOBAL_SCREEN,LOW,Aucun gisement économiquement exploitable identifié au seuil de cet audit mondial préliminaire.,GLOBAL_SCREEN,https://pubs.usgs.gov/periodicals/mcs2026/mcs2026-phosphate.pdf,Aucun district de phosphate de roche à l'échelle du jeu retenu par le criblage mondial.
STATE_TAURIDA,map_data/state_regions/15_russia.txt,0,0,NONE,KEEP_ZERO,CONFIRMED_ZERO_GLOBAL_SCREEN,LOW,Aucun gisement économiquement exploitable identifié au seuil de cet audit mondial préliminaire.,GLOBAL_SCREEN,https://pubs.usgs.gov/periodicals/mcs2026/mcs2026-phosphate.pdf,Aucun district de phosphate de roche à l'échelle du jeu retenu par le criblage mondial.
STATE_TAMBOV,map_data/state_regions/15_russia.txt,0,0,NONE,KEEP_ZERO,CONFIRMED_ZERO_GLOBAL_SCREEN,LOW,Aucun gisement économiquement exploitable identifié au seuil de cet audit mondial préliminaire.,GLOBAL_SCREEN,https://pubs.usgs.gov/periodicals/mcs2026/mcs2026-phosphate.pdf,Aucun district de phosphate de roche à l'échelle du jeu retenu par le criblage mondial.
STATE_RYAZAN,map_data/state_regions/15_russia.txt,0,0,NONE,KEEP_ZERO,CONFIRMED_ZERO_GLOBAL_SCREEN,LOW,Aucun gisement économiquement exploitable identifié au seuil de cet audit mondial préliminaire.,GLOBAL_SCREEN,https://pubs.usgs.gov/periodicals/mcs2026/mcs2026-phosphate.pdf,Aucun district de phosphate de roche à l'échelle du jeu retenu par le criblage mondial.
STATE_VITEBSK,map_data/state_regions/15_russia.txt,0,0,NONE,KEEP_ZERO,CONFIRMED_ZERO_GLOBAL_SCREEN,LOW,Aucun gisement économiquement exploitable identifié au seuil de cet audit mondial préliminaire.,GLOBAL_SCREEN,https://pubs.usgs.gov/periodicals/mcs2026/mcs2026-phosphate.pdf,Aucun district de phosphate de roche à l'échelle du jeu retenu par le criblage mondial.
STATE_PSKOV,map_data/state_regions/15_russia.txt,0,0,NONE,KEEP_ZERO,CONFIRMED_ZERO_GLOBAL_SCREEN,LOW,Aucun gisement économiquement exploitable identifié au seuil de cet audit mondial préliminaire.,GLOBAL_SCREEN,https://pubs.usgs.gov/periodicals/mcs2026/mcs2026-phosphate.pdf,Aucun district de phosphate de roche à l'échelle du jeu retenu par le criblage mondial.
STATE_YAROSLAVL,map_data/state_regions/15_russia.txt,0,0,NONE,KEEP_ZERO,CONFIRMED_ZERO_GLOBAL_SCREEN,LOW,Aucun gisement économiquement exploitable identifié au seuil de cet audit mondial préliminaire.,GLOBAL_SCREEN,https://pubs.usgs.gov/periodicals/mcs2026/mcs2026-phosphate.pdf,Aucun district de phosphate de roche à l'échelle du jeu retenu par le criblage mondial.
STATE_NIZHNY_NOVGOROD,map_data/state_regions/15_russia.txt,0,0,NONE,KEEP_ZERO,CONFIRMED_ZERO_GLOBAL_SCREEN,LOW,Aucun gisement économiquement exploitable identifié au seuil de cet audit mondial préliminaire.,GLOBAL_SCREEN,https://pubs.usgs.gov/periodicals/mcs2026/mcs2026-phosphate.pdf,Aucun district de phosphate de roche à l'échelle du jeu retenu par le criblage mondial.
STATE_VYATKA,map_data/state_regions/15_russia.txt,0,0,NONE,KEEP_ZERO,CONFIRMED_ZERO_GLOBAL_SCREEN,LOW,Aucun gisement économiquement exploitable identifié au seuil de cet audit mondial préliminaire.,GLOBAL_SCREEN,https://pubs.usgs.gov/periodicals/mcs2026/mcs2026-phosphate.pdf,Aucun district de phosphate de roche à l'échelle du jeu retenu par le criblage mondial.
STATE_UFA,map_data/state_regions/15_russia.txt,0,0,NONE,KEEP_ZERO,CONFIRMED_ZERO_GLOBAL_SCREEN,LOW,Aucun gisement économiquement exploitable identifié au seuil de cet audit mondial préliminaire.,GLOBAL_SCREEN,https://pubs.usgs.gov/periodicals/mcs2026/mcs2026-phosphate.pdf,Aucun district de phosphate de roche à l'échelle du jeu retenu par le criblage mondial.
STATE_SURGUT,map_data/state_regions/15_russia.txt,0,0,NONE,KEEP_ZERO,CONFIRMED_ZERO_GLOBAL_SCREEN,LOW,Aucun gisement économiquement exploitable identifié au seuil de cet audit mondial préliminaire.,GLOBAL_SCREEN,https://pubs.usgs.gov/periodicals/mcs2026/mcs2026-phosphate.pdf,Aucun district de phosphate de roche à l'échelle du jeu retenu par le criblage mondial.
STATE_KRASNOYARSK,map_data/state_regions/15_russia.txt,0,0,NONE,KEEP_ZERO,CONFIRMED_ZERO_GLOBAL_SCREEN,LOW,Aucun gisement économiquement exploitable identifié au seuil de cet audit mondial préliminaire.,GLOBAL_SCREEN,https://pubs.usgs.gov/periodicals/mcs2026/mcs2026-phosphate.pdf,Aucun district de phosphate de roche à l'échelle du jeu retenu par le criblage mondial.
STATE_ALTAI,map_data/state_regions/15_russia.txt,0,0,NONE,KEEP_ZERO,CONFIRMED_ZERO_GLOBAL_SCREEN,LOW,Aucun gisement économiquement exploitable identifié au seuil de cet audit mondial préliminaire.,GLOBAL_SCREEN,https://pubs.usgs.gov/periodicals/mcs2026/mcs2026-phosphate.pdf,Aucun district de phosphate de roche à l'échelle du jeu retenu par le criblage mondial.
STATE_BURYATIA,map_data/state_regions/15_russia.txt,0,0,NONE,KEEP_ZERO,CONFIRMED_ZERO_GLOBAL_SCREEN,LOW,Aucun gisement économiquement exploitable identifié au seuil de cet audit mondial préliminaire.,GLOBAL_SCREEN,https://pubs.usgs.gov/periodicals/mcs2026/mcs2026-phosphate.pdf,Aucun district de phosphate de roche à l'échelle du jeu retenu par le criblage mondial.
STATE_KOLYMA,map_data/state_regions/15_russia.txt,0,0,NONE,KEEP_ZERO,CONFIRMED_ZERO_GLOBAL_SCREEN,LOW,Aucun gisement économiquement exploitable identifié au seuil de cet audit mondial préliminaire.,GLOBAL_SCREEN,https://pubs.usgs.gov/periodicals/mcs2026/mcs2026-phosphate.pdf,Aucun district de phosphate de roche à l'échelle du jeu retenu par le criblage mondial.
STATE_AMUR,map_data/state_regions/15_russia.txt,0,0,NONE,KEEP_ZERO,CONFIRMED_ZERO_GLOBAL_SCREEN,LOW,Aucun gisement économiquement exploitable identifié au seuil de cet audit mondial préliminaire.,GLOBAL_SCREEN,https://pubs.usgs.gov/periodicals/mcs2026/mcs2026-phosphate.pdf,Aucun district de phosphate de roche à l'échelle du jeu retenu par le criblage mondial.
STATE_CHELYABINSK,map_data/state_regions/15_russia.txt,0,0,NONE,KEEP_ZERO,CONFIRMED_ZERO_GLOBAL_SCREEN,LOW,Aucun gisement économiquement exploitable identifié au seuil de cet audit mondial préliminaire.,GLOBAL_SCREEN,https://pubs.usgs.gov/periodicals/mcs2026/mcs2026-phosphate.pdf,Aucun district de phosphate de roche à l'échelle du jeu retenu par le criblage mondial.
STATE_ELIZAVETPOL,map_data/state_regions/15_russia.txt,0,0,NONE,KEEP_ZERO,CONFIRMED_ZERO_GLOBAL_SCREEN,LOW,Aucun gisement économiquement exploitable identifié au seuil de cet audit mondial préliminaire.,GLOBAL_SCREEN,https://pubs.usgs.gov/periodicals/mcs2026/mcs2026-phosphate.pdf,Aucun district de phosphate de roche à l'échelle du jeu retenu par le criblage mondial.
STATE_STAVROPOL,map_data/state_regions/15_russia.txt,0,0,NONE,KEEP_ZERO,CONFIRMED_ZERO_GLOBAL_SCREEN,LOW,Aucun gisement économiquement exploitable identifié au seuil de cet audit mondial préliminaire.,GLOBAL_SCREEN,https://pubs.usgs.gov/periodicals/mcs2026/mcs2026-phosphate.pdf,Aucun district de phosphate de roche à l'échelle du jeu retenu par le criblage mondial.
STATE_CHUVASHIA,map_data/state_regions/15_russia.txt,0,0,NONE,KEEP_ZERO,CONFIRMED_ZERO_GLOBAL_SCREEN,LOW,Aucun gisement économiquement exploitable identifié au seuil de cet audit mondial préliminaire.,GLOBAL_SCREEN,https://pubs.usgs.gov/periodicals/mcs2026/mcs2026-phosphate.pdf,Aucun district de phosphate de roche à l'échelle du jeu retenu par le criblage mondial.
STATE_CHERNIHIV,map_data/state_regions/15_russia.txt,0,0,NONE,KEEP_ZERO,CONFIRMED_ZERO_GLOBAL_SCREEN,LOW,Aucun gisement économiquement exploitable identifié au seuil de cet audit mondial préliminaire.,GLOBAL_SCREEN,https://pubs.usgs.gov/periodicals/mcs2026/mcs2026-phosphate.pdf,Aucun district de phosphate de roche à l'échelle du jeu retenu par le criblage mondial.
STATE_NENETSIA,map_data/state_regions/15_russia.txt,0,0,NONE,KEEP_ZERO,CONFIRMED_ZERO_GLOBAL_SCREEN,LOW,Aucun gisement économiquement exploitable identifié au seuil de cet audit mondial préliminaire.,GLOBAL_SCREEN,https://pubs.usgs.gov/periodicals/mcs2026/mcs2026-phosphate.pdf,Aucun district de phosphate de roche à l'échelle du jeu retenu par le criblage mondial.
