country_tag,country_name,character_id,name,role,is_ruler,is_ig_leader,is_general,is_admiral,other_role,birth_date,age_field,computed_age_1776,death_date,home_region,culture,religion,historical_status,actual_1776_holder,problem_type,date_quality,likely_1836_inheritance,priority,confidence,source_file,source_line_or_block,template_source,historical_source_1,historical_source_2,recommended_action,vfs_state,simulation_basis
ABB,Arab Emirates,UNSCRIPTED_RULER_ABB,Engine-generated or unresolved ruler after VFS isolation,RULER_UNSCRIPTED,YES,NO,NO,NO,,,,,,,,,UNSCRIPTED_AFTER_VFS_ISOLATION,RESEARCH_REQUIRED,NO_SCRIPTED_RULER_AFTER_VFS_ISOLATION,UNKNOWN,NO,P2_MEDIUM,LOW,post-VFS static simulation; no surviving create_character ruler found,,,,,RESEARCH_MORE,UNRESOLVED_RULER_SLOT,descriptor replace_path common/history/characters
ABS,Absaroka,UNSCRIPTED_RULER_ABS,Engine-generated or unresolved ruler after VFS isolation,RULER_UNSCRIPTED,YES,NO,NO,NO,,,,,,,,,UNSCRIPTED_AFTER_VFS_ISOLATION,RESEARCH_REQUIRED,NO_SCRIPTED_RULER_AFTER_VFS_ISOLATION,UNKNOWN,NO,P2_MEDIUM,LOW,post-VFS static simulation; no surviving create_character ruler found,,,,,RESEARCH_MORE,UNRESOLVED_RULER_SLOT,descriptor replace_path common/history/characters
ACE,Aceh,UNSCRIPTED_RULER_ACE,Engine-generated or unresolved ruler after VFS isolation,RULER_UNSCRIPTED,YES,NO,NO,NO,,,,,,,,,UNSCRIPTED_AFTER_VFS_ISOLATION,RESEARCH_REQUIRED,NO_SCRIPTED_RULER_AFTER_VFS_ISOLATION,UNKNOWN,NO,P2_MEDIUM,LOW,post-VFS static simulation; no surviving create_character ruler found,,,,,RESEARCH_MORE,UNRESOLVED_RULER_SLOT,descriptor replace_path common/history/characters
ACH,Acholi,UNSCRIPTED_RULER_ACH,Engine-generated or unresolved ruler after VFS isolation,RULER_UNSCRIPTED,YES,NO,NO,NO,,,,,,,,,UNSCRIPTED_AFTER_VFS_ISOLATION,RESEARCH_REQUIRED,NO_SCRIPTED_RULER_AFTER_VFS_ISOLATION,UNKNOWN,NO,P2_MEDIUM,LOW,post-VFS static simulation; no surviving create_character ruler found,,,,,RESEARCH_MORE,UNRESOLVED_RULER_SLOT,descriptor replace_path common/history/characters
ADG,Kel Adagh,UNSCRIPTED_RULER_ADG,Engine-generated or unresolved ruler after VFS isolation,RULER_UNSCRIPTED,YES,NO,NO,NO,,,,,,,,,UNSCRIPTED_AFTER_VFS_ISOLATION,RESEARCH_REQUIRED,NO_SCRIPTED_RULER_AFTER_VFS_ISOLATION,UNKNOWN,NO,P2_MEDIUM,LOW,post-VFS static simulation; no surviving create_character ruler found,,,,,RESEARCH_MORE,UNRESOLVED_RULER_SLOT,descriptor replace_path common/history/characters
ADR,Adrar,UNSCRIPTED_RULER_ADR,Engine-generated or unresolved ruler after VFS isolation,RULER_UNSCRIPTED,YES,NO,NO,NO,,,,,,,,,UNSCRIPTED_AFTER_VFS_ISOLATION,RESEARCH_REQUIRED,NO_SCRIPTED_RULER_AFTER_VFS_ISOLATION,UNKNOWN,NO,P2_MEDIUM,LOW,post-VFS static simulation; no surviving create_character ruler found,,,,,RESEARCH_MORE,UNRESOLVED_RULER_SLOT,descriptor replace_path common/history/characters
AGC,Angoche,UNSCRIPTED_RULER_AGC,Engine-generated or unresolved ruler after VFS isolation,RULER_UNSCRIPTED,YES,NO,NO,NO,,,,,,,,,UNSCRIPTED_AFTER_VFS_ISOLATION,RESEARCH_REQUIRED,NO_SCRIPTED_RULER_AFTER_VFS_ISOLATION,UNKNOWN,NO,P2_MEDIUM,LOW,post-VFS static simulation; no surviving create_character ruler found,,,,,RESEARCH_MORE,UNRESOLVED_RULER_SLOT,descriptor replace_path common/history/characters
AHG,Kel Ahaggar,UNSCRIPTED_RULER_AHG,Engine-generated or unresolved ruler after VFS isolation,RULER_UNSCRIPTED,YES,NO,NO,NO,,,,,,,,,UNSCRIPTED_AFTER_VFS_ISOLATION,RESEARCH_REQUIRED,NO_SCRIPTED_RULER_AFTER_VFS_ISOLATION,UNKNOWN,NO,P2_MEDIUM,LOW,post-VFS static simulation; no surviving create_character ruler found,,,,,RESEARCH_MORE,UNRESOLVED_RULER_SLOT,descriptor replace_path common/history/characters
AIN,Ainu Mosir,UNSCRIPTED_RULER_AIN,Engine-generated or unresolved ruler after VFS isolation,RULER_UNSCRIPTED,YES,NO,NO,NO,,,,,,,,,UNSCRIPTED_AFTER_VFS_ISOLATION,RESEARCH_REQUIRED,NO_SCRIPTED_RULER_AFTER_VFS_ISOLATION,UNKNOWN,NO,P2_MEDIUM,LOW,post-VFS static simulation; no surviving create_character ruler found,,,,,RESEARCH_MORE,UNRESOLVED_RULER_SLOT,descriptor replace_path common/history/characters
AIR,Kel Air,UNSCRIPTED_RULER_AIR,Engine-generated or unresolved ruler after VFS isolation,RULER_UNSCRIPTED,YES,NO,NO,NO,,,,,,,,,UNSCRIPTED_AFTER_VFS_ISOLATION,RESEARCH_REQUIRED,NO_SCRIPTED_RULER_AFTER_VFS_ISOLATION,UNKNOWN,NO,P2_MEDIUM,LOW,post-VFS static simulation; no surviving create_character ruler found,,,,,RESEARCH_MORE,UNRESOLVED_RULER_SLOT,descriptor replace_path common/history/characters
AIT,Ait Abbas,UNSCRIPTED_RULER_AIT,Engine-generated or unresolved ruler after VFS isolation,RULER_UNSCRIPTED,YES,NO,NO,NO,,,,,,,,,UNSCRIPTED_AFTER_VFS_ISOLATION,RESEARCH_REQUIRED,NO_SCRIPTED_RULER_AFTER_VFS_ISOLATION,UNKNOWN,NO,P2_MEDIUM,LOW,post-VFS static simulation; no surviving create_character ruler found,,,,,RESEARCH_MORE,UNRESOLVED_RULER_SLOT,descriptor replace_path common/history/characters
AJJ,Kel Ajjer,UNSCRIPTED_RULER_AJJ,Engine-generated or unresolved ruler after VFS isolation,RULER_UNSCRIPTED,YES,NO,NO,NO,,,,,,,,,UNSCRIPTED_AFTER_VFS_ISOLATION,RESEARCH_REQUIRED,NO_SCRIPTED_RULER_AFTER_VFS_ISOLATION,UNKNOWN,NO,P2_MEDIUM,LOW,post-VFS static simulation; no surviving create_character ruler found,,,,,RESEARCH_MORE,UNRESOLVED_RULER_SLOT,descriptor replace_path common/history/characters
AJR,Ajuran,UNSCRIPTED_RULER_AJR,Engine-generated or unresolved ruler after VFS isolation,RULER_UNSCRIPTED,YES,NO,NO,NO,,,,,,,,,UNSCRIPTED_AFTER_VFS_ISOLATION,RESEARCH_REQUIRED,NO_SCRIPTED_RULER_AFTER_VFS_ISOLATION,UNKNOWN,NO,P2_MEDIUM,LOW,post-VFS static simulation; no surviving create_character ruler found,,,,,RESEARCH_MORE,UNRESOLVED_RULER_SLOT,descriptor replace_path common/history/characters
ALK,Alaska,UNSCRIPTED_RULER_ALK,Engine-generated or unresolved ruler after VFS isolation,RULER_UNSCRIPTED,YES,NO,NO,NO,,,,,,,,,UNSCRIPTED_AFTER_VFS_ISOLATION,RESEARCH_REQUIRED,NO_SCRIPTED_RULER_AFTER_VFS_ISOLATION,UNKNOWN,NO,P2_MEDIUM,LOW,post-VFS static simulation; no surviving create_character ruler found,,,,,RESEARCH_MORE,UNRESOLVED_RULER_SLOT,descriptor replace_path common/history/characters
ANH,Anhalt,UNSCRIPTED_RULER_ANH,Engine-generated or unresolved ruler after VFS isolation,RULER_UNSCRIPTED,YES,NO,NO,NO,,,,,,,,,UNSCRIPTED_AFTER_VFS_ISOLATION,RESEARCH_REQUIRED,NO_SCRIPTED_RULER_AFTER_VFS_ISOLATION,UNKNOWN,NO,P2_MEDIUM,LOW,post-VFS static simulation; no surviving create_character ruler found,,,,,RESEARCH_MORE,UNRESOLVED_RULER_SLOT,descriptor replace_path common/history/characters
ANK,Ankole,UNSCRIPTED_RULER_ANK,Engine-generated or unresolved ruler after VFS isolation,RULER_UNSCRIPTED,YES,NO,NO,NO,,,,,,,,,UNSCRIPTED_AFTER_VFS_ISOLATION,RESEARCH_REQUIRED,NO_SCRIPTED_RULER_AFTER_VFS_ISOLATION,UNKNOWN,NO,P2_MEDIUM,LOW,post-VFS static simulation; no surviving create_character ruler found,,,,,RESEARCH_MORE,UNRESOLVED_RULER_SLOT,descriptor replace_path common/history/characters
AP7,Kayapo,UNSCRIPTED_RULER_AP7,Engine-generated or unresolved ruler after VFS isolation,RULER_UNSCRIPTED,YES,NO,NO,NO,,,,,,,,,UNSCRIPTED_AFTER_VFS_ISOLATION,RESEARCH_REQUIRED,NO_SCRIPTED_RULER_AFTER_VFS_ISOLATION,UNKNOWN,NO,P2_MEDIUM,LOW,post-VFS static simulation; no surviving create_character ruler found,,,,,RESEARCH_MORE,UNRESOLVED_RULER_SLOT,descriptor replace_path common/history/characters
APC,Apache,UNSCRIPTED_RULER_APC,Engine-generated or unresolved ruler after VFS isolation,RULER_UNSCRIPTED,YES,NO,NO,NO,,,,,,,,,UNSCRIPTED_AFTER_VFS_ISOLATION,RESEARCH_REQUIRED,NO_SCRIPTED_RULER_AFTER_VFS_ISOLATION,UNKNOWN,NO,P2_MEDIUM,LOW,post-VFS static simulation; no surviving create_character ruler found,,,,,RESEARCH_MORE,UNRESOLVED_RULER_SLOT,descriptor replace_path common/history/characters
ARB,Arabistan,UNSCRIPTED_RULER_ARB,Engine-generated or unresolved ruler after VFS isolation,RULER_UNSCRIPTED,YES,NO,NO,NO,,,,,,,,,UNSCRIPTED_AFTER_VFS_ISOLATION,RESEARCH_REQUIRED,NO_SCRIPTED_RULER_AFTER_VFS_ISOLATION,UNKNOWN,NO,P2_MEDIUM,LOW,post-VFS static simulation; no surviving create_character ruler found,,,,,RESEARCH_MORE,UNRESOLVED_RULER_SLOT,descriptor replace_path common/history/characters
ARH,Arnhem,UNSCRIPTED_RULER_ARH,Engine-generated or unresolved ruler after VFS isolation,RULER_UNSCRIPTED,YES,NO,NO,NO,,,,,,,,,UNSCRIPTED_AFTER_VFS_ISOLATION,RESEARCH_REQUIRED,NO_SCRIPTED_RULER_AFTER_VFS_ISOLATION,UNKNOWN,NO,P2_MEDIUM,LOW,post-VFS static simulation; no surviving create_character ruler found,,,,,RESEARCH_MORE,UNRESOLVED_RULER_SLOT,descriptor replace_path common/history/characters
ARP,Arapaho,UNSCRIPTED_RULER_ARP,Engine-generated or unresolved ruler after VFS isolation,RULER_UNSCRIPTED,YES,NO,NO,NO,,,,,,,,,UNSCRIPTED_AFTER_VFS_ISOLATION,RESEARCH_REQUIRED,NO_SCRIPTED_RULER_AFTER_VFS_ISOLATION,UNKNOWN,NO,P2_MEDIUM,LOW,post-VFS static simulation; no surviving create_character ruler found,,,,,RESEARCH_MORE,UNRESOLVED_RULER_SLOT,descriptor replace_path common/history/characters
ARR,Arrernte,UNSCRIPTED_RULER_ARR,Engine-generated or unresolved ruler after VFS isolation,RULER_UNSCRIPTED,YES,NO,NO,NO,,,,,,,,,UNSCRIPTED_AFTER_VFS_ISOLATION,RESEARCH_REQUIRED,NO_SCRIPTED_RULER_AFTER_VFS_ISOLATION,UNKNOWN,NO,P2_MEDIUM,LOW,post-VFS static simulation; no surviving create_character ruler found,,,,,RESEARCH_MORE,UNRESOLVED_RULER_SLOT,descriptor replace_path common/history/characters
ASH,Ashanti,UNSCRIPTED_RULER_ASH,Engine-generated or unresolved ruler after VFS isolation,RULER_UNSCRIPTED,YES,NO,NO,NO,,,,,,,,,UNSCRIPTED_AFTER_VFS_ISOLATION,RESEARCH_REQUIRED,NO_SCRIPTED_RULER_AFTER_VFS_ISOLATION,UNKNOWN,NO,P2_MEDIUM,LOW,post-VFS static simulation; no surviving create_character ruler found,,,,,RESEARCH_MORE,UNRESOLVED_RULER_SLOT,descriptor replace_path common/history/characters
ATB,Athabaska,UNSCRIPTED_RULER_ATB,Engine-generated or unresolved ruler after VFS isolation,RULER_UNSCRIPTED,YES,NO,NO,NO,,,,,,,,,UNSCRIPTED_AFTER_VFS_ISOLATION,RESEARCH_REQUIRED,NO_SCRIPTED_RULER_AFTER_VFS_ISOLATION,UNKNOWN,NO,P2_MEDIUM,LOW,post-VFS static simulation; no surviving create_character ruler found,,,,,RESEARCH_MORE,UNRESOLVED_RULER_SLOT,descriptor replace_path common/history/characters
ATR,Kel Ataram,UNSCRIPTED_RULER_ATR,Engine-generated or unresolved ruler after VFS isolation,RULER_UNSCRIPTED,YES,NO,NO,NO,,,,,,,,,UNSCRIPTED_AFTER_VFS_ISOLATION,RESEARCH_REQUIRED,NO_SCRIPTED_RULER_AFTER_VFS_ISOLATION,UNKNOWN,NO,P2_MEDIUM,LOW,post-VFS static simulation; no surviving create_character ruler found,,,,,RESEARCH_MORE,UNRESOLVED_RULER_SLOT,descriptor replace_path common/history/characters
AUL,Aulihan,UNSCRIPTED_RULER_AUL,Engine-generated or unresolved ruler after VFS isolation,RULER_UNSCRIPTED,YES,NO,NO,NO,,,,,,,,,UNSCRIPTED_AFTER_VFS_ISOLATION,RESEARCH_REQUIRED,NO_SCRIPTED_RULER_AFTER_VFS_ISOLATION,UNKNOWN,NO,P2_MEDIUM,LOW,post-VFS static simulation; no surviving create_character ruler found,,,,,RESEARCH_MORE,UNRESOLVED_RULER_SLOT,descriptor replace_path common/history/characters
AUS,Austria,inline_AUS_aus_17,Joseph von Habsburg-Lothringen,RULER,YES,NO,NO,NO,,1764.4.19,,11,,,primary_culture,,CORRECT_CO_REGENT_WRONG_DATE,Joseph II (junior co-regent),MULTIPLE_SCRIPTED_RULERS;WRONG_AGE,EXACT_DATE_CONFLICT_WITH_SOURCE,NO,P1_HIGH,HIGH,common/history/characters/aus.txt,17,,https://www.habsburger.net/en/persons/habsburg-emperor/joseph-ii,https://www.habsburger.net/en/chapter/joseph-ii-co-regent,FIX_AGE;OTHER,RETAINED_START_INSTANCE,descriptor replace_path common/history/characters
AUS,Austria,inline_AUS_aus_3,Maria Theresa,RULER,YES,NO,NO,NO,,1743.4.19,,32,,,primary_culture,,CORRECT_IDENTITY_WRONG_DATE,Maria Theresa (dominant ruler),MULTIPLE_SCRIPTED_RULERS;WRONG_AGE,EXACT_DATE_CONFLICT_WITH_SOURCE,NO,P1_HIGH,HIGH,common/history/characters/aus.txt,3,,https://www.habsburger.net/en/persons/habsburg-emperor/maria-theresa,https://www.habsburger.net/en/chapter/joseph-ii-co-regent,FIX_AGE;OTHER,RETAINED_START_INSTANCE,descriptor replace_path common/history/characters
AWA,Awadh,UNSCRIPTED_RULER_AWA,Engine-generated or unresolved ruler after VFS isolation,RULER_UNSCRIPTED,YES,NO,NO,NO,,,,,,,,,UNSCRIPTED_AFTER_VFS_ISOLATION,RESEARCH_REQUIRED,NO_SCRIPTED_RULER_AFTER_VFS_ISOLATION,UNKNOWN,NO,P2_MEDIUM,LOW,post-VFS static simulation; no surviving create_character ruler found,,,,,RESEARCH_MORE,UNRESOLVED_RULER_SLOT,descriptor replace_path common/history/characters
AYI,Anyi,UNSCRIPTED_RULER_AYI,Engine-generated or unresolved ruler after VFS isolation,RULER_UNSCRIPTED,YES,NO,NO,NO,,,,,,,,,UNSCRIPTED_AFTER_VFS_ISOLATION,RESEARCH_REQUIRED,NO_SCRIPTED_RULER_AFTER_VFS_ISOLATION,UNKNOWN,NO,P2_MEDIUM,LOW,post-VFS static simulation; no surviving create_character ruler found,,,,,RESEARCH_MORE,UNRESOLVED_RULER_SLOT,descriptor replace_path common/history/characters
BAD,Baden,UNSCRIPTED_RULER_BAD,Engine-generated or unresolved ruler after VFS isolation,RULER_UNSCRIPTED,YES,NO,NO,NO,,,,,,,,,UNSCRIPTED_AFTER_VFS_ISOLATION,RESEARCH_REQUIRED,NO_SCRIPTED_RULER_AFTER_VFS_ISOLATION,UNKNOWN,NO,P2_MEDIUM,LOW,post-VFS static simulation; no surviving create_character ruler found,,,,,RESEARCH_MORE,UNRESOLVED_RULER_SLOT,descriptor replace_path common/history/characters
BAL,Bali,UNSCRIPTED_RULER_BAL,Engine-generated or unresolved ruler after VFS isolation,RULER_UNSCRIPTED,YES,NO,NO,NO,,,,,,,,,UNSCRIPTED_AFTER_VFS_ISOLATION,RESEARCH_REQUIRED,NO_SCRIPTED_RULER_AFTER_VFS_ISOLATION,UNKNOWN,NO,P2_MEDIUM,LOW,post-VFS static simulation; no surviving create_character ruler found,,,,,RESEARCH_MORE,UNRESOLVED_RULER_SLOT,descriptor replace_path common/history/characters
BAV,Bavaria,UNSCRIPTED_RULER_BAV,Engine-generated or unresolved ruler after VFS isolation,RULER_UNSCRIPTED,YES,NO,NO,NO,,,,,,,,,UNSCRIPTED_AFTER_VFS_ISOLATION,RESEARCH_REQUIRED,NO_SCRIPTED_RULER_AFTER_VFS_ISOLATION,UNKNOWN,NO,P2_MEDIUM,LOW,post-VFS static simulation; no surviving create_character ruler found,,,,,RESEARCH_MORE,UNRESOLVED_RULER_SLOT,descriptor replace_path common/history/characters
BEN,Benin,UNSCRIPTED_RULER_BEN,Engine-generated or unresolved ruler after VFS isolation,RULER_UNSCRIPTED,YES,NO,NO,NO,,,,,,,,,UNSCRIPTED_AFTER_VFS_ISOLATION,RESEARCH_REQUIRED,NO_SCRIPTED_RULER_AFTER_VFS_ISOLATION,UNKNOWN,NO,P2_MEDIUM,LOW,post-VFS static simulation; no surviving create_character ruler found,,,,,RESEARCH_MORE,UNRESOLVED_RULER_SLOT,descriptor replace_path common/history/characters
BEO,Belgium,UNSCRIPTED_RULER_BEO,Engine-generated or unresolved ruler after VFS isolation,RULER_UNSCRIPTED,YES,NO,NO,NO,,,,,,,,,UNSCRIPTED_AFTER_VFS_ISOLATION,RESEARCH_REQUIRED,NO_SCRIPTED_RULER_AFTER_VFS_ISOLATION,UNKNOWN,NO,P2_MEDIUM,LOW,post-VFS static simulation; no surviving create_character ruler found,,,,,RESEARCH_MORE,UNRESOLVED_RULER_SLOT,descriptor replace_path common/history/characters
BGI,Bagirmi,UNSCRIPTED_RULER_BGI,Engine-generated or unresolved ruler after VFS isolation,RULER_UNSCRIPTED,YES,NO,NO,NO,,,,,,,,,UNSCRIPTED_AFTER_VFS_ISOLATION,RESEARCH_REQUIRED,NO_SCRIPTED_RULER_AFTER_VFS_ISOLATION,UNKNOWN,NO,P2_MEDIUM,LOW,post-VFS static simulation; no surviving create_character ruler found,,,,,RESEARCH_MORE,UNRESOLVED_RULER_SLOT,descriptor replace_path common/history/characters
BHN,Bahrain,UNSCRIPTED_RULER_BHN,Engine-generated or unresolved ruler after VFS isolation,RULER_UNSCRIPTED,YES,NO,NO,NO,,,,,,,,,UNSCRIPTED_AFTER_VFS_ISOLATION,RESEARCH_REQUIRED,NO_SCRIPTED_RULER_AFTER_VFS_ISOLATION,UNKNOWN,NO,P2_MEDIUM,LOW,post-VFS static simulation; no surviving create_character ruler found,,,,,RESEARCH_MORE,UNRESOLVED_RULER_SLOT,descriptor replace_path common/history/characters
BHU,Bhutan,UNSCRIPTED_RULER_BHU,Engine-generated or unresolved ruler after VFS isolation,RULER_UNSCRIPTED,YES,NO,NO,NO,,,,,,,,,UNSCRIPTED_AFTER_VFS_ISOLATION,RESEARCH_REQUIRED,NO_SCRIPTED_RULER_AFTER_VFS_ISOLATION,UNKNOWN,NO,P2_MEDIUM,LOW,post-VFS static simulation; no surviving create_character ruler found,,,,,RESEARCH_MORE,UNRESOLVED_RULER_SLOT,descriptor replace_path common/history/characters
BHV,Bhavnagar,UNSCRIPTED_RULER_BHV,Engine-generated or unresolved ruler after VFS isolation,RULER_UNSCRIPTED,YES,NO,NO,NO,,,,,,,,,UNSCRIPTED_AFTER_VFS_ISOLATION,RESEARCH_REQUIRED,NO_SCRIPTED_RULER_AFTER_VFS_ISOLATION,UNKNOWN,NO,P2_MEDIUM,LOW,post-VFS static simulation; no surviving create_character ruler found,,,,,RESEARCH_MORE,UNRESOLVED_RULER_SLOT,descriptor replace_path common/history/characters
BIC,East India,inline_BIC_05_military_formations_india_177,Henry Fane,GENERAL,NO,NO,YES,NO,,,30,,,,cu:british,,YES,UNVERIFIED,NONE,APPROXIMATION_NOT_DOCUMENTED,NO,OK,MEDIUM,common/history/military_formations/05_military_formations_india.txt,177,,,,KEEP,RETAINED_START_INSTANCE,descriptor replace_path common/history/characters
BIC,East India,inline_BIC_05_military_formations_india_193,inline_BIC_193,GENERAL,NO,NO,YES,NO,,,33,,,,cu:british,,UNCERTAIN,UNVERIFIED,NONE,UNKNOWN,NO,OK,LOW,common/history/military_formations/05_military_formations_india.txt,193,,,,KEEP,RETAINED_START_INSTANCE,descriptor replace_path common/history/characters
BIC,East India,inline_BIC_05_military_formations_india_206,inline_BIC_206,GENERAL,NO,NO,YES,NO,,,33,,,,cu:bengali,,UNCERTAIN,UNVERIFIED,NONE,UNKNOWN,NO,OK,LOW,common/history/military_formations/05_military_formations_india.txt,206,,,,KEEP,RETAINED_START_INSTANCE,descriptor replace_path common/history/characters
BIC,East India,inline_BIC_bic - british india_7,Burdwan Raj,IG_LEADER,NO,YES,NO,NO,,,30,,,,cu:bengali,rel:hindu,YES,UNVERIFIED,NONE,APPROXIMATION_NOT_DOCUMENTED,NO,OK,MEDIUM,common/history/characters/bic - british india.txt,7,,,,KEEP,RETAINED_START_INSTANCE,descriptor replace_path common/history/characters
BIC,East India,inline_BIC_bic - british india_37,Claud Alexander,IG_LEADER,NO,YES,NO,NO,,,35,,,,cu:british,rel:protestant,YES,UNVERIFIED,NONE,APPROXIMATION_NOT_DOCUMENTED,NO,OK,MEDIUM,common/history/characters/bic - british india.txt,37,,,,KEEP,RETAINED_START_INSTANCE,descriptor replace_path common/history/characters
BIC,East India,inline_BIC_bic - british india_71,Haji Radhakanta,IG_LEADER,NO,YES,NO,NO,,,39,,,,cu:bengali,rel:hindu,UNCERTAIN,UNVERIFIED,NONE,UNKNOWN,NO,OK,LOW,common/history/characters/bic - british india.txt,71,,,,KEEP,RETAINED_START_INSTANCE,descriptor replace_path common/history/characters
BIC,East India,inline_BIC_bic - british india_54,Robert Clive,IG_LEADER,NO,YES,NO,NO,,,45,,,,cu:british,rel:protestant,YES,UNVERIFIED,NONE,APPROXIMATION_NOT_DOCUMENTED,NO,OK,MEDIUM,common/history/characters/bic - british india.txt,54,,,,KEEP,RETAINED_START_INSTANCE,descriptor replace_path common/history/characters
BIC,East India,inline_BIC_bic - british india_22,Sir Charles Oakeley,IG_LEADER,NO,YES,NO,NO,,,42,,,,cu:british,rel:protestant,YES,UNVERIFIED,NONE,APPROXIMATION_NOT_DOCUMENTED,NO,OK,MEDIUM,common/history/characters/bic - british india.txt,22,,,,KEEP,RETAINED_START_INSTANCE,descriptor replace_path common/history/characters
BIC,East India,BIC_warren_hastings,Warren Hastings,OTHER,NO,NO,NO,NO,,1732.12.6,,43,,,cu:british,,YES,UNVERIFIED,NONE,EXACT_DATE_WEAKLY_SOURCED,NO,OK,MEDIUM,common/history/characters/bic - british india.txt,3,common/character_templates/country_bic.txt:5,,,KEEP,RETAINED_START_INSTANCE,descriptor replace_path common/history/characters
BIC,East India,UNSCRIPTED_RULER_BIC,Engine-generated or unresolved ruler after VFS isolation,RULER_UNSCRIPTED,YES,NO,NO,NO,,,,,,,,,UNSCRIPTED_AFTER_VFS_ISOLATION,RESEARCH_REQUIRED,NO_SCRIPTED_RULER_AFTER_VFS_ISOLATION,UNKNOWN,NO,P2_MEDIUM,LOW,post-VFS static simulation; no surviving create_character ruler found,,,,,RESEARCH_MORE,UNRESOLVED_RULER_SLOT,descriptor replace_path common/history/characters
BLA,Bilua,UNSCRIPTED_RULER_BLA,Engine-generated or unresolved ruler after VFS isolation,RULER_UNSCRIPTED,YES,NO,NO,NO,,,,,,,,,UNSCRIPTED_AFTER_VFS_ISOLATION,RESEARCH_REQUIRED,NO_SCRIPTED_RULER_AFTER_VFS_ISOLATION,UNKNOWN,NO,P2_MEDIUM,LOW,post-VFS static simulation; no surviving create_character ruler found,,,,,RESEARCH_MORE,UNRESOLVED_RULER_SLOT,descriptor replace_path common/history/characters
BLE,Baule,UNSCRIPTED_RULER_BLE,Engine-generated or unresolved ruler after VFS isolation,RULER_UNSCRIPTED,YES,NO,NO,NO,,,,,,,,,UNSCRIPTED_AFTER_VFS_ISOLATION,RESEARCH_REQUIRED,NO_SCRIPTED_RULER_AFTER_VFS_ISOLATION,UNKNOWN,NO,P2_MEDIUM,LOW,post-VFS static simulation; no surviving create_character ruler found,,,,,RESEARCH_MORE,UNRESOLVED_RULER_SLOT,descriptor replace_path common/history/characters
BLF,Niitsitapi,UNSCRIPTED_RULER_BLF,Engine-generated or unresolved ruler after VFS isolation,RULER_UNSCRIPTED,YES,NO,NO,NO,,,,,,,,,UNSCRIPTED_AFTER_VFS_ISOLATION,RESEARCH_REQUIRED,NO_SCRIPTED_RULER_AFTER_VFS_ISOLATION,UNKNOWN,NO,P2_MEDIUM,LOW,post-VFS static simulation; no surviving create_character ruler found,,,,,RESEARCH_MORE,UNRESOLVED_RULER_SLOT,descriptor replace_path common/history/characters
BLG,Bulungan,UNSCRIPTED_RULER_BLG,Engine-generated or unresolved ruler after VFS isolation,RULER_UNSCRIPTED,YES,NO,NO,NO,,,,,,,,,UNSCRIPTED_AFTER_VFS_ISOLATION,RESEARCH_REQUIRED,NO_SCRIPTED_RULER_AFTER_VFS_ISOLATION,UNKNOWN,NO,P2_MEDIUM,LOW,post-VFS static simulation; no surviving create_character ruler found,,,,,RESEARCH_MORE,UNRESOLVED_RULER_SLOT,descriptor replace_path common/history/characters
BMB,Bemba,UNSCRIPTED_RULER_BMB,Engine-generated or unresolved ruler after VFS isolation,RULER_UNSCRIPTED,YES,NO,NO,NO,,,,,,,,,UNSCRIPTED_AFTER_VFS_ISOLATION,RESEARCH_REQUIRED,NO_SCRIPTED_RULER_AFTER_VFS_ISOLATION,UNKNOWN,NO,P2_MEDIUM,LOW,post-VFS static simulation; no surviving create_character ruler found,,,,,RESEARCH_MORE,UNRESOLVED_RULER_SLOT,descriptor replace_path common/history/characters
BMM,Bamum,UNSCRIPTED_RULER_BMM,Engine-generated or unresolved ruler after VFS isolation,RULER_UNSCRIPTED,YES,NO,NO,NO,,,,,,,,,UNSCRIPTED_AFTER_VFS_ISOLATION,RESEARCH_REQUIRED,NO_SCRIPTED_RULER_AFTER_VFS_ISOLATION,UNKNOWN,NO,P2_MEDIUM,LOW,post-VFS static simulation; no surviving create_character ruler found,,,,,RESEARCH_MORE,UNRESOLVED_RULER_SLOT,descriptor replace_path common/history/characters
BND,Bundu,UNSCRIPTED_RULER_BND,Engine-generated or unresolved ruler after VFS isolation,RULER_UNSCRIPTED,YES,NO,NO,NO,,,,,,,,,UNSCRIPTED_AFTER_VFS_ISOLATION,RESEARCH_REQUIRED,NO_SCRIPTED_RULER_AFTER_VFS_ISOLATION,UNKNOWN,NO,P2_MEDIUM,LOW,post-VFS static simulation; no surviving create_character ruler found,,,,,RESEARCH_MORE,UNRESOLVED_RULER_SLOT,descriptor replace_path common/history/characters
BNG,Bangala,UNSCRIPTED_RULER_BNG,Engine-generated or unresolved ruler after VFS isolation,RULER_UNSCRIPTED,YES,NO,NO,NO,,,,,,,,,UNSCRIPTED_AFTER_VFS_ISOLATION,RESEARCH_REQUIRED,NO_SCRIPTED_RULER_AFTER_VFS_ISOLATION,UNKNOWN,NO,P2_MEDIUM,LOW,post-VFS static simulation; no surviving create_character ruler found,,,,,RESEARCH_MORE,UNRESOLVED_RULER_SLOT,descriptor replace_path common/history/characters
BNJ,Banjar,UNSCRIPTED_RULER_BNJ,Engine-generated or unresolved ruler after VFS isolation,RULER_UNSCRIPTED,YES,NO,NO,NO,,,,,,,,,UNSCRIPTED_AFTER_VFS_ISOLATION,RESEARCH_REQUIRED,NO_SCRIPTED_RULER_AFTER_VFS_ISOLATION,UNKNOWN,NO,P2_MEDIUM,LOW,post-VFS static simulation; no surviving create_character ruler found,,,,,RESEARCH_MORE,UNRESOLVED_RULER_SLOT,descriptor replace_path common/history/characters
BNN,Pannakwati,UNSCRIPTED_RULER_BNN,Engine-generated or unresolved ruler after VFS isolation,RULER_UNSCRIPTED,YES,NO,NO,NO,,,,,,,,,UNSCRIPTED_AFTER_VFS_ISOLATION,RESEARCH_REQUIRED,NO_SCRIPTED_RULER_AFTER_VFS_ISOLATION,UNKNOWN,NO,P2_MEDIUM,LOW,post-VFS static simulation; no surviving create_character ruler found,,,,,RESEARCH_MORE,UNRESOLVED_RULER_SLOT,descriptor replace_path common/history/characters
BNY,Bunyoro,UNSCRIPTED_RULER_BNY,Engine-generated or unresolved ruler after VFS isolation,RULER_UNSCRIPTED,YES,NO,NO,NO,,,,,,,,,UNSCRIPTED_AFTER_VFS_ISOLATION,RESEARCH_REQUIRED,NO_SCRIPTED_RULER_AFTER_VFS_ISOLATION,UNKNOWN,NO,P2_MEDIUM,LOW,post-VFS static simulation; no surviving create_character ruler found,,,,,RESEARCH_MORE,UNRESOLVED_RULER_SLOT,descriptor replace_path common/history/characters
BOB,Bobangi,UNSCRIPTED_RULER_BOB,Engine-generated or unresolved ruler after VFS isolation,RULER_UNSCRIPTED,YES,NO,NO,NO,,,,,,,,,UNSCRIPTED_AFTER_VFS_ISOLATION,RESEARCH_REQUIRED,NO_SCRIPTED_RULER_AFTER_VFS_ISOLATION,UNKNOWN,NO,P2_MEDIUM,LOW,post-VFS static simulation; no surviving create_character ruler found,,,,,RESEARCH_MORE,UNRESOLVED_RULER_SLOT,descriptor replace_path common/history/characters
BOR,Bornu,UNSCRIPTED_RULER_BOR,Engine-generated or unresolved ruler after VFS isolation,RULER_UNSCRIPTED,YES,NO,NO,NO,,,,,,,,,UNSCRIPTED_AFTER_VFS_ISOLATION,RESEARCH_REQUIRED,NO_SCRIPTED_RULER_AFTER_VFS_ISOLATION,UNKNOWN,NO,P2_MEDIUM,LOW,post-VFS static simulation; no surviving create_character ruler found,,,,,RESEARCH_MORE,UNRESOLVED_RULER_SLOT,descriptor replace_path common/history/characters
BRA,Brunswick,UNSCRIPTED_RULER_BRA,Engine-generated or unresolved ruler after VFS isolation,RULER_UNSCRIPTED,YES,NO,NO,NO,,,,,,,,,UNSCRIPTED_AFTER_VFS_ISOLATION,RESEARCH_REQUIRED,NO_SCRIPTED_RULER_AFTER_VFS_ISOLATION,UNKNOWN,NO,P2_MEDIUM,LOW,post-VFS static simulation; no surviving create_character ruler found,,,,,RESEARCH_MORE,UNRESOLVED_RULER_SLOT,descriptor replace_path common/history/characters
BRD,Burundi,UNSCRIPTED_RULER_BRD,Engine-generated or unresolved ruler after VFS isolation,RULER_UNSCRIPTED,YES,NO,NO,NO,,,,,,,,,UNSCRIPTED_AFTER_VFS_ISOLATION,RESEARCH_REQUIRED,NO_SCRIPTED_RULER_AFTER_VFS_ISOLATION,UNKNOWN,NO,P2_MEDIUM,LOW,post-VFS static simulation; no surviving create_character ruler found,,,,,RESEARCH_MORE,UNRESOLVED_RULER_SLOT,descriptor replace_path common/history/characters
BRE,Bremen,UNSCRIPTED_RULER_BRE,Engine-generated or unresolved ruler after VFS isolation,RULER_UNSCRIPTED,YES,NO,NO,NO,,,,,,,,,UNSCRIPTED_AFTER_VFS_ISOLATION,RESEARCH_REQUIRED,NO_SCRIPTED_RULER_AFTER_VFS_ISOLATION,UNKNOWN,NO,P2_MEDIUM,LOW,post-VFS static simulation; no surviving create_character ruler found,,,,,RESEARCH_MORE,UNRESOLVED_RULER_SLOT,descriptor replace_path common/history/characters
BRG,Borgu,UNSCRIPTED_RULER_BRG,Engine-generated or unresolved ruler after VFS isolation,RULER_UNSCRIPTED,YES,NO,NO,NO,,,,,,,,,UNSCRIPTED_AFTER_VFS_ISOLATION,RESEARCH_REQUIRED,NO_SCRIPTED_RULER_AFTER_VFS_ISOLATION,UNKNOWN,NO,P2_MEDIUM,LOW,post-VFS static simulation; no surviving create_character ruler found,,,,,RESEARCH_MORE,UNRESOLVED_RULER_SLOT,descriptor replace_path common/history/characters
BRK,Brakna,UNSCRIPTED_RULER_BRK,Engine-generated or unresolved ruler after VFS isolation,RULER_UNSCRIPTED,YES,NO,NO,NO,,,,,,,,,UNSCRIPTED_AFTER_VFS_ISOLATION,RESEARCH_REQUIRED,NO_SCRIPTED_RULER_AFTER_VFS_ISOLATION,UNKNOWN,NO,P2_MEDIUM,LOW,post-VFS static simulation; no surviving create_character ruler found,,,,,RESEARCH_MORE,UNRESOLVED_RULER_SLOT,descriptor replace_path common/history/characters
BRU,Brunei,UNSCRIPTED_RULER_BRU,Engine-generated or unresolved ruler after VFS isolation,RULER_UNSCRIPTED,YES,NO,NO,NO,,,,,,,,,UNSCRIPTED_AFTER_VFS_ISOLATION,RESEARCH_REQUIRED,NO_SCRIPTED_RULER_AFTER_VFS_ISOLATION,UNKNOWN,NO,P2_MEDIUM,LOW,post-VFS static simulation; no surviving create_character ruler found,,,,,RESEARCH_MORE,UNRESOLVED_RULER_SLOT,descriptor replace_path common/history/characters
BRZ,Brazil,UNSCRIPTED_RULER_BRZ,Engine-generated or unresolved ruler after VFS isolation,RULER_UNSCRIPTED,YES,NO,NO,NO,,,,,,,,,UNSCRIPTED_AFTER_VFS_ISOLATION,RESEARCH_REQUIRED,NO_SCRIPTED_RULER_AFTER_VFS_ISOLATION,UNKNOWN,NO,P2_MEDIUM,LOW,post-VFS static simulation; no surviving create_character ruler found,,,,,RESEARCH_MORE,UNRESOLVED_RULER_SLOT,descriptor replace_path common/history/characters
BST,Basutoland,UNSCRIPTED_RULER_BST,Engine-generated or unresolved ruler after VFS isolation,RULER_UNSCRIPTED,YES,NO,NO,NO,,,,,,,,,UNSCRIPTED_AFTER_VFS_ISOLATION,RESEARCH_REQUIRED,NO_SCRIPTED_RULER_AFTER_VFS_ISOLATION,UNKNOWN,NO,P2_MEDIUM,LOW,post-VFS static simulation; no surviving create_character ruler found,,,,,RESEARCH_MORE,UNRESOLVED_RULER_SLOT,descriptor replace_path common/history/characters
BTN,Buton,UNSCRIPTED_RULER_BTN,Engine-generated or unresolved ruler after VFS isolation,RULER_UNSCRIPTED,YES,NO,NO,NO,,,,,,,,,UNSCRIPTED_AFTER_VFS_ISOLATION,RESEARCH_REQUIRED,NO_SCRIPTED_RULER_AFTER_VFS_ISOLATION,UNKNOWN,NO,P2_MEDIUM,LOW,post-VFS static simulation; no surviving create_character ruler found,,,,,RESEARCH_MORE,UNRESOLVED_RULER_SLOT,descriptor replace_path common/history/characters
BUG,Buganda,UNSCRIPTED_RULER_BUG,Engine-generated or unresolved ruler after VFS isolation,RULER_UNSCRIPTED,YES,NO,NO,NO,,,,,,,,,UNSCRIPTED_AFTER_VFS_ISOLATION,RESEARCH_REQUIRED,NO_SCRIPTED_RULER_AFTER_VFS_ISOLATION,UNKNOWN,NO,P2_MEDIUM,LOW,post-VFS static simulation; no surviving create_character ruler found,,,,,RESEARCH_MORE,UNRESOLVED_RULER_SLOT,descriptor replace_path common/history/characters
BUK,Bukhara,UNSCRIPTED_RULER_BUK,Engine-generated or unresolved ruler after VFS isolation,RULER_UNSCRIPTED,YES,NO,NO,NO,,,,,,,,,UNSCRIPTED_AFTER_VFS_ISOLATION,RESEARCH_REQUIRED,NO_SCRIPTED_RULER_AFTER_VFS_ISOLATION,UNKNOWN,NO,P2_MEDIUM,LOW,post-VFS static simulation; no surviving create_character ruler found,,,,,RESEARCH_MORE,UNRESOLVED_RULER_SLOT,descriptor replace_path common/history/characters
BUR,Burma,UNSCRIPTED_RULER_BUR,Engine-generated or unresolved ruler after VFS isolation,RULER_UNSCRIPTED,YES,NO,NO,NO,,,,,,,,,UNSCRIPTED_AFTER_VFS_ISOLATION,RESEARCH_REQUIRED,NO_SCRIPTED_RULER_AFTER_VFS_ISOLATION,UNKNOWN,NO,P2_MEDIUM,LOW,post-VFS static simulation; no surviving create_character ruler found,,,,,RESEARCH_MORE,UNRESOLVED_RULER_SLOT,descriptor replace_path common/history/characters
CAM,Cambodia,UNSCRIPTED_RULER_CAM,Engine-generated or unresolved ruler after VFS isolation,RULER_UNSCRIPTED,YES,NO,NO,NO,,,,,,,,,UNSCRIPTED_AFTER_VFS_ISOLATION,RESEARCH_REQUIRED,NO_SCRIPTED_RULER_AFTER_VFS_ISOLATION,UNKNOWN,NO,P2_MEDIUM,LOW,post-VFS static simulation; no surviving create_character ruler found,,,,,RESEARCH_MORE,UNRESOLVED_RULER_SLOT,descriptor replace_path common/history/characters
CAUC,Caucuses,UNSCRIPTED_RULER_CAUC,Engine-generated or unresolved ruler after VFS isolation,RULER_UNSCRIPTED,YES,NO,NO,NO,,,,,,,,,UNSCRIPTED_AFTER_VFS_ISOLATION,RESEARCH_REQUIRED,NO_SCRIPTED_RULER_AFTER_VFS_ISOLATION,UNKNOWN,NO,P2_MEDIUM,LOW,post-VFS static simulation; no surviving create_character ruler found,,,,,RESEARCH_MORE,UNRESOLVED_RULER_SLOT,descriptor replace_path common/history/characters
CAY,Cayor,UNSCRIPTED_RULER_CAY,Engine-generated or unresolved ruler after VFS isolation,RULER_UNSCRIPTED,YES,NO,NO,NO,,,,,,,,,UNSCRIPTED_AFTER_VFS_ISOLATION,RESEARCH_REQUIRED,NO_SCRIPTED_RULER_AFTER_VFS_ISOLATION,UNKNOWN,NO,P2_MEDIUM,LOW,post-VFS static simulation; no surviving create_character ruler found,,,,,RESEARCH_MORE,UNRESOLVED_RULER_SLOT,descriptor replace_path common/history/characters
CHC,Chechnya,UNSCRIPTED_RULER_CHC,Engine-generated or unresolved ruler after VFS isolation,RULER_UNSCRIPTED,YES,NO,NO,NO,,,,,,,,,UNSCRIPTED_AFTER_VFS_ISOLATION,RESEARCH_REQUIRED,NO_SCRIPTED_RULER_AFTER_VFS_ISOLATION,UNKNOWN,NO,P2_MEDIUM,LOW,post-VFS static simulation; no surviving create_character ruler found,,,,,RESEARCH_MORE,UNRESOLVED_RULER_SLOT,descriptor replace_path common/history/characters
CHI,China,inline_CHI_06_military_formations_asia_522,Huacheng Chen,ADMIRAL,NO,NO,NO,YES,,,60,,,,cu:han,,YES,UNVERIFIED,NONE,APPROXIMATION_NOT_DOCUMENTED,NO,OK,MEDIUM,common/history/military_formations/06_military_formations_asia.txt,522,,,,KEEP,RETAINED_START_INSTANCE,descriptor replace_path common/history/characters
CHI,China,inline_CHI_06_military_formations_asia_492,Tianpei Guan,ADMIRAL,NO,NO,NO,YES,,,55,,,,cu:han,,YES,UNVERIFIED,NONE,APPROXIMATION_NOT_DOCUMENTED,NO,OK,MEDIUM,common/history/military_formations/06_military_formations_asia.txt,492,,,,KEEP,RETAINED_START_INSTANCE,descriptor replace_path common/history/characters
CHI,China,inline_CHI_06_military_formations_asia_235,Bingzhang Luo,GENERAL,NO,NO,YES,NO,,1733.1.9,,42,,,cu:han,,YES,UNVERIFIED,NONE,EXACT_DATE_WEAKLY_SOURCED,NO,OK,MEDIUM,common/history/military_formations/06_military_formations_asia.txt,235,,,,KEEP,RETAINED_START_INSTANCE,descriptor replace_path common/history/characters
CHI,China,inline_CHI_06_military_formations_asia_22,Buyantai Yanzha,GENERAL,NO,NO,YES,NO,,1731.6.10,,44,,,cu:manchu,,YES,UNVERIFIED,NONE,EXACT_DATE_WEAKLY_SOURCED,NO,OK,MEDIUM,common/history/military_formations/06_military_formations_asia.txt,22,,,,KEEP,RETAINED_START_INSTANCE,descriptor replace_path common/history/characters
CHI,China,inline_CHI_06_military_formations_asia_151,Delu Wang,GENERAL,NO,NO,YES,NO,,1732.6.1,,43,,,cu:han,,YES,UNVERIFIED,NONE,EXACT_DATE_WEAKLY_SOURCED,NO,OK,MEDIUM,common/history/military_formations/06_military_formations_asia.txt,151,,,,KEEP,RETAINED_START_INSTANCE,descriptor replace_path common/history/characters
CHI,China,inline_CHI_06_military_formations_asia_313,Fang Yang,GENERAL,NO,NO,YES,NO,,,66,,,,cu:han,,YES,UNVERIFIED,NONE,APPROXIMATION_NOT_DOCUMENTED,NO,OK,MEDIUM,common/history/military_formations/06_military_formations_asia.txt,313,,,,KEEP,RETAINED_START_INSTANCE,descriptor replace_path common/history/characters
CHI,China,inline_CHI_06_military_formations_asia_274,Guanwen Wanggiya,GENERAL,NO,NO,YES,NO,,1748.12.24,,27,,,cu:manchu,,YES,UNVERIFIED,NONE,EXACT_DATE_WEAKLY_SOURCED,NO,OK,MEDIUM,common/history/military_formations/06_military_formations_asia.txt,274,,,,KEEP,RETAINED_START_INSTANCE,descriptor replace_path common/history/characters
CHI,China,inline_CHI_06_military_formations_asia_111,Qishan Borjigin,GENERAL,NO,NO,YES,NO,,1726.1.18,,49,,,cu:mongol,,YES,UNVERIFIED,NONE,EXACT_DATE_WEAKLY_SOURCED,NO,OK,MEDIUM,common/history/military_formations/06_military_formations_asia.txt,111,,,,KEEP,RETAINED_START_INSTANCE,descriptor replace_path common/history/characters
CHI,China,inline_CHI_06_military_formations_asia_197,Yishan Aisin Gioro,GENERAL,NO,NO,YES,NO,,1712.6.13,,63,,,cu:manchu,,YES,UNVERIFIED,NONE,EXACT_DATE_WEAKLY_SOURCED,NO,OK,MEDIUM,common/history/military_formations/06_military_formations_asia.txt,197,,,,KEEP,RETAINED_START_INSTANCE,descriptor replace_path common/history/characters
CHI,China,inline_CHI_06_military_formations_asia_66,Yunfei Ge,GENERAL,NO,NO,YES,NO,,1729.6.6,,46,,,cu:han,,YES,UNVERIFIED,NONE,EXACT_DATE_WEAKLY_SOURCED,NO,OK,MEDIUM,common/history/military_formations/06_military_formations_asia.txt,66,,,,KEEP,RETAINED_START_INSTANCE,descriptor replace_path common/history/characters
CHI,China,UNSCRIPTED_RULER_CHI,Engine-generated or unresolved ruler after VFS isolation,RULER_UNSCRIPTED,YES,NO,NO,NO,,,,,,,,,UNSCRIPTED_AFTER_VFS_ISOLATION,Qianlong Emperor,NO_SCRIPTED_RULER_AFTER_VFS_ISOLATION,UNKNOWN,NO,P2_MEDIUM,HIGH,post-VFS static simulation; no surviving create_character ruler found,,,https://www.chateauversailles.fr/resources/pdf/en/presse/dp_trones_en.pdf,https://dash.harvard.edu/bitstreams/7126a52f-eca7-403c-a307-43e48186cdb5/download,RESEARCH_MORE,UNRESOLVED_RULER_SLOT,descriptor replace_path common/history/characters
CHK,Chokwe,UNSCRIPTED_RULER_CHK,Engine-generated or unresolved ruler after VFS isolation,RULER_UNSCRIPTED,YES,NO,NO,NO,,,,,,,,,UNSCRIPTED_AFTER_VFS_ISOLATION,RESEARCH_REQUIRED,NO_SCRIPTED_RULER_AFTER_VFS_ISOLATION,UNKNOWN,NO,P2_MEDIUM,LOW,post-VFS static simulation; no surviving create_character ruler found,,,,,RESEARCH_MORE,UNRESOLVED_RULER_SLOT,descriptor replace_path common/history/characters
CHP,Champasak,UNSCRIPTED_RULER_CHP,Engine-generated or unresolved ruler after VFS isolation,RULER_UNSCRIPTED,YES,NO,NO,NO,,,,,,,,,UNSCRIPTED_AFTER_VFS_ISOLATION,RESEARCH_REQUIRED,NO_SCRIPTED_RULER_AFTER_VFS_ISOLATION,UNKNOWN,NO,P2_MEDIUM,LOW,post-VFS static simulation; no surviving create_character ruler found,,,,,RESEARCH_MORE,UNRESOLVED_RULER_SLOT,descriptor replace_path common/history/characters
CIR,Circassia,UNSCRIPTED_RULER_CIR,Engine-generated or unresolved ruler after VFS isolation,RULER_UNSCRIPTED,YES,NO,NO,NO,,,,,,,,,UNSCRIPTED_AFTER_VFS_ISOLATION,RESEARCH_REQUIRED,NO_SCRIPTED_RULER_AFTER_VFS_ISOLATION,UNKNOWN,NO,P2_MEDIUM,LOW,post-VFS static simulation; no surviving create_character ruler found,,,,,RESEARCH_MORE,UNRESOLVED_RULER_SLOT,descriptor replace_path common/history/characters
CMB,Chaamba,UNSCRIPTED_RULER_CMB,Engine-generated or unresolved ruler after VFS isolation,RULER_UNSCRIPTED,YES,NO,NO,NO,,,,,,,,,UNSCRIPTED_AFTER_VFS_ISOLATION,RESEARCH_REQUIRED,NO_SCRIPTED_RULER_AFTER_VFS_ISOLATION,UNKNOWN,NO,P2_MEDIUM,LOW,post-VFS static simulation; no surviving create_character ruler found,,,,,RESEARCH_MORE,UNRESOLVED_RULER_SLOT,descriptor replace_path common/history/characters
CMI,Chiang Mai,UNSCRIPTED_RULER_CMI,Engine-generated or unresolved ruler after VFS isolation,RULER_UNSCRIPTED,YES,NO,NO,NO,,,,,,,,,UNSCRIPTED_AFTER_VFS_ISOLATION,RESEARCH_REQUIRED,NO_SCRIPTED_RULER_AFTER_VFS_ISOLATION,UNKNOWN,NO,P2_MEDIUM,LOW,post-VFS static simulation; no surviving create_character ruler found,,,,,RESEARCH_MORE,UNRESOLVED_RULER_SLOT,descriptor replace_path common/history/characters
COB,Saxe-Coburg-Gotha,UNSCRIPTED_RULER_COB,Engine-generated or unresolved ruler after VFS isolation,RULER_UNSCRIPTED,YES,NO,NO,NO,,,,,,,,,UNSCRIPTED_AFTER_VFS_ISOLATION,RESEARCH_REQUIRED,NO_SCRIPTED_RULER_AFTER_VFS_ISOLATION,UNKNOWN,NO,P2_MEDIUM,LOW,post-VFS static simulation; no surviving create_character ruler found,,,,,RESEARCH_MORE,UNRESOLVED_RULER_SLOT,descriptor replace_path common/history/characters
COC,Cochin,UNSCRIPTED_RULER_COC,Engine-generated or unresolved ruler after VFS isolation,RULER_UNSCRIPTED,YES,NO,NO,NO,,,,,,,,,UNSCRIPTED_AFTER_VFS_ISOLATION,RESEARCH_REQUIRED,NO_SCRIPTED_RULER_AFTER_VFS_ISOLATION,UNKNOWN,NO,P2_MEDIUM,LOW,post-VFS static simulation; no surviving create_character ruler found,,,,,RESEARCH_MORE,UNRESOLVED_RULER_SLOT,descriptor replace_path common/history/characters
COM,Comanche,UNSCRIPTED_RULER_COM,Engine-generated or unresolved ruler after VFS isolation,RULER_UNSCRIPTED,YES,NO,NO,NO,,,,,,,,,UNSCRIPTED_AFTER_VFS_ISOLATION,RESEARCH_REQUIRED,NO_SCRIPTED_RULER_AFTER_VFS_ISOLATION,UNKNOWN,NO,P2_MEDIUM,LOW,post-VFS static simulation; no surviving create_character ruler found,,,,,RESEARCH_MORE,UNRESOLVED_RULER_SLOT,descriptor replace_path common/history/characters
CON,Constantine,UNSCRIPTED_RULER_CON,Engine-generated or unresolved ruler after VFS isolation,RULER_UNSCRIPTED,YES,NO,NO,NO,,,,,,,,,UNSCRIPTED_AFTER_VFS_ISOLATION,RESEARCH_REQUIRED,NO_SCRIPTED_RULER_AFTER_VFS_ISOLATION,UNKNOWN,NO,P2_MEDIUM,LOW,post-VFS static simulation; no surviving create_character ruler found,,,,,RESEARCH_MORE,UNRESOLVED_RULER_SLOT,descriptor replace_path common/history/characters
COO,Cooch Behar,UNSCRIPTED_RULER_COO,Engine-generated or unresolved ruler after VFS isolation,RULER_UNSCRIPTED,YES,NO,NO,NO,,,,,,,,,UNSCRIPTED_AFTER_VFS_ISOLATION,RESEARCH_REQUIRED,NO_SCRIPTED_RULER_AFTER_VFS_ISOLATION,UNKNOWN,NO,P2_MEDIUM,LOW,post-VFS static simulation; no surviving create_character ruler found,,,,,RESEARCH_MORE,UNRESOLVED_RULER_SLOT,descriptor replace_path common/history/characters
CRI,Crimea,inline_CRI_00_military_formations_europe_34,Anvar Ayaz,GENERAL,NO,NO,YES,NO,,,30,,,,cu:tatar,,YES,UNVERIFIED,NONE,APPROXIMATION_NOT_DOCUMENTED,NO,OK,MEDIUM,common/history/military_formations/00_military_formations_europe.txt,34,,,,KEEP,RETAINED_START_INSTANCE,descriptor replace_path common/history/characters
CRI,Crimea,UNSCRIPTED_RULER_CRI,Engine-generated or unresolved ruler after VFS isolation,RULER_UNSCRIPTED,YES,NO,NO,NO,,,,,,,,,UNSCRIPTED_AFTER_VFS_ISOLATION,RESEARCH_REQUIRED,NO_SCRIPTED_RULER_AFTER_VFS_ISOLATION,UNKNOWN,NO,P2_MEDIUM,LOW,post-VFS static simulation; no surviving create_character ruler found,,,,,RESEARCH_MORE,UNRESOLVED_RULER_SLOT,descriptor replace_path common/history/characters
CUB,Cuba,UNSCRIPTED_RULER_CUB,Engine-generated or unresolved ruler after VFS isolation,RULER_UNSCRIPTED,YES,NO,NO,NO,,,,,,,,,UNSCRIPTED_AFTER_VFS_ISOLATION,RESEARCH_REQUIRED,NO_SCRIPTED_RULER_AFTER_VFS_ISOLATION,UNKNOWN,NO,P2_MEDIUM,LOW,post-VFS static simulation; no surviving create_character ruler found,,,,,RESEARCH_MORE,UNRESOLVED_RULER_SLOT,descriptor replace_path common/history/characters
DAH,Dahomey,UNSCRIPTED_RULER_DAH,Engine-generated or unresolved ruler after VFS isolation,RULER_UNSCRIPTED,YES,NO,NO,NO,,,,,,,,,UNSCRIPTED_AFTER_VFS_ISOLATION,RESEARCH_REQUIRED,NO_SCRIPTED_RULER_AFTER_VFS_ISOLATION,UNKNOWN,NO,P2_MEDIUM,LOW,post-VFS static simulation; no surviving create_character ruler found,,,,,RESEARCH_MORE,UNRESOLVED_RULER_SLOT,descriptor replace_path common/history/characters
DAI,Dai Nam,UNSCRIPTED_RULER_DAI,Engine-generated or unresolved ruler after VFS isolation,RULER_UNSCRIPTED,YES,NO,NO,NO,,,,,,,,,UNSCRIPTED_AFTER_VFS_ISOLATION,RESEARCH_REQUIRED,NO_SCRIPTED_RULER_AFTER_VFS_ISOLATION,UNKNOWN,NO,P2_MEDIUM,LOW,post-VFS static simulation; no surviving create_character ruler found,,,,,RESEARCH_MORE,UNRESOLVED_RULER_SLOT,descriptor replace_path common/history/characters
DAK,Dar al Kuti,UNSCRIPTED_RULER_DAK,Engine-generated or unresolved ruler after VFS isolation,RULER_UNSCRIPTED,YES,NO,NO,NO,,,,,,,,,UNSCRIPTED_AFTER_VFS_ISOLATION,RESEARCH_REQUIRED,NO_SCRIPTED_RULER_AFTER_VFS_ISOLATION,UNKNOWN,NO,P2_MEDIUM,LOW,post-VFS static simulation; no surviving create_character ruler found,,,,,RESEARCH_MORE,UNRESOLVED_RULER_SLOT,descriptor replace_path common/history/characters
DEI,East Indies,DEI_reinier_exec,Reinier de Klerk,OTHER,NO,NO,NO,NO,,1732.12.6,,43,,,cu:dutch,,YES,UNVERIFIED,NONE,EXACT_DATE_WEAKLY_SOURCED,NO,OK,MEDIUM,common/history/characters/dei - dutch east indies.txt,3,common/character_templates/country_dei.txt:1,,,KEEP,RETAINED_START_INSTANCE,descriptor replace_path common/history/characters
DEI,East Indies,UNSCRIPTED_RULER_DEI,Engine-generated or unresolved ruler after VFS isolation,RULER_UNSCRIPTED,YES,NO,NO,NO,,,,,,,,,UNSCRIPTED_AFTER_VFS_ISOLATION,RESEARCH_REQUIRED,NO_SCRIPTED_RULER_AFTER_VFS_ISOLATION,UNKNOWN,NO,P2_MEDIUM,LOW,post-VFS static simulation; no surviving create_character ruler found,,,,,RESEARCH_MORE,UNRESOLVED_RULER_SLOT,descriptor replace_path common/history/characters
DENNOR,Denmark-Norway,UNSCRIPTED_RULER_DENNOR,Engine-generated or unresolved ruler after VFS isolation,RULER_UNSCRIPTED,YES,NO,NO,NO,,,,,,,,,UNSCRIPTED_AFTER_VFS_ISOLATION,RESEARCH_REQUIRED,NO_SCRIPTED_RULER_AFTER_VFS_ISOLATION,UNKNOWN,NO,P2_MEDIUM,LOW,post-VFS static simulation; no surviving create_character ruler found,,,,,RESEARCH_MORE,UNRESOLVED_RULER_SLOT,descriptor replace_path common/history/characters
DFR,Darfur,UNSCRIPTED_RULER_DFR,Engine-generated or unresolved ruler after VFS isolation,RULER_UNSCRIPTED,YES,NO,NO,NO,,,,,,,,,UNSCRIPTED_AFTER_VFS_ISOLATION,RESEARCH_REQUIRED,NO_SCRIPTED_RULER_AFTER_VFS_ISOLATION,UNKNOWN,NO,P2_MEDIUM,LOW,post-VFS static simulation; no surviving create_character ruler found,,,,,RESEARCH_MORE,UNRESOLVED_RULER_SLOT,descriptor replace_path common/history/characters
DFT,Dar Fertit,UNSCRIPTED_RULER_DFT,Engine-generated or unresolved ruler after VFS isolation,RULER_UNSCRIPTED,YES,NO,NO,NO,,,,,,,,,UNSCRIPTED_AFTER_VFS_ISOLATION,RESEARCH_REQUIRED,NO_SCRIPTED_RULER_AFTER_VFS_ISOLATION,UNKNOWN,NO,P2_MEDIUM,LOW,post-VFS static simulation; no surviving create_character ruler found,,,,,RESEARCH_MORE,UNRESOLVED_RULER_SLOT,descriptor replace_path common/history/characters
DGR,Degar,UNSCRIPTED_RULER_DGR,Engine-generated or unresolved ruler after VFS isolation,RULER_UNSCRIPTED,YES,NO,NO,NO,,,,,,,,,UNSCRIPTED_AFTER_VFS_ISOLATION,RESEARCH_REQUIRED,NO_SCRIPTED_RULER_AFTER_VFS_ISOLATION,UNKNOWN,NO,P2_MEDIUM,LOW,post-VFS static simulation; no surviving create_character ruler found,,,,,RESEARCH_MORE,UNRESOLVED_RULER_SLOT,descriptor replace_path common/history/characters
DIN,Kel Dinnik,UNSCRIPTED_RULER_DIN,Engine-generated or unresolved ruler after VFS isolation,RULER_UNSCRIPTED,YES,NO,NO,NO,,,,,,,,,UNSCRIPTED_AFTER_VFS_ISOLATION,RESEARCH_REQUIRED,NO_SCRIPTED_RULER_AFTER_VFS_ISOLATION,UNKNOWN,NO,P2_MEDIUM,LOW,post-VFS static simulation; no surviving create_character ruler found,,,,,RESEARCH_MORE,UNRESOLVED_RULER_SLOT,descriptor replace_path common/history/characters
DIO,Diola,UNSCRIPTED_RULER_DIO,Engine-generated or unresolved ruler after VFS isolation,RULER_UNSCRIPTED,YES,NO,NO,NO,,,,,,,,,UNSCRIPTED_AFTER_VFS_ISOLATION,RESEARCH_REQUIRED,NO_SCRIPTED_RULER_AFTER_VFS_ISOLATION,UNKNOWN,NO,P2_MEDIUM,LOW,post-VFS static simulation; no surviving create_character ruler found,,,,,RESEARCH_MORE,UNRESOLVED_RULER_SLOT,descriptor replace_path common/history/characters
DLA,Duala,UNSCRIPTED_RULER_DLA,Engine-generated or unresolved ruler after VFS isolation,RULER_UNSCRIPTED,YES,NO,NO,NO,,,,,,,,,UNSCRIPTED_AFTER_VFS_ISOLATION,RESEARCH_REQUIRED,NO_SCRIPTED_RULER_AFTER_VFS_ISOLATION,UNKNOWN,NO,P2_MEDIUM,LOW,post-VFS static simulation; no surviving create_character ruler found,,,,,RESEARCH_MORE,UNRESOLVED_RULER_SLOT,descriptor replace_path common/history/characters
DLM,Delim,UNSCRIPTED_RULER_DLM,Engine-generated or unresolved ruler after VFS isolation,RULER_UNSCRIPTED,YES,NO,NO,NO,,,,,,,,,UNSCRIPTED_AFTER_VFS_ISOLATION,RESEARCH_REQUIRED,NO_SCRIPTED_RULER_AFTER_VFS_ISOLATION,UNKNOWN,NO,P2_MEDIUM,LOW,post-VFS static simulation; no surviving create_character ruler found,,,,,RESEARCH_MORE,UNRESOLVED_RULER_SLOT,descriptor replace_path common/history/characters
DNK,Dinka,UNSCRIPTED_RULER_DNK,Engine-generated or unresolved ruler after VFS isolation,RULER_UNSCRIPTED,YES,NO,NO,NO,,,,,,,,,UNSCRIPTED_AFTER_VFS_ISOLATION,RESEARCH_REQUIRED,NO_SCRIPTED_RULER_AFTER_VFS_ISOLATION,UNKNOWN,NO,P2_MEDIUM,LOW,post-VFS static simulation; no surviving create_character ruler found,,,,,RESEARCH_MORE,UNRESOLVED_RULER_SLOT,descriptor replace_path common/history/characters
DUR,Afghanistan,inline_DUR_dur_3,Timur Durrani,RULER,YES,NO,NO,NO,,1746.8.6,,29,,,primary_culture,,CORRECT_BUT_DATE_UNCERTAIN,Timur Shah Durrani,DATE_RESEARCH_REQUIRED,EXACT_DATE_WEAKLY_SOURCED,NO,P2_MEDIUM,MEDIUM,common/history/characters/dur.txt,3,,,,RESEARCH_MORE,RETAINED_START_INSTANCE,descriptor replace_path common/history/characters
ETH,Ethiopia,UNSCRIPTED_RULER_ETH,Engine-generated or unresolved ruler after VFS isolation,RULER_UNSCRIPTED,YES,NO,NO,NO,,,,,,,,,UNSCRIPTED_AFTER_VFS_ISOLATION,RESEARCH_REQUIRED,NO_SCRIPTED_RULER_AFTER_VFS_ISOLATION,UNKNOWN,NO,P2_MEDIUM,LOW,post-VFS static simulation; no surviving create_character ruler found,,,,,RESEARCH_MORE,UNRESOLVED_RULER_SLOT,descriptor replace_path common/history/characters
EWE,Ewe,UNSCRIPTED_RULER_EWE,Engine-generated or unresolved ruler after VFS isolation,RULER_UNSCRIPTED,YES,NO,NO,NO,,,,,,,,,UNSCRIPTED_AFTER_VFS_ISOLATION,RESEARCH_REQUIRED,NO_SCRIPTED_RULER_AFTER_VFS_ISOLATION,UNKNOWN,NO,P2_MEDIUM,LOW,post-VFS static simulation; no surviving create_character ruler found,,,,,RESEARCH_MORE,UNRESOLVED_RULER_SLOT,descriptor replace_path common/history/characters
EZO,Ezochi,UNSCRIPTED_RULER_EZO,Engine-generated or unresolved ruler after VFS isolation,RULER_UNSCRIPTED,YES,NO,NO,NO,,,,,,,,,UNSCRIPTED_AFTER_VFS_ISOLATION,RESEARCH_REQUIRED,NO_SCRIPTED_RULER_AFTER_VFS_ISOLATION,UNKNOWN,NO,P2_MEDIUM,LOW,post-VFS static simulation; no surviving create_character ruler found,,,,,RESEARCH_MORE,UNRESOLVED_RULER_SLOT,descriptor replace_path common/history/characters
FJI,Fiji,UNSCRIPTED_RULER_FJI,Engine-generated or unresolved ruler after VFS isolation,RULER_UNSCRIPTED,YES,NO,NO,NO,,,,,,,,,UNSCRIPTED_AFTER_VFS_ISOLATION,RESEARCH_REQUIRED,NO_SCRIPTED_RULER_AFTER_VFS_ISOLATION,UNKNOWN,NO,P2_MEDIUM,LOW,post-VFS static simulation; no surviving create_character ruler found,,,,,RESEARCH_MORE,UNRESOLVED_RULER_SLOT,descriptor replace_path common/history/characters
FNG,Fang,UNSCRIPTED_RULER_FNG,Engine-generated or unresolved ruler after VFS isolation,RULER_UNSCRIPTED,YES,NO,NO,NO,,,,,,,,,UNSCRIPTED_AFTER_VFS_ISOLATION,RESEARCH_REQUIRED,NO_SCRIPTED_RULER_AFTER_VFS_ISOLATION,UNKNOWN,NO,P2_MEDIUM,LOW,post-VFS static simulation; no surviving create_character ruler found,,,,,RESEARCH_MORE,UNRESOLVED_RULER_SLOT,descriptor replace_path common/history/characters
FRA,France,inline_FRA_00_military_formations_europe_1011,inline_FRA_1011,GENERAL,NO,NO,YES,NO,,,42,,,,cu:french,,UNCERTAIN,UNVERIFIED,NONE,UNKNOWN,NO,OK,LOW,common/history/military_formations/00_military_formations_europe.txt,1011,,,,KEEP,RETAINED_START_INSTANCE,descriptor replace_path common/history/characters
FRA,France,inline_FRA_00_military_formations_europe_1059,inline_FRA_1059,GENERAL,NO,NO,YES,NO,,,34,,,,cu:french,,UNCERTAIN,UNVERIFIED,NONE,UNKNOWN,NO,OK,LOW,common/history/military_formations/00_military_formations_europe.txt,1059,,,,KEEP,RETAINED_START_INSTANCE,descriptor replace_path common/history/characters
FRA,France,inline_FRA_00_military_formations_europe_1112,inline_FRA_1112,GENERAL,NO,NO,YES,NO,,,32,,,,cu:french,,UNCERTAIN,UNVERIFIED,NONE,UNKNOWN,NO,OK,LOW,common/history/military_formations/00_military_formations_europe.txt,1112,,,,KEEP,RETAINED_START_INSTANCE,descriptor replace_path common/history/characters
FRA,France,inline_FRA_00_military_formations_europe_1123,inline_FRA_1123,GENERAL,NO,NO,YES,NO,,,33,,,,cu:french,,UNCERTAIN,UNVERIFIED,NONE,UNKNOWN,NO,OK,LOW,common/history/military_formations/00_military_formations_europe.txt,1123,,,,KEEP,RETAINED_START_INSTANCE,descriptor replace_path common/history/characters
FRA,France,inline_FRA_00_military_formations_europe_950,inline_FRA_950,GENERAL,NO,NO,YES,NO,,,32,,,,cu:french,,UNCERTAIN,UNVERIFIED,NONE,UNKNOWN,NO,OK,LOW,common/history/military_formations/00_military_formations_europe.txt,950,,,,KEEP,RETAINED_START_INSTANCE,descriptor replace_path common/history/characters
FRA,France,inline_FRA_00_military_formations_europe_961,inline_FRA_961,GENERAL,NO,NO,YES,NO,,,33,,,,cu:french,,UNCERTAIN,UNVERIFIED,NONE,UNKNOWN,NO,OK,LOW,common/history/military_formations/00_military_formations_europe.txt,961,,,,KEEP,RETAINED_START_INSTANCE,descriptor replace_path common/history/characters
FRA,France,king_louis_xvi_fra,Louis de Bourbon,RULER,YES,NO,NO,NO,,1754.8.6,,21,,,primary_culture,,CORRECT_BUT_WRONG_DATE,Louis XVI,WRONG_EXACT_BIRTH_DATE,EXACT_DATE_CONFLICT_WITH_SOURCE,NO,P1_HIGH,HIGH,common/history/characters/fra - france.txt,3,common/character_templates/country_fra.txt:1,https://www.chateauversailles.fr/decouvrir/histoire/grands-personnages/louis-xvi,https://en.chateauversailles.fr/discover/history/key-dates/versailles-heart-french-revolution,FIX_AGE,RETAINED_START_INSTANCE,descriptor replace_path common/history/characters
FRM,Frankfurt,UNSCRIPTED_RULER_FRM,Engine-generated or unresolved ruler after VFS isolation,RULER_UNSCRIPTED,YES,NO,NO,NO,,,,,,,,,UNSCRIPTED_AFTER_VFS_ISOLATION,RESEARCH_REQUIRED,NO_SCRIPTED_RULER_AFTER_VFS_ISOLATION,UNKNOWN,NO,P2_MEDIUM,LOW,post-VFS static simulation; no surviving create_character ruler found,,,,,RESEARCH_MORE,UNRESOLVED_RULER_SLOT,descriptor replace_path common/history/characters
FTJ,Futa Jallon,UNSCRIPTED_RULER_FTJ,Engine-generated or unresolved ruler after VFS isolation,RULER_UNSCRIPTED,YES,NO,NO,NO,,,,,,,,,UNSCRIPTED_AFTER_VFS_ISOLATION,RESEARCH_REQUIRED,NO_SCRIPTED_RULER_AFTER_VFS_ISOLATION,UNKNOWN,NO,P2_MEDIUM,LOW,post-VFS static simulation; no surviving create_character ruler found,,,,,RESEARCH_MORE,UNRESOLVED_RULER_SLOT,descriptor replace_path common/history/characters
FTR,Futa Toro,UNSCRIPTED_RULER_FTR,Engine-generated or unresolved ruler after VFS isolation,RULER_UNSCRIPTED,YES,NO,NO,NO,,,,,,,,,UNSCRIPTED_AFTER_VFS_ISOLATION,RESEARCH_REQUIRED,NO_SCRIPTED_RULER_AFTER_VFS_ISOLATION,UNKNOWN,NO,P2_MEDIUM,LOW,post-VFS static simulation; no surviving create_character ruler found,,,,,RESEARCH_MORE,UNRESOLVED_RULER_SLOT,descriptor replace_path common/history/characters
GAL,Galicia-Lodomeria,UNSCRIPTED_RULER_GAL,Engine-generated or unresolved ruler after VFS isolation,RULER_UNSCRIPTED,YES,NO,NO,NO,,,,,,,,,UNSCRIPTED_AFTER_VFS_ISOLATION,RESEARCH_REQUIRED,NO_SCRIPTED_RULER_AFTER_VFS_ISOLATION,UNKNOWN,NO,P2_MEDIUM,LOW,post-VFS static simulation; no surviving create_character ruler found,,,,,RESEARCH_MORE,UNRESOLVED_RULER_SLOT,descriptor replace_path common/history/characters
GAR,Garhwal,UNSCRIPTED_RULER_GAR,Engine-generated or unresolved ruler after VFS isolation,RULER_UNSCRIPTED,YES,NO,NO,NO,,,,,,,,,UNSCRIPTED_AFTER_VFS_ISOLATION,RESEARCH_REQUIRED,NO_SCRIPTED_RULER_AFTER_VFS_ISOLATION,UNKNOWN,NO,P2_MEDIUM,LOW,post-VFS static simulation; no surviving create_character ruler found,,,,,RESEARCH_MORE,UNRESOLVED_RULER_SLOT,descriptor replace_path common/history/characters
GBR,Great Britain,inline_GBR_00_military_formations_europe_1456,Henry Hardinge,GENERAL,NO,NO,YES,NO,,1741.6.10,,34,,,cu:british,,YES,UNVERIFIED,NONE,EXACT_DATE_WEAKLY_SOURCED,NO,OK,MEDIUM,common/history/military_formations/00_military_formations_europe.txt,1456,,,,KEEP,RETAINED_START_INSTANCE,descriptor replace_path common/history/characters
GBR,Great Britain,inline_GBR_00_military_formations_europe_1542,Hugh Gough,GENERAL,NO,NO,YES,NO,,1745.6.10,,30,,,cu:british,,YES,UNVERIFIED,NONE,EXACT_DATE_WEAKLY_SOURCED,NO,OK,MEDIUM,common/history/military_formations/00_military_formations_europe.txt,1542,,,,KEEP,RETAINED_START_INSTANCE,descriptor replace_path common/history/characters
GBR,Great Britain,inline_GBR_00_military_formations_europe_1322,John Colborne,GENERAL,NO,NO,YES,NO,,1731.6.10,,44,,,cu:british,,YES,UNVERIFIED,NONE,EXACT_DATE_WEAKLY_SOURCED,NO,OK,MEDIUM,common/history/military_formations/00_military_formations_europe.txt,1322,,,,KEEP,RETAINED_START_INSTANCE,descriptor replace_path common/history/characters
GBR,Great Britain,inline_GBR_00_military_formations_europe_1398,Matthew Whitworth,GENERAL,NO,NO,YES,NO,,1741.6.10,,34,,,cu:british,,YES,UNVERIFIED,NONE,EXACT_DATE_WEAKLY_SOURCED,NO,OK,MEDIUM,common/history/military_formations/00_military_formations_europe.txt,1398,,,,KEEP,RETAINED_START_INSTANCE,descriptor replace_path common/history/characters
GBR,Great Britain,inline_GBR_00_military_formations_europe_1337,inline_GBR_1337,GENERAL,NO,NO,YES,NO,,,40,,,,cu:scottish,,UNCERTAIN,UNVERIFIED,NONE,UNKNOWN,NO,OK,LOW,common/history/military_formations/00_military_formations_europe.txt,1337,,,,KEEP,RETAINED_START_INSTANCE,descriptor replace_path common/history/characters
GBR,Great Britain,inline_GBR_00_military_formations_europe_1351,inline_GBR_1351,GENERAL,NO,NO,YES,NO,,,28,,,,cu:hindustani,,UNCERTAIN,UNVERIFIED,NONE,UNKNOWN,NO,OK,LOW,common/history/military_formations/00_military_formations_europe.txt,1351,,,,KEEP,RETAINED_START_INSTANCE,descriptor replace_path common/history/characters
GBR,Great Britain,gbr_george_iii_hanover_template,George of Hanover,RULER,YES,NO,NO,NO,,1738.8.21,,37,,,cu:british,,CORRECT_BUT_WRONG_DATE,George III,WRONG_EXACT_BIRTH_DATE,EXACT_DATE_CONFLICT_WITH_SOURCE,NO,P1_HIGH,HIGH,common/history/characters/gbr.txt,3,common/character_templates/country_gbr.txt:5,https://www.royal.uk/george-iii,,FIX_AGE,RETAINED_START_INSTANCE,descriptor replace_path common/history/characters
GEN,Most Serene Republic of Genoa,UNSCRIPTED_RULER_GEN,Engine-generated or unresolved ruler after VFS isolation,RULER_UNSCRIPTED,YES,NO,NO,NO,,,,,,,,,UNSCRIPTED_AFTER_VFS_ISOLATION,RESEARCH_REQUIRED,NO_SCRIPTED_RULER_AFTER_VFS_ISOLATION,UNKNOWN,NO,P2_MEDIUM,LOW,post-VFS static simulation; no surviving create_character ruler found,,,,,RESEARCH_MORE,UNRESOLVED_RULER_SLOT,descriptor replace_path common/history/characters
GGO,Gogo,UNSCRIPTED_RULER_GGO,Engine-generated or unresolved ruler after VFS isolation,RULER_UNSCRIPTED,YES,NO,NO,NO,,,,,,,,,UNSCRIPTED_AFTER_VFS_ISOLATION,RESEARCH_REQUIRED,NO_SCRIPTED_RULER_AFTER_VFS_ISOLATION,UNKNOWN,NO,P2_MEDIUM,LOW,post-VFS static simulation; no surviving create_character ruler found,,,,,RESEARCH_MORE,UNRESOLVED_RULER_SLOT,descriptor replace_path common/history/characters
GLD,Geledi,UNSCRIPTED_RULER_GLD,Engine-generated or unresolved ruler after VFS isolation,RULER_UNSCRIPTED,YES,NO,NO,NO,,,,,,,,,UNSCRIPTED_AFTER_VFS_ISOLATION,RESEARCH_REQUIRED,NO_SCRIPTED_RULER_AFTER_VFS_ISOLATION,UNKNOWN,NO,P2_MEDIUM,LOW,post-VFS static simulation; no surviving create_character ruler found,,,,,RESEARCH_MORE,UNRESOLVED_RULER_SLOT,descriptor replace_path common/history/characters
GNI,Guarani,UNSCRIPTED_RULER_GNI,Engine-generated or unresolved ruler after VFS isolation,RULER_UNSCRIPTED,YES,NO,NO,NO,,,,,,,,,UNSCRIPTED_AFTER_VFS_ISOLATION,RESEARCH_REQUIRED,NO_SCRIPTED_RULER_AFTER_VFS_ISOLATION,UNKNOWN,NO,P2_MEDIUM,LOW,post-VFS static simulation; no surviving create_character ruler found,,,,,RESEARCH_MORE,UNRESOLVED_RULER_SLOT,descriptor replace_path common/history/characters
GR3,Sicily,UNSCRIPTED_RULER_GR3,Engine-generated or unresolved ruler after VFS isolation,RULER_UNSCRIPTED,YES,NO,NO,NO,,,,,,,,,UNSCRIPTED_AFTER_VFS_ISOLATION,RESEARCH_REQUIRED,NO_SCRIPTED_RULER_AFTER_VFS_ISOLATION,UNKNOWN,NO,P2_MEDIUM,LOW,post-VFS static simulation; no surviving create_character ruler found,,,,,RESEARCH_MORE,UNRESOLVED_RULER_SLOT,descriptor replace_path common/history/characters
GR5,Santo Domingo,UNSCRIPTED_RULER_GR5,Engine-generated or unresolved ruler after VFS isolation,RULER_UNSCRIPTED,YES,NO,NO,NO,,,,,,,,,UNSCRIPTED_AFTER_VFS_ISOLATION,RESEARCH_REQUIRED,NO_SCRIPTED_RULER_AFTER_VFS_ISOLATION,UNKNOWN,NO,P2_MEDIUM,LOW,post-VFS static simulation; no surviving create_character ruler found,,,,,RESEARCH_MORE,UNRESOLVED_RULER_SLOT,descriptor replace_path common/history/characters
GR7,Inuit,UNSCRIPTED_RULER_GR7,Engine-generated or unresolved ruler after VFS isolation,RULER_UNSCRIPTED,YES,NO,NO,NO,,,,,,,,,UNSCRIPTED_AFTER_VFS_ISOLATION,RESEARCH_REQUIRED,NO_SCRIPTED_RULER_AFTER_VFS_ISOLATION,UNKNOWN,NO,P2_MEDIUM,LOW,post-VFS static simulation; no surviving create_character ruler found,,,,,RESEARCH_MORE,UNRESOLVED_RULER_SLOT,descriptor replace_path common/history/characters
GRW,Garawa,UNSCRIPTED_RULER_GRW,Engine-generated or unresolved ruler after VFS isolation,RULER_UNSCRIPTED,YES,NO,NO,NO,,,,,,,,,UNSCRIPTED_AFTER_VFS_ISOLATION,RESEARCH_REQUIRED,NO_SCRIPTED_RULER_AFTER_VFS_ISOLATION,UNKNOWN,NO,P2_MEDIUM,LOW,post-VFS static simulation; no surviving create_character ruler found,,,,,RESEARCH_MORE,UNRESOLVED_RULER_SLOT,descriptor replace_path common/history/characters
GWA,Gwalior,UNSCRIPTED_RULER_GWA,Engine-generated or unresolved ruler after VFS isolation,RULER_UNSCRIPTED,YES,NO,NO,NO,,,,,,,,,UNSCRIPTED_AFTER_VFS_ISOLATION,RESEARCH_REQUIRED,NO_SCRIPTED_RULER_AFTER_VFS_ISOLATION,UNKNOWN,NO,P2_MEDIUM,LOW,post-VFS static simulation; no surviving create_character ruler found,,,,,RESEARCH_MORE,UNRESOLVED_RULER_SLOT,descriptor replace_path common/history/characters
HAI,Haiti,UNSCRIPTED_RULER_HAI,Engine-generated or unresolved ruler after VFS isolation,RULER_UNSCRIPTED,YES,NO,NO,NO,,,,,,,,,UNSCRIPTED_AFTER_VFS_ISOLATION,RESEARCH_REQUIRED,NO_SCRIPTED_RULER_AFTER_VFS_ISOLATION,UNKNOWN,NO,P2_MEDIUM,LOW,post-VFS static simulation; no surviving create_character ruler found,,,,,RESEARCH_MORE,UNRESOLVED_RULER_SLOT,descriptor replace_path common/history/characters
HAM,Hamburg,UNSCRIPTED_RULER_HAM,Engine-generated or unresolved ruler after VFS isolation,RULER_UNSCRIPTED,YES,NO,NO,NO,,,,,,,,,UNSCRIPTED_AFTER_VFS_ISOLATION,RESEARCH_REQUIRED,NO_SCRIPTED_RULER_AFTER_VFS_ISOLATION,UNKNOWN,NO,P2_MEDIUM,LOW,post-VFS static simulation; no surviving create_character ruler found,,,,,RESEARCH_MORE,UNRESOLVED_RULER_SLOT,descriptor replace_path common/history/characters
HAN,Hanover,UNSCRIPTED_RULER_HAN,Engine-generated or unresolved ruler after VFS isolation,RULER_UNSCRIPTED,YES,NO,NO,NO,,,,,,,,,UNSCRIPTED_AFTER_VFS_ISOLATION,RESEARCH_REQUIRED,NO_SCRIPTED_RULER_AFTER_VFS_ISOLATION,UNKNOWN,NO,P2_MEDIUM,LOW,post-VFS static simulation; no surviving create_character ruler found,,,,,RESEARCH_MORE,UNRESOLVED_RULER_SLOT,descriptor replace_path common/history/characters
HAU,Gobir,UNSCRIPTED_RULER_HAU,Engine-generated or unresolved ruler after VFS isolation,RULER_UNSCRIPTED,YES,NO,NO,NO,,,,,,,,,UNSCRIPTED_AFTER_VFS_ISOLATION,RESEARCH_REQUIRED,NO_SCRIPTED_RULER_AFTER_VFS_ISOLATION,UNKNOWN,NO,P2_MEDIUM,LOW,post-VFS static simulation; no surviving create_character ruler found,,,,,RESEARCH_MORE,UNRESOLVED_RULER_SLOT,descriptor replace_path common/history/characters
HAW,Hawaii,UNSCRIPTED_RULER_HAW,Engine-generated or unresolved ruler after VFS isolation,RULER_UNSCRIPTED,YES,NO,NO,NO,,,,,,,,,UNSCRIPTED_AFTER_VFS_ISOLATION,RESEARCH_REQUIRED,NO_SCRIPTED_RULER_AFTER_VFS_ISOLATION,UNKNOWN,NO,P2_MEDIUM,LOW,post-VFS static simulation; no surviving create_character ruler found,,,,,RESEARCH_MORE,UNRESOLVED_RULER_SLOT,descriptor replace_path common/history/characters
HBC,Hudson's Bay Company,UNSCRIPTED_RULER_HBC,Engine-generated or unresolved ruler after VFS isolation,RULER_UNSCRIPTED,YES,NO,NO,NO,,,,,,,,,UNSCRIPTED_AFTER_VFS_ISOLATION,RESEARCH_REQUIRED,NO_SCRIPTED_RULER_AFTER_VFS_ISOLATION,UNKNOWN,NO,P2_MEDIUM,LOW,post-VFS static simulation; no surviving create_character ruler found,,,,,RESEARCH_MORE,UNRESOLVED_RULER_SLOT,descriptor replace_path common/history/characters
HDJ,Hedjaz,UNSCRIPTED_RULER_HDJ,Engine-generated or unresolved ruler after VFS isolation,RULER_UNSCRIPTED,YES,NO,NO,NO,,,,,,,,,UNSCRIPTED_AFTER_VFS_ISOLATION,RESEARCH_REQUIRED,NO_SCRIPTED_RULER_AFTER_VFS_ISOLATION,UNKNOWN,NO,P2_MEDIUM,LOW,post-VFS static simulation; no surviving create_character ruler found,,,,,RESEARCH_MORE,UNRESOLVED_RULER_SLOT,descriptor replace_path common/history/characters
HEK,Hesse-Kassel,UNSCRIPTED_RULER_HEK,Engine-generated or unresolved ruler after VFS isolation,RULER_UNSCRIPTED,YES,NO,NO,NO,,,,,,,,,UNSCRIPTED_AFTER_VFS_ISOLATION,RESEARCH_REQUIRED,NO_SCRIPTED_RULER_AFTER_VFS_ISOLATION,UNKNOWN,NO,P2_MEDIUM,LOW,post-VFS static simulation; no surviving create_character ruler found,,,,,RESEARCH_MORE,UNRESOLVED_RULER_SLOT,descriptor replace_path common/history/characters
HES,Hesse,UNSCRIPTED_RULER_HES,Engine-generated or unresolved ruler after VFS isolation,RULER_UNSCRIPTED,YES,NO,NO,NO,,,,,,,,,UNSCRIPTED_AFTER_VFS_ISOLATION,RESEARCH_REQUIRED,NO_SCRIPTED_RULER_AFTER_VFS_ISOLATION,UNKNOWN,NO,P2_MEDIUM,LOW,post-VFS static simulation; no surviving create_character ruler found,,,,,RESEARCH_MORE,UNRESOLVED_RULER_SLOT,descriptor replace_path common/history/characters
HHE,Hehe,UNSCRIPTED_RULER_HHE,Engine-generated or unresolved ruler after VFS isolation,RULER_UNSCRIPTED,YES,NO,NO,NO,,,,,,,,,UNSCRIPTED_AFTER_VFS_ISOLATION,RESEARCH_REQUIRED,NO_SCRIPTED_RULER_AFTER_VFS_ISOLATION,UNKNOWN,NO,P2_MEDIUM,LOW,post-VFS static simulation; no surviving create_character ruler found,,,,,RESEARCH_MORE,UNRESOLVED_RULER_SLOT,descriptor replace_path common/history/characters
HLA,Halia,UNSCRIPTED_RULER_HLA,Engine-generated or unresolved ruler after VFS isolation,RULER_UNSCRIPTED,YES,NO,NO,NO,,,,,,,,,UNSCRIPTED_AFTER_VFS_ISOLATION,RESEARCH_REQUIRED,NO_SCRIPTED_RULER_AFTER_VFS_ISOLATION,UNKNOWN,NO,P2_MEDIUM,LOW,post-VFS static simulation; no surviving create_character ruler found,,,,,RESEARCH_MORE,UNRESOLVED_RULER_SLOT,descriptor replace_path common/history/characters
HMB,Hemba,UNSCRIPTED_RULER_HMB,Engine-generated or unresolved ruler after VFS isolation,RULER_UNSCRIPTED,YES,NO,NO,NO,,,,,,,,,UNSCRIPTED_AFTER_VFS_ISOLATION,RESEARCH_REQUIRED,NO_SCRIPTED_RULER_AFTER_VFS_ISOLATION,UNKNOWN,NO,P2_MEDIUM,LOW,post-VFS static simulation; no surviving create_character ruler found,,,,,RESEARCH_MORE,UNRESOLVED_RULER_SLOT,descriptor replace_path common/history/characters
HOH,Hohenzollern,UNSCRIPTED_RULER_HOH,Engine-generated or unresolved ruler after VFS isolation,RULER_UNSCRIPTED,YES,NO,NO,NO,,,,,,,,,UNSCRIPTED_AFTER_VFS_ISOLATION,RESEARCH_REQUIRED,NO_SCRIPTED_RULER_AFTER_VFS_ISOLATION,UNKNOWN,NO,P2_MEDIUM,LOW,post-VFS static simulation; no surviving create_character ruler found,,,,,RESEARCH_MORE,UNRESOLVED_RULER_SLOT,descriptor replace_path common/history/characters
HOL,Holstein,UNSCRIPTED_RULER_HOL,Engine-generated or unresolved ruler after VFS isolation,RULER_UNSCRIPTED,YES,NO,NO,NO,,,,,,,,,UNSCRIPTED_AFTER_VFS_ISOLATION,RESEARCH_REQUIRED,NO_SCRIPTED_RULER_AFTER_VFS_ISOLATION,UNKNOWN,NO,P2_MEDIUM,LOW,post-VFS static simulation; no surviving create_character ruler found,,,,,RESEARCH_MORE,UNRESOLVED_RULER_SLOT,descriptor replace_path common/history/characters
HRO,Herero,UNSCRIPTED_RULER_HRO,Engine-generated or unresolved ruler after VFS isolation,RULER_UNSCRIPTED,YES,NO,NO,NO,,,,,,,,,UNSCRIPTED_AFTER_VFS_ISOLATION,RESEARCH_REQUIRED,NO_SCRIPTED_RULER_AFTER_VFS_ISOLATION,UNKNOWN,NO,P2_MEDIUM,LOW,post-VFS static simulation; no surviving create_character ruler found,,,,,RESEARCH_MORE,UNRESOLVED_RULER_SLOT,descriptor replace_path common/history/characters
HUN,Hungary,UNSCRIPTED_RULER_HUN,Engine-generated or unresolved ruler after VFS isolation,RULER_UNSCRIPTED,YES,NO,NO,NO,,,,,,,,,UNSCRIPTED_AFTER_VFS_ISOLATION,RESEARCH_REQUIRED,NO_SCRIPTED_RULER_AFTER_VFS_ISOLATION,UNKNOWN,NO,P2_MEDIUM,LOW,post-VFS static simulation; no surviving create_character ruler found,,,,,RESEARCH_MORE,UNRESOLVED_RULER_SLOT,descriptor replace_path common/history/characters
HYD,Hyderabad,UNSCRIPTED_RULER_HYD,Engine-generated or unresolved ruler after VFS isolation,RULER_UNSCRIPTED,YES,NO,NO,NO,,,,,,,,,UNSCRIPTED_AFTER_VFS_ISOLATION,RESEARCH_REQUIRED,NO_SCRIPTED_RULER_AFTER_VFS_ISOLATION,UNKNOWN,NO,P2_MEDIUM,LOW,post-VFS static simulation; no surviving create_character ruler found,,,,,RESEARCH_MORE,UNRESOLVED_RULER_SLOT,descriptor replace_path common/history/characters
IBO,Igbo,UNSCRIPTED_RULER_IBO,Engine-generated or unresolved ruler after VFS isolation,RULER_UNSCRIPTED,YES,NO,NO,NO,,,,,,,,,UNSCRIPTED_AFTER_VFS_ISOLATION,RESEARCH_REQUIRED,NO_SCRIPTED_RULER_AFTER_VFS_ISOLATION,UNKNOWN,NO,P2_MEDIUM,LOW,post-VFS static simulation; no surviving create_character ruler found,,,,,RESEARCH_MORE,UNRESOLVED_RULER_SLOT,descriptor replace_path common/history/characters
INDOP,Indonesian Princley States,UNSCRIPTED_RULER_INDOP,Engine-generated or unresolved ruler after VFS isolation,RULER_UNSCRIPTED,YES,NO,NO,NO,,,,,,,,,UNSCRIPTED_AFTER_VFS_ISOLATION,RESEARCH_REQUIRED,NO_SCRIPTED_RULER_AFTER_VFS_ISOLATION,UNKNOWN,NO,P2_MEDIUM,LOW,post-VFS static simulation; no surviving create_character ruler found,,,,,RESEARCH_MORE,UNRESOLVED_RULER_SLOT,descriptor replace_path common/history/characters
IQU,Iquicha,UNSCRIPTED_RULER_IQU,Engine-generated or unresolved ruler after VFS isolation,RULER_UNSCRIPTED,YES,NO,NO,NO,,,,,,,,,UNSCRIPTED_AFTER_VFS_ISOLATION,RESEARCH_REQUIRED,NO_SCRIPTED_RULER_AFTER_VFS_ISOLATION,UNKNOWN,NO,P2_MEDIUM,LOW,post-VFS static simulation; no surviving create_character ruler found,,,,,RESEARCH_MORE,UNRESOLVED_RULER_SLOT,descriptor replace_path common/history/characters
IR1,Mamluk Iraq,inline_IR1_04_military_formations_middle_east_33,inline_IR1_33,GENERAL,NO,NO,YES,NO,,,29,,,region_near_east,cu:georgian,rel:sunni,UNCERTAIN,UNVERIFIED,NONE,UNKNOWN,NO,OK,LOW,common/history/military_formations/04_military_formations_middle_east.txt,33,,,,KEEP,RETAINED_START_INSTANCE,descriptor replace_path common/history/characters
IR1,Mamluk Iraq,inline_IR1_ir1 - mamluk iraq_3,Omar Ahmad,RULER,YES,NO,NO,NO,,1748.1.12,,27,,,cu:georgian,,INSUFFICIENT_EVIDENCE,RESEARCH_REQUIRED (Mamluk Iraq power structure),IDENTITY_RESEARCH_REQUIRED,UNKNOWN,NO,P2_MEDIUM,LOW,common/history/characters/ir1 - mamluk iraq.txt,3,,,,RESEARCH_MORE,RETAINED_START_INSTANCE,descriptor replace_path common/history/characters
IRC,Iron Confederacy,UNSCRIPTED_RULER_IRC,Engine-generated or unresolved ruler after VFS isolation,RULER_UNSCRIPTED,YES,NO,NO,NO,,,,,,,,,UNSCRIPTED_AFTER_VFS_ISOLATION,RESEARCH_REQUIRED,NO_SCRIPTED_RULER_AFTER_VFS_ISOLATION,UNKNOWN,NO,P2_MEDIUM,LOW,post-VFS static simulation; no surviving create_character ruler found,,,,,RESEARCH_MORE,UNRESOLVED_RULER_SLOT,descriptor replace_path common/history/characters
IREK,Kingdom of Ireland,UNSCRIPTED_RULER_IREK,Engine-generated or unresolved ruler after VFS isolation,RULER_UNSCRIPTED,YES,NO,NO,NO,,,,,,,,,UNSCRIPTED_AFTER_VFS_ISOLATION,RESEARCH_REQUIRED,NO_SCRIPTED_RULER_AFTER_VFS_ISOLATION,UNKNOWN,NO,P2_MEDIUM,LOW,post-VFS static simulation; no surviving create_character ruler found,,,,,RESEARCH_MORE,UNRESOLVED_RULER_SLOT,descriptor replace_path common/history/characters
ISQ,Isaaq,UNSCRIPTED_RULER_ISQ,Engine-generated or unresolved ruler after VFS isolation,RULER_UNSCRIPTED,YES,NO,NO,NO,,,,,,,,,UNSCRIPTED_AFTER_VFS_ISOLATION,RESEARCH_REQUIRED,NO_SCRIPTED_RULER_AFTER_VFS_ISOLATION,UNKNOWN,NO,P2_MEDIUM,LOW,post-VFS static simulation; no surviving create_character ruler found,,,,,RESEARCH_MORE,UNRESOLVED_RULER_SLOT,descriptor replace_path common/history/characters
JAP,Japan,UNSCRIPTED_RULER_JAP,Engine-generated or unresolved ruler after VFS isolation,RULER_UNSCRIPTED,YES,NO,NO,NO,,,,,,,,,UNSCRIPTED_AFTER_VFS_ISOLATION,Tokugawa Ieharu (shōgun),NO_SCRIPTED_RULER_AFTER_VFS_ISOLATION,UNKNOWN,NO,P2_MEDIUM,HIGH,post-VFS static simulation; no surviving create_character ruler found,,,https://www.britannica.com/biography/Tokugawa-Ieharu,,RESEARCH_MORE,UNRESOLVED_RULER_SLOT,descriptor replace_path common/history/characters
JBB,Jabal,UNSCRIPTED_RULER_JBB,Engine-generated or unresolved ruler after VFS isolation,RULER_UNSCRIPTED,YES,NO,NO,NO,,,,,,,,,UNSCRIPTED_AFTER_VFS_ISOLATION,RESEARCH_REQUIRED,NO_SCRIPTED_RULER_AFTER_VFS_ISOLATION,UNKNOWN,NO,P2_MEDIUM,LOW,post-VFS static simulation; no surviving create_character ruler found,,,,,RESEARCH_MORE,UNRESOLVED_RULER_SLOT,descriptor replace_path common/history/characters
JEY,Jeypore,UNSCRIPTED_RULER_JEY,Engine-generated or unresolved ruler after VFS isolation,RULER_UNSCRIPTED,YES,NO,NO,NO,,,,,,,,,UNSCRIPTED_AFTER_VFS_ISOLATION,RESEARCH_REQUIRED,NO_SCRIPTED_RULER_AFTER_VFS_ISOLATION,UNKNOWN,NO,P2_MEDIUM,LOW,post-VFS static simulation; no surviving create_character ruler found,,,,,RESEARCH_MORE,UNRESOLVED_RULER_SLOT,descriptor replace_path common/history/characters
JLF,Jolof,UNSCRIPTED_RULER_JLF,Engine-generated or unresolved ruler after VFS isolation,RULER_UNSCRIPTED,YES,NO,NO,NO,,,,,,,,,UNSCRIPTED_AFTER_VFS_ISOLATION,RESEARCH_REQUIRED,NO_SCRIPTED_RULER_AFTER_VFS_ISOLATION,UNKNOWN,NO,P2_MEDIUM,LOW,post-VFS static simulation; no surviving create_character ruler found,,,,,RESEARCH_MORE,UNRESOLVED_RULER_SLOT,descriptor replace_path common/history/characters
JMB,Jambi,UNSCRIPTED_RULER_JMB,Engine-generated or unresolved ruler after VFS isolation,RULER_UNSCRIPTED,YES,NO,NO,NO,,,,,,,,,UNSCRIPTED_AFTER_VFS_ISOLATION,RESEARCH_REQUIRED,NO_SCRIPTED_RULER_AFTER_VFS_ISOLATION,UNKNOWN,NO,P2_MEDIUM,LOW,post-VFS static simulation; no surviving create_character ruler found,,,,,RESEARCH_MORE,UNRESOLVED_RULER_SLOT,descriptor replace_path common/history/characters
JOH,Johore,UNSCRIPTED_RULER_JOH,Engine-generated or unresolved ruler after VFS isolation,RULER_UNSCRIPTED,YES,NO,NO,NO,,,,,,,,,UNSCRIPTED_AFTER_VFS_ISOLATION,RESEARCH_REQUIRED,NO_SCRIPTED_RULER_AFTER_VFS_ISOLATION,UNKNOWN,NO,P2_MEDIUM,LOW,post-VFS static simulation; no surviving create_character ruler found,,,,,RESEARCH_MORE,UNRESOLVED_RULER_SLOT,descriptor replace_path common/history/characters
KAU,Kaurna,UNSCRIPTED_RULER_KAU,Engine-generated or unresolved ruler after VFS isolation,RULER_UNSCRIPTED,YES,NO,NO,NO,,,,,,,,,UNSCRIPTED_AFTER_VFS_ISOLATION,RESEARCH_REQUIRED,NO_SCRIPTED_RULER_AFTER_VFS_ISOLATION,UNKNOWN,NO,P2_MEDIUM,LOW,post-VFS static simulation; no surviving create_character ruler found,,,,,RESEARCH_MORE,UNRESOLVED_RULER_SLOT,descriptor replace_path common/history/characters
KBA,Kuba,UNSCRIPTED_RULER_KBA,Engine-generated or unresolved ruler after VFS isolation,RULER_UNSCRIPTED,YES,NO,NO,NO,,,,,,,,,UNSCRIPTED_AFTER_VFS_ISOLATION,RESEARCH_REQUIRED,NO_SCRIPTED_RULER_AFTER_VFS_ISOLATION,UNKNOWN,NO,P2_MEDIUM,LOW,post-VFS static simulation; no surviving create_character ruler found,,,,,RESEARCH_MORE,UNRESOLVED_RULER_SLOT,descriptor replace_path common/history/characters
KBB,Kathiri,UNSCRIPTED_RULER_KBB,Engine-generated or unresolved ruler after VFS isolation,RULER_UNSCRIPTED,YES,NO,NO,NO,,,,,,,,,UNSCRIPTED_AFTER_VFS_ISOLATION,RESEARCH_REQUIRED,NO_SCRIPTED_RULER_AFTER_VFS_ISOLATION,UNKNOWN,NO,P2_MEDIUM,LOW,post-VFS static simulation; no surviving create_character ruler found,,,,,RESEARCH_MORE,UNRESOLVED_RULER_SLOT,descriptor replace_path common/history/characters
KBD,Kabadougou,UNSCRIPTED_RULER_KBD,Engine-generated or unresolved ruler after VFS isolation,RULER_UNSCRIPTED,YES,NO,NO,NO,,,,,,,,,UNSCRIPTED_AFTER_VFS_ISOLATION,RESEARCH_REQUIRED,NO_SCRIPTED_RULER_AFTER_VFS_ISOLATION,UNKNOWN,NO,P2_MEDIUM,LOW,post-VFS static simulation; no surviving create_character ruler found,,,,,RESEARCH_MORE,UNRESOLVED_RULER_SLOT,descriptor replace_path common/history/characters
KBU,Kaabu,UNSCRIPTED_RULER_KBU,Engine-generated or unresolved ruler after VFS isolation,RULER_UNSCRIPTED,YES,NO,NO,NO,,,,,,,,,UNSCRIPTED_AFTER_VFS_ISOLATION,RESEARCH_REQUIRED,NO_SCRIPTED_RULER_AFTER_VFS_ISOLATION,UNKNOWN,NO,P2_MEDIUM,LOW,post-VFS static simulation; no surviving create_character ruler found,,,,,RESEARCH_MORE,UNRESOLVED_RULER_SLOT,descriptor replace_path common/history/characters
KHI,Khiva,UNSCRIPTED_RULER_KHI,Engine-generated or unresolved ruler after VFS isolation,RULER_UNSCRIPTED,YES,NO,NO,NO,,,,,,,,,UNSCRIPTED_AFTER_VFS_ISOLATION,RESEARCH_REQUIRED,NO_SCRIPTED_RULER_AFTER_VFS_ISOLATION,UNKNOWN,NO,P2_MEDIUM,LOW,post-VFS static simulation; no surviving create_character ruler found,,,,,RESEARCH_MORE,UNRESOLVED_RULER_SLOT,descriptor replace_path common/history/characters
KHP,Kolhapur,UNSCRIPTED_RULER_KHP,Engine-generated or unresolved ruler after VFS isolation,RULER_UNSCRIPTED,YES,NO,NO,NO,,,,,,,,,UNSCRIPTED_AFTER_VFS_ISOLATION,RESEARCH_REQUIRED,NO_SCRIPTED_RULER_AFTER_VFS_ISOLATION,UNKNOWN,NO,P2_MEDIUM,LOW,post-VFS static simulation; no surviving create_character ruler found,,,,,RESEARCH_MORE,UNRESOLVED_RULER_SLOT,descriptor replace_path common/history/characters
KKI,Kuki,UNSCRIPTED_RULER_KKI,Engine-generated or unresolved ruler after VFS isolation,RULER_UNSCRIPTED,YES,NO,NO,NO,,,,,,,,,UNSCRIPTED_AFTER_VFS_ISOLATION,RESEARCH_REQUIRED,NO_SCRIPTED_RULER_AFTER_VFS_ISOLATION,UNKNOWN,NO,P2_MEDIUM,LOW,post-VFS static simulation; no surviving create_character ruler found,,,,,RESEARCH_MORE,UNRESOLVED_RULER_SLOT,descriptor replace_path common/history/characters
KKY,Kikuyu,UNSCRIPTED_RULER_KKY,Engine-generated or unresolved ruler after VFS isolation,RULER_UNSCRIPTED,YES,NO,NO,NO,,,,,,,,,UNSCRIPTED_AFTER_VFS_ISOLATION,RESEARCH_REQUIRED,NO_SCRIPTED_RULER_AFTER_VFS_ISOLATION,UNKNOWN,NO,P2_MEDIUM,LOW,post-VFS static simulation; no surviving create_character ruler found,,,,,RESEARCH_MORE,UNRESOLVED_RULER_SLOT,descriptor replace_path common/history/characters
KLN,Kulin,UNSCRIPTED_RULER_KLN,Engine-generated or unresolved ruler after VFS isolation,RULER_UNSCRIPTED,YES,NO,NO,NO,,,,,,,,,UNSCRIPTED_AFTER_VFS_ISOLATION,RESEARCH_REQUIRED,NO_SCRIPTED_RULER_AFTER_VFS_ISOLATION,UNKNOWN,NO,P2_MEDIUM,LOW,post-VFS static simulation; no surviving create_character ruler found,,,,,RESEARCH_MORE,UNRESOLVED_RULER_SLOT,descriptor replace_path common/history/characters
KLO,Khmer Loeu,UNSCRIPTED_RULER_KLO,Engine-generated or unresolved ruler after VFS isolation,RULER_UNSCRIPTED,YES,NO,NO,NO,,,,,,,,,UNSCRIPTED_AFTER_VFS_ISOLATION,RESEARCH_REQUIRED,NO_SCRIPTED_RULER_AFTER_VFS_ISOLATION,UNKNOWN,NO,P2_MEDIUM,LOW,post-VFS static simulation; no surviving create_character ruler found,,,,,RESEARCH_MORE,UNRESOLVED_RULER_SLOT,descriptor replace_path common/history/characters
KNC,Karna,UNSCRIPTED_RULER_KNC,Engine-generated or unresolved ruler after VFS isolation,RULER_UNSCRIPTED,YES,NO,NO,NO,,,,,,,,,UNSCRIPTED_AFTER_VFS_ISOLATION,RESEARCH_REQUIRED,NO_SCRIPTED_RULER_AFTER_VFS_ISOLATION,UNKNOWN,NO,P2_MEDIUM,LOW,post-VFS static simulation; no surviving create_character ruler found,,,,,RESEARCH_MORE,UNRESOLVED_RULER_SLOT,descriptor replace_path common/history/characters
KNG,Kong,UNSCRIPTED_RULER_KNG,Engine-generated or unresolved ruler after VFS isolation,RULER_UNSCRIPTED,YES,NO,NO,NO,,,,,,,,,UNSCRIPTED_AFTER_VFS_ISOLATION,RESEARCH_REQUIRED,NO_SCRIPTED_RULER_AFTER_VFS_ISOLATION,UNKNOWN,NO,P2_MEDIUM,LOW,post-VFS static simulation; no surviving create_character ruler found,,,,,RESEARCH_MORE,UNRESOLVED_RULER_SLOT,descriptor replace_path common/history/characters
KNK,Kanak,UNSCRIPTED_RULER_KNK,Engine-generated or unresolved ruler after VFS isolation,RULER_UNSCRIPTED,YES,NO,NO,NO,,,,,,,,,UNSCRIPTED_AFTER_VFS_ISOLATION,RESEARCH_REQUIRED,NO_SCRIPTED_RULER_AFTER_VFS_ISOLATION,UNKNOWN,NO,P2_MEDIUM,LOW,post-VFS static simulation; no surviving create_character ruler found,,,,,RESEARCH_MORE,UNRESOLVED_RULER_SLOT,descriptor replace_path common/history/characters
KNO,Kurnool,UNSCRIPTED_RULER_KNO,Engine-generated or unresolved ruler after VFS isolation,RULER_UNSCRIPTED,YES,NO,NO,NO,,,,,,,,,UNSCRIPTED_AFTER_VFS_ISOLATION,RESEARCH_REQUIRED,NO_SCRIPTED_RULER_AFTER_VFS_ISOLATION,UNKNOWN,NO,P2_MEDIUM,LOW,post-VFS static simulation; no surviving create_character ruler found,,,,,RESEARCH_MORE,UNRESOLVED_RULER_SLOT,descriptor replace_path common/history/characters
KOK,Kokand,UNSCRIPTED_RULER_KOK,Engine-generated or unresolved ruler after VFS isolation,RULER_UNSCRIPTED,YES,NO,NO,NO,,,,,,,,,UNSCRIPTED_AFTER_VFS_ISOLATION,RESEARCH_REQUIRED,NO_SCRIPTED_RULER_AFTER_VFS_ISOLATION,UNKNOWN,NO,P2_MEDIUM,LOW,post-VFS static simulation; no surviving create_character ruler found,,,,,RESEARCH_MORE,UNRESOLVED_RULER_SLOT,descriptor replace_path common/history/characters
KON,Kongo,UNSCRIPTED_RULER_KON,Engine-generated or unresolved ruler after VFS isolation,RULER_UNSCRIPTED,YES,NO,NO,NO,,,,,,,,,UNSCRIPTED_AFTER_VFS_ISOLATION,RESEARCH_REQUIRED,NO_SCRIPTED_RULER_AFTER_VFS_ISOLATION,UNKNOWN,NO,P2_MEDIUM,LOW,post-VFS static simulation; no surviving create_character ruler found,,,,,RESEARCH_MORE,UNRESOLVED_RULER_SLOT,descriptor replace_path common/history/characters
KOR,Korea,UNSCRIPTED_RULER_KOR,Engine-generated or unresolved ruler after VFS isolation,RULER_UNSCRIPTED,YES,NO,NO,NO,,,,,,,,,UNSCRIPTED_AFTER_VFS_ISOLATION,RESEARCH_REQUIRED,NO_SCRIPTED_RULER_AFTER_VFS_ISOLATION,UNKNOWN,NO,P2_MEDIUM,LOW,post-VFS static simulation; no surviving create_character ruler found,,,,,RESEARCH_MORE,UNRESOLVED_RULER_SLOT,descriptor replace_path common/history/characters
KRG,Karagwe,UNSCRIPTED_RULER_KRG,Engine-generated or unresolved ruler after VFS isolation,RULER_UNSCRIPTED,YES,NO,NO,NO,,,,,,,,,UNSCRIPTED_AFTER_VFS_ISOLATION,RESEARCH_REQUIRED,NO_SCRIPTED_RULER_AFTER_VFS_ISOLATION,UNKNOWN,NO,P2_MEDIUM,LOW,post-VFS static simulation; no surviving create_character ruler found,,,,,RESEARCH_MORE,UNRESOLVED_RULER_SLOT,descriptor replace_path common/history/characters
KRI,Douriango,UNSCRIPTED_RULER_KRI,Engine-generated or unresolved ruler after VFS isolation,RULER_UNSCRIPTED,YES,NO,NO,NO,,,,,,,,,UNSCRIPTED_AFTER_VFS_ISOLATION,RESEARCH_REQUIRED,NO_SCRIPTED_RULER_AFTER_VFS_ISOLATION,UNKNOWN,NO,P2_MEDIUM,LOW,post-VFS static simulation; no surviving create_character ruler found,,,,,RESEARCH_MORE,UNRESOLVED_RULER_SLOT,descriptor replace_path common/history/characters
KRT,Kaarta,UNSCRIPTED_RULER_KRT,Engine-generated or unresolved ruler after VFS isolation,RULER_UNSCRIPTED,YES,NO,NO,NO,,,,,,,,,UNSCRIPTED_AFTER_VFS_ISOLATION,RESEARCH_REQUIRED,NO_SCRIPTED_RULER_AFTER_VFS_ISOLATION,UNKNOWN,NO,P2_MEDIUM,LOW,post-VFS static simulation; no surviving create_character ruler found,,,,,RESEARCH_MORE,UNRESOLVED_RULER_SLOT,descriptor replace_path common/history/characters
KRU,Kru,UNSCRIPTED_RULER_KRU,Engine-generated or unresolved ruler after VFS isolation,RULER_UNSCRIPTED,YES,NO,NO,NO,,,,,,,,,UNSCRIPTED_AFTER_VFS_ISOLATION,RESEARCH_REQUIRED,NO_SCRIPTED_RULER_AFTER_VFS_ISOLATION,UNKNOWN,NO,P2_MEDIUM,LOW,post-VFS static simulation; no surviving create_character ruler found,,,,,RESEARCH_MORE,UNRESOLVED_RULER_SLOT,descriptor replace_path common/history/characters
KSN,Kasanje,UNSCRIPTED_RULER_KSN,Engine-generated or unresolved ruler after VFS isolation,RULER_UNSCRIPTED,YES,NO,NO,NO,,,,,,,,,UNSCRIPTED_AFTER_VFS_ISOLATION,RESEARCH_REQUIRED,NO_SCRIPTED_RULER_AFTER_VFS_ISOLATION,UNKNOWN,NO,P2_MEDIUM,LOW,post-VFS static simulation; no surviving create_character ruler found,,,,,RESEARCH_MORE,UNRESOLVED_RULER_SLOT,descriptor replace_path common/history/characters
KTI,Kutai,UNSCRIPTED_RULER_KTI,Engine-generated or unresolved ruler after VFS isolation,RULER_UNSCRIPTED,YES,NO,NO,NO,,,,,,,,,UNSCRIPTED_AFTER_VFS_ISOLATION,RESEARCH_REQUIRED,NO_SCRIPTED_RULER_AFTER_VFS_ISOLATION,UNKNOWN,NO,P2_MEDIUM,LOW,post-VFS static simulation; no surviving create_character ruler found,,,,,RESEARCH_MORE,UNRESOLVED_RULER_SLOT,descriptor replace_path common/history/characters
KTU,Kartu,UNSCRIPTED_RULER_KTU,Engine-generated or unresolved ruler after VFS isolation,RULER_UNSCRIPTED,YES,NO,NO,NO,,,,,,,,,UNSCRIPTED_AFTER_VFS_ISOLATION,RESEARCH_REQUIRED,NO_SCRIPTED_RULER_AFTER_VFS_ISOLATION,UNKNOWN,NO,P2_MEDIUM,LOW,post-VFS static simulation; no surviving create_character ruler found,,,,,RESEARCH_MORE,UNRESOLVED_RULER_SLOT,descriptor replace_path common/history/characters
KYN,Pilbara,UNSCRIPTED_RULER_KYN,Engine-generated or unresolved ruler after VFS isolation,RULER_UNSCRIPTED,YES,NO,NO,NO,,,,,,,,,UNSCRIPTED_AFTER_VFS_ISOLATION,RESEARCH_REQUIRED,NO_SCRIPTED_RULER_AFTER_VFS_ISOLATION,UNKNOWN,NO,P2_MEDIUM,LOW,post-VFS static simulation; no surviving create_character ruler found,,,,,RESEARCH_MORE,UNRESOLVED_RULER_SLOT,descriptor replace_path common/history/characters
KZH,Kishi Zhuz,UNSCRIPTED_RULER_KZH,Engine-generated or unresolved ruler after VFS isolation,RULER_UNSCRIPTED,YES,NO,NO,NO,,,,,,,,,UNSCRIPTED_AFTER_VFS_ISOLATION,RESEARCH_REQUIRED,NO_SCRIPTED_RULER_AFTER_VFS_ISOLATION,UNKNOWN,NO,P2_MEDIUM,LOW,post-VFS static simulation; no surviving create_character ruler found,,,,,RESEARCH_MORE,UNRESOLVED_RULER_SLOT,descriptor replace_path common/history/characters
KZM,Kazembe,UNSCRIPTED_RULER_KZM,Engine-generated or unresolved ruler after VFS isolation,RULER_UNSCRIPTED,YES,NO,NO,NO,,,,,,,,,UNSCRIPTED_AFTER_VFS_ISOLATION,RESEARCH_REQUIRED,NO_SCRIPTED_RULER_AFTER_VFS_ISOLATION,UNKNOWN,NO,P2_MEDIUM,LOW,post-VFS static simulation; no surviving create_character ruler found,,,,,RESEARCH_MORE,UNRESOLVED_RULER_SLOT,descriptor replace_path common/history/characters
LAH,Lahej,UNSCRIPTED_RULER_LAH,Engine-generated or unresolved ruler after VFS isolation,RULER_UNSCRIPTED,YES,NO,NO,NO,,,,,,,,,UNSCRIPTED_AFTER_VFS_ISOLATION,RESEARCH_REQUIRED,NO_SCRIPTED_RULER_AFTER_VFS_ISOLATION,UNKNOWN,NO,P2_MEDIUM,LOW,post-VFS static simulation; no surviving create_character ruler found,,,,,RESEARCH_MORE,UNRESOLVED_RULER_SLOT,descriptor replace_path common/history/characters
LAN,Lanfang,UNSCRIPTED_RULER_LAN,Engine-generated or unresolved ruler after VFS isolation,RULER_UNSCRIPTED,YES,NO,NO,NO,,,,,,,,,UNSCRIPTED_AFTER_VFS_ISOLATION,RESEARCH_REQUIRED,NO_SCRIPTED_RULER_AFTER_VFS_ISOLATION,UNKNOWN,NO,P2_MEDIUM,LOW,post-VFS static simulation; no surviving create_character ruler found,,,,,RESEARCH_MORE,UNRESOLVED_RULER_SLOT,descriptor replace_path common/history/characters
LBA,Luba,UNSCRIPTED_RULER_LBA,Engine-generated or unresolved ruler after VFS isolation,RULER_UNSCRIPTED,YES,NO,NO,NO,,,,,,,,,UNSCRIPTED_AFTER_VFS_ISOLATION,RESEARCH_REQUIRED,NO_SCRIPTED_RULER_AFTER_VFS_ISOLATION,UNKNOWN,NO,P2_MEDIUM,LOW,post-VFS static simulation; no surviving create_character ruler found,,,,,RESEARCH_MORE,UNRESOLVED_RULER_SLOT,descriptor replace_path common/history/characters
LGA,Lega,UNSCRIPTED_RULER_LGA,Engine-generated or unresolved ruler after VFS isolation,RULER_UNSCRIPTED,YES,NO,NO,NO,,,,,,,,,UNSCRIPTED_AFTER_VFS_ISOLATION,RESEARCH_REQUIRED,NO_SCRIPTED_RULER_AFTER_VFS_ISOLATION,UNKNOWN,NO,P2_MEDIUM,LOW,post-VFS static simulation; no surviving create_character ruler found,,,,,RESEARCH_MORE,UNRESOLVED_RULER_SLOT,descriptor replace_path common/history/characters
LIP,Lippe,UNSCRIPTED_RULER_LIP,Engine-generated or unresolved ruler after VFS isolation,RULER_UNSCRIPTED,YES,NO,NO,NO,,,,,,,,,UNSCRIPTED_AFTER_VFS_ISOLATION,RESEARCH_REQUIRED,NO_SCRIPTED_RULER_AFTER_VFS_ISOLATION,UNKNOWN,NO,P2_MEDIUM,LOW,post-VFS static simulation; no surviving create_character ruler found,,,,,RESEARCH_MORE,UNRESOLVED_RULER_SLOT,descriptor replace_path common/history/characters
LKT,Lakota,UNSCRIPTED_RULER_LKT,Engine-generated or unresolved ruler after VFS isolation,RULER_UNSCRIPTED,YES,NO,NO,NO,,,,,,,,,UNSCRIPTED_AFTER_VFS_ISOLATION,RESEARCH_REQUIRED,NO_SCRIPTED_RULER_AFTER_VFS_ISOLATION,UNKNOWN,NO,P2_MEDIUM,LOW,post-VFS static simulation; no surviving create_character ruler found,,,,,RESEARCH_MORE,UNRESOLVED_RULER_SLOT,descriptor replace_path common/history/characters
LND,Lunda,UNSCRIPTED_RULER_LND,Engine-generated or unresolved ruler after VFS isolation,RULER_UNSCRIPTED,YES,NO,NO,NO,,,,,,,,,UNSCRIPTED_AFTER_VFS_ISOLATION,RESEARCH_REQUIRED,NO_SCRIPTED_RULER_AFTER_VFS_ISOLATION,UNKNOWN,NO,P2_MEDIUM,LOW,post-VFS static simulation; no surviving create_character ruler found,,,,,RESEARCH_MORE,UNRESOLVED_RULER_SLOT,descriptor replace_path common/history/characters
LNG,Loango,UNSCRIPTED_RULER_LNG,Engine-generated or unresolved ruler after VFS isolation,RULER_UNSCRIPTED,YES,NO,NO,NO,,,,,,,,,UNSCRIPTED_AFTER_VFS_ISOLATION,RESEARCH_REQUIRED,NO_SCRIPTED_RULER_AFTER_VFS_ISOLATION,UNKNOWN,NO,P2_MEDIUM,LOW,post-VFS static simulation; no surviving create_character ruler found,,,,,RESEARCH_MORE,UNRESOLVED_RULER_SLOT,descriptor replace_path common/history/characters
LOU,Louisiana,UNSCRIPTED_RULER_LOU,Engine-generated or unresolved ruler after VFS isolation,RULER_UNSCRIPTED,YES,NO,NO,NO,,,,,,,,,UNSCRIPTED_AFTER_VFS_ISOLATION,RESEARCH_REQUIRED,NO_SCRIPTED_RULER_AFTER_VFS_ISOLATION,UNKNOWN,NO,P2_MEDIUM,LOW,post-VFS static simulation; no surviving create_character ruler found,,,,,RESEARCH_MORE,UNRESOLVED_RULER_SLOT,descriptor replace_path common/history/characters
LRR,Larrakia,UNSCRIPTED_RULER_LRR,Engine-generated or unresolved ruler after VFS isolation,RULER_UNSCRIPTED,YES,NO,NO,NO,,,,,,,,,UNSCRIPTED_AFTER_VFS_ISOLATION,RESEARCH_REQUIRED,NO_SCRIPTED_RULER_AFTER_VFS_ISOLATION,UNKNOWN,NO,P2_MEDIUM,LOW,post-VFS static simulation; no surviving create_character ruler found,,,,,RESEARCH_MORE,UNRESOLVED_RULER_SLOT,descriptor replace_path common/history/characters
LUA,Luang Prabang,UNSCRIPTED_RULER_LUA,Engine-generated or unresolved ruler after VFS isolation,RULER_UNSCRIPTED,YES,NO,NO,NO,,,,,,,,,UNSCRIPTED_AFTER_VFS_ISOLATION,RESEARCH_REQUIRED,NO_SCRIPTED_RULER_AFTER_VFS_ISOLATION,UNKNOWN,NO,P2_MEDIUM,LOW,post-VFS static simulation; no surviving create_character ruler found,,,,,RESEARCH_MORE,UNRESOLVED_RULER_SLOT,descriptor replace_path common/history/characters
LUB,Lübeck,UNSCRIPTED_RULER_LUB,Engine-generated or unresolved ruler after VFS isolation,RULER_UNSCRIPTED,YES,NO,NO,NO,,,,,,,,,UNSCRIPTED_AFTER_VFS_ISOLATION,RESEARCH_REQUIRED,NO_SCRIPTED_RULER_AFTER_VFS_ISOLATION,UNKNOWN,NO,P2_MEDIUM,LOW,post-VFS static simulation; no surviving create_character ruler found,,,,,RESEARCH_MORE,UNRESOLVED_RULER_SLOT,descriptor replace_path common/history/characters
LUC,Lucca,UNSCRIPTED_RULER_LUC,Engine-generated or unresolved ruler after VFS isolation,RULER_UNSCRIPTED,YES,NO,NO,NO,,,,,,,,,UNSCRIPTED_AFTER_VFS_ISOLATION,RESEARCH_REQUIRED,NO_SCRIPTED_RULER_AFTER_VFS_ISOLATION,UNKNOWN,NO,P2_MEDIUM,LOW,post-VFS static simulation; no surviving create_character ruler found,,,,,RESEARCH_MORE,UNRESOLVED_RULER_SLOT,descriptor replace_path common/history/characters
LUO,Luo,UNSCRIPTED_RULER_LUO,Engine-generated or unresolved ruler after VFS isolation,RULER_UNSCRIPTED,YES,NO,NO,NO,,,,,,,,,UNSCRIPTED_AFTER_VFS_ISOLATION,RESEARCH_REQUIRED,NO_SCRIPTED_RULER_AFTER_VFS_ISOLATION,UNKNOWN,NO,P2_MEDIUM,LOW,post-VFS static simulation; no surviving create_character ruler found,,,,,RESEARCH_MORE,UNRESOLVED_RULER_SLOT,descriptor replace_path common/history/characters
LUX,Luxembourg,UNSCRIPTED_RULER_LUX,Engine-generated or unresolved ruler after VFS isolation,RULER_UNSCRIPTED,YES,NO,NO,NO,,,,,,,,,UNSCRIPTED_AFTER_VFS_ISOLATION,RESEARCH_REQUIRED,NO_SCRIPTED_RULER_AFTER_VFS_ISOLATION,UNKNOWN,NO,P2_MEDIUM,LOW,post-VFS static simulation; no surviving create_character ruler found,,,,,RESEARCH_MORE,UNRESOLVED_RULER_SLOT,descriptor replace_path common/history/characters
LZO,Barotse,UNSCRIPTED_RULER_LZO,Engine-generated or unresolved ruler after VFS isolation,RULER_UNSCRIPTED,YES,NO,NO,NO,,,,,,,,,UNSCRIPTED_AFTER_VFS_ISOLATION,RESEARCH_REQUIRED,NO_SCRIPTED_RULER_AFTER_VFS_ISOLATION,UNKNOWN,NO,P2_MEDIUM,LOW,post-VFS static simulation; no surviving create_character ruler found,,,,,RESEARCH_MORE,UNRESOLVED_RULER_SLOT,descriptor replace_path common/history/characters
MAD,Madagascar,UNSCRIPTED_RULER_MAD,Engine-generated or unresolved ruler after VFS isolation,RULER_UNSCRIPTED,YES,NO,NO,NO,,,,,,,,,UNSCRIPTED_AFTER_VFS_ISOLATION,RESEARCH_REQUIRED,NO_SCRIPTED_RULER_AFTER_VFS_ISOLATION,UNKNOWN,NO,P2_MEDIUM,LOW,post-VFS static simulation; no surviving create_character ruler found,,,,,RESEARCH_MORE,UNRESOLVED_RULER_SLOT,descriptor replace_path common/history/characters
MARATH,Maratha Confederacy,MARATH_anandrao_dhulap,Anandrao Dhulap,ADMIRAL,NO,NO,NO,YES,,,40,,,STATE_BOMBAY,cu:marathi,,YES,UNVERIFIED,NONE,APPROXIMATE_AGE_DOCUMENTED,NO,OK,MEDIUM,common/history/military_formations/05_military_formations_india.txt,350,common/character_templates/country_marath.txt:3,,,KEEP,RETAINED_START_INSTANCE,descriptor replace_path common/history/characters
MARATH,Maratha Confederacy,UNSCRIPTED_RULER_MARATH,Engine-generated or unresolved ruler after VFS isolation,RULER_UNSCRIPTED,YES,NO,NO,NO,,,,,,,,,UNSCRIPTED_AFTER_VFS_ISOLATION,RESEARCH_REQUIRED,NO_SCRIPTED_RULER_AFTER_VFS_ISOLATION,UNKNOWN,NO,P2_MEDIUM,LOW,post-VFS static simulation; no surviving create_character ruler found,,,,,RESEARCH_MORE,UNRESOLVED_RULER_SLOT,descriptor replace_path common/history/characters
MAS,Mascara,UNSCRIPTED_RULER_MAS,Engine-generated or unresolved ruler after VFS isolation,RULER_UNSCRIPTED,YES,NO,NO,NO,,,,,,,,,UNSCRIPTED_AFTER_VFS_ISOLATION,RESEARCH_REQUIRED,NO_SCRIPTED_RULER_AFTER_VFS_ISOLATION,UNKNOWN,NO,P2_MEDIUM,LOW,post-VFS static simulation; no surviving create_character ruler found,,,,,RESEARCH_MORE,UNRESOLVED_RULER_SLOT,descriptor replace_path common/history/characters
MBB,Mahra,UNSCRIPTED_RULER_MBB,Engine-generated or unresolved ruler after VFS isolation,RULER_UNSCRIPTED,YES,NO,NO,NO,,,,,,,,,UNSCRIPTED_AFTER_VFS_ISOLATION,RESEARCH_REQUIRED,NO_SCRIPTED_RULER_AFTER_VFS_ISOLATION,UNKNOWN,NO,P2_MEDIUM,LOW,post-VFS static simulation; no surviving create_character ruler found,,,,,RESEARCH_MORE,UNRESOLVED_RULER_SLOT,descriptor replace_path common/history/characters
MBS,Mombasa,UNSCRIPTED_RULER_MBS,Engine-generated or unresolved ruler after VFS isolation,RULER_UNSCRIPTED,YES,NO,NO,NO,,,,,,,,,UNSCRIPTED_AFTER_VFS_ISOLATION,RESEARCH_REQUIRED,NO_SCRIPTED_RULER_AFTER_VFS_ISOLATION,UNKNOWN,NO,P2_MEDIUM,LOW,post-VFS static simulation; no surviving create_character ruler found,,,,,RESEARCH_MORE,UNRESOLVED_RULER_SLOT,descriptor replace_path common/history/characters
MCR,Micronesia,UNSCRIPTED_RULER_MCR,Engine-generated or unresolved ruler after VFS isolation,RULER_UNSCRIPTED,YES,NO,NO,NO,,,,,,,,,UNSCRIPTED_AFTER_VFS_ISOLATION,RESEARCH_REQUIRED,NO_SCRIPTED_RULER_AFTER_VFS_ISOLATION,UNKNOWN,NO,P2_MEDIUM,LOW,post-VFS static simulation; no surviving create_character ruler found,,,,,RESEARCH_MORE,UNRESOLVED_RULER_SLOT,descriptor replace_path common/history/characters
MDK,Mandinka,UNSCRIPTED_RULER_MDK,Engine-generated or unresolved ruler after VFS isolation,RULER_UNSCRIPTED,YES,NO,NO,NO,,,,,,,,,UNSCRIPTED_AFTER_VFS_ISOLATION,RESEARCH_REQUIRED,NO_SCRIPTED_RULER_AFTER_VFS_ISOLATION,UNKNOWN,NO,P2_MEDIUM,LOW,post-VFS static simulation; no surviving create_character ruler found,,,,,RESEARCH_MORE,UNRESOLVED_RULER_SLOT,descriptor replace_path common/history/characters
MEC,Mecklenburg,UNSCRIPTED_RULER_MEC,Engine-generated or unresolved ruler after VFS isolation,RULER_UNSCRIPTED,YES,NO,NO,NO,,,,,,,,,UNSCRIPTED_AFTER_VFS_ISOLATION,RESEARCH_REQUIRED,NO_SCRIPTED_RULER_AFTER_VFS_ISOLATION,UNKNOWN,NO,P2_MEDIUM,LOW,post-VFS static simulation; no surviving create_character ruler found,,,,,RESEARCH_MORE,UNRESOLVED_RULER_SLOT,descriptor replace_path common/history/characters
MEI,Saxe-Meiningen,UNSCRIPTED_RULER_MEI,Engine-generated or unresolved ruler after VFS isolation,RULER_UNSCRIPTED,YES,NO,NO,NO,,,,,,,,,UNSCRIPTED_AFTER_VFS_ISOLATION,RESEARCH_REQUIRED,NO_SCRIPTED_RULER_AFTER_VFS_ISOLATION,UNKNOWN,NO,P2_MEDIUM,LOW,post-VFS static simulation; no surviving create_character ruler found,,,,,RESEARCH_MORE,UNRESOLVED_RULER_SLOT,descriptor replace_path common/history/characters
MGD,Maguindanao,UNSCRIPTED_RULER_MGD,Engine-generated or unresolved ruler after VFS isolation,RULER_UNSCRIPTED,YES,NO,NO,NO,,,,,,,,,UNSCRIPTED_AFTER_VFS_ISOLATION,RESEARCH_REQUIRED,NO_SCRIPTED_RULER_AFTER_VFS_ISOLATION,UNKNOWN,NO,P2_MEDIUM,LOW,post-VFS static simulation; no surviving create_character ruler found,,,,,RESEARCH_MORE,UNRESOLVED_RULER_SLOT,descriptor replace_path common/history/characters
MGH,Khasi,UNSCRIPTED_RULER_MGH,Engine-generated or unresolved ruler after VFS isolation,RULER_UNSCRIPTED,YES,NO,NO,NO,,,,,,,,,UNSCRIPTED_AFTER_VFS_ISOLATION,RESEARCH_REQUIRED,NO_SCRIPTED_RULER_AFTER_VFS_ISOLATION,UNKNOWN,NO,P2_MEDIUM,LOW,post-VFS static simulation; no surviving create_character ruler found,,,,,RESEARCH_MORE,UNRESOLVED_RULER_SLOT,descriptor replace_path common/history/characters
MICC,Michigan Tribal Confederation,UNSCRIPTED_RULER_MICC,Engine-generated or unresolved ruler after VFS isolation,RULER_UNSCRIPTED,YES,NO,NO,NO,,,,,,,,,UNSCRIPTED_AFTER_VFS_ISOLATION,RESEARCH_REQUIRED,NO_SCRIPTED_RULER_AFTER_VFS_ISOLATION,UNKNOWN,NO,P2_MEDIUM,LOW,post-VFS static simulation; no surviving create_character ruler found,,,,,RESEARCH_MORE,UNRESOLVED_RULER_SLOT,descriptor replace_path common/history/characters
MJK,Mijikenda,UNSCRIPTED_RULER_MJK,Engine-generated or unresolved ruler after VFS isolation,RULER_UNSCRIPTED,YES,NO,NO,NO,,,,,,,,,UNSCRIPTED_AFTER_VFS_ISOLATION,RESEARCH_REQUIRED,NO_SCRIPTED_RULER_AFTER_VFS_ISOLATION,UNKNOWN,NO,P2_MEDIUM,LOW,post-VFS static simulation; no surviving create_character ruler found,,,,,RESEARCH_MORE,UNRESOLVED_RULER_SLOT,descriptor replace_path common/history/characters
MJT,Majerteen,UNSCRIPTED_RULER_MJT,Engine-generated or unresolved ruler after VFS isolation,RULER_UNSCRIPTED,YES,NO,NO,NO,,,,,,,,,UNSCRIPTED_AFTER_VFS_ISOLATION,RESEARCH_REQUIRED,NO_SCRIPTED_RULER_AFTER_VFS_ISOLATION,UNKNOWN,NO,P2_MEDIUM,LOW,post-VFS static simulation; no surviving create_character ruler found,,,,,RESEARCH_MORE,UNRESOLVED_RULER_SLOT,descriptor replace_path common/history/characters
MKT,Miskitia,UNSCRIPTED_RULER_MKT,Engine-generated or unresolved ruler after VFS isolation,RULER_UNSCRIPTED,YES,NO,NO,NO,,,,,,,,,UNSCRIPTED_AFTER_VFS_ISOLATION,RESEARCH_REQUIRED,NO_SCRIPTED_RULER_AFTER_VFS_ISOLATION,UNKNOWN,NO,P2_MEDIUM,LOW,post-VFS static simulation; no surviving create_character ruler found,,,,,RESEARCH_MORE,UNRESOLVED_RULER_SLOT,descriptor replace_path common/history/characters
MLD,Maldives,UNSCRIPTED_RULER_MLD,Engine-generated or unresolved ruler after VFS isolation,RULER_UNSCRIPTED,YES,NO,NO,NO,,,,,,,,,UNSCRIPTED_AFTER_VFS_ISOLATION,RESEARCH_REQUIRED,NO_SCRIPTED_RULER_AFTER_VFS_ISOLATION,UNKNOWN,NO,P2_MEDIUM,LOW,post-VFS static simulation; no surviving create_character ruler found,,,,,RESEARCH_MORE,UNRESOLVED_RULER_SLOT,descriptor replace_path common/history/characters
MLT,Malta,UNSCRIPTED_RULER_MLT,Engine-generated or unresolved ruler after VFS isolation,RULER_UNSCRIPTED,YES,NO,NO,NO,,,,,,,,,UNSCRIPTED_AFTER_VFS_ISOLATION,RESEARCH_REQUIRED,NO_SCRIPTED_RULER_AFTER_VFS_ISOLATION,UNKNOWN,NO,P2_MEDIUM,LOW,post-VFS static simulation; no surviving create_character ruler found,,,,,RESEARCH_MORE,UNRESOLVED_RULER_SLOT,descriptor replace_path common/history/characters
MNB,Mangbetu,UNSCRIPTED_RULER_MNB,Engine-generated or unresolved ruler after VFS isolation,RULER_UNSCRIPTED,YES,NO,NO,NO,,,,,,,,,UNSCRIPTED_AFTER_VFS_ISOLATION,RESEARCH_REQUIRED,NO_SCRIPTED_RULER_AFTER_VFS_ISOLATION,UNKNOWN,NO,P2_MEDIUM,LOW,post-VFS static simulation; no surviving create_character ruler found,,,,,RESEARCH_MORE,UNRESOLVED_RULER_SLOT,descriptor replace_path common/history/characters
MNC,Manica,UNSCRIPTED_RULER_MNC,Engine-generated or unresolved ruler after VFS isolation,RULER_UNSCRIPTED,YES,NO,NO,NO,,,,,,,,,UNSCRIPTED_AFTER_VFS_ISOLATION,RESEARCH_REQUIRED,NO_SCRIPTED_RULER_AFTER_VFS_ISOLATION,UNKNOWN,NO,P2_MEDIUM,LOW,post-VFS static simulation; no surviving create_character ruler found,,,,,RESEARCH_MORE,UNRESOLVED_RULER_SLOT,descriptor replace_path common/history/characters
MND,Mindanao,UNSCRIPTED_RULER_MND,Engine-generated or unresolved ruler after VFS isolation,RULER_UNSCRIPTED,YES,NO,NO,NO,,,,,,,,,UNSCRIPTED_AFTER_VFS_ISOLATION,RESEARCH_REQUIRED,NO_SCRIPTED_RULER_AFTER_VFS_ISOLATION,UNKNOWN,NO,P2_MEDIUM,LOW,post-VFS static simulation; no surviving create_character ruler found,,,,,RESEARCH_MORE,UNRESOLVED_RULER_SLOT,descriptor replace_path common/history/characters
MOD,Modena,UNSCRIPTED_RULER_MOD,Engine-generated or unresolved ruler after VFS isolation,RULER_UNSCRIPTED,YES,NO,NO,NO,,,,,,,,,UNSCRIPTED_AFTER_VFS_ISOLATION,RESEARCH_REQUIRED,NO_SCRIPTED_RULER_AFTER_VFS_ISOLATION,UNKNOWN,NO,P2_MEDIUM,LOW,post-VFS static simulation; no surviving create_character ruler found,,,,,RESEARCH_MORE,UNRESOLVED_RULER_SLOT,descriptor replace_path common/history/characters
MOL,Moldavia,UNSCRIPTED_RULER_MOL,Engine-generated or unresolved ruler after VFS isolation,RULER_UNSCRIPTED,YES,NO,NO,NO,,,,,,,,,UNSCRIPTED_AFTER_VFS_ISOLATION,RESEARCH_REQUIRED,NO_SCRIPTED_RULER_AFTER_VFS_ISOLATION,UNKNOWN,NO,P2_MEDIUM,LOW,post-VFS static simulation; no surviving create_character ruler found,,,,,RESEARCH_MORE,UNRESOLVED_RULER_SLOT,descriptor replace_path common/history/characters
MON,Montenegro,UNSCRIPTED_RULER_MON,Engine-generated or unresolved ruler after VFS isolation,RULER_UNSCRIPTED,YES,NO,NO,NO,,,,,,,,,UNSCRIPTED_AFTER_VFS_ISOLATION,RESEARCH_REQUIRED,NO_SCRIPTED_RULER_AFTER_VFS_ISOLATION,UNKNOWN,NO,P2_MEDIUM,LOW,post-VFS static simulation; no surviving create_character ruler found,,,,,RESEARCH_MORE,UNRESOLVED_RULER_SLOT,descriptor replace_path common/history/characters
MOR,Morocco,UNSCRIPTED_RULER_MOR,Engine-generated or unresolved ruler after VFS isolation,RULER_UNSCRIPTED,YES,NO,NO,NO,,,,,,,,,UNSCRIPTED_AFTER_VFS_ISOLATION,RESEARCH_REQUIRED,NO_SCRIPTED_RULER_AFTER_VFS_ISOLATION,UNKNOWN,NO,P2_MEDIUM,LOW,post-VFS static simulation; no surviving create_character ruler found,,,,,RESEARCH_MORE,UNRESOLVED_RULER_SLOT,descriptor replace_path common/history/characters
MOS,Mossi,UNSCRIPTED_RULER_MOS,Engine-generated or unresolved ruler after VFS isolation,RULER_UNSCRIPTED,YES,NO,NO,NO,,,,,,,,,UNSCRIPTED_AFTER_VFS_ISOLATION,RESEARCH_REQUIRED,NO_SCRIPTED_RULER_AFTER_VFS_ISOLATION,UNKNOWN,NO,P2_MEDIUM,LOW,post-VFS static simulation; no surviving create_character ruler found,,,,,RESEARCH_MORE,UNRESOLVED_RULER_SLOT,descriptor replace_path common/history/characters
MRA,Mara,UNSCRIPTED_RULER_MRA,Engine-generated or unresolved ruler after VFS isolation,RULER_UNSCRIPTED,YES,NO,NO,NO,,,,,,,,,UNSCRIPTED_AFTER_VFS_ISOLATION,RESEARCH_REQUIRED,NO_SCRIPTED_RULER_AFTER_VFS_ISOLATION,UNKNOWN,NO,P2_MEDIUM,LOW,post-VFS static simulation; no surviving create_character ruler found,,,,,RESEARCH_MORE,UNRESOLVED_RULER_SLOT,descriptor replace_path common/history/characters
MRN,Mirning,UNSCRIPTED_RULER_MRN,Engine-generated or unresolved ruler after VFS isolation,RULER_UNSCRIPTED,YES,NO,NO,NO,,,,,,,,,UNSCRIPTED_AFTER_VFS_ISOLATION,RESEARCH_REQUIRED,NO_SCRIPTED_RULER_AFTER_VFS_ISOLATION,UNKNOWN,NO,P2_MEDIUM,LOW,post-VFS static simulation; no surviving create_character ruler found,,,,,RESEARCH_MORE,UNRESOLVED_RULER_SLOT,descriptor replace_path common/history/characters
MRV,Maravi,UNSCRIPTED_RULER_MRV,Engine-generated or unresolved ruler after VFS isolation,RULER_UNSCRIPTED,YES,NO,NO,NO,,,,,,,,,UNSCRIPTED_AFTER_VFS_ISOLATION,RESEARCH_REQUIRED,NO_SCRIPTED_RULER_AFTER_VFS_ISOLATION,UNKNOWN,NO,P2_MEDIUM,LOW,post-VFS static simulation; no surviving create_character ruler found,,,,,RESEARCH_MORE,UNRESOLVED_RULER_SLOT,descriptor replace_path common/history/characters
MSH,Mashona,UNSCRIPTED_RULER_MSH,Engine-generated or unresolved ruler after VFS isolation,RULER_UNSCRIPTED,YES,NO,NO,NO,,,,,,,,,UNSCRIPTED_AFTER_VFS_ISOLATION,RESEARCH_REQUIRED,NO_SCRIPTED_RULER_AFTER_VFS_ISOLATION,UNKNOWN,NO,P2_MEDIUM,LOW,post-VFS static simulation; no surviving create_character ruler found,,,,,RESEARCH_MORE,UNRESOLVED_RULER_SLOT,descriptor replace_path common/history/characters
MSI,Masai,UNSCRIPTED_RULER_MSI,Engine-generated or unresolved ruler after VFS isolation,RULER_UNSCRIPTED,YES,NO,NO,NO,,,,,,,,,UNSCRIPTED_AFTER_VFS_ISOLATION,RESEARCH_REQUIRED,NO_SCRIPTED_RULER_AFTER_VFS_ISOLATION,UNKNOWN,NO,P2_MEDIUM,LOW,post-VFS static simulation; no surviving create_character ruler found,,,,,RESEARCH_MORE,UNRESOLVED_RULER_SLOT,descriptor replace_path common/history/characters
MSK,Maseko,UNSCRIPTED_RULER_MSK,Engine-generated or unresolved ruler after VFS isolation,RULER_UNSCRIPTED,YES,NO,NO,NO,,,,,,,,,UNSCRIPTED_AFTER_VFS_ISOLATION,RESEARCH_REQUIRED,NO_SCRIPTED_RULER_AFTER_VFS_ISOLATION,UNKNOWN,NO,P2_MEDIUM,LOW,post-VFS static simulation; no surviving create_character ruler found,,,,,RESEARCH_MORE,UNRESOLVED_RULER_SLOT,descriptor replace_path common/history/characters
MSN,Massina,UNSCRIPTED_RULER_MSN,Engine-generated or unresolved ruler after VFS isolation,RULER_UNSCRIPTED,YES,NO,NO,NO,,,,,,,,,UNSCRIPTED_AFTER_VFS_ISOLATION,RESEARCH_REQUIRED,NO_SCRIPTED_RULER_AFTER_VFS_ISOLATION,UNKNOWN,NO,P2_MEDIUM,LOW,post-VFS static simulation; no surviving create_character ruler found,,,,,RESEARCH_MORE,UNRESOLVED_RULER_SLOT,descriptor replace_path common/history/characters
MST,Mecklenburg-Strelitz,UNSCRIPTED_RULER_MST,Engine-generated or unresolved ruler after VFS isolation,RULER_UNSCRIPTED,YES,NO,NO,NO,,,,,,,,,UNSCRIPTED_AFTER_VFS_ISOLATION,RESEARCH_REQUIRED,NO_SCRIPTED_RULER_AFTER_VFS_ISOLATION,UNKNOWN,NO,P2_MEDIUM,LOW,post-VFS static simulation; no surviving create_character ruler found,,,,,RESEARCH_MORE,UNRESOLVED_RULER_SLOT,descriptor replace_path common/history/characters
MTB,Ndebele,UNSCRIPTED_RULER_MTB,Engine-generated or unresolved ruler after VFS isolation,RULER_UNSCRIPTED,YES,NO,NO,NO,,,,,,,,,UNSCRIPTED_AFTER_VFS_ISOLATION,RESEARCH_REQUIRED,NO_SCRIPTED_RULER_AFTER_VFS_ISOLATION,UNKNOWN,NO,P2_MEDIUM,LOW,post-VFS static simulation; no surviving create_character ruler found,,,,,RESEARCH_MORE,UNRESOLVED_RULER_SLOT,descriptor replace_path common/history/characters
MTP,Mutapa,UNSCRIPTED_RULER_MTP,Engine-generated or unresolved ruler after VFS isolation,RULER_UNSCRIPTED,YES,NO,NO,NO,,,,,,,,,UNSCRIPTED_AFTER_VFS_ISOLATION,RESEARCH_REQUIRED,NO_SCRIPTED_RULER_AFTER_VFS_ISOLATION,UNKNOWN,NO,P2_MEDIUM,LOW,post-VFS static simulation; no surviving create_character ruler found,,,,,RESEARCH_MORE,UNRESOLVED_RULER_SLOT,descriptor replace_path common/history/characters
MUG,Hindustan,UNSCRIPTED_RULER_MUG,Engine-generated or unresolved ruler after VFS isolation,RULER_UNSCRIPTED,YES,NO,NO,NO,,,,,,,,,UNSCRIPTED_AFTER_VFS_ISOLATION,Shah Alam II (nominal Mughal emperor),NO_SCRIPTED_RULER_AFTER_VFS_ISOLATION,UNKNOWN,NO,P2_MEDIUM,HIGH,post-VFS static simulation; no surviving create_character ruler found,,,https://searcharchives.bl.uk/catalog/040-003270088,,RESEARCH_MORE,UNRESOLVED_RULER_SLOT,descriptor replace_path common/history/characters
MYS,Mysore,UNSCRIPTED_RULER_MYS,Engine-generated or unresolved ruler after VFS isolation,RULER_UNSCRIPTED,YES,NO,NO,NO,,,,,,,,,UNSCRIPTED_AFTER_VFS_ISOLATION,RESEARCH_REQUIRED,NO_SCRIPTED_RULER_AFTER_VFS_ISOLATION,UNKNOWN,NO,P2_MEDIUM,LOW,post-VFS static simulation; no surviving create_character ruler found,,,,,RESEARCH_MORE,UNRESOLVED_RULER_SLOT,descriptor replace_path common/history/characters
MZB,Mzab,UNSCRIPTED_RULER_MZB,Engine-generated or unresolved ruler after VFS isolation,RULER_UNSCRIPTED,YES,NO,NO,NO,,,,,,,,,UNSCRIPTED_AFTER_VFS_ISOLATION,RESEARCH_REQUIRED,NO_SCRIPTED_RULER_AFTER_VFS_ISOLATION,UNKNOWN,NO,P2_MEDIUM,LOW,post-VFS static simulation; no surviving create_character ruler found,,,,,RESEARCH_MORE,UNRESOLVED_RULER_SLOT,descriptor replace_path common/history/characters
NAG,Nagpur,UNSCRIPTED_RULER_NAG,Engine-generated or unresolved ruler after VFS isolation,RULER_UNSCRIPTED,YES,NO,NO,NO,,,,,,,,,UNSCRIPTED_AFTER_VFS_ISOLATION,RESEARCH_REQUIRED,NO_SCRIPTED_RULER_AFTER_VFS_ISOLATION,UNKNOWN,NO,P2_MEDIUM,LOW,post-VFS static simulation; no surviving create_character ruler found,,,,,RESEARCH_MORE,UNRESOLVED_RULER_SLOT,descriptor replace_path common/history/characters
NAM,Nama,UNSCRIPTED_RULER_NAM,Engine-generated or unresolved ruler after VFS isolation,RULER_UNSCRIPTED,YES,NO,NO,NO,,,,,,,,,UNSCRIPTED_AFTER_VFS_ISOLATION,RESEARCH_REQUIRED,NO_SCRIPTED_RULER_AFTER_VFS_ISOLATION,UNKNOWN,NO,P2_MEDIUM,LOW,post-VFS static simulation; no surviving create_character ruler found,,,,,RESEARCH_MORE,UNRESOLVED_RULER_SLOT,descriptor replace_path common/history/characters
NAS,Nassau,UNSCRIPTED_RULER_NAS,Engine-generated or unresolved ruler after VFS isolation,RULER_UNSCRIPTED,YES,NO,NO,NO,,,,,,,,,UNSCRIPTED_AFTER_VFS_ISOLATION,RESEARCH_REQUIRED,NO_SCRIPTED_RULER_AFTER_VFS_ISOLATION,UNKNOWN,NO,P2_MEDIUM,LOW,post-VFS static simulation; no surviving create_character ruler found,,,,,RESEARCH_MORE,UNRESOLVED_RULER_SLOT,descriptor replace_path common/history/characters
NBB,Nejd,UNSCRIPTED_RULER_NBB,Engine-generated or unresolved ruler after VFS isolation,RULER_UNSCRIPTED,YES,NO,NO,NO,,,,,,,,,UNSCRIPTED_AFTER_VFS_ISOLATION,RESEARCH_REQUIRED,NO_SCRIPTED_RULER_AFTER_VFS_ISOLATION,UNKNOWN,NO,P2_MEDIUM,LOW,post-VFS static simulation; no surviving create_character ruler found,,,,,RESEARCH_MORE,UNRESOLVED_RULER_SLOT,descriptor replace_path common/history/characters
NBS,New Brunswick,UNSCRIPTED_RULER_NBS,Engine-generated or unresolved ruler after VFS isolation,RULER_UNSCRIPTED,YES,NO,NO,NO,,,,,,,,,UNSCRIPTED_AFTER_VFS_ISOLATION,RESEARCH_REQUIRED,NO_SCRIPTED_RULER_AFTER_VFS_ISOLATION,UNKNOWN,NO,P2_MEDIUM,LOW,post-VFS static simulation; no surviving create_character ruler found,,,,,RESEARCH_MORE,UNRESOLVED_RULER_SLOT,descriptor replace_path common/history/characters
NEP,Nepal,UNSCRIPTED_RULER_NEP,Engine-generated or unresolved ruler after VFS isolation,RULER_UNSCRIPTED,YES,NO,NO,NO,,,,,,,,,UNSCRIPTED_AFTER_VFS_ISOLATION,RESEARCH_REQUIRED,NO_SCRIPTED_RULER_AFTER_VFS_ISOLATION,UNKNOWN,NO,P2_MEDIUM,LOW,post-VFS static simulation; no surviving create_character ruler found,,,,,RESEARCH_MORE,UNRESOLVED_RULER_SLOT,descriptor replace_path common/history/characters
NET,Netherlands,UNSCRIPTED_RULER_NET,Engine-generated or unresolved ruler after VFS isolation,RULER_UNSCRIPTED,YES,NO,NO,NO,,,,,,,,,UNSCRIPTED_AFTER_VFS_ISOLATION,RESEARCH_REQUIRED,NO_SCRIPTED_RULER_AFTER_VFS_ISOLATION,UNKNOWN,NO,P2_MEDIUM,LOW,post-VFS static simulation; no surviving create_character ruler found,,,,,RESEARCH_MORE,UNRESOLVED_RULER_SLOT,descriptor replace_path common/history/characters
NGA,Naga,UNSCRIPTED_RULER_NGA,Engine-generated or unresolved ruler after VFS isolation,RULER_UNSCRIPTED,YES,NO,NO,NO,,,,,,,,,UNSCRIPTED_AFTER_VFS_ISOLATION,RESEARCH_REQUIRED,NO_SCRIPTED_RULER_AFTER_VFS_ISOLATION,UNKNOWN,NO,P2_MEDIUM,LOW,post-VFS static simulation; no surviving create_character ruler found,,,,,RESEARCH_MORE,UNRESOLVED_RULER_SLOT,descriptor replace_path common/history/characters
NNG,Noongar,UNSCRIPTED_RULER_NNG,Engine-generated or unresolved ruler after VFS isolation,RULER_UNSCRIPTED,YES,NO,NO,NO,,,,,,,,,UNSCRIPTED_AFTER_VFS_ISOLATION,RESEARCH_REQUIRED,NO_SCRIPTED_RULER_AFTER_VFS_ISOLATION,UNKNOWN,NO,P2_MEDIUM,LOW,post-VFS static simulation; no surviving create_character ruler found,,,,,RESEARCH_MORE,UNRESOLVED_RULER_SLOT,descriptor replace_path common/history/characters
NRU,Nauru,UNSCRIPTED_RULER_NRU,Engine-generated or unresolved ruler after VFS isolation,RULER_UNSCRIPTED,YES,NO,NO,NO,,,,,,,,,UNSCRIPTED_AFTER_VFS_ISOLATION,RESEARCH_REQUIRED,NO_SCRIPTED_RULER_AFTER_VFS_ISOLATION,UNKNOWN,NO,P2_MEDIUM,LOW,post-VFS static simulation; no surviving create_character ruler found,,,,,RESEARCH_MORE,UNRESOLVED_RULER_SLOT,descriptor replace_path common/history/characters
NTO,Ngāti Toa,UNSCRIPTED_RULER_NTO,Engine-generated or unresolved ruler after VFS isolation,RULER_UNSCRIPTED,YES,NO,NO,NO,,,,,,,,,UNSCRIPTED_AFTER_VFS_ISOLATION,RESEARCH_REQUIRED,NO_SCRIPTED_RULER_AFTER_VFS_ISOLATION,UNKNOWN,NO,P2_MEDIUM,LOW,post-VFS static simulation; no surviving create_character ruler found,,,,,RESEARCH_MORE,UNRESOLVED_RULER_SLOT,descriptor replace_path common/history/characters
NTU,Ngāi Tahu,UNSCRIPTED_RULER_NTU,Engine-generated or unresolved ruler after VFS isolation,RULER_UNSCRIPTED,YES,NO,NO,NO,,,,,,,,,UNSCRIPTED_AFTER_VFS_ISOLATION,RESEARCH_REQUIRED,NO_SCRIPTED_RULER_AFTER_VFS_ISOLATION,UNKNOWN,NO,P2_MEDIUM,LOW,post-VFS static simulation; no surviving create_character ruler found,,,,,RESEARCH_MORE,UNRESOLVED_RULER_SLOT,descriptor replace_path common/history/characters
NUE,Nuer,UNSCRIPTED_RULER_NUE,Engine-generated or unresolved ruler after VFS isolation,RULER_UNSCRIPTED,YES,NO,NO,NO,,,,,,,,,UNSCRIPTED_AFTER_VFS_ISOLATION,RESEARCH_REQUIRED,NO_SCRIPTED_RULER_AFTER_VFS_ISOLATION,UNKNOWN,NO,P2_MEDIUM,LOW,post-VFS static simulation; no surviving create_character ruler found,,,,,RESEARCH_MORE,UNRESOLVED_RULER_SLOT,descriptor replace_path common/history/characters
NVJ,Navajo,UNSCRIPTED_RULER_NVJ,Engine-generated or unresolved ruler after VFS isolation,RULER_UNSCRIPTED,YES,NO,NO,NO,,,,,,,,,UNSCRIPTED_AFTER_VFS_ISOLATION,RESEARCH_REQUIRED,NO_SCRIPTED_RULER_AFTER_VFS_ISOLATION,UNKNOWN,NO,P2_MEDIUM,LOW,post-VFS static simulation; no surviving create_character ruler found,,,,,RESEARCH_MORE,UNRESOLVED_RULER_SLOT,descriptor replace_path common/history/characters
NVS,Nova Scotia,UNSCRIPTED_RULER_NVS,Engine-generated or unresolved ruler after VFS isolation,RULER_UNSCRIPTED,YES,NO,NO,NO,,,,,,,,,UNSCRIPTED_AFTER_VFS_ISOLATION,RESEARCH_REQUIRED,NO_SCRIPTED_RULER_AFTER_VFS_ISOLATION,UNKNOWN,NO,P2_MEDIUM,LOW,post-VFS static simulation; no surviving create_character ruler found,,,,,RESEARCH_MORE,UNRESOLVED_RULER_SLOT,descriptor replace_path common/history/characters
NYM,Unyamwezi,UNSCRIPTED_RULER_NYM,Engine-generated or unresolved ruler after VFS isolation,RULER_UNSCRIPTED,YES,NO,NO,NO,,,,,,,,,UNSCRIPTED_AFTER_VFS_ISOLATION,RESEARCH_REQUIRED,NO_SCRIPTED_RULER_AFTER_VFS_ISOLATION,UNKNOWN,NO,P2_MEDIUM,LOW,post-VFS static simulation; no surviving create_character ruler found,,,,,RESEARCH_MORE,UNRESOLVED_RULER_SLOT,descriptor replace_path common/history/characters
NYP,Ngumpin-Yapa,UNSCRIPTED_RULER_NYP,Engine-generated or unresolved ruler after VFS isolation,RULER_UNSCRIPTED,YES,NO,NO,NO,,,,,,,,,UNSCRIPTED_AFTER_VFS_ISOLATION,RESEARCH_REQUIRED,NO_SCRIPTED_RULER_AFTER_VFS_ISOLATION,UNKNOWN,NO,P2_MEDIUM,LOW,post-VFS static simulation; no surviving create_character ruler found,,,,,RESEARCH_MORE,UNRESOLVED_RULER_SLOT,descriptor replace_path common/history/characters
NZP,Nimíipuu,UNSCRIPTED_RULER_NZP,Engine-generated or unresolved ruler after VFS isolation,RULER_UNSCRIPTED,YES,NO,NO,NO,,,,,,,,,UNSCRIPTED_AFTER_VFS_ISOLATION,RESEARCH_REQUIRED,NO_SCRIPTED_RULER_AFTER_VFS_ISOLATION,UNKNOWN,NO,P2_MEDIUM,LOW,post-VFS static simulation; no surviving create_character ruler found,,,,,RESEARCH_MORE,UNRESOLVED_RULER_SLOT,descriptor replace_path common/history/characters
OLD,Oldenburg,UNSCRIPTED_RULER_OLD,Engine-generated or unresolved ruler after VFS isolation,RULER_UNSCRIPTED,YES,NO,NO,NO,,,,,,,,,UNSCRIPTED_AFTER_VFS_ISOLATION,RESEARCH_REQUIRED,NO_SCRIPTED_RULER_AFTER_VFS_ISOLATION,UNKNOWN,NO,P2_MEDIUM,LOW,post-VFS static simulation; no surviving create_character ruler found,,,,,RESEARCH_MORE,UNRESOLVED_RULER_SLOT,descriptor replace_path common/history/characters
OMA,Oman,UNSCRIPTED_RULER_OMA,Engine-generated or unresolved ruler after VFS isolation,RULER_UNSCRIPTED,YES,NO,NO,NO,,,,,,,,,UNSCRIPTED_AFTER_VFS_ISOLATION,RESEARCH_REQUIRED,NO_SCRIPTED_RULER_AFTER_VFS_ISOLATION,UNKNOWN,NO,P2_MEDIUM,LOW,post-VFS static simulation; no surviving create_character ruler found,,,,,RESEARCH_MORE,UNRESOLVED_RULER_SLOT,descriptor replace_path common/history/characters
ONT,Ontario,UNSCRIPTED_RULER_ONT,Engine-generated or unresolved ruler after VFS isolation,RULER_UNSCRIPTED,YES,NO,NO,NO,,,,,,,,,UNSCRIPTED_AFTER_VFS_ISOLATION,RESEARCH_REQUIRED,NO_SCRIPTED_RULER_AFTER_VFS_ISOLATION,UNKNOWN,NO,P2_MEDIUM,LOW,post-VFS static simulation; no surviving create_character ruler found,,,,,RESEARCH_MORE,UNRESOLVED_RULER_SLOT,descriptor replace_path common/history/characters
ORA,Oranje,UNSCRIPTED_RULER_ORA,Engine-generated or unresolved ruler after VFS isolation,RULER_UNSCRIPTED,YES,NO,NO,NO,,,,,,,,,UNSCRIPTED_AFTER_VFS_ISOLATION,RESEARCH_REQUIRED,NO_SCRIPTED_RULER_AFTER_VFS_ISOLATION,UNKNOWN,NO,P2_MEDIUM,LOW,post-VFS static simulation; no surviving create_character ruler found,,,,,RESEARCH_MORE,UNRESOLVED_RULER_SLOT,descriptor replace_path common/history/characters
ORM,Orma,UNSCRIPTED_RULER_ORM,Engine-generated or unresolved ruler after VFS isolation,RULER_UNSCRIPTED,YES,NO,NO,NO,,,,,,,,,UNSCRIPTED_AFTER_VFS_ISOLATION,RESEARCH_REQUIRED,NO_SCRIPTED_RULER_AFTER_VFS_ISOLATION,UNKNOWN,NO,P2_MEDIUM,LOW,post-VFS static simulation; no surviving create_character ruler found,,,,,RESEARCH_MORE,UNRESOLVED_RULER_SLOT,descriptor replace_path common/history/characters
OUA,Tagant,UNSCRIPTED_RULER_OUA,Engine-generated or unresolved ruler after VFS isolation,RULER_UNSCRIPTED,YES,NO,NO,NO,,,,,,,,,UNSCRIPTED_AFTER_VFS_ISOLATION,RESEARCH_REQUIRED,NO_SCRIPTED_RULER_AFTER_VFS_ISOLATION,UNKNOWN,NO,P2_MEDIUM,LOW,post-VFS static simulation; no surviving create_character ruler found,,,,,RESEARCH_MORE,UNRESOLVED_RULER_SLOT,descriptor replace_path common/history/characters
OVB,Ovambo,UNSCRIPTED_RULER_OVB,Engine-generated or unresolved ruler after VFS isolation,RULER_UNSCRIPTED,YES,NO,NO,NO,,,,,,,,,UNSCRIPTED_AFTER_VFS_ISOLATION,RESEARCH_REQUIRED,NO_SCRIPTED_RULER_AFTER_VFS_ISOLATION,UNKNOWN,NO,P2_MEDIUM,LOW,post-VFS static simulation; no surviving create_character ruler found,,,,,RESEARCH_MORE,UNRESOLVED_RULER_SLOT,descriptor replace_path common/history/characters
OVM,Ovimbundu,UNSCRIPTED_RULER_OVM,Engine-generated or unresolved ruler after VFS isolation,RULER_UNSCRIPTED,YES,NO,NO,NO,,,,,,,,,UNSCRIPTED_AFTER_VFS_ISOLATION,RESEARCH_REQUIRED,NO_SCRIPTED_RULER_AFTER_VFS_ISOLATION,UNKNOWN,NO,P2_MEDIUM,LOW,post-VFS static simulation; no surviving create_character ruler found,,,,,RESEARCH_MORE,UNRESOLVED_RULER_SLOT,descriptor replace_path common/history/characters
OYO,Oyo,UNSCRIPTED_RULER_OYO,Engine-generated or unresolved ruler after VFS isolation,RULER_UNSCRIPTED,YES,NO,NO,NO,,,,,,,,,UNSCRIPTED_AFTER_VFS_ISOLATION,RESEARCH_REQUIRED,NO_SCRIPTED_RULER_AFTER_VFS_ISOLATION,UNKNOWN,NO,P2_MEDIUM,LOW,post-VFS static simulation; no surviving create_character ruler found,,,,,RESEARCH_MORE,UNRESOLVED_RULER_SLOT,descriptor replace_path common/history/characters
OZH,Orta Zhuz,UNSCRIPTED_RULER_OZH,Engine-generated or unresolved ruler after VFS isolation,RULER_UNSCRIPTED,YES,NO,NO,NO,,,,,,,,,UNSCRIPTED_AFTER_VFS_ISOLATION,RESEARCH_REQUIRED,NO_SCRIPTED_RULER_AFTER_VFS_ISOLATION,UNKNOWN,NO,P2_MEDIUM,LOW,post-VFS static simulation; no surviving create_character ruler found,,,,,RESEARCH_MORE,UNRESOLVED_RULER_SLOT,descriptor replace_path common/history/characters
PAA,Paakintyi,UNSCRIPTED_RULER_PAA,Engine-generated or unresolved ruler after VFS isolation,RULER_UNSCRIPTED,YES,NO,NO,NO,,,,,,,,,UNSCRIPTED_AFTER_VFS_ISOLATION,RESEARCH_REQUIRED,NO_SCRIPTED_RULER_AFTER_VFS_ISOLATION,UNKNOWN,NO,P2_MEDIUM,LOW,post-VFS static simulation; no surviving create_character ruler found,,,,,RESEARCH_MORE,UNRESOLVED_RULER_SLOT,descriptor replace_path common/history/characters
PAN,Punjab,inline_PAN_05_military_formations_india_89,Alexander Gardner,GENERAL,NO,NO,YES,NO,,,51,,,region_north_india,cu:yankee,,YES,UNVERIFIED,NONE,APPROXIMATION_NOT_DOCUMENTED,NO,OK,MEDIUM,common/history/military_formations/05_military_formations_india.txt,89,,,,KEEP,RETAINED_START_INSTANCE,descriptor replace_path common/history/characters
PAN,Punjab,UNSCRIPTED_RULER_PAN,Engine-generated or unresolved ruler after VFS isolation,RULER_UNSCRIPTED,YES,NO,NO,NO,,,,,,,,,UNSCRIPTED_AFTER_VFS_ISOLATION,RESEARCH_REQUIRED,NO_SCRIPTED_RULER_AFTER_VFS_ISOLATION,UNKNOWN,NO,P2_MEDIUM,LOW,post-VFS static simulation; no surviving create_character ruler found,,,,,RESEARCH_MORE,UNRESOLVED_RULER_SLOT,descriptor replace_path common/history/characters
PAP,Rome,UNSCRIPTED_RULER_PAP,Engine-generated or unresolved ruler after VFS isolation,RULER_UNSCRIPTED,YES,NO,NO,NO,,,,,,,,,UNSCRIPTED_AFTER_VFS_ISOLATION,RESEARCH_REQUIRED,NO_SCRIPTED_RULER_AFTER_VFS_ISOLATION,UNKNOWN,NO,P2_MEDIUM,LOW,post-VFS static simulation; no surviving create_character ruler found,,,,,RESEARCH_MORE,UNRESOLVED_RULER_SLOT,descriptor replace_path common/history/characters
PAR,Parma,UNSCRIPTED_RULER_PAR,Engine-generated or unresolved ruler after VFS isolation,RULER_UNSCRIPTED,YES,NO,NO,NO,,,,,,,,,UNSCRIPTED_AFTER_VFS_ISOLATION,RESEARCH_REQUIRED,NO_SCRIPTED_RULER_AFTER_VFS_ISOLATION,UNKNOWN,NO,P2_MEDIUM,LOW,post-VFS static simulation; no surviving create_character ruler found,,,,,RESEARCH_MORE,UNRESOLVED_RULER_SLOT,descriptor replace_path common/history/characters
PAT,Mapuche,UNSCRIPTED_RULER_PAT,Engine-generated or unresolved ruler after VFS isolation,RULER_UNSCRIPTED,YES,NO,NO,NO,,,,,,,,,UNSCRIPTED_AFTER_VFS_ISOLATION,RESEARCH_REQUIRED,NO_SCRIPTED_RULER_AFTER_VFS_ISOLATION,UNKNOWN,NO,P2_MEDIUM,LOW,post-VFS static simulation; no surviving create_character ruler found,,,,,RESEARCH_MORE,UNRESOLVED_RULER_SLOT,descriptor replace_path common/history/characters
PCO,Puerto Rico,UNSCRIPTED_RULER_PCO,Engine-generated or unresolved ruler after VFS isolation,RULER_UNSCRIPTED,YES,NO,NO,NO,,,,,,,,,UNSCRIPTED_AFTER_VFS_ISOLATION,RESEARCH_REQUIRED,NO_SCRIPTED_RULER_AFTER_VFS_ISOLATION,UNKNOWN,NO,P2_MEDIUM,LOW,post-VFS static simulation; no surviving create_character ruler found,,,,,RESEARCH_MORE,UNRESOLVED_RULER_SLOT,descriptor replace_path common/history/characters
PDI,Pedi,UNSCRIPTED_RULER_PDI,Engine-generated or unresolved ruler after VFS isolation,RULER_UNSCRIPTED,YES,NO,NO,NO,,,,,,,,,UNSCRIPTED_AFTER_VFS_ISOLATION,RESEARCH_REQUIRED,NO_SCRIPTED_RULER_AFTER_VFS_ISOLATION,UNKNOWN,NO,P2_MEDIUM,LOW,post-VFS static simulation; no surviving create_character ruler found,,,,,RESEARCH_MORE,UNRESOLVED_RULER_SLOT,descriptor replace_path common/history/characters
PER,Persia,inline_PER_per - persia_6,Mohammad-Ali Zand,HEIR,NO,NO,NO,NO,HEIR,1760.10.10,,15,,,primary_culture,,YES,UNVERIFIED,NONE,EXACT_DATE_WEAKLY_SOURCED,NO,OK,MEDIUM,common/history/characters/per - persia.txt,6,,,,KEEP,RETAINED_START_INSTANCE,descriptor replace_path common/history/characters
PER,Persia,per_karim_khand_zand_template,Karim Zand,RULER;GENERAL,YES,NO,YES,NO,,1705.1.5,,70,,,primary_culture,,CORRECT_BUT_DATE_UNCERTAIN,Karim Khan Zand (vakil),FALSE_PRECISION_RISK,EXACT_DATE_WEAKLY_SOURCED,NO,P3_LOW,MEDIUM,common/history/characters/per - persia.txt,3,common/character_templates/country_per.txt:3,,,USE_DOCUMENTED_APPROXIMATE_AGE,RETAINED_START_INSTANCE,descriptor replace_path common/history/characters
PHI,Philippines,UNSCRIPTED_RULER_PHI,Engine-generated or unresolved ruler after VFS isolation,RULER_UNSCRIPTED,YES,NO,NO,NO,,,,,,,,,UNSCRIPTED_AFTER_VFS_ISOLATION,RESEARCH_REQUIRED,NO_SCRIPTED_RULER_AFTER_VFS_ISOLATION,UNKNOWN,NO,P2_MEDIUM,LOW,post-VFS static simulation; no surviving create_character ruler found,,,,,RESEARCH_MORE,UNRESOLVED_RULER_SLOT,descriptor replace_path common/history/characters
PHL,Philippolis,UNSCRIPTED_RULER_PHL,Engine-generated or unresolved ruler after VFS isolation,RULER_UNSCRIPTED,YES,NO,NO,NO,,,,,,,,,UNSCRIPTED_AFTER_VFS_ISOLATION,RESEARCH_REQUIRED,NO_SCRIPTED_RULER_AFTER_VFS_ISOLATION,UNKNOWN,NO,P2_MEDIUM,LOW,post-VFS static simulation; no surviving create_character ruler found,,,,,RESEARCH_MORE,UNRESOLVED_RULER_SLOT,descriptor replace_path common/history/characters
PLC,Poland-Lithuania,inline_PLC_00_military_formations_europe_92,Piotr von Zieten,GENERAL,NO,NO,YES,NO,,,36,,,region_eastern_europe,cu:polish,,YES,UNVERIFIED,NONE,APPROXIMATION_NOT_DOCUMENTED,NO,OK,MEDIUM,common/history/military_formations/00_military_formations_europe.txt,92,,,,KEEP,RETAINED_START_INSTANCE,descriptor replace_path common/history/characters
PLC,Poland-Lithuania,PLC_Stanislaw,Stanislaw August Poniatowski,RULER,YES,NO,NO,NO,,1732.1.7,,43,,,cu:polish,,CORRECT_BUT_WRONG_DATE,Stanisław II August,WRONG_EXACT_BIRTH_DATE,EXACT_DATE_CONFLICT_WITH_SOURCE,NO,P2_MEDIUM,HIGH,common/history/characters/plc - poland lithuania.txt,3,common/character_templates/country_plc.txt:1,https://www.britannica.com/biography/Stanislaw-II-August-Poniatowski,,FIX_AGE,RETAINED_START_INSTANCE,descriptor replace_path common/history/characters
PLY,Tahiti,UNSCRIPTED_RULER_PLY,Engine-generated or unresolved ruler after VFS isolation,RULER_UNSCRIPTED,YES,NO,NO,NO,,,,,,,,,UNSCRIPTED_AFTER_VFS_ISOLATION,RESEARCH_REQUIRED,NO_SCRIPTED_RULER_AFTER_VFS_ISOLATION,UNKNOWN,NO,P2_MEDIUM,LOW,post-VFS static simulation; no surviving create_character ruler found,,,,,RESEARCH_MORE,UNRESOLVED_RULER_SLOT,descriptor replace_path common/history/characters
PMA,Pama,UNSCRIPTED_RULER_PMA,Engine-generated or unresolved ruler after VFS isolation,RULER_UNSCRIPTED,YES,NO,NO,NO,,,,,,,,,UNSCRIPTED_AFTER_VFS_ISOLATION,RESEARCH_REQUIRED,NO_SCRIPTED_RULER_AFTER_VFS_ISOLATION,UNKNOWN,NO,P2_MEDIUM,LOW,post-VFS static simulation; no surviving create_character ruler found,,,,,RESEARCH_MORE,UNRESOLVED_RULER_SLOT,descriptor replace_path common/history/characters
PON,Pontianak,UNSCRIPTED_RULER_PON,Engine-generated or unresolved ruler after VFS isolation,RULER_UNSCRIPTED,YES,NO,NO,NO,,,,,,,,,UNSCRIPTED_AFTER_VFS_ISOLATION,RESEARCH_REQUIRED,NO_SCRIPTED_RULER_AFTER_VFS_ISOLATION,UNKNOWN,NO,P2_MEDIUM,LOW,post-VFS static simulation; no surviving create_character ruler found,,,,,RESEARCH_MORE,UNRESOLVED_RULER_SLOT,descriptor replace_path common/history/characters
POR,Portugal,UNSCRIPTED_RULER_POR,Engine-generated or unresolved ruler after VFS isolation,RULER_UNSCRIPTED,YES,NO,NO,NO,,,,,,,,,UNSCRIPTED_AFTER_VFS_ISOLATION,José I of Portugal,NO_SCRIPTED_RULER_AFTER_VFS_ISOLATION,UNKNOWN,NO,P2_MEDIUM,HIGH,post-VFS static simulation; no surviving create_character ruler found,,,https://www.parlamento.pt/VisitaParlamento/Paginas/BiogDJose.aspx,https://www.encyclopedia.com/humanities/encyclopedias-almanacs-transcripts-and-maps/jose-i-portugal-1714-1777,RESEARCH_MORE,UNRESOLVED_RULER_SLOT,descriptor replace_path common/history/characters
PPU,Papua,UNSCRIPTED_RULER_PPU,Engine-generated or unresolved ruler after VFS isolation,RULER_UNSCRIPTED,YES,NO,NO,NO,,,,,,,,,UNSCRIPTED_AFTER_VFS_ISOLATION,RESEARCH_REQUIRED,NO_SCRIPTED_RULER_AFTER_VFS_ISOLATION,UNKNOWN,NO,P2_MEDIUM,LOW,post-VFS static simulation; no surviving create_character ruler found,,,,,RESEARCH_MORE,UNRESOLVED_RULER_SLOT,descriptor replace_path common/history/characters
PRK,Perak,UNSCRIPTED_RULER_PRK,Engine-generated or unresolved ruler after VFS isolation,RULER_UNSCRIPTED,YES,NO,NO,NO,,,,,,,,,UNSCRIPTED_AFTER_VFS_ISOLATION,RESEARCH_REQUIRED,NO_SCRIPTED_RULER_AFTER_VFS_ISOLATION,UNKNOWN,NO,P2_MEDIUM,LOW,post-VFS static simulation; no surviving create_character ruler found,,,,,RESEARCH_MORE,UNRESOLVED_RULER_SLOT,descriptor replace_path common/history/characters
PRU,Prussia,inline_PRU_00_military_formations_europe_460,Hans Ernst Karl von Zieten,GENERAL,NO,NO,YES,NO,,,66,,,region_eastern_europe,,,YES,UNVERIFIED,NONE,APPROXIMATION_NOT_DOCUMENTED,NO,OK,MEDIUM,common/history/military_formations/00_military_formations_europe.txt,460,,,,KEEP,RETAINED_START_INSTANCE,descriptor replace_path common/history/characters
PRU,Prussia,inline_PRU_00_military_formations_europe_400,Helmuth von Moltke,GENERAL,NO,NO,YES,NO,,,36,,,region_central_europe,,,YES,UNVERIFIED,NONE,APPROXIMATION_NOT_DOCUMENTED,NO,OK,MEDIUM,common/history/military_formations/00_military_formations_europe.txt,400,,,,KEEP,RETAINED_START_INSTANCE,descriptor replace_path common/history/characters
PRU,Prussia,inline_PRU_00_military_formations_europe_350,Wilhelm von Krauseneck,GENERAL,NO,NO,YES,NO,,,62,,,region_western_europe,,,YES,UNVERIFIED,NONE,APPROXIMATION_NOT_DOCUMENTED,NO,OK,MEDIUM,common/history/military_formations/00_military_formations_europe.txt,350,,,,KEEP,RETAINED_START_INSTANCE,descriptor replace_path common/history/characters
PRU,Prussia,UNSCRIPTED_RULER_PRU,Engine-generated or unresolved ruler after VFS isolation,RULER_UNSCRIPTED,YES,NO,NO,NO,,,,,,,,,UNSCRIPTED_AFTER_VFS_ISOLATION,Frederick II,NO_SCRIPTED_RULER_AFTER_VFS_ISOLATION,UNKNOWN,NO,P2_MEDIUM,HIGH,post-VFS static simulation; no surviving create_character ruler found,,,https://frederick.mml.ox.ac.uk/history,https://frederick.mml.ox.ac.uk/timeline,RESEARCH_MORE,UNRESOLVED_RULER_SLOT,descriptor replace_path common/history/characters
PUD,Pudukottai,UNSCRIPTED_RULER_PUD,Engine-generated or unresolved ruler after VFS isolation,RULER_UNSCRIPTED,YES,NO,NO,NO,,,,,,,,,UNSCRIPTED_AFTER_VFS_ISOLATION,RESEARCH_REQUIRED,NO_SCRIPTED_RULER_AFTER_VFS_ISOLATION,UNKNOWN,NO,P2_MEDIUM,LOW,post-VFS static simulation; no surviving create_character ruler found,,,,,RESEARCH_MORE,UNRESOLVED_RULER_SLOT,descriptor replace_path common/history/characters
PWN,Pawnee,UNSCRIPTED_RULER_PWN,Engine-generated or unresolved ruler after VFS isolation,RULER_UNSCRIPTED,YES,NO,NO,NO,,,,,,,,,UNSCRIPTED_AFTER_VFS_ISOLATION,RESEARCH_REQUIRED,NO_SCRIPTED_RULER_AFTER_VFS_ISOLATION,UNKNOWN,NO,P2_MEDIUM,LOW,post-VFS static simulation; no surviving create_character ruler found,,,,,RESEARCH_MORE,UNRESOLVED_RULER_SLOT,descriptor replace_path common/history/characters
QUE,Quebec,UNSCRIPTED_RULER_QUE,Engine-generated or unresolved ruler after VFS isolation,RULER_UNSCRIPTED,YES,NO,NO,NO,,,,,,,,,UNSCRIPTED_AFTER_VFS_ISOLATION,RESEARCH_REQUIRED,NO_SCRIPTED_RULER_AFTER_VFS_ISOLATION,UNKNOWN,NO,P2_MEDIUM,LOW,post-VFS static simulation; no surviving create_character ruler found,,,,,RESEARCH_MORE,UNRESOLVED_RULER_SLOT,descriptor replace_path common/history/characters
RGB,Reguibat,UNSCRIPTED_RULER_RGB,Engine-generated or unresolved ruler after VFS isolation,RULER_UNSCRIPTED,YES,NO,NO,NO,,,,,,,,,UNSCRIPTED_AFTER_VFS_ISOLATION,RESEARCH_REQUIRED,NO_SCRIPTED_RULER_AFTER_VFS_ISOLATION,UNKNOWN,NO,P2_MEDIUM,LOW,post-VFS static simulation; no surviving create_character ruler found,,,,,RESEARCH_MORE,UNRESOLVED_RULER_SLOT,descriptor replace_path common/history/characters
RUS,Russia,inline_RUS_00_military_formations_europe_2148,Aleksandr Chernyshyov,GENERAL,NO,NO,YES,NO,,,35,,,,cu:russian,,YES,UNVERIFIED,NONE,APPROXIMATION_NOT_DOCUMENTED,NO,OK,MEDIUM,common/history/military_formations/00_military_formations_europe.txt,2148,,,,KEEP,RETAINED_START_INSTANCE,descriptor replace_path common/history/characters
RUS,Russia,inline_RUS_00_military_formations_europe_2041,Friedrich von Berg,GENERAL,NO,NO,YES,NO,,,32,,,,cu:south_german,,YES,UNVERIFIED,NONE,APPROXIMATION_NOT_DOCUMENTED,NO,OK,MEDIUM,common/history/military_formations/00_military_formations_europe.txt,2041,,,,KEEP,RETAINED_START_INSTANCE,descriptor replace_path common/history/characters
RUS,Russia,inline_RUS_00_military_formations_europe_2217,Ivan Paskevich,GENERAL,NO,NO,YES,NO,,,32,,,,cu:russian,,YES,UNVERIFIED,NONE,APPROXIMATION_NOT_DOCUMENTED,NO,OK,MEDIUM,common/history/military_formations/00_military_formations_europe.txt,2217,,,,KEEP,RETAINED_START_INSTANCE,descriptor replace_path common/history/characters
RUS,Russia,inline_RUS_00_military_formations_europe_1964,Matvey Khrapovitsky,GENERAL,NO,NO,YES,NO,,,35,,,,cu:russian,,YES,UNVERIFIED,NONE,APPROXIMATION_NOT_DOCUMENTED,NO,OK,MEDIUM,common/history/military_formations/00_military_formations_europe.txt,1964,,,,KEEP,RETAINED_START_INSTANCE,descriptor replace_path common/history/characters
RUS,Russia,inline_RUS_00_military_formations_europe_1795,Mikhail vorontsov,GENERAL,NO,NO,YES,NO,,,40,,,,cu:russian,,YES,UNVERIFIED,NONE,APPROXIMATION_NOT_DOCUMENTED,NO,OK,MEDIUM,common/history/military_formations/00_military_formations_europe.txt,1795,,,,KEEP,RETAINED_START_INSTANCE,descriptor replace_path common/history/characters
RUS,Russia,inline_RUS_00_military_formations_europe_2314,Nikolay Karsky,GENERAL,NO,NO,YES,NO,,,35,,,,cu:russian,,YES,UNVERIFIED,NONE,APPROXIMATION_NOT_DOCUMENTED,NO,OK,MEDIUM,common/history/military_formations/00_military_formations_europe.txt,2314,,,,KEEP,RETAINED_START_INSTANCE,descriptor replace_path common/history/characters
RUS,Russia,inline_RUS_rus_18,Peter Romanov,HEIR,NO,NO,NO,NO,HEIR,1754.6.8,,21,,,primary_culture,,YES,UNVERIFIED,NONE,EXACT_DATE_WEAKLY_SOURCED,NO,OK,MEDIUM,common/history/characters/rus.txt,18,,,,KEEP,RETAINED_START_INSTANCE,descriptor replace_path common/history/characters
RUS,Russia,inline_RUS_rus_3,Catherine Romanov,RULER,YES,NO,NO,NO,,1729.7.6,,46,,,cu:north_german,,CORRECT_BUT_WRONG_DATE,Catherine II,WRONG_EXACT_BIRTH_DATE,EXACT_DATE_CONFLICT_WITH_SOURCE,NO,P1_HIGH,HIGH,common/history/characters/rus.txt,3,,https://www.britishmuseum.org/collection/term/BIOG22234,https://www.metmuseum.org/art/collection/search/198159,FIX_AGE,RETAINED_START_INSTANCE,descriptor replace_path common/history/characters
RWD,Rwanda,UNSCRIPTED_RULER_RWD,Engine-generated or unresolved ruler after VFS isolation,RULER_UNSCRIPTED,YES,NO,NO,NO,,,,,,,,,UNSCRIPTED_AFTER_VFS_ISOLATION,RESEARCH_REQUIRED,NO_SCRIPTED_RULER_AFTER_VFS_ISOLATION,UNKNOWN,NO,P2_MEDIUM,LOW,post-VFS static simulation; no surviving create_character ruler found,,,,,RESEARCH_MORE,UNRESOLVED_RULER_SLOT,descriptor replace_path common/history/characters
RYU,Ryukyu,UNSCRIPTED_RULER_RYU,Engine-generated or unresolved ruler after VFS isolation,RULER_UNSCRIPTED,YES,NO,NO,NO,,,,,,,,,UNSCRIPTED_AFTER_VFS_ISOLATION,RESEARCH_REQUIRED,NO_SCRIPTED_RULER_AFTER_VFS_ISOLATION,UNKNOWN,NO,P2_MEDIUM,LOW,post-VFS static simulation; no surviving create_character ruler found,,,,,RESEARCH_MORE,UNRESOLVED_RULER_SLOT,descriptor replace_path common/history/characters
SAK,Siak,UNSCRIPTED_RULER_SAK,Engine-generated or unresolved ruler after VFS isolation,RULER_UNSCRIPTED,YES,NO,NO,NO,,,,,,,,,UNSCRIPTED_AFTER_VFS_ISOLATION,RESEARCH_REQUIRED,NO_SCRIPTED_RULER_AFTER_VFS_ISOLATION,UNKNOWN,NO,P2_MEDIUM,LOW,post-VFS static simulation; no surviving create_character ruler found,,,,,RESEARCH_MORE,UNRESOLVED_RULER_SLOT,descriptor replace_path common/history/characters
SAN,San,UNSCRIPTED_RULER_SAN,Engine-generated or unresolved ruler after VFS isolation,RULER_UNSCRIPTED,YES,NO,NO,NO,,,,,,,,,UNSCRIPTED_AFTER_VFS_ISOLATION,RESEARCH_REQUIRED,NO_SCRIPTED_RULER_AFTER_VFS_ISOLATION,UNKNOWN,NO,P2_MEDIUM,LOW,post-VFS static simulation; no surviving create_character ruler found,,,,,RESEARCH_MORE,UNRESOLVED_RULER_SLOT,descriptor replace_path common/history/characters
SAR,Sardinia-Piedmont,UNSCRIPTED_RULER_SAR,Engine-generated or unresolved ruler after VFS isolation,RULER_UNSCRIPTED,YES,NO,NO,NO,,,,,,,,,UNSCRIPTED_AFTER_VFS_ISOLATION,RESEARCH_REQUIRED,NO_SCRIPTED_RULER_AFTER_VFS_ISOLATION,UNKNOWN,NO,P2_MEDIUM,LOW,post-VFS static simulation; no surviving create_character ruler found,,,,,RESEARCH_MORE,UNRESOLVED_RULER_SLOT,descriptor replace_path common/history/characters
SAT,Satara,UNSCRIPTED_RULER_SAT,Engine-generated or unresolved ruler after VFS isolation,RULER_UNSCRIPTED,YES,NO,NO,NO,,,,,,,,,UNSCRIPTED_AFTER_VFS_ISOLATION,RESEARCH_REQUIRED,NO_SCRIPTED_RULER_AFTER_VFS_ISOLATION,UNKNOWN,NO,P2_MEDIUM,LOW,post-VFS static simulation; no surviving create_character ruler found,,,,,RESEARCH_MORE,UNRESOLVED_RULER_SLOT,descriptor replace_path common/history/characters
SAX,Saxony,UNSCRIPTED_RULER_SAX,Engine-generated or unresolved ruler after VFS isolation,RULER_UNSCRIPTED,YES,NO,NO,NO,,,,,,,,,UNSCRIPTED_AFTER_VFS_ISOLATION,RESEARCH_REQUIRED,NO_SCRIPTED_RULER_AFTER_VFS_ISOLATION,UNKNOWN,NO,P2_MEDIUM,LOW,post-VFS static simulation; no surviving create_character ruler found,,,,,RESEARCH_MORE,UNRESOLVED_RULER_SLOT,descriptor replace_path common/history/characters
SC1,Nueva España,UNSCRIPTED_RULER_SC1,Engine-generated or unresolved ruler after VFS isolation,RULER_UNSCRIPTED,YES,NO,NO,NO,,,,,,,,,UNSCRIPTED_AFTER_VFS_ISOLATION,RESEARCH_REQUIRED,NO_SCRIPTED_RULER_AFTER_VFS_ISOLATION,UNKNOWN,NO,P2_MEDIUM,LOW,post-VFS static simulation; no surviving create_character ruler found,,,,,RESEARCH_MORE,UNRESOLVED_RULER_SLOT,descriptor replace_path common/history/characters
SC2,Nueva Granada,UNSCRIPTED_RULER_SC2,Engine-generated or unresolved ruler after VFS isolation,RULER_UNSCRIPTED,YES,NO,NO,NO,,,,,,,,,UNSCRIPTED_AFTER_VFS_ISOLATION,RESEARCH_REQUIRED,NO_SCRIPTED_RULER_AFTER_VFS_ISOLATION,UNKNOWN,NO,P2_MEDIUM,LOW,post-VFS static simulation; no surviving create_character ruler found,,,,,RESEARCH_MORE,UNRESOLVED_RULER_SLOT,descriptor replace_path common/history/characters
SC3,Perú,UNSCRIPTED_RULER_SC3,Engine-generated or unresolved ruler after VFS isolation,RULER_UNSCRIPTED,YES,NO,NO,NO,,,,,,,,,UNSCRIPTED_AFTER_VFS_ISOLATION,RESEARCH_REQUIRED,NO_SCRIPTED_RULER_AFTER_VFS_ISOLATION,UNKNOWN,NO,P2_MEDIUM,LOW,post-VFS static simulation; no surviving create_character ruler found,,,,,RESEARCH_MORE,UNRESOLVED_RULER_SLOT,descriptor replace_path common/history/characters
SC4,Río de la Plata,UNSCRIPTED_RULER_SC4,Engine-generated or unresolved ruler after VFS isolation,RULER_UNSCRIPTED,YES,NO,NO,NO,,,,,,,,,UNSCRIPTED_AFTER_VFS_ISOLATION,RESEARCH_REQUIRED,NO_SCRIPTED_RULER_AFTER_VFS_ISOLATION,UNKNOWN,NO,P2_MEDIUM,LOW,post-VFS static simulation; no surviving create_character ruler found,,,,,RESEARCH_MORE,UNRESOLVED_RULER_SLOT,descriptor replace_path common/history/characters
SCH,Schleswig,UNSCRIPTED_RULER_SCH,Engine-generated or unresolved ruler after VFS isolation,RULER_UNSCRIPTED,YES,NO,NO,NO,,,,,,,,,UNSCRIPTED_AFTER_VFS_ISOLATION,RESEARCH_REQUIRED,NO_SCRIPTED_RULER_AFTER_VFS_ISOLATION,UNKNOWN,NO,P2_MEDIUM,LOW,post-VFS static simulation; no surviving create_character ruler found,,,,,RESEARCH_MORE,UNRESOLVED_RULER_SLOT,descriptor replace_path common/history/characters
SCM,Schaumburg-Lippe,UNSCRIPTED_RULER_SCM,Engine-generated or unresolved ruler after VFS isolation,RULER_UNSCRIPTED,YES,NO,NO,NO,,,,,,,,,UNSCRIPTED_AFTER_VFS_ISOLATION,RESEARCH_REQUIRED,NO_SCRIPTED_RULER_AFTER_VFS_ISOLATION,UNKNOWN,NO,P2_MEDIUM,LOW,post-VFS static simulation; no surviving create_character ruler found,,,,,RESEARCH_MORE,UNRESOLVED_RULER_SLOT,descriptor replace_path common/history/characters
SCT,Sip Song Chau Tai,UNSCRIPTED_RULER_SCT,Engine-generated or unresolved ruler after VFS isolation,RULER_UNSCRIPTED,YES,NO,NO,NO,,,,,,,,,UNSCRIPTED_AFTER_VFS_ISOLATION,RESEARCH_REQUIRED,NO_SCRIPTED_RULER_AFTER_VFS_ISOLATION,UNKNOWN,NO,P2_MEDIUM,LOW,post-VFS static simulation; no surviving create_character ruler found,,,,,RESEARCH_MORE,UNRESOLVED_RULER_SLOT,descriptor replace_path common/history/characters
SCW,Schwarzburg,UNSCRIPTED_RULER_SCW,Engine-generated or unresolved ruler after VFS isolation,RULER_UNSCRIPTED,YES,NO,NO,NO,,,,,,,,,UNSCRIPTED_AFTER_VFS_ISOLATION,RESEARCH_REQUIRED,NO_SCRIPTED_RULER_AFTER_VFS_ISOLATION,UNKNOWN,NO,P2_MEDIUM,LOW,post-VFS static simulation; no surviving create_character ruler found,,,,,RESEARCH_MORE,UNRESOLVED_RULER_SLOT,descriptor replace_path common/history/characters
SD1,The Sudan,UNSCRIPTED_RULER_SD1,Engine-generated or unresolved ruler after VFS isolation,RULER_UNSCRIPTED,YES,NO,NO,NO,,,,,,,,,UNSCRIPTED_AFTER_VFS_ISOLATION,RESEARCH_REQUIRED,NO_SCRIPTED_RULER_AFTER_VFS_ISOLATION,UNKNOWN,NO,P2_MEDIUM,LOW,post-VFS static simulation; no surviving create_character ruler found,,,,,RESEARCH_MORE,UNRESOLVED_RULER_SLOT,descriptor replace_path common/history/characters
SEL,Selangor,UNSCRIPTED_RULER_SEL,Engine-generated or unresolved ruler after VFS isolation,RULER_UNSCRIPTED,YES,NO,NO,NO,,,,,,,,,UNSCRIPTED_AFTER_VFS_ISOLATION,RESEARCH_REQUIRED,NO_SCRIPTED_RULER_AFTER_VFS_ISOLATION,UNKNOWN,NO,P2_MEDIUM,LOW,post-VFS static simulation; no surviving create_character ruler found,,,,,RESEARCH_MORE,UNRESOLVED_RULER_SLOT,descriptor replace_path common/history/characters
SGU,Segou,UNSCRIPTED_RULER_SGU,Engine-generated or unresolved ruler after VFS isolation,RULER_UNSCRIPTED,YES,NO,NO,NO,,,,,,,,,UNSCRIPTED_AFTER_VFS_ISOLATION,RESEARCH_REQUIRED,NO_SCRIPTED_RULER_AFTER_VFS_ISOLATION,UNKNOWN,NO,P2_MEDIUM,LOW,post-VFS static simulation; no surviving create_character ruler found,,,,,RESEARCH_MORE,UNRESOLVED_RULER_SLOT,descriptor replace_path common/history/characters
SHS,Shan,UNSCRIPTED_RULER_SHS,Engine-generated or unresolved ruler after VFS isolation,RULER_UNSCRIPTED,YES,NO,NO,NO,,,,,,,,,UNSCRIPTED_AFTER_VFS_ISOLATION,RESEARCH_REQUIRED,NO_SCRIPTED_RULER_AFTER_VFS_ISOLATION,UNKNOWN,NO,P2_MEDIUM,LOW,post-VFS static simulation; no surviving create_character ruler found,,,,,RESEARCH_MORE,UNRESOLVED_RULER_SLOT,descriptor replace_path common/history/characters
SIA,Siam,UNSCRIPTED_RULER_SIA,Engine-generated or unresolved ruler after VFS isolation,RULER_UNSCRIPTED,YES,NO,NO,NO,,,,,,,,,UNSCRIPTED_AFTER_VFS_ISOLATION,RESEARCH_REQUIRED,NO_SCRIPTED_RULER_AFTER_VFS_ISOLATION,UNKNOWN,NO,P2_MEDIUM,LOW,post-VFS static simulation; no surviving create_character ruler found,,,,,RESEARCH_MORE,UNRESOLVED_RULER_SLOT,descriptor replace_path common/history/characters
SIC,Two Sicilies,inline_SIC_sic - naples sicily_3,Ferdinand de Bourbon,RULER,YES,NO,NO,NO,,1751.1.12,,24,,,primary_culture,,CORRECT,Ferdinand IV of Naples / III of Sicily,NONE,EXACT_DATE_WEAKLY_SOURCED,NO,OK,HIGH,common/history/characters/sic - naples sicily.txt,3,,https://www.britishmuseum.org/collection/term/BIOG69450,https://www.museodelprado.es/en/the-collection/art-work/fernando-iv-king-of-naples/08c55f28-8cd3-4947-bfaa-41a97f7d7773,KEEP,RETAINED_START_INSTANCE,descriptor replace_path common/history/characters
SIK,Sikkim,UNSCRIPTED_RULER_SIK,Engine-generated or unresolved ruler after VFS isolation,RULER_UNSCRIPTED,YES,NO,NO,NO,,,,,,,,,UNSCRIPTED_AFTER_VFS_ISOLATION,RESEARCH_REQUIRED,NO_SCRIPTED_RULER_AFTER_VFS_ISOLATION,UNKNOWN,NO,P2_MEDIUM,LOW,post-VFS static simulation; no surviving create_character ruler found,,,,,RESEARCH_MORE,UNRESOLVED_RULER_SLOT,descriptor replace_path common/history/characters
SIL,Sierra Leone,UNSCRIPTED_RULER_SIL,Engine-generated or unresolved ruler after VFS isolation,RULER_UNSCRIPTED,YES,NO,NO,NO,,,,,,,,,UNSCRIPTED_AFTER_VFS_ISOLATION,RESEARCH_REQUIRED,NO_SCRIPTED_RULER_AFTER_VFS_ISOLATION,UNKNOWN,NO,P2_MEDIUM,LOW,post-VFS static simulation; no surviving create_character ruler found,,,,,RESEARCH_MORE,UNRESOLVED_RULER_SLOT,descriptor replace_path common/history/characters
SIN,Sindh,UNSCRIPTED_RULER_SIN,Engine-generated or unresolved ruler after VFS isolation,RULER_UNSCRIPTED,YES,NO,NO,NO,,,,,,,,,UNSCRIPTED_AFTER_VFS_ISOLATION,RESEARCH_REQUIRED,NO_SCRIPTED_RULER_AFTER_VFS_ISOLATION,UNKNOWN,NO,P2_MEDIUM,LOW,post-VFS static simulation; no surviving create_character ruler found,,,,,RESEARCH_MORE,UNRESOLVED_RULER_SLOT,descriptor replace_path common/history/characters
SKH,Evenki,UNSCRIPTED_RULER_SKH,Engine-generated or unresolved ruler after VFS isolation,RULER_UNSCRIPTED,YES,NO,NO,NO,,,,,,,,,UNSCRIPTED_AFTER_VFS_ISOLATION,RESEARCH_REQUIRED,NO_SCRIPTED_RULER_AFTER_VFS_ISOLATION,UNKNOWN,NO,P2_MEDIUM,LOW,post-VFS static simulation; no surviving create_character ruler found,,,,,RESEARCH_MORE,UNRESOLVED_RULER_SLOT,descriptor replace_path common/history/characters
SKM,Usukuma,UNSCRIPTED_RULER_SKM,Engine-generated or unresolved ruler after VFS isolation,RULER_UNSCRIPTED,YES,NO,NO,NO,,,,,,,,,UNSCRIPTED_AFTER_VFS_ISOLATION,RESEARCH_REQUIRED,NO_SCRIPTED_RULER_AFTER_VFS_ISOLATION,UNKNOWN,NO,P2_MEDIUM,LOW,post-VFS static simulation; no surviving create_character ruler found,,,,,RESEARCH_MORE,UNRESOLVED_RULER_SLOT,descriptor replace_path common/history/characters
SKY,Sakuye,UNSCRIPTED_RULER_SKY,Engine-generated or unresolved ruler after VFS isolation,RULER_UNSCRIPTED,YES,NO,NO,NO,,,,,,,,,UNSCRIPTED_AFTER_VFS_ISOLATION,RESEARCH_REQUIRED,NO_SCRIPTED_RULER_AFTER_VFS_ISOLATION,UNKNOWN,NO,P2_MEDIUM,LOW,post-VFS static simulation; no surviving create_character ruler found,,,,,RESEARCH_MORE,UNRESOLVED_RULER_SLOT,descriptor replace_path common/history/characters
SLK,Selk’nam,UNSCRIPTED_RULER_SLK,Engine-generated or unresolved ruler after VFS isolation,RULER_UNSCRIPTED,YES,NO,NO,NO,,,,,,,,,UNSCRIPTED_AFTER_VFS_ISOLATION,RESEARCH_REQUIRED,NO_SCRIPTED_RULER_AFTER_VFS_ISOLATION,UNKNOWN,NO,P2_MEDIUM,LOW,post-VFS static simulation; no surviving create_character ruler found,,,,,RESEARCH_MORE,UNRESOLVED_RULER_SLOT,descriptor replace_path common/history/characters
SLS,Séliš,UNSCRIPTED_RULER_SLS,Engine-generated or unresolved ruler after VFS isolation,RULER_UNSCRIPTED,YES,NO,NO,NO,,,,,,,,,UNSCRIPTED_AFTER_VFS_ISOLATION,RESEARCH_REQUIRED,NO_SCRIPTED_RULER_AFTER_VFS_ISOLATION,UNKNOWN,NO,P2_MEDIUM,LOW,post-VFS static simulation; no surviving create_character ruler found,,,,,RESEARCH_MORE,UNRESOLVED_RULER_SLOT,descriptor replace_path common/history/characters
SLW,Sulawesi,UNSCRIPTED_RULER_SLW,Engine-generated or unresolved ruler after VFS isolation,RULER_UNSCRIPTED,YES,NO,NO,NO,,,,,,,,,UNSCRIPTED_AFTER_VFS_ISOLATION,RESEARCH_REQUIRED,NO_SCRIPTED_RULER_AFTER_VFS_ISOLATION,UNKNOWN,NO,P2_MEDIUM,LOW,post-VFS static simulation; no surviving create_character ruler found,,,,,RESEARCH_MORE,UNRESOLVED_RULER_SLOT,descriptor replace_path common/history/characters
SMB,Sambas,UNSCRIPTED_RULER_SMB,Engine-generated or unresolved ruler after VFS isolation,RULER_UNSCRIPTED,YES,NO,NO,NO,,,,,,,,,UNSCRIPTED_AFTER_VFS_ISOLATION,RESEARCH_REQUIRED,NO_SCRIPTED_RULER_AFTER_VFS_ISOLATION,UNKNOWN,NO,P2_MEDIUM,LOW,post-VFS static simulation; no surviving create_character ruler found,,,,,RESEARCH_MORE,UNRESOLVED_RULER_SLOT,descriptor replace_path common/history/characters
SML,Yat’siminoli,UNSCRIPTED_RULER_SML,Engine-generated or unresolved ruler after VFS isolation,RULER_UNSCRIPTED,YES,NO,NO,NO,,,,,,,,,UNSCRIPTED_AFTER_VFS_ISOLATION,RESEARCH_REQUIRED,NO_SCRIPTED_RULER_AFTER_VFS_ISOLATION,UNKNOWN,NO,P2_MEDIUM,LOW,post-VFS static simulation; no surviving create_character ruler found,,,,,RESEARCH_MORE,UNRESOLVED_RULER_SLOT,descriptor replace_path common/history/characters
SNG,Sangu,UNSCRIPTED_RULER_SNG,Engine-generated or unresolved ruler after VFS isolation,RULER_UNSCRIPTED,YES,NO,NO,NO,,,,,,,,,UNSCRIPTED_AFTER_VFS_ISOLATION,RESEARCH_REQUIRED,NO_SCRIPTED_RULER_AFTER_VFS_ISOLATION,UNKNOWN,NO,P2_MEDIUM,LOW,post-VFS static simulation; no surviving create_character ruler found,,,,,RESEARCH_MORE,UNRESOLVED_RULER_SLOT,descriptor replace_path common/history/characters
SOK,Sokoto,UNSCRIPTED_RULER_SOK,Engine-generated or unresolved ruler after VFS isolation,RULER_UNSCRIPTED,YES,NO,NO,NO,,,,,,,,,UNSCRIPTED_AFTER_VFS_ISOLATION,RESEARCH_REQUIRED,NO_SCRIPTED_RULER_AFTER_VFS_ISOLATION,UNKNOWN,NO,P2_MEDIUM,LOW,post-VFS static simulation; no surviving create_character ruler found,,,,,RESEARCH_MORE,UNRESOLVED_RULER_SLOT,descriptor replace_path common/history/characters
SPA,Spain,inline_SPA_00_military_formations_europe_4070,inline_SPA_4070,ADMIRAL,NO,NO,NO,YES,,,35,,,,cu:spanish,,UNCERTAIN,UNVERIFIED,NONE,UNKNOWN,NO,OK,LOW,common/history/military_formations/00_military_formations_europe.txt,4070,,,,KEEP,RETAINED_START_INSTANCE,descriptor replace_path common/history/characters
SPA,Spain,inline_SPA_00_military_formations_europe_4082,inline_SPA_4082,ADMIRAL,NO,NO,NO,YES,,,31,,,,cu:spanish,,UNCERTAIN,UNVERIFIED,NONE,UNKNOWN,NO,OK,LOW,common/history/military_formations/00_military_formations_europe.txt,4082,,,,KEEP,RETAINED_START_INSTANCE,descriptor replace_path common/history/characters
SPA,Spain,inline_SPA_00_military_formations_europe_3838,inline_SPA_3838,GENERAL,NO,NO,YES,NO,,,32,,,,cu:spanish,,UNCERTAIN,UNVERIFIED,NONE,UNKNOWN,NO,OK,LOW,common/history/military_formations/00_military_formations_europe.txt,3838,,,,KEEP,RETAINED_START_INSTANCE,descriptor replace_path common/history/characters
SPA,Spain,inline_SPA_00_military_formations_europe_3849,inline_SPA_3849,GENERAL,NO,NO,YES,NO,,,33,,,,cu:spanish,,UNCERTAIN,UNVERIFIED,NONE,UNKNOWN,NO,OK,LOW,common/history/military_formations/00_military_formations_europe.txt,3849,,,,KEEP,RETAINED_START_INSTANCE,descriptor replace_path common/history/characters
SPA,Spain,inline_SPA_00_military_formations_europe_3951,inline_SPA_3951,GENERAL,NO,NO,YES,NO,,,21,,,,cu:spanish,,UNCERTAIN,UNVERIFIED,NONE,UNKNOWN,NO,OK,LOW,common/history/military_formations/00_military_formations_europe.txt,3951,,,,KEEP,RETAINED_START_INSTANCE,descriptor replace_path common/history/characters
SPA,Spain,inline_SPA_00_military_formations_europe_3962,inline_SPA_3962,GENERAL,NO,NO,YES,NO,,,31,,,,cu:spanish,,UNCERTAIN,UNVERIFIED,NONE,UNKNOWN,NO,OK,LOW,common/history/military_formations/00_military_formations_europe.txt,3962,,,,KEEP,RETAINED_START_INSTANCE,descriptor replace_path common/history/characters
SPA,Spain,inline_SPA_00_military_formations_europe_4022,inline_SPA_4022,GENERAL,NO,NO,YES,NO,,,31,,,,cu:spanish,,UNCERTAIN,UNVERIFIED,NONE,UNKNOWN,NO,OK,LOW,common/history/military_formations/00_military_formations_europe.txt,4022,,,,KEEP,RETAINED_START_INSTANCE,descriptor replace_path common/history/characters
SPA,Spain,spa_charles_bourbon_iii,Charles III de Bourbon,RULER,YES,NO,NO,NO,,1716.8.21,,59,,,primary_culture,rel:catholic,CORRECT_BUT_WRONG_DATE,Charles III,WRONG_EXACT_BIRTH_DATE,EXACT_DATE_CONFLICT_WITH_SOURCE,NO,P1_HIGH,HIGH,common/history/characters/spa.txt,3,common/character_templates/country_spa.txt:5,https://www.museodelprado.es/en/the-collection/art-work/charles-iii-king-of-spain/de8d29c9-632e-43fa-b17a-b943b59922ca,,FIX_AGE,RETAINED_START_INSTANCE,descriptor replace_path common/history/characters
SRK,Surakarta,UNSCRIPTED_RULER_SRK,Engine-generated or unresolved ruler after VFS isolation,RULER_UNSCRIPTED,YES,NO,NO,NO,,,,,,,,,UNSCRIPTED_AFTER_VFS_ISOLATION,RESEARCH_REQUIRED,NO_SCRIPTED_RULER_AFTER_VFS_ISOLATION,UNKNOWN,NO,P2_MEDIUM,LOW,post-VFS static simulation; no surviving create_character ruler found,,,,,RESEARCH_MORE,UNRESOLVED_RULER_SLOT,descriptor replace_path common/history/characters
SRR,Serer,UNSCRIPTED_RULER_SRR,Engine-generated or unresolved ruler after VFS isolation,RULER_UNSCRIPTED,YES,NO,NO,NO,,,,,,,,,UNSCRIPTED_AFTER_VFS_ISOLATION,RESEARCH_REQUIRED,NO_SCRIPTED_RULER_AFTER_VFS_ISOLATION,UNKNOWN,NO,P2_MEDIUM,LOW,post-VFS static simulation; no surviving create_character ruler found,,,,,RESEARCH_MORE,UNRESOLVED_RULER_SLOT,descriptor replace_path common/history/characters
SSU,Susu,UNSCRIPTED_RULER_SSU,Engine-generated or unresolved ruler after VFS isolation,RULER_UNSCRIPTED,YES,NO,NO,NO,,,,,,,,,UNSCRIPTED_AFTER_VFS_ISOLATION,RESEARCH_REQUIRED,NO_SCRIPTED_RULER_AFTER_VFS_ISOLATION,UNKNOWN,NO,P2_MEDIUM,LOW,post-VFS static simulation; no surviving create_character ruler found,,,,,RESEARCH_MORE,UNRESOLVED_RULER_SLOT,descriptor replace_path common/history/characters
STG,Sintang,UNSCRIPTED_RULER_STG,Engine-generated or unresolved ruler after VFS isolation,RULER_UNSCRIPTED,YES,NO,NO,NO,,,,,,,,,UNSCRIPTED_AFTER_VFS_ISOLATION,RESEARCH_REQUIRED,NO_SCRIPTED_RULER_AFTER_VFS_ISOLATION,UNKNOWN,NO,P2_MEDIUM,LOW,post-VFS static simulation; no surviving create_character ruler found,,,,,RESEARCH_MORE,UNRESOLVED_RULER_SLOT,descriptor replace_path common/history/characters
SUL,Sulu,UNSCRIPTED_RULER_SUL,Engine-generated or unresolved ruler after VFS isolation,RULER_UNSCRIPTED,YES,NO,NO,NO,,,,,,,,,UNSCRIPTED_AFTER_VFS_ISOLATION,RESEARCH_REQUIRED,NO_SCRIPTED_RULER_AFTER_VFS_ISOLATION,UNKNOWN,NO,P2_MEDIUM,LOW,post-VFS static simulation; no surviving create_character ruler found,,,,,RESEARCH_MORE,UNRESOLVED_RULER_SLOT,descriptor replace_path common/history/characters
SWE,Sweden,UNSCRIPTED_RULER_SWE,Engine-generated or unresolved ruler after VFS isolation,RULER_UNSCRIPTED,YES,NO,NO,NO,,,,,,,,,UNSCRIPTED_AFTER_VFS_ISOLATION,Gustav III,NO_SCRIPTED_RULER_AFTER_VFS_ISOLATION,UNKNOWN,NO,P2_MEDIUM,HIGH,post-VFS static simulation; no surviving create_character ruler found,,,https://www.kungahuset.se/sveriges-monarki/monarkins-historia,https://www.kungahuset.se/english/the-monarchy-of-sweden,RESEARCH_MORE,UNRESOLVED_RULER_SLOT,descriptor replace_path common/history/characters
SWI,Switzerland,UNSCRIPTED_RULER_SWI,Engine-generated or unresolved ruler after VFS isolation,RULER_UNSCRIPTED,YES,NO,NO,NO,,,,,,,,,UNSCRIPTED_AFTER_VFS_ISOLATION,RESEARCH_REQUIRED,NO_SCRIPTED_RULER_AFTER_VFS_ISOLATION,UNKNOWN,NO,P2_MEDIUM,LOW,post-VFS static simulation; no surviving create_character ruler found,,,,,RESEARCH_MORE,UNRESOLVED_RULER_SLOT,descriptor replace_path common/history/characters
SWZ,Swaziland,UNSCRIPTED_RULER_SWZ,Engine-generated or unresolved ruler after VFS isolation,RULER_UNSCRIPTED,YES,NO,NO,NO,,,,,,,,,UNSCRIPTED_AFTER_VFS_ISOLATION,RESEARCH_REQUIRED,NO_SCRIPTED_RULER_AFTER_VFS_ISOLATION,UNKNOWN,NO,P2_MEDIUM,LOW,post-VFS static simulation; no surviving create_character ruler found,,,,,RESEARCH_MORE,UNRESOLVED_RULER_SLOT,descriptor replace_path common/history/characters
TBI,Tubu,UNSCRIPTED_RULER_TBI,Engine-generated or unresolved ruler after VFS isolation,RULER_UNSCRIPTED,YES,NO,NO,NO,,,,,,,,,UNSCRIPTED_AFTER_VFS_ISOLATION,RESEARCH_REQUIRED,NO_SCRIPTED_RULER_AFTER_VFS_ISOLATION,UNKNOWN,NO,P2_MEDIUM,LOW,post-VFS static simulation; no surviving create_character ruler found,,,,,RESEARCH_MORE,UNRESOLVED_RULER_SLOT,descriptor replace_path common/history/characters
TEK,Tekna,UNSCRIPTED_RULER_TEK,Engine-generated or unresolved ruler after VFS isolation,RULER_UNSCRIPTED,YES,NO,NO,NO,,,,,,,,,UNSCRIPTED_AFTER_VFS_ISOLATION,RESEARCH_REQUIRED,NO_SCRIPTED_RULER_AFTER_VFS_ISOLATION,UNKNOWN,NO,P2_MEDIUM,LOW,post-VFS static simulation; no surviving create_character ruler found,,,,,RESEARCH_MORE,UNRESOLVED_RULER_SLOT,descriptor replace_path common/history/characters
TGI,Tungi,UNSCRIPTED_RULER_TGI,Engine-generated or unresolved ruler after VFS isolation,RULER_UNSCRIPTED,YES,NO,NO,NO,,,,,,,,,UNSCRIPTED_AFTER_VFS_ISOLATION,RESEARCH_REQUIRED,NO_SCRIPTED_RULER_AFTER_VFS_ISOLATION,UNKNOWN,NO,P2_MEDIUM,LOW,post-VFS static simulation; no surviving create_character ruler found,,,,,RESEARCH_MORE,UNRESOLVED_RULER_SLOT,descriptor replace_path common/history/characters
THL,Tehuelche,UNSCRIPTED_RULER_THL,Engine-generated or unresolved ruler after VFS isolation,RULER_UNSCRIPTED,YES,NO,NO,NO,,,,,,,,,UNSCRIPTED_AFTER_VFS_ISOLATION,RESEARCH_REQUIRED,NO_SCRIPTED_RULER_AFTER_VFS_ISOLATION,UNKNOWN,NO,P2_MEDIUM,LOW,post-VFS static simulation; no surviving create_character ruler found,,,,,RESEARCH_MORE,UNRESOLVED_RULER_SLOT,descriptor replace_path common/history/characters
TIB,Tibet,UNSCRIPTED_RULER_TIB,Engine-generated or unresolved ruler after VFS isolation,RULER_UNSCRIPTED,YES,NO,NO,NO,,,,,,,,,UNSCRIPTED_AFTER_VFS_ISOLATION,RESEARCH_REQUIRED,NO_SCRIPTED_RULER_AFTER_VFS_ISOLATION,UNKNOWN,NO,P2_MEDIUM,LOW,post-VFS static simulation; no surviving create_character ruler found,,,,,RESEARCH_MORE,UNRESOLVED_RULER_SLOT,descriptor replace_path common/history/characters
TID,Tidore,UNSCRIPTED_RULER_TID,Engine-generated or unresolved ruler after VFS isolation,RULER_UNSCRIPTED,YES,NO,NO,NO,,,,,,,,,UNSCRIPTED_AFTER_VFS_ISOLATION,RESEARCH_REQUIRED,NO_SCRIPTED_RULER_AFTER_VFS_ISOLATION,UNKNOWN,NO,P2_MEDIUM,LOW,post-VFS static simulation; no surviving create_character ruler found,,,,,RESEARCH_MORE,UNRESOLVED_RULER_SLOT,descriptor replace_path common/history/characters
TIP,Tipperah,UNSCRIPTED_RULER_TIP,Engine-generated or unresolved ruler after VFS isolation,RULER_UNSCRIPTED,YES,NO,NO,NO,,,,,,,,,UNSCRIPTED_AFTER_VFS_ISOLATION,RESEARCH_REQUIRED,NO_SCRIPTED_RULER_AFTER_VFS_ISOLATION,UNKNOWN,NO,P2_MEDIUM,LOW,post-VFS static simulation; no surviving create_character ruler found,,,,,RESEARCH_MORE,UNRESOLVED_RULER_SLOT,descriptor replace_path common/history/characters
TKE,Teke,UNSCRIPTED_RULER_TKE,Engine-generated or unresolved ruler after VFS isolation,RULER_UNSCRIPTED,YES,NO,NO,NO,,,,,,,,,UNSCRIPTED_AFTER_VFS_ISOLATION,RESEARCH_REQUIRED,NO_SCRIPTED_RULER_AFTER_VFS_ISOLATION,UNKNOWN,NO,P2_MEDIUM,LOW,post-VFS static simulation; no surviving create_character ruler found,,,,,RESEARCH_MORE,UNRESOLVED_RULER_SLOT,descriptor replace_path common/history/characters
TMN,Temne,UNSCRIPTED_RULER_TMN,Engine-generated or unresolved ruler after VFS isolation,RULER_UNSCRIPTED,YES,NO,NO,NO,,,,,,,,,UNSCRIPTED_AFTER_VFS_ISOLATION,RESEARCH_REQUIRED,NO_SCRIPTED_RULER_AFTER_VFS_ISOLATION,UNKNOWN,NO,P2_MEDIUM,LOW,post-VFS static simulation; no surviving create_character ruler found,,,,,RESEARCH_MORE,UNRESOLVED_RULER_SLOT,descriptor replace_path common/history/characters
TNG,Tonga,UNSCRIPTED_RULER_TNG,Engine-generated or unresolved ruler after VFS isolation,RULER_UNSCRIPTED,YES,NO,NO,NO,,,,,,,,,UNSCRIPTED_AFTER_VFS_ISOLATION,RESEARCH_REQUIRED,NO_SCRIPTED_RULER_AFTER_VFS_ISOLATION,UNKNOWN,NO,P2_MEDIUM,LOW,post-VFS static simulation; no surviving create_character ruler found,,,,,RESEARCH_MORE,UNRESOLVED_RULER_SLOT,descriptor replace_path common/history/characters
TPS,Toposa,UNSCRIPTED_RULER_TPS,Engine-generated or unresolved ruler after VFS isolation,RULER_UNSCRIPTED,YES,NO,NO,NO,,,,,,,,,UNSCRIPTED_AFTER_VFS_ISOLATION,RESEARCH_REQUIRED,NO_SCRIPTED_RULER_AFTER_VFS_ISOLATION,UNKNOWN,NO,P2_MEDIUM,LOW,post-VFS static simulation; no surviving create_character ruler found,,,,,RESEARCH_MORE,UNRESOLVED_RULER_SLOT,descriptor replace_path common/history/characters
TRA,Travancore,UNSCRIPTED_RULER_TRA,Engine-generated or unresolved ruler after VFS isolation,RULER_UNSCRIPTED,YES,NO,NO,NO,,,,,,,,,UNSCRIPTED_AFTER_VFS_ISOLATION,RESEARCH_REQUIRED,NO_SCRIPTED_RULER_AFTER_VFS_ISOLATION,UNKNOWN,NO,P2_MEDIUM,LOW,post-VFS static simulation; no surviving create_character ruler found,,,,,RESEARCH_MORE,UNRESOLVED_RULER_SLOT,descriptor replace_path common/history/characters
TRI,Tripolitania,UNSCRIPTED_RULER_TRI,Engine-generated or unresolved ruler after VFS isolation,RULER_UNSCRIPTED,YES,NO,NO,NO,,,,,,,,,UNSCRIPTED_AFTER_VFS_ISOLATION,RESEARCH_REQUIRED,NO_SCRIPTED_RULER_AFTER_VFS_ISOLATION,UNKNOWN,NO,P2_MEDIUM,LOW,post-VFS static simulation; no surviving create_character ruler found,,,,,RESEARCH_MORE,UNRESOLVED_RULER_SLOT,descriptor replace_path common/history/characters
TRK,Turkana,UNSCRIPTED_RULER_TRK,Engine-generated or unresolved ruler after VFS isolation,RULER_UNSCRIPTED,YES,NO,NO,NO,,,,,,,,,UNSCRIPTED_AFTER_VFS_ISOLATION,RESEARCH_REQUIRED,NO_SCRIPTED_RULER_AFTER_VFS_ISOLATION,UNKNOWN,NO,P2_MEDIUM,LOW,post-VFS static simulation; no surviving create_character ruler found,,,,,RESEARCH_MORE,UNRESOLVED_RULER_SLOT,descriptor replace_path common/history/characters
TRM,Turkmenia,UNSCRIPTED_RULER_TRM,Engine-generated or unresolved ruler after VFS isolation,RULER_UNSCRIPTED,YES,NO,NO,NO,,,,,,,,,UNSCRIPTED_AFTER_VFS_ISOLATION,RESEARCH_REQUIRED,NO_SCRIPTED_RULER_AFTER_VFS_ISOLATION,UNKNOWN,NO,P2_MEDIUM,LOW,post-VFS static simulation; no surviving create_character ruler found,,,,,RESEARCH_MORE,UNRESOLVED_RULER_SLOT,descriptor replace_path common/history/characters
TRN,Transvaal,UNSCRIPTED_RULER_TRN,Engine-generated or unresolved ruler after VFS isolation,RULER_UNSCRIPTED,YES,NO,NO,NO,,,,,,,,,UNSCRIPTED_AFTER_VFS_ISOLATION,RESEARCH_REQUIRED,NO_SCRIPTED_RULER_AFTER_VFS_ISOLATION,UNKNOWN,NO,P2_MEDIUM,LOW,post-VFS static simulation; no surviving create_character ruler found,,,,,RESEARCH_MORE,UNRESOLVED_RULER_SLOT,descriptor replace_path common/history/characters
TRS,Transylvania,UNSCRIPTED_RULER_TRS,Engine-generated or unresolved ruler after VFS isolation,RULER_UNSCRIPTED,YES,NO,NO,NO,,,,,,,,,UNSCRIPTED_AFTER_VFS_ISOLATION,RESEARCH_REQUIRED,NO_SCRIPTED_RULER_AFTER_VFS_ISOLATION,UNKNOWN,NO,P2_MEDIUM,LOW,post-VFS static simulation; no surviving create_character ruler found,,,,,RESEARCH_MORE,UNRESOLVED_RULER_SLOT,descriptor replace_path common/history/characters
TRZ,Trarza,UNSCRIPTED_RULER_TRZ,Engine-generated or unresolved ruler after VFS isolation,RULER_UNSCRIPTED,YES,NO,NO,NO,,,,,,,,,UNSCRIPTED_AFTER_VFS_ISOLATION,RESEARCH_REQUIRED,NO_SCRIPTED_RULER_AFTER_VFS_ISOLATION,UNKNOWN,NO,P2_MEDIUM,LOW,post-VFS static simulation; no surviving create_character ruler found,,,,,RESEARCH_MORE,UNRESOLVED_RULER_SLOT,descriptor replace_path common/history/characters
TSW,Tswana,UNSCRIPTED_RULER_TSW,Engine-generated or unresolved ruler after VFS isolation,RULER_UNSCRIPTED,YES,NO,NO,NO,,,,,,,,,UNSCRIPTED_AFTER_VFS_ISOLATION,RESEARCH_REQUIRED,NO_SCRIPTED_RULER_AFTER_VFS_ISOLATION,UNKNOWN,NO,P2_MEDIUM,LOW,post-VFS static simulation; no surviving create_character ruler found,,,,,RESEARCH_MORE,UNRESOLVED_RULER_SLOT,descriptor replace_path common/history/characters
TUA,Tuat,UNSCRIPTED_RULER_TUA,Engine-generated or unresolved ruler after VFS isolation,RULER_UNSCRIPTED,YES,NO,NO,NO,,,,,,,,,UNSCRIPTED_AFTER_VFS_ISOLATION,RESEARCH_REQUIRED,NO_SCRIPTED_RULER_AFTER_VFS_ISOLATION,UNKNOWN,NO,P2_MEDIUM,LOW,post-VFS static simulation; no surviving create_character ruler found,,,,,RESEARCH_MORE,UNRESOLVED_RULER_SLOT,descriptor replace_path common/history/characters
TUG,Touggourt,UNSCRIPTED_RULER_TUG,Engine-generated or unresolved ruler after VFS isolation,RULER_UNSCRIPTED,YES,NO,NO,NO,,,,,,,,,UNSCRIPTED_AFTER_VFS_ISOLATION,RESEARCH_REQUIRED,NO_SCRIPTED_RULER_AFTER_VFS_ISOLATION,UNKNOWN,NO,P2_MEDIUM,LOW,post-VFS static simulation; no surviving create_character ruler found,,,,,RESEARCH_MORE,UNRESOLVED_RULER_SLOT,descriptor replace_path common/history/characters
TUN,Tunis,UNSCRIPTED_RULER_TUN,Engine-generated or unresolved ruler after VFS isolation,RULER_UNSCRIPTED,YES,NO,NO,NO,,,,,,,,,UNSCRIPTED_AFTER_VFS_ISOLATION,RESEARCH_REQUIRED,NO_SCRIPTED_RULER_AFTER_VFS_ISOLATION,UNKNOWN,NO,P2_MEDIUM,LOW,post-VFS static simulation; no surviving create_character ruler found,,,,,RESEARCH_MORE,UNRESOLVED_RULER_SLOT,descriptor replace_path common/history/characters
TUR,Turkey,inline_TUR_04_military_formations_middle_east_160,Hafiz Osman Pasha,GENERAL,NO,NO,YES,NO,,1730.2.11,,45,,region_russia,,,YES,UNVERIFIED,NONE,EXACT_DATE_WEAKLY_SOURCED,NO,OK,MEDIUM,common/history/military_formations/04_military_formations_middle_east.txt,160,,,,KEEP,RETAINED_START_INSTANCE,descriptor replace_path common/history/characters
TUR,Turkey,inline_TUR_04_military_formations_middle_east_86,Omer Lutfi Pasha,GENERAL,NO,NO,YES,NO,,,29,,,region_arabia,cu:serb,rel:sunni,YES,UNVERIFIED,NONE,APPROXIMATION_NOT_DOCUMENTED,NO,OK,MEDIUM,common/history/military_formations/04_military_formations_middle_east.txt,86,,,,KEEP,RETAINED_START_INSTANCE,descriptor replace_path common/history/characters
TUR,Turkey,UNSCRIPTED_RULER_TUR,Engine-generated or unresolved ruler after VFS isolation,RULER_UNSCRIPTED,YES,NO,NO,NO,,,,,,,,,UNSCRIPTED_AFTER_VFS_ISOLATION,Abdülhamid I,NO_SCRIPTED_RULER_AFTER_VFS_ISOLATION,UNKNOWN,NO,P2_MEDIUM,HIGH,post-VFS static simulation; no surviving create_character ruler found,,,https://islamansiklopedisi.org.tr/abdulhamid-i,,RESEARCH_MORE,UNRESOLVED_RULER_SLOT,descriptor replace_path common/history/characters
TUS,Tuscany,UNSCRIPTED_RULER_TUS,Engine-generated or unresolved ruler after VFS isolation,RULER_UNSCRIPTED,YES,NO,NO,NO,,,,,,,,,UNSCRIPTED_AFTER_VFS_ISOLATION,RESEARCH_REQUIRED,NO_SCRIPTED_RULER_AFTER_VFS_ISOLATION,UNKNOWN,NO,P2_MEDIUM,LOW,post-VFS static simulation; no surviving create_character ruler found,,,,,RESEARCH_MORE,UNRESOLVED_RULER_SLOT,descriptor replace_path common/history/characters
UBD,United Baltic Provinces,UNSCRIPTED_RULER_UBD,Engine-generated or unresolved ruler after VFS isolation,RULER_UNSCRIPTED,YES,NO,NO,NO,,,,,,,,,UNSCRIPTED_AFTER_VFS_ISOLATION,RESEARCH_REQUIRED,NO_SCRIPTED_RULER_AFTER_VFS_ISOLATION,UNKNOWN,NO,P2_MEDIUM,LOW,post-VFS static simulation; no surviving create_character ruler found,,,,,RESEARCH_MORE,UNRESOLVED_RULER_SLOT,descriptor replace_path common/history/characters
ULT,Ulta,UNSCRIPTED_RULER_ULT,Engine-generated or unresolved ruler after VFS isolation,RULER_UNSCRIPTED,YES,NO,NO,NO,,,,,,,,,UNSCRIPTED_AFTER_VFS_ISOLATION,RESEARCH_REQUIRED,NO_SCRIPTED_RULER_AFTER_VFS_ISOLATION,UNKNOWN,NO,P2_MEDIUM,LOW,post-VFS static simulation; no surviving create_character ruler found,,,,,RESEARCH_MORE,UNRESOLVED_RULER_SLOT,descriptor replace_path common/history/characters
UNT,United Tribes,UNSCRIPTED_RULER_UNT,Engine-generated or unresolved ruler after VFS isolation,RULER_UNSCRIPTED,YES,NO,NO,NO,,,,,,,,,UNSCRIPTED_AFTER_VFS_ISOLATION,RESEARCH_REQUIRED,NO_SCRIPTED_RULER_AFTER_VFS_ISOLATION,UNKNOWN,NO,P2_MEDIUM,LOW,post-VFS static simulation; no surviving create_character ruler found,,,,,RESEARCH_MORE,UNRESOLVED_RULER_SLOT,descriptor replace_path common/history/characters
USA,America,inline_USA_01_military_formations_north_america_104,Edmund P. Gaines,GENERAL,NO,NO,YES,NO,,1727.3.20,,48,,,cu:dixie,,YES,UNVERIFIED,NONE,EXACT_DATE_WEAKLY_SOURCED,NO,OK,MEDIUM,common/history/military_formations/01_military_formations_north_america.txt,104,,,,KEEP,RETAINED_START_INSTANCE,descriptor replace_path common/history/characters
USA,America,inline_USA_01_military_formations_north_america_118,inline_USA_118,GENERAL,NO,NO,YES,NO,,1737.3.20,,38,,,cu:dixie,,UNCERTAIN,UNVERIFIED,NONE,EXACT_DATE_WEAKLY_SOURCED,NO,OK,LOW,common/history/military_formations/01_military_formations_north_america.txt,118,,,,KEEP,RETAINED_START_INSTANCE,descriptor replace_path common/history/characters
USA,America,inline_USA_01_military_formations_north_america_129,inline_USA_129,GENERAL,NO,NO,YES,NO,,1750.3.20,,25,,,cu:dixie,,UNCERTAIN,UNVERIFIED,NONE,EXACT_DATE_WEAKLY_SOURCED,NO,OK,LOW,common/history/military_formations/01_military_formations_north_america.txt,129,,,,KEEP,RETAINED_START_INSTANCE,descriptor replace_path common/history/characters
USA,America,inline_USA_01_military_formations_north_america_159,inline_USA_159,GENERAL,NO,NO,YES,NO,,1737.3.20,,38,,,cu:dixie,,UNCERTAIN,UNVERIFIED,NONE,EXACT_DATE_WEAKLY_SOURCED,NO,OK,LOW,common/history/military_formations/01_military_formations_north_america.txt,159,,,,KEEP,RETAINED_START_INSTANCE,descriptor replace_path common/history/characters
USA,America,inline_USA_01_military_formations_north_america_32,inline_USA_32,GENERAL,NO,NO,YES,NO,,1725.3.20,,50,,,cu:dixie,,YES,UNVERIFIED,NONE,EXACT_DATE_WEAKLY_SOURCED,NO,OK,MEDIUM,common/history/military_formations/01_military_formations_north_america.txt,32,,,,KEEP,RETAINED_START_INSTANCE,descriptor replace_path common/history/characters
USA,America,inline_USA_01_military_formations_north_america_44,inline_USA_44,GENERAL,NO,NO,YES,NO,,1730.3.20,,45,,,cu:dixie,,UNCERTAIN,UNVERIFIED,NONE,EXACT_DATE_WEAKLY_SOURCED,NO,OK,LOW,common/history/military_formations/01_military_formations_north_america.txt,44,,,,KEEP,RETAINED_START_INSTANCE,descriptor replace_path common/history/characters
USA,America,USA_washington_traitor,George Washington,RULER;IG_LEADER,YES,YES,NO,NO,,1732.8.6,,43,,,cu:dixie,,MILITARY_LEADER_NOT_CIVIL_HEAD,John Hancock (president of Congress); George Washington (commander-in-chief),COUNTRY_MAPPING_PROBLEM;WRONG_EXACT_BIRTH_DATE,EXACT_DATE_CONFLICT_WITH_SOURCE,NO,P1_HIGH,HIGH,common/history/characters/usa.txt,3,common/character_templates/country_usa.txt:1,https://history.house.gov/People/Continental-Congress/Presidents/,https://www.archives.gov/legislative/features/washington,OTHER,RETAINED_START_INSTANCE,descriptor replace_path common/history/characters
UTE,Ute,UNSCRIPTED_RULER_UTE,Engine-generated or unresolved ruler after VFS isolation,RULER_UNSCRIPTED,YES,NO,NO,NO,,,,,,,,,UNSCRIPTED_AFTER_VFS_ISOLATION,RESEARCH_REQUIRED,NO_SCRIPTED_RULER_AFTER_VFS_ISOLATION,UNKNOWN,NO,P2_MEDIUM,LOW,post-VFS static simulation; no surviving create_character ruler found,,,,,RESEARCH_MORE,UNRESOLVED_RULER_SLOT,descriptor replace_path common/history/characters
UZH,Uly Zhuz,UNSCRIPTED_RULER_UZH,Engine-generated or unresolved ruler after VFS isolation,RULER_UNSCRIPTED,YES,NO,NO,NO,,,,,,,,,UNSCRIPTED_AFTER_VFS_ISOLATION,RESEARCH_REQUIRED,NO_SCRIPTED_RULER_AFTER_VFS_ISOLATION,UNKNOWN,NO,P2_MEDIUM,LOW,post-VFS static simulation; no surviving create_character ruler found,,,,,RESEARCH_MORE,UNRESOLVED_RULER_SLOT,descriptor replace_path common/history/characters
VEN,Venice,UNSCRIPTED_RULER_VEN,Engine-generated or unresolved ruler after VFS isolation,RULER_UNSCRIPTED,YES,NO,NO,NO,,,,,,,,,UNSCRIPTED_AFTER_VFS_ISOLATION,RESEARCH_REQUIRED,NO_SCRIPTED_RULER_AFTER_VFS_ISOLATION,UNKNOWN,NO,P2_MEDIUM,LOW,post-VFS static simulation; no surviving create_character ruler found,,,,,RESEARCH_MORE,UNRESOLVED_RULER_SLOT,descriptor replace_path common/history/characters
VND,Venda,UNSCRIPTED_RULER_VND,Engine-generated or unresolved ruler after VFS isolation,RULER_UNSCRIPTED,YES,NO,NO,NO,,,,,,,,,UNSCRIPTED_AFTER_VFS_ISOLATION,RESEARCH_REQUIRED,NO_SCRIPTED_RULER_AFTER_VFS_ISOLATION,UNKNOWN,NO,P2_MEDIUM,LOW,post-VFS static simulation; no surviving create_character ruler found,,,,,RESEARCH_MORE,UNRESOLVED_RULER_SLOT,descriptor replace_path common/history/characters
VNT,Vanuatu,UNSCRIPTED_RULER_VNT,Engine-generated or unresolved ruler after VFS isolation,RULER_UNSCRIPTED,YES,NO,NO,NO,,,,,,,,,UNSCRIPTED_AFTER_VFS_ISOLATION,RESEARCH_REQUIRED,NO_SCRIPTED_RULER_AFTER_VFS_ISOLATION,UNKNOWN,NO,P2_MEDIUM,LOW,post-VFS static simulation; no surviving create_character ruler found,,,,,RESEARCH_MORE,UNRESOLVED_RULER_SLOT,descriptor replace_path common/history/characters
WAD,Wadai,UNSCRIPTED_RULER_WAD,Engine-generated or unresolved ruler after VFS isolation,RULER_UNSCRIPTED,YES,NO,NO,NO,,,,,,,,,UNSCRIPTED_AFTER_VFS_ISOLATION,RESEARCH_REQUIRED,NO_SCRIPTED_RULER_AFTER_VFS_ISOLATION,UNKNOWN,NO,P2_MEDIUM,LOW,post-VFS static simulation; no surviving create_character ruler found,,,,,RESEARCH_MORE,UNRESOLVED_RULER_SLOT,descriptor replace_path common/history/characters
WAL,Wallachia,UNSCRIPTED_RULER_WAL,Engine-generated or unresolved ruler after VFS isolation,RULER_UNSCRIPTED,YES,NO,NO,NO,,,,,,,,,UNSCRIPTED_AFTER_VFS_ISOLATION,RESEARCH_REQUIRED,NO_SCRIPTED_RULER_AFTER_VFS_ISOLATION,UNKNOWN,NO,P2_MEDIUM,LOW,post-VFS static simulation; no surviving create_character ruler found,,,,,RESEARCH_MORE,UNRESOLVED_RULER_SLOT,descriptor replace_path common/history/characters
WBL,Griqualand,UNSCRIPTED_RULER_WBL,Engine-generated or unresolved ruler after VFS isolation,RULER_UNSCRIPTED,YES,NO,NO,NO,,,,,,,,,UNSCRIPTED_AFTER_VFS_ISOLATION,RESEARCH_REQUIRED,NO_SCRIPTED_RULER_AFTER_VFS_ISOLATION,UNKNOWN,NO,P2_MEDIUM,LOW,post-VFS static simulation; no surviving create_character ruler found,,,,,RESEARCH_MORE,UNRESOLVED_RULER_SLOT,descriptor replace_path common/history/characters
WDJ,Wiradjuri,UNSCRIPTED_RULER_WDJ,Engine-generated or unresolved ruler after VFS isolation,RULER_UNSCRIPTED,YES,NO,NO,NO,,,,,,,,,UNSCRIPTED_AFTER_VFS_ISOLATION,RESEARCH_REQUIRED,NO_SCRIPTED_RULER_AFTER_VFS_ISOLATION,UNKNOWN,NO,P2_MEDIUM,LOW,post-VFS static simulation; no surviving create_character ruler found,,,,,RESEARCH_MORE,UNRESOLVED_RULER_SLOT,descriptor replace_path common/history/characters
WEI,Saxe-Weimar,UNSCRIPTED_RULER_WEI,Engine-generated or unresolved ruler after VFS isolation,RULER_UNSCRIPTED,YES,NO,NO,NO,,,,,,,,,UNSCRIPTED_AFTER_VFS_ISOLATION,RESEARCH_REQUIRED,NO_SCRIPTED_RULER_AFTER_VFS_ISOLATION,UNKNOWN,NO,P2_MEDIUM,LOW,post-VFS static simulation; no surviving create_character ruler found,,,,,RESEARCH_MORE,UNRESOLVED_RULER_SLOT,descriptor replace_path common/history/characters
WKB,Waka-Gabi,UNSCRIPTED_RULER_WKB,Engine-generated or unresolved ruler after VFS isolation,RULER_UNSCRIPTED,YES,NO,NO,NO,,,,,,,,,UNSCRIPTED_AFTER_VFS_ISOLATION,RESEARCH_REQUIRED,NO_SCRIPTED_RULER_AFTER_VFS_ISOLATION,UNKNOWN,NO,P2_MEDIUM,LOW,post-VFS static simulation; no surviving create_character ruler found,,,,,RESEARCH_MORE,UNRESOLVED_RULER_SLOT,descriptor replace_path common/history/characters
WLD,Waldeck,UNSCRIPTED_RULER_WLD,Engine-generated or unresolved ruler after VFS isolation,RULER_UNSCRIPTED,YES,NO,NO,NO,,,,,,,,,UNSCRIPTED_AFTER_VFS_ISOLATION,RESEARCH_REQUIRED,NO_SCRIPTED_RULER_AFTER_VFS_ISOLATION,UNKNOWN,NO,P2_MEDIUM,LOW,post-VFS static simulation; no surviving create_character ruler found,,,,,RESEARCH_MORE,UNRESOLVED_RULER_SLOT,descriptor replace_path common/history/characters
WRR,Worrorra,UNSCRIPTED_RULER_WRR,Engine-generated or unresolved ruler after VFS isolation,RULER_UNSCRIPTED,YES,NO,NO,NO,,,,,,,,,UNSCRIPTED_AFTER_VFS_ISOLATION,RESEARCH_REQUIRED,NO_SCRIPTED_RULER_AFTER_VFS_ISOLATION,UNKNOWN,NO,P2_MEDIUM,LOW,post-VFS static simulation; no surviving create_character ruler found,,,,,RESEARCH_MORE,UNRESOLVED_RULER_SLOT,descriptor replace_path common/history/characters
WSG,Warsangali,UNSCRIPTED_RULER_WSG,Engine-generated or unresolved ruler after VFS isolation,RULER_UNSCRIPTED,YES,NO,NO,NO,,,,,,,,,UNSCRIPTED_AFTER_VFS_ISOLATION,RESEARCH_REQUIRED,NO_SCRIPTED_RULER_AFTER_VFS_ISOLATION,UNKNOWN,NO,P2_MEDIUM,LOW,post-VFS static simulation; no surviving create_character ruler found,,,,,RESEARCH_MORE,UNRESOLVED_RULER_SLOT,descriptor replace_path common/history/characters
WTI,Anangu,UNSCRIPTED_RULER_WTI,Engine-generated or unresolved ruler after VFS isolation,RULER_UNSCRIPTED,YES,NO,NO,NO,,,,,,,,,UNSCRIPTED_AFTER_VFS_ISOLATION,RESEARCH_REQUIRED,NO_SCRIPTED_RULER_AFTER_VFS_ISOLATION,UNKNOWN,NO,P2_MEDIUM,LOW,post-VFS static simulation; no surviving create_character ruler found,,,,,RESEARCH_MORE,UNRESOLVED_RULER_SLOT,descriptor replace_path common/history/characters
WTU,Witu,UNSCRIPTED_RULER_WTU,Engine-generated or unresolved ruler after VFS isolation,RULER_UNSCRIPTED,YES,NO,NO,NO,,,,,,,,,UNSCRIPTED_AFTER_VFS_ISOLATION,RESEARCH_REQUIRED,NO_SCRIPTED_RULER_AFTER_VFS_ISOLATION,UNKNOWN,NO,P2_MEDIUM,LOW,post-VFS static simulation; no surviving create_character ruler found,,,,,RESEARCH_MORE,UNRESOLVED_RULER_SLOT,descriptor replace_path common/history/characters
WUR,Württemberg,UNSCRIPTED_RULER_WUR,Engine-generated or unresolved ruler after VFS isolation,RULER_UNSCRIPTED,YES,NO,NO,NO,,,,,,,,,UNSCRIPTED_AFTER_VFS_ISOLATION,RESEARCH_REQUIRED,NO_SCRIPTED_RULER_AFTER_VFS_ISOLATION,UNKNOWN,NO,P2_MEDIUM,LOW,post-VFS static simulation; no surviving create_character ruler found,,,,,RESEARCH_MORE,UNRESOLVED_RULER_SLOT,descriptor replace_path common/history/characters
XHO,Xhosa,UNSCRIPTED_RULER_XHO,Engine-generated or unresolved ruler after VFS isolation,RULER_UNSCRIPTED,YES,NO,NO,NO,,,,,,,,,UNSCRIPTED_AFTER_VFS_ISOLATION,RESEARCH_REQUIRED,NO_SCRIPTED_RULER_AFTER_VFS_ISOLATION,UNKNOWN,NO,P2_MEDIUM,LOW,post-VFS static simulation; no surviving create_character ruler found,,,,,RESEARCH_MORE,UNRESOLVED_RULER_SLOT,descriptor replace_path common/history/characters
YGU,Yolngu,UNSCRIPTED_RULER_YGU,Engine-generated or unresolved ruler after VFS isolation,RULER_UNSCRIPTED,YES,NO,NO,NO,,,,,,,,,UNSCRIPTED_AFTER_VFS_ISOLATION,RESEARCH_REQUIRED,NO_SCRIPTED_RULER_AFTER_VFS_ISOLATION,UNKNOWN,NO,P2_MEDIUM,LOW,post-VFS static simulation; no surviving create_character ruler found,,,,,RESEARCH_MORE,UNRESOLVED_RULER_SLOT,descriptor replace_path common/history/characters
YKA,Yaka,UNSCRIPTED_RULER_YKA,Engine-generated or unresolved ruler after VFS isolation,RULER_UNSCRIPTED,YES,NO,NO,NO,,,,,,,,,UNSCRIPTED_AFTER_VFS_ISOLATION,RESEARCH_REQUIRED,NO_SCRIPTED_RULER_AFTER_VFS_ISOLATION,UNKNOWN,NO,P2_MEDIUM,LOW,post-VFS static simulation; no surviving create_character ruler found,,,,,RESEARCH_MORE,UNRESOLVED_RULER_SLOT,descriptor replace_path common/history/characters
YOG,Yogyakarta,UNSCRIPTED_RULER_YOG,Engine-generated or unresolved ruler after VFS isolation,RULER_UNSCRIPTED,YES,NO,NO,NO,,,,,,,,,UNSCRIPTED_AFTER_VFS_ISOLATION,RESEARCH_REQUIRED,NO_SCRIPTED_RULER_AFTER_VFS_ISOLATION,UNKNOWN,NO,P2_MEDIUM,LOW,post-VFS static simulation; no surviving create_character ruler found,,,,,RESEARCH_MORE,UNRESOLVED_RULER_SLOT,descriptor replace_path common/history/characters
YUR,Yura,UNSCRIPTED_RULER_YUR,Engine-generated or unresolved ruler after VFS isolation,RULER_UNSCRIPTED,YES,NO,NO,NO,,,,,,,,,UNSCRIPTED_AFTER_VFS_ISOLATION,RESEARCH_REQUIRED,NO_SCRIPTED_RULER_AFTER_VFS_ISOLATION,UNKNOWN,NO,P2_MEDIUM,LOW,post-VFS static simulation; no surviving create_character ruler found,,,,,RESEARCH_MORE,UNRESOLVED_RULER_SLOT,descriptor replace_path common/history/characters
ZAI,Azal,UNSCRIPTED_RULER_ZAI,Engine-generated or unresolved ruler after VFS isolation,RULER_UNSCRIPTED,YES,NO,NO,NO,,,,,,,,,UNSCRIPTED_AFTER_VFS_ISOLATION,RESEARCH_REQUIRED,NO_SCRIPTED_RULER_AFTER_VFS_ISOLATION,UNKNOWN,NO,P2_MEDIUM,LOW,post-VFS static simulation; no surviving create_character ruler found,,,,,RESEARCH_MORE,UNRESOLVED_RULER_SLOT,descriptor replace_path common/history/characters
ZND,Azande,UNSCRIPTED_RULER_ZND,Engine-generated or unresolved ruler after VFS isolation,RULER_UNSCRIPTED,YES,NO,NO,NO,,,,,,,,,UNSCRIPTED_AFTER_VFS_ISOLATION,RESEARCH_REQUIRED,NO_SCRIPTED_RULER_AFTER_VFS_ISOLATION,UNKNOWN,NO,P2_MEDIUM,LOW,post-VFS static simulation; no surviving create_character ruler found,,,,,RESEARCH_MORE,UNRESOLVED_RULER_SLOT,descriptor replace_path common/history/characters
ZWY,Zuwayya,UNSCRIPTED_RULER_ZWY,Engine-generated or unresolved ruler after VFS isolation,RULER_UNSCRIPTED,YES,NO,NO,NO,,,,,,,,,UNSCRIPTED_AFTER_VFS_ISOLATION,RESEARCH_REQUIRED,NO_SCRIPTED_RULER_AFTER_VFS_ISOLATION,UNKNOWN,NO,P2_MEDIUM,LOW,post-VFS static simulation; no surviving create_character ruler found,,,,,RESEARCH_MORE,UNRESOLVED_RULER_SLOT,descriptor replace_path common/history/characters
