tech_id,display_name,branch,era,historical_window,historical_anchor,source_tree,vanilla_equivalent,vanilla_action,vanilla_name_preserved,vanilla_id_preserved,prerequisites,cross_branch_prerequisites,successors,post_1836_bridge,technology_scope,1776_adoption_class,regionalization_status,main_unlocks,goods_involved,buildings_involved,pm_pmg_involved,ship_designer_effect,resource_discovery_effect,ai_base_weight_class,ai_context_tags,economic_chain_id,relative_cost_class,proposed_cost_band,placeholder_icon,final_icon_status,description_concept,implementation_complexity,technical_risk,historical_risk,notes
shaft_mining,Shaft Mining,Production,I,fin XVIIe–début XVIIIe,Consolidation de puits plus profonds; soutènement; soughs/drainage; ventilation rudimentaire et abattage à la poudre.,PRODUCTION_V1_1,shaft_mining,KEEP,YES,YES,,,applied_mineralogy;deep_mine_engineering,PRESERVE_POST_1836_VANILLA_SUCCESSORS_PENDING_ERAS_VII_XII,UNIVERSAL,widely established before 1776,UNIVERSAL,PM mines souterraines: Shaft Workings; Horse-Gin Winding; Black-Powder Blasting (selon ressource/pays).,tools; salt (REQUIRED rock-salt production),salt mine; vanilla mines,rock-salt extraction PM; Shaft Workings,NONE,known exploitable potential exists at setup; no global reveal,CONTEXTUAL_STANDARD,TECH_STATE:prerequisites+neighboring_branches;GEOGRAPHY:resources;ECONOMY:mining+price+shortage,RESOURCE_DISCOVERY_AND_MINING,FOUNDATIONAL,BAND_A_LOWEST,gfx/error_manul.dds,REQUIRED_NOT_CREATED,Premier palier des mines profondes; différencie un pays minier avancé d'une extraction superficielle.,HIGH,HIGH,HIGH,Ne signifie pas que l'extraction minière est inventée en 1700. Certains pays devront commencer avec cette tech.
coke_smelting,Coke Smelting,Production,I,1709+,Abraham Darby emploie avec succès le coke pour la fonte du fer à Coalbrookdale en 1709.,PRODUCTION_V1_1,steelworking,SPLIT,NO,NO,,,precision_boring;puddling_and_rolling;coal_gasification,PRESERVE_POST_1836_VANILLA_SUCCESSORS_PENDING_ERAS_VII_XII,UNIVERSAL,widely established before 1776,UNIVERSAL,PM sidérurgie: Coke Blast Furnaces; demande de charbon accrue; pression réduite sur le bois/charbon de bois.,coal; iron,ironworks/steel_mill equivalent (audit code ultérieur),Coke Blast Furnaces,NONE,NONE,CONTEXTUAL_STANDARD,TECH_STATE:prerequisites+neighboring_branches;GEOGRAPHY:resources;ECONOMY:mining+price+shortage,NONE_DIRECT,FOUNDATIONAL,BAND_A_LOWEST,gfx/error_manul.dds,REQUIRED_NOT_CREATED,Premier pivot énergétique de la métallurgie du fer.,MEDIUM,MEDIUM,HIGH,Node procédé; pas simple date d'invention.
atmospheric_engine,Atmospheric Engine,Production,I,1712+,Moteur atmosphérique Newcomen pratique en 1712 pour le drainage minier.,PRODUCTION_V1_1,atmospheric_engine,RETIME,YES,YES,,,condensing_steam_engines;deep_mine_engineering;high_pressure_steam,PRESERVE_POST_1836_VANILLA_SUCCESSORS_PENDING_ERAS_VII_XII,UNIVERSAL,widely established before 1776,UNIVERSAL,PM mines: Atmospheric Steam Pumping; gros gain de drainage avec forte consommation de charbon.,coal; tools,mines; waterworks candidate,Atmospheric Steam Pumping,NONE,NONE,CONTEXTUAL_STANDARD,TECH_STATE:prerequisites+neighboring_branches,NONE_DIRECT,FOUNDATIONAL,BAND_A_LOWEST,gfx/error_manul.dds,REQUIRED_NOT_CREATED,Première vapeur utile économiquement; permet l'approfondissement des mines.,MEDIUM,MEDIUM,HIGH,À distinguer explicitement de la vapeur rotative industrielle.
improved_husbandry,Improved Husbandry,Production,I,fin XVIIe–XVIIIe,Diffusion de pratiques plus systématiques de fumure; fourrages; drainage léger et intégration cultures-élevage.,PRODUCTION_V1_1,enclosure,REWIRE,NO,NO,,,improved_agricultural_implements;advanced_crop_rotations;selective_breeding,PRESERVE_POST_1836_VANILLA_SUCCESSORS_PENDING_ERAS_VII_XII,UNIVERSAL,widely established before 1776,UNIVERSAL,PM agricoles de base améliorés; socle pour rotations; élevage sélectif et outils.,livestock outputs; spices (REQUIRED regional starting production),spice plantation (regional setup/eligibility; values deferred),traditional spice cultivation PM,NONE,NONE,CONTEXTUAL_STANDARD,TECH_STATE:prerequisites+neighboring_branches;ECONOMY:agriculture+eligible_land+shortage,AGRICULTURE_FOOD_SPICES,FOUNDATIONAL,BAND_A_LOWEST,gfx/error_manul.dds,REQUIRED_NOT_CREATED,Socle agricole global non anglocentré.,HIGH,HIGH,MEDIUM_HIGH,Représente un ensemble de pratiques; pas le 'Norfolk system' universalisé.
improved_agricultural_implements,Improved Agricultural Implements,Production,II,1701–milieu XVIIIe; diffusion prolongée,Semoir de Jethro Tull vers 1701; amélioration des charrues et cultures en rangs.,PRODUCTION_V1_1,NONE,NEW,N/A,N/A,improved_husbandry,,threshing_machine;automated_flour_milling,PRESERVE_POST_1836_VANILLA_SUCCESSORS_PENDING_ERAS_VII_XII,UNIVERSAL,regionally established before 1776,UNIVERSAL,PM fermes: Seed Drills & Improved Ploughs; Horse-Hoe/Row Cultivation; consommation de tools.,tools; spices (REQUIRED plantation improvement),spice plantation; farms,improved spice cultivation PM,NONE,NONE,CONTEXTUAL_STANDARD,TECH_STATE:prerequisites+neighboring_branches;ECONOMY:agriculture+eligible_land+shortage,AGRICULTURE_FOOD_SPICES,STANDARD,BAND_B_LOW,gfx/error_manul.dds,REQUIRED_NOT_CREATED,Première mécanisation légère des exploitations agricoles.,HIGH,HIGH,HIGH,Fusionne plusieurs instruments afin d'éviter un node par machine.
turnpike_road_networks,Turnpike Road Networks,Production,II,XVIIIe; forte accélération 1750–1772,Organisation durable du financement et de l'entretien de grands réseaux routiers.,PRODUCTION_V1_1,NONE,NEW,N/A,N/A,,,industrial_canals;improved_road_engineering;systematic_cadastral_surveying,PRESERVE_POST_1836_VANILLA_SUCCESSORS_PENDING_ERAS_VII_XII,UNIVERSAL,regionally established before 1776,UNIVERSAL,Capacités routières réservées à la future refonte du transport; pas de simple +infrastructure figé maintenant.,,future road/transport system,DEFERRED_TRANSPORT_REWORK,NONE,NONE,CONTEXTUAL_STANDARD,TECH_STATE:prerequisites+neighboring_branches;GEOGRAPHY:rivers+infrastructure;ECONOMY:trade_volume,TRANSPORT_CONSTRUCTION,FOUNDATIONAL,BAND_B_LOW,gfx/error_manul.dds,REQUIRED_NOT_CREATED,Préserve un rôle technologique aux routes avant et après le rail.,MEDIUM,MEDIUM,HIGH,Effets numériques à ne pas figer avant la refonte complète des transports.
industrial_acids,Industrial Acids,Production,II,1746–1749+,John Roebuck introduit la chambre de plomb pour l'acide sulfurique en 1746; production à grande échelle à partir de la fin des années 1740.,PRODUCTION_V1_1,improved_fertilizer,KEEP,NO,NO,,,chemical_bleaching;industrial_alkalis;coal_gasification;fractional_distillation;active_principle_pharmacy,PRESERVE_POST_1836_VANILLA_SUCCESSORS_PENDING_ERAS_VII_XII,UNIVERSAL,regionally established before 1776,UNIVERSAL,NEW_BUILDING Chemical Works; NEW_GOOD Industrial Chemicals; PM Lead Chamber Process. Chemical Works devient le bâtiment de base de la chimie lourde.,sulfur; lead; industrial chemicals good DEFERRED,Chemical Works candidate; implementation deferred,acid-process PM candidate,NONE,NONE,CONTEXTUAL_STANDARD,TECH_STATE:prerequisites+neighboring_branches;ECONOMY:industry+inputs+prices,SALT_CHEMISTRY,STANDARD,BAND_B_LOW,gfx/error_manul.dds,REQUIRED_NOT_CREATED,Donne une économie propre à la branche chimique au lieu de simples déblocages annexes.,HIGH,HIGH,HIGH,Industrial Chemicals est un good large; ne pas créer séparément acide sulfurique/chlore/soude sans besoin économique. La Gabelle doit être étudié comme référence comparative pour le sel; sans copier automatiquement ses choix.
advanced_crop_rotations,Advanced Crop Rotations,Production,III,XVIIIe; accélération après 1750,Intégration plus systématique des fourrages; légumineuses et réduction de la jachère.,PRODUCTION_V1_1,intensive_agriculture,SPLIT,NO,NO,improved_husbandry,,systematic_field_drainage,PRESERVE_POST_1836_VANILLA_SUCCESSORS_PENDING_ERAS_VII_XII,UNIVERSAL,frontier / limited adoption in 1776,UNIVERSAL,PM farms: Advanced Crop Rotation; rendement et usage du sol améliorés; synergie élevage/fumure.,livestock/fertilization synergy,grain_farms; selected arable farms,Advanced Crop Rotation,NONE,NONE,CONTEXTUAL_STANDARD,TECH_STATE:prerequisites+neighboring_branches;ECONOMY:agriculture+eligible_land+shortage,AGRICULTURE_FOOD_SPICES,STANDARD,BAND_C_LOW_MEDIUM,gfx/error_manul.dds,REQUIRED_NOT_CREATED,Amélioration de rendement sans mécanisation lourde.,MEDIUM,MEDIUM,HIGH,Ne doit pas effacer les différences régionales de cultures.
selective_breeding,Selective Breeding,Production,III,milieu–fin XVIIIe,Sélection systématique de caractères d'élevage; associée notamment à Robert Bakewell.,PRODUCTION_V1_1,NONE,NEW,N/A,N/A,improved_husbandry,,,PRESERVE_POST_1836_VANILLA_SUCCESSORS_PENDING_ERAS_VII_XII,UNIVERSAL,frontier / limited adoption in 1776,UNIVERSAL,PM livestock ranches: Selective Breeding; viande/laine/fabric selon filière.,meat; fabric/wool abstraction,livestock_ranches,Selective Breeding,NONE,NONE,CONTEXTUAL_STANDARD,TECH_STATE:prerequisites+neighboring_branches;ECONOMY:agriculture+eligible_land+shortage,AGRICULTURE_FOOD_SPICES,STANDARD,BAND_C_LOW_MEDIUM,gfx/error_manul.dds,REQUIRED_NOT_CREATED,Branche d'élevage distincte des cultures.,MEDIUM,MEDIUM,MEDIUM_HIGH,Nom global; les bonus ne doivent pas dépendre d'une race européenne particulière.
industrial_canals,Industrial Canals,Production,III,1760s–début XIXe,Canaux conçus comme réseaux industriels et commerciaux intégrés; ex. Bridgewater Canal (1761).,PRODUCTION_V1_1,NONE,NEW,N/A,N/A,turnpike_road_networks,,professional_civil_engineering,PRESERVE_POST_1836_VANILLA_SUCCESSORS_PENDING_ERAS_VII_XII,UNIVERSAL,frontier / limited adoption in 1776,UNIVERSAL,Capacités canal/transport à réserver à la refonte; peut ouvrir PM/infrastructure fluviale futurs.,,future canals/transport system,DEFERRED_TRANSPORT_REWORK,NONE,NONE,CONTEXTUAL_STANDARD,TECH_STATE:prerequisites+neighboring_branches;ECONOMY:industry+inputs+prices;GEOGRAPHY:rivers+infrastructure;ECONOMY:trade_volume,TRANSPORT_CONSTRUCTION,CONVERGENCE,BAND_C_LOW_MEDIUM,gfx/error_manul.dds,REQUIRED_NOT_CREATED,Transport lourd pré-ferroviaire et compétence de grands travaux.,HIGH,HIGH,HIGH,Ne pas faire disparaître économiquement les canaux dès l'arrivée du rail.
mechanized_spinning,Mechanized Spinning,Production,III,1760s–1770s,Spinning jenny; water frame d'Arkwright brevetée en 1769; Cromford 1771.,PRODUCTION_V1_1,NONE,NEW,N/A,N/A,,,advanced_spinning;cotton_gin,PRESERVE_POST_1836_VANILLA_SUCCESSORS_PENDING_ERAS_VII_XII,UNIVERSAL,frontier / limited adoption in 1776,UNIVERSAL,Textile Mills PM: Spinning Jenny / Water Frame; hausse output; tools/energy inputs selon PM.,tools; cotton/fabric inputs,textile_mills,Spinning Jenny; Water Frame,NONE,NONE,CONTEXTUAL_STANDARD,TECH_STATE:prerequisites+neighboring_branches;ECONOMY:industry+inputs+prices,TEXTILES,FOUNDATIONAL,BAND_C_LOW_MEDIUM,gfx/error_manul.dds,REQUIRED_NOT_CREATED,Premier vrai saut de productivité textile mécanisé.,MEDIUM,MEDIUM,HIGH,Le putting-out ne disparaît pas automatiquement: les subsistence/cottage structures peuvent coexister.
applied_mineralogy,Applied Mineralogy,Production,III,1760s+,Formalisation de l'enseignement minier et métallurgique; notamment Banská Štiavnica (1762–64) et Freiberg (1765).,PRODUCTION_V1_1,prospecting,SPLIT,NO,NO,shaft_mining,,geological_surveying,PRESERVE_POST_1836_VANILLA_SUCCESSORS_PENDING_ERAS_VII_XII,UNIVERSAL,frontier / limited adoption in 1776,UNIVERSAL,PM mines: Ore Assaying & Dressing; base pour spécialisations géologiques futures.,tools; ore outputs,mines,Ore Assaying & Dressing,NONE,improves targeting/assessment; does not create deposits,CONTEXTUAL_STANDARD,TECH_STATE:prerequisites+neighboring_branches;GEOGRAPHY:resources;ECONOMY:mining+price+shortage,RESOURCE_DISCOVERY_AND_MINING,STANDARD,BAND_C_LOW_MEDIUM,gfx/error_manul.dds,REQUIRED_NOT_CREATED,Relie savoir scientifique à l'exploitation des ressources sans 'inventer' les mines.,HIGH,HIGH,HIGH,Bon point d'ancrage pour futurs sous-arbres charbon; minerais métalliques; minéraux industriels; pétrole.
industrial_ceramics,Industrial Ceramics,Production,III,milieu XVIIIe–années 1770,Intégration d'usines spécialisées; division du travail; nouveaux corps/glaçures et production à plus grande échelle; Etruria (1769) est un jalon européen.,PRODUCTION_V1_1,NONE,NEW,N/A,N/A,,,hydraulic_cements;pressed_glass,PRESERVE_POST_1836_VANILLA_SUCCESSORS_PENDING_ERAS_VII_XII,UNIVERSAL,frontier / limited adoption in 1776,UNIVERSAL,EXISTING_BUILDING Glassworks: progression/rework des PM de porcelaine déjà présents dans le même bâtiment que le verre; aucun nouveau Ceramic Works prévu. Peut améliorer rendement; combustible et/ou inputs des PM porcelaine.,coal; porcelain; glass; industrial_chemicals candidate for later glazing/finishing; clay abstraction,EXISTING: glassworks only (porcelain + glass PM groups),Existing vanilla porcelain PM group; exact two-PM baseline to audit before implementation,NONE,NONE,CONTEXTUAL_STANDARD,TECH_STATE:prerequisites+neighboring_branches;ECONOMY:industry+inputs+prices,NONE_DIRECT,STANDARD,BAND_C_LOW_MEDIUM,gfx/error_manul.dds,REQUIRED_NOT_CREATED,Couvre le secteur céramique sans prétendre que l'Europe 'découvre' la porcelaine.,MEDIUM,MEDIUM,HIGH,Les pays à forte tradition céramique peuvent commencer avec cette capacité ou un équivalent. Aucun bâtiment de céramique séparé n'est supposé en V1.1.
precision_boring,Precision Boring,Production,IV,c.1775+,Machine de John Wilkinson vers 1775; précision suffisante pour les cylindres de Watt.,PRODUCTION_V1_1,NONE,NEW,N/A,N/A,coke_smelting,standardized_field_artillery,condensing_steam_engines;mechanical_tools;continuous_papermaking;armament_standardization_inspection,PRESERVE_POST_1836_VANILLA_SUCCESSORS_PENDING_ERAS_VII_XII,UNIVERSAL,post-1776,UNIVERSAL,PM tooling/engine: Precision Boring Equipment; améliore qualité des cylindres et pièces.,iron; tools,tooling_workshops; engine/arms cross-branch,Precision Boring Equipment,NONE,NONE,CONTEXTUAL_STANDARD,TECH_STATE:prerequisites+neighboring_branches;ECONOMY:industry+inputs+prices,NONE_DIRECT,STANDARD,BAND_D_MEDIUM,gfx/error_manul.dds,REQUIRED_NOT_CREATED,Pont critique métallurgie → vapeur → machine tools.,MEDIUM,MEDIUM,HIGH,Node clé de dépendance historique; pas micro-invention gratuite.
condensing_steam_engines,Condensing Steam Engines,Production,IV,1769–1770s+,Condenseur séparé de Watt (brevet 1769); moteurs Boulton & Watt commercialisés à partir des années 1770.,PRODUCTION_V1_1,NONE,NEW,N/A,N/A,atmospheric_engine;precision_boring,,rotative_steam_power,PRESERVE_POST_1836_VANILLA_SUCCESSORS_PENDING_ERAS_VII_XII,UNIVERSAL,post-1776,UNIVERSAL,PM mines: Condensing Pumping Engines; forte efficacité charbon; base de la vapeur rotative.,coal; tools,mines; industrial power later,Condensing Pumping Engine,NONE,NONE,CONTEXTUAL_STANDARD,TECH_STATE:prerequisites+neighboring_branches;ECONOMY:industry+inputs+prices,STEAM_AND_POWER,STANDARD,BAND_D_MEDIUM,gfx/error_manul.dds,REQUIRED_NOT_CREATED,Sépare l'amélioration d'efficacité de la future motorisation rotative.,MEDIUM,MEDIUM,HIGH,La source SMG souligne que le condenseur séparé réduisait fortement la consommation par rapport à Newcomen.
rotative_steam_power,Rotative Steam Power,Production,IV,1780s–1800,Moteurs rotatifs Boulton & Watt dans les années 1780; moteur de Soho 1788 entraînant de multiples machines.,PRODUCTION_V1_1,NONE,NEW,N/A,N/A,condensing_steam_engines,,mechanized_weaving;hot_blast_smelting;paddle_steamer;mechanized_naval_dockyards;mechanized_printing,PRESERVE_POST_1836_VANILLA_SUCCESSORS_PENDING_ERAS_VII_XII,UNIVERSAL,post-1776,UNIVERSAL,PM de puissance vapeur dans Textile; Paper; Food; Furniture; Chemical Works; Steam Winding PM en combinaison avec Deep Mine Engineering.,coal; tools,multiple manufactories; mines,Rotative Steam Engine; Steam Winding (synergy),NONE,NONE,CONTEXTUAL_STANDARD,TECH_STATE:prerequisites+neighboring_branches;ECONOMY:industry+inputs+prices,STEAM_AND_POWER,STANDARD,BAND_D_MEDIUM,gfx/error_manul.dds,REQUIRED_NOT_CREATED,Transforme la vapeur de pompe en source de puissance industrielle générale.,MEDIUM,MEDIUM,HIGH,Doit ouvrir plusieurs PM mais pas remplacer automatiquement l'hydraulique.
advanced_spinning,Advanced Spinning,Production,IV,1772–1779+,Spinning mule de Samuel Crompton; mise au point dans les années 1770.,PRODUCTION_V1_1,NONE,NEW,N/A,N/A,mechanized_spinning,,mechanized_weaving,PRESERVE_POST_1836_VANILLA_SUCCESSORS_PENDING_ERAS_VII_XII,UNIVERSAL,post-1776,UNIVERSAL,Textile Mills PM: Spinning Mule; qualité/output améliorés.,tools; cotton/fabric,textile_mills,Spinning Mule,NONE,NONE,CONTEXTUAL_STANDARD,TECH_STATE:prerequisites+neighboring_branches;ECONOMY:industry+inputs+prices,TEXTILES,STANDARD,BAND_D_MEDIUM,gfx/error_manul.dds,REQUIRED_NOT_CREATED,Deuxième palier textile sans un node pour chaque machine.,MEDIUM,MEDIUM,HIGH,Peut être fusionné ultérieurement si densité finale excessive; mais V1 le conserve.
puddling_and_rolling,Puddling and Rolling,Production,IV,1783–1784+,Procédés d'Henry Cort de puddling et rolling (1783–84).,PRODUCTION_V1_1,NONE,NEW,N/A,N/A,coke_smelting,,railways;hot_blast_smelting;iron_hull_construction,PRESERVE_POST_1836_VANILLA_SUCCESSORS_PENDING_ERAS_VII_XII,UNIVERSAL,post-1776,UNIVERSAL,PM sidérurgie: Puddling Furnaces; Rolling Mills; output fer de construction accru.,coal; iron,iron/steel industry,Puddling Furnaces; Rolling Mills,NONE,NONE,CONTEXTUAL_STANDARD,TECH_STATE:prerequisites+neighboring_branches,NONE_DIRECT,STANDARD,BAND_D_MEDIUM,gfx/error_manul.dds,REQUIRED_NOT_CREATED,Base matérielle des machines; rails et grandes structures avant l'acier bon marché.,MEDIUM,MEDIUM,HIGH,Node métallurgique majeur.
deep_mine_engineering,Deep Mine Engineering,Production,IV,XVIIIe tardif–début XIXe,Combinaison de puits plus profonds; drainage; ventilation; soutènement et organisation du transport souterrain.,PRODUCTION_V1_1,steam_donkey,KEEP,NO,NO,shaft_mining;atmospheric_engine,,mine_safety_engineering,PRESERVE_POST_1836_VANILLA_SUCCESSORS_PENDING_ERAS_VII_XII,UNIVERSAL,post-1776,UNIVERSAL,PM mines: Deep Shaft Workings; Underground Haulage; Steam Winding si Rotative Steam Power connu.,tools; coal; engines abstraction,underground mines,Deep Shaft Workings; Underground Haulage; Steam Winding synergy,NONE,NONE,CONTEXTUAL_STANDARD,TECH_STATE:prerequisites+neighboring_branches;GEOGRAPHY:resources;ECONOMY:mining+price+shortage,RESOURCE_DISCOVERY_AND_MINING,STANDARD,BAND_D_MEDIUM,gfx/error_manul.dds,REQUIRED_NOT_CREATED,Palier haut rendement/haut risque avant sécurité moderne.,MEDIUM,MEDIUM,HIGH,Le couple Deep Mine + Mine Safety doit créer un vrai arbitrage gameplay.
threshing_machine,Threshing Machines,Production,IV,c.1786+,Machine de battage d'Andrew Meikle vers 1786.,PRODUCTION_V1_1,threshing_machine,RETIME,YES,YES,improved_agricultural_implements,,,PRESERVE_POST_1836_VANILLA_SUCCESSORS_PENDING_ERAS_VII_XII,UNIVERSAL,post-1776,UNIVERSAL,Grain Farms PM: Threshing Machines; labor ↓; tools/energy ↑; output efficiency ↑.,tools,grain_farms,Threshing Machines,NONE,NONE,CONTEXTUAL_STANDARD,TECH_STATE:prerequisites+neighboring_branches;ECONOMY:agriculture+eligible_land+shortage;ECONOMY:industry+inputs+prices,AGRICULTURE_FOOD_SPICES,STANDARD,BAND_D_MEDIUM,gfx/error_manul.dds,REQUIRED_NOT_CREATED,Première réduction mécanique importante du travail post-récolte.,MEDIUM,MEDIUM,HIGH,Ne préjuge pas de la mécanisation de la récolte elle-même; plutôt post-1836.
chemical_bleaching,Chemical Bleaching,Production,IV,1785–1799+,Berthollet applique le chlore au blanchiment; Tennant brevète la poudre de blanchiment en 1799.,PRODUCTION_V1_1,chemical_bleaching,RETIME,YES,YES,industrial_acids,,,PRESERVE_POST_1836_VANILLA_SUCCESSORS_PENDING_ERAS_VII_XII,UNIVERSAL,post-1776,UNIVERSAL,Chemical Works PM: Bleaching Powder; Textile/Paper PMs consommant Industrial Chemicals.,industrial_chemicals; sulfur; coal,chemical_works; textile_mills; paper_mills,Bleaching Powder; Chemical Bleaching,NONE,NONE,CONTEXTUAL_STANDARD,TECH_STATE:prerequisites+neighboring_branches;ECONOMY:industry+inputs+prices,SALT_CHEMISTRY,STANDARD,BAND_D_MEDIUM,gfx/error_manul.dds,REQUIRED_NOT_CREATED,Premier grand usage aval des Industrial Chemicals.,MEDIUM,MEDIUM,HIGH,Évite de traiter la chimie comme simple bonus abstrait.
cotton_gin,Cotton Gin,Production,IV,1793–1794+,Cotton gin de Whitney (1793/94) accélérant l'égrenage du coton à fibres courtes.,PRODUCTION_V1_1,cotton_gin,RETIME,YES,YES,mechanized_spinning,,,PRESERVE_POST_1836_VANILLA_SUCCESSORS_PENDING_ERAS_VII_XII,UNIVERSAL,post-1776,UNIVERSAL,Cotton Plantation PM: Cotton Gin; output coton ↑; travail d'égrenage ↓.,cotton; tools,cotton_plantations,Cotton Gin,NONE,NONE,CONTEXTUAL_STANDARD,TECH_STATE:prerequisites+neighboring_branches;ECONOMY:agriculture+eligible_land+shortage;ECONOMY:industry+inputs+prices,AGRICULTURE_FOOD_SPICES,STANDARD,BAND_D_MEDIUM,gfx/error_manul.dds,REQUIRED_NOT_CREATED,Relie hausse de capacité textile et production primaire de coton.,MEDIUM,MEDIUM,HIGH,Ne doit pas coder l'esclavage comme effet intrinsèque de la technologie; les relations de travail relèvent des lois/institutions.
automated_flour_milling,Automated Flour Milling,Production,IV,1783–1795+,Oliver Evans développe un système intégré et quasi continu; fonctionnement attesté en 1785; brevet 1790.,PRODUCTION_V1_1,NONE,NEW,N/A,N/A,improved_agricultural_implements,,canneries,PRESERVE_POST_1836_VANILLA_SUCCESSORS_PENDING_ERAS_VII_XII,UNIVERSAL,post-1776,UNIVERSAL,Food Industries PM: Automated Flour Milling; labour ↓; tools/mechanical inputs ↑; groceries/flour efficiency ↑.,grain; tools,food_industries,Automated Flour Milling,NONE,NONE,CONTEXTUAL_STANDARD,TECH_STATE:prerequisites+neighboring_branches,AGRICULTURE_FOOD_SPICES,STANDARD,BAND_D_MEDIUM,gfx/error_manul.dds,REQUIRED_NOT_CREATED,Donne une vraie branche de mécanisation aux Food Industries avant la conserve.,MEDIUM,MEDIUM,HIGH,Très bon PM existant/nouveau sans créer un nouveau good farine.
mechanical_tools,Mechanical Tools,Production,V,c.1797–1820,Tour à fileter de Maudslay vers 1800 et ensemble croissant de machines-outils précises.,PRODUCTION_V1_1,lathe;mechanical_tools,MERGE,YES,YES,precision_boring,,high_pressure_steam;interchangeable_manufacture;hydraulic_turbines;pressed_glass;fractional_distillation;rifling;mechanized_naval_dockyards;iron_hull_construction;mechanized_printing,PRESERVE_POST_1836_VANILLA_SUCCESSORS_PENDING_ERAS_VII_XII,UNIVERSAL,post-1776,UNIVERSAL,Tooling Workshops PM: Precision Machine Tools; PM package Mechanized Woodworking/Power Saws possible; quality/throughput machinery ↑.,iron; tools,tooling_workshops; logging/furniture PM hooks; military industries cross-link,Precision Machine Tools; Mechanized Woodworking candidate,NONE,NONE,CONTEXTUAL_STANDARD,TECH_STATE:prerequisites+neighboring_branches;ECONOMY:industry+inputs+prices,NONE_DIRECT,STANDARD,BAND_E_MEDIUM_HIGH,gfx/error_manul.dds,REQUIRED_NOT_CREATED,Nœud transversal d'industrialisation; sans micro-node 'screw-cutting lathe'.,MEDIUM,MEDIUM,HIGH,Screw-Cutting Lathes est MERGED ici.
high_pressure_steam,High-Pressure Steam,Production,V,1802–1810+,Trevithick et Vivian brevetent un moteur haute pression en 1802; machines pratiques au début des années 1800.,PRODUCTION_V1_1,rotary_valve_engine;watertube_boiler,KEEP,NO,NO,atmospheric_engine;mechanical_tools,,railways,rotary_valve_engine and watertube_boiler remain later vanilla bridges,UNIVERSAL,post-1776,UNIVERSAL,PM Compact High-Pressure Engines; prérequis mobilité/rail; moteurs plus puissants avec risque chaudière accru.,coal; tools,industrial PMs; rail later,High-Pressure Steam Engines,NONE,NONE,CONTEXTUAL_STANDARD,TECH_STATE:prerequisites+neighboring_branches;ECONOMY:industry+inputs+prices,STEAM_AND_POWER,STANDARD,BAND_E_MEDIUM_HIGH,gfx/error_manul.dds,REQUIRED_NOT_CREATED,Branche vapeur compacte différente de la seule efficacité Watt.,MEDIUM,MEDIUM,HIGH,La dépendance à Precision Machine Tools est une abstraction de capacité de fabrication; pas une causalité exclusive.
mechanized_weaving,Mechanized Weaving,Production,V,1785 prototype; adoption pratique surtout 1800–1820,Power loom de Cartwright breveté en 1785; amélioré ensuite.,PRODUCTION_V1_1,NONE,NEW,N/A,N/A,advanced_spinning;rotative_steam_power,,,PRESERVE_POST_1836_VANILLA_SUCCESSORS_PENDING_ERAS_VII_XII,UNIVERSAL,post-1776,UNIVERSAL,Textile Mills PM: Power Looms; output tissu ↑; labour composition modifiée; power/tools inputs ↑.,tools; coal/water power,textile_mills,Power Looms,NONE,NONE,CONTEXTUAL_STANDARD,TECH_STATE:prerequisites+neighboring_branches;ECONOMY:industry+inputs+prices,TEXTILES,STANDARD,BAND_E_MEDIUM_HIGH,gfx/error_manul.dds,REQUIRED_NOT_CREATED,Ne confond pas brevet 1785 avec diffusion instantanée.,MEDIUM,MEDIUM,HIGH,Placement Era V reflète adoption; pas première invention.
industrial_alkalis,Industrial Alkalis,Production,V,1791 invention; essor après 1807 et années 1820,Procédé Leblanc: sel + acide sulfurique puis calcaire/charbon pour produire la soude.,PRODUCTION_V1_1,aniline,KEEP,NO,NO,industrial_acids,,pressed_glass,PRESERVE_POST_1836_VANILLA_SUCCESSORS_PENDING_ERAS_VII_XII,UNIVERSAL,post-1776,UNIVERSAL,Chemical Works PM: Leblanc Process; Industrial Chemicals output ↑; PM aval verre/savon/papier; forte pollution. Salt devient un input fort candidat si le good est retenu.,salt (REQUIRED Leblanc-chain input); coal; acid-process abstraction; industrial chemicals good DEFERRED,chemical_works; glassworks; paper_mills,salt-consuming alkali / Leblanc PM candidate,NONE,NONE,CONTEXTUAL_STANDARD,TECH_STATE:prerequisites+neighboring_branches;ECONOMY:industry+inputs+prices,SALT_CHEMISTRY,STANDARD,BAND_E_MEDIUM_HIGH,gfx/error_manul.dds,REQUIRED_NOT_CREATED,Deuxième grand palier Chemical Works et pivot de demande multi-sectorielle.,HIGH,HIGH,HIGH,Salt = STRONG_CANDIDATE_GOOD. Avant implémentation; auditer La Gabelle et la distribution mondiale historique. Ne pas importer ses mécaniques sans réévaluation.
canneries,Canneries,Production,V,1809–1815+,Appert récompensé 1809/1810; brevet britannique de récipient métallique 1810; Donkin produit industriellement dès 1812.,PRODUCTION_V1_1,canneries;vacuum_canning,RETIME,YES,YES,automated_flour_milling,,,PRESERVE_POST_1836_VANILLA_SUCCESSORS_PENDING_ERAS_VII_XII,UNIVERSAL,post-1776,UNIVERSAL,REUSE/RETIME vanilla Food Industries Canning PM; développer les PM existants plutôt que créer un bâtiment séparé. Possible early Glass Bottling & Tinned Preserves PM; aucun nouveau good canned_food.,grain; fish/meat; salt (REQUIRED); spices (REQUIRED); groceries,Food Industries,salted preservation / spiced food PMs; values deferred,NONE,NONE,CONTEXTUAL_STANDARD,TECH_STATE:prerequisites+neighboring_branches,NONE_DIRECT,STANDARD,BAND_E_MEDIUM_HIGH,gfx/error_manul.dds,REQUIRED_NOT_CREATED,S'appuie sur le système vanilla au lieu de dupliquer une filière alimentaire.,HIGH,HIGH,HIGH,Mechanized Canning reste POST-1836. La branche Food Industries doit étendre les PM vanilla de mise en conserve au lieu de dupliquer le système.
improved_road_engineering,Improved Road Engineering,Production,V,c.1800–1830,Méthodes Telford/McAdam: fondations; drainage; granulométrie et profils améliorés.,PRODUCTION_V1_1,NONE,NEW,N/A,N/A,turnpike_road_networks,,systematic_field_drainage;professional_civil_engineering,PRESERVE_POST_1836_VANILLA_SUCCESSORS_PENDING_ERAS_VII_XII,UNIVERSAL,post-1776,UNIVERSAL,Capacités routières avancées réservées à DEFERRED_TRANSPORT_REWORK.,stone/gravel abstraction; tools,future road/transport system,DEFERRED_TRANSPORT_REWORK,NONE,NONE,CONTEXTUAL_STANDARD,TECH_STATE:prerequisites+neighboring_branches;GEOGRAPHY:rivers+infrastructure;ECONOMY:trade_volume,TRANSPORT_CONSTRUCTION,STANDARD,BAND_E_MEDIUM_HIGH,gfx/error_manul.dds,REQUIRED_NOT_CREATED,Maintient la route comme technologie pertinente plutôt que simple étape jetable avant rail.,MEDIUM,MEDIUM,HIGH,Effets à figer seulement après refonte route/canal/cabotage/rail.
systematic_field_drainage,Systematic Field Drainage,Production,V,1750–1830s; diffusion accrue début XIXe,Sous-drainage plus systématique; drains pierre/branchages puis premières tuiles au début XIXe.,PRODUCTION_V1_1,NONE,NEW,N/A,N/A,advanced_crop_rotations;improved_road_engineering,,,PRESERVE_POST_1836_VANILLA_SUCCESSORS_PENDING_ERAS_VII_XII,UNIVERSAL,post-1776,UNIVERSAL,PM farms adaptés: Systematic Field Drainage; rendement/fiabilité ↑ sur terres humides; coût tools/construction ↑.,tools; construction materials,selected farms,Systematic Field Drainage,NONE,NONE,CONTEXTUAL_STANDARD,TECH_STATE:prerequisites+neighboring_branches;ECONOMY:agriculture+eligible_land+shortage,AGRICULTURE_FOOD_SPICES,STANDARD,BAND_E_MEDIUM_HIGH,gfx/error_manul.dds,REQUIRED_NOT_CREATED,Amélioration agricole conditionnelle au type de culture/terrain; pas bonus universel.,MEDIUM,MEDIUM,HIGH,Industrial Tile Drainage est volontairement post-1836.
mine_safety_engineering,Mine Safety Engineering,Production,V,1815–1830s,Lampe de sûreté Davy 1815; essais 1816; améliorations ventilation et procédures de tir.,PRODUCTION_V1_1,NONE,NEW,N/A,N/A,deep_mine_engineering,,,PRESERVE_POST_1836_VANILLA_SUCCESSORS_PENDING_ERAS_VII_XII,UNIVERSAL,post-1776,UNIVERSAL,Mine PM: Safety Lamps & Ventilation; Safer Blasting; mortalité/accidents ↓; coût/tools ↑.,tools; possible industrial_chemicals later,underground mines,Safety Lamps & Ventilation; Safer Blasting,NONE,NONE,CONTEXTUAL_STANDARD,TECH_STATE:prerequisites+neighboring_branches;GEOGRAPHY:resources;ECONOMY:mining+price+shortage,RESOURCE_DISCOVERY_AND_MINING,STANDARD,BAND_E_MEDIUM_HIGH,gfx/error_manul.dds,REQUIRED_NOT_CREATED,Exploite explicitement les mécaniques Vic3 de mortalité et de pollution/conditions de travail.,MEDIUM,MEDIUM,HIGH,La mortalité étant modélisée par Victoria 3; ce node doit avoir un impact concret; pas seulement un bonus abstrait.
continuous_papermaking,Continuous Papermaking,Production,V,1799–1807+,Machine Robert/Fourdrinier; développée industriellement avec Donkin au début des années 1800.,PRODUCTION_V1_1,NONE,NEW,N/A,N/A,precision_boring,,mechanized_printing,PRESERVE_POST_1836_VANILLA_SUCCESSORS_PENDING_ERAS_VII_XII,UNIVERSAL,post-1776,UNIVERSAL,Paper Mills PM: Fourdrinier Machine; output ↑; labour ↓; tools/power ↑.,wood/rags abstraction; tools; coal/water power,paper_mills,Fourdrinier Machine,NONE,NONE,CONTEXTUAL_STANDARD,TECH_STATE:prerequisites+neighboring_branches;ECONOMY:industry+inputs+prices,NONE_DIRECT,STANDARD,BAND_E_MEDIUM_HIGH,gfx/error_manul.dds,REQUIRED_NOT_CREATED,Fait progresser Paper Mills indépendamment de la seule chimie.,MEDIUM,MEDIUM,HIGH,Mechanical Printing (1812/1814) est réservé comme candidat Society/cross-branch; pas node Production séparé.
coal_gasification,Coal Gasification,Production,V,1790s–1815,Expériences de Murdoch puis premières entreprises de gaz public; Gas Light and Coke Company (1812).,PRODUCTION_V1_1,NONE,NEW,N/A,N/A,industrial_acids;coke_smelting,,,PRESERVE_POST_1836_VANILLA_SUCCESSORS_PENDING_ERAS_VII_XII,UNIVERSAL,post-1776,UNIVERSAL,Urban Center PM: Gas Streetlights; coal input; option Gasworks dédiée à réévaluer plus tard; sans nouveau good gas pour V1.,coal,urban_centers; optional future gasworks,Gas Streetlights,NONE,NONE,CONTEXTUAL_STANDARD,TECH_STATE:prerequisites+neighboring_branches;GEOGRAPHY:resources;ECONOMY:mining+price+shortage,NONE_DIRECT,STANDARD,BAND_E_MEDIUM_HIGH,gfx/error_manul.dds,REQUIRED_NOT_CREATED,Ajoute une demande urbaine au charbon et une filière d'utilité sans micro-good immédiat.,MEDIUM,MEDIUM,HIGH,Un good 'town gas' n'est pas retenu pour V1.
professional_civil_engineering,Professional Civil Engineering,Production,V,fin XVIIIe–1828,Professionnalisation croissante; Institution of Civil Engineers fondée en 1818; Telford président en 1820.,PRODUCTION_V1_1,modern_sewerage;urban_planning;urbanization,REWIRE,NO,NO,industrial_canals;improved_road_engineering,,railways;geological_surveying;hydraulic_cements;hydraulic_turbines,PRESERVE_POST_1836_VANILLA_SUCCESSORS_PENDING_ERAS_VII_XII,UNIVERSAL,post-1776,UNIVERSAL,Construction/Infrastructure capability; PM Engineered Works candidate; prérequis Railway; Geological Surveying; Hydraulic Cements; Hydraulic Turbines.,tools; iron; construction materials,construction_sector; infrastructure systems,Engineered Works candidate,NONE,NONE,CONTEXTUAL_STANDARD,TECH_STATE:prerequisites+neighboring_branches;GEOGRAPHY:rivers+infrastructure;ECONOMY:trade_volume,TRANSPORT_CONSTRUCTION,CONVERGENCE,BAND_E_MEDIUM_HIGH,gfx/error_manul.dds,REQUIRED_NOT_CREATED,Nœud d'intégration des grands travaux sans créer un 'Factory Organization' artificiel.,HIGH,HIGH,HIGH,Peut recevoir un prérequis Society ultérieur mais reste en Production V1.
interchangeable_manufacture,Interchangeable Manufacture,Production,VI,1800–1830s; maturité progressive,Systèmes intégrés de production en série à Portsmouth (1803–06) et autres expériences de standardisation; maturation graduelle.,PRODUCTION_V1_1,manufacturies;mechanized_workshops,SPLIT,NO,NO,mechanical_tools,,,PRESERVE_POST_1836_VANILLA_SUCCESSORS_PENDING_ERAS_VII_XII,UNIVERSAL,post-1776,UNIVERSAL,Tooling/arms/selected industry PM: Standardized Parts; economies of scale/throughput.,tools; iron,tooling_workshops; arms_industries cross-link,Standardized Parts,NONE,NONE,CONTEXTUAL_STANDARD,TECH_STATE:prerequisites+neighboring_branches;ECONOMY:industry+inputs+prices,NONE_DIRECT,STANDARD,BAND_F_HIGH,gfx/error_manul.dds,REQUIRED_NOT_CREATED,Prépare standardisation et production de masse sans prétendre qu'elle est déjà généralisée en 1825.,MEDIUM,MEDIUM,HIGH,Le Portsmouth system est un jalon; pas preuve d'une diffusion générale immédiate.
railways,Railways,Production,VI,1825–1830s,Stockton & Darlington ouvre en 1825 comme première ligne publique exploitée à vapeur; système commercial se structure ensuite.,PRODUCTION_V1_1,railways;steel_railway_cars,RETIME,YES,YES,high_pressure_steam;puddling_and_rolling;professional_civil_engineering,,,vanilla rail/engine sequence after 1836; steel_railway_cars retained later,UNIVERSAL,post-1776,UNIVERSAL,Railway building/system; locomotion/rail PMs; effets précis DEFERRED_TRANSPORT_REWORK.,iron; coal; tools; engines,railways,DEFERRED_TRANSPORT_REWORK,NONE,NONE,CONTEXTUAL_STANDARD,TECH_STATE:prerequisites+neighboring_branches;GEOGRAPHY:rivers+infrastructure;ECONOMY:trade_volume,TRANSPORT_CONSTRUCTION,CONVERGENCE,BAND_F_HIGH,gfx/error_manul.dds,REQUIRED_NOT_CREATED,Technologie-système; pas simple 'Steam Locomotive'.,HIGH,HIGH,HIGH,Le rail ne doit pas rendre routes/canaux inutiles; refonte transport séparée.
geological_surveying,Geological Surveying,Production,VI,1815–1835,Carte géologique de William Smith (1815); travaux officiels de De la Beche à partir de 1832 et Geological Survey en 1835.,PRODUCTION_V1_1,NONE,NEW,N/A,N/A,applied_mineralogy;professional_civil_engineering,,,Coal Geology; Ore Geology; Industrial Minerals; Petroleum Geology in eras VII-XII,UNIVERSAL,post-1776,UNIVERSAL,Ouvre futurs sous-arbres: Coal Geology; Metallic Ores; Industrial Minerals; Petroleum Geology; resource-potential/prospecting mechanics.,future resource potentials,mines; future prospecting/resource systems,Geological Surveying/Prospecting candidate,NONE,PROGRESSIVE monthly/quarterly candidate checks; state-attached discovery; proportional to remaining hidden deposit; hard geological cap,CONTEXTUAL_STANDARD,TECH_STATE:prerequisites+neighboring_branches;GEOGRAPHY:resources;ECONOMY:mining+price+shortage,RESOURCE_DISCOVERY_AND_MINING,CONVERGENCE,BAND_F_HIGH,gfx/error_manul.dds,REQUIRED_NOT_CREATED,Permet découverte/exploitation spécialisée sans faire comme si fer/charbon n'existaient pas auparavant.,HIGH,HIGH,HIGH,Utiliser plus tard change_resource_potential lorsque historiquement pertinent.
hot_blast_smelting,Hot Blast Smelting,Production,VI,1828+,Brevet de James Beaumont Neilson en 1828 pour préchauffer l'air de soufflage.,PRODUCTION_V1_1,NONE,NEW,N/A,N/A,puddling_and_rolling;rotative_steam_power,,,bessemer_process and later steelmaking remain post-1836,UNIVERSAL,post-1776,UNIVERSAL,Iron/Steel PM: Hot Blast Furnaces; fuel efficiency ↑; output ↑; lower-grade input tolerance candidate.,coal; iron,iron/steel industry,Hot Blast Furnaces,NONE,NONE,CONTEXTUAL_STANDARD,TECH_STATE:prerequisites+neighboring_branches;GEOGRAPHY:resources;ECONOMY:mining+price+shortage,NONE_DIRECT,STANDARD,BAND_F_HIGH,gfx/error_manul.dds,REQUIRED_NOT_CREATED,Dernier grand saut pré-1836 de la fonte avant la sidérurgie moderne.,MEDIUM,MEDIUM,HIGH,À calibrer contre les PM vanilla postérieurs.
hydraulic_cements,Hydraulic Cements,Production,VI,1796–1830s,Roman cement breveté 1796; Aspdin brevète son 'Portland cement' en 1824; mais le vrai clinker Portland moderne se consolide surtout dans les années 1840.,PRODUCTION_V1_1,reinforced_concrete,KEEP,NO,NO,professional_civil_engineering;industrial_ceramics,,,reinforced_concrete remains distinct and post-1836,UNIVERSAL,post-1776,UNIVERSAL,Construction/ports/canals PM: Hydraulic Cement Mortars; PAS de new good cement avant la tech post-1836 Portland Cement. Prépare une future demande de ciment principalement portée par la construction.,cement good DEFERRED; technology retained,construction_sector; ports/canals/infrastructure PM candidates; future urban construction/housing PMs if system supports them,Hydraulic Cement Mortars,NONE,NONE,CONTEXTUAL_STANDARD,TECH_STATE:prerequisites+neighboring_branches,TRANSPORT_CONSTRUCTION,STANDARD,BAND_F_HIGH,gfx/error_manul.dds,REQUIRED_NOT_CREATED,Évite d'anticiper le ciment Portland moderne tout en représentant les matériaux hydrauliques pré-1836.,HIGH,HIGH,HIGH,Portland Cement comme good/building moderne = Era VII candidate. Son équilibre économique doit reposer d'abord sur Construction Sectors et usages d'infrastructure légitimes.
hydraulic_turbines,Hydraulic Turbines,Production,VI,1826–1837,Fourneyron construit en 1826–27 la première turbine radiale à écoulement sortant; type introduit en 1827.,PRODUCTION_V1_1,NONE,NEW,N/A,N/A,professional_civil_engineering;mechanical_tools,,,PRESERVE_POST_1836_VANILLA_SUCCESSORS_PENDING_ERAS_VII_XII,UNIVERSAL,post-1776,UNIVERSAL,PM Advanced Water Power/Turbines dans manufactures compatibles; forte efficacité sans charbon; dépendance géographique/hydraulique.,tools; iron; water-power potential abstraction,selected manufactories,Hydraulic Turbines / Advanced Water Power,NONE,NONE,CONTEXTUAL_STANDARD,TECH_STATE:prerequisites+neighboring_branches,STEAM_AND_POWER,STANDARD,BAND_F_HIGH,gfx/error_manul.dds,REQUIRED_NOT_CREATED,Évite un arbre pré-1836 entièrement déterminé par le charbon et la vapeur.,MEDIUM,MEDIUM,HIGH,Node ajouté lors de la passe finale pour éviter une trajectoire trop britannico-charbonnière.
pressed_glass,Pressed Glass,Production,VI,1820s–1830s,Pressage mécanique du verre développé aux États-Unis dans les années 1820; innovation autour de 1825.,PRODUCTION_V1_1,crystal_glass,RETIME,NO,NO,industrial_ceramics;industrial_alkalis;mechanical_tools,,modern_lighthouse_optics,PRESERVE_POST_1836_VANILLA_SUCCESSORS_PENDING_ERAS_VII_XII,UNIVERSAL,post-1776,UNIVERSAL,Glassworks PM: Mechanical Glass Pressing; labour ↓; output glass/luxury glass ↑; tools/coal/chemicals ↑.,industrial_chemicals; coal; tools; glass,glassworks,Mechanical Glass Pressing,NONE,NONE,CONTEXTUAL_STANDARD,TECH_STATE:prerequisites+neighboring_branches;ECONOMY:industry+inputs+prices,STATE_INFORMATION_AND_MEDIA,CONVERGENCE,BAND_F_HIGH,gfx/error_manul.dds,REQUIRED_NOT_CREATED,Donne un progrès pré-1836 clair au secteur glassworks.,HIGH,HIGH,HIGH,Ne doit pas être confondu avec l'existence du verre ou de la porcelaine.
fractional_distillation,Fractional Distillation,Production,VI,1808–1833,Cellier-Blumenthal conçoit un still continu pratique (1808; brevet 1813); Stein 1827; Coffey brevet 1830/31.,PRODUCTION_V1_1,distillation;fractional_distillation,RETIME,YES,YES,mechanical_tools;industrial_acids,,,PRESERVE_POST_1836_VANILLA_SUCCESSORS_PENDING_ERAS_VII_XII,UNIVERSAL,post-1776,UNIVERSAL,Food Industries PM: Continuous Distillation; liquor output ↑; labour ↓; coal/tools ↑; peut aussi fournir alcohol industriel plus tard.,grain/sugar inputs per PM; coal; tools,food_industries,Continuous Distillation,NONE,NONE,CONTEXTUAL_STANDARD,TECH_STATE:prerequisites+neighboring_branches,SALT_CHEMISTRY,STANDARD,BAND_F_HIGH,gfx/error_manul.dds,REQUIRED_NOT_CREATED,Crée une progression pré-1836 pour la production de liquor sans nouveau bâtiment obligatoire.,MEDIUM,MEDIUM,MEDIUM_HIGH,Adoption encore limitée en 1836: Era VI frontier tech; pas tech de départ générale.
scientific_fortification_siegecraft,Scientific Fortification & Siegecraft,Military,I,~1690–1719,Capacité mature avant 1700 dans plusieurs États; ne doit pas être présentée comme une invention du XVIIIe siècle.,MILITARY_NAVAL_V1,NONE,NEW,N/A,N/A,,,regulated_small_arms;permanent_engineer_services,PRESERVE_POST_1836_VANILLA_SUCCESSORS_PENDING_ERAS_VII_XII,UNIVERSAL_STARTING_DIFFERENTIAL,regionally established before 1776,UNIVERSAL_STARTING_DIFFERENTIAL,Fortifications bastionnées; sièges méthodiques; sape; ingénieurs spécialisés,,,,NONE,NONE,CONTEXTUAL_STANDARD,TECH_STATE:prerequisites+neighboring_branches;MILITARY:army+rivals+readiness,NONE_DIRECT,FOUNDATIONAL,BAND_A_LOWEST,gfx/error_manul.dds,REQUIRED_NOT_CREATED,Tech de départ différenciée; améliore forts/siege support plutôt qu'un simple bonus d'attaque.,MEDIUM,MEDIUM,MEDIUM,Souvent déjà possédée par les grandes puissances disposant d'un corps d'ingénieurs en 1700/1776.
state_dockyard_systems,State Dockyard Systems,Naval,I,~1690–1719,Les grands arsenaux navals intégrés sont antérieurs à 1700 dans plusieurs puissances maritimes.,MILITARY_NAVAL_V1,admiralty;drydocks;power_of_the_purse,SPLIT,NO,NO,institutionalized_public_credit,,scientific_naval_architecture;mechanized_naval_dockyards,PRESERVE_POST_1836_VANILLA_SUCCESSORS_PENDING_ERAS_VII_XII,UNIVERSAL_STARTING_DIFFERENTIAL,regionally established before 1776,UNIVERSAL_STARTING_DIFFERENTIAL,Dry docks; mast ponds; ropeworks; stores; naval repair/construction capacity,Shipbuilding inputs; timber; fabric; tools,,,NONE,NONE,CONTEXTUAL_STANDARD,TECH_STATE:prerequisites+neighboring_branches;GEOGRAPHY:coast+ports;MILITARY:navy+strategic_need,NAVAL_SHIPBUILDING_AND_TRADE,STANDARD,BAND_A_LOWEST,gfx/error_manul.dds,REQUIRED_NOT_CREATED,Socle industriel/organisationnel des flottes d'État et de la construction navale.,MEDIUM,MEDIUM,MEDIUM,Déjà possédée seulement par les États disposant d'arsenaux complexes; ne pas donner à toutes les puissances côtières.
enclosed_dock_systems,Enclosed Dock Systems,Naval,I,~1690–1719,Liverpool ouvre un wet dock commercial en 1715; généralisation progressive des bassins fermés.,MILITARY_NAVAL_V1,NONE,NEW,N/A,N/A,,,ship_classification_surveying,PRESERVE_POST_1836_VANILLA_SUCCESSORS_PENDING_ERAS_VII_XII,UNIVERSAL,widely established before 1776,UNIVERSAL,Port PM/capacity for enclosed basins; regular loading/unloading; commercial repairs,Construction materials; tools,,,NONE,NONE,CONTEXTUAL_STANDARD,TECH_STATE:prerequisites+neighboring_branches;GEOGRAPHY:coast+ports;MILITARY:navy+strategic_need,NAVAL_SHIPBUILDING_AND_TRADE,FOUNDATIONAL,BAND_A_LOWEST,gfx/error_manul.dds,REQUIRED_NOT_CREATED,Donne une progression portuaire pré-ferroviaire sans confondre port commercial et arsenal militaire.,MEDIUM,MEDIUM,MEDIUM,Peut être absent hors grands centres marchands; diffusion par ingénierie portuaire.
regulated_small_arms,Regulated Small Arms,Military,II,~1720–1749,France: fusil réglementaire 1717; Grande-Bretagne: Long Land Pattern 1727.,MILITARY_NAVAL_V1,gunsmithing;line_infantry,SPLIT,NO,NO,scientific_fortification_siegecraft,,light_infantry_tactics;armament_standardization_inspection,PRESERVE_POST_1836_VANILLA_SUCCESSORS_PENDING_ERAS_VII_XII,UNIVERSAL,regionally established before 1776,UNIVERSAL,Regulated musket patterns; standardized calibres; improved small-arms PM,Small arms production; tools,,,NONE,NONE,CONTEXTUAL_STANDARD,TECH_STATE:prerequisites+neighboring_branches;MILITARY:army+rivals+readiness,NONE_DIRECT,STANDARD,BAND_B_LOW,gfx/error_manul.dds,REQUIRED_NOT_CREATED,Standardise approvisionnement et production sans prétendre à l'interchangeabilité.,MEDIUM,MEDIUM,MEDIUM,Certains États européens l'ont tôt; d'autres pays peuvent disposer d'autres traditions d'armes à feu sans ce niveau de réglementation.
light_infantry_tactics,Light Infantry Tactics,Military,III,~1750–1774,Diffusion des unités légères spécialisées au milieu du XVIIIe siècle; notamment après les guerres coloniales et la guerre de Sept Ans.,MILITARY_NAVAL_V1,military_drill,REWIRE,NO,NO,regulated_small_arms,,rifling,PRESERVE_POST_1836_VANILLA_SUCCESSORS_PENDING_ERAS_VII_XII,UNIVERSAL,frontier / limited adoption in 1776,UNIVERSAL,Skirmish/reconnaissance infantry role; later rifle-specialist PMs,,,,NONE,NONE,CONTEXTUAL_STANDARD,TECH_STATE:prerequisites+neighboring_branches;MILITARY:army+rivals+readiness,NONE_DIRECT,STANDARD,BAND_C_LOW_MEDIUM,gfx/error_manul.dds,REQUIRED_NOT_CREATED,Concept historique à conserver même si le node final réutilise une tech vanilla.,MEDIUM,MEDIUM,MEDIUM,Certaines traditions légères/irrégulières sont antérieures; ce node représente leur formalisation dans les armées régulières.
standardized_field_artillery,Standardized Field Artillery Systems,Military,III,~1750–1774,Gribeauval réforme l'artillerie française à partir de 1764 comme système complet: armes + véhicules + services + standardisation.,MILITARY_NAVAL_V1,artillery,SPLIT,NO,NO,,,precision_boring;armament_standardization_inspection;horse_artillery;explosive_field_ammunition;shell_gun,PRESERVE_POST_1836_VANILLA_SUCCESSORS_PENDING_ERAS_VII_XII,UNIVERSAL,frontier / limited adoption in 1776,UNIVERSAL,Standardized calibres; field artillery systems; caissons; service differentiation; artillery PMs,Artillery industry; tools; iron,,,NONE,NONE,CONTEXTUAL_STANDARD,TECH_STATE:prerequisites+neighboring_branches;MILITARY:army+rivals+readiness,NONE_DIRECT,FOUNDATIONAL,BAND_C_LOW_MEDIUM,gfx/error_manul.dds,REQUIRED_NOT_CREATED,Node-système; pas simple 'meilleur canon'.,MEDIUM,MEDIUM,MEDIUM,Le système Gribeauval sert de jalon; mais le node reste générique et peut être atteint par d'autres traditions.
permanent_military_hospitals,Permanent Military Hospitals,Military,III,~1750–1774,Haslar ouvre aux patients en 1753 et constitue un des premiers grands hôpitaux navals permanents modernes.,MILITARY_NAVAL_V1,NONE,NEW,N/A,N/A,medical_degrees,,battlefield_evacuation,PRESERVE_POST_1836_VANILLA_SUCCESSORS_PENDING_ERAS_VII_XII,UNIVERSAL,frontier / limited adoption in 1776,UNIVERSAL,Military/naval hospital organization; recovery ↑; disease mortality ↓,Groceries/medicine inputs later,,,NONE,NONE,CONTEXTUAL_STANDARD,TECH_STATE:prerequisites+neighboring_branches;MILITARY:army+rivals+readiness,MILITARY_SUPPLY_AND_HEALTH,STANDARD,BAND_C_LOW_MEDIUM,gfx/error_manul.dds,REQUIRED_NOT_CREATED,Exploite récupération/mortalité plutôt qu'un bonus de combat.,MEDIUM,MEDIUM,MEDIUM,Haslar est un jalon britannique; le concept est générique et doit pouvoir être acquis ailleurs.
scientific_naval_architecture,Scientific Naval Architecture,Naval,III,~1750–1774,Chapman publie Architectura Navalis Mercatoria en 1768 et formalise calculs; proportions; stabilité; plans.,MILITARY_NAVAL_V1,NONE,NEW,N/A,N/A,state_dockyard_systems,,copper_sheathing;standardized_naval_signals;paddle_steamer;mechanized_naval_dockyards;diagonal_ship_framing;shell_gun;iron_hull_construction,PRESERVE_POST_1836_VANILLA_SUCCESSORS_PENDING_ERAS_VII_XII,UNIVERSAL,frontier / limited adoption in 1776,UNIVERSAL,Calculated hull design; standardized plans; merchant + warship design competence,Timber; tools; shipbuilding inputs,,,country/design capability; no new slot,NONE,CONTEXTUAL_STANDARD,TECH_STATE:prerequisites+neighboring_branches;GEOGRAPHY:coast+ports;MILITARY:navy+strategic_need,NAVAL_SHIPBUILDING_AND_TRADE,STANDARD,BAND_C_LOW_MEDIUM,gfx/error_manul.dds,REQUIRED_NOT_CREATED,Doit ouvrir capacités du Ship Designer/shipbuilding après audit 1.13.9.,HIGH,HIGH,MEDIUM,Les traditions navales avancées non européennes ne sont pas niées; le node représente formalisation calculée/standardisée.
marine_chronometry,Marine Chronometry,Naval,III,~1750–1774,H4 (1759) puis K1 (1769) montrent une solution pratique au problème de longitude.,MILITARY_NAVAL_V1,navigation,SPLIT,NO,NO,,,hydrographic_surveying,PRESERVE_POST_1836_VANILLA_SUCCESSORS_PENDING_ERAS_VII_XII,UNIVERSAL,frontier / limited adoption in 1776,UNIVERSAL,Longitude at sea capability; navigation accuracy; exploration/commercial/naval range efficiency,Precision instruments; glass/metals,,,country range/navigation modifier; not a physical component,NONE,CONTEXTUAL_STANDARD,TECH_STATE:prerequisites+neighboring_branches;GEOGRAPHY:coast+ports;MILITARY:navy+strategic_need,NAVAL_SHIPBUILDING_AND_TRADE,FOUNDATIONAL,BAND_C_LOW_MEDIUM,gfx/error_manul.dds,REQUIRED_NOT_CREATED,Civil + militaire; ne doit pas seulement donner un bonus aux navires de guerre.,HIGH,HIGH,MEDIUM,Peut diffuser par commerce/instruments; certains pays doivent commencer plus tôt/plus tard selon accès.
ship_classification_surveying,Ship Classification & Surveying,Naval,III,~1750–1774,Society for the Registry of Shipping fondée en 1760; registre survivant de 1764.,MILITARY_NAVAL_V1,NONE,NEW,N/A,N/A,enclosed_dock_systems,,maritime_safety_standards,PRESERVE_POST_1836_VANILLA_SUCCESSORS_PENDING_ERAS_VII_XII,UNIVERSAL,frontier / limited adoption in 1776,UNIVERSAL,Hull survey/classification; merchant safety/insurance efficiency; ship quality standards,,,,country/port inspection modifier; not a physical component,NONE,CONTEXTUAL_STANDARD,TECH_STATE:prerequisites+neighboring_branches;GEOGRAPHY:coast+ports;MILITARY:navy+strategic_need,NAVAL_SHIPBUILDING_AND_TRADE,STANDARD,BAND_C_LOW_MEDIUM,gfx/error_manul.dds,REQUIRED_NOT_CREATED,Donne une vraie progression à la marine marchande; pas uniquement à la flotte militaire.,HIGH,HIGH,MEDIUM,Lloyd's Register sert de jalon; mais d'autres institutions peuvent jouer un rôle analogue.
armament_standardization_inspection,Armament Standardization & Inspection,Military,IV,~1775–1799,Le système français 1777 utilise des gabarits de contrôle et des modèles précisément définis sans atteindre encore l'interchangeabilité totale.,MILITARY_NAVAL_V1,NONE,NEW,N/A,N/A,regulated_small_arms;standardized_field_artillery,precision_boring,rifling;standardized_military_rockets;percussion_cap,PRESERVE_POST_1836_VANILLA_SUCCESSORS_PENDING_ERAS_VII_XII,UNIVERSAL,post-1776,UNIVERSAL,Gauges; dimensional inspection; harmonized weapon patterns; repairability/quality ↑,precision_boring; later precision_machine_tools,,,NONE,NONE,CONTEXTUAL_STANDARD,TECH_STATE:prerequisites+neighboring_branches;MILITARY:army+rivals+readiness,NONE_DIRECT,CONVERGENCE,BAND_D_MEDIUM,gfx/error_manul.dds,REQUIRED_NOT_CREATED,Pont Military ↔ Production; améliore arms industries et maintenance.,HIGH,HIGH,MEDIUM,Système français 1777 = jalon; acquisition universelle possible par réformes/manufactures.
permanent_engineer_services,Permanent Engineer Services,Military,IV,~1775–1799,Formalisation croissante de services d'ingénieurs permanents au XVIIIe tardif.,MILITARY_NAVAL_V1,NONE,NEW,N/A,N/A,scientific_fortification_siegecraft,,military_topographic_surveying;corps_organization;field_engineering_pontoon_trains;casemated_fortifications,PRESERVE_POST_1836_VANILLA_SUCCESSORS_PENDING_ERAS_VII_XII,UNIVERSAL,post-1776,UNIVERSAL,Engineer support; field fortification; roads/trenches; military works,Construction materials; tools,,,NONE,NONE,CONTEXTUAL_STANDARD,TECH_STATE:prerequisites+neighboring_branches;MILITARY:army+rivals+readiness,NONE_DIRECT,STANDARD,BAND_D_MEDIUM,gfx/error_manul.dds,REQUIRED_NOT_CREATED,Support militaire polyvalent; pas simple fortification statique.,MEDIUM,MEDIUM,MEDIUM,Peut être acquis par réformes; écoles d'ingénieurs ou missions étrangères.
horse_artillery,Horse Artillery,Military,IV,~1775–1799,La Royal Horse Artillery est créée en 1793; concepts analogues se diffusent dans les armées contemporaines.,MILITARY_NAVAL_V1,NONE,NEW,N/A,N/A,standardized_field_artillery,,corps_organization,PRESERVE_POST_1836_VANILLA_SUCCESSORS_PENDING_ERAS_VII_XII,UNIVERSAL,post-1776,UNIVERSAL,Mobile artillery support PM; mobility/speed ↑; cost/horse demand ↑,Artillery; horses/livestock abstraction,,,NONE,NONE,CONTEXTUAL_STANDARD,TECH_STATE:prerequisites+neighboring_branches;MILITARY:army+rivals+readiness,NONE_DIRECT,STANDARD,BAND_D_MEDIUM,gfx/error_manul.dds,REQUIRED_NOT_CREATED,À implémenter comme support/PM si le système 1.13 le rend plus approprié qu'un node autonome.,MEDIUM,MEDIUM,MEDIUM,Les rôles de cavalerie restent surtout PM/doctrine; ce node représente l'organisation d'une artillerie réellement mobile.
military_topographic_surveying,Military Topographic Surveying,Military,IV,~1775–1799,Les grands levés militaires s'institutionnalisent au XVIIIe tardif; Ordnance Survey britannique lancé à partir des besoins militaires.,MILITARY_NAVAL_V1,NONE,NEW,N/A,N/A,permanent_engineer_services,,hydrographic_surveying;general_staff,PRESERVE_POST_1836_VANILLA_SUCCESSORS_PENDING_ERAS_VII_XII,UNIVERSAL,post-1776,UNIVERSAL,Campaign maps; route planning; reconnaissance; fortification planning,,,,NONE,NONE,CONTEXTUAL_STANDARD,TECH_STATE:prerequisites+neighboring_branches;MILITARY:army+rivals+readiness,NONE_DIRECT,STANDARD,BAND_D_MEDIUM,gfx/error_manul.dds,REQUIRED_NOT_CREATED,Lien entre science; génie et commandement.,MEDIUM,MEDIUM,MEDIUM,Peut être acquis via écoles militaires/ingénieurs; y compris chemins de réforme ottomans et autres.
copper_sheathing,Copper Sheathing,Naval,IV,~1775–1799,Expérimenté plus tôt; adopté beaucoup plus largement dans les années 1770–1780.,MILITARY_NAVAL_V1,NONE,NEW,N/A,N/A,scientific_naval_architecture,,,PRESERVE_POST_1836_VANILLA_SUCCESSORS_PENDING_ERAS_VII_XII,UNIVERSAL,post-1776,UNIVERSAL,Copper-sheathed wooden hull PM/component; fouling ↓; maintenance/range efficiency ↑,copper good DEFERRED; future economic cost UNRESOLVED_PENDING_IMPLEMENTATION_DESIGN,,,REAL COMPONENT using existing ship_mod_slot_utility_2 on wooden frigate/ship-of-the-line allow-lists; runtime/default-template validation required; no new slot definition,NONE,CONTEXTUAL_STANDARD,TECH_STATE:prerequisites+neighboring_branches;GEOGRAPHY:coast+ports;MILITARY:navy+strategic_need,NAVAL_SHIPBUILDING_AND_TRADE,STANDARD,BAND_D_MEDIUM,gfx/error_manul.dds,REQUIRED_NOT_CREATED,Crée une vraie demande navale de cuivre et un différentiel blue-water.,HIGH,HIGH,MEDIUM,"TECH2H changes utility_1 to existing utility_2: utility_1 already competes with patrol boats, carronades and landing skiffs; armor is reserved for Seppings; range must remain available. Copper good remains deferred."
mysorean_iron_cased_rocketry,Mysorean Iron-Cased Rocketry,Military,IV,~1775–1799,Les forces de Mysore emploient des fusées à enveloppe métallique; des exemplaires capturés inspirent ensuite Congreve.,MILITARY_NAVAL_V1,NONE,NEW,N/A,N/A,,,,PRESERVE_POST_1836_VANILLA_SUCCESSORS_PENDING_ERAS_VII_XII,REGIONAL_INNOVATION,post-1776,REGIONAL_INNOVATION,Mysorean rocket corps/support; iron-cased rockets; event transfer hooks,Iron; military workshops,,,NONE,NONE,CONTEXTUAL_STANDARD,TECH_STATE:prerequisites+neighboring_branches;MILITARY:army+rivals+readiness,NONE_DIRECT,STANDARD,BAND_D_MEDIUM,gfx/error_manul.dds,REQUIRED_NOT_CREATED,Prototype canonique de REGIONAL_INNOVATION + technology transfer.,MEDIUM,MEDIUM,MEDIUM,Réservée à Mysore/aire historiquement justifiée; déjà connue en 1776 selon setup. Export par capture/observation; pas recherche universelle directe.
rifling,Rifling,Military,V,~1800–1824,Baker rifle adopté en 1800 pour des unités spécialisées; diffusion graduelle.,MILITARY_NAVAL_V1,rifling,REWIRE,YES,YES,light_infantry_tactics;armament_standardization_inspection,mechanical_tools,percussion_cap,PRESERVE_POST_1836_VANILLA_SUCCESSORS_PENDING_ERAS_VII_XII,UNIVERSAL,post-1776,UNIVERSAL,Rifle specialist PM/unit role; accuracy/range ↑; reload/cost tradeoff,Precision arms manufacture,,,NONE,NONE,CONTEXTUAL_STANDARD,TECH_STATE:prerequisites+neighboring_branches;MILITARY:army+rivals+readiness,NONE_DIRECT,CONVERGENCE,BAND_E_MEDIUM_HIGH,gfx/error_manul.dds,REQUIRED_NOT_CREATED,Spécialisation; pas remplacement global du mousquet.,HIGH,HIGH,MEDIUM,Ne remplace pas automatiquement l'infanterie de ligne.
corps_organization,Corps Organization,Military,V,~1800–1824,Le système de corps napoléonien combine plusieurs armes et services dans des formations autonomes.,MILITARY_NAVAL_V1,army_reserves;mandatory_service;napoleonic_warfare;standing_army,SPLIT,NO,NO,horse_artillery;permanent_engineer_services,,general_staff,PRESERVE_POST_1836_VANILLA_SUCCESSORS_PENDING_ERAS_VII_XII,UNIVERSAL,post-1776,UNIVERSAL,Combined-arms corps; operational autonomy; command capacity,,,,NONE,NONE,CONTEXTUAL_STANDARD,TECH_STATE:prerequisites+neighboring_branches;MILITARY:army+rivals+readiness,NONE_DIRECT,STANDARD,BAND_E_MEDIUM_HIGH,gfx/error_manul.dds,REQUIRED_NOT_CREATED,Améliore organisation/commandement plutôt qu'un bonus d'arme.,MEDIUM,MEDIUM,MEDIUM,Peut être acquis par réforme; ne suppose pas une copie exacte de l'armée napoléonienne.
logistics,Logistics,Military,V,~1800–1824,Autour de 1800–1807; les armées françaises organisent trains d'artillerie; génie et équipages; d'autres États suivent des trajectoires propres.,MILITARY_NAVAL_V1,logistics,REWIRE,YES,YES,systematic_administrative_statistics,,field_engineering_pontoon_trains;battlefield_evacuation;general_staff,PRESERVE_POST_1836_VANILLA_SUCCESSORS_PENDING_ERAS_VII_XII,UNIVERSAL,post-1776,UNIVERSAL,Supply trains; ammunition trains; engineer trains; campaign attrition/supply capacity improvements,salt + basic cereals for EARLY supply; groceries for ADVANCED supply; NO_DOUBLE_COUNT,barracks; conscription centers; mobilization options,early salted cereal supply OR advanced groceries supply; never both salt charges,NONE,NONE,CONTEXTUAL_STANDARD,TECH_STATE:prerequisites+neighboring_branches;MILITARY:army+rivals+readiness,MILITARY_SUPPLY_AND_HEALTH,STANDARD,BAND_E_MEDIUM_HIGH,gfx/error_manul.dds,REQUIRED_NOT_CREATED,Doit agir sur supply/attrition/mobilization; pas être un simple attack modifier.,HIGH,HIGH,MEDIUM,Les armées avaient déjà de la logistique; le node représente des services permanents spécialisés.; basic supply consumes salt+cereals; advanced supply consumes groceries and must not consume salt again
field_engineering_pontoon_trains,Field Engineering & Pontoon Trains,Military,V,~1800–1824,Intégration plus systématique du génie; pontage et trains spécialisés dans les grandes armées du début XIXe.,MILITARY_NAVAL_V1,field_works,REWIRE,NO,NO,permanent_engineer_services;logistics,,,PRESERVE_POST_1836_VANILLA_SUCCESSORS_PENDING_ERAS_VII_XII,UNIVERSAL,post-1776,UNIVERSAL,Bridging; crossings; field works; mobility support,Tools; timber; construction materials,,,NONE,NONE,CONTEXTUAL_STANDARD,TECH_STATE:prerequisites+neighboring_branches;MILITARY:army+rivals+readiness,NONE_DIRECT,STANDARD,BAND_E_MEDIUM_HIGH,gfx/error_manul.dds,REQUIRED_NOT_CREATED,Support mobilité/river crossing/defense.,MEDIUM,MEDIUM,MEDIUM,Universalisation possible par écoles/services d'ingénieurs.
explosive_field_ammunition,Explosive Field Ammunition,Military,V,~1800–1824,L'obus Shrapnel est adopté par l'armée britannique en 1803.,MILITARY_NAVAL_V1,NONE,NEW,N/A,N/A,standardized_field_artillery,,standardized_military_rockets,PRESERVE_POST_1836_VANILLA_SUCCESSORS_PENDING_ERAS_VII_XII,UNIVERSAL,post-1776,UNIVERSAL,Shrapnel/spherical shell field ammunition PMs; anti-personnel/artillery flexibility,Artillery/ammunition industry,,,NONE,NONE,CONTEXTUAL_STANDARD,TECH_STATE:prerequisites+neighboring_branches;MILITARY:army+rivals+readiness,NONE_DIRECT,STANDARD,BAND_E_MEDIUM_HIGH,gfx/error_manul.dds,REQUIRED_NOT_CREATED,PM ammunition avec compromis plutôt qu'un node 'meilleur canon'.,MEDIUM,MEDIUM,MEDIUM,Adoption initiale limitée; diffusion par arsenaux et expérience de guerre.
battlefield_evacuation,Battlefield Evacuation,Military,V,~1800–1824,Les ambulances volantes de Larrey rapprochent les soins et l'évacuation du champ de bataille.,MILITARY_NAVAL_V1,triage,SPLIT,NO,NO,permanent_military_hospitals;logistics,,,PRESERVE_POST_1836_VANILLA_SUCCESSORS_PENDING_ERAS_VII_XII,UNIVERSAL,post-1776,UNIVERSAL,Mobile ambulances; wounded recovery ↑; battlefield mortality ↓,Food/medical inputs later,,,NONE,NONE,CONTEXTUAL_STANDARD,TECH_STATE:prerequisites+neighboring_branches;MILITARY:army+rivals+readiness,MILITARY_SUPPLY_AND_HEALTH,STANDARD,BAND_E_MEDIUM_HIGH,gfx/error_manul.dds,REQUIRED_NOT_CREATED,Doit utiliser recovery/mortality.,MEDIUM,MEDIUM,MEDIUM,Larrey = jalon; concept universel.
military_veterinary_services,Military Veterinary Services,Military,V,~1800–1824,À partir de 1796; des veterinary surgeons sont commissionnés dans les régiments de cavalerie britanniques.,MILITARY_NAVAL_V1,NONE,NEW,N/A,N/A,,veterinary_science,,PRESERVE_POST_1836_VANILLA_SUCCESSORS_PENDING_ERAS_VII_XII,UNIVERSAL,post-1776,UNIVERSAL,Horse/mule mortality ↓; remount efficiency ↑; cavalry/artillery/logistics animal losses ↓,Livestock/horses abstraction; medicines later,,,NONE,NONE,CONTEXTUAL_STANDARD,TECH_STATE:prerequisites+neighboring_branches;ECONOMY:agriculture+eligible_land+shortage;MILITARY:army+rivals+readiness,MILITARY_SUPPLY_AND_HEALTH,STANDARD,BAND_E_MEDIUM_HIGH,gfx/error_manul.dds,REQUIRED_NOT_CREATED,Lien Society→Military très clair; impactant attrition animale et mobilité.,MEDIUM,MEDIUM,MEDIUM,Accès dépend de la diffusion de la science vétérinaire et de l'organisation militaire.
casemated_fortifications,Casemated Fortifications,Military,V,~1800–1824,Montalembert publie en 1777 des théories de fortifications à étages/casemates; diffusion surtout début XIXe.,MILITARY_NAVAL_V1,NONE,NEW,N/A,N/A,permanent_engineer_services,,,PRESERVE_POST_1836_VANILLA_SUCCESSORS_PENDING_ERAS_VII_XII,UNIVERSAL,post-1776,UNIVERSAL,Casemated/coastal forts; concentrated artillery; fort defense PMs,Stone; construction materials; later cement,,,NONE,NONE,CONTEXTUAL_STANDARD,TECH_STATE:prerequisites+neighboring_branches;MILITARY:army+rivals+readiness,NONE_DIRECT,STANDARD,BAND_E_MEDIUM_HIGH,gfx/error_manul.dds,REQUIRED_NOT_CREATED,Fortification de transition post-bastion; utile notamment en défense côtière.,MEDIUM,MEDIUM,MEDIUM,Montalembert sert de jalon; adaptations nationales diverses.
hydrographic_surveying,Hydrographic Surveying,Naval,V,~1800–1824,Hydrographic Office britannique créé en 1795; premières cartes officielles vers 1800.,MILITARY_NAVAL_V1,NONE,NEW,N/A,N/A,marine_chronometry;military_topographic_surveying,,maritime_safety_standards;modern_lighthouse_optics,PRESERVE_POST_1836_VANILLA_SUCCESSORS_PENDING_ERAS_VII_XII,UNIVERSAL,post-1776,UNIVERSAL,Admiralty-style charts; safer navigation; ports/coasts surveyed; naval/commercial efficiency,Paper; precision instruments,,,country/port reach modifier; not a physical component,NONE,CONTEXTUAL_STANDARD,TECH_STATE:prerequisites+neighboring_branches;GEOGRAPHY:coast+ports;MILITARY:navy+strategic_need,NAVAL_SHIPBUILDING_AND_TRADE,CONVERGENCE,BAND_E_MEDIUM_HIGH,gfx/error_manul.dds,REQUIRED_NOT_CREATED,Civil + militaire; doit réduire risque/augmenter efficacité navigation.,HIGH,HIGH,MEDIUM,Peut être acquis par écoles navales; missions et administrations hydrographiques.
standardized_naval_signals,Standardized Naval Signals,Naval,V,~1800–1824,Les systèmes de signaux codifiés deviennent beaucoup plus riches autour de 1800.,MILITARY_NAVAL_V1,NONE,NEW,N/A,N/A,scientific_naval_architecture,,,PRESERVE_POST_1836_VANILLA_SUCCESSORS_PENDING_ERAS_VII_XII,UNIVERSAL,post-1776,UNIVERSAL,Fleet signal books; coordination/command efficiency,,,,fleet modifier; not a physical component,NONE,CONTEXTUAL_STANDARD,TECH_STATE:prerequisites+neighboring_branches;GEOGRAPHY:coast+ports;MILITARY:navy+strategic_need,NAVAL_SHIPBUILDING_AND_TRADE,STANDARD,BAND_E_MEDIUM_HIGH,gfx/error_manul.dds,REQUIRED_NOT_CREATED,Probable doctrine/modifier de flotte plutôt que component; audit requis.,HIGH,HIGH,MEDIUM,Systèmes nationaux différents mais fonction universalisable.
paddle_steamer,Paddle Steamer,Naval,V,~1800–1824,Le Comet de 1812 est un jalon de service commercial européen à vapeur.,MILITARY_NAVAL_V1,paddle_steamer,RETIME,YES,YES,scientific_naval_architecture,rotative_steam_power,,PRESERVE_POST_1836_VANILLA_SUCCESSORS_PENDING_ERAS_VII_XII,UNIVERSAL,post-1776,UNIVERSAL,Civil steam routes; early naval steam propulsion capability/component,Coal; engines; shipyards,,,propulsion and shipbuilding rewire using existing slots/types,NONE,CONTEXTUAL_STANDARD,TECH_STATE:prerequisites+neighboring_branches;GEOGRAPHY:coast+ports;MILITARY:navy+strategic_need;ECONOMY:industry+inputs+prices,STEAM_AND_POWER,CONVERGENCE,BAND_E_MEDIUM_HIGH,gfx/error_manul.dds,REQUIRED_NOT_CREATED,Doit probablement débloquer propulsion/component; pas une unité rigide.,HIGH,HIGH,MEDIUM,Civil d'abord; adoption militaire expérimentale/auxiliaire avant 1836.
mechanized_naval_dockyards,Mechanized Naval Dockyards,Naval,V,~1800–1824,Brunel/Maudslay mécanisent la production de poulies à Portsmouth au début des années 1800.,MILITARY_NAVAL_V1,hydraulic_cranes,RETIME,NO,NO,scientific_naval_architecture;state_dockyard_systems,mechanical_tools;rotative_steam_power,iron_hull_construction,gantry_cranes and concrete_dockyards remain post-1836,UNIVERSAL,post-1776,UNIVERSAL,Shipyard productivity; standardized blocks/rigging components; repair efficiency ↑,Precision Machine Tools; Rotative Steam,,,shipyard PM and ship-construction capacity,NONE,CONTEXTUAL_STANDARD,TECH_STATE:prerequisites+neighboring_branches;GEOGRAPHY:coast+ports;MILITARY:navy+strategic_need,NAVAL_SHIPBUILDING_AND_TRADE,CONVERGENCE,BAND_E_MEDIUM_HIGH,gfx/error_manul.dds,REQUIRED_NOT_CREATED,Croisement fort Military ↔ Production.,HIGH,HIGH,MEDIUM,Portsmouth = jalon; la capacité est universalisable via industrialisation.
diagonal_ship_framing,Diagonal Ship Framing,Naval,V,~1800–1824,Réformes de Seppings au début XIXe; avec renforts diagonaux et structures améliorées.,MILITARY_NAVAL_V1,NONE,NEW,N/A,N/A,scientific_naval_architecture,,,PRESERVE_POST_1836_VANILLA_SUCCESSORS_PENDING_ERAS_VII_XII,UNIVERSAL,post-1776,UNIVERSAL,Gate vanilla ship_mod_frigate_armor_medium and ship_mod_ship_of_the_line_armor_medium (Seppings-Braced Hull),Hardwood construction cost already carried by vanilla modifications,,,DIRECT VANILLA COMPONENT GATE: ship_mod_slot_armor medium objects for frigate and ship_of_the_line; no duplicate shipyard modifier,NONE,CONTEXTUAL_STANDARD,TECH_STATE:prerequisites+neighboring_branches;GEOGRAPHY:coast+ports;MILITARY:navy+strategic_need,NAVAL_SHIPBUILDING_AND_TRADE,STANDARD,BAND_E_MEDIUM_HIGH,gfx/error_manul.dds,REQUIRED_NOT_CREATED,Seppings diagonal riders and bracing represented by the two existing vanilla Seppings-Braced Hull objects.,HIGH,HIGH,MEDIUM,TECH2H verdict A; objects are currently ungated in vanilla 1.13.9 and must receive this technology as unlocking technology during implementation.
standardized_military_rockets,Standardized Military Rocket Systems,Military,V,~1800–1824,Congreve développe ses systèmes après étude d'exemplaires mysoréens capturés.,MILITARY_NAVAL_V1,NONE,NEW,N/A,N/A,explosive_field_ammunition;armament_standardization_inspection,,,PRESERVE_POST_1836_VANILLA_SUCCESSORS_PENDING_ERAS_VII_XII,EVENT_ACQUIRED_UNIVERSAL,post-1776,EVENT_ACQUIRED_UNIVERSAL,Standardized rocket artillery/support PM; incendiary/explosive rocket use,Iron; military workshops,,,NONE,NONE,CONTEXTUAL_STANDARD,TECH_STATE:prerequisites+neighboring_branches;MILITARY:army+rivals+readiness,NONE_DIRECT,STANDARD,BAND_E_MEDIUM_HIGH,gfx/error_manul.dds,REQUIRED_NOT_CREATED,Tech universelle de diffusion; mais pas recherche libre initiale avant exposition historique.,MEDIUM,MEDIUM,MEDIUM,GBR via capture/étude des fusées de Mysore; autres États par diffusion/observation/transfert ultérieur.
percussion_cap,Percussion Cap,Military,VI,~1825–1836,Forsyth brevète un percussion lock en 1807; mais adoption militaire large est plus tardive.,MILITARY_NAVAL_V1,percussion_cap,RETIME,YES,YES,armament_standardization_inspection;rifling,,,repeaters and bolt_action_rifles remain post-1836,UNIVERSAL,post-1776,UNIVERSAL,Early percussion firearms PM; reliability ↑; weather resistance ↑; transition not instant,Precision Machine Tools; small arms,,,NONE,NONE,CONTEXTUAL_STANDARD,TECH_STATE:prerequisites+neighboring_branches;MILITARY:army+rivals+readiness,NONE_DIRECT,STANDARD,BAND_F_HIGH,gfx/error_manul.dds,REQUIRED_NOT_CREATED,Frontier tech; PM early-adoption; pas remplacement automatique du silex.,MEDIUM,MEDIUM,MEDIUM,Diffusion militaire surtout années 1830–1840; certains États plus précoces/tardifs.
general_staff,General Staff,Military,VI,~1825–1836,Professionnalisation graduelle des états-majors au tournant XVIIIe–XIXe; maturation au XIXe.,MILITARY_NAVAL_V1,general_staff,RETIME,YES,YES,corps_organization;military_topographic_surveying;logistics,,,PRESERVE_POST_1836_VANILLA_SUCCESSORS_PENDING_ERAS_VII_XII,UNIVERSAL,post-1776,UNIVERSAL,Staff planning; mobilization/coordination; operational planning; command capacity,,,,NONE,NONE,CONTEXTUAL_STANDARD,TECH_STATE:prerequisites+neighboring_branches;MILITARY:army+rivals+readiness,NONE_DIRECT,CONVERGENCE,BAND_F_HIGH,gfx/error_manul.dds,REQUIRED_NOT_CREATED,Probable overlap vanilla; concept à conserver même si node vanilla modifié.,HIGH,HIGH,MEDIUM,Peut être acquis par écoles/réformes; ne pas imposer modèle prussien unique.
shell_gun,Shell Gun,Naval,VI,~1825–1836,Paixhans démontre les shell guns navals dans les années 1820.,MILITARY_NAVAL_V1,shell_gun,RETIME,YES,YES,standardized_field_artillery;scientific_naval_architecture,,,breech_loading_artillery remains post-1836,UNIVERSAL,post-1776,UNIVERSAL,Early shell-gun naval armament component/PM; wooden hull lethality ↑,Artillery; ammunition,,,weapon modification unlock in existing guns slot,NONE,CONTEXTUAL_STANDARD,TECH_STATE:prerequisites+neighboring_branches;GEOGRAPHY:coast+ports;MILITARY:navy+strategic_need,NAVAL_SHIPBUILDING_AND_TRADE,STANDARD,BAND_F_HIGH,gfx/error_manul.dds,REQUIRED_NOT_CREATED,Frontier component; ne doit pas généraliser immédiatement les obus explosifs à toutes les flottes.,HIGH,HIGH,MEDIUM,Expérimental/early adoption avant 1836; diffusion majeure plus tard.
maritime_safety_standards,Maritime Safety Standards,Naval,VI,~1825–1836,Lloyd's Register introduit une règle de ligne de charge en 1835.,MILITARY_NAVAL_V1,NONE,NEW,N/A,N/A,ship_classification_surveying;hydrographic_surveying,,,PRESERVE_POST_1836_VANILLA_SUCCESSORS_PENDING_ERAS_VII_XII,UNIVERSAL,post-1776,UNIVERSAL,Seaworthiness/load standards; merchant loss risk ↓; classification efficiency ↑,,,,country/port safety modifier; not a component,NONE,CONTEXTUAL_STANDARD,TECH_STATE:prerequisites+neighboring_branches;GEOGRAPHY:coast+ports;MILITARY:navy+strategic_need,NAVAL_SHIPBUILDING_AND_TRADE,STANDARD,BAND_F_HIGH,gfx/error_manul.dds,REQUIRED_NOT_CREATED,Complète la marine marchande avec sécurité plutôt qu'une simple vitesse commerciale.,HIGH,HIGH,MEDIUM,Peut être porté par sociétés de classification/États/assureurs.
modern_lighthouse_optics,Modern Lighthouse Optics,Naval,VI,~1825–1836,Première optique complète de Fresnel installée à Cordouan en 1823.,MILITARY_NAVAL_V1,NONE,NEW,N/A,N/A,hydrographic_surveying,pressed_glass,,later electrical lighting remains post-1836,UNIVERSAL,post-1776,UNIVERSAL,Fresnel-style lighthouse PM; safer navigation; port/coastal efficiency,Glass; precision manufacture,,,port/state navigation effect; not a component,NONE,CONTEXTUAL_STANDARD,TECH_STATE:prerequisites+neighboring_branches;GEOGRAPHY:coast+ports;MILITARY:navy+strategic_need,NAVAL_SHIPBUILDING_AND_TRADE,STANDARD,BAND_F_HIGH,gfx/error_manul.dds,REQUIRED_NOT_CREATED,Civil maritime node directement utile à ports/navigation.,HIGH,HIGH,MEDIUM,Diffusion par ingénieurs/administrations maritimes.
iron_hull_construction,Iron Hull Construction,Naval,VI,~1825–1836,Aaron Manby (1821–22) constitue un jalon précoce de vapeur/coque en fer; diffusion pratique dans les décennies suivantes.,MILITARY_NAVAL_V1,ironclad_tech;screw_frigate,KEEP,NO,NO,scientific_naval_architecture;mechanized_naval_dockyards,puddling_and_rolling;mechanical_tools,,ironclad_tech remains distinct and post-1836,UNIVERSAL,post-1776,UNIVERSAL,Early iron merchant hull component/type; stronger structural designs; new shipyard inputs,Puddling & Rolling; Precision Machine Tools; iron,,,ship-type/hull structural unlock; explicitly distinct from ironclad armor technology,NONE,CONTEXTUAL_STANDARD,TECH_STATE:prerequisites+neighboring_branches;GEOGRAPHY:coast+ports;MILITARY:navy+strategic_need,NAVAL_SHIPBUILDING_AND_TRADE,CONVERGENCE,BAND_F_HIGH,gfx/error_manul.dds,REQUIRED_NOT_CREATED,Frontier hull material; surtout civil avant 1836.,HIGH,HIGH,MEDIUM,Civil d'abord; ne débloque PAS automatiquement ironclads militaires.
institutionalized_scientific_exchange,Institutionalized Scientific Exchange,Society,I,Pré-1700 puis expansion au XVIIIe siècle,Réseaux institutionnels capables de collecter; vérifier; publier et traduire des savoirs,SOCIETY_V1,academia;empiricism,SPLIT,NO,NO,,,codified_practical_knowledge;specialized_technical_academies;veterinary_science;medical_degrees;scientific_metrology;experimental_research_laboratories,PRESERVE_POST_1836_VANILLA_SUCCESSORS_PENDING_ERAS_VII_XII,UNIVERSAL_STARTING_DIFFERENTIAL,regionally established before 1776,UNIVERSAL_STARTING_DIFFERENTIAL,Correspondance savante; publications; traduction; circulation internationale des observations; tech spread,Applied Mineralogy; Geological Surveying; chemistry; industrial knowledge,,,NONE,NONE,CONTEXTUAL_STANDARD,TECH_STATE:prerequisites+neighboring_branches;SOCIETY:literacy+universities+bureaucracy+mortality,RESEARCH_AND_TECHNICAL_CAPACITY,FOUNDATIONAL,BAND_A_LOWEST,gfx/error_manul.dds,REQUIRED_NOT_CREATED,Socle de tech spread et de transferts de connaissances; futur support de l'Industrial Knowledge Loop,MEDIUM,MEDIUM,HIGH,"Qing court science, Rangaku japonais et écoles ottomanes doivent pouvoir interagir avec ce node sans être décrits comme simples copies européennes. TECH2H removes international_relations: TECH1A classified it as NAME_COLLISION_ONLY, not a scientific-equivalence source."
international_relations,International Relations,Society,I,Pré-1700 puis expansion au XVIIIe siècle,"Diplomatie permanente, rivalités, garanties, accès et pratique formalisée des traités",TECH2H_HUMAN_FREEZE_CORRECTION,international_relations,KEEP,YES,YES,,,,multilateral_alliances and later diplomatic institutions remain post-1836,UNIVERSAL_STARTING_DIFFERENTIAL,regionally established before 1776,UNIVERSAL_STARTING_DIFFERENTIAL,"Vanilla rivalry, alliance, guarantee, access, trade-agreement and treaty framework",NONE,,,NONE,NONE,CONTEXTUAL_STANDARD,TECH_STATE:prerequisites+neighboring_branches;DIPLOMACY:treaties+rivals+alliances,DIPLOMACY_AND_TREATY_SYSTEM,FOUNDATIONAL,BAND_A_LOWEST,gfx/error_manul.dds,REQUIRED_NOT_CREATED,"Conserve le nœud vanilla pour les institutions diplomatiques, distinct des échanges scientifiques.",HIGH,MEDIUM,LOW,Restored by TECH2H because TECH1A marked the former match as NAME_COLLISION_ONLY; all 18 indexed vanilla relationships remain on this preserved node.
institutionalized_public_credit,Institutionalized Public Credit,Society,I,Fin XVIIe–XVIIIe siècle,Institutionnalisation de créances publiques cessibles/finançables et d'un crédit étatique durable,SOCIETY_V1,banking;central_banking,SPLIT,NO,NO,,,state_dockyard_systems;stock_exchange;commercial_insurance_markets;postal_savings,PRESERVE_POST_1836_VANILLA_SUCCESSORS_PENDING_ERAS_VII_XII,UNIVERSAL_STARTING_DIFFERENTIAL,regionally established before 1776,UNIVERSAL_STARTING_DIFFERENTIAL,Dette publique structurée; emprunts de long terme; financement de guerre; intermédiaires financiers; bank-of-issue reform hooks,Construction / investment pool,,,NONE,NONE,CONTEXTUAL_STANDARD,TECH_STATE:prerequisites+neighboring_branches;SOCIETY:literacy+universities+bureaucracy+mortality,FINANCE_AND_INVESTMENT,FOUNDATIONAL,BAND_A_LOWEST,gfx/error_manul.dds,REQUIRED_NOT_CREATED,Dette; war finance; investment confidence; central-bank/law hooks; pas 'invention de la banque',MEDIUM,MEDIUM,HIGH,Les formes ottomanes; indiennes; néerlandaises et anglaises peuvent représenter la même capacité générale par des institutions distinctes.
stock_exchange,Stock Exchange,Society,I,Capacité pré-1700 dans certains centres; diffusion graduelle,Capital permanent et titres transférables à grande échelle,SOCIETY_V1,corporate_charters;joint_stock_companies;stock_exchange,MERGE,YES,YES,institutionalized_public_credit,,,PRESERVE_POST_1836_VANILLA_SUCCESSORS_PENDING_ERAS_VII_XII,UNIVERSAL_STARTING_DIFFERENTIAL,regionally established before 1776,UNIVERSAL_STARTING_DIFFERENTIAL,Actions transférables; sociétés par actions; capital privé mutualisé; securities-market hooks,Companies / private construction,,,NONE,NONE,CONTEXTUAL_STANDARD,TECH_STATE:prerequisites+neighboring_branches;SOCIETY:literacy+universities+bureaucracy+mortality,NONE_DIRECT,STANDARD,BAND_A_LOWEST,gfx/error_manul.dds,REQUIRED_NOT_CREATED,Companies; private investment; capital-market capacity,MEDIUM,MEDIUM,HIGH,Stock Exchange est MERGED dans ce node; ne pas créer une tech séparée.
commercial_insurance_markets,Commercial Insurance Markets,Society,I,Pré-1700 puis institutionnalisation au XVIIIe siècle,Marchés spécialisés d'underwriters et information commerciale structurée,SOCIETY_V1,international_trade,SPLIT,NO,NO,institutionalized_public_credit,,,PRESERVE_POST_1836_VANILLA_SUCCESSORS_PENDING_ERAS_VII_XII,UNIVERSAL_STARTING_DIFFERENTIAL,regionally established before 1776,UNIVERSAL_STARTING_DIFFERENTIAL,Underwriting; mutualisation du risque; intelligence maritime; trade-risk reduction,,,,NONE,NONE,CONTEXTUAL_STANDARD,TECH_STATE:prerequisites+neighboring_branches;SOCIETY:literacy+universities+bureaucracy+mortality,FINANCE_AND_INVESTMENT,STANDARD,BAND_A_LOWEST,gfx/error_manul.dds,REQUIRED_NOT_CREATED,Réduit le risque commercial et soutient finance maritime/companies,MEDIUM,MEDIUM,HIGH,
periodical_print_networks,Periodical Print Networks,Society,I,Presse périodique pré-1700; expansion forte au XVIIIe,Publication régulière et réseaux de distribution de nouvelles,SOCIETY_V1,mass_communication,SPLIT,NO,NO,,,codified_practical_knowledge;constitutional_government;human_rights;national_sovereignty;organized_reform_movements;optical_telegraph_networks;mechanized_printing,PRESERVE_POST_1836_VANILLA_SUCCESSORS_PENDING_ERAS_VII_XII,UNIVERSAL_STARTING_DIFFERENTIAL,regionally established before 1776,UNIVERSAL_STARTING_DIFFERENTIAL,Gazettes; journaux; revues; périodiques savants; circulation régulière des nouvelles,Paper demand,,,NONE,NONE,CONTEXTUAL_STANDARD,TECH_STATE:prerequisites+neighboring_branches;SOCIETY:literacy+universities+bureaucracy+mortality,STATE_INFORMATION_AND_MEDIA,FOUNDATIONAL,BAND_A_LOWEST,gfx/error_manul.dds,REQUIRED_NOT_CREATED,Information diffusion; tech/culture spread; movement reach; ne suppose pas Free Press,MEDIUM,MEDIUM,HIGH,Japon Edo peut avoir forte culture imprimée sans suivre le même chemin typographique européen; réformes ottomanes/égyptiennes peuvent acquérir cette capacité par événements.
systematic_administrative_statistics,Systematic Administrative Statistics,Society,II,XVIIIe siècle; avec antécédents administratifs très anciens,Utilisation régulière et comparée des données pour connaître l'État,SOCIETY_V1,central_archives;tech_bureaucracy,SPLIT,NO,NO,,,logistics;political_economy;systematic_population_registration;systematic_cadastral_surveying;systematic_legal_codification;scientific_metrology;central_statistical_offices;professional_civil_policing,PRESERVE_POST_1836_VANILLA_SUCCESSORS_PENDING_ERAS_VII_XII,UNIVERSAL_STARTING_DIFFERENTIAL,regionally established before 1776,UNIVERSAL_STARTING_DIFFERENTIAL,Rapports standardisés; tableaux fiscaux/économiques/démographiques; comparaison territoriale,Geological Surveying / resource planning,,,NONE,NONE,CONTEXTUAL_STANDARD,TECH_STATE:prerequisites+neighboring_branches;SOCIETY:literacy+universities+bureaucracy+mortality,STATE_INFORMATION_AND_MEDIA,FOUNDATIONAL,BAND_B_LOW,gfx/error_manul.dds,REQUIRED_NOT_CREATED,State information; taxation; census; surveying and planning,MEDIUM,MEDIUM,HIGH,Ne signifie pas 'invention de compter'.
variolation_networks,Variolation Networks,Society,II,Pratiques anciennes en Afrique/Asie/monde ottoman; diffusion documentée au début XVIIIe,Transmission documentée des méthodes vers de nouveaux réseaux médicaux,SOCIETY_V1,NONE,NEW,N/A,N/A,,,vaccination,PRESERVE_POST_1836_VANILLA_SUCCESSORS_PENDING_ERAS_VII_XII,EVENT_ACQUIRED_UNIVERSAL,regionally established before 1776,EVENT_ACQUIRED_UNIVERSAL,Inoculation antivariolique; mortality ↓ avec risques; knowledge-transfer events,,,,NONE,NONE,CONTEXTUAL_STANDARD,TECH_STATE:prerequisites+neighboring_branches;SOCIETY:literacy+universities+bureaucracy+mortality,NONE_DIRECT,FOUNDATIONAL,BAND_B_LOW,gfx/error_manul.dds,REQUIRED_NOT_CREATED,Réduction mortalité avec trade-off risque; prototype de technology transfer régional,MEDIUM,MEDIUM,HIGH,Certains pays/régions commencent avec la capacité; d'autres la débloquent par traduction; médecins; diplomatie ou événements.
codified_practical_knowledge,Codified & Encyclopedic Practical Knowledge,Society,III,Milieu XVIIIe,Systématisation publique de savoirs pratiques et scientifiques,SOCIETY_V1,rationalism,SPLIT,NO,NO,institutionalized_scientific_exchange;periodical_print_networks,,political_economy,PRESERVE_POST_1836_VANILLA_SUCCESSORS_PENDING_ERAS_VII_XII,UNIVERSAL,frontier / limited adoption in 1776,UNIVERSAL,Codification des arts; métiers et sciences; qualifications/tech spread ciblé,All applied branches,,,NONE,NONE,CONTEXTUAL_STANDARD,TECH_STATE:prerequisites+neighboring_branches;SOCIETY:literacy+universities+bureaucracy+mortality,RESEARCH_AND_TECHNICAL_CAPACITY,STANDARD,BAND_C_LOW_MEDIUM,gfx/error_manul.dds,REQUIRED_NOT_CREATED,Tech spread et diffusion de savoir-faire; pas gros bonus d'innovation brute,MEDIUM,MEDIUM,HIGH,
political_economy,Political Economy,Society,III,Milieu XVIIIe,Systematic study of production; circulation; taxation and national wealth,SOCIETY_V1,NONE,NEW,N/A,N/A,systematic_administrative_statistics;codified_practical_knowledge,,classical_political_economy,PRESERVE_POST_1836_VANILLA_SUCCESSORS_PENDING_ERAS_VII_XII,UNIVERSAL,frontier / limited adoption in 1776,UNIVERSAL,Economic-policy doctrines; tax/trade law hooks; analysis of agriculture; commerce and public wealth,Agriculture / industry / trade policy,,,NONE,NONE,CONTEXTUAL_STANDARD,TECH_STATE:prerequisites+neighboring_branches;SOCIETY:literacy+universities+bureaucracy+mortality,FINANCE_AND_INVESTMENT,STANDARD,BAND_C_LOW_MEDIUM,gfx/error_manul.dds,REQUIRED_NOT_CREATED,Unlock/weight economic laws rather than generic GDP buff,MEDIUM,MEDIUM,HIGH,
specialized_technical_academies,Specialized Technical Academies,Society,III,1740s–1790s,Permanent higher education specialized in engineering/mining/naval sciences,SOCIETY_V1,NONE,NEW,N/A,N/A,institutionalized_scientific_exchange,,polytechnical_education;specialized_professional_societies,PRESERVE_POST_1836_VANILLA_SUCCESSORS_PENDING_ERAS_VII_XII,UNIVERSAL,frontier / limited adoption in 1776,UNIVERSAL,Engineering; mining; naval and technical schools; engineer qualifications; targeted applied tech spread,Applied Mineralogy; Professional Civil Engineering; Chemical Works,,,NONE,NONE,CONTEXTUAL_STANDARD,TECH_STATE:prerequisites+neighboring_branches;SOCIETY:literacy+universities+bureaucracy+mortality,NONE_DIRECT,STANDARD,BAND_C_LOW_MEDIUM,gfx/error_manul.dds,REQUIRED_NOT_CREATED,Qualifications + cross-branch research/spread,MEDIUM,MEDIUM,HIGH,Ottoman and other reform paths can directly grant/progress this universal tech.
veterinary_science,Veterinary Science,Society,III,1760s onward,Institutionalized scientific veterinary education,SOCIETY_V1,NONE,NEW,N/A,N/A,institutionalized_scientific_exchange,,military_veterinary_services,PRESERVE_POST_1836_VANILLA_SUCCESSORS_PENDING_ERAS_VII_XII,UNIVERSAL,frontier / limited adoption in 1776,UNIVERSAL,Veterinary profession/schools; livestock health; military-veterinary crosslink,Selective Breeding; livestock,,,NONE,NONE,CONTEXTUAL_STANDARD,TECH_STATE:prerequisites+neighboring_branches;ECONOMY:agriculture+eligible_land+shortage;SOCIETY:literacy+universities+bureaucracy+mortality,MILITARY_SUPPLY_AND_HEALTH,STANDARD,BAND_C_LOW_MEDIUM,gfx/error_manul.dds,REQUIRED_NOT_CREATED,Livestock health and qualifications; military animal attrition link,MEDIUM,MEDIUM,HIGH,
organized_elementary_schooling,Organized Elementary Schooling,Society,III,XVIIe–XVIIIe; institutional intensification mid-late XVIIIe,Dense organized elementary-school networks and/or state systematization,SOCIETY_V1,NONE,NEW,N/A,N/A,,,mass_circulation_press,PRESERVE_POST_1836_VANILLA_SUCCESSORS_PENDING_ERAS_VII_XII,UNIVERSAL_STARTING_DIFFERENTIAL,frontier / limited adoption in 1776,UNIVERSAL_STARTING_DIFFERENTIAL,Broad basic literacy; teacher networks; reading/writing/arithmetic; Education Institution access,,,,NONE,NONE,CONTEXTUAL_STANDARD,TECH_STATE:prerequisites+neighboring_branches;SOCIETY:literacy+universities+bureaucracy+mortality,NONE_DIRECT,FOUNDATIONAL,BAND_C_LOW_MEDIUM,gfx/error_manul.dds,REQUIRED_NOT_CREATED,Literacy / education institution throughput; independent from exact ownership law,MEDIUM,MEDIUM,HIGH,Japan can start advanced in organized schooling without 'state school' tech.
systematic_population_registration,Systematic Population Registration,Society,III,Mid XVIIIe–early XIXe,Regular standardized population registration at large territorial scale,SOCIETY_V1,centralization,SPLIT,NO,NO,systematic_administrative_statistics,,central_statistical_offices,PRESERVE_POST_1836_VANILLA_SUCCESSORS_PENDING_ERAS_VII_XII,UNIVERSAL_STARTING_DIFFERENTIAL,frontier / limited adoption in 1776,UNIVERSAL_STARTING_DIFFERENTIAL,Regular enumeration; household/population registers; demographic totals; manpower/tax information,Workforce planning,,,NONE,NONE,CONTEXTUAL_STANDARD,TECH_STATE:prerequisites+neighboring_branches;SOCIETY:literacy+universities+bureaucracy+mortality,STATE_INFORMATION_AND_MEDIA,STANDARD,BAND_C_LOW_MEDIUM,gfx/error_manul.dds,REQUIRED_NOT_CREATED,Tax; conscription and demographic information; not 'invention of census',MEDIUM,MEDIUM,HIGH,Starting tech assignment must be historically differentiated.
medical_degrees,Medical Degrees,Society,III,Mid XVIIIe,Hospital-based systematic teaching from observed patients,SOCIETY_V1,medical_degrees;modern_nursing;psychiatry,RETIME,YES,YES,institutionalized_scientific_exchange,,permanent_military_hospitals;clinicopathological_medicine,PRESERVE_POST_1836_VANILLA_SUCCESSORS_PENDING_ERAS_VII_XII,UNIVERSAL,frontier / limited adoption in 1776,UNIVERSAL,Bedside teaching; case histories; anatomical dissection PM; surgical/obstetric training PM,,,,NONE,NONE,CONTEXTUAL_STANDARD,TECH_STATE:prerequisites+neighboring_branches;SOCIETY:literacy+universities+bureaucracy+mortality,NONE_DIRECT,STANDARD,BAND_C_LOW_MEDIUM,gfx/error_manul.dds,REQUIRED_NOT_CREATED,Medical qualifications and hospital efficiency; supports Military hospitals,MEDIUM,MEDIUM,HIGH,Anatomy; surgery and obstetrics remain PM/professional specializations; not separate core nodes.
classical_political_economy,Classical Political Economy,Society,IV,1770s–early XIXe,Smith and contemporaries systematize classical analysis of markets; division of labor and public policy,SOCIETY_V1,NONE,NEW,N/A,N/A,political_economy,,liberal_constitutionalism;early_socialism_cooperativism,PRESERVE_POST_1836_VANILLA_SUCCESSORS_PENDING_ERAS_VII_XII,UNIVERSAL,post-1776,UNIVERSAL,Market/trade/tax reform doctrines; investment and labor-market analysis,Trade / market / ownership law hooks,,,NONE,NONE,CONTEXTUAL_STANDARD,TECH_STATE:prerequisites+neighboring_branches;SOCIETY:literacy+universities+bureaucracy+mortality,FINANCE_AND_INVESTMENT,STANDARD,BAND_D_MEDIUM,gfx/error_manul.dds,REQUIRED_NOT_CREATED,Unlock/weight economic law options; does not force laissez-faire,MEDIUM,MEDIUM,HIGH,
constitutional_government,Constitutional Government,Society,IV,1776–1790s,Written constitutional frameworks explicitly defining sovereign institutions and powers,SOCIETY_V1,democracy,SPLIT,NO,NO,periodical_print_networks,,human_rights;national_sovereignty;liberal_constitutionalism,PRESERVE_POST_1836_VANILLA_SUCCESSORS_PENDING_ERAS_VII_XII,UNIVERSAL,post-1776,UNIVERSAL,Written-constitution frameworks; separation of powers; representative-government law hooks,,,,NONE,NONE,CONTEXTUAL_STANDARD,TECH_STATE:prerequisites+neighboring_branches;SOCIETY:literacy+universities+bureaucracy+mortality,NONE_DIRECT,STANDARD,BAND_D_MEDIUM,gfx/error_manul.dds,REQUIRED_NOT_CREATED,Government-law unlocks; no automatic democratization,MEDIUM,MEDIUM,HIGH,Latin American and Haitian constitutional trajectories must not be modeled as mere copies; multiple liberal; conservative and radical constitutional models existed.
human_rights,Human Rights,Society,IV,1770s–1790s,Rights framed as general claims of citizens/humans against privilege and arbitrary power,SOCIETY_V1,egalitarianism;feminism;human_rights,RETIME,YES,YES,constitutional_government;periodical_print_networks,,organized_reform_movements;abolitionist_mobilization;liberal_constitutionalism,PRESERVE_POST_1836_VANILLA_SUCCESSORS_PENDING_ERAS_VII_XII,UNIVERSAL,post-1776,UNIVERSAL,Civil-rights/citizenship law hooks; equality-before-law claims; women's-rights and abolitionist movement hooks,,,,NONE,NONE,CONTEXTUAL_STANDARD,TECH_STATE:prerequisites+neighboring_branches;SOCIETY:literacy+universities+bureaucracy+mortality,NONE_DIRECT,STANDARD,BAND_D_MEDIUM,gfx/error_manul.dds,REQUIRED_NOT_CREATED,Unlocks/strengthens laws and movements; does not apply rights automatically,MEDIUM,MEDIUM,HIGH,Haiti and colonial societies expose the contradiction between universal declarations and racial slavery; women's-rights advocacy is a movement package; not a separate core node before 1836.
national_sovereignty,National & Popular Sovereignty,Society,IV,1770s–early XIXe,Explicit location of sovereignty in the people/nation rather than solely dynastic authority,SOCIETY_V1,nationalism;pan-nationalism,SPLIT,NO,NO,constitutional_government;periodical_print_networks,,,PRESERVE_POST_1836_VANILLA_SUCCESSORS_PENDING_ERAS_VII_XII,UNIVERSAL,post-1776,UNIVERSAL,Independence/unification/national-sovereignty movement hooks; citizen-state legitimacy,,,,NONE,NONE,CONTEXTUAL_STANDARD,TECH_STATE:prerequisites+neighboring_branches;SOCIETY:literacy+universities+bureaucracy+mortality,NONE_DIRECT,STANDARD,BAND_D_MEDIUM,gfx/error_manul.dds,REQUIRED_NOT_CREATED,Enables national/independence movements without assuming one inevitable nation-state path,MEDIUM,MEDIUM,HIGH,Anti-colonial independence movements are EVENT/REGIONAL PATHS enabled by this concept; not a single universal 'anti-colonial tech'.
organized_reform_movements,Organized Reform Movements,Society,IV,Late XVIIIe onward,Durable issue-based organizations using print; subscriptions; petitions and public campaigns,SOCIETY_V1,NONE,NEW,N/A,N/A,periodical_print_networks;human_rights,,abolitionist_mobilization;labor_movement;early_socialism_cooperativism,PRESERVE_POST_1836_VANILLA_SUCCESSORS_PENDING_ERAS_VII_XII,UNIVERSAL,post-1776,UNIVERSAL,Petitions; civic societies; lobbying; public campaigns; movement strength,,,,NONE,NONE,CONTEXTUAL_STANDARD,TECH_STATE:prerequisites+neighboring_branches;SOCIETY:literacy+universities+bureaucracy+mortality,NONE_DIRECT,STANDARD,BAND_D_MEDIUM,gfx/error_manul.dds,REQUIRED_NOT_CREATED,Core movements/IG-pressure capability rather than law itself,MEDIUM,MEDIUM,HIGH,
abolitionist_mobilization,Abolitionist Mobilization,Society,IV,1780s–early XIXe,Organized transnational campaigns plus revolutionary emancipation politics,SOCIETY_V1,NONE,NEW,N/A,N/A,organized_reform_movements;human_rights,,,PRESERVE_POST_1836_VANILLA_SUCCESSORS_PENDING_ERAS_VII_XII,UNIVERSAL,post-1776,UNIVERSAL,Anti-slavery/slave-trade movement strength; emancipation law pressure; diplomatic pressure,,,,NONE,NONE,CONTEXTUAL_STANDARD,TECH_STATE:prerequisites+neighboring_branches;SOCIETY:literacy+universities+bureaucracy+mortality,NONE_DIRECT,STANDARD,BAND_D_MEDIUM,gfx/error_manul.dds,REQUIRED_NOT_CREATED,Movement/law pressure; not instant abolition,MEDIUM,MEDIUM,HIGH,Haitian emancipation must be represented as revolutionary Black agency; not as a British reform export.
systematic_cadastral_surveying,Systematic Cadastral Surveying,Society,IV,1760s–early XIXe,Parcel-level mapped survey tied to ownership/use and regular taxation,SOCIETY_V1,colonization,REWIRE,NO,NO,systematic_administrative_statistics;turnpike_road_networks,,,PRESERVE_POST_1836_VANILLA_SUCCESSORS_PENDING_ERAS_VII_XII,UNIVERSAL,post-1776,UNIVERSAL,Parcel mapping; landowner/use records; land-tax assessment; territorial information,Geological Surveying,,,NONE,NONE,CONTEXTUAL_STANDARD,TECH_STATE:prerequisites+neighboring_branches;SOCIETY:literacy+universities+bureaucracy+mortality,NONE_DIRECT,STANDARD,BAND_D_MEDIUM,gfx/error_manul.dds,REQUIRED_NOT_CREATED,Land tax/admin efficiency and terrain/resource information,MEDIUM,MEDIUM,HIGH,Napoleonic Cadastre is a reform implementation; not the universal tech itself.
systematic_legal_codification,Systematic Legal Codification,Society,IV,Pre-1700 traditions; major XVIIIe/early XIXe codification waves,Systematic; state-wide compilation and promulgation of legal rules,SOCIETY_V1,NONE,NEW,N/A,N/A,systematic_administrative_statistics,,professional_civil_policing,PRESERVE_POST_1836_VANILLA_SUCCESSORS_PENDING_ERAS_VII_XII,UNIVERSAL_STARTING_DIFFERENTIAL,post-1776,UNIVERSAL_STARTING_DIFFERENTIAL,Unified legal codes; jurisdiction clarity; property/contract/civil-status law hooks,,,,NONE,NONE,CONTEXTUAL_STANDARD,TECH_STATE:prerequisites+neighboring_branches;SOCIETY:literacy+universities+bureaucracy+mortality,STATE_INFORMATION_AND_MEDIA,STANDARD,BAND_D_MEDIUM,gfx/error_manul.dds,REQUIRED_NOT_CREATED,Administrative/legal uniformity; not synonymous with liberal law,MEDIUM,MEDIUM,HIGH,Qing can start with this capacity; European reforms are alternative implementations.
scientific_metrology,Scientific Metrology,Society,IV,Late XVIIIe,Scientifically reproducible reference standards and systematic national harmonization,SOCIETY_V1,currency_standards,SPLIT,NO,NO,systematic_administrative_statistics;institutionalized_scientific_exchange,,,PRESERVE_POST_1836_VANILLA_SUCCESSORS_PENDING_ERAS_VII_XII,UNIVERSAL,post-1776,UNIVERSAL,Reference standards; precise measurement; national standardization; trade/science/precision-manufacture efficiency,Precision Machine Tools; Geological Surveying,,,NONE,NONE,CONTEXTUAL_STANDARD,TECH_STATE:prerequisites+neighboring_branches;SOCIETY:literacy+universities+bureaucracy+mortality,RESEARCH_AND_TECHNICAL_CAPACITY,STANDARD,BAND_D_MEDIUM,gfx/error_manul.dds,REQUIRED_NOT_CREATED,Trade/admin/precision-manufacture synergy,MEDIUM,MEDIUM,HIGH,Metric System is a reform implementation; not mandatory universal outcome.
vaccination,Vaccination,Society,IV,1796 onward,Cowpox-based vaccination method,SOCIETY_V1,NONE,NEW,N/A,N/A,variolation_networks,,organized_immunization_campaigns,PRESERVE_POST_1836_VANILLA_SUCCESSORS_PENDING_ERAS_VII_XII,UNIVERSAL,post-1776,UNIVERSAL,Safer smallpox immunization; mortality ↓↓; prepares organized campaigns,,,,NONE,NONE,CONTEXTUAL_STANDARD,TECH_STATE:prerequisites+neighboring_branches;SOCIETY:literacy+universities+bureaucracy+mortality,NONE_DIRECT,STANDARD,BAND_D_MEDIUM,gfx/error_manul.dds,REQUIRED_NOT_CREATED,Safer replacement/upgrade to variolation,MEDIUM,MEDIUM,HIGH,
polytechnical_education,Polytechnical Education,Society,IV,1790s onward,Common advanced scientific foundation before specialized engineering careers,SOCIETY_V1,NONE,NEW,N/A,N/A,specialized_technical_academies,,experimental_research_laboratories,PRESERVE_POST_1836_VANILLA_SUCCESSORS_PENDING_ERAS_VII_XII,UNIVERSAL,post-1776,UNIVERSAL,Advanced common training in mathematics; physics; chemistry and mechanics; multi-branch engineer qualifications,Precision Engineering; Chemical Works; Geological Surveying,,,NONE,NONE,CONTEXTUAL_STANDARD,TECH_STATE:prerequisites+neighboring_branches;SOCIETY:literacy+universities+bureaucracy+mortality,RESEARCH_AND_TECHNICAL_CAPACITY,STANDARD,BAND_D_MEDIUM,gfx/error_manul.dds,REQUIRED_NOT_CREATED,High-level qualifications + broad applied-tech spread,MEDIUM,MEDIUM,HIGH,
optical_telegraph_networks,Optical Telegraph Networks,Society,IV,1790s onward,Networked standardized optical semaphore communication,SOCIETY_V1,electric_telegraph,KEEP,NO,NO,periodical_print_networks,,,electric_telegraph remains distinct and post-1836,UNIVERSAL,post-1776,UNIVERSAL,Semaphore stations; coded long-distance state messages; strategic communication speed ↑,,,,NONE,NONE,CONTEXTUAL_STANDARD,TECH_STATE:prerequisites+neighboring_branches;SOCIETY:literacy+universities+bureaucracy+mortality,STATE_INFORMATION_AND_MEDIA,STANDARD,BAND_D_MEDIUM,gfx/error_manul.dds,REQUIRED_NOT_CREATED,Rapid but expensive state/military information; distinct from public news circulation,MEDIUM,MEDIUM,HIGH,
central_statistical_offices,Central Statistical Offices,Society,V,~1800 onward,Dedicated central offices collecting/processing standardized state data,SOCIETY_V1,military_statistics,KEEP,NO,NO,systematic_administrative_statistics;systematic_population_registration,,,PRESERVE_POST_1836_VANILLA_SUCCESSORS_PENDING_ERAS_VII_XII,UNIVERSAL,post-1776,UNIVERSAL,Permanent statistical offices; detailed demographic/economic reporting; planning efficiency,Resource/industrial planning,,,NONE,NONE,CONTEXTUAL_STANDARD,TECH_STATE:prerequisites+neighboring_branches;SOCIETY:literacy+universities+bureaucracy+mortality,NONE_DIRECT,STANDARD,BAND_E_MEDIUM_HIGH,gfx/error_manul.dds,REQUIRED_NOT_CREATED,State information / planning / census efficiency,MEDIUM,MEDIUM,HIGH,
organized_immunization_campaigns,Organized Immunization Campaigns,Society,V,1800s onward,Institutional organization of large-scale vaccination campaigns,SOCIETY_V1,NONE,NEW,N/A,N/A,vaccination,,,PRESERVE_POST_1836_VANILLA_SUCCESSORS_PENDING_ERAS_VII_XII,UNIVERSAL,post-1776,UNIVERSAL,Vaccination societies/state campaigns; distribution networks; health-institution throughput,,,,NONE,NONE,CONTEXTUAL_STANDARD,TECH_STATE:prerequisites+neighboring_branches;SOCIETY:literacy+universities+bureaucracy+mortality,NONE_DIRECT,STANDARD,BAND_E_MEDIUM_HIGH,gfx/error_manul.dds,REQUIRED_NOT_CREATED,Turns medical knowledge into population-scale mortality reduction,MEDIUM,MEDIUM,HIGH,
mechanized_printing,Mechanized Printing,Society,V,1810s onward,Steam-driven cylinder printing,SOCIETY_V1,NONE,NEW,N/A,N/A,periodical_print_networks,mechanical_tools;rotative_steam_power;continuous_papermaking,mass_circulation_press,PRESERVE_POST_1836_VANILLA_SUCCESSORS_PENDING_ERAS_VII_XII,UNIVERSAL,post-1776,UNIVERSAL,Cylinder/steam press PM; print throughput ↑↑; paper demand ↑,Precision Machine Tools; Rotative Steam; Continuous Papermaking,,,NONE,NONE,CONTEXTUAL_STANDARD,TECH_STATE:prerequisites+neighboring_branches;SOCIETY:literacy+universities+bureaucracy+mortality,STATE_INFORMATION_AND_MEDIA,CONVERGENCE,BAND_E_MEDIUM_HIGH,gfx/error_manul.dds,REQUIRED_NOT_CREATED,Media throughput + paper demand + movement reach,HIGH,HIGH,HIGH,Lithography = PM_ONLY; not separate node.
experimental_research_laboratories,Experimental Research Laboratories,Society,V,1790s–early XIXe,Dedicated institutions where experiment itself produces systematic new knowledge,SOCIETY_V1,NONE,NEW,N/A,N/A,polytechnical_education;institutionalized_scientific_exchange,,specialized_professional_societies;clinicopathological_medicine;active_principle_pharmacy,PRESERVE_POST_1836_VANILLA_SUCCESSORS_PENDING_ERAS_VII_XII,UNIVERSAL,post-1776,UNIVERSAL,Laboratory research; applied chemistry/physics/material testing; Research Center unlock/PM candidate,Industrial Chemicals; metallurgy; machine tools; future industrial knowledge,,,NONE,NONE,CONTEXTUAL_STANDARD,TECH_STATE:prerequisites+neighboring_branches;SOCIETY:literacy+universities+bureaucracy+mortality,RESEARCH_AND_TECHNICAL_CAPACITY,CONVERGENCE,BAND_E_MEDIUM_HIGH,gfx/error_manul.dds,REQUIRED_NOT_CREATED,Historical basis for Research Centers and Industrial Knowledge Loop,HIGH,HIGH,HIGH,
specialized_professional_societies,Specialized Professional Societies,Society,V,1800s–1820s,Disciplinary professional bodies with standards; publications and membership,SOCIETY_V1,NONE,NEW,N/A,N/A,specialized_technical_academies;experimental_research_laboratories,,,PRESERVE_POST_1836_VANILLA_SUCCESSORS_PENDING_ERAS_VII_XII,UNIVERSAL,post-1776,UNIVERSAL,Professional standards; specialist publications; qualification networks; engineer/geologist/scientist organization,Professional Civil Engineering,,,NONE,NONE,CONTEXTUAL_STANDARD,TECH_STATE:prerequisites+neighboring_branches;SOCIETY:literacy+universities+bureaucracy+mortality,RESEARCH_AND_TECHNICAL_CAPACITY,STANDARD,BAND_E_MEDIUM_HIGH,gfx/error_manul.dds,REQUIRED_NOT_CREATED,Qualifications; tech spread; professional standards,MEDIUM,MEDIUM,HIGH,
clinicopathological_medicine,Clinicopathological Medicine,Society,V,~1799–1820s,Systematic correlation of clinical observation with post-mortem lesions/tissues,SOCIETY_V1,NONE,NEW,N/A,N/A,medical_degrees;experimental_research_laboratories,,,PRESERVE_POST_1836_VANILLA_SUCCESSORS_PENDING_ERAS_VII_XII,UNIVERSAL,post-1776,UNIVERSAL,Systematic autopsy; symptom-lesion correlation; pathological anatomy; diagnostic-tool PMs incl. stethoscope,,,,NONE,NONE,CONTEXTUAL_STANDARD,TECH_STATE:prerequisites+neighboring_branches;SOCIETY:literacy+universities+bureaucracy+mortality,RESEARCH_AND_TECHNICAL_CAPACITY,STANDARD,BAND_E_MEDIUM_HIGH,gfx/error_manul.dds,REQUIRED_NOT_CREATED,Medical efficiency / diagnosis / mortality improvements,MEDIUM,MEDIUM,HIGH,
active_principle_pharmacy,Active-Principle Pharmacy,Society,V,1803–1820s,Chemical isolation of active compounds from medicinal materials,SOCIETY_V1,pharmaceuticals;quinine,SPLIT,NO,NO,experimental_research_laboratories,industrial_acids,,pharmaceuticals/quinine successors preserved without a V1 pharmaceutical good,UNIVERSAL,post-1776,UNIVERSAL,Purified active medicines; reproducible dosing; alkaloids incl. morphine/quinine; future Pharmaceuticals chain,pharmaceuticals good DEFERRED,,,NONE,NONE,CONTEXTUAL_STANDARD,TECH_STATE:prerequisites+neighboring_branches;SOCIETY:literacy+universities+bureaucracy+mortality,SALT_CHEMISTRY,STANDARD,BAND_E_MEDIUM_HIGH,gfx/error_manul.dds,REQUIRED_NOT_CREATED,Medicine effectiveness and later Pharmaceuticals good/industry,HIGH,HIGH,HIGH,Cinchona medicinal knowledge is REGIONAL_LEGACY_KNOWLEDGE from the Andes; chemical isolation is a later universal capability.
postal_savings,Postal Savings,Society,V,~1790s–1810s,Institutions explicitly designed for small deposits by lower/middle income households,SOCIETY_V1,mutual_funds;postal_savings,RETIME,YES,YES,institutionalized_public_credit,,,PRESERVE_POST_1836_VANILLA_SUCCESSORS_PENDING_ERAS_VII_XII,UNIVERSAL,post-1776,UNIVERSAL,Small-depositor savings institutions; broader household financial participation; investment/welfare hooks,,,,NONE,NONE,CONTEXTUAL_STANDARD,TECH_STATE:prerequisites+neighboring_branches;SOCIETY:literacy+universities+bureaucracy+mortality,FINANCE_AND_INVESTMENT,STANDARD,BAND_E_MEDIUM_HIGH,gfx/error_manul.dds,REQUIRED_NOT_CREATED,Potential investment-pool / pop saving / self-provision mechanic; keep only if distinct gameplay exists,MEDIUM,MEDIUM,HIGH,May become institution/PM instead of core node after vanilla/economy audit.
professional_civil_policing,Professional Civil Policing,Society,VI,Late XVIIIe antecedents; 1820s frontier,Permanent professional civil force distinct from ordinary military coercion,SOCIETY_V1,law_enforcement,RETIME,NO,NO,systematic_legal_codification;systematic_administrative_statistics,,,PRESERVE_POST_1836_VANILLA_SUCCESSORS_PENDING_ERAS_VII_XII,UNIVERSAL,post-1776,UNIVERSAL,Permanent salaried civil police; standardized territorial organization; Law Enforcement institution upgrade,,,,NONE,NONE,CONTEXTUAL_STANDARD,TECH_STATE:prerequisites+neighboring_branches;SOCIETY:literacy+universities+bureaucracy+mortality,STATE_INFORMATION_AND_MEDIA,STANDARD,BAND_F_HIGH,gfx/error_manul.dds,REQUIRED_NOT_CREATED,Law Enforcement throughput with bureaucracy/wage cost,MEDIUM,MEDIUM,HIGH,Not 'invention of police'.
mass_circulation_press,Mass-Circulation Press,Society,VI,1830s frontier,Low-price; advertising-financed mass urban readership,SOCIETY_V1,NONE,NEW,N/A,N/A,mechanized_printing;organized_elementary_schooling,,,PRESERVE_POST_1836_VANILLA_SUCCESSORS_PENDING_ERAS_VII_XII,UNIVERSAL,post-1776,UNIVERSAL,Cheap high-volume newspapers; advertising-supported circulation; movement/public-opinion reach ↑↑; paper demand ↑↑,Paper / Continuous Papermaking,,,NONE,NONE,CONTEXTUAL_STANDARD,TECH_STATE:prerequisites+neighboring_branches;SOCIETY:literacy+universities+bureaucracy+mortality,STATE_INFORMATION_AND_MEDIA,STANDARD,BAND_F_HIGH,gfx/error_manul.dds,REQUIRED_NOT_CREATED,Mass political/media reach; interacts strongly with press laws,MEDIUM,MEDIUM,HIGH,
liberal_constitutionalism,Liberal Constitutionalism,Society,VI,1810s–1830s,Coherent early-nineteenth-century liberal reform program,SOCIETY_V1,NONE,NEW,N/A,N/A,constitutional_government;human_rights;classical_political_economy,,,PRESERVE_POST_1836_VANILLA_SUCCESSORS_PENDING_ERAS_VII_XII,UNIVERSAL,post-1776,UNIVERSAL,Expanded representative/civil-rights/economic-reform movement and law hooks,,,,NONE,NONE,CONTEXTUAL_STANDARD,TECH_STATE:prerequisites+neighboring_branches;SOCIETY:literacy+universities+bureaucracy+mortality,NONE_DIRECT,CONVERGENCE,BAND_F_HIGH,gfx/error_manul.dds,REQUIRED_NOT_CREATED,Unlock/weight liberal law options; does not force democratization or laissez-faire,HIGH,HIGH,HIGH,Merges the former V0.1 nodes Classical Liberal Reform + Liberal Constitutionalism.
labor_movement,Labor Movement,Society,VI,Late XVIIIe antecedents; 1820s consolidation,Cross-workplace/trade worker combinations with delegates; funds and collective bargaining/strikes,SOCIETY_V1,labor_movement,RETIME,YES,YES,organized_reform_movements,,,later mass labor and party organization remain post-1836,UNIVERSAL,post-1776,UNIVERSAL,Trade-union/combination movement hooks; strikes; wage/hour bargaining; labor-law pressure,Industrial workforce,,,NONE,NONE,CONTEXTUAL_STANDARD,TECH_STATE:prerequisites+neighboring_branches;SOCIETY:literacy+universities+bureaucracy+mortality,NONE_DIRECT,STANDARD,BAND_F_HIGH,gfx/error_manul.dds,REQUIRED_NOT_CREATED,Worker movements and labor-law pressure; legality determined by laws; not tech,MEDIUM,MEDIUM,HIGH,Mass press is NOT a hard prerequisite; organized labor predates the penny press.
early_socialism_cooperativism,Early Socialism & Cooperativism,Society,VI,1810s–1830s,Systematic critiques of competitive industrial society plus alternative cooperative/communitarian plans,SOCIETY_V1,anarchism;dialectics;socialism,RETIME,NO,NO,organized_reform_movements;classical_political_economy,,,mature socialism/anarchism remain later movements,UNIVERSAL,post-1776,UNIVERSAL,Early socialist/cooperative ideologies; communitarian/cooperative movement hooks; worker-reform politics,,,,NONE,NONE,CONTEXTUAL_STANDARD,TECH_STATE:prerequisites+neighboring_branches;SOCIETY:literacy+universities+bureaucracy+mortality,NONE_DIRECT,STANDARD,BAND_F_HIGH,gfx/error_manul.dds,REQUIRED_NOT_CREATED,Ideology/movement unlock; not automatic socialist law,MEDIUM,MEDIUM,HIGH,Name avoids treating the later Marxist label 'utopian socialism' as the actors' own universal category.
