Technology ID,Category,Era,Classification,Countries currently starting,Potential issue,Notes
enclosed_dock_systems,military,era_1,A,BCE;BEL;FIN;KRA;NSW;ORG;SAF;SAS;TAS;WAS,,"EN=Enclosed Dock Systems | FR=Bassins fermés | Prerequisites=— | Children=mechanized_naval_dockyards, ship_classification_surveying | Unlocks=bâtiment:building_port | Modifier=no | Capacité établie avant ou au plus tard en 1776."
scientific_fortification_siegecraft,military,era_1,A,BCE;BEL;FIN;KRA;NSW;ORG;SAF;SAS;TAS;WAS,,"EN=Fortification & Siege | FR=Fortification et siège | Prerequisites=— | Children=permanent_engineer_services, permanent_military_hospitals, regulated_small_arms | Unlocks=bâtiment:building_barrack, bâtiment:building_naval_fortification | Modifier=no | Capacité établie avant ou au plus tard en 1776."
state_dockyard_systems,military,era_1,A,BCE;BEL;FIN;KRA;MARATH;NSW;ORG;PER;SAF;SAS;TAS;WAS,,"EN=State Dockyard Systems | FR=Arsenaux d’État | Prerequisites=— | Children=mechanized_naval_dockyards, scientific_naval_architecture | Unlocks=bâtiment:building_naval_administration, bâtiment:building_shipyard | Modifier=yes: country_admiral_rank_impact_mult | Capacité établie avant ou au plus tard en 1776."
regulated_small_arms,military,era_2,A,ABU;ACE;AIT;ALK;ALW;ANH;ARG;ARM;ASM;AUS;AWA;BAD;BAS;BAV;BEO;BER;BHN;BHO;BHU;BHV;BHW;BIC;BIK;BLG;BNJ;BOL;BRA;BRE;BRU;BRZ;BTN;BUK;BUN;CHC;CHL;CHP;CHT;CIR;CLM;CMI;COB;CRO;CUB;DEI;DEN;DENNOR;DHA;ECU;EGY;EZO;FRA;FRM;FZN;GAL;GAR;GBR;GEN;GR3;GR4;GR5;GRE;GWA;HAI;HAM;HAN;HBC;HDJ;HEK;HER;HES;HOH;HOL;HUN;HYD;IDA;IND;ION;IQU;IR1;IREK;JAB;JAI;JAP;JAS;JEY;JHN;JMB;JOD;JOH;JUN;KAB;KAF;KAL;KAN;KAS;KAT;KHI;KHP;KNO;KOK;KOT;KTI;KUN;KUT;KZH;LAD;LAH;LAN;LIB;LIP;LOU;LUA;LUB;LUC;LUX;MAH;MAI;MAK;MAS;MEC;MEI;MEW;MEX;MGD;MICC;MKT;MLD;MLT;MNP;MOD;MOL;MON;MOR;MST;MYB;NAR;NAS;NAW;NBS;NET;NOR;NPU;NVS;OLD;OMA;ONT;ORA;ORG;OZH;PAN;PAP;PAR;PCO;PER;PEU;PHI;PLC;PLP;PNI;PON;POR;PRA;PRG;PRK;PRU;PTA;PTN;PUD;QUE;RUS;RYU;SAK;SAR;SAT;SAX;SC1;SC2;SC3;SC4;SCH;SCM;SCW;SEL;SEQ;SER;SHS;SIC;SIK;SIL;SIN;SMB;SPA;SPC;SPU;SRK;STG;SUL;SUR;SWE;SWI;TEX;TID;TRA;TRM;TRN;TRS;TUR;TUS;UBD;UCA;URU;USA;UZH;VEN;VNZ;WAL;WEI;WLD;WUR;YOG;ZAI,,"EN=Regulated Small Arms | FR=Armes réglementaires | Prerequisites=scientific_fortification_siegecraft | Children=armament_standardization_inspection, light_infantry_tactics, standardized_field_artillery | Unlocks=bâtiment:building_arms_industry, bâtiment:building_artillery_foundry | Modifier=no | Capacité établie avant ou au plus tard en 1776."
scientific_naval_architecture,military,era_2,A,BEL,NO_DIRECT_GAMEPLAY_UNLOCK,"EN=Naval Architecture | FR=Architecture navale | Prerequisites=state_dockyard_systems | Children=copper_sheathing, diagonal_ship_framing, iron_hull_construction, marine_chronometry, mechanized_naval_dockyards, paddle_steamer, shell_gun, standardized_naval_signals | Unlocks=— | Modifier=no | Capacité établie avant ou au plus tard en 1776."
light_infantry_tactics,military,era_3,B,ABU;ACE;AIT;ALK;ALW;ANH;ARG;ARM;ASM;AUS;AWA;BAD;BAS;BAV;BEO;BER;BHN;BHO;BHU;BHV;BHW;BIC;BIK;BLG;BNJ;BOL;BRA;BRE;BRU;BRZ;BTN;BUK;BUN;CHC;CHL;CHP;CHT;CIR;CLM;CMI;COB;CRO;CUB;DEI;DEN;DENNOR;DHA;ECU;EGY;EZO;FRA;FRM;FZN;GAL;GAR;GBR;GEN;GR3;GR4;GR5;GRE;GWA;HAI;HAM;HAN;HBC;HDJ;HEK;HER;HES;HOH;HOL;HUN;HYD;IDA;IND;ION;IQU;IR1;IREK;JAB;JAI;JAP;JAS;JEY;JHN;JMB;JOD;JOH;JUN;KAB;KAF;KAL;KAN;KAS;KAT;KHI;KHP;KNO;KOK;KOT;KTI;KUN;KUT;KZH;LAD;LAH;LAN;LIB;LIP;LOU;LUA;LUB;LUC;LUX;MAH;MAI;MAK;MAS;MEC;MEI;MEW;MEX;MGD;MICC;MKT;MLD;MLT;MNP;MOD;MOL;MON;MOR;MST;MYB;NAR;NAS;NAW;NBS;NET;NOR;NPU;NVS;OLD;OMA;ONT;ORA;ORG;OZH;PAN;PAP;PAR;PCO;PER;PEU;PHI;PLC;PLP;PNI;PON;POR;PRA;PRG;PRK;PRU;PTA;PTN;PUD;QUE;RUS;RYU;SAK;SAR;SAT;SAX;SC1;SC2;SC3;SC4;SCH;SCM;SCW;SEL;SEQ;SER;SHS;SIC;SIK;SIL;SIN;SMB;SPA;SPC;SPU;SRK;STG;SUL;SUR;SWE;SWI;TEX;TID;TRA;TRM;TRN;TRS;TUR;TUS;UBD;UCA;URU;USA;UZH;VEN;VNZ;WAL;WEI;WLD;WUR;YOG;ZAI,,"EN=Light Infantry Tactics | FR=Infanterie légère | Prerequisites=regulated_small_arms | Children=rifling | Unlocks=— | Modifier=yes: unit_experience_gain_mult | Frontière de 1776: attestée ou émergente, mais à diffusion limitée."
marine_chronometry,military,era_3,B,,,"EN=Marine Chronometry | FR=Chronométrie marine | Prerequisites=scientific_naval_architecture | Children=hydrographic_surveying | Unlocks=bâtiment:building_fishing_wharf, bâtiment:building_whaling_station | Modifier=no | Frontière de 1776: attestée ou émergente, mais à diffusion limitée."
permanent_military_hospitals,military,era_3,B,,NO_DIRECT_GAMEPLAY_UNLOCK,"EN=Military Hospitals | FR=Hôpitaux militaires | Prerequisites=scientific_fortification_siegecraft | Children=battlefield_evacuation | Unlocks=— | Modifier=no | Frontière de 1776: attestée ou émergente, mais à diffusion limitée."
ship_classification_surveying,military,era_3,B,,NO_DIRECT_GAMEPLAY_UNLOCK,"EN=Ship Class & Survey | FR=Classement et inspection | Prerequisites=enclosed_dock_systems | Children=maritime_safety_standards | Unlocks=— | Modifier=no | Frontière de 1776: attestée ou émergente, mais à diffusion limitée."
standardized_field_artillery,military,era_3,B,ABU;ACE;AIT;ALK;ALW;ANH;ARG;ARM;ASM;AUS;AWA;BAD;BAS;BAV;BEO;BER;BHN;BHO;BHU;BHV;BHW;BIC;BIK;BLG;BNJ;BOL;BRA;BRE;BRU;BRZ;BTN;BUK;BUN;CHC;CHL;CHP;CHT;CIR;CLM;CMI;COB;CRO;CUB;DEI;DEN;DENNOR;DHA;ECU;EGY;EZO;FRA;FRM;FZN;GAL;GAR;GBR;GEN;GR3;GR4;GR5;GRE;GWA;HAI;HAM;HAN;HBC;HDJ;HEK;HER;HES;HOH;HOL;HUN;HYD;IDA;IND;ION;IQU;IR1;IREK;JAB;JAI;JAP;JAS;JEY;JHN;JMB;JOD;JOH;JUN;KAB;KAF;KAL;KAN;KAS;KAT;KHI;KHP;KNO;KOK;KOT;KTI;KUN;KUT;KZH;LAD;LAH;LAN;LIB;LIP;LOU;LUA;LUB;LUC;LUX;MAH;MAI;MAK;MAS;MEC;MEI;MEW;MEX;MGD;MICC;MKT;MLD;MLT;MNP;MOD;MOL;MON;MOR;MST;MYB;NAR;NAS;NAW;NBS;NET;NOR;NPU;NVS;OLD;OMA;ONT;ORA;ORG;OZH;PAN;PAP;PAR;PCO;PER;PEU;PHI;PLC;PLP;PNI;PON;POR;PRA;PRG;PRK;PRU;PTA;PTN;PUD;QUE;RUS;RYU;SAK;SAR;SAT;SAX;SC1;SC2;SC3;SC4;SCH;SCM;SCW;SEL;SEQ;SER;SHS;SIC;SIK;SIL;SIN;SMB;SPA;SPC;SPU;SRK;STG;SUL;SUR;SWE;SWI;TEX;TID;TRA;TRM;TRN;TRS;TUR;TUS;UBD;UCA;URU;USA;UZH;VEN;VNZ;WAL;WEI;WLD;WUR;YOG;ZAI,,"EN=Field Artillery | FR=Artillerie de campagne | Prerequisites=regulated_small_arms | Children=armament_standardization_inspection, explosive_field_ammunition, horse_artillery, shell_gun | Unlocks=PM:pm_cannons | Modifier=no | Frontière de 1776: attestée ou émergente, mais à diffusion limitée."
armament_standardization_inspection,military,era_4,B,,NO_DIRECT_GAMEPLAY_UNLOCK,"EN=Arms Standards & Checks | FR=Contrôle de l’armement | Prerequisites=regulated_small_arms, standardized_field_artillery | Children=percussion_cap, rifling, standardized_military_rockets | Unlocks=— | Modifier=no | Frontière de 1776: attestée ou émergente, mais à diffusion limitée."
copper_sheathing,military,era_4,B,,,"EN=Copper Sheathing | FR=Doublage en cuivre | Prerequisites=scientific_naval_architecture | Children=— | Unlocks=PM:pm_copper_sheathing_building_shipyard | Modifier=no | Frontière de 1776: attestée ou émergente, mais à diffusion limitée."
horse_artillery,military,era_4,B,,NO_DIRECT_GAMEPLAY_UNLOCK,"EN=Horse Artillery | FR=Artillerie à cheval | Prerequisites=standardized_field_artillery | Children=corps_organization, military_veterinary_services | Unlocks=— | Modifier=no | Frontière de 1776: attestée ou émergente, mais à diffusion limitée."
military_topographic_surveying,military,era_4,B,,NO_DIRECT_GAMEPLAY_UNLOCK,"EN=Military Surveying | FR=Topographie militaire | Prerequisites=permanent_engineer_services | Children=general_staff, hydrographic_surveying | Unlocks=— | Modifier=no | Frontière de 1776: attestée ou émergente, mais à diffusion limitée."
mysorean_iron_cased_rocketry,military,era_4,E,,NO_DIRECT_GAMEPLAY_UNLOCK;LEAF_WITHOUT_DIRECT_UNLOCK,EN=Mysorean Rockets | FR=Fusées mysoréennes | Prerequisites=— | Children=— | Unlocks=— | Modifier=no | Alias de compatibilité ou nœud non recherchable.
permanent_engineer_services,military,era_4,B,,NO_DIRECT_GAMEPLAY_UNLOCK,"EN=Engineer Corps | FR=Corps du génie | Prerequisites=scientific_fortification_siegecraft | Children=casemated_fortifications, corps_organization, field_engineering_pontoon_trains, military_topographic_surveying | Unlocks=— | Modifier=no | Frontière de 1776: attestée ou émergente, mais à diffusion limitée."
battlefield_evacuation,military,era_5,C,,NO_DIRECT_GAMEPLAY_UNLOCK,"EN=Battlefield Evacuation | FR=Évacuation des blessés | Prerequisites=permanent_military_hospitals, logistics | Children=modern_nursing | Unlocks=— | Modifier=no | Développement postérieur à 1776, surtout première industrialisation."
casemated_fortifications,military,era_5,C,,,"EN=Casemated Fortifications | FR=Forts casematés | Prerequisites=permanent_engineer_services | Children=concrete_fortifications | Unlocks=PM:pm_naval_fortification_reinforced | Modifier=no | Développement postérieur à 1776, surtout première industrialisation."
corps_organization,military,era_5,C,,,"EN=Corps Organization | FR=Corps d’armée | Prerequisites=horse_artillery, permanent_engineer_services | Children=enlistment_offices, general_staff, logistics | Unlocks=décret:decree_enlistment_efforts, décret:decree_violent_suppression, loi:law_national_militia, loi:law_professional_army | Modifier=yes: country_general_rank_impact_mult, state_conscription_rate_mult | Développement postérieur à 1776, surtout première industrialisation."
diagonal_ship_framing,military,era_5,C,,NO_DIRECT_GAMEPLAY_UNLOCK,"EN=Diagonal Ship Framing | FR=Charpente diagonale | Prerequisites=scientific_naval_architecture | Children=iron_hull_construction | Unlocks=— | Modifier=no | Développement postérieur à 1776, surtout première industrialisation."
explosive_field_ammunition,military,era_5,C,,NO_DIRECT_GAMEPLAY_UNLOCK,"EN=Explosive Ammunition | FR=Munitions explosives | Prerequisites=standardized_field_artillery | Children=standardized_military_rockets | Unlocks=— | Modifier=no | Développement postérieur à 1776, surtout première industrialisation."
field_engineering_pontoon_trains,military,era_5,C,,NO_DIRECT_GAMEPLAY_UNLOCK,"EN=Engineers & Pontoons | FR=Génie et pontons | Prerequisites=permanent_engineer_services, logistics | Children=landing_craft | Unlocks=— | Modifier=no | Développement postérieur à 1776, surtout première industrialisation."
hydrographic_surveying,military,era_5,C,,NO_DIRECT_GAMEPLAY_UNLOCK,"EN=Hydrographic Surveying | FR=Levé hydrographique | Prerequisites=marine_chronometry, military_topographic_surveying | Children=maritime_safety_standards, modern_lighthouse_optics | Unlocks=— | Modifier=no | Développement postérieur à 1776, surtout première industrialisation."
logistics,military,era_5,C,,,"EN=Logistics | FR=Logistique | Prerequisites=corps_organization | Children=battlefield_evacuation, electric_telegraph, enlistment_offices, field_engineering_pontoon_trains, general_staff, triage | Unlocks=loi:law_mass_conscription, loi:law_professional_army | Modifier=yes: country_general_rank_impact_mult, state_conscription_rate_mult | Développement postérieur à 1776, surtout première industrialisation."
mechanized_naval_dockyards,military,era_5,C,,,"EN=Mechanized Dockyards | FR=Arsenaux mécanisés | Prerequisites=scientific_naval_architecture, state_dockyard_systems, enclosed_dock_systems | Children=gantry_cranes, iron_hull_construction | Unlocks=PM:pm_trade_center_trade_quantity_high | Modifier=no | Développement postérieur à 1776, surtout première industrialisation."
military_veterinary_services,military,era_5,C,,NO_DIRECT_GAMEPLAY_UNLOCK;LEAF_WITHOUT_DIRECT_UNLOCK,"EN=Veterinary Services | FR=Services vétérinaires | Prerequisites=horse_artillery | Children=— | Unlocks=— | Modifier=no | Développement postérieur à 1776, surtout première industrialisation."
paddle_steamer,military,era_5,C,,,"EN=Paddle Steamer | FR=Bateau à roues à aubes | Prerequisites=scientific_naval_architecture | Children=iron_hull_construction, screw_frigate | Unlocks=PM:pm_complex_shipbuilding, PM:pm_military_shipbuilding_wooden_2 | Modifier=yes: ship_crew_damage_mult, ship_hull_damage_mult | Développement postérieur à 1776, surtout première industrialisation."
percussion_cap,military,era_5,C,,,"EN=Percussion Cap | FR=Amorce à percussion | Prerequisites=armament_standardization_inspection, rifling | Children=general_staff, repeaters | Unlocks=PM:pm_percussion_caps, bâtiment:building_munition_plant | Modifier=no | Développement postérieur à 1776, surtout première industrialisation."
rifling,military,era_5,C,,,"EN=Rifling | FR=Rainurage | Prerequisites=light_infantry_tactics, armament_standardization_inspection | Children=percussion_cap, repeaters | Unlocks=PM:pm_rifles | Modifier=no | Développement postérieur à 1776, surtout première industrialisation."
standardized_military_rockets,military,era_5,C,,NO_DIRECT_GAMEPLAY_UNLOCK;LEAF_WITHOUT_DIRECT_UNLOCK,"EN=Military Rockets | FR=Fusées militaires | Prerequisites=explosive_field_ammunition, armament_standardization_inspection | Children=— | Unlocks=— | Modifier=no | Développement postérieur à 1776, surtout première industrialisation."
standardized_naval_signals,military,era_5,C,,,"EN=Naval Signals | FR=Signaux navals | Prerequisites=scientific_naval_architecture | Children=— | Unlocks=PM:pm_power_of_the_purse, loi:law_diplomatic_navy, loi:law_professional_navy | Modifier=no | Développement postérieur à 1776, surtout première industrialisation."
general_staff,military,era_6,C,,,"EN=General Staff | FR=État-major | Prerequisites=corps_organization, military_topographic_surveying, logistics, percussion_cap | Children=field_works, military_statistics | Unlocks=PM:pm_general_training, PM:pm_general_training_conscription, loi:law_mass_conscription, loi:law_professional_army | Modifier=no | Développement postérieur à 1776, surtout première industrialisation."
iron_hull_construction,military,era_6,C,,NO_DIRECT_GAMEPLAY_UNLOCK,"EN=Iron Hull Construction | FR=Coques en fer | Prerequisites=scientific_naval_architecture, mechanized_naval_dockyards, diagonal_ship_framing, paddle_steamer | Children=ironclad_tech | Unlocks=— | Modifier=no | Développement postérieur à 1776, surtout première industrialisation."
maritime_safety_standards,military,era_6,C,,NO_DIRECT_GAMEPLAY_UNLOCK,"EN=Maritime Safety | FR=Sécurité maritime | Prerequisites=ship_classification_surveying, hydrographic_surveying | Children=gantry_cranes | Unlocks=— | Modifier=no | Développement postérieur à 1776, surtout première industrialisation."
modern_lighthouse_optics,military,era_6,C,,NO_DIRECT_GAMEPLAY_UNLOCK;LEAF_WITHOUT_DIRECT_UNLOCK,"EN=Modern Lighthouse Optics | FR=Optique des phares | Prerequisites=hydrographic_surveying | Children=— | Unlocks=— | Modifier=no | Développement postérieur à 1776, surtout première industrialisation."
shell_gun,military,era_6,C,,,"EN=Shell Gun | FR=Canon à obus | Prerequisites=standardized_field_artillery, scientific_naval_architecture | Children=breech_loading_artillery, self_propelled_torpedoes | Unlocks=PM:pm_smoothbores | Modifier=no | Développement postérieur à 1776, surtout première industrialisation."
admiralty,military,era_7,E,,NO_DIRECT_GAMEPLAY_UNLOCK,EN=Admiralty | FR=Amirauté | Prerequisites=navigation | Children=power_of_the_purse | Unlocks=— | Modifier=no | Alias de compatibilité ou nœud non recherchable.
army_reserves,military,era_7,E,,NO_DIRECT_GAMEPLAY_UNLOCK;LEAF_WITHOUT_DIRECT_UNLOCK,EN=Army Reserves | FR=Réserve militaire | Prerequisites=line_infantry | Children=— | Unlocks=— | Modifier=no | Alias de compatibilité ou nœud non recherchable.
artillery,military,era_7,E,,NO_DIRECT_GAMEPLAY_UNLOCK,EN=Artillery | FR=Artillerie | Prerequisites=gunsmithing | Children=napoleonic_warfare | Unlocks=— | Modifier=no | Alias de compatibilité ou nœud non recherchable.
drydocks,military,era_7,E,,NO_DIRECT_GAMEPLAY_UNLOCK,EN=Drydocks | FR=Cales sèches | Prerequisites=navigation | Children=hydraulic_cranes | Unlocks=— | Modifier=no | Alias de compatibilité ou nœud non recherchable.
electric_telegraph,military,era_7,D,,,EN=Electric Telegraph | FR=Télégraphe électrique | Prerequisites=logistics | Children=— | Unlocks=— | Modifier=yes: country_war_exhaustion_casualties_mult | Technologie nettement tardive pour un départ en 1776.
field_works,military,era_7,E,,,EN=Field Works | FR=Aménagement de terrain | Prerequisites=general_staff | Children=trench_works | Unlocks=PM:pm_barbed_wire_fences | Modifier=yes: unit_army_defense_mult | Capacité institutionnelle/politique abstraite; décision pays par pays.
gunsmithing,military,era_7,E,,NO_DIRECT_GAMEPLAY_UNLOCK,EN=Gunsmithing | FR=Armurerie | Prerequisites=standing_army | Children=artillery | Unlocks=— | Modifier=no | Alias de compatibilité ou nœud non recherchable.
hydraulic_cranes,military,era_7,E,,NO_DIRECT_GAMEPLAY_UNLOCK;LEAF_WITHOUT_DIRECT_UNLOCK,EN=Hydraulic Cranes | FR=Grue hydraulique | Prerequisites=drydocks | Children=— | Unlocks=— | Modifier=no | Alias de compatibilité ou nœud non recherchable.
ironclad_tech,military,era_7,D,,,"EN=Ironclad | FR=Cuirassé | Prerequisites=iron_hull_construction | Children=monitor_tech, pre_dreadnought_tech | Unlocks=PM:pm_military_shipbuilding_steam, bâtiment:building_kiel_canal | Modifier=no | Technologie nettement tardive pour un départ en 1776."
line_infantry,military,era_7,E,,NO_DIRECT_GAMEPLAY_UNLOCK,"EN=Line Infantry | FR=Infanterie de ligne | Prerequisites=mandatory_service, military_drill | Children=army_reserves, napoleonic_warfare | Unlocks=— | Modifier=no | Alias de compatibilité ou nœud non recherchable."
mandatory_service,military,era_7,E,,NO_DIRECT_GAMEPLAY_UNLOCK,EN=Mandatory Service | FR=Service obligatoire | Prerequisites=standing_army | Children=line_infantry | Unlocks=— | Modifier=no | Alias de compatibilité ou nœud non recherchable.
military_drill,military,era_7,E,,NO_DIRECT_GAMEPLAY_UNLOCK,EN=Military Drill | FR=Exercice militaire | Prerequisites=standing_army | Children=line_infantry | Unlocks=— | Modifier=no | Alias de compatibilité ou nœud non recherchable.
modern_nursing,military,era_7,D,,NO_DIRECT_GAMEPLAY_UNLOCK;LEAF_WITHOUT_DIRECT_UNLOCK,EN=Modern Nursing | FR=Soins infirmiers modernes | Prerequisites=battlefield_evacuation | Children=— | Unlocks=— | Modifier=no | Technologie nettement tardive pour un départ en 1776.
napoleonic_warfare,military,era_7,E,,NO_DIRECT_GAMEPLAY_UNLOCK;LEAF_WITHOUT_DIRECT_UNLOCK,"EN=Napoleonic Warfare | FR=Guerre napoléonienne | Prerequisites=line_infantry, artillery | Children=— | Unlocks=— | Modifier=no | Alias de compatibilité ou nœud non recherchable."
navigation,military,era_7,E,,NO_DIRECT_GAMEPLAY_UNLOCK,"EN=Navigation | FR=Navigation | Prerequisites=— | Children=admiralty, drydocks | Unlocks=— | Modifier=no | Alias de compatibilité ou nœud non recherchable."
power_of_the_purse,military,era_7,E,,NO_DIRECT_GAMEPLAY_UNLOCK;LEAF_WITHOUT_DIRECT_UNLOCK,EN=Power of the Purse | FR=Pouvoir du portefeuille | Prerequisites=admiralty | Children=— | Unlocks=— | Modifier=no | Alias de compatibilité ou nœud non recherchable.
screw_frigate,military,era_7,E,,NO_DIRECT_GAMEPLAY_UNLOCK;LEAF_WITHOUT_DIRECT_UNLOCK,EN=Screw Frigate | FR=Frégate à hélice | Prerequisites=paddle_steamer | Children=— | Unlocks=— | Modifier=no | Alias de compatibilité ou nœud non recherchable.
standing_army,military,era_7,E,,NO_DIRECT_GAMEPLAY_UNLOCK,"EN=Standing Army | FR=Armée permanente | Prerequisites=— | Children=gunsmithing, mandatory_service, military_drill | Unlocks=— | Modifier=no | Alias de compatibilité ou nœud non recherchable."
triage,military,era_7,E,,NO_DIRECT_GAMEPLAY_UNLOCK;LEAF_WITHOUT_DIRECT_UNLOCK,EN=Triage | FR=Triage | Prerequisites=logistics | Children=— | Unlocks=— | Modifier=no | Alias de compatibilité ou nœud non recherchable.
breech_loading_artillery,military,era_8,D,,,EN=Breech-Loading Artillery | FR=Armes à chargement par la culasse | Prerequisites=shell_gun | Children=monitor_tech | Unlocks=PM:pm_breech_loaders | Modifier=no | Technologie nettement tardive pour un départ en 1776.
enlistment_offices,military,era_8,D,,,"EN=Enlistment Offices | FR=Bureaux de recrutement militaire | Prerequisites=logistics, corps_organization | Children=war_propaganda | Unlocks=loi:law_mass_conscription | Modifier=yes: country_general_rank_impact_mult, state_conscription_rate_mult | Technologie nettement tardive pour un départ en 1776."
gantry_cranes,military,era_8,D,,,"EN=Gantry Cranes | FR=Portique de levage | Prerequisites=mechanized_naval_dockyards, maritime_safety_standards | Children=floating_harbor | Unlocks=PM:pm_industrial_port, PM:pm_metal_shipbuilding | Modifier=yes: ship_ship_type_supply_ship_supply_capacity_mult | Technologie nettement tardive pour un départ en 1776."
monitor_tech,military,era_8,D,,,"EN=$ship_type_modern_ironclad$ | FR=$ship_type_modern_ironclad$ | Prerequisites=ironclad_tech, breech_loading_artillery | Children=destroyer | Unlocks=loi:law_diplomatic_navy, loi:law_jeune_ecole, loi:law_professional_navy | Modifier=no | Technologie nettement tardive pour un départ en 1776."
repeaters,military,era_8,D,,,"EN=Repeaters | FR=Arme à répétition | Prerequisites=rifling, percussion_cap | Children=bolt_action_rifles, handcranked_machine_gun | Unlocks=PM:pm_repeaters | Modifier=no | Technologie nettement tardive pour un départ en 1776."
self_propelled_torpedoes,military,era_8,D,,NO_DIRECT_GAMEPLAY_UNLOCK,"EN=Self-Propelled Torpedoes | FR=Torpilles autopropulsées | Prerequisites=shell_gun | Children=jeune_ecole, submarine | Unlocks=— | Modifier=no | Technologie nettement tardive pour un départ en 1776."
bolt_action_rifles,military,era_9,D,,,EN=Bolt-Action Rifle | FR=Fusil à verrou | Prerequisites=repeaters | Children=automatic_machine_guns | Unlocks=PM:pm_bolt_action_rifles | Modifier=no | Technologie nettement tardive pour un départ en 1776.
floating_harbor,military,era_9,D,,,"EN=Floating Harbor | FR=Port artificiel | Prerequisites=gantry_cranes | Children=concrete_dockyards, landing_craft | Unlocks=PM:pm_trade_center_trade_quantity_very_high | Modifier=no | Technologie nettement tardive pour un départ en 1776."
handcranked_machine_gun,military,era_9,D,,,"EN=Handcranked Machine Gun | FR=Mitrailleuse à manivelle | Prerequisites=repeaters | Children=automatic_machine_guns | Unlocks=— | Modifier=yes: unit_army_defense_add, unit_kill_rate_add | Technologie nettement tardive pour un départ en 1776."
jeune_ecole,military,era_9,D,,,"EN=Jeune École | FR=Jeune École | Prerequisites=self_propelled_torpedoes | Children=sea_lane_strategies | Unlocks=PM:pm_jeune_ecole, loi:law_jeune_ecole | Modifier=yes: country_admiral_rank_impact_mult | Technologie nettement tardive pour un départ en 1776."
military_statistics,military,era_9,D,,,"EN=Military Statistics | FR=Statistiques militaires | Prerequisites=general_staff | Children=wargaming | Unlocks=PM:pm_advanced_tactics_training, PM:pm_advanced_tactics_training_conscription | Modifier=yes: military_formation_organization_gain_mult | Technologie nettement tardive pour un départ en 1776."
trench_works,military,era_9,D,,NO_DIRECT_GAMEPLAY_UNLOCK,"EN=Trench Works | FR=Tranchées | Prerequisites=field_works | Children=chemical_warfare, defense_in_depth, flamethrowers, stormtroopers | Unlocks=— | Modifier=no | Technologie nettement tardive pour un départ en 1776."
wargaming,military,era_9,D,,,"EN=Wargaming | FR=Simulation de guerre | Prerequisites=military_statistics | Children=military_aviation, nco_training | Unlocks=PM:pm_training_streamlining, PM:pm_training_streamlining_conscription | Modifier=yes: country_general_rank_impact_mult, unit_army_offense_mult | Technologie nettement tardive pour un départ en 1776."
concrete_dockyards,military,era_10,D,,,EN=Concrete Dockyards | FR=Chantiers navals en béton | Prerequisites=floating_harbor | Children=battleship_tech | Unlocks=PM:pm_modern_port | Modifier=yes: ship_ship_type_supply_ship_supply_capacity_mult | Technologie nettement tardive pour un départ en 1776.
military_aviation,military,era_10,D,,,"EN=Military Aviation | FR=Aviation militaire | Prerequisites=wargaming | Children=carrier_tech, mobile_armor | Unlocks=PM:pm_aeroplane_production, PM:pm_all_metal_aircraft | Modifier=no | Technologie nettement tardive pour un départ en 1776."
pre_dreadnought_tech,military,era_10,D,,,"EN=$ship_type_pre_dreadnought$ | FR=$ship_type_pre_dreadnought$ | Prerequisites=ironclad_tech | Children=dreadnought_tech | Unlocks=loi:law_diplomatic_navy, loi:law_jeune_ecole, loi:law_professional_navy | Modifier=no | Technologie nettement tardive pour un départ en 1776."
sea_lane_strategies,military,era_10,D,,,"EN=Sea Lane Strategies | FR=Stratégies de couloirs de navigation | Prerequisites=jeune_ecole | Children=battlefleet_tactics | Unlocks=PM:pm_sea_lane_strategies, loi:law_diplomatic_navy, loi:law_jeune_ecole, loi:law_professional_navy | Modifier=yes: country_admiral_rank_impact_mult | Technologie nettement tardive pour un départ en 1776."
war_propaganda,military,era_10,D,,,"EN=War Propaganda | FR=Propagande de guerre | Prerequisites=enlistment_offices | Children=— | Unlocks=— | Modifier=yes: state_conscription_rate_mult, unit_morale_loss_mult | Technologie nettement tardive pour un départ en 1776."
automatic_machine_guns,military,era_11,D,,,"EN=Automatic Machine Guns | FR=Mitrailleuse automatique | Prerequisites=handcranked_machine_gun, bolt_action_rifles | Children=defense_in_depth | Unlocks=PM:pm_recoiled_barrels | Modifier=no | Technologie nettement tardive pour un départ en 1776."
concrete_fortifications,military,era_11,D,,,"EN=Concrete Fortifications | FR=Fortifications en béton | Prerequisites=defense_in_depth, casemated_fortifications | Children=— | Unlocks=PM:pm_naval_fortification_advanced | Modifier=yes: unit_army_defense_mult | Technologie nettement tardive pour un départ en 1776."
defense_in_depth,military,era_11,D,,,"EN=Defense in Depth | FR=Défense en profondeur | Prerequisites=trench_works, automatic_machine_guns | Children=concrete_fortifications | Unlocks=— | Modifier=yes: unit_army_defense_mult | Technologie nettement tardive pour un départ en 1776."
destroyer,military,era_11,D,,NO_DIRECT_GAMEPLAY_UNLOCK,EN=Destroyer | FR=Destroyer | Prerequisites=monitor_tech | Children=battlefleet_tactics | Unlocks=— | Modifier=no | Technologie nettement tardive pour un départ en 1776.
dreadnought_tech,military,era_11,D,,NO_DIRECT_GAMEPLAY_UNLOCK,"EN=Dreadnought | FR=Frégate | Prerequisites=pre_dreadnought_tech | Children=battlefleet_tactics, battleship_tech, carrier_tech | Unlocks=— | Modifier=no | Technologie nettement tardive pour un départ en 1776."
landing_craft,military,era_11,D,,NO_DIRECT_GAMEPLAY_UNLOCK;LEAF_WITHOUT_DIRECT_UNLOCK,"EN=Landing Craft | FR=Navire de débarquement | Prerequisites=floating_harbor, field_engineering_pontoon_trains | Children=— | Unlocks=— | Modifier=no | Technologie nettement tardive pour un départ en 1776."
nco_training,military,era_11,D,,,"EN=NCO Training | FR=Formation des sous-officiers | Prerequisites=wargaming | Children=stormtroopers | Unlocks=PM:pm_nco_incorporation, PM:pm_nco_incorporation_conscription | Modifier=yes: country_general_rank_impact_mult | Technologie nettement tardive pour un départ en 1776."
stormtroopers,military,era_11,D,,,"EN=Stormtroopers | FR=Troupes d’assaut | Prerequisites=nco_training, trench_works | Children=mobile_armor | Unlocks=— | Modifier=yes: unit_combat_unit_type_mechanized_infantry_offense_add, unit_combat_unit_type_squad_infantry_offense_add, unit_combat_unit_type_trench_infantry_offense_add, unit_kill_rate_add | Technologie nettement tardive pour un départ en 1776."
submarine,military,era_11,D,,NO_DIRECT_GAMEPLAY_UNLOCK;LEAF_WITHOUT_DIRECT_UNLOCK,EN=Submarine | FR=Sous-marin | Prerequisites=self_propelled_torpedoes | Children=— | Unlocks=— | Modifier=no | Technologie nettement tardive pour un départ en 1776.
battlefleet_tactics,military,era_12,D,,,"EN=Modern Battlefleet Tactics | FR=Tactiques modernes de la flotte de combat | Prerequisites=dreadnought_tech, sea_lane_strategies, destroyer | Children=— | Unlocks=PM:pm_battlefleet_tactics | Modifier=yes: country_admiral_rank_impact_mult | Technologie nettement tardive pour un départ en 1776."
battleship_tech,military,era_12,D,,NO_DIRECT_GAMEPLAY_UNLOCK;LEAF_WITHOUT_DIRECT_UNLOCK,"EN=$ship_type_super_dreadnought$ | FR=$ship_type_super_dreadnought$ | Prerequisites=dreadnought_tech, concrete_dockyards | Children=— | Unlocks=— | Modifier=no | Technologie nettement tardive pour un départ en 1776."
carrier_tech,military,era_12,D,,NO_DIRECT_GAMEPLAY_UNLOCK;LEAF_WITHOUT_DIRECT_UNLOCK,"EN=Aircraft Carrier | FR=Porte-avions | Prerequisites=dreadnought_tech, military_aviation | Children=— | Unlocks=— | Modifier=no | Technologie nettement tardive pour un départ en 1776."
chemical_warfare,military,era_12,D,,NO_DIRECT_GAMEPLAY_UNLOCK;LEAF_WITHOUT_DIRECT_UNLOCK,EN=Chemical Warfare | FR=Guerre chimique | Prerequisites=trench_works | Children=— | Unlocks=— | Modifier=no | Technologie nettement tardive pour un départ en 1776.
flamethrowers,military,era_12,D,,,EN=Flamethrowers | FR=Lance-flammes | Prerequisites=trench_works | Children=— | Unlocks=— | Modifier=yes: unit_kill_rate_add | Technologie nettement tardive pour un départ en 1776.
mobile_armor,military,era_12,D,,,"EN=Mobile Armor | FR=Armure mobile | Prerequisites=military_aviation, stormtroopers | Children=— | Unlocks=PM:pm_mobile_warfare_tactics, PM:pm_mobile_warfare_tactics_conscription, PM:pm_tank_production | Modifier=no | Technologie nettement tardive pour un départ en 1776."
coke_smelting,production,era_1,A,BCE;BEL;CHL;CLM;EGY;FIN;GRE;ION;IQU;KRA;LIB;NPU;NSW;ORG;PNI;PRA;SAF;SAS;SPC;SPU;TAS;TEX;WAS,,"EN=Coke Smelting | FR=Fonte au coke | Prerequisites=organized_forestry | Children=atmospheric_engine, coal_gasification, precision_boring, puddling_and_rolling | Unlocks=bâtiment:building_steel_mill, bâtiment:building_tooling_workshop | Modifier=no | Capacité établie avant ou au plus tard en 1776."
distillation,production,era_1,A,ABU;ACE;AIT;ALK;ALW;ANH;ARG;ARM;ASM;AUS;AWA;BAD;BAS;BAV;BCE;BEL;BEO;BER;BHN;BHO;BHU;BHV;BHW;BIC;BIK;BLG;BNJ;BOL;BRA;BRE;BRU;BRZ;BTN;BUK;BUN;CHC;CHL;CHP;CHT;CIR;CLM;CMI;COB;CRO;CUB;DEI;DEN;DENNOR;DHA;ECU;EGY;EZO;FIN;FRA;FRM;FZN;GAL;GAR;GBR;GEN;GR3;GR4;GR5;GRE;GWA;HAI;HAM;HAN;HBC;HDJ;HEK;HER;HES;HOH;HOL;HUN;HYD;IDA;IND;ION;IQU;IR1;IREK;JAB;JAI;JAP;JAS;JEY;JHN;JMB;JOD;JOH;JUN;KAB;KAF;KAL;KAN;KAS;KAT;KHI;KHP;KNO;KOK;KOT;KRA;KTI;KUN;KUT;KZH;LAD;LAH;LAN;LIB;LIP;LOU;LUA;LUB;LUC;LUX;MAH;MAI;MAK;MAS;MEC;MEI;MEW;MEX;MGD;MICC;MKT;MLD;MLT;MNP;MOD;MOL;MON;MOR;MST;MYB;NAR;NAS;NAW;NBS;NET;NOR;NPU;NSW;NVS;OLD;OMA;ONT;ORA;ORG;OZH;PAN;PAP;PAR;PCO;PER;PEU;PHI;PLC;PLP;PNI;PON;POR;PRA;PRG;PRK;PRU;PTA;PTN;PUD;QUE;RUS;RYU;SAF;SAK;SAR;SAS;SAT;SAX;SC1;SC2;SC3;SC4;SCH;SCM;SCW;SEL;SEQ;SER;SHS;SIC;SIK;SIL;SIN;SMB;SPA;SPC;SPU;SRK;STG;SUL;SUR;SWE;SWI;TAS;TEX;TID;TRA;TRM;TRN;TRS;TUR;TUS;UBD;UCA;URU;USA;UZH;VEN;VNZ;WAL;WAS;WEI;WLD;WUR;YOG;ZAI,,"EN=Distillation | FR=Distillation | Prerequisites=— | Children=fractional_distillation | Unlocks=PM:pm_pot_stills, PM:pm_spiced_food_preparations | Modifier=no | Capacité établie avant ou au plus tard en 1776."
improved_husbandry,production,era_1,A,ABB;ABS;ABU;ACE;ADG;ADR;AGC;AHG;AIR;AIT;AJJ;AJR;ALK;ALW;ANH;ANK;APC;ARB;ARG;ARH;ARM;ARP;ARR;ARS;ASH;ASM;ATB;ATR;AUL;AUS;AWA;AWS;BAD;BAG;BAL;BAS;BAV;BCE;BEL;BEN;BEO;BER;BGI;BGM;BHN;BHO;BHU;BHV;BHW;BIC;BIK;BLF;BLG;BMB;BMM;BNJ;BNN;BNY;BOL;BOR;BRA;BRD;BRE;BRG;BRK;BRU;BRZ;BST;BTN;BUG;BUK;BUN;BUR;CAM;CHC;CHI;CHK;CHL;CHP;CHT;CIR;CLM;CMB;CMI;COB;COC;COM;CON;COO;CRI;CRO;CUB;DAH;DAI;DEI;DEN;DENNOR;DFR;DGR;DHA;DIN;DLM;DUR;ECU;EGY;ETH;EZO;FIN;FRA;FRM;FTJ;FTR;FZN;GAL;GAR;GBR;GEN;GJM;GLD;GNI;GR3;GR4;GR5;GRE;GRW;GWA;GZA;HAI;HAM;HAN;HAR;HAU;HAW;HBC;HDJ;HDY;HEK;HER;HES;HOH;HOL;HUN;HYD;IDA;IND;ION;IQU;IR1;IRC;IREK;ISQ;JAB;JAI;JAP;JAS;JBB;JEY;JHN;JMB;JOD;JOH;JUN;KAB;KAF;KAL;KAN;KAS;KAT;KAU;KBA;KBB;KBD;KBU;KFA;KHI;KHP;KKI;KLN;KLO;KNC;KNG;KNO;KOK;KON;KOR;KOT;KRA;KRG;KRI;KRT;KTI;KTU;KUN;KUT;KYN;KZH;KZM;LAD;LAH;LAN;LIB;LIP;LKT;LNG;LOU;LRR;LUA;LUB;LUC;LUO;LUX;MAD;MAH;MAI;MAK;MARATH;MAS;MBB;MBS;MEC;MEI;MEW;MEX;MGD;MGH;MICC;MJT;MKT;MLD;MLT;MNP;MOD;MOL;MON;MOR;MOS;MRA;MRN;MSN;MST;MTB;MUG;MYB;MYS;MZB;NAG;NAR;NAS;NAW;NBB;NBS;NEJ;NEP;NET;NGA;NNG;NOR;NPU;NSW;NTO;NTU;NVJ;NVS;NYM;NYP;NZP;OLD;OMA;ONT;ORA;ORG;OUA;OYO;OZH;PAA;PAN;PAP;PAR;PAT;PCO;PDI;PER;PEU;PHI;PHL;PLC;PLP;PLY;PMA;PNI;PON;POR;PRA;PRG;PRK;PRU;PTA;PTN;PUD;PWN;QUE;QWR;RGB;RUS;RWD;RYU;SAF;SAH;SAK;SAR;SAS;SAT;SAX;SC1;SC2;SC3;SC4;SCH;SCM;SCT;SCW;SD1;SDM;SEL;SEQ;SER;SGU;SHS;SHW;SIA;SIC;SIK;SIL;SIN;SLK;SLS;SMB;SML;SOK;SPA;SPC;SPU;SRK;STG;SUL;SUR;SWE;SWI;SWZ;TAS;TBI;TEK;TEX;TGI;TGR;THL;TIB;TID;TIP;TKE;TMN;TRA;TRI;TRM;TRN;TRS;TRZ;TUA;TUG;TUN;TUR;TUS;UBD;UCA;UNT;URU;USA;UTE;UZH;VEN;VND;VNZ;WAD;WAL;WAS;WBL;WDJ;WEI;WKB;WLD;WLG;WLT;WRR;WSG;WTI;WTU;WUR;XHO;YGU;YKA;YOG;YUR;ZAI;ZUL;ZWY,,"EN=Improved Husbandry | FR=Agriculture améliorée | Prerequisites=— | Children=advanced_crop_rotations, improved_agricultural_implements, selective_breeding | Unlocks=bâtiment:building_banana_plantation, bâtiment:building_coffee_plantation, bâtiment:building_dye_plantation, bâtiment:building_livestock_ranch, bâtiment:building_maize_farm, bâtiment:building_millet_farm, bâtiment:building_opium_plantation, bâtiment:building_rice_farm, bâtiment:building_rye_farm, bâtiment:building_silk_plantation, bâtiment:building_spice_plantation, bâtiment:building_sugar_plantation, bâtiment:building_tea_plantation, bâtiment:building_tobacco_plantation, bâtiment:building_vineyard, bâtiment:building_wheat_farm, décret:decree_encourage_agricultural_industry | Modifier=no | Capacité établie avant ou au plus tard en 1776."
organized_forestry,production,era_1,A,BCE;BEL;FIN;KRA;NSW;ORG;SAF;SAS;TAS;WAS,,"EN=Organized Forestry | FR=Exploitation forestière organisée | Prerequisites=— | Children=coke_smelting, traditional_furniture_making, traditional_glassmaking, traditional_papermaking | Unlocks=bâtiment:building_logging_camp | Modifier=no | Capacité établie avant ou au plus tard en 1776."
organized_textile_production,production,era_1,A,ABU;ACE;AGC;AIT;ALK;ALW;ANH;ARB;ARG;ARM;ARS;ASM;AUS;AWA;AWS;BAD;BAG;BAL;BAS;BAV;BCE;BEL;BEN;BEO;BER;BGM;BHN;BHO;BHU;BHV;BHW;BIC;BIK;BLG;BNJ;BOL;BOR;BRA;BRE;BRG;BRU;BRZ;BTN;BUK;BUN;BUR;CAM;CHC;CHI;CHL;CHP;CHT;CIR;CLM;CMI;COB;COC;CON;COO;CRI;CRO;CUB;DAH;DAI;DEI;DEN;DENNOR;DFR;DHA;DUR;ECU;EGY;ETH;EZO;FIN;FRA;FRM;FTJ;FTR;FZN;GAL;GAR;GBR;GEN;GJM;GLD;GR3;GR4;GR5;GRE;GWA;HAI;HAM;HAN;HAR;HAU;HAW;HBC;HDJ;HDY;HEK;HER;HES;HOH;HOL;HUN;HYD;IDA;IND;ION;IQU;IR1;IREK;ISQ;JAB;JAI;JAP;JAS;JEY;JHN;JMB;JOD;JOH;JUN;KAB;KAF;KAL;KAN;KAS;KAT;KFA;KHI;KHP;KNO;KOK;KON;KOR;KOT;KRA;KRT;KTI;KUN;KUT;KZH;LAD;LAH;LAN;LIB;LIP;LOU;LUA;LUB;LUC;LUX;MAH;MAI;MAK;MARATH;MAS;MBS;MEC;MEI;MEW;MEX;MGD;MICC;MJT;MKT;MLD;MLT;MNP;MOD;MOL;MON;MOR;MSN;MST;MUG;MYB;MYS;NAG;NAR;NAS;NAW;NBS;NEJ;NEP;NET;NOR;NPU;NSW;NTO;NTU;NVS;OLD;OMA;ONT;ORA;ORG;OYO;OZH;PAN;PAP;PAR;PCO;PER;PEU;PHI;PLC;PLP;PLY;PNI;PON;POR;PRA;PRG;PRK;PRU;PTA;PTN;PUD;QUE;QWR;RUS;RYU;SAF;SAK;SAR;SAS;SAT;SAX;SC1;SC2;SC3;SC4;SCH;SCM;SCW;SDM;SEL;SEQ;SER;SGU;SHS;SHW;SIC;SIK;SIL;SIN;SMB;SOK;SPA;SPC;SPU;SRK;STG;SUL;SUR;SWE;SWI;TAS;TEX;TGI;TGR;TID;TRA;TRI;TRM;TRN;TRS;TUR;TUS;UBD;UCA;URU;USA;UZH;VEN;VNZ;WAD;WAL;WAS;WEI;WLD;WLG;WLT;WSG;WTU;WUR;YOG;ZAI,,"EN=Proto-Industrial Textile Production | FR=Production textile proto-industrielle | Prerequisites=— | Children=mechanized_spinning | Unlocks=PM:pm_craftsman_sewing, bâtiment:building_textile_mill | Modifier=no | Capacité établie avant ou au plus tard en 1776."
shaft_mining,production,era_1,A,ABU;ACE;AGC;AIT;ALK;ALW;ANH;ARB;ARG;ARM;ARS;ASM;AUS;AWA;AWS;BAD;BAG;BAL;BAS;BAV;BCE;BEL;BEN;BEO;BER;BGM;BHN;BHO;BHU;BHV;BHW;BIC;BIK;BLG;BNJ;BOL;BOR;BRA;BRE;BRG;BRU;BRZ;BTN;BUK;BUN;BUR;CAM;CHC;CHI;CHL;CHP;CHT;CIR;CLM;CMI;COB;COC;CON;COO;CRI;CRO;CUB;DAH;DAI;DEI;DEN;DENNOR;DFR;DHA;DUR;ECU;EGY;ETH;EZO;FIN;FRA;FRM;FTJ;FTR;FZN;GAL;GAR;GBR;GEN;GJM;GLD;GR3;GR4;GR5;GRE;GWA;HAI;HAM;HAN;HAR;HAU;HAW;HBC;HDJ;HDY;HEK;HER;HES;HOH;HOL;HUN;HYD;IDA;IND;ION;IQU;IR1;IREK;ISQ;JAB;JAI;JAP;JAS;JEY;JHN;JMB;JOD;JOH;JUN;KAB;KAF;KAL;KAN;KAS;KAT;KFA;KHI;KHP;KNO;KOK;KON;KOR;KOT;KRA;KRT;KTI;KUN;KUT;KZH;LAD;LAH;LAN;LIB;LIP;LOU;LUA;LUB;LUC;LUX;MAH;MAI;MAK;MARATH;MAS;MBS;MEC;MEI;MEW;MEX;MGD;MICC;MJT;MKT;MLD;MLT;MNP;MOD;MOL;MON;MOR;MSN;MST;MUG;MYB;MYS;NAG;NAR;NAS;NAW;NBS;NEJ;NEP;NET;NOR;NPU;NSW;NTO;NTU;NVS;OLD;OMA;ONT;ORA;ORG;OYO;OZH;PAN;PAP;PAR;PCO;PER;PEU;PHI;PLC;PLP;PLY;PNI;PON;POR;PRA;PRG;PRK;PRU;PTA;PTN;PUD;QUE;QWR;RUS;RYU;SAF;SAK;SAR;SAS;SAT;SAX;SC1;SC2;SC3;SC4;SCH;SCM;SCW;SDM;SEL;SEQ;SER;SGU;SHS;SHW;SIC;SIK;SIL;SIN;SMB;SOK;SPA;SPC;SPU;SRK;STG;SUL;SUR;SWE;SWI;TAS;TEX;TGI;TGR;TID;TRA;TRI;TRM;TRN;TRS;TUR;TUS;UBD;UCA;URU;USA;UZH;VEN;VNZ;WAD;WAL;WAS;WEI;WLD;WLG;WLT;WSG;WTU;WUR;YOG;ZAI,,"EN=Shaft Mining | FR=Puits de mine | Prerequisites=— | Children=applied_mineralogy, atmospheric_engine, deep_mine_engineering | Unlocks=bâtiment:building_coal_mine, bâtiment:building_copper_mine, bâtiment:building_iron_mine, bâtiment:building_lead_mine, bâtiment:building_limestone_quarry, bâtiment:building_salt_mine, bâtiment:building_sulfur_mine, décret:decree_encourage_resource_industry | Modifier=no | Capacité établie avant ou au plus tard en 1776."
traditional_food_processing,production,era_1,A,BCE;BEL;FIN;FRA;KRA;NSW;ORG;SAF;SAS;TAS;WAS,,"EN=Traditional Food Processing | FR=Transformation alimentaire traditionnelle | Prerequisites=— | Children=automated_flour_milling, sugar_refining | Unlocks=bâtiment:building_food_industry | Modifier=no | Capacité établie avant ou au plus tard en 1776."
traditional_papermaking,production,era_1,A,BCE;BEL;FIN;KRA;NSW;ORG;SAF;SAS;TAS;WAS,,EN=Traditional Papermaking | FR=Fabrication traditionnelle du papier | Prerequisites=organized_forestry | Children=continuous_papermaking | Unlocks=bâtiment:building_paper_mill | Modifier=no | Capacité établie avant ou au plus tard en 1776.
atmospheric_engine,production,era_2,B,BCE;BEL;FIN;KRA;NSW;ORG;SAF;SAS;SPC;TAS;WAS,,"EN=Atmospheric Engine | FR=Pompe à feu | Prerequisites=shaft_mining, coke_smelting | Children=condensing_steam_engines, deep_mine_engineering, high_pressure_steam, precision_boring | Unlocks=PM:pm_atmospheric_engine_pump_building_coal_mine, PM:pm_atmospheric_engine_pump_building_copper_mine, PM:pm_atmospheric_engine_pump_building_gold_mine, PM:pm_atmospheric_engine_pump_building_iron_mine, PM:pm_atmospheric_engine_pump_building_lead_mine, PM:pm_atmospheric_engine_pump_building_phosphate_mine, PM:pm_atmospheric_engine_pump_building_salt_mine, PM:pm_atmospheric_engine_pump_building_sulfur_mine | Modifier=no | Frontière de 1776: attestée ou émergente, mais à diffusion limitée."
improved_agricultural_implements,production,era_2,B,,,"EN=Improved Farm Tools | FR=Outils agricoles | Prerequisites=improved_husbandry | Children=automated_flour_milling, threshing_machine | Unlocks=PM:pm_tools | Modifier=no | Frontière de 1776: attestée ou émergente, mais à diffusion limitée."
industrial_acids,production,era_2,A,,,"EN=Industrial Acids | FR=Acides industriels | Prerequisites=— | Children=baking_powder, chemical_bleaching, coal_gasification, fractional_distillation, improved_fertilizer, industrial_alkalis, nitroglycerin, rubber_mastication | Unlocks=bâtiment:building_chemical_plant, bâtiment:building_chemical_works, bâtiment:building_explosives_factory | Modifier=no | Capacité établie avant ou au plus tard en 1776."
sugar_refining,production,era_2,A,,,"EN=Sugar Refining | FR=Raffinage du sucre | Prerequisites=traditional_food_processing | Children=baking_powder | Unlocks=PM:centrifugal_machine_sugar, PM:pm_sugar_beets, PM:pm_sweeteners, PM:steam_powered_evaporation_sugar, PM:vacuum_pan_sugar | Modifier=no | Capacité établie avant ou au plus tard en 1776."
traditional_furniture_making,production,era_2,A,,,EN=Traditional Furniture Making | FR=Fabrication traditionnelle de meubles | Prerequisites=organized_forestry | Children=— | Unlocks=bâtiment:building_furniture_manufactory | Modifier=no | Capacité établie avant ou au plus tard en 1776.
traditional_glassmaking,production,era_2,A,,,EN=Traditional Glassmaking | FR=Fabrication traditionnelle du verre | Prerequisites=organized_forestry | Children=industrial_ceramics | Unlocks=bâtiment:building_glassworks | Modifier=no | Capacité établie avant ou au plus tard en 1776.
turnpike_road_networks,production,era_2,B,,,"EN=Turnpike Road Networks | FR=Routes à péage | Prerequisites=— | Children=improved_road_engineering, industrial_canals | Unlocks=PM:pm_market_squares, PM:pm_turnpike_road_network | Modifier=no | Frontière de 1776: attestée ou émergente, mais à diffusion limitée."
advanced_crop_rotations,production,era_3,B,BEL,,"EN=Advanced Crop Rotations | FR=Rotations culturales | Prerequisites=improved_husbandry, selective_breeding | Children=improved_fertilizer, systematic_field_drainage | Unlocks=PM:pm_soil_enriching_farming, PM:pm_soil_enriching_farming_building_rice_farm | Modifier=no | Frontière de 1776: attestée ou émergente, mais à diffusion limitée."
applied_mineralogy,production,era_3,B,CHL;CLM;EGY;GRE;ION;IQU;LIB;NPU;PNI;PRA;SPC;SPU;TEX,,"EN=Applied Mineralogy | FR=Minéralogie appliquée | Prerequisites=shaft_mining | Children=geological_surveying | Unlocks=bâtiment:building_gold_field, bâtiment:building_gold_mine, bâtiment:building_phosphate_mine | Modifier=no | Frontière de 1776: attestée ou émergente, mais à diffusion limitée."
industrial_canals,production,era_3,B,,,"EN=Industrial Canals | FR=Canaux industriels | Prerequisites=turnpike_road_networks | Children=professional_civil_engineering | Unlocks=PM:pm_industrial_canals | Modifier=no | Frontière de 1776: attestée ou émergente, mais à diffusion limitée."
industrial_ceramics,production,era_3,B,,,"EN=Industrial Ceramics | FR=Céramique industrielle | Prerequisites=traditional_glassmaking | Children=chemical_bleaching, crystal_glass, hydraulic_cements | Unlocks=PM:pm_ceramics, PM:pm_leaded_glass | Modifier=no | Capacité de pointe autour de 1776."
mechanized_spinning,production,era_3,B,,MISSING_EN_LOCALIZATION,"EN=mechanized_spinning | FR=Filature mécanisée précoce | Prerequisites=organized_textile_production | Children=advanced_spinning, cotton_gin, mechanized_weaving | Unlocks=PM:pm_dye_workshops | Modifier=no | Frontière de 1776: attestée ou émergente, mais à diffusion limitée."
mechanized_weaving,production,era_3,B,,,"EN=Mechanical Looms | FR=Métiers à tisser mécaniques | Prerequisites=mechanized_spinning | Children=electrical_capacitors | Unlocks=PM:pm_mechanized_looms | Modifier=no | Frontière de 1776: attestée ou émergente, mais à diffusion limitée."
selective_breeding,production,era_3,B,CAM;DAI;SIA;WAL,,"EN=Selective Breeding | FR=Élevage sélectif | Prerequisites=improved_husbandry | Children=advanced_crop_rotations, mechanized_farming | Unlocks=PM:pm_sheep_farms | Modifier=yes: building_silk_plantation_throughput_add | Frontière de 1776: attestée ou émergente, mais à diffusion limitée."
advanced_spinning,production,era_4,B,,,"EN=Industrial Spinning | FR=Filature industrielle | Prerequisites=mechanized_spinning | Children=— | Unlocks=PM:pm_sewing_machines | Modifier=no | Frontière de 1776: attestée ou émergente, mais à diffusion limitée."
automated_flour_milling,production,era_4,C,,,"EN=Automated Flour Milling | FR=Meunerie automatisée | Prerequisites=improved_agricultural_implements, traditional_food_processing | Children=canneries | Unlocks=PM:pm_cylinder_flour_milling | Modifier=no | Développement postérieur à 1776, surtout première industrialisation."
chemical_bleaching,production,era_4,C,,,"EN=Chemical Bleaching | FR=Blanchiment optique | Prerequisites=industrial_acids, industrial_ceramics | Children=industrial_paper_bleaching | Unlocks=PM:pm_bone_china, PM:pm_chemical_bleaching_textile_mill | Modifier=no | Développement postérieur à 1776, surtout première industrialisation."
condensing_steam_engines,production,era_4,B,,,"EN=Condensing Steam Engines | FR=Vapeur à condensation | Prerequisites=atmospheric_engine, precision_boring | Children=rotative_steam_power | Unlocks=PM:pm_condensing_engine_pump_building_coal_mine, PM:pm_condensing_engine_pump_building_copper_mine, PM:pm_condensing_engine_pump_building_gold_mine, PM:pm_condensing_engine_pump_building_iron_mine, PM:pm_condensing_engine_pump_building_lead_mine, PM:pm_condensing_engine_pump_building_phosphate_mine, PM:pm_condensing_engine_pump_building_salt_mine, PM:pm_condensing_engine_pump_building_sulfur_mine | Modifier=no | Frontière de 1776: attestée ou émergente, mais à diffusion limitée."
cotton_gin,production,era_4,C,,,"EN=Cotton Gin | FR=Égreneuse à coton | Prerequisites=mechanized_spinning | Children=lathe | Unlocks=bâtiment:building_cotton_plantation | Modifier=yes: building_cotton_plantation_throughput_add | Développement postérieur à 1776, surtout première industrialisation."
crystal_glass,production,era_4,C,,,"EN=Crystal Glass | FR=Verre en cristal | Prerequisites=industrial_ceramics | Children=pressed_glass | Unlocks=PM:pm_crystal_glass | Modifier=no | Développement postérieur à 1776, surtout première industrialisation."
deep_mine_engineering,production,era_4,C,,,"EN=Deep Mine Engineering | FR=Mines profondes | Prerequisites=shaft_mining, atmospheric_engine | Children=mine_safety_engineering | Unlocks=PM:pm_electric_mine_ventilation, PM:pm_steam_mine_ventilation | Modifier=no | Développement postérieur à 1776, surtout première industrialisation."
enclosure,production,era_4,E,,NO_DIRECT_GAMEPLAY_UNLOCK,EN=Enclosure | FR=Enclos | Prerequisites=— | Children=intensive_agriculture | Unlocks=— | Modifier=no | Alias de compatibilité ou nœud non recherchable.
manufacturies,production,era_4,E,,NO_DIRECT_GAMEPLAY_UNLOCK,EN=Manufacturies | FR=Manufacture | Prerequisites=— | Children=mechanized_workshops | Unlocks=— | Modifier=no | Alias de compatibilité ou nœud non recherchable.
precision_boring,production,era_4,B,BCE;BEL;FIN;KRA;NSW;ORG;SAF;SAS;TAS;WAS,,"EN=Precision Boring | FR=Alésage de précision | Prerequisites=coke_smelting, atmospheric_engine | Children=condensing_steam_engines, continuous_papermaking, mechanical_tools | Unlocks=PM:coffee_plantation_wet_process_manual, PM:molds, PM:pm_pig_iron | Modifier=no | Frontière de 1776: attestée ou émergente, mais à diffusion limitée."
puddling_and_rolling,production,era_4,C,,,"EN=Puddling and Rolling | FR=Puddlage et laminage | Prerequisites=coke_smelting | Children=hot_blast_smelting, mechanical_tools, railways | Unlocks=PM:pm_blister_steel_process | Modifier=no | Développement postérieur à 1776, surtout première industrialisation."
threshing_machine,production,era_4,C,,,"EN=Threshing Machines | FR=Batteuse | Prerequisites=improved_agricultural_implements | Children=mechanized_farming | Unlocks=PM:pm_steam_threshers, PM:pm_steam_threshers_building_rice_farm | Modifier=no | Développement postérieur à 1776, surtout première industrialisation."
canneries,production,era_5,C,,,"EN=Canneries | FR=Conserveries | Prerequisites=automated_flour_milling | Children=mechanized_workshops | Unlocks=PM:pm_cannery, PM:pm_cannery_fish | Modifier=no | Développement postérieur à 1776, surtout première industrialisation."
coal_gasification,production,era_5,C,,,"EN=Coal Gasification | FR=Gazéification du charbon | Prerequisites=industrial_acids, coke_smelting | Children=— | Unlocks=PM:pm_gas_streetlights | Modifier=no | Développement postérieur à 1776, surtout première industrialisation."
continuous_papermaking,production,era_5,C,,,"EN=Continuous Papermaking | FR=Papier continu | Prerequisites=precision_boring, traditional_papermaking | Children=industrial_paper_bleaching | Unlocks=PM:pm_sulfite_pulping | Modifier=no | Développement postérieur à 1776, surtout première industrialisation."
high_pressure_steam,production,era_5,C,,,"EN=High-Pressure Steam | FR=Vapeur à haute pression | Prerequisites=atmospheric_engine, mechanical_tools, rotative_steam_power | Children=railways, watertube_boiler | Unlocks=PM:coffee_plantation_mechanical_drying, PM:pm_vapor_compression_refrigeration_building_fishing_wharf, PM:pm_vapor_compression_refrigeration_building_livestock_ranch, PM:pm_vapor_compression_refrigeration_building_whaling_station, PM:vacuum_pan_sugar | Modifier=no | Développement postérieur à 1776, surtout première industrialisation."
improved_road_engineering,production,era_5,C,,,"EN=Road Engineering | FR=Génie routier | Prerequisites=turnpike_road_networks | Children=professional_civil_engineering, systematic_field_drainage | Unlocks=PM:pm_engineered_road_network | Modifier=no | Développement postérieur à 1776, surtout première industrialisation."
industrial_alkalis,production,era_5,C,,,"EN=Industrial Alkalis | FR=Alcalis industriels | Prerequisites=industrial_acids | Children=aluminium_metallurgy, pressed_glass | Unlocks=PM:pm_brine_electrolysis_building_chemical_works, PM:pm_leblanc_alkali_process | Modifier=no | Développement postérieur à 1776, surtout première industrialisation."
intensive_agriculture,production,era_5,E,,NO_DIRECT_GAMEPLAY_UNLOCK;LEAF_WITHOUT_DIRECT_UNLOCK,EN=Intensive Agriculture | FR=Agriculture intensive | Prerequisites=enclosure | Children=— | Unlocks=— | Modifier=no | Alias de compatibilité ou nœud non recherchable.
lathe,production,era_5,E,,NO_DIRECT_GAMEPLAY_UNLOCK;LEAF_WITHOUT_DIRECT_UNLOCK,EN=Lathe | FR=Tour | Prerequisites=cotton_gin | Children=— | Unlocks=— | Modifier=no | Alias de compatibilité ou nœud non recherchable.
mechanical_tools,production,era_5,C,,,"EN=Mechanical Tools | FR=Outils mécaniques | Prerequisites=precision_boring, puddling_and_rolling | Children=fractional_distillation, high_pressure_steam, hydraulic_turbines, interchangeable_manufacture, mechanized_workshops, pressed_glass, steam_donkey | Unlocks=PM:pm_lathe, PM:pm_precision_tools, PM:pm_saw_mills, PM:pm_slaughterhouses, PM:pm_steel, bâtiment:building_pena_palace | Modifier=no | Développement postérieur à 1776, surtout première industrialisation."
mine_safety_engineering,production,era_5,C,,,"EN=Mine Safety Engineering | FR=Sécurité minière | Prerequisites=deep_mine_engineering | Children=— | Unlocks=— | Modifier=yes: building_group_bg_mining_engineers_mortality_mult, building_group_bg_mining_laborers_mortality_mult, building_group_bg_mining_machinists_mortality_mult, building_group_bg_mining_slaves_mortality_mult | Développement postérieur à 1776, surtout première industrialisation."
professional_civil_engineering,production,era_5,C,,,"EN=Civil Engineering | FR=Génie civil | Prerequisites=industrial_canals, improved_road_engineering | Children=geological_surveying, hydraulic_cements, hydraulic_turbines, paved_roads, railways | Unlocks=PM:pm_engineered_canals, PM:pm_iron_frame_buildings, bâtiment:building_cement_works | Modifier=no | Développement postérieur à 1776, surtout première industrialisation."
rotative_steam_power,production,era_5,C,,,"EN=Rotative Steam Power | FR=Vapeur rotative | Prerequisites=condensing_steam_engines | Children=high_pressure_steam, hot_blast_smelting, mechanized_irrigation | Unlocks=PM:coffee_plantation_wet_process_mechanical, bâtiment:building_motor_industry | Modifier=no | Développement postérieur à 1776, surtout première industrialisation."
systematic_field_drainage,production,era_5,C,,NO_DIRECT_GAMEPLAY_UNLOCK,"EN=Field Drainage | FR=Drainage agricole | Prerequisites=advanced_crop_rotations, improved_road_engineering | Children=mechanized_irrigation | Unlocks=— | Modifier=no | Développement postérieur à 1776, surtout première industrialisation."
fractional_distillation,production,era_6,C,,,"EN=Fractional Distillation | FR=Distillation fractionnée | Prerequisites=mechanical_tools, industrial_acids, distillation | Children=aniline | Unlocks=PM:pm_fractional_distillation_refinery, PM:pm_patent_stills, bâtiment:building_oil_refinery | Modifier=no | Développement postérieur à 1776, surtout première industrialisation."
geological_surveying,production,era_6,C,,,"EN=Geological Surveying | FR=Levé géologique | Prerequisites=applied_mineralogy, professional_civil_engineering | Children=prospecting, pumpjacks | Unlocks=PM:pm_crushing_and_screening_building_limestone_quarry, PM:pm_ore_concentration_building_coal_mine, PM:pm_ore_concentration_building_copper_mine, PM:pm_ore_concentration_building_gold_mine, PM:pm_ore_concentration_building_iron_mine, PM:pm_ore_concentration_building_lead_mine, PM:pm_ore_concentration_building_phosphate_mine, PM:pm_ore_concentration_building_sulfur_mine, PM:pm_salt_purification_building_salt_mine | Modifier=yes: country_resource_discovery_chance_mult | Développement postérieur à 1776, surtout première industrialisation."
hot_blast_smelting,production,era_6,C,,NO_DIRECT_GAMEPLAY_UNLOCK,"EN=Hot Blast Smelting | FR=Fonte à vent chaud | Prerequisites=puddling_and_rolling, rotative_steam_power | Children=bessemer_process, steelworking | Unlocks=— | Modifier=no | Développement postérieur à 1776, surtout première industrialisation."
hydraulic_cements,production,era_6,C,,,"EN=Hydraulic Cements | FR=Ciments hydrauliques | Prerequisites=professional_civil_engineering, industrial_ceramics | Children=portland_cement | Unlocks=PM:pm_hydraulic_cement_process | Modifier=no | Développement postérieur à 1776, surtout première industrialisation."
hydraulic_turbines,production,era_6,C,,NO_DIRECT_GAMEPLAY_UNLOCK;LEAF_WITHOUT_DIRECT_UNLOCK,"EN=Hydraulic Turbines | FR=Turbines hydrauliques | Prerequisites=professional_civil_engineering, mechanical_tools | Children=— | Unlocks=— | Modifier=no | Développement postérieur à 1776, surtout première industrialisation."
industrial_paper_bleaching,production,era_6,C,,,"EN=Industrial Paper Bleaching | FR=Blanchiment industriel du papier | Prerequisites=continuous_papermaking, chemical_bleaching | Children=— | Unlocks=PM:pm_bleached_paper | Modifier=no | Développement postérieur à 1776, surtout première industrialisation."
interchangeable_manufacture,production,era_6,C,,,"EN=Interchangeable Parts | FR=Pièces interchangeables | Prerequisites=mechanical_tools | Children=shift_work, vacuum_canning | Unlocks=PM:pm_mechanized_workshops, PM:pm_precision_machine_tools, décret:decree_encourage_manufacturing_industry | Modifier=yes: building_economy_of_scale_level_cap_add | Développement postérieur à 1776, surtout première industrialisation."
mechanized_irrigation,production,era_6,C,,,"EN=Mechanized Irrigation | FR=Irrigation mécanisée | Prerequisites=systematic_field_drainage, rotative_steam_power | Children=— | Unlocks=PM:automatic_irrigation_building_banana_plantation, PM:automatic_irrigation_building_cotton_plantation, PM:automatic_irrigation_building_dye_plantation, PM:automatic_irrigation_building_opium_plantation, PM:automatic_irrigation_building_rubber_plantation, PM:automatic_irrigation_building_silk_plantation, PM:automatic_irrigation_building_sugar_plantation, PM:automatic_irrigation_building_tea_plantation, PM:automatic_irrigation_building_tobacco_plantation, PM:automatic_irrigation_building_vineyard, PM:pm_mechanized_spice_cultivation | Modifier=no | Développement postérieur à 1776, surtout première industrialisation."
pressed_glass,production,era_6,C,,,"EN=Pressed Glass | FR=Verre pressé | Prerequisites=crystal_glass, industrial_alkalis, mechanical_tools | Children=automatic_bottle_blowers | Unlocks=PM:pm_pressed_glass | Modifier=no | Développement postérieur à 1776, surtout première industrialisation."
railways,production,era_6,C,BRA,STARTING_ANACHRONISM,"EN=Railways | FR=Chemins de fer | Prerequisites=high_pressure_steam, puddling_and_rolling, professional_civil_engineering | Children=steel_railway_cars | Unlocks=PM:pm_diesel_trains, PM:pm_diesel_trains_principle_transport_3, PM:pm_early_trains, PM:pm_electric_trains, PM:pm_electric_trains_principle_transport_3, PM:pm_public_trams, PM:pm_rail_transport_building_logging_camp, PM:pm_rail_transport_building_oil_rig, PM:pm_rail_transport_mine, PM:pm_steam_rail_transport, PM:pm_steam_trains, PM:pm_steam_trains_principle_transport_3, PM:pm_steel_passenger_carriages, PM:pm_wooden_passenger_carriages | Modifier=no | Développement postérieur à 1776, surtout première industrialisation."
baking_powder,production,era_7,D,,,"EN=Baking Powder | FR=Levure chimique | Prerequisites=industrial_acids, sugar_refining | Children=— | Unlocks=PM:pm_baking_powder, PM:pm_refined_spiced_food_preparations | Modifier=no | Technologie nettement tardive pour un départ en 1776."
bessemer_process,production,era_7,D,,,"EN=Bessemer Process | FR=Procédé Bessemer | Prerequisites=hot_blast_smelting | Children=open_hearth_process, reinforced_concrete, steel_railway_cars | Unlocks=PM:pm_bessemer_process, PM:pm_thomas_process | Modifier=no | Technologie nettement tardive pour un départ en 1776."
mechanized_farming,production,era_7,D,,,"EN=Mechanized Farming | FR=Agriculture mécanisée | Prerequisites=threshing_machine, selective_breeding | Children=compression_ignition | Unlocks=PM:pm_intensive_grazing_ranch, PM:pm_mechanized_slaughtering, PM:pm_tractors | Modifier=no | Technologie nettement tardive pour un départ en 1776."
mechanized_workshops,production,era_7,E,,NO_DIRECT_GAMEPLAY_UNLOCK;LEAF_WITHOUT_DIRECT_UNLOCK,"EN=Mechanized Workshops | FR=Ateliers mécanisés | Prerequisites=canneries, mechanical_tools, manufacturies | Children=— | Unlocks=— | Modifier=no | Alias de compatibilité ou nœud non recherchable."
nitroglycerin,production,era_7,D,,,"EN=Nitroglycerin | FR=Nitroglycérine | Prerequisites=industrial_acids | Children=dynamite | Unlocks=PM:pm_ammonia-soda_process, PM:pm_nitroglycerin_building_coal_mine, PM:pm_nitroglycerin_building_copper_mine, PM:pm_nitroglycerin_building_gold_mine, PM:pm_nitroglycerin_building_iron_mine, PM:pm_nitroglycerin_building_lead_mine, PM:pm_nitroglycerin_building_phosphate_mine, PM:pm_nitroglycerin_building_salt_mine, PM:pm_nitroglycerin_building_sulfur_mine, PM:pm_solvay_process_building_chemical_works | Modifier=no | Technologie nettement tardive pour un départ en 1776."
portland_cement,production,era_7,D,,,EN=Portland Cement | FR=Ciment Portland | Prerequisites=hydraulic_cements | Children=reinforced_concrete | Unlocks=PM:pm_portland_cement_process | Modifier=no | Technologie nettement tardive pour un départ en 1776.
prospecting,production,era_7,E,,NO_DIRECT_GAMEPLAY_UNLOCK;LEAF_WITHOUT_DIRECT_UNLOCK,EN=Prospecting | FR=Prospection | Prerequisites=geological_surveying | Children=— | Unlocks=— | Modifier=no | Alias de compatibilité ou nœud non recherchable.
rubber_mastication,production,era_7,D,,,EN=Rubber Mastication | FR=Mastication du caoutchouc | Prerequisites=industrial_acids | Children=vulcanization | Unlocks=bâtiment:building_rubber_plantation | Modifier=no | Technologie nettement tardive pour un départ en 1776.
sericulture,production,era_7,E,,NO_DIRECT_GAMEPLAY_UNLOCK;LEAF_WITHOUT_DIRECT_UNLOCK,EN=Sericulture | FR=Sériciculture | Prerequisites=— | Children=— | Unlocks=— | Modifier=no | Alias de compatibilité ou nœud non recherchable.
steelworking,production,era_7,E,,NO_DIRECT_GAMEPLAY_UNLOCK;LEAF_WITHOUT_DIRECT_UNLOCK,EN=Steelworking | FR=Travail de l’acier | Prerequisites=hot_blast_smelting | Children=— | Unlocks=— | Modifier=no | Alias de compatibilité ou nœud non recherchable.
watertube_boiler,production,era_7,D,,,"EN=Water-tube Boiler | FR=Chaudière à tubes d’eau | Prerequisites=high_pressure_steam | Children=rotary_valve_engine, steam_donkey | Unlocks=PM:pm_steam_trawlers, PM:pm_steam_whaling_ships, PM:pm_watertube_boiler_building_furniture_manufactory, PM:pm_watertube_boiler_building_motor_industry, PM:pm_watertube_boiler_building_paper_mill, PM:pm_watertube_boiler_building_steel_mill, PM:pm_watertube_boiler_building_tooling_workshop, PM:steam_powered_evaporation_sugar | Modifier=no | Technologie nettement tardive pour un départ en 1776."
aniline,production,era_8,D,,,"EN=Aniline | FR=Aniline | Prerequisites=fractional_distillation | Children=art_silk | Unlocks=PM:pm_synthetic_pharmaceuticals, bâtiment:building_synthetics_plant | Modifier=no | Technologie nettement tardive pour un départ en 1776."
dynamite,production,era_8,D,,,"EN=Dynamite | FR=Dynamite | Prerequisites=nitroglycerin | Children=— | Unlocks=PM:pm_dynamite_building_coal_mine, PM:pm_dynamite_building_copper_mine, PM:pm_dynamite_building_gold_mine, PM:pm_dynamite_building_iron_mine, PM:pm_dynamite_building_lead_mine, PM:pm_dynamite_building_phosphate_mine, PM:pm_dynamite_building_salt_mine, PM:pm_dynamite_building_sulfur_mine, PM:pm_explosive_shells, PM:pm_vacuum_evaporation | Modifier=yes: country_resource_discovery_chance_mult | Technologie nettement tardive pour un départ en 1776."
improved_fertilizer,production,era_8,D,,,"EN=Improved Fertilizer | FR=Engrais amélioré | Prerequisites=industrial_acids, advanced_crop_rotations | Children=nitrogen_fixation | Unlocks=PM:pm_fertilization, PM:pm_fertilization_building_rice_farm, PM:pm_improved_fertilizer | Modifier=no | Technologie nettement tardive pour un départ en 1776."
open_hearth_process,production,era_8,D,,,EN=Open Hearth Process | FR=Procédé Martin-Siemens | Prerequisites=bessemer_process | Children=electric_arc_process | Unlocks=PM:pm_open_hearth_process | Modifier=no | Technologie nettement tardive pour un départ en 1776.
reinforced_concrete,production,era_8,D,,,"EN=Reinforced Concrete | FR=Béton armé | Prerequisites=bessemer_process, portland_cement | Children=— | Unlocks=bâtiment:building_kaiserforum_1, bâtiment:building_manila_cathedral_monument, bâtiment:building_sagrada_familia_cathedral_1 | Modifier=yes: building_construction_sector_throughput_add | Technologie nettement tardive pour un départ en 1776."
rotary_valve_engine,production,era_8,D,,,"EN=Rotary Valve Engine | FR=Moteur à valve rotative | Prerequisites=watertube_boiler | Children=combustion_engine, electrical_generation, pneumatic_tools, steam_turbine | Unlocks=PM:centrifugal_machine_sugar, PM:pm_rotary_valve_engine_building_arms_industry, PM:pm_rotary_valve_engine_building_furniture_manufactory, PM:pm_rotary_valve_engine_building_motor_industry, PM:pm_rotary_valve_engine_building_munition_plant, PM:pm_rotary_valve_engine_building_paper_mill, PM:pm_rotary_valve_engine_building_steel_mill, PM:pm_rotary_valve_engine_building_tooling_workshop | Modifier=no | Technologie nettement tardive pour un départ en 1776."
shift_work,production,era_8,D,,,EN=Shift Work | FR=Travail posté | Prerequisites=interchangeable_manufacture | Children=conveyors | Unlocks=— | Modifier=yes: building_economy_of_scale_level_cap_add | Technologie nettement tardive pour un départ en 1776.
steel_railway_cars,production,era_8,D,,,"EN=Steel Railway Cars | FR=Wagons en acier | Prerequisites=railways, bessemer_process | Children=electric_railway | Unlocks=PM:pm_steam_trains, PM:pm_steam_trains_principle_transport_3, PM:pm_steel_passenger_carriages, PM:pm_tanker_cars | Modifier=no | Technologie nettement tardive pour un départ en 1776."
vacuum_canning,production,era_8,D,,,"EN=Vacuum Canning | FR=Conservation sous vide | Prerequisites=interchangeable_manufacture | Children=pasteurization | Unlocks=PM:pm_vacuum_canning, PM:pm_vacuum_canning_principle_3 | Modifier=no | Technologie nettement tardive pour un départ en 1776."
vulcanization,production,era_8,D,,,"EN=Vulcanization | FR=Vulcanisation | Prerequisites=rubber_mastication | Children=conveyors | Unlocks=PM:pm_elastics, PM:pm_rubber_grips | Modifier=no | Technologie nettement tardive pour un départ en 1776."
combustion_engine,production,era_9,D,,,"EN=Combustion Engine | FR=Moteur à combustion | Prerequisites=rotary_valve_engine | Children=compression_ignition, paved_roads | Unlocks=PM:pm_automobile_production, PM:pm_chainsaws, PM:pm_combustion_derricks, PM:pm_public_motor_carriages, bâtiment:building_automotive_industry | Modifier=no | Technologie nettement tardive pour un départ en 1776."
electrical_capacitors,production,era_9,D,,,"EN=Electrical Capacitors and Networks | FR=Condensateurs et réseaux électriques | Prerequisites=electrical_generation, mechanized_weaving | Children=aluminium_metallurgy, electric_railway | Unlocks=PM:pm_automatic_power_looms, PM:pm_brine_electrolysis, PM:pm_brine_electrolysis_building_chemical_works, PM:pm_electric_mine_ventilation, PM:pm_electric_sewing_machines, PM:pm_electrical_precision_machinery, PM:pm_tabulating_offices, PM:pm_unit_electric_drive_building_glassworks, PM:pm_unit_electric_drive_building_motor_industry, PM:pm_unit_electric_drive_building_paper_mill, PM:pm_unit_electric_drive_building_steel_mill, PM:pm_unit_electric_drive_building_tooling_workshop | Modifier=no | Technologie nettement tardive pour un départ en 1776."
electrical_generation,production,era_9,D,,,"EN=Electrical Generation | FR=Production d’électricité | Prerequisites=rotary_valve_engine | Children=conveyors, electrical_capacitors, telephone | Unlocks=PM:electric_rollers, PM:pm_electric_fencing, PM:pm_electric_saw_mills, PM:pm_electric_streetlights, bâtiment:building_power_plant | Modifier=no | Technologie nettement tardive pour un départ en 1776."
pumpjacks,production,era_9,D,,,"EN=Pumpjacks | FR=Chevalet de pompage | Prerequisites=steam_donkey, geological_surveying | Children=— | Unlocks=bâtiment:building_oil_rig | Modifier=no | Technologie nettement tardive pour un départ en 1776."
steam_donkey,production,era_9,D,,,"EN=Steam Donkey | FR=Treuil de débardage à vapeur | Prerequisites=watertube_boiler, mechanical_tools | Children=pumpjacks | Unlocks=PM:pm_steam_donkey_building_coal_mine, PM:pm_steam_donkey_building_logging_camp, PM:pm_steam_donkey_mine | Modifier=no | Technologie nettement tardive pour un départ en 1776."
telephone,production,era_9,D,,,EN=Telephone | FR=Téléphone | Prerequisites=electrical_generation | Children=radio | Unlocks=bâtiment:building_electrics_industry | Modifier=no | Technologie nettement tardive pour un départ en 1776.
aluminium_metallurgy,production,era_10,D,,,"EN=Aluminium Metallurgy | FR=Métallurgie de l’aluminium | Prerequisites=electrical_capacitors, industrial_alkalis | Children=— | Unlocks=PM:pm_all_metal_aircraft, PM:pm_aluminium_conductors_building_power_plant, PM:pm_hall_heroult_process, bâtiment:building_non_ferrous_metallurgy_works | Modifier=no | Technologie nettement tardive pour un départ en 1776."
art_silk,production,era_10,D,,,EN=Art Silk | FR=Soie artificielle | Prerequisites=aniline | Children=plastics | Unlocks=PM:pm_rayon | Modifier=no | Technologie nettement tardive pour un départ en 1776.
automatic_bottle_blowers,production,era_10,D,,,EN=Automatic Bottle Blowers | FR=Souffleuses de bouteilles automatiques | Prerequisites=pressed_glass | Children=— | Unlocks=PM:pm_automatic_bottle_blowers | Modifier=no | Technologie nettement tardive pour un départ en 1776.
conveyors,production,era_10,D,,,"EN=Conveyors | FR=Convoyeur | Prerequisites=vulcanization, shift_work, electrical_generation | Children=dough_rollers | Unlocks=PM:pm_assembly_lines_building_arms_industry, PM:pm_assembly_lines_building_automotive_industry, PM:pm_assembly_lines_building_furniture_manufactory, PM:pm_assembly_lines_building_motor_industry, PM:pm_assembly_lines_building_munition_plant, PM:pm_assembly_lines_building_tooling_workshop | Modifier=no | Technologie nettement tardive pour un départ en 1776."
electric_arc_process,production,era_10,D,,,EN=Electric Arc Process | FR=Procédé à arc électrique | Prerequisites=open_hearth_process | Children=arc_welding | Unlocks=PM:pm_electric_arc_process | Modifier=no | Technologie nettement tardive pour un départ en 1776.
electric_railway,production,era_10,D,,,"EN=Electric Railways | FR=Chemins de fer électriques | Prerequisites=electrical_capacitors, steel_railway_cars | Children=— | Unlocks=PM:pm_electric_engines, PM:pm_electric_trains, PM:pm_electric_trains_principle_transport_3, PM:pm_log_carts, PM:pm_refrigerated_rail_cars_building_fishing_wharf, PM:pm_refrigerated_rail_cars_building_livestock_ranch, PM:pm_refrigerated_rail_cars_building_whaling_station | Modifier=no | Technologie nettement tardive pour un départ en 1776."
pasteurization,production,era_10,D,,,"EN=Pasteurization | FR=Pasteurisation | Prerequisites=vacuum_canning | Children=flash_freezing | Unlocks=PM:pm_refrigerated_storage_building_fishing_wharf, PM:pm_refrigerated_storage_building_livestock_ranch, PM:pm_refrigerated_storage_building_whaling_station | Modifier=no | Technologie nettement tardive pour un départ en 1776."
paved_roads,production,era_10,D,,,"EN=Paved Roads | FR=Routes goudronnées | Prerequisites=professional_civil_engineering, combustion_engine | Children=— | Unlocks=PM:pm_paved_road_network | Modifier=yes: country_max_weekly_construction_progress_add, state_building_construction_sector_max_level_add | Technologie nettement tardive pour un départ en 1776."
plastics,production,era_10,D,,,"EN=Plastics | FR=Plastique | Prerequisites=art_silk | Children=— | Unlocks=PM:pm_houseware_plastics, PM:pm_thermal_catalytic_cracking_refinery | Modifier=no | Technologie nettement tardive pour un départ en 1776."
pneumatic_tools,production,era_10,D,,,"EN=Pneumatic Tools | FR=Outils pneumatiques | Prerequisites=rotary_valve_engine | Children=— | Unlocks=bâtiment:building_cristo_redentor, bâtiment:building_gran_teatro_de_la_habana, bâtiment:building_sagrada_familia_cathedral_3 | Modifier=yes: building_construction_sector_throughput_add, country_resource_discovery_chance_mult, goods_output_hardwood_mult | Technologie nettement tardive pour un départ en 1776."
steam_turbine,production,era_10,D,,,EN=Steam Turbine | FR=Turbine à vapeur | Prerequisites=rotary_valve_engine | Children=oil_turbine | Unlocks=PM:pm_coal-fired_plant | Modifier=no | Technologie nettement tardive pour un départ en 1776.
arc_welding,production,era_11,D,,,"EN=Arc Welding | FR=Soudage à l’arc | Prerequisites=electric_arc_process | Children=— | Unlocks=PM:pm_arc_welded_buildings, PM:pm_arc_welding_shipbuilding, PM:pm_military_shipbuilding_steam_2 | Modifier=yes: country_ship_group_capital_ships_construction_progress_max_add | Technologie nettement tardive pour un départ en 1776."
compression_ignition,production,era_11,D,,,"EN=Compression Ignition | FR=Allumage par compression | Prerequisites=combustion_engine, mechanized_farming | Children=— | Unlocks=PM:pm_compression_ignition_tractors, PM:pm_diesel_engines, PM:pm_diesel_pump_building_coal_mine, PM:pm_diesel_pump_building_copper_mine, PM:pm_diesel_pump_building_gold_mine, PM:pm_diesel_pump_building_iron_mine, PM:pm_diesel_pump_building_lead_mine, PM:pm_diesel_pump_building_phosphate_mine, PM:pm_diesel_pump_building_salt_mine, PM:pm_diesel_pump_building_sulfur_mine, PM:pm_diesel_trains, PM:pm_diesel_trains_principle_transport_3, PM:pm_mass_automobile_production | Modifier=no | Technologie nettement tardive pour un départ en 1776."
nitrogen_fixation,production,era_11,D,,,"EN=Nitrogen Fixation | FR=Fixation de l’azote | Prerequisites=improved_fertilizer | Children=— | Unlocks=PM:pm_chemical_fertilizer, PM:pm_chemical_fertilizer_building_rice_farm, PM:pm_nitrogen_fixation | Modifier=no | Technologie nettement tardive pour un départ en 1776."
radio,production,era_11,D,,,"EN=Radio | FR=Radio | Prerequisites=telephone | Children=— | Unlocks=PM:pm_radios, PM:radio_stations_tobacco | Modifier=no | Technologie nettement tardive pour un départ en 1776."
dough_rollers,production,era_12,D,,,EN=Dough Rollers | FR=Laminoirs | Prerequisites=conveyors | Children=— | Unlocks=PM:pm_automated_bakery | Modifier=no | Technologie nettement tardive pour un départ en 1776.
flash_freezing,production,era_12,D,,,"EN=Flash Freezing | FR=Surgélation | Prerequisites=pasteurization | Children=— | Unlocks=PM:pm_flash_freezing_building_fishing_wharf, PM:pm_flash_freezing_building_whaling_station | Modifier=no | Technologie nettement tardive pour un départ en 1776."
oil_turbine,production,era_12,D,,,EN=Oil Turbine | FR=Turbine à huile | Prerequisites=steam_turbine | Children=— | Unlocks=PM:pm_oil-fired_plant | Modifier=no | Technologie nettement tardive pour un départ en 1776.
institutionalized_public_credit,society,era_1,A,BCE;BEL;FIN;KRA;NSW;ORG;SAF;SAS;TAS;WAS,,"EN=Public Credit | FR=Crédit public | Prerequisites=— | Children=commercial_insurance_markets, international_exchange_standards, mutual_funds, postal_savings, stock_exchange | Unlocks=loi:law_merchant_banking | Modifier=yes: country_loan_interest_rate_add, country_minting_mult, state_max_trade_advantage_from_capacity_add | Capacité établie avant ou au plus tard en 1776."
institutionalized_scientific_exchange,society,era_1,A,ARG;BCE;BEL;BIC;BOL;BRZ;CRO;ECU;FIN;GAL;HAI;HBC;HUN;IR1;IREK;JAP;KRA;LAN;LOU;MEX;NBS;NSW;NVS;ONT;ORG;PEU;PRG;QUE;SAF;SAS;SC1;SC2;SC3;SC4;TAS;TRS;UCA;URU;USA;VNZ;WAS,,"EN=Scientific Exchange | FR=Échanges scientifiques | Prerequisites=— | Children=codified_practical_knowledge, experimental_research_laboratories, medical_degrees, romanticism, scientific_metrology, specialized_technical_academies, veterinary_science | Unlocks=loi:law_freedom_of_conscience | Modifier=yes: country_diplomatic_play_maneuvers_mult, country_influence_mult, country_tech_spread_mult | Capacité établie avant ou au plus tard en 1776."
international_relations,society,era_1,A,ABU;ACE;AGC;AIT;ALK;ALW;ANH;ARG;ARM;ARS;ASH;ASM;AUS;AWA;AWS;BAD;BAS;BAV;BCE;BEL;BEN;BEO;BER;BGI;BHN;BHO;BHU;BHV;BHW;BIC;BIK;BLG;BNJ;BOL;BRA;BRE;BRG;BRU;BRZ;BST;BTN;BUK;BUN;CHC;CHI;CHL;CHP;CHT;CIR;CLM;CMI;COB;CRI;CRO;CUB;DAH;DEI;DEN;DENNOR;DHA;DUR;ECU;EGY;ETH;EZO;FIN;FRA;FRM;FZN;GAL;GAR;GBR;GEN;GLD;GR3;GR4;GR5;GRE;GWA;GZA;HAI;HAM;HAN;HBC;HDJ;HDY;HEK;HER;HES;HOH;HOL;HUN;HYD;IDA;IND;ION;IQU;IR1;IREK;ISQ;JAB;JAI;JAP;JAS;JEY;JHN;JMB;JOD;JOH;JUN;KAB;KAF;KAL;KAN;KAS;KAT;KHI;KHP;KNO;KOK;KOT;KRA;KTI;KUN;KUT;KZH;LAD;LAH;LAN;LIB;LIP;LOU;LUA;LUB;LUC;LUX;MAD;MAH;MAI;MAK;MARATH;MAS;MBS;MEC;MEI;MEW;MEX;MGD;MICC;MJT;MKT;MLD;MLT;MNP;MOD;MOL;MON;MOR;MST;MYB;NAR;NAS;NAW;NBS;NET;NOR;NPU;NSW;NVS;OLD;OMA;ONT;ORA;ORG;OYO;OZH;PAN;PAP;PAR;PCO;PER;PEU;PHI;PHL;PLC;PLP;PLY;PNI;PON;POR;PRA;PRG;PRK;PRU;PTA;PTN;PUD;QUE;RUS;RYU;SAF;SAK;SAR;SAS;SAT;SAX;SC1;SC2;SC3;SC4;SCH;SCM;SCW;SEL;SEQ;SER;SHS;SIC;SIK;SIL;SIN;SMB;SPA;SPC;SPU;SRK;STG;SUL;SUR;SWE;SWI;SWZ;TAS;TEX;TGI;TID;TRA;TRM;TRN;TRS;TUR;TUS;UBD;UCA;URU;USA;UZH;VEN;VNZ;WAL;WAS;WBL;WEI;WLD;WSG;WTU;WUR;YOG;ZAI;ZUL,NO_DIRECT_GAMEPLAY_UNLOCK,"EN=International Relations | FR=Relations extérieures | Prerequisites=— | Children=colonization, commercial_insurance_markets, international_exchange_standards, multilateral_alliances | Unlocks=— | Modifier=no | Capacité établie avant ou au plus tard en 1776."
periodical_print_networks,society,era_1,A,BCE;BEL;FIN;GRE;KRA;NSW;ORG;SAF;SAS;SPC;TAS;WAS,,"EN=Periodical Press | FR=Presse périodique | Prerequisites=— | Children=codified_practical_knowledge, constitutional_government, human_rights, mechanized_printing, national_sovereignty, optical_telegraph_networks, organized_elementary_schooling, organized_reform_movements | Unlocks=loi:law_censorship, loi:law_religious_schools | Modifier=yes: country_authority_mult, country_voting_power_mult | Capacité établie avant ou au plus tard en 1776."
codified_practical_knowledge,society,era_2,A,ABU;ACE;AGC;AIT;ALK;ALW;ANH;ARB;ARG;ARM;ARS;ASM;AUS;AWA;AWS;BAD;BAG;BAL;BAS;BAV;BEN;BEO;BER;BGM;BHN;BHO;BHU;BHV;BHW;BIC;BIK;BLG;BNJ;BOL;BOR;BRA;BRE;BRG;BRU;BRZ;BTN;BUK;BUN;BUR;CAM;CHC;CHI;CHL;CHP;CHT;CIR;CLM;CMI;COB;COC;CON;COO;CRI;CRO;CUB;DAH;DAI;DEI;DEN;DENNOR;DFR;DHA;DUR;ECU;EGY;ETH;EZO;FRA;FRM;FTJ;FTR;FZN;GAL;GAR;GBR;GEN;GJM;GLD;GR3;GR4;GR5;GRE;GWA;HAI;HAM;HAN;HAR;HAU;HAW;HBC;HDJ;HDY;HEK;HER;HES;HOH;HOL;HUN;HYD;IDA;IND;ION;IQU;IR1;IREK;ISQ;JAB;JAI;JAP;JAS;JEY;JHN;JMB;JOD;JOH;JUN;KAB;KAF;KAL;KAN;KAS;KAT;KFA;KHI;KHP;KNO;KOK;KON;KOR;KOT;KRT;KTI;KUN;KUT;KZH;LAD;LAH;LAN;LIB;LIP;LOU;LUA;LUB;LUC;LUX;MAH;MAI;MAK;MARATH;MAS;MBS;MEC;MEI;MEW;MEX;MGD;MICC;MJT;MKT;MLD;MLT;MNP;MOD;MOL;MON;MOR;MSN;MST;MUG;MYB;MYS;NAG;NAR;NAS;NAW;NBS;NEJ;NEP;NET;NOR;NPU;NTO;NTU;NVS;OLD;OMA;ONT;ORA;ORG;OYO;OZH;PAN;PAP;PAR;PCO;PER;PEU;PHI;PLC;PLP;PLY;PNI;PON;POR;PRA;PRG;PRK;PRU;PTA;PTN;PUD;QUE;QWR;RUS;RYU;SAK;SAR;SAT;SAX;SC1;SC2;SC3;SC4;SCH;SCM;SCW;SDM;SEL;SEQ;SER;SGU;SHS;SHW;SIC;SIK;SIL;SIN;SMB;SOK;SPA;SPC;SPU;SRK;STG;SUL;SUR;SWE;SWI;TEX;TGI;TGR;TID;TRA;TRI;TRM;TRN;TRS;TUR;TUS;UBD;UCA;URU;USA;UZH;VEN;VNZ;WAD;WAL;WEI;WLD;WLG;WLT;WSG;WTU;WUR;YOG;ZAI,NO_DIRECT_GAMEPLAY_UNLOCK,"EN=Codified Knowledge | FR=Savoirs codifiés | Prerequisites=institutionalized_scientific_exchange, periodical_print_networks | Children=political_economy | Unlocks=— | Modifier=no | Capacité établie avant ou au plus tard en 1776."
commercial_insurance_markets,society,era_2,A,BCE;BEL;CHL;CLM;EGY;FIN;GRE;ION;IQU;KRA;LIB;NPU;NSW;ORG;PNI;PRA;SAF;SAS;SPC;SPU;TAS;TEX;WAS,,"EN=Commercial Insurance | FR=Assurance commerciale | Prerequisites=institutionalized_public_credit, international_relations | Children=joint_stock_companies, political_economy | Unlocks=loi:law_mercantilism, loi:law_mercantilism_navigation_acts | Modifier=no | Capacité établie avant ou au plus tard en 1776."
stock_exchange,society,era_2,A,BCE;BEL;FIN;KRA;NSW;ORG;SAF;SAS;SPC;TAS;WAS,,"EN=Stock Exchange | FR=Bourse | Prerequisites=institutionalized_public_credit | Children=corporate_charters, investment_banks | Unlocks=— | Modifier=yes: country_free_charters_add, country_max_companies_add, state_market_access_price_impact, state_urbanization_per_level_mult | Capacité établie avant ou au plus tard en 1776."
systematic_administrative_statistics,society,era_2,A,ABU;ACE;AGC;AIT;ALK;ALW;ANH;ARB;ARG;ARM;ARS;ASM;AUS;AWA;AWS;BAD;BAG;BAL;BAS;BAV;BEL;BEN;BEO;BER;BGM;BHN;BHO;BHU;BHV;BHW;BIC;BIK;BLG;BNJ;BOL;BOR;BRA;BRE;BRG;BRU;BRZ;BTN;BUK;BUN;BUR;CAM;CHC;CHI;CHL;CHP;CHT;CIR;CLM;CMI;COB;COC;CON;COO;CRI;CRO;CUB;DAH;DAI;DEI;DEN;DENNOR;DFR;DHA;DUR;ECU;EGY;ETH;EZO;FRA;FRM;FTJ;FTR;FZN;GAL;GAR;GBR;GEN;GJM;GLD;GR3;GR4;GR5;GRE;GWA;HAI;HAM;HAN;HAR;HAU;HAW;HBC;HDJ;HDY;HEK;HER;HES;HOH;HOL;HUN;HYD;IDA;IND;ION;IQU;IR1;IREK;ISQ;JAB;JAI;JAP;JAS;JEY;JHN;JMB;JOD;JOH;JUN;KAB;KAF;KAL;KAN;KAS;KAT;KFA;KHI;KHP;KNO;KOK;KON;KOR;KOT;KRT;KTI;KUN;KUT;KZH;LAD;LAH;LAN;LIB;LIP;LOU;LUA;LUB;LUC;LUX;MAH;MAI;MAK;MARATH;MAS;MBS;MEC;MEI;MEW;MEX;MGD;MICC;MJT;MKT;MLD;MLT;MNP;MOD;MOL;MON;MOR;MSN;MST;MUG;MYB;MYS;NAG;NAR;NAS;NAW;NBS;NEJ;NEP;NET;NOR;NPU;NTO;NTU;NVS;OLD;OMA;ONT;ORA;ORG;OYO;OZH;PAN;PAP;PAR;PCO;PER;PEU;PHI;PLC;PLP;PLY;PNI;PON;POR;PRA;PRG;PRK;PRU;PTA;PTN;PUD;QUE;QWR;RUS;RYU;SAK;SAR;SAT;SAX;SC1;SC2;SC3;SC4;SCH;SCM;SCW;SDM;SEL;SEQ;SER;SGU;SHS;SHW;SIC;SIK;SIL;SIN;SMB;SOK;SPA;SPC;SPU;SRK;STG;SUL;SUR;SWE;SWI;TEX;TGI;TGR;TID;TRA;TRI;TRM;TRN;TRS;TUR;TUS;UBD;UCA;URU;USA;UZH;VEN;VNZ;WAD;WAL;WEI;WLD;WLG;WLT;WSG;WTU;WUR;YOG;ZAI,,"EN=State Statistics | FR=Statistiques d’État | Prerequisites=— | Children=central_statistical_offices, political_economy, professional_civil_policing, scientific_metrology, systematic_cadastral_surveying, systematic_legal_codification, systematic_population_registration | Unlocks=bâtiment:building_government_administration, décret:decree_emergency_relief, décret:decree_road_maintenance | Modifier=yes: country_institution_home_affairs_max_investment_add, state_incorporation_speed_mult, state_tax_capacity_add | Capacité établie avant ou au plus tard en 1776."
variolation_networks,society,era_2,B,,NO_DIRECT_GAMEPLAY_UNLOCK,"EN=Variolation Networks | FR=Réseaux de variolisation | Prerequisites=— | Children=vaccination | Unlocks=— | Modifier=no | Frontière de 1776: attestée ou émergente, mais à diffusion limitée."
medical_degrees,society,era_3,B,CHL;CLM;EGY;GRE;ION;IQU;LIB;NPU;PNI;PRA;SPC;SPU;TEX,,"EN=Medical Degrees | FR=Diplômes en médecine | Prerequisites=institutionalized_scientific_exchange | Children=active_principle_pharmacy, clinicopathological_medicine, pharmaceuticals, vaccination | Unlocks=loi:law_charitable_health_system | Modifier=yes: country_institution_health_system_max_investment_add | Frontière de 1776: attestée ou émergente, mais à diffusion limitée."
organized_elementary_schooling,society,era_3,B,,,"EN=Elementary Schooling | FR=Enseignement primaire | Prerequisites=periodical_print_networks | Children=mass_circulation_press | Unlocks=loi:law_private_schools | Modifier=yes: country_institution_schools_max_investment_add, state_education_access_wealth_add | Frontière de 1776: attestée ou émergente, mais à diffusion limitée."
political_economy,society,era_3,B,,,"EN=Political Economy | FR=Économie politique | Prerequisites=systematic_administrative_statistics, codified_practical_knowledge, commercial_insurance_markets | Children=classical_political_economy | Unlocks=loi:law_agrarianism, loi:law_protectionism | Modifier=no | Frontière de 1776: attestée ou émergente, mais à diffusion limitée."
specialized_technical_academies,society,era_3,B,AUS;BEO;CHL;CLM;DEN;DENNOR;EGY;FRA;GBR;GEN;GRE;ION;IQU;LIB;NET;NOR;NPU;PNI;POR;PRA;PRU;SPA;SPC;SPU;SWE;TEX;TUR;VEN,,"EN=Technical Academies | FR=Académies techniques | Prerequisites=institutionalized_scientific_exchange | Children=polytechnical_education | Unlocks=bâtiment:building_university | Modifier=no | Frontière de 1776: attestée ou émergente, mais à diffusion limitée."
systematic_population_registration,society,era_3,B,FRA,,"EN=Population Registers | FR=Registres de population | Prerequisites=systematic_administrative_statistics | Children=central_statistical_offices, classical_political_economy | Unlocks=PM:pm_horizontal_drawer_cabinets, loi:law_per_capita_based_taxation | Modifier=no | Frontière de 1776: attestée ou émergente, mais à diffusion limitée."
veterinary_science,society,era_3,B,,NO_DIRECT_GAMEPLAY_UNLOCK;LEAF_WITHOUT_DIRECT_UNLOCK,"EN=Veterinary Science | FR=Science vétérinaire | Prerequisites=institutionalized_scientific_exchange | Children=— | Unlocks=— | Modifier=no | Frontière de 1776: attestée ou émergente, mais à diffusion limitée."
classical_political_economy,society,era_4,B,,,"EN=Classical Economics | FR=Économie classique | Prerequisites=political_economy, systematic_population_registration | Children=early_socialism_cooperativism, liberal_constitutionalism, macroeconomics | Unlocks=loi:law_free_trade, loi:law_interventionism | Modifier=no | Frontière de 1776: attestée ou émergente, mais à diffusion limitée."
colonization,society,era_4,E,ARG;BIC;BOL;BRZ;DEI;DENNOR;ECU;FRA;GBR;HAI;HBC;JAP;LOU;MEX;NBS;NET;NVS;ONT;ORG;PEU;PHI;POR;PRG;PRU;QUE;RUS;SC1;SC2;SC3;SC4;SPA;SWE;UCA;URU;USA;VNZ,,"EN=Colonization | FR=Colonisation | Prerequisites=international_relations | Children=civilizing_mission | Unlocks=bâtiment:building_suez_canal, loi:law_colonial_exploitation, loi:law_colonial_resettlement, loi:law_extraction_economy, loi:law_frontier_colonization | Modifier=yes: country_infamy_generation_against_unrecognized_mult, country_institution_colonial_affairs_max_investment_add | Capacité institutionnelle/politique abstraite; décision pays par pays."
constitutional_government,society,era_4,B,,,"EN=Constitutional Rule | FR=Régime constitutionnel | Prerequisites=periodical_print_networks | Children=human_rights, liberal_constitutionalism, national_sovereignty | Unlocks=loi:law_census_voting, loi:law_debt_slavery, loi:law_landed_voting, loi:law_parliamentary_republic, loi:law_poor_laws, loi:law_presidential_republic, loi:law_racial_segregation, loi:law_wealth_voting | Modifier=yes: country_institution_social_security_max_investment_add | Frontière de 1776: attestée ou émergente, mais à diffusion limitée."
corporate_charters,society,era_4,E,,NO_DIRECT_GAMEPLAY_UNLOCK;LEAF_WITHOUT_DIRECT_UNLOCK,EN=Corporate Charters | FR=Chartes d’entreprise | Prerequisites=stock_exchange | Children=— | Unlocks=— | Modifier=no | Alias de compatibilité ou nœud non recherchable.
human_rights,society,era_4,B,,,"EN=Human Rights | FR=Droits de l’Homme | Prerequisites=constitutional_government, periodical_print_networks | Children=feminism, liberal_constitutionalism, organized_reform_movements | Unlocks=loi:law_colonial_slavery, loi:law_cultural_exclusion, loi:law_protected_speech, loi:law_regulatory_bodies, loi:law_restricted_child_labor, loi:law_slavery_banned, loi:law_wage_subsidies | Modifier=yes: country_institution_social_security_max_investment_add, state_expected_sol_from_literacy | Frontière de 1776: attestée ou émergente, mais à diffusion limitée."
national_sovereignty,society,era_4,B,,NO_DIRECT_GAMEPLAY_UNLOCK,"EN=Popular Sovereignty | FR=Souveraineté populaire | Prerequisites=constitutional_government, periodical_print_networks | Children=anarchism, nationalism | Unlocks=— | Modifier=no | Frontière de 1776: attestée ou émergente, mais à diffusion limitée."
optical_telegraph_networks,society,era_4,C,,NO_DIRECT_GAMEPLAY_UNLOCK;LEAF_WITHOUT_DIRECT_UNLOCK,"EN=Optical Telegraph | FR=Télégraphe optique | Prerequisites=periodical_print_networks | Children=— | Unlocks=— | Modifier=no | Développement postérieur à 1776, surtout première industrialisation."
polytechnical_education,society,era_4,C,,,"EN=Polytechnical Education | FR=Éducation polytechnique | Prerequisites=specialized_technical_academies | Children=experimental_research_laboratories | Unlocks=PM:pm_philosophy_department | Modifier=yes: country_institution_schools_max_investment_add | Développement postérieur à 1776, surtout première industrialisation."
scientific_metrology,society,era_4,C,,NO_DIRECT_GAMEPLAY_UNLOCK,"EN=Scientific Metrology | FR=Métrologie scientifique | Prerequisites=systematic_administrative_statistics, institutionalized_scientific_exchange | Children=experimental_research_laboratories | Unlocks=— | Modifier=no | Développement postérieur à 1776, surtout première industrialisation."
systematic_cadastral_surveying,society,era_4,B,JAP,NO_DIRECT_GAMEPLAY_UNLOCK;LEAF_WITHOUT_DIRECT_UNLOCK,"EN=Cadastral Surveying | FR=Levé cadastral | Prerequisites=systematic_administrative_statistics | Children=— | Unlocks=— | Modifier=no | Frontière de 1776: attestée ou émergente, mais à diffusion limitée."
systematic_legal_codification,society,era_4,B,AUS;BEO;CHI;CRO;GAL;HUN;POR;RUS;TRS,,"EN=Legal Codification | FR=Codification juridique | Prerequisites=systematic_administrative_statistics | Children=professional_civil_policing | Unlocks=loi:law_tenant_farmers | Modifier=no | Frontière de 1776: attestée ou émergente, mais à diffusion limitée."
vaccination,society,era_4,C,,NO_DIRECT_GAMEPLAY_UNLOCK,"EN=Vaccination | FR=Vaccination | Prerequisites=variolation_networks, medical_degrees | Children=organized_immunization_campaigns | Unlocks=— | Modifier=no | Développement postérieur à 1776, surtout première industrialisation."
abolitionist_mobilization,society,era_5,C,,,"EN=Abolitionism | FR=Abolitionnisme | Prerequisites=organized_reform_movements | Children=civilizing_mission | Unlocks=loi:law_slavery_banned | Modifier=no | Développement postérieur à 1776, surtout première industrialisation."
active_principle_pharmacy,society,era_5,C,,,"EN=Active Principles | FR=Principes actifs | Prerequisites=experimental_research_laboratories, medical_degrees | Children=organized_immunization_campaigns, quinine | Unlocks=PM:pm_standardized_pharmaceuticals, loi:law_private_health_insurance | Modifier=yes: country_institution_health_system_max_investment_add, state_harvest_condition_disease_outbreak_impact_mult | Développement postérieur à 1776, surtout première industrialisation."
central_statistical_offices,society,era_5,C,,,"EN=Statistical Offices | FR=Bureaux statistiques | Prerequisites=systematic_administrative_statistics, systematic_population_registration | Children=identification_documents, macroeconomics | Unlocks=PM:pm_tabulating_offices, PM:pm_vertical_filing_cabinets, loi:law_technocracy | Modifier=yes: country_institution_home_affairs_max_investment_add | Développement postérieur à 1776, surtout première industrialisation."
clinicopathological_medicine,society,era_5,C,,NO_DIRECT_GAMEPLAY_UNLOCK,"EN=Clinical Pathology | FR=Médecine anatomoclinique | Prerequisites=medical_degrees, experimental_research_laboratories | Children=psychoanalysis | Unlocks=— | Modifier=no | Développement postérieur à 1776, surtout première industrialisation."
experimental_research_laboratories,society,era_5,C,,,"EN=Research Laboratories | FR=Recherche expérimentale | Prerequisites=polytechnical_education, institutionalized_scientific_exchange, scientific_metrology | Children=active_principle_pharmacy, antibiotics, behaviorism, camera, clinicopathological_medicine, philosophical_pragmatism, specialized_professional_societies | Unlocks=— | Modifier=yes: country_weekly_innovation_max_add | Développement postérieur à 1776, surtout première industrialisation."
liberal_constitutionalism,society,era_5,C,,,"EN=Liberal Constitution | FR=Constitution libérale | Prerequisites=constitutional_government, human_rights, classical_political_economy | Children=labor_movement | Unlocks=loi:law_total_separation, loi:law_universal_suffrage | Modifier=no | Développement postérieur à 1776, surtout première industrialisation."
mechanized_printing,society,era_5,C,,,"EN=Mechanized Printing | FR=Imprimerie mécanisée | Prerequisites=periodical_print_networks | Children=mass_circulation_press | Unlocks=PM:pm_mechanized_typesetting | Modifier=no | Développement postérieur à 1776, surtout première industrialisation."
organized_reform_movements,society,era_5,C,,,"EN=Reform Movements | FR=Mouvements réformistes | Prerequisites=periodical_print_networks, human_rights | Children=abolitionist_mobilization, early_socialism_cooperativism, labor_movement, political_agitation | Unlocks=loi:law_legacy_slavery | Modifier=no | Développement postérieur à 1776, surtout première industrialisation."
postal_savings,society,era_5,C,,,"EN=Postal Savings | FR=Épargne postale | Prerequisites=institutionalized_public_credit | Children=joint_stock_companies | Unlocks=— | Modifier=yes: building_cash_reserves_mult, state_bureaucrats_investment_pool_efficiency_mult, state_engineers_investment_pool_efficiency_mult, state_farmers_investment_pool_efficiency_mult, state_machinists_investment_pool_efficiency_mult, state_shopkeepers_investment_pool_efficiency_mult | Développement postérieur à 1776, surtout première industrialisation."
specialized_professional_societies,society,era_5,C,,,"EN=Professional Societies | FR=Sociétés savantes | Prerequisites=experimental_research_laboratories | Children=analytical_philosophy | Unlocks=PM:pm_professional_faculties | Modifier=no | Développement postérieur à 1776, surtout première industrialisation."
early_socialism_cooperativism,society,era_6,C,,,"EN=Socialism & Cooperatives | FR=Socialismes coopératifs | Prerequisites=organized_reform_movements, classical_political_economy | Children=anarchism, socialism | Unlocks=loi:law_proportional_taxation | Modifier=no | Développement postérieur à 1776, surtout première industrialisation."
joint_stock_companies,society,era_6,C,DEI,STARTING_ANACHRONISM,"EN=Joint-Stock Companies | FR=Sociétés par actions | Prerequisites=postal_savings, commercial_insurance_markets | Children=mutual_funds | Unlocks=loi:law_laissez_faire | Modifier=yes: country_free_charters_add, country_max_companies_add | Développement postérieur à 1776, surtout première industrialisation."
labor_movement,society,era_6,C,,,"EN=Labor Movement | FR=Mouvement ouvrier | Prerequisites=organized_reform_movements, liberal_constitutionalism | Children=corporatism, socialism | Unlocks=loi:law_compulsory_primary_school, loi:law_old_age_pension, loi:law_worker_protections | Modifier=yes: country_agitator_slots_add, country_institution_workplace_safety_max_investment_add, state_expected_sol_from_literacy | Développement postérieur à 1776, surtout première industrialisation."
mass_circulation_press,society,era_6,C,,,"EN=Mass-Circulation Press | FR=Presse à grand tirage | Prerequisites=mechanized_printing, organized_elementary_schooling | Children=political_agitation | Unlocks=PM:pm_rotary_press, loi:law_public_schools | Modifier=no | Développement postérieur à 1776, surtout première industrialisation."
organized_immunization_campaigns,society,era_6,C,,,"EN=Immunization Campaigns | FR=Campagnes vaccinales | Prerequisites=vaccination, active_principle_pharmacy | Children=antibiotics, malaria_prevention, modern_sewerage, pharmaceuticals | Unlocks=loi:law_public_health_insurance | Modifier=no | Développement postérieur à 1776, surtout première industrialisation."
pharmaceuticals,society,era_6,E,,NO_DIRECT_GAMEPLAY_UNLOCK;LEAF_WITHOUT_DIRECT_UNLOCK,"EN=Pharmaceuticals | FR=Produits pharmaceutiques | Prerequisites=medical_degrees, organized_immunization_campaigns | Children=— | Unlocks=— | Modifier=no | Alias de compatibilité ou nœud non recherchable."
professional_civil_policing,society,era_6,C,,,"EN=Civil Policing | FR=Police civile | Prerequisites=systematic_legal_codification, systematic_administrative_statistics | Children=identification_documents, law_enforcement | Unlocks=loi:law_dedicated_police, loi:law_local_police, loi:law_national_guard, loi:law_secret_police, loi:law_shinsengumi | Modifier=yes: country_institution_police_max_investment_add | Développement postérieur à 1776, surtout première industrialisation."
academia,society,era_7,E,,NO_DIRECT_GAMEPLAY_UNLOCK,EN=Academia | FR=Études universitaires | Prerequisites=rationalism | Children=empiricism | Unlocks=— | Modifier=no | Alias de compatibilité ou nœud non recherchable.
anarchism,society,era_7,D,,,"EN=Anarchism | FR=Anarchisme | Prerequisites=early_socialism_cooperativism, national_sovereignty | Children=— | Unlocks=loi:law_anarchy | Modifier=no | Technologie nettement tardive pour un départ en 1776."
banking,society,era_7,E,,NO_DIRECT_GAMEPLAY_UNLOCK,EN=Banking | FR=Banque | Prerequisites=currency_standards | Children=central_banking | Unlocks=— | Modifier=no | Alias de compatibilité ou nœud non recherchable.
camera,society,era_7,D,,,EN=Camera | FR=Appareil photo | Prerequisites=experimental_research_laboratories | Children=film | Unlocks=PM:pm_photographic_art | Modifier=yes: country_prestige_mult | Technologie nettement tardive pour un départ en 1776.
central_archives,society,era_7,E,,NO_DIRECT_GAMEPLAY_UNLOCK;LEAF_WITHOUT_DIRECT_UNLOCK,EN=Central Archives | FR=Archives centrales | Prerequisites=centralization | Children=— | Unlocks=— | Modifier=no | Alias de compatibilité ou nœud non recherchable.
central_banking,society,era_7,E,,NO_DIRECT_GAMEPLAY_UNLOCK;LEAF_WITHOUT_DIRECT_UNLOCK,EN=Central Banking | FR=Banque centrale | Prerequisites=banking | Children=— | Unlocks=— | Modifier=no | Alias de compatibilité ou nœud non recherchable.
centralization,society,era_7,E,,NO_DIRECT_GAMEPLAY_UNLOCK,"EN=Centralization | FR=Centralisation | Prerequisites=tech_bureaucracy, nationalism | Children=central_archives, currency_standards | Unlocks=— | Modifier=no | Alias de compatibilité ou nœud non recherchable."
currency_standards,society,era_7,E,,NO_DIRECT_GAMEPLAY_UNLOCK,"EN=Currency Standards | FR=Monnaie standardisée | Prerequisites=international_trade, centralization | Children=banking | Unlocks=— | Modifier=no | Alias de compatibilité ou nœud non recherchable."
democracy,society,era_7,E,,NO_DIRECT_GAMEPLAY_UNLOCK,EN=Democracy | FR=Démocratie | Prerequisites=rationalism | Children=mass_communication | Unlocks=— | Modifier=no | Alias de compatibilité ou nœud non recherchable.
dialectics,society,era_7,E,,NO_DIRECT_GAMEPLAY_UNLOCK;LEAF_WITHOUT_DIRECT_UNLOCK,EN=Dialectics | FR=Dialectique | Prerequisites=empiricism | Children=— | Unlocks=— | Modifier=no | Alias de compatibilité ou nœud non recherchable.
empiricism,society,era_7,E,,NO_DIRECT_GAMEPLAY_UNLOCK,"EN=Empiricism | FR=Empirisme | Prerequisites=academia | Children=dialectics, psychiatry | Unlocks=— | Modifier=no | Alias de compatibilité ou nœud non recherchable."
international_trade,society,era_7,E,,NO_DIRECT_GAMEPLAY_UNLOCK,EN=International Trade | FR=Commerce international | Prerequisites=tech_bureaucracy | Children=currency_standards | Unlocks=— | Modifier=no | Alias de compatibilité ou nœud non recherchable.
law_enforcement,society,era_7,E,,NO_DIRECT_GAMEPLAY_UNLOCK;LEAF_WITHOUT_DIRECT_UNLOCK,"EN=Law Enforcement | FR=Maintien de l’ordre public | Prerequisites=tech_bureaucracy, urban_planning, professional_civil_policing | Children=— | Unlocks=— | Modifier=no | Alias de compatibilité ou nœud non recherchable."
mass_communication,society,era_7,E,,NO_DIRECT_GAMEPLAY_UNLOCK;LEAF_WITHOUT_DIRECT_UNLOCK,EN=Mass Communication | FR=Communication de masse | Prerequisites=democracy | Children=— | Unlocks=— | Modifier=no | Alias de compatibilité ou nœud non recherchable.
nationalism,society,era_7,C,,,"EN=Nationalism | FR=Nationalisme | Prerequisites=national_sovereignty | Children=centralization, civilizing_mission, corporatism, organized_sports, pan-nationalism | Unlocks=décret:decree_promote_national_values, loi:law_national_supremacy | Modifier=yes: country_authority_mult, country_voting_power_mult | Développement postérieur à 1776, surtout première industrialisation."
psychiatry,society,era_7,E,,NO_DIRECT_GAMEPLAY_UNLOCK;LEAF_WITHOUT_DIRECT_UNLOCK,EN=Psychiatry | FR=Psychiatrie | Prerequisites=empiricism | Children=— | Unlocks=— | Modifier=no | Alias de compatibilité ou nœud non recherchable.
quinine,society,era_7,D,,,"EN=Quinine | FR=Quinine | Prerequisites=active_principle_pharmacy | Children=civilizing_mission, malaria_prevention | Unlocks=— | Modifier=yes: country_institution_colonial_affairs_max_investment_add, country_institution_health_system_max_investment_add | Technologie nettement tardive pour un départ en 1776."
rationalism,society,era_7,E,,NO_DIRECT_GAMEPLAY_UNLOCK,"EN=Rationalism | FR=Rationalisme | Prerequisites=— | Children=academia, democracy | Unlocks=— | Modifier=no | Alias de compatibilité ou nœud non recherchable."
realism,society,era_7,D,,,"EN=Realism | FR=Réalisme | Prerequisites=romanticism | Children=— | Unlocks=PM:pm_bourgeoisie_patronage, PM:pm_independent_artists, PM:pm_realist_art | Modifier=yes: country_prestige_mult | Technologie nettement tardive pour un départ en 1776."
romanticism,society,era_7,C,AUS;CUB;FRA;GBR;GR5;PRU;USA,STARTING_ANACHRONISM,"EN=Romanticism | FR=Romantisme | Prerequisites=institutionalized_scientific_exchange | Children=realism | Unlocks=bâtiment:building_art_academy, décret:decree_greener_grass_campaign, loi:law_agrarianism, loi:law_industry_banned | Modifier=yes: country_prestige_mult | Développement postérieur à 1776, surtout première industrialisation."
socialism,society,era_7,C,,,"EN=Socialism | FR=Socialisme | Prerequisites=labor_movement, early_socialism_cooperativism | Children=— | Unlocks=loi:law_collectivized_agriculture, loi:law_council_republic, loi:law_factory_councils, loi:law_graduated_taxation, loi:law_state_atheism | Modifier=yes: country_institution_workplace_safety_max_investment_add, state_expected_sol_from_literacy | Développement postérieur à 1776, surtout première industrialisation."
tech_bureaucracy,society,era_7,E,,NO_DIRECT_GAMEPLAY_UNLOCK,"EN=Bureaucracy | FR=Bureaucratie | Prerequisites=urbanization | Children=centralization, international_trade, law_enforcement | Unlocks=— | Modifier=no | Alias de compatibilité ou nœud non recherchable."
urban_planning,society,era_7,E,,NO_DIRECT_GAMEPLAY_UNLOCK,EN=Urban Planning | FR=Urbanisme | Prerequisites=urbanization | Children=law_enforcement | Unlocks=— | Modifier=no | Alias de compatibilité ou nœud non recherchable.
urbanization,society,era_7,E,ABB;ABS;ABU;ACE;ADG;ADR;AGC;AHG;AIR;AIT;AJJ;AJR;ALK;ALW;ANH;ANK;APC;ARB;ARG;ARH;ARM;ARP;ARR;ARS;ASH;ASM;ATB;ATR;AUL;AUS;AWA;AWS;BAD;BAG;BAL;BAS;BAV;BEN;BEO;BER;BGI;BGM;BHN;BHO;BHU;BHV;BHW;BIC;BIK;BLF;BLG;BMB;BMM;BNJ;BNN;BNY;BOL;BOR;BRA;BRD;BRE;BRG;BRK;BRU;BRZ;BST;BTN;BUG;BUK;BUN;BUR;CAM;CHC;CHI;CHK;CHL;CHP;CHT;CIR;CLM;CMB;CMI;COB;COC;COM;CON;COO;CRI;CRO;CUB;DAH;DAI;DEI;DEN;DENNOR;DFR;DGR;DHA;DIN;DLM;DUR;ECU;EGY;ETH;EZO;FRA;FRM;FTJ;FTR;FZN;GAL;GAR;GBR;GEN;GJM;GLD;GNI;GR3;GR4;GR5;GRE;GRW;GWA;GZA;HAI;HAM;HAN;HAR;HAU;HAW;HBC;HDJ;HDY;HEK;HER;HES;HOH;HOL;HUN;HYD;IDA;IND;ION;IQU;IR1;IRC;IREK;ISQ;JAB;JAI;JAP;JAS;JBB;JEY;JHN;JMB;JOD;JOH;JUN;KAB;KAF;KAL;KAN;KAS;KAT;KAU;KBA;KBB;KBD;KBU;KFA;KHI;KHP;KKI;KLN;KLO;KNC;KNG;KNO;KOK;KON;KOR;KOT;KRG;KRI;KRT;KTI;KTU;KUN;KUT;KYN;KZH;KZM;LAD;LAH;LAN;LIB;LIP;LKT;LNG;LOU;LRR;LUA;LUB;LUC;LUO;LUX;MAD;MAH;MAI;MAK;MARATH;MAS;MBB;MBS;MEC;MEI;MEW;MEX;MGD;MGH;MICC;MJT;MKT;MLD;MLT;MNP;MOD;MOL;MON;MOR;MOS;MRA;MRN;MSN;MST;MTB;MUG;MYB;MYS;MZB;NAG;NAR;NAS;NAW;NBB;NBS;NEJ;NEP;NET;NGA;NNG;NOR;NPU;NTO;NTU;NVJ;NVS;NYM;NYP;NZP;OLD;OMA;ONT;ORA;ORG;OUA;OYO;OZH;PAA;PAN;PAP;PAR;PAT;PCO;PDI;PER;PEU;PHI;PHL;PLC;PLP;PLY;PMA;PNI;PON;POR;PRA;PRG;PRK;PRU;PTA;PTN;PUD;PWN;QUE;QWR;RGB;RUS;RWD;RYU;SAH;SAK;SAR;SAT;SAX;SC1;SC2;SC3;SC4;SCH;SCM;SCT;SCW;SD1;SDM;SEL;SEQ;SER;SGU;SHS;SHW;SIA;SIC;SIK;SIL;SIN;SLK;SLS;SMB;SML;SOK;SPA;SPC;SPU;SRK;STG;SUL;SUR;SWE;SWI;SWZ;TBI;TEK;TEX;TGI;TGR;THL;TIB;TID;TIP;TKE;TMN;TRA;TRI;TRM;TRN;TRS;TRZ;TUA;TUG;TUN;TUR;TUS;UBD;UCA;UNT;URU;USA;UTE;UZH;VEN;VND;VNZ;WAD;WAL;WBL;WDJ;WEI;WKB;WLD;WLG;WLT;WRR;WSG;WTI;WTU;WUR;XHO;YGU;YKA;YOG;YUR;ZAI;ZUL;ZWY,COMPATIBILITY_EXCEPTION,"EN=Urbanization | FR=Urbanisation | Prerequisites=— | Children=tech_bureaucracy, urban_planning | Unlocks=bâtiment:building_construction_sector, bâtiment:building_urban_center | Modifier=no | Alias de compatibilité ou nœud non recherchable."
civilizing_mission,society,era_8,D,,,"EN=Civilizing Mission | FR=Mission civilisatrice | Prerequisites=quinine, nationalism, colonization, abolitionist_mobilization | Children=malaria_prevention | Unlocks=bâtiment:building_panama_canal, décret:decree_establish_missions, loi:law_agrarianism, loi:law_interventionism, loi:law_merchant_banking, loi:law_per_capita_based_taxation, loi:law_slavery_banned, loi:law_tenant_farmers | Modifier=yes: country_infamy_generation_against_unrecognized_mult, country_institution_colonial_affairs_max_investment_add | Technologie nettement tardive pour un départ en 1776."
feminism,society,era_8,D,,,"EN=Feminism | FR=Féminisme | Prerequisites=human_rights | Children=egalitarianism | Unlocks=loi:law_women_in_the_workplace, loi:law_womens_suffrage | Modifier=yes: country_institution_social_security_max_investment_add | Technologie nettement tardive pour un départ en 1776."
identification_documents,society,era_8,D,,,"EN=Identification Documents | FR=Documents d’identification | Prerequisites=central_statistical_offices, professional_civil_policing | Children=central_planning | Unlocks=— | Modifier=yes: country_institution_home_affairs_max_investment_add, state_incorporation_speed_mult, state_tax_capacity_add | Technologie nettement tardive pour un départ en 1776."
modern_sewerage,society,era_8,D,,,"EN=Modern Sewerage | FR=Réseau d’assainissement moderne | Prerequisites=organized_immunization_campaigns | Children=steel_frame_buildings | Unlocks=— | Modifier=yes: country_max_weekly_construction_progress_add, state_building_construction_sector_max_level_add, state_harvest_condition_flood_impact_mult, state_infrastructure_from_population_add, state_infrastructure_from_population_max_add, state_pollution_reduction_health_mult | Technologie nettement tardive pour un départ en 1776."
mutual_funds,society,era_8,D,,,"EN=Mutual Funds | FR=Fonds mutuel | Prerequisites=institutionalized_public_credit, joint_stock_companies | Children=investment_banks | Unlocks=PM:pm_financial_district_publicly_traded, loi:law_commercialized_agriculture | Modifier=yes: country_loan_interest_rate_add, country_minting_mult, state_max_trade_advantage_from_capacity_add | Technologie nettement tardive pour un départ en 1776."
organized_sports,society,era_8,D,,,EN=Organized Sports | FR=Sports organisés | Prerequisites=nationalism | Children=mass_propaganda | Unlocks=— | Modifier=yes: country_prestige_mult | Technologie nettement tardive pour un départ en 1776.
pan-nationalism,society,era_8,D,,,"EN=Pan-nationalism | FR=Pan-nationalisme | Prerequisites=nationalism | Children=multilateral_alliances | Unlocks=loi:law_ethnostate | Modifier=yes: country_authority_mult, country_support_separatism_strength_mult, country_voting_power_mult | Technologie nettement tardive pour un départ en 1776."
philosophical_pragmatism,society,era_8,D,,,"EN=Philosophical Pragmatism | FR=Pragmatisme philosophique | Prerequisites=experimental_research_laboratories | Children=behaviorism | Unlocks=— | Modifier=yes: country_diplomatic_play_maneuvers_mult, country_influence_mult, state_bureaucracy_population_base_cost_factor_mult, state_literacy_growth_add | Technologie nettement tardive pour un départ en 1776."
corporatism,society,era_9,D,,,"EN=Corporatism | FR=Corporatisme | Prerequisites=labor_movement, nationalism | Children=— | Unlocks=loi:law_corporate_state, loi:law_corporatized_unions, loi:law_guild_system, loi:law_social_monarchy | Modifier=yes: state_radicals_from_political_movements_mult | Technologie nettement tardive pour un départ en 1776."
egalitarianism,society,era_9,D,,,EN=Egalitarianism | FR=Égalitarisme | Prerequisites=feminism | Children=— | Unlocks=loi:law_multicultural | Modifier=no | Technologie nettement tardive pour un départ en 1776.
elevator,society,era_9,D,,,"EN=Elevators | FR=Ascenseur | Prerequisites=steel_frame_buildings | Children=— | Unlocks=PM:pm_arcades | Modifier=yes: country_max_weekly_construction_progress_add, state_building_construction_sector_max_level_add, state_infrastructure_from_population_add, state_infrastructure_from_population_max_add | Technologie nettement tardive pour un départ en 1776."
investment_banks,society,era_9,D,,,"EN=Investment Banks | FR=Banques d’investissement | Prerequisites=stock_exchange, mutual_funds | Children=corporate_management, steel_frame_buildings | Unlocks=— | Modifier=yes: country_free_charters_add, country_max_companies_add, state_urbanization_per_level_mult | Technologie nettement tardive pour un départ en 1776."
steel_frame_buildings,society,era_9,D,,,"EN=Steel-Frame Buildings | FR=Bâtiments avec structure en acier | Prerequisites=investment_banks, modern_sewerage | Children=elevator, zeppelins | Unlocks=PM:pm_covered_markets, PM:pm_steel_frame_buildings, bâtiment:building_eiffel_tower, bâtiment:building_estacion_de_madrid_atocha, bâtiment:building_statue_of_liberty, bâtiment:building_victoria_terminus | Modifier=yes: country_max_weekly_construction_progress_add, state_building_construction_sector_max_level_add, state_harvest_condition_flood_impact_mult, state_infrastructure_from_population_add, state_infrastructure_from_population_max_add | Technologie nettement tardive pour un départ en 1776."
corporate_management,society,era_10,D,,,"EN=Corporate Governance | FR=Gouvernement d’entreprise | Prerequisites=investment_banks | Children=modern_financial_instruments | Unlocks=PM:pm_scientific_management | Modifier=yes: country_max_companies_add, state_urbanization_per_level_mult | Technologie nettement tardive pour un départ en 1776."
film,society,era_10,D,,,EN=Film | FR=Film | Prerequisites=camera | Children=mass_propaganda | Unlocks=PM:pm_film_art | Modifier=yes: country_prestige_mult | Technologie nettement tardive pour un départ en 1776.
international_exchange_standards,society,era_10,D,,,"EN=International Exchange Standards | FR=Normes internationales d’échange | Prerequisites=institutionalized_public_credit, international_relations | Children=modern_financial_instruments | Unlocks=— | Modifier=yes: country_loan_interest_rate_add, country_minting_mult, state_max_trade_advantage_from_capacity_add | Technologie nettement tardive pour un départ en 1776."
malaria_prevention,society,era_10,D,,,"EN=Malaria Prevention | FR=Prévention du paludisme | Prerequisites=civilizing_mission, organized_immunization_campaigns, quinine | Children=antibiotics | Unlocks=— | Modifier=yes: country_institution_colonial_affairs_max_investment_add, country_institution_health_system_max_investment_add | Technologie nettement tardive pour un départ en 1776."
multilateral_alliances,society,era_10,E,,,"EN=Multilateral Alliances | FR=Alliances multilatérales | Prerequisites=international_relations, pan-nationalism | Children=— | Unlocks=— | Modifier=yes: country_allow_multiple_alliances_bool, country_diplomatic_play_maneuvers_mult, country_infamy_generation_mult | Capacité institutionnelle/politique abstraite; décision pays par pays."
political_agitation,society,era_10,E,,,"EN=Political Agitation | FR=Agitation politique | Prerequisites=organized_reform_movements, mass_circulation_press | Children=mass_propaganda | Unlocks=loi:law_outlawed_dissent, loi:law_single_party_state | Modifier=yes: country_agitator_slots_add, country_authority_mult, country_voting_power_mult, state_expected_sol_from_literacy | Capacité institutionnelle/politique abstraite; décision pays par pays."
psychoanalysis,society,era_10,D,,,"EN=Psychoanalysis | FR=Psychanalyse | Prerequisites=clinicopathological_medicine | Children=— | Unlocks=— | Modifier=yes: country_diplomatic_play_maneuvers_mult, country_influence_mult, state_bureaucracy_population_base_cost_factor_mult | Technologie nettement tardive pour un départ en 1776."
zeppelins,society,era_10,D,,,EN=Zeppelins | FR=Zeppelin | Prerequisites=steel_frame_buildings | Children=— | Unlocks=PM:pm_airship_mooring_post | Modifier=yes: state_market_access_price_impact | Technologie nettement tardive pour un départ en 1776.
analytical_philosophy,society,era_11,D,,,EN=Analytical Philosophy | FR=Philosophie analytique | Prerequisites=specialized_professional_societies | Children=— | Unlocks=PM:pm_analytical_philosophy_department | Modifier=yes: state_literacy_growth_add | Technologie nettement tardive pour un départ en 1776.
behaviorism,society,era_11,D,,,"EN=Behaviorism | FR=Comportementalisme | Prerequisites=experimental_research_laboratories, philosophical_pragmatism | Children=— | Unlocks=— | Modifier=yes: country_diplomatic_play_maneuvers_mult, country_influence_mult, state_bureaucracy_population_base_cost_factor_mult | Technologie nettement tardive pour un départ en 1776."
central_planning,society,era_11,D,,,"EN=Central Planning | FR=Plan centralisé | Prerequisites=identification_documents | Children=mass_surveillance | Unlocks=PM:pm_switch_boards, loi:law_command_economy | Modifier=yes: country_government_dividends_efficiency_add, country_institution_home_affairs_max_investment_add, state_incorporation_speed_mult, state_literacy_growth_add, state_tax_capacity_add | Technologie nettement tardive pour un départ en 1776."
mass_propaganda,society,era_11,D,,,"EN=Mass Propaganda | FR=Propagande de masse | Prerequisites=political_agitation, film, organized_sports | Children=— | Unlocks=— | Modifier=yes: country_agitator_slots_add, country_authority_mult, country_support_separatism_strength_mult, country_voting_power_mult, state_expected_sol_from_literacy | Technologie nettement tardive pour un départ en 1776."
antibiotics,society,era_12,D,,,"EN=Antibiotics | FR=Antibiotique | Prerequisites=experimental_research_laboratories, organized_immunization_campaigns, malaria_prevention | Children=— | Unlocks=PM:pm_antibiotic_mass_production | Modifier=yes: country_institution_health_system_max_investment_add, state_harvest_condition_disease_outbreak_impact_mult | Technologie nettement tardive pour un départ en 1776."
macroeconomics,society,era_12,D,,,"EN=Macroeconomics | FR=Macroéconomie | Prerequisites=classical_political_economy, central_statistical_offices | Children=— | Unlocks=— | Modifier=yes: country_max_companies_add, state_market_access_price_impact | Technologie nettement tardive pour un départ en 1776."
mass_surveillance,society,era_12,D,,,"EN=Mass Surveillance | FR=Surveillance de masse | Prerequisites=central_planning | Children=— | Unlocks=loi:law_militarized_police | Modifier=yes: country_institution_home_affairs_max_investment_add, country_support_separatism_resistance_mult, state_incorporation_speed_mult, state_tax_capacity_add | Technologie nettement tardive pour un départ en 1776."
modern_financial_instruments,society,era_12,D,,,"EN=Modern Financial Instruments | FR=Instruments financiers modernes | Prerequisites=international_exchange_standards, corporate_management | Children=— | Unlocks=— | Modifier=yes: country_government_dividends_efficiency_add, country_loan_interest_rate_add, country_minting_mult | Technologie nettement tardive pour un départ en 1776."
