society_tech_id,era,technology_origin,current_direct_effects,vanilla_predecessor_or_source,responsibility_domain,target_object_type,target_object_id,current_effective_gate_or_hook,expected_target_tech,status,proposed_action,source_vanilla_tech,exact_modifier_key,vanilla_value,current_effective_holder,intended_target_tech,redistribution_status,justification,exact_source_path,exact_future_target_path,required_override_architecture,evidence,design_authority,notes,post_tech6b3d_authoritative_update
institutionalized_scientific_exchange,era_1,VANILLA_SPLIT,NONE,academia;empiricism,technology_coverage,technology_audit,institutionalized_scientific_exchange,definition=institutionalized_scientific_exchange,institutionalized_scientific_exchange,TRANSFER_REQUIRED,AUDIT_FROZEN_FOR_TECH6B2,,,,,institutionalized_scientific_exchange,SPLIT_RESPONSIBILITY,Exact assigned responsibilities appear in dedicated rows.,common/technology/technologies/30_tech3a_society.txt,common/technology/technologies/30_tech3a_society.txt,NO_CHANGE,Active Era I-VI Society definition at HEAD ed8351d5.,TECH3A_IMPLEMENTED_TECH_INDEX.csv;TECH_TREE_1700_1836_INTEGRATED_V1.csv;30_tech3a_society.txt,,
international_relations,era_1,VANILLA_KEEP,NONE,international_relations,technology_coverage,technology_audit,international_relations,definition=international_relations,international_relations,KEEP_CURRENT,NO_CHANGE,,,,,international_relations,KEEP_ON_CURRENT_TECH,Preserved ID/current definition keeps demonstrated responsibilities.,common/technology/technologies/30_tech3a_society.txt,common/technology/technologies/30_tech3a_society.txt,NO_CHANGE,Active Era I-VI Society definition at HEAD ed8351d5.,TECH3A_IMPLEMENTED_TECH_INDEX.csv;TECH_TREE_1700_1836_INTEGRATED_V1.csv;30_tech3a_society.txt,,
institutionalized_public_credit,era_1,VANILLA_SPLIT,NONE,banking;central_banking,technology_coverage,technology_audit,institutionalized_public_credit,definition=institutionalized_public_credit,institutionalized_public_credit,TRANSFER_REQUIRED,AUDIT_FROZEN_FOR_TECH6B2,,,,,institutionalized_public_credit,SPLIT_RESPONSIBILITY,Exact assigned responsibilities appear in dedicated rows.,common/technology/technologies/30_tech3a_society.txt,common/technology/technologies/30_tech3a_society.txt,NO_CHANGE,Active Era I-VI Society definition at HEAD ed8351d5.,TECH3A_IMPLEMENTED_TECH_INDEX.csv;TECH_TREE_1700_1836_INTEGRATED_V1.csv;30_tech3a_society.txt,,
stock_exchange,era_1,VANILLA_MERGE,state_market_access_price_impact=0.1,corporate_charters;joint_stock_companies;stock_exchange,technology_coverage,technology_audit,stock_exchange,definition=stock_exchange,stock_exchange,TRANSFER_REQUIRED,AUDIT_FROZEN_FOR_TECH6B2,,,,,stock_exchange,SPLIT_RESPONSIBILITY,Exact assigned responsibilities appear in dedicated rows.,common/technology/technologies/30_tech3a_society.txt,common/technology/technologies/30_tech3a_society.txt,NO_CHANGE,Active Era I-VI Society definition at HEAD ed8351d5.,TECH3A_IMPLEMENTED_TECH_INDEX.csv;TECH_TREE_1700_1836_INTEGRATED_V1.csv;30_tech3a_society.txt,,
commercial_insurance_markets,era_1,VANILLA_SPLIT,NONE,international_trade,technology_coverage,technology_audit,commercial_insurance_markets,definition=commercial_insurance_markets,commercial_insurance_markets,TRANSFER_REQUIRED,AUDIT_FROZEN_FOR_TECH6B2,,,,,commercial_insurance_markets,SPLIT_RESPONSIBILITY,Exact assigned responsibilities appear in dedicated rows.,common/technology/technologies/30_tech3a_society.txt,common/technology/technologies/30_tech3a_society.txt,NO_CHANGE,Active Era I-VI Society definition at HEAD ed8351d5.,TECH3A_IMPLEMENTED_TECH_INDEX.csv;TECH_TREE_1700_1836_INTEGRATED_V1.csv;30_tech3a_society.txt,,
periodical_print_networks,era_1,VANILLA_SPLIT,NONE,mass_communication,technology_coverage,technology_audit,periodical_print_networks,definition=periodical_print_networks,periodical_print_networks,TRANSFER_REQUIRED,AUDIT_FROZEN_FOR_TECH6B2,,,,,periodical_print_networks,SPLIT_RESPONSIBILITY,Exact assigned responsibilities appear in dedicated rows.,common/technology/technologies/30_tech3a_society.txt,common/technology/technologies/30_tech3a_society.txt,NO_CHANGE,Active Era I-VI Society definition at HEAD ed8351d5.,TECH3A_IMPLEMENTED_TECH_INDEX.csv;TECH_TREE_1700_1836_INTEGRATED_V1.csv;30_tech3a_society.txt,,
systematic_administrative_statistics,era_2,VANILLA_SPLIT,NONE,central_archives;tech_bureaucracy,technology_coverage,technology_audit,systematic_administrative_statistics,definition=systematic_administrative_statistics,systematic_administrative_statistics,TRANSFER_REQUIRED,AUDIT_FROZEN_FOR_TECH6B2,,,,,systematic_administrative_statistics,SPLIT_RESPONSIBILITY,Exact assigned responsibilities appear in dedicated rows.,common/technology/technologies/30_tech3a_society.txt,common/technology/technologies/30_tech3a_society.txt,NO_CHANGE,Active Era I-VI Society definition at HEAD ed8351d5.,TECH3A_IMPLEMENTED_TECH_INDEX.csv;TECH_TREE_1700_1836_INTEGRATED_V1.csv;30_tech3a_society.txt,,
variolation_networks,era_2,NEW_CUSTOM,NONE,NONE,technology_coverage,technology_audit,variolation_networks,definition=variolation_networks,variolation_networks,STRUCTURAL_ONLY,NO_ACTION_REQUIRED,,,,,variolation_networks,NOT_APPLICABLE_NO_DIRECT_EFFECT,No exact vanilla object or effect is demonstrated; the node remains a structural prerequisite for vaccination and no synthetic event/bonus is created.,common/technology/technologies/30_tech3a_society.txt,common/technology/technologies/30_tech3a_society.txt,NO_CHANGE,No exact vanilla object or effect is demonstrated; the node remains a structural prerequisite for vaccination and no synthetic event/bonus is created.,TECH_SOCIETY_1700_1836_V1.csv;TECH_TREE_1700_1836_INTEGRATED_V1.csv;effective HEAD,TECH6B1-R final design resolution: no gameplay invented.,
codified_practical_knowledge,era_3,VANILLA_SPLIT,NONE,rationalism,technology_coverage,technology_audit,codified_practical_knowledge,definition=codified_practical_knowledge,codified_practical_knowledge,TRANSFER_REQUIRED,AUDIT_FROZEN_FOR_TECH6B2,,,,,codified_practical_knowledge,SPLIT_RESPONSIBILITY,"Exact law, JE and TECH5 PM responsibilities are recorded below.",common/technology/technologies/30_tech3a_society.txt,common/technology/technologies/30_tech3a_society.txt,NO_CHANGE,Active Era I-VI Society definition at HEAD ed8351d5.,TECH3A_IMPLEMENTED_TECH_INDEX.csv;TECH_TREE_1700_1836_INTEGRATED_V1.csv;30_tech3a_society.txt,,
political_economy,era_3,NEW_CUSTOM,NONE,NONE,technology_coverage,technology_audit,political_economy,definition=political_economy,political_economy,STRUCTURAL_ONLY,NO_ACTION_REQUIRED,,,,,political_economy,NOT_APPLICABLE_NO_DIRECT_EFFECT,No exact vanilla gameplay responsibility is demonstrated; no synthetic bonus is warranted.,common/technology/technologies/30_tech3a_society.txt,common/technology/technologies/30_tech3a_society.txt,NO_CHANGE,Active Era I-VI Society definition at HEAD ed8351d5.,TECH3A_IMPLEMENTED_TECH_INDEX.csv;TECH_TREE_1700_1836_INTEGRATED_V1.csv;30_tech3a_society.txt,,
specialized_technical_academies,era_3,NEW_CUSTOM,NONE,NONE,technology_coverage,technology_audit,specialized_technical_academies,definition=specialized_technical_academies,specialized_technical_academies,STRUCTURAL_ONLY,NO_ACTION_REQUIRED,,,,,specialized_technical_academies,NOT_APPLICABLE_NO_DIRECT_EFFECT,No exact vanilla gameplay responsibility is demonstrated; no synthetic bonus is warranted.,common/technology/technologies/30_tech3a_society.txt,common/technology/technologies/30_tech3a_society.txt,NO_CHANGE,Active Era I-VI Society definition at HEAD ed8351d5.,TECH3A_IMPLEMENTED_TECH_INDEX.csv;TECH_TREE_1700_1836_INTEGRATED_V1.csv;30_tech3a_society.txt,,
veterinary_science,era_3,NEW_CUSTOM,NONE,NONE,technology_coverage,technology_audit,veterinary_science,definition=veterinary_science,veterinary_science,STRUCTURAL_ONLY,NO_ACTION_REQUIRED,,,,,veterinary_science,NOT_APPLICABLE_NO_DIRECT_EFFECT,No exact vanilla gameplay responsibility is demonstrated; no synthetic bonus is warranted.,common/technology/technologies/30_tech3a_society.txt,common/technology/technologies/30_tech3a_society.txt,NO_CHANGE,Active Era I-VI Society definition at HEAD ed8351d5.,TECH3A_IMPLEMENTED_TECH_INDEX.csv;TECH_TREE_1700_1836_INTEGRATED_V1.csv;30_tech3a_society.txt,,
organized_elementary_schooling,era_3,NEW_CUSTOM_WITH_TRANSFERRED_RESPONSIBILITIES,NONE,academia;empiricism;rationalism,technology_coverage,technology_audit,organized_elementary_schooling,definition=organized_elementary_schooling,organized_elementary_schooling,TRANSFER_REQUIRED,AUDIT_FROZEN_FOR_TECH6B2,,,,,organized_elementary_schooling,SPLIT_RESPONSIBILITY,Exact assigned responsibilities appear in dedicated rows.,common/technology/technologies/30_tech3a_society.txt,common/technology/technologies/30_tech3a_society.txt,NO_CHANGE,Active Era I-VI Society definition at HEAD ed8351d5.,TECH3A_IMPLEMENTED_TECH_INDEX.csv;TECH_TREE_1700_1836_INTEGRATED_V1.csv;30_tech3a_society.txt,,
systematic_population_registration,era_3,VANILLA_SPLIT,NONE,centralization,technology_coverage,technology_audit,systematic_population_registration,definition=systematic_population_registration,systematic_population_registration,ALREADY_HANDLED_BY_TECH5,NO_CHANGE,,,,,systematic_population_registration,DEFER_TO_OTHER_SYSTEM,Its demonstrated PM responsibility is already implemented and frozen by TECH5.,common/technology/technologies/30_tech3a_society.txt,common/technology/technologies/30_tech3a_society.txt,NO_CHANGE,Active Era I-VI Society definition at HEAD ed8351d5.,TECH3A_IMPLEMENTED_TECH_INDEX.csv;TECH_TREE_1700_1836_INTEGRATED_V1.csv;30_tech3a_society.txt,,
medical_degrees,era_3,VANILLA_RETIME,country_institution_health_system_max_investment_add=1,medical_degrees;modern_nursing;psychiatry,technology_coverage,technology_audit,medical_degrees,definition=medical_degrees,medical_degrees,KEEP_CURRENT,NO_CHANGE,,,,,medical_degrees,KEEP_ON_CURRENT_TECH,Preserved ID/current definition keeps demonstrated responsibilities.,common/technology/technologies/30_tech3a_society.txt,common/technology/technologies/30_tech3a_society.txt,NO_CHANGE,Active Era I-VI Society definition at HEAD ed8351d5.,TECH3A_IMPLEMENTED_TECH_INDEX.csv;TECH_TREE_1700_1836_INTEGRATED_V1.csv;30_tech3a_society.txt,,
classical_political_economy,era_4,NEW_CUSTOM,NONE,NONE,technology_coverage,technology_audit,classical_political_economy,definition=classical_political_economy,classical_political_economy,STRUCTURAL_ONLY,NO_ACTION_REQUIRED,,,,,classical_political_economy,NOT_APPLICABLE_NO_DIRECT_EFFECT,No exact vanilla gameplay responsibility is demonstrated; no synthetic bonus is warranted.,common/technology/technologies/30_tech3a_society.txt,common/technology/technologies/30_tech3a_society.txt,NO_CHANGE,Active Era I-VI Society definition at HEAD ed8351d5.,TECH3A_IMPLEMENTED_TECH_INDEX.csv;TECH_TREE_1700_1836_INTEGRATED_V1.csv;30_tech3a_society.txt,,
constitutional_government,era_4,VANILLA_SPLIT,NONE,democracy,technology_coverage,technology_audit,constitutional_government,definition=constitutional_government,constitutional_government,TRANSFER_REQUIRED,AUDIT_FROZEN_FOR_TECH6B2,,,,,constitutional_government,SPLIT_RESPONSIBILITY,Exact assigned responsibilities appear in dedicated rows.,common/technology/technologies/30_tech3a_society.txt,common/technology/technologies/30_tech3a_society.txt,NO_CHANGE,Active Era I-VI Society definition at HEAD ed8351d5.,TECH3A_IMPLEMENTED_TECH_INDEX.csv;TECH_TREE_1700_1836_INTEGRATED_V1.csv;30_tech3a_society.txt,,
human_rights,era_4,VANILLA_RETIME,country_institution_social_security_max_investment_add=1,egalitarianism;feminism;human_rights,technology_coverage,technology_audit,human_rights,definition=human_rights,human_rights,TRANSFER_REQUIRED,AUDIT_FROZEN_FOR_TECH6B2,,,,,human_rights,SPLIT_RESPONSIBILITY,Exact assigned responsibilities appear in dedicated rows.,common/technology/technologies/30_tech3a_society.txt,common/technology/technologies/30_tech3a_society.txt,NO_CHANGE,Active Era I-VI Society definition at HEAD ed8351d5.,TECH3A_IMPLEMENTED_TECH_INDEX.csv;TECH_TREE_1700_1836_INTEGRATED_V1.csv;30_tech3a_society.txt,,
national_sovereignty,era_4,VANILLA_SPLIT,NONE,nationalism;pan-nationalism,technology_coverage,technology_audit,national_sovereignty,definition=national_sovereignty,national_sovereignty,DEFER_POST1836,DEFER,,,,,national_sovereignty,DEFER_TO_OTHER_SYSTEM,Mass-nationalism mechanics remain on post-1836 nodes.,common/technology/technologies/30_tech3a_society.txt,common/technology/technologies/30_tech3a_society.txt,DEFER,Active Era I-VI Society definition at HEAD ed8351d5.,TECH3A_IMPLEMENTED_TECH_INDEX.csv;TECH_TREE_1700_1836_INTEGRATED_V1.csv;30_tech3a_society.txt,,
organized_reform_movements,era_4,NEW_CUSTOM,NONE,NONE,technology_coverage,technology_audit,organized_reform_movements,definition=organized_reform_movements,organized_reform_movements,STRUCTURAL_ONLY,NO_ACTION_REQUIRED,,,,,organized_reform_movements,NOT_APPLICABLE_NO_DIRECT_EFFECT,No unique exact vanilla hook is demonstrated; the node remains a structural prerequisite for abolitionist and labor/social-movement descendants.,common/technology/technologies/30_tech3a_society.txt,common/technology/technologies/30_tech3a_society.txt,NO_CHANGE,No unique exact vanilla hook is demonstrated; the node remains a structural prerequisite for abolitionist and labor/social-movement descendants.,TECH_SOCIETY_1700_1836_V1.csv;TECH_TREE_1700_1836_INTEGRATED_V1.csv;effective HEAD,TECH6B1-R final design resolution: no gameplay invented.,
abolitionist_mobilization,era_4,NEW_CUSTOM,NONE,empiricism:movement_anti_slavery,technology_coverage,technology_audit,abolitionist_mobilization,definition=abolitionist_mobilization,abolitionist_mobilization,TRANSFER_REQUIRED,AUDIT_FROZEN_FOR_TECH6B2,,,,,abolitionist_mobilization,SPLIT_RESPONSIBILITY,Exact assigned responsibilities appear in dedicated rows.,common/technology/technologies/30_tech3a_society.txt,common/technology/technologies/30_tech3a_society.txt,NO_CHANGE,Active Era I-VI Society definition at HEAD ed8351d5.,TECH3A_IMPLEMENTED_TECH_INDEX.csv;TECH_TREE_1700_1836_INTEGRATED_V1.csv;30_tech3a_society.txt,,
systematic_cadastral_surveying,era_4,VANILLA_REWIRE,NONE,colonization,technology_coverage,technology_audit,systematic_cadastral_surveying,definition=systematic_cadastral_surveying,systematic_cadastral_surveying,STRUCTURAL_ONLY,NO_ACTION_REQUIRED,,,,,systematic_cadastral_surveying,NOT_APPLICABLE_NO_DIRECT_EFFECT,No exact vanilla gameplay responsibility is demonstrated; no synthetic bonus is warranted.,common/technology/technologies/30_tech3a_society.txt,common/technology/technologies/30_tech3a_society.txt,NO_CHANGE,Active Era I-VI Society definition at HEAD ed8351d5.,TECH3A_IMPLEMENTED_TECH_INDEX.csv;TECH_TREE_1700_1836_INTEGRATED_V1.csv;30_tech3a_society.txt,,
systematic_legal_codification,era_4,NEW_CUSTOM,NONE,NONE,technology_coverage,technology_audit,systematic_legal_codification,definition=systematic_legal_codification,systematic_legal_codification,TRANSFER_REQUIRED,AUDIT_FROZEN_FOR_TECH6B2,,,,,systematic_legal_codification,SPLIT_RESPONSIBILITY,The frozen design assigns property/contract/civil-status law hooks; law_tenant_farmers provides an exact current AI-weight responsibility.,common/technology/technologies/30_tech3a_society.txt,common/technology/technologies/30_tech3a_society.txt,NO_CHANGE,TECH_SOCIETY_1700_1836_V1 assigns property/contract/civil-status law hooks; vanilla law_tenant_farmers line 195 tests human_rights in AI weighting.,TECH_SOCIETY_1700_1836_V1.csv;TECH_TREE_1700_1836_INTEGRATED_V1.csv;vanilla 1.13.9,Coverage resolution only; implementation is the dedicated law_tenant_farmers row.,
scientific_metrology,era_4,VANILLA_SPLIT,NONE,currency_standards,technology_coverage,technology_audit,scientific_metrology,definition=scientific_metrology,scientific_metrology,TRANSFER_REQUIRED,AUDIT_FROZEN_FOR_TECH6B2,,,,,scientific_metrology,SPLIT_RESPONSIBILITY,Exact assigned responsibilities appear in dedicated rows.,common/technology/technologies/30_tech3a_society.txt,common/technology/technologies/30_tech3a_society.txt,NO_CHANGE,Active Era I-VI Society definition at HEAD ed8351d5.,TECH3A_IMPLEMENTED_TECH_INDEX.csv;TECH_TREE_1700_1836_INTEGRATED_V1.csv;30_tech3a_society.txt,,
vaccination,era_4,NEW_CUSTOM,NONE,NONE,technology_coverage,technology_audit,vaccination,definition=vaccination,vaccination,STRUCTURAL_ONLY,NO_ACTION_REQUIRED,,,,,vaccination,NOT_APPLICABLE_NO_DIRECT_EFFECT,No exact vanilla gameplay responsibility is demonstrated; no synthetic bonus is warranted.,common/technology/technologies/30_tech3a_society.txt,common/technology/technologies/30_tech3a_society.txt,NO_CHANGE,Active Era I-VI Society definition at HEAD ed8351d5.,TECH3A_IMPLEMENTED_TECH_INDEX.csv;TECH_TREE_1700_1836_INTEGRATED_V1.csv;30_tech3a_society.txt,,
polytechnical_education,era_4,NEW_CUSTOM,NONE,NONE,technology_coverage,technology_audit,polytechnical_education,definition=polytechnical_education,polytechnical_education,STRUCTURAL_ONLY,NO_ACTION_REQUIRED,,,,,polytechnical_education,NOT_APPLICABLE_NO_DIRECT_EFFECT,No exact vanilla gameplay responsibility is demonstrated; no synthetic bonus is warranted.,common/technology/technologies/30_tech3a_society.txt,common/technology/technologies/30_tech3a_society.txt,NO_CHANGE,Active Era I-VI Society definition at HEAD ed8351d5.,TECH3A_IMPLEMENTED_TECH_INDEX.csv;TECH_TREE_1700_1836_INTEGRATED_V1.csv;30_tech3a_society.txt,,
optical_telegraph_networks,era_4,VANILLA_KEEP_CONCEPT_NEW_ID,NONE,electric_telegraph,technology_coverage,technology_audit,optical_telegraph_networks,definition=optical_telegraph_networks,optical_telegraph_networks,DEFER_TECH6C,DEFER,,,,,optical_telegraph_networks,DEFER_TO_OTHER_SYSTEM,Mapped electric-telegraph effect is military.,common/technology/technologies/30_tech3a_society.txt,common/technology/technologies/30_tech3a_society.txt,DEFER,Active Era I-VI Society definition at HEAD ed8351d5.,TECH3A_IMPLEMENTED_TECH_INDEX.csv;TECH_TREE_1700_1836_INTEGRATED_V1.csv;30_tech3a_society.txt,,
colonization,era_4,VANILLA_REWIRE_PRESERVED_ID,country_institution_colonial_affairs_max_investment_add=2;country_infamy_generation_against_unrecognized_mult=-0.1,colonization,technology_coverage,technology_audit,colonization,definition=colonization,colonization,KEEP_CURRENT,NO_CHANGE,,,,,colonization,KEEP_ON_CURRENT_TECH,Preserved ID/current definition keeps demonstrated responsibilities.,common/technology/technologies/30_tech3a_society.txt,common/technology/technologies/30_tech3a_society.txt,NO_CHANGE,Active Era I-VI Society definition at HEAD ed8351d5.,TECH3A_IMPLEMENTED_TECH_INDEX.csv;TECH_TREE_1700_1836_INTEGRATED_V1.csv;30_tech3a_society.txt,TECH2H-restored 41st effective Society node.,
central_statistical_offices,era_5,VANILLA_KEEP_CONCEPT_NEW_ID,NONE,central_archives;military_statistics,technology_coverage,technology_audit,central_statistical_offices,definition=central_statistical_offices,central_statistical_offices,TRANSFER_REQUIRED,AUDIT_FROZEN_FOR_TECH6B2,,,,,central_statistical_offices,SPLIT_RESPONSIBILITY,Exact assigned responsibilities appear in dedicated rows.,common/technology/technologies/30_tech3a_society.txt,common/technology/technologies/30_tech3a_society.txt,NO_CHANGE,Active Era I-VI Society definition at HEAD ed8351d5.,TECH3A_IMPLEMENTED_TECH_INDEX.csv;TECH_TREE_1700_1836_INTEGRATED_V1.csv;30_tech3a_society.txt,,
organized_immunization_campaigns,era_5,NEW_CUSTOM,NONE,NONE,technology_coverage,technology_audit,organized_immunization_campaigns,definition=organized_immunization_campaigns,organized_immunization_campaigns,STRUCTURAL_ONLY,NO_ACTION_REQUIRED,,,,,organized_immunization_campaigns,NOT_APPLICABLE_NO_DIRECT_EFFECT,No exact vanilla gameplay responsibility is demonstrated; no synthetic bonus is warranted.,common/technology/technologies/30_tech3a_society.txt,common/technology/technologies/30_tech3a_society.txt,NO_CHANGE,Active Era I-VI Society definition at HEAD ed8351d5.,TECH3A_IMPLEMENTED_TECH_INDEX.csv;TECH_TREE_1700_1836_INTEGRATED_V1.csv;30_tech3a_society.txt,,
mechanized_printing,era_5,NEW_CUSTOM,NONE,NONE,technology_coverage,technology_audit,mechanized_printing,definition=mechanized_printing,mechanized_printing,STRUCTURAL_ONLY,NO_ACTION_REQUIRED,,,,,mechanized_printing,NOT_APPLICABLE_NO_DIRECT_EFFECT,No exact vanilla gameplay responsibility is demonstrated; no synthetic bonus is warranted.,common/technology/technologies/30_tech3a_society.txt,common/technology/technologies/30_tech3a_society.txt,NO_CHANGE,Active Era I-VI Society definition at HEAD ed8351d5.,TECH3A_IMPLEMENTED_TECH_INDEX.csv;TECH_TREE_1700_1836_INTEGRATED_V1.csv;30_tech3a_society.txt,,
experimental_research_laboratories,era_5,NEW_CUSTOM,NONE,NONE,technology_coverage,technology_audit,experimental_research_laboratories,definition=experimental_research_laboratories,experimental_research_laboratories,STRUCTURAL_ONLY,NO_ACTION_REQUIRED,,,,,experimental_research_laboratories,NOT_APPLICABLE_NO_DIRECT_EFFECT,No exact vanilla gameplay responsibility is demonstrated; no synthetic bonus is warranted.,common/technology/technologies/30_tech3a_society.txt,common/technology/technologies/30_tech3a_society.txt,NO_CHANGE,Active Era I-VI Society definition at HEAD ed8351d5.,TECH3A_IMPLEMENTED_TECH_INDEX.csv;TECH_TREE_1700_1836_INTEGRATED_V1.csv;30_tech3a_society.txt,,
specialized_professional_societies,era_5,NEW_CUSTOM,NONE,NONE,technology_coverage,technology_audit,specialized_professional_societies,definition=specialized_professional_societies,specialized_professional_societies,STRUCTURAL_ONLY,NO_ACTION_REQUIRED,,,,,specialized_professional_societies,NOT_APPLICABLE_NO_DIRECT_EFFECT,No exact vanilla gameplay responsibility is demonstrated; no synthetic bonus is warranted.,common/technology/technologies/30_tech3a_society.txt,common/technology/technologies/30_tech3a_society.txt,NO_CHANGE,Active Era I-VI Society definition at HEAD ed8351d5.,TECH3A_IMPLEMENTED_TECH_INDEX.csv;TECH_TREE_1700_1836_INTEGRATED_V1.csv;30_tech3a_society.txt,,
clinicopathological_medicine,era_5,NEW_CUSTOM,NONE,NONE,technology_coverage,technology_audit,clinicopathological_medicine,definition=clinicopathological_medicine,clinicopathological_medicine,STRUCTURAL_ONLY,NO_ACTION_REQUIRED,,,,,clinicopathological_medicine,NOT_APPLICABLE_NO_DIRECT_EFFECT,No exact vanilla gameplay responsibility is demonstrated; no synthetic bonus is warranted.,common/technology/technologies/30_tech3a_society.txt,common/technology/technologies/30_tech3a_society.txt,NO_CHANGE,Active Era I-VI Society definition at HEAD ed8351d5.,TECH3A_IMPLEMENTED_TECH_INDEX.csv;TECH_TREE_1700_1836_INTEGRATED_V1.csv;30_tech3a_society.txt,,
active_principle_pharmacy,era_5,VANILLA_SPLIT,NONE,pharmaceuticals;quinine,technology_coverage,technology_audit,active_principle_pharmacy,definition=active_principle_pharmacy,active_principle_pharmacy,TRANSFER_REQUIRED,AUDIT_FROZEN_FOR_TECH6B2,,,,,active_principle_pharmacy,SPLIT_RESPONSIBILITY,Exact assigned responsibilities appear in dedicated rows.,common/technology/technologies/30_tech3a_society.txt,common/technology/technologies/30_tech3a_society.txt,NO_CHANGE,Active Era I-VI Society definition at HEAD ed8351d5.,TECH3A_IMPLEMENTED_TECH_INDEX.csv;TECH_TREE_1700_1836_INTEGRATED_V1.csv;30_tech3a_society.txt,,
postal_savings,era_5,VANILLA_RETIME,state_farmers/state_shopkeepers/state_bureaucrats/state_engineers/state_machinists investment_pool_efficiency_mult=0.15;building_cash_reserves_mult=0.2,mutual_funds;postal_savings,technology_coverage,technology_audit,postal_savings,definition=postal_savings,postal_savings,KEEP_CURRENT,NO_CHANGE,,,,,postal_savings,KEEP_ON_CURRENT_TECH,Preserved ID/current definition keeps demonstrated responsibilities.,common/technology/technologies/30_tech3a_society.txt,common/technology/technologies/30_tech3a_society.txt,NO_CHANGE,Active Era I-VI Society definition at HEAD ed8351d5.,TECH3A_IMPLEMENTED_TECH_INDEX.csv;TECH_TREE_1700_1836_INTEGRATED_V1.csv;30_tech3a_society.txt,,
professional_civil_policing,era_6,VANILLA_RETIME_NEW_ID,NONE,law_enforcement;tech_bureaucracy;central_archives,technology_coverage,technology_audit,professional_civil_policing,definition=professional_civil_policing,professional_civil_policing,TRANSFER_REQUIRED,AUDIT_FROZEN_FOR_TECH6B2,,,,,professional_civil_policing,SPLIT_RESPONSIBILITY,Exact assigned responsibilities appear in dedicated rows.,common/technology/technologies/30_tech3a_society.txt,common/technology/technologies/30_tech3a_society.txt,NO_CHANGE,Active Era I-VI Society definition at HEAD ed8351d5.,TECH3A_IMPLEMENTED_TECH_INDEX.csv;TECH_TREE_1700_1836_INTEGRATED_V1.csv;30_tech3a_society.txt,,
mass_circulation_press,era_6,NEW_CUSTOM,NONE,NONE,technology_coverage,technology_audit,mass_circulation_press,definition=mass_circulation_press,mass_circulation_press,STRUCTURAL_ONLY,NO_ACTION_REQUIRED,,,,,mass_circulation_press,NOT_APPLICABLE_NO_DIRECT_EFFECT,No exact vanilla gameplay responsibility is demonstrated; no synthetic bonus is warranted.,common/technology/technologies/30_tech3a_society.txt,common/technology/technologies/30_tech3a_society.txt,NO_CHANGE,Active Era I-VI Society definition at HEAD ed8351d5.,TECH3A_IMPLEMENTED_TECH_INDEX.csv;TECH_TREE_1700_1836_INTEGRATED_V1.csv;30_tech3a_society.txt,,
liberal_constitutionalism,era_6,NEW_CUSTOM,NONE,NONE,technology_coverage,technology_audit,liberal_constitutionalism,definition=liberal_constitutionalism,liberal_constitutionalism,STRUCTURAL_ONLY,NO_ACTION_REQUIRED,,,,,liberal_constitutionalism,NOT_APPLICABLE_NO_DIRECT_EFFECT,No exact vanilla gameplay responsibility is demonstrated; no synthetic bonus is warranted.,common/technology/technologies/30_tech3a_society.txt,common/technology/technologies/30_tech3a_society.txt,NO_CHANGE,Active Era I-VI Society definition at HEAD ed8351d5.,TECH3A_IMPLEMENTED_TECH_INDEX.csv;TECH_TREE_1700_1836_INTEGRATED_V1.csv;30_tech3a_society.txt,,
labor_movement,era_6,VANILLA_RETIME,state_expected_sol_from_literacy=1;country_institution_workplace_safety_max_investment_add=3;country_agitator_slots_add=1;on_researched=labour_movement_researched,labor_movement,technology_coverage,technology_audit,labor_movement,definition=labor_movement,labor_movement,KEEP_CURRENT,NO_CHANGE,,,,,labor_movement,KEEP_ON_CURRENT_TECH,Preserved ID/current definition keeps demonstrated responsibilities.,common/technology/technologies/30_tech3a_society.txt,common/technology/technologies/30_tech3a_society.txt,NO_CHANGE,Active Era I-VI Society definition at HEAD ed8351d5.,TECH3A_IMPLEMENTED_TECH_INDEX.csv;TECH_TREE_1700_1836_INTEGRATED_V1.csv;30_tech3a_society.txt,,
early_socialism_cooperativism,era_6,VANILLA_RETIME_NEW_ID,NONE,anarchism;dialectics;socialism,technology_coverage,technology_audit,early_socialism_cooperativism,definition=early_socialism_cooperativism,early_socialism_cooperativism,STRUCTURAL_ONLY,NO_ACTION_REQUIRED,,,,,early_socialism_cooperativism,NOT_APPLICABLE_NO_DIRECT_EFFECT,No exact pre-1836 vanilla responsibility is demonstrated; mature socialism/anarchism/dialectics content remains post-1836 and the node remains structural.,common/technology/technologies/30_tech3a_society.txt,common/technology/technologies/30_tech3a_society.txt,NO_CHANGE,No exact pre-1836 vanilla responsibility is demonstrated; mature socialism/anarchism/dialectics content remains post-1836 and the node remains structural.,TECH_SOCIETY_1700_1836_V1.csv;TECH_TREE_1700_1836_INTEGRATED_V1.csv;effective HEAD,TECH6B1-R final design resolution: no gameplay invented.,
organized_elementary_schooling,era_3,NEW_CUSTOM_WITH_TRANSFERRED_RESPONSIBILITIES,NONE,academia;empiricism;rationalism,institution_modifier,modifier,country_institution_schools_max_investment_add,rationalism.modifier,organized_elementary_schooling,TRANSFER_REQUIRED,ADD_EXACT_EFFECT_TO_TARGET_WITHOUT_BLOCK_DUPLICATION,rationalism,country_institution_schools_max_investment_add,1,common/technology/technologies/90_tech3a_vanilla_post1836_compatibility.txt:rationalism,organized_elementary_schooling,TRANSFER_TO_NEW_TECH,Education-system capacity.,C:/Games/Victoria 3/game/common/technology/technologies/30_society.txt,common/technology/technologies/30_tech3a_society.txt,EXISTING_MOD_FILE,Vanilla 1.13.9 rationalism line 49: country_institution_schools_max_investment_add=1.,TECH2H_VANILLA_SPLIT_UNLOCK_MATRIX.csv;TECH_TREE_1700_1836_INTEGRATED_V1.csv;vanilla 1.13.9,,
organized_elementary_schooling,era_3,NEW_CUSTOM_WITH_TRANSFERRED_RESPONSIBILITIES,NONE,academia;empiricism;rationalism,state_modifier,modifier,state_education_access_wealth_add,rationalism.modifier,organized_elementary_schooling,TRANSFER_REQUIRED,ADD_EXACT_EFFECT_TO_TARGET_WITHOUT_BLOCK_DUPLICATION,rationalism,state_education_access_wealth_add,0.01,common/technology/technologies/90_tech3a_vanilla_post1836_compatibility.txt:rationalism,organized_elementary_schooling,TRANSFER_TO_NEW_TECH,Education access.,C:/Games/Victoria 3/game/common/technology/technologies/30_society.txt,common/technology/technologies/30_tech3a_society.txt,EXISTING_MOD_FILE,Vanilla 1.13.9 rationalism line 50: state_education_access_wealth_add=0.01.,TECH2H_VANILLA_SPLIT_UNLOCK_MATRIX.csv;TECH_TREE_1700_1836_INTEGRATED_V1.csv;vanilla 1.13.9,,
professional_civil_policing,era_6,VANILLA_RETIME_NEW_ID,NONE,law_enforcement;tech_bureaucracy;central_archives,institution_modifier,modifier,country_institution_police_max_investment_add,tech_bureaucracy.modifier,professional_civil_policing,TRANSFER_REQUIRED,ADD_EXACT_EFFECT_TO_TARGET_WITHOUT_BLOCK_DUPLICATION,tech_bureaucracy,country_institution_police_max_investment_add,2,common/technology/technologies/90_tech3a_vanilla_post1836_compatibility.txt:tech_bureaucracy,professional_civil_policing,TRANSFER_TO_NEW_TECH,Police institution capacity.,C:/Games/Victoria 3/game/common/technology/technologies/30_society.txt,common/technology/technologies/30_tech3a_society.txt,EXISTING_MOD_FILE,Vanilla 1.13.9 tech_bureaucracy line 67: country_institution_police_max_investment_add=2.,TECH2H_VANILLA_SPLIT_UNLOCK_MATRIX.csv;TECH_TREE_1700_1836_INTEGRATED_V1.csv;vanilla 1.13.9,,
constitutional_government,era_4,VANILLA_SPLIT,NONE,democracy,institution_modifier,modifier,country_institution_social_security_max_investment_add,democracy.modifier,constitutional_government,TRANSFER_REQUIRED,ADD_EXACT_EFFECT_TO_TARGET_WITHOUT_BLOCK_DUPLICATION,democracy,country_institution_social_security_max_investment_add,2,common/technology/technologies/90_tech3a_vanilla_post1836_compatibility.txt:democracy,constitutional_government,TRANSFER_TO_NEW_TECH,Exact TECH2H assignment.,C:/Games/Victoria 3/game/common/technology/technologies/30_society.txt,common/technology/technologies/30_tech3a_society.txt,EXISTING_MOD_FILE,Vanilla 1.13.9 democracy line 109: country_institution_social_security_max_investment_add=2.,TECH2H_VANILLA_SPLIT_UNLOCK_MATRIX.csv;TECH_TREE_1700_1836_INTEGRATED_V1.csv;vanilla 1.13.9,,
systematic_administrative_statistics,era_2,VANILLA_SPLIT,NONE,central_archives;tech_bureaucracy,state_modifier,modifier,state_tax_capacity_add,centralization.modifier,systematic_administrative_statistics,TRANSFER_REQUIRED,ADD_EXACT_EFFECT_TO_TARGET_WITHOUT_BLOCK_DUPLICATION,centralization,state_tax_capacity_add,25,common/technology/technologies/90_tech3a_vanilla_post1836_compatibility.txt:centralization,systematic_administrative_statistics,TRANSFER_TO_NEW_TECH,Administrative capacity.,C:/Games/Victoria 3/game/common/technology/technologies/30_society.txt,common/technology/technologies/30_tech3a_society.txt,EXISTING_MOD_FILE,Vanilla 1.13.9 centralization line 164: state_tax_capacity_add=25.,TECH2H_VANILLA_SPLIT_UNLOCK_MATRIX.csv;TECH_TREE_1700_1836_INTEGRATED_V1.csv;vanilla 1.13.9,,
systematic_administrative_statistics,era_2,VANILLA_SPLIT,NONE,central_archives;tech_bureaucracy,institution_modifier,modifier,country_institution_home_affairs_max_investment_add,centralization.modifier,systematic_administrative_statistics,TRANSFER_REQUIRED,ADD_EXACT_EFFECT_TO_TARGET_WITHOUT_BLOCK_DUPLICATION,centralization,country_institution_home_affairs_max_investment_add,1,common/technology/technologies/90_tech3a_vanilla_post1836_compatibility.txt:centralization,systematic_administrative_statistics,TRANSFER_TO_NEW_TECH,First home-affairs level.,C:/Games/Victoria 3/game/common/technology/technologies/30_society.txt,common/technology/technologies/30_tech3a_society.txt,EXISTING_MOD_FILE,Vanilla 1.13.9 centralization line 165: country_institution_home_affairs_max_investment_add=1.,TECH2H_VANILLA_SPLIT_UNLOCK_MATRIX.csv;TECH_TREE_1700_1836_INTEGRATED_V1.csv;vanilla 1.13.9,,
systematic_administrative_statistics,era_2,VANILLA_SPLIT,NONE,central_archives;tech_bureaucracy,state_modifier,modifier,state_incorporation_speed_mult,centralization.modifier,systematic_administrative_statistics,TRANSFER_REQUIRED,ADD_EXACT_EFFECT_TO_TARGET_WITHOUT_BLOCK_DUPLICATION,centralization,state_incorporation_speed_mult,0.05,common/technology/technologies/90_tech3a_vanilla_post1836_compatibility.txt:centralization,systematic_administrative_statistics,TRANSFER_TO_NEW_TECH,Administrative incorporation.,C:/Games/Victoria 3/game/common/technology/technologies/30_society.txt,common/technology/technologies/30_tech3a_society.txt,EXISTING_MOD_FILE,Vanilla 1.13.9 centralization line 166: state_incorporation_speed_mult=0.05.,TECH2H_VANILLA_SPLIT_UNLOCK_MATRIX.csv;TECH_TREE_1700_1836_INTEGRATED_V1.csv;vanilla 1.13.9,,
stock_exchange,era_1,VANILLA_MERGE,state_market_access_price_impact=0.1,corporate_charters;joint_stock_companies;stock_exchange,country_modifier,modifier,country_max_companies_add,corporate_charters.modifier,stock_exchange,TRANSFER_REQUIRED,ADD_EXACT_EFFECT_TO_TARGET_WITHOUT_BLOCK_DUPLICATION,corporate_charters,country_max_companies_add,1,common/technology/technologies/90_tech3a_vanilla_post1836_compatibility.txt:corporate_charters,stock_exchange,TRANSFER_TO_NEW_TECH,MERGE company capacity.,C:/Games/Victoria 3/game/common/technology/technologies/30_society.txt,common/technology/technologies/30_tech3a_society.txt,EXISTING_MOD_FILE,Vanilla 1.13.9 corporate_charters line 189: country_max_companies_add=1.,TECH2H_VANILLA_SPLIT_UNLOCK_MATRIX.csv;TECH_TREE_1700_1836_INTEGRATED_V1.csv;vanilla 1.13.9,,
stock_exchange,era_1,VANILLA_MERGE,state_market_access_price_impact=0.1,corporate_charters;joint_stock_companies;stock_exchange,country_modifier,modifier,country_free_charters_add,corporate_charters.modifier,stock_exchange,TRANSFER_REQUIRED,ADD_EXACT_EFFECT_TO_TARGET_WITHOUT_BLOCK_DUPLICATION,corporate_charters,country_free_charters_add,2,common/technology/technologies/90_tech3a_vanilla_post1836_compatibility.txt:corporate_charters,stock_exchange,TRANSFER_TO_NEW_TECH,MERGE charter capacity.,C:/Games/Victoria 3/game/common/technology/technologies/30_society.txt,common/technology/technologies/30_tech3a_society.txt,EXISTING_MOD_FILE,Vanilla 1.13.9 corporate_charters line 190: country_free_charters_add=2.,TECH2H_VANILLA_SPLIT_UNLOCK_MATRIX.csv;TECH_TREE_1700_1836_INTEGRATED_V1.csv;vanilla 1.13.9,,
institutionalized_public_credit,era_1,VANILLA_SPLIT,NONE,banking;central_banking,country_modifier,modifier,country_minting_mult,banking.modifier,institutionalized_public_credit,TRANSFER_REQUIRED,ADD_EXACT_EFFECT_TO_TARGET_WITHOUT_BLOCK_DUPLICATION,banking,country_minting_mult,0.1,common/technology/technologies/90_tech3a_vanilla_post1836_compatibility.txt:banking,institutionalized_public_credit,TRANSFER_TO_NEW_TECH,First public-credit tier.,C:/Games/Victoria 3/game/common/technology/technologies/30_society.txt,common/technology/technologies/30_tech3a_society.txt,EXISTING_MOD_FILE,Vanilla 1.13.9 banking line 208: country_minting_mult=0.1.,TECH2H_VANILLA_SPLIT_UNLOCK_MATRIX.csv;TECH_TREE_1700_1836_INTEGRATED_V1.csv;vanilla 1.13.9,,
institutionalized_public_credit,era_1,VANILLA_SPLIT,NONE,banking;central_banking,country_modifier,modifier,country_loan_interest_rate_add,banking.modifier,institutionalized_public_credit,TRANSFER_REQUIRED,ADD_EXACT_EFFECT_TO_TARGET_WITHOUT_BLOCK_DUPLICATION,banking,country_loan_interest_rate_add,-0.02,common/technology/technologies/90_tech3a_vanilla_post1836_compatibility.txt:banking,institutionalized_public_credit,TRANSFER_TO_NEW_TECH,First public-credit tier.,C:/Games/Victoria 3/game/common/technology/technologies/30_society.txt,common/technology/technologies/30_tech3a_society.txt,EXISTING_MOD_FILE,Vanilla 1.13.9 banking line 209: country_loan_interest_rate_add=-0.02.,TECH2H_VANILLA_SPLIT_UNLOCK_MATRIX.csv;TECH_TREE_1700_1836_INTEGRATED_V1.csv;vanilla 1.13.9,,
institutionalized_public_credit,era_1,VANILLA_SPLIT,NONE,banking;central_banking,state_modifier,modifier,state_max_trade_advantage_from_capacity_add,banking.modifier,institutionalized_public_credit,TRANSFER_REQUIRED,ADD_EXACT_EFFECT_TO_TARGET_WITHOUT_BLOCK_DUPLICATION,banking,state_max_trade_advantage_from_capacity_add,0.05,common/technology/technologies/90_tech3a_vanilla_post1836_compatibility.txt:banking,institutionalized_public_credit,TRANSFER_TO_NEW_TECH,First public-credit tier.,C:/Games/Victoria 3/game/common/technology/technologies/30_society.txt,common/technology/technologies/30_tech3a_society.txt,EXISTING_MOD_FILE,Vanilla 1.13.9 banking line 210: state_max_trade_advantage_from_capacity_add=0.05.,TECH2H_VANILLA_SPLIT_UNLOCK_MATRIX.csv;TECH_TREE_1700_1836_INTEGRATED_V1.csv;vanilla 1.13.9,,
organized_elementary_schooling,era_3,NEW_CUSTOM_WITH_TRANSFERRED_RESPONSIBILITIES,NONE,academia;empiricism;rationalism,state_modifier,modifier,state_education_access_wealth_add,academia.modifier,organized_elementary_schooling,TRANSFER_REQUIRED,ADD_EXACT_EFFECT_TO_TARGET_WITHOUT_BLOCK_DUPLICATION,academia,state_education_access_wealth_add,0.005,common/technology/technologies/90_tech3a_vanilla_post1836_compatibility.txt:academia,organized_elementary_schooling,TRANSFER_TO_NEW_TECH,Academia education-access responsibility.,C:/Games/Victoria 3/game/common/technology/technologies/30_society.txt,common/technology/technologies/30_tech3a_society.txt,EXISTING_MOD_FILE,Vanilla 1.13.9 academia line 229: state_education_access_wealth_add=0.005.,TECH2H_VANILLA_SPLIT_UNLOCK_MATRIX.csv;TECH_TREE_1700_1836_INTEGRATED_V1.csv;vanilla 1.13.9,,
colonization,era_4,VANILLA_REWIRE_PRESERVED_ID,country_institution_colonial_affairs_max_investment_add=2;country_infamy_generation_against_unrecognized_mult=-0.1,colonization,institution_modifier,modifier,country_institution_colonial_affairs_max_investment_add,colonization.modifier,colonization,KEEP_CURRENT,NO_CHANGE,colonization,country_institution_colonial_affairs_max_investment_add,2,common/technology/technologies/30_tech3a_society.txt:colonization,colonization,KEEP_ON_CURRENT_TECH,Canonical colonization responsibility.,C:/Games/Victoria 3/game/common/technology/technologies/30_society.txt,common/technology/technologies/30_tech3a_society.txt,NO_CHANGE,Vanilla 1.13.9 colonization line 250: country_institution_colonial_affairs_max_investment_add=2.,TECH2H_VANILLA_SPLIT_UNLOCK_MATRIX.csv;TECH_TREE_1700_1836_INTEGRATED_V1.csv;vanilla 1.13.9,,
colonization,era_4,VANILLA_REWIRE_PRESERVED_ID,country_institution_colonial_affairs_max_investment_add=2;country_infamy_generation_against_unrecognized_mult=-0.1,colonization,country_modifier,modifier,country_infamy_generation_against_unrecognized_mult,colonization.modifier,colonization,KEEP_CURRENT,NO_CHANGE,colonization,country_infamy_generation_against_unrecognized_mult,-0.1,common/technology/technologies/30_tech3a_society.txt:colonization,colonization,KEEP_ON_CURRENT_TECH,Canonical colonization responsibility.,C:/Games/Victoria 3/game/common/technology/technologies/30_society.txt,common/technology/technologies/30_tech3a_society.txt,NO_CHANGE,Vanilla 1.13.9 colonization line 251: country_infamy_generation_against_unrecognized_mult=-0.1.,TECH2H_VANILLA_SPLIT_UNLOCK_MATRIX.csv;TECH_TREE_1700_1836_INTEGRATED_V1.csv;vanilla 1.13.9,,
professional_civil_policing,era_6,VANILLA_RETIME_NEW_ID,NONE,law_enforcement;tech_bureaucracy;central_archives,institution_modifier,modifier,country_institution_police_max_investment_add,law_enforcement.modifier,professional_civil_policing,TRANSFER_REQUIRED,ADD_EXACT_EFFECT_TO_TARGET_WITHOUT_BLOCK_DUPLICATION,law_enforcement,country_institution_police_max_investment_add,1,common/technology/technologies/90_tech3a_vanilla_post1836_compatibility.txt:law_enforcement,professional_civil_policing,TRANSFER_TO_NEW_TECH,Retimed policing capacity.,C:/Games/Victoria 3/game/common/technology/technologies/30_society.txt,common/technology/technologies/30_tech3a_society.txt,EXISTING_MOD_FILE,Vanilla 1.13.9 law_enforcement line 284: country_institution_police_max_investment_add=1.,TECH2H_VANILLA_SPLIT_UNLOCK_MATRIX.csv;TECH_TREE_1700_1836_INTEGRATED_V1.csv;vanilla 1.13.9,,
stock_exchange,era_1,VANILLA_MERGE,state_market_access_price_impact=0.1,corporate_charters;joint_stock_companies;stock_exchange,state_modifier,modifier,state_market_access_price_impact,stock_exchange.modifier,stock_exchange,KEEP_CURRENT,NO_CHANGE,stock_exchange,state_market_access_price_impact,0.1,common/technology/technologies/30_tech3a_society.txt:stock_exchange,stock_exchange,KEEP_ON_CURRENT_TECH,Already retained.,C:/Games/Victoria 3/game/common/technology/technologies/30_society.txt,common/technology/technologies/30_tech3a_society.txt,NO_CHANGE,Vanilla 1.13.9 stock_exchange line 303: state_market_access_price_impact=0.1.,TECH2H_VANILLA_SPLIT_UNLOCK_MATRIX.csv;TECH_TREE_1700_1836_INTEGRATED_V1.csv;vanilla 1.13.9,,
medical_degrees,era_3,VANILLA_RETIME,country_institution_health_system_max_investment_add=1,medical_degrees;modern_nursing;psychiatry,institution_modifier,modifier,country_institution_health_system_max_investment_add,medical_degrees.modifier,medical_degrees,KEEP_CURRENT,NO_CHANGE,medical_degrees,country_institution_health_system_max_investment_add,1,common/technology/technologies/30_tech3a_society.txt:medical_degrees,medical_degrees,KEEP_ON_CURRENT_TECH,Already retained.,C:/Games/Victoria 3/game/common/technology/technologies/30_society.txt,common/technology/technologies/30_tech3a_society.txt,NO_CHANGE,Vanilla 1.13.9 medical_degrees line 322: country_institution_health_system_max_investment_add=1.,TECH2H_VANILLA_SPLIT_UNLOCK_MATRIX.csv;TECH_TREE_1700_1836_INTEGRATED_V1.csv;vanilla 1.13.9,,
periodical_print_networks,era_1,VANILLA_SPLIT,NONE,mass_communication,country_modifier,modifier,country_authority_mult,mass_communication.modifier,periodical_print_networks,TRANSFER_REQUIRED,ADD_EXACT_EFFECT_TO_TARGET_WITHOUT_BLOCK_DUPLICATION,mass_communication,country_authority_mult,0.1,common/technology/technologies/90_tech3a_vanilla_post1836_compatibility.txt:mass_communication,periodical_print_networks,TRANSFER_TO_NEW_TECH,TECH2H mass-communication assignment.,C:/Games/Victoria 3/game/common/technology/technologies/30_society.txt,common/technology/technologies/30_tech3a_society.txt,EXISTING_MOD_FILE,Vanilla 1.13.9 mass_communication line 340: country_authority_mult=0.1.,TECH2H_VANILLA_SPLIT_UNLOCK_MATRIX.csv;TECH_TREE_1700_1836_INTEGRATED_V1.csv;vanilla 1.13.9,,
periodical_print_networks,era_1,VANILLA_SPLIT,NONE,mass_communication,country_modifier,modifier,country_voting_power_mult,mass_communication.modifier,periodical_print_networks,TRANSFER_REQUIRED,ADD_EXACT_EFFECT_TO_TARGET_WITHOUT_BLOCK_DUPLICATION,mass_communication,country_voting_power_mult,0.1,common/technology/technologies/90_tech3a_vanilla_post1836_compatibility.txt:mass_communication,periodical_print_networks,TRANSFER_TO_NEW_TECH,TECH2H mass-communication assignment.,C:/Games/Victoria 3/game/common/technology/technologies/30_society.txt,common/technology/technologies/30_tech3a_society.txt,EXISTING_MOD_FILE,Vanilla 1.13.9 mass_communication line 341: country_voting_power_mult=0.1.,TECH2H_VANILLA_SPLIT_UNLOCK_MATRIX.csv;TECH_TREE_1700_1836_INTEGRATED_V1.csv;vanilla 1.13.9,,
institutionalized_scientific_exchange,era_1,VANILLA_SPLIT,NONE,academia;empiricism,country_modifier,modifier,country_influence_mult,empiricism.modifier,institutionalized_scientific_exchange,TRANSFER_REQUIRED,ADD_EXACT_EFFECT_TO_TARGET_WITHOUT_BLOCK_DUPLICATION,empiricism,country_influence_mult,0.25,common/technology/technologies/90_tech3a_vanilla_post1836_compatibility.txt:empiricism,institutionalized_scientific_exchange,TRANSFER_TO_NEW_TECH,TECH2H scientific-exchange assignment.,C:/Games/Victoria 3/game/common/technology/technologies/30_society.txt,common/technology/technologies/30_tech3a_society.txt,EXISTING_MOD_FILE,Vanilla 1.13.9 empiricism line 360: country_influence_mult=0.25.,TECH2H_VANILLA_SPLIT_UNLOCK_MATRIX.csv;TECH_TREE_1700_1836_INTEGRATED_V1.csv;vanilla 1.13.9,,
institutionalized_scientific_exchange,era_1,VANILLA_SPLIT,NONE,academia;empiricism,country_modifier,modifier,country_diplomatic_play_maneuvers_mult,empiricism.modifier,institutionalized_scientific_exchange,TRANSFER_REQUIRED,ADD_EXACT_EFFECT_TO_TARGET_WITHOUT_BLOCK_DUPLICATION,empiricism,country_diplomatic_play_maneuvers_mult,0.25,common/technology/technologies/90_tech3a_vanilla_post1836_compatibility.txt:empiricism,institutionalized_scientific_exchange,TRANSFER_TO_NEW_TECH,TECH2H scientific-exchange assignment.,C:/Games/Victoria 3/game/common/technology/technologies/30_society.txt,common/technology/technologies/30_tech3a_society.txt,EXISTING_MOD_FILE,Vanilla 1.13.9 empiricism line 361: country_diplomatic_play_maneuvers_mult=0.25.,TECH2H_VANILLA_SPLIT_UNLOCK_MATRIX.csv;TECH_TREE_1700_1836_INTEGRATED_V1.csv;vanilla 1.13.9,,
organized_elementary_schooling,era_3,NEW_CUSTOM_WITH_TRANSFERRED_RESPONSIBILITIES,NONE,academia;empiricism;rationalism,institution_modifier,modifier,country_institution_schools_max_investment_add,empiricism.modifier,organized_elementary_schooling,TRANSFER_REQUIRED,ADD_EXACT_EFFECT_TO_TARGET_WITHOUT_BLOCK_DUPLICATION,empiricism,country_institution_schools_max_investment_add,1,common/technology/technologies/90_tech3a_vanilla_post1836_compatibility.txt:empiricism,organized_elementary_schooling,TRANSFER_TO_NEW_TECH,School institution capacity.,C:/Games/Victoria 3/game/common/technology/technologies/30_society.txt,common/technology/technologies/30_tech3a_society.txt,EXISTING_MOD_FILE,Vanilla 1.13.9 empiricism line 362: country_institution_schools_max_investment_add=1.,TECH2H_VANILLA_SPLIT_UNLOCK_MATRIX.csv;TECH_TREE_1700_1836_INTEGRATED_V1.csv;vanilla 1.13.9,,
organized_elementary_schooling,era_3,NEW_CUSTOM_WITH_TRANSFERRED_RESPONSIBILITIES,NONE,academia;empiricism;rationalism,state_modifier,modifier,state_education_access_wealth_add,empiricism.modifier,organized_elementary_schooling,TRANSFER_REQUIRED,ADD_EXACT_EFFECT_TO_TARGET_WITHOUT_BLOCK_DUPLICATION,empiricism,state_education_access_wealth_add,0.005,common/technology/technologies/90_tech3a_vanilla_post1836_compatibility.txt:empiricism,organized_elementary_schooling,TRANSFER_TO_NEW_TECH,Education access.,C:/Games/Victoria 3/game/common/technology/technologies/30_society.txt,common/technology/technologies/30_tech3a_society.txt,EXISTING_MOD_FILE,Vanilla 1.13.9 empiricism line 363: state_education_access_wealth_add=0.005.,TECH2H_VANILLA_SPLIT_UNLOCK_MATRIX.csv;TECH_TREE_1700_1836_INTEGRATED_V1.csv;vanilla 1.13.9,,
human_rights,era_4,VANILLA_RETIME,country_institution_social_security_max_investment_add=1,egalitarianism;feminism;human_rights,state_modifier,modifier,state_expected_sol_from_literacy,egalitarianism.modifier,human_rights,TRANSFER_REQUIRED,ADD_EXACT_EFFECT_TO_TARGET_WITHOUT_BLOCK_DUPLICATION,egalitarianism,state_expected_sol_from_literacy,1,common/technology/technologies/90_tech3a_vanilla_post1836_compatibility.txt:egalitarianism,human_rights,TRANSFER_TO_NEW_TECH,Non-coercive rights-discourse effect.,C:/Games/Victoria 3/game/common/technology/technologies/30_society.txt,common/technology/technologies/30_tech3a_society.txt,EXISTING_MOD_FILE,Vanilla 1.13.9 egalitarianism line 387: state_expected_sol_from_literacy=1.,TECH2H_VANILLA_SPLIT_UNLOCK_MATRIX.csv;TECH_TREE_1700_1836_INTEGRATED_V1.csv;vanilla 1.13.9,,
human_rights,era_4,VANILLA_RETIME,country_institution_social_security_max_investment_add=1,egalitarianism;feminism;human_rights,institution_modifier,modifier,country_institution_social_security_max_investment_add,egalitarianism.modifier,human_rights,TRANSFER_REQUIRED,ADD_EXACT_EFFECT_TO_TARGET_WITHOUT_BLOCK_DUPLICATION,egalitarianism,country_institution_social_security_max_investment_add,1,common/technology/technologies/90_tech3a_vanilla_post1836_compatibility.txt:egalitarianism,human_rights,TRANSFER_TO_NEW_TECH,Aggregate with retained human_rights +1.,C:/Games/Victoria 3/game/common/technology/technologies/30_society.txt,common/technology/technologies/30_tech3a_society.txt,EXISTING_MOD_FILE,Vanilla 1.13.9 egalitarianism line 388: country_institution_social_security_max_investment_add=1.,TECH2H_VANILLA_SPLIT_UNLOCK_MATRIX.csv;TECH_TREE_1700_1836_INTEGRATED_V1.csv;vanilla 1.13.9,,
active_principle_pharmacy,era_5,VANILLA_SPLIT,NONE,pharmaceuticals;quinine,institution_modifier,modifier,country_institution_health_system_max_investment_add,pharmaceuticals.modifier,active_principle_pharmacy,TRANSFER_REQUIRED,ADD_EXACT_EFFECT_TO_TARGET_WITHOUT_BLOCK_DUPLICATION,pharmaceuticals,country_institution_health_system_max_investment_add,1,common/technology/technologies/90_tech3a_vanilla_post1836_compatibility.txt:pharmaceuticals,active_principle_pharmacy,TRANSFER_TO_NEW_TECH,TECH2H assignment.,C:/Games/Victoria 3/game/common/technology/technologies/30_society.txt,common/technology/technologies/30_tech3a_society.txt,EXISTING_MOD_FILE,Vanilla 1.13.9 pharmaceuticals line 438: country_institution_health_system_max_investment_add=1.,TECH2H_VANILLA_SPLIT_UNLOCK_MATRIX.csv;TECH_TREE_1700_1836_INTEGRATED_V1.csv;vanilla 1.13.9,,
active_principle_pharmacy,era_5,VANILLA_SPLIT,NONE,pharmaceuticals;quinine,state_modifier,modifier,state_harvest_condition_disease_outbreak_impact_mult,pharmaceuticals.modifier,active_principle_pharmacy,TRANSFER_REQUIRED,ADD_EXACT_EFFECT_TO_TARGET_WITHOUT_BLOCK_DUPLICATION,pharmaceuticals,state_harvest_condition_disease_outbreak_impact_mult,-0.2,common/technology/technologies/90_tech3a_vanilla_post1836_compatibility.txt:pharmaceuticals,active_principle_pharmacy,TRANSFER_TO_NEW_TECH,TECH2H assignment.,C:/Games/Victoria 3/game/common/technology/technologies/30_society.txt,common/technology/technologies/30_tech3a_society.txt,EXISTING_MOD_FILE,Vanilla 1.13.9 pharmaceuticals line 439: state_harvest_condition_disease_outbreak_impact_mult=-0.2.,TECH2H_VANILLA_SPLIT_UNLOCK_MATRIX.csv;TECH_TREE_1700_1836_INTEGRATED_V1.csv;vanilla 1.13.9,,
active_principle_pharmacy,era_5,VANILLA_SPLIT,NONE,pharmaceuticals;quinine,institution_modifier,modifier,country_institution_colonial_affairs_max_investment_add,quinine.modifier,active_principle_pharmacy,DEFER_POST1836,DEFER_OR_REVIEW,quinine,country_institution_colonial_affairs_max_investment_add,1,common/technology/technologies/90_tech3a_vanilla_post1836_compatibility.txt:quinine,active_principle_pharmacy,DEFER_TO_OTHER_SYSTEM,Keep on mature quinine.,C:/Games/Victoria 3/game/common/technology/technologies/30_society.txt,common/technology/technologies/90_tech3a_vanilla_post1836_compatibility.txt,DEFER,Vanilla 1.13.9 quinine line 481: country_institution_colonial_affairs_max_investment_add=1.,TECH2H_VANILLA_SPLIT_UNLOCK_MATRIX.csv;TECH_TREE_1700_1836_INTEGRATED_V1.csv;vanilla 1.13.9,,
active_principle_pharmacy,era_5,VANILLA_SPLIT,NONE,pharmaceuticals;quinine,institution_modifier,modifier,country_institution_health_system_max_investment_add,quinine.modifier,active_principle_pharmacy,DEFER_POST1836,DEFER_OR_REVIEW,quinine,country_institution_health_system_max_investment_add,1,common/technology/technologies/90_tech3a_vanilla_post1836_compatibility.txt:quinine,active_principle_pharmacy,DEFER_TO_OTHER_SYSTEM,Keep on mature quinine.,C:/Games/Victoria 3/game/common/technology/technologies/30_society.txt,common/technology/technologies/90_tech3a_vanilla_post1836_compatibility.txt,DEFER,Vanilla 1.13.9 quinine line 482: country_institution_health_system_max_investment_add=1.,TECH2H_VANILLA_SPLIT_UNLOCK_MATRIX.csv;TECH_TREE_1700_1836_INTEGRATED_V1.csv;vanilla 1.13.9,,
systematic_administrative_statistics,era_2,VANILLA_SPLIT,NONE,central_archives;tech_bureaucracy,state_modifier,modifier,state_tax_capacity_add,central_archives.modifier,systematic_administrative_statistics,TRANSFER_REQUIRED,ADD_EXACT_EFFECT_TO_TARGET_WITHOUT_BLOCK_DUPLICATION,central_archives,state_tax_capacity_add,25,common/technology/technologies/90_tech3a_vanilla_post1836_compatibility.txt:central_archives,systematic_administrative_statistics,TRANSFER_TO_NEW_TECH,TECH2H early administrative owner.,C:/Games/Victoria 3/game/common/technology/technologies/30_society.txt,common/technology/technologies/30_tech3a_society.txt,EXISTING_MOD_FILE,Vanilla 1.13.9 central_archives line 545: state_tax_capacity_add=25.,TECH2H_VANILLA_SPLIT_UNLOCK_MATRIX.csv;TECH_TREE_1700_1836_INTEGRATED_V1.csv;vanilla 1.13.9,,
central_statistical_offices,era_5,VANILLA_KEEP_CONCEPT_NEW_ID,NONE,central_archives;military_statistics,institution_modifier,modifier,country_institution_home_affairs_max_investment_add,central_archives.modifier,central_statistical_offices,TRANSFER_REQUIRED,ADD_EXACT_EFFECT_TO_TARGET_WITHOUT_BLOCK_DUPLICATION,central_archives,country_institution_home_affairs_max_investment_add,1,common/technology/technologies/90_tech3a_vanilla_post1836_compatibility.txt:central_archives,central_statistical_offices,TRANSFER_TO_NEW_TECH,TECH2H later statistics owner.,C:/Games/Victoria 3/game/common/technology/technologies/30_society.txt,common/technology/technologies/30_tech3a_society.txt,EXISTING_MOD_FILE,Vanilla 1.13.9 central_archives line 546: country_institution_home_affairs_max_investment_add=1.,TECH2H_VANILLA_SPLIT_UNLOCK_MATRIX.csv;TECH_TREE_1700_1836_INTEGRATED_V1.csv;vanilla 1.13.9,,
systematic_administrative_statistics,era_2,VANILLA_SPLIT,NONE,central_archives;tech_bureaucracy,state_modifier,modifier,state_incorporation_speed_mult,central_archives.modifier,systematic_administrative_statistics,TRANSFER_REQUIRED,ADD_EXACT_EFFECT_TO_TARGET_WITHOUT_BLOCK_DUPLICATION,central_archives,state_incorporation_speed_mult,0.05,common/technology/technologies/90_tech3a_vanilla_post1836_compatibility.txt:central_archives,systematic_administrative_statistics,TRANSFER_TO_NEW_TECH,TECH2H early administrative owner.,C:/Games/Victoria 3/game/common/technology/technologies/30_society.txt,common/technology/technologies/30_tech3a_society.txt,EXISTING_MOD_FILE,Vanilla 1.13.9 central_archives line 547: state_incorporation_speed_mult=0.05.,TECH2H_VANILLA_SPLIT_UNLOCK_MATRIX.csv;TECH_TREE_1700_1836_INTEGRATED_V1.csv;vanilla 1.13.9,,
institutionalized_public_credit,era_1,VANILLA_SPLIT,NONE,banking;central_banking,country_modifier,modifier,country_minting_mult,central_banking.modifier,institutionalized_public_credit,TRANSFER_REQUIRED,ADD_EXACT_EFFECT_TO_TARGET_WITHOUT_BLOCK_DUPLICATION,central_banking,country_minting_mult,0.1,common/technology/technologies/90_tech3a_vanilla_post1836_compatibility.txt:central_banking,institutionalized_public_credit,TRANSFER_TO_NEW_TECH,Second public-credit tier; aggregate to 0.2.,C:/Games/Victoria 3/game/common/technology/technologies/30_society.txt,common/technology/technologies/30_tech3a_society.txt,EXISTING_MOD_FILE,Vanilla 1.13.9 central_banking line 598: country_minting_mult=0.1.,TECH2H_VANILLA_SPLIT_UNLOCK_MATRIX.csv;TECH_TREE_1700_1836_INTEGRATED_V1.csv;vanilla 1.13.9,,
institutionalized_public_credit,era_1,VANILLA_SPLIT,NONE,banking;central_banking,country_modifier,modifier,country_loan_interest_rate_add,central_banking.modifier,institutionalized_public_credit,TRANSFER_REQUIRED,ADD_EXACT_EFFECT_TO_TARGET_WITHOUT_BLOCK_DUPLICATION,central_banking,country_loan_interest_rate_add,-0.02,common/technology/technologies/90_tech3a_vanilla_post1836_compatibility.txt:central_banking,institutionalized_public_credit,TRANSFER_TO_NEW_TECH,Second tier; aggregate to -0.04.,C:/Games/Victoria 3/game/common/technology/technologies/30_society.txt,common/technology/technologies/30_tech3a_society.txt,EXISTING_MOD_FILE,Vanilla 1.13.9 central_banking line 599: country_loan_interest_rate_add=-0.02.,TECH2H_VANILLA_SPLIT_UNLOCK_MATRIX.csv;TECH_TREE_1700_1836_INTEGRATED_V1.csv;vanilla 1.13.9,,
institutionalized_public_credit,era_1,VANILLA_SPLIT,NONE,banking;central_banking,state_modifier,modifier,state_max_trade_advantage_from_capacity_add,central_banking.modifier,institutionalized_public_credit,TRANSFER_REQUIRED,ADD_EXACT_EFFECT_TO_TARGET_WITHOUT_BLOCK_DUPLICATION,central_banking,state_max_trade_advantage_from_capacity_add,0.05,common/technology/technologies/90_tech3a_vanilla_post1836_compatibility.txt:central_banking,institutionalized_public_credit,TRANSFER_TO_NEW_TECH,Second tier; aggregate to 0.1.,C:/Games/Victoria 3/game/common/technology/technologies/30_society.txt,common/technology/technologies/30_tech3a_society.txt,EXISTING_MOD_FILE,Vanilla 1.13.9 central_banking line 600: state_max_trade_advantage_from_capacity_add=0.05.,TECH2H_VANILLA_SPLIT_UNLOCK_MATRIX.csv;TECH_TREE_1700_1836_INTEGRATED_V1.csv;vanilla 1.13.9,,
stock_exchange,era_1,VANILLA_MERGE,state_market_access_price_impact=0.1,corporate_charters;joint_stock_companies;stock_exchange,country_modifier,modifier,country_max_companies_add,joint_stock_companies.modifier,stock_exchange,TRANSFER_REQUIRED,ADD_EXACT_EFFECT_TO_TARGET_WITHOUT_BLOCK_DUPLICATION,joint_stock_companies,country_max_companies_add,1,common/technology/technologies/90_tech3a_vanilla_post1836_compatibility.txt:joint_stock_companies,stock_exchange,TRANSFER_TO_NEW_TECH,MERGE; aggregate company capacity to +2.,C:/Games/Victoria 3/game/common/technology/technologies/30_society.txt,common/technology/technologies/30_tech3a_society.txt,EXISTING_MOD_FILE,Vanilla 1.13.9 joint_stock_companies line 618: country_max_companies_add=1.,TECH2H_VANILLA_SPLIT_UNLOCK_MATRIX.csv;TECH_TREE_1700_1836_INTEGRATED_V1.csv;vanilla 1.13.9,,joint_stock_companies is now visible and researchable in era_6; it is not a hidden redistribution source.
stock_exchange,era_1,VANILLA_MERGE,state_market_access_price_impact=0.1,corporate_charters;joint_stock_companies;stock_exchange,state_modifier,modifier,state_urbanization_per_level_mult,joint_stock_companies.modifier,stock_exchange,TRANSFER_REQUIRED,ADD_EXACT_EFFECT_TO_TARGET_WITHOUT_BLOCK_DUPLICATION,joint_stock_companies,state_urbanization_per_level_mult,-0.1,common/technology/technologies/90_tech3a_vanilla_post1836_compatibility.txt:joint_stock_companies,stock_exchange,TRANSFER_TO_NEW_TECH,Capital-market MERGE responsibility.,C:/Games/Victoria 3/game/common/technology/technologies/30_society.txt,common/technology/technologies/30_tech3a_society.txt,EXISTING_MOD_FILE,Vanilla 1.13.9 joint_stock_companies line 619: state_urbanization_per_level_mult=-0.1.,TECH2H_VANILLA_SPLIT_UNLOCK_MATRIX.csv;TECH_TREE_1700_1836_INTEGRATED_V1.csv;vanilla 1.13.9,,joint_stock_companies is now visible and researchable in era_6; it is not a hidden redistribution source.
early_socialism_cooperativism,era_6,VANILLA_RETIME_NEW_ID,NONE,anarchism;dialectics;socialism,institution_modifier,modifier,country_institution_schools_max_investment_add,dialectics.modifier,,DEFER_POST1836,DEFER,dialectics,country_institution_schools_max_investment_add,1,common/technology/technologies/90_tech3a_vanilla_post1836_compatibility.txt:dialectics,,DEFER_TO_OTHER_SYSTEM,The dialectics education-capacity effect has no demonstrated pre-1836 owner and is not transferred to early_socialism_cooperativism.,C:/Games/Victoria 3/game/common/technology/technologies/30_society.txt,common/technology/technologies/90_tech3a_vanilla_post1836_compatibility.txt,DEFER,TECH2H assigns the dialectics university PM elsewhere but contains no assignment for this modifier; the compatibility dialectics node is post-1836.,TECH2H_VANILLA_SPLIT_UNLOCK_MATRIX.csv;TECH_TREE_1700_1836_INTEGRATED_V1.csv;vanilla 1.13.9,Future post-1836 design must choose an owner; TECH6B2 excludes this row.,
medical_degrees,era_3,VANILLA_RETIME,country_institution_health_system_max_investment_add=1,medical_degrees;modern_nursing;psychiatry,country_modifier,modifier,country_influence_mult,psychiatry.modifier,,DEFER_POST1836,DEFER,psychiatry,country_influence_mult,0.25,common/technology/technologies/90_tech3a_vanilla_post1836_compatibility.txt:psychiatry,,DEFER_TO_OTHER_SYSTEM,Diplomatic influence has no medical or other exact pre-1836 destination in the frozen design. It remains a post-1836 responsibility.,C:/Games/Victoria 3/game/common/technology/technologies/30_society.txt,common/technology/technologies/90_tech3a_vanilla_post1836_compatibility.txt,DEFER,Vanilla psychiatry owns the exact value; TECH2H and both Society design authorities provide no exact transfer.,TECH2H_VANILLA_SPLIT_UNLOCK_MATRIX.csv;TECH_SOCIETY_1700_1836_V1.csv;TECH_TREE_1700_1836_INTEGRATED_V1.csv;vanilla 1.13.9,Not transferred to medical_degrees.,
medical_degrees,era_3,VANILLA_RETIME,country_institution_health_system_max_investment_add=1,medical_degrees;modern_nursing;psychiatry,country_modifier,modifier,country_diplomatic_play_maneuvers_mult,psychiatry.modifier,,DEFER_POST1836,DEFER,psychiatry,country_diplomatic_play_maneuvers_mult,0.25,common/technology/technologies/90_tech3a_vanilla_post1836_compatibility.txt:psychiatry,,DEFER_TO_OTHER_SYSTEM,Diplomatic-play maneuvers have no medical or other exact pre-1836 destination in the frozen design. It remains a post-1836 responsibility.,C:/Games/Victoria 3/game/common/technology/technologies/30_society.txt,common/technology/technologies/90_tech3a_vanilla_post1836_compatibility.txt,DEFER,Vanilla psychiatry owns the exact value; TECH2H and both Society design authorities provide no exact transfer.,TECH2H_VANILLA_SPLIT_UNLOCK_MATRIX.csv;TECH_SOCIETY_1700_1836_V1.csv;TECH_TREE_1700_1836_INTEGRATED_V1.csv;vanilla 1.13.9,Not transferred to medical_degrees.,
medical_degrees,era_3,VANILLA_RETIME,country_institution_health_system_max_investment_add=1,medical_degrees;modern_nursing;psychiatry,state_modifier,modifier,state_bureaucracy_population_base_cost_factor_mult,psychiatry.modifier,,DEFER_POST1836,DEFER,psychiatry,state_bureaucracy_population_base_cost_factor_mult,-0.05,common/technology/technologies/90_tech3a_vanilla_post1836_compatibility.txt:psychiatry,,DEFER_TO_OTHER_SYSTEM,"The bureaucracy population-cost effect could suggest statistics or medicine, but neither destination is explicitly frozen. It remains a post-1836 responsibility.",C:/Games/Victoria 3/game/common/technology/technologies/30_society.txt,common/technology/technologies/90_tech3a_vanilla_post1836_compatibility.txt,DEFER,Vanilla psychiatry owns the exact value; TECH2H and both Society design authorities provide no exact transfer.,TECH2H_VANILLA_SPLIT_UNLOCK_MATRIX.csv;TECH_SOCIETY_1700_1836_V1.csv;TECH_TREE_1700_1836_INTEGRATED_V1.csv;vanilla 1.13.9,Not transferred to medical_degrees.,
national_sovereignty,era_4,VANILLA_SPLIT,NONE,nationalism;pan-nationalism,country_modifier,modifier,country_authority_mult,nationalism.modifier,national_sovereignty,DEFER_POST1836,DEFER_OR_REVIEW,nationalism,country_authority_mult,0.1,common/technology/technologies/90_tech3a_vanilla_post1836_compatibility.txt:nationalism,national_sovereignty,DEFER_TO_OTHER_SYSTEM,Keep mass-nationalism effect post-1836.,C:/Games/Victoria 3/game/common/technology/technologies/30_society.txt,common/technology/technologies/90_tech3a_vanilla_post1836_compatibility.txt,DEFER,Vanilla 1.13.9 nationalism line 699: country_authority_mult=0.1.,TECH2H_VANILLA_SPLIT_UNLOCK_MATRIX.csv;TECH_TREE_1700_1836_INTEGRATED_V1.csv;vanilla 1.13.9,,
national_sovereignty,era_4,VANILLA_SPLIT,NONE,nationalism;pan-nationalism,country_modifier,modifier,country_voting_power_mult,nationalism.modifier,national_sovereignty,DEFER_POST1836,DEFER_OR_REVIEW,nationalism,country_voting_power_mult,0.1,common/technology/technologies/90_tech3a_vanilla_post1836_compatibility.txt:nationalism,national_sovereignty,DEFER_TO_OTHER_SYSTEM,Keep mass-nationalism effect post-1836.,C:/Games/Victoria 3/game/common/technology/technologies/30_society.txt,common/technology/technologies/90_tech3a_vanilla_post1836_compatibility.txt,DEFER,Vanilla 1.13.9 nationalism line 700: country_voting_power_mult=0.1.,TECH2H_VANILLA_SPLIT_UNLOCK_MATRIX.csv;TECH_TREE_1700_1836_INTEGRATED_V1.csv;vanilla 1.13.9,,
labor_movement,era_6,VANILLA_RETIME,state_expected_sol_from_literacy=1;country_institution_workplace_safety_max_investment_add=3;country_agitator_slots_add=1;on_researched=labour_movement_researched,labor_movement,state_modifier,modifier,state_expected_sol_from_literacy,labor_movement.modifier,labor_movement,KEEP_CURRENT,NO_CHANGE,labor_movement,state_expected_sol_from_literacy,1,common/technology/technologies/30_tech3a_society.txt:labor_movement,labor_movement,KEEP_ON_CURRENT_TECH,Already retained.,C:/Games/Victoria 3/game/common/technology/technologies/30_society.txt,common/technology/technologies/30_tech3a_society.txt,NO_CHANGE,Vanilla 1.13.9 labor_movement line 760: state_expected_sol_from_literacy=1.,TECH2H_VANILLA_SPLIT_UNLOCK_MATRIX.csv;TECH_TREE_1700_1836_INTEGRATED_V1.csv;vanilla 1.13.9,,
labor_movement,era_6,VANILLA_RETIME,state_expected_sol_from_literacy=1;country_institution_workplace_safety_max_investment_add=3;country_agitator_slots_add=1;on_researched=labour_movement_researched,labor_movement,institution_modifier,modifier,country_institution_workplace_safety_max_investment_add,labor_movement.modifier,labor_movement,KEEP_CURRENT,NO_CHANGE,labor_movement,country_institution_workplace_safety_max_investment_add,3,common/technology/technologies/30_tech3a_society.txt:labor_movement,labor_movement,KEEP_ON_CURRENT_TECH,Already retained.,C:/Games/Victoria 3/game/common/technology/technologies/30_society.txt,common/technology/technologies/30_tech3a_society.txt,NO_CHANGE,Vanilla 1.13.9 labor_movement line 761: country_institution_workplace_safety_max_investment_add=3.,TECH2H_VANILLA_SPLIT_UNLOCK_MATRIX.csv;TECH_TREE_1700_1836_INTEGRATED_V1.csv;vanilla 1.13.9,,
labor_movement,era_6,VANILLA_RETIME,state_expected_sol_from_literacy=1;country_institution_workplace_safety_max_investment_add=3;country_agitator_slots_add=1;on_researched=labour_movement_researched,labor_movement,country_modifier,modifier,country_agitator_slots_add,labor_movement.modifier,labor_movement,KEEP_CURRENT,NO_CHANGE,labor_movement,country_agitator_slots_add,1,common/technology/technologies/30_tech3a_society.txt:labor_movement,labor_movement,KEEP_ON_CURRENT_TECH,Already retained.,C:/Games/Victoria 3/game/common/technology/technologies/30_society.txt,common/technology/technologies/30_tech3a_society.txt,NO_CHANGE,Vanilla 1.13.9 labor_movement line 762: country_agitator_slots_add=1.,TECH2H_VANILLA_SPLIT_UNLOCK_MATRIX.csv;TECH_TREE_1700_1836_INTEGRATED_V1.csv;vanilla 1.13.9,,
postal_savings,era_5,VANILLA_RETIME,state_farmers/state_shopkeepers/state_bureaucrats/state_engineers/state_machinists investment_pool_efficiency_mult=0.15;building_cash_reserves_mult=0.2,mutual_funds;postal_savings,state_modifier,modifier,state_farmers_investment_pool_efficiency_mult,postal_savings.modifier,postal_savings,KEEP_CURRENT,NO_CHANGE,postal_savings,state_farmers_investment_pool_efficiency_mult,0.15,common/technology/technologies/30_tech3a_society.txt:postal_savings,postal_savings,KEEP_ON_CURRENT_TECH,Already retained.,C:/Games/Victoria 3/game/common/technology/technologies/30_society.txt,common/technology/technologies/30_tech3a_society.txt,NO_CHANGE,Vanilla 1.13.9 postal_savings line 802: state_farmers_investment_pool_efficiency_mult=0.15.,TECH2H_VANILLA_SPLIT_UNLOCK_MATRIX.csv;TECH_TREE_1700_1836_INTEGRATED_V1.csv;vanilla 1.13.9,,
postal_savings,era_5,VANILLA_RETIME,state_farmers/state_shopkeepers/state_bureaucrats/state_engineers/state_machinists investment_pool_efficiency_mult=0.15;building_cash_reserves_mult=0.2,mutual_funds;postal_savings,state_modifier,modifier,state_shopkeepers_investment_pool_efficiency_mult,postal_savings.modifier,postal_savings,KEEP_CURRENT,NO_CHANGE,postal_savings,state_shopkeepers_investment_pool_efficiency_mult,0.15,common/technology/technologies/30_tech3a_society.txt:postal_savings,postal_savings,KEEP_ON_CURRENT_TECH,Already retained.,C:/Games/Victoria 3/game/common/technology/technologies/30_society.txt,common/technology/technologies/30_tech3a_society.txt,NO_CHANGE,Vanilla 1.13.9 postal_savings line 803: state_shopkeepers_investment_pool_efficiency_mult=0.15.,TECH2H_VANILLA_SPLIT_UNLOCK_MATRIX.csv;TECH_TREE_1700_1836_INTEGRATED_V1.csv;vanilla 1.13.9,,
postal_savings,era_5,VANILLA_RETIME,state_farmers/state_shopkeepers/state_bureaucrats/state_engineers/state_machinists investment_pool_efficiency_mult=0.15;building_cash_reserves_mult=0.2,mutual_funds;postal_savings,state_modifier,modifier,state_bureaucrats_investment_pool_efficiency_mult,postal_savings.modifier,postal_savings,KEEP_CURRENT,NO_CHANGE,postal_savings,state_bureaucrats_investment_pool_efficiency_mult,0.15,common/technology/technologies/30_tech3a_society.txt:postal_savings,postal_savings,KEEP_ON_CURRENT_TECH,Already retained.,C:/Games/Victoria 3/game/common/technology/technologies/30_society.txt,common/technology/technologies/30_tech3a_society.txt,NO_CHANGE,Vanilla 1.13.9 postal_savings line 804: state_bureaucrats_investment_pool_efficiency_mult=0.15.,TECH2H_VANILLA_SPLIT_UNLOCK_MATRIX.csv;TECH_TREE_1700_1836_INTEGRATED_V1.csv;vanilla 1.13.9,,
postal_savings,era_5,VANILLA_RETIME,state_farmers/state_shopkeepers/state_bureaucrats/state_engineers/state_machinists investment_pool_efficiency_mult=0.15;building_cash_reserves_mult=0.2,mutual_funds;postal_savings,state_modifier,modifier,state_engineers_investment_pool_efficiency_mult,postal_savings.modifier,postal_savings,KEEP_CURRENT,NO_CHANGE,postal_savings,state_engineers_investment_pool_efficiency_mult,0.15,common/technology/technologies/30_tech3a_society.txt:postal_savings,postal_savings,KEEP_ON_CURRENT_TECH,Already retained.,C:/Games/Victoria 3/game/common/technology/technologies/30_society.txt,common/technology/technologies/30_tech3a_society.txt,NO_CHANGE,Vanilla 1.13.9 postal_savings line 805: state_engineers_investment_pool_efficiency_mult=0.15.,TECH2H_VANILLA_SPLIT_UNLOCK_MATRIX.csv;TECH_TREE_1700_1836_INTEGRATED_V1.csv;vanilla 1.13.9,,
postal_savings,era_5,VANILLA_RETIME,state_farmers/state_shopkeepers/state_bureaucrats/state_engineers/state_machinists investment_pool_efficiency_mult=0.15;building_cash_reserves_mult=0.2,mutual_funds;postal_savings,state_modifier,modifier,state_machinists_investment_pool_efficiency_mult,postal_savings.modifier,postal_savings,KEEP_CURRENT,NO_CHANGE,postal_savings,state_machinists_investment_pool_efficiency_mult,0.15,common/technology/technologies/30_tech3a_society.txt:postal_savings,postal_savings,KEEP_ON_CURRENT_TECH,Already retained.,C:/Games/Victoria 3/game/common/technology/technologies/30_society.txt,common/technology/technologies/30_tech3a_society.txt,NO_CHANGE,Vanilla 1.13.9 postal_savings line 806: state_machinists_investment_pool_efficiency_mult=0.15.,TECH2H_VANILLA_SPLIT_UNLOCK_MATRIX.csv;TECH_TREE_1700_1836_INTEGRATED_V1.csv;vanilla 1.13.9,,
postal_savings,era_5,VANILLA_RETIME,state_farmers/state_shopkeepers/state_bureaucrats/state_engineers/state_machinists investment_pool_efficiency_mult=0.15;building_cash_reserves_mult=0.2,mutual_funds;postal_savings,building_modifier,modifier,building_cash_reserves_mult,postal_savings.modifier,postal_savings,KEEP_CURRENT,NO_CHANGE,postal_savings,building_cash_reserves_mult,0.2,common/technology/technologies/30_tech3a_society.txt:postal_savings,postal_savings,KEEP_ON_CURRENT_TECH,Already retained.,C:/Games/Victoria 3/game/common/technology/technologies/30_society.txt,common/technology/technologies/30_tech3a_society.txt,NO_CHANGE,Vanilla 1.13.9 postal_savings line 807: building_cash_reserves_mult=0.2.,TECH2H_VANILLA_SPLIT_UNLOCK_MATRIX.csv;TECH_TREE_1700_1836_INTEGRATED_V1.csv;vanilla 1.13.9,,
human_rights,era_4,VANILLA_RETIME,country_institution_social_security_max_investment_add=1,egalitarianism;feminism;human_rights,institution_modifier,modifier,country_institution_social_security_max_investment_add,human_rights.modifier,human_rights,KEEP_CURRENT,NO_CHANGE,human_rights,country_institution_social_security_max_investment_add,1,common/technology/technologies/30_tech3a_society.txt:human_rights,human_rights,KEEP_ON_CURRENT_TECH,Retained base; aggregate target becomes +2.,C:/Games/Victoria 3/game/common/technology/technologies/30_society.txt,common/technology/technologies/30_tech3a_society.txt,NO_CHANGE,Vanilla 1.13.9 human_rights line 832: country_institution_social_security_max_investment_add=1.,TECH2H_VANILLA_SPLIT_UNLOCK_MATRIX.csv;TECH_TREE_1700_1836_INTEGRATED_V1.csv;vanilla 1.13.9,,
human_rights,era_4,VANILLA_RETIME,country_institution_social_security_max_investment_add=1,egalitarianism;feminism;human_rights,institution_modifier,modifier,country_institution_social_security_max_investment_add,feminism.modifier,human_rights,DEFER_POST1836,DEFER_OR_REVIEW,feminism,country_institution_social_security_max_investment_add,1,common/technology/technologies/90_tech3a_vanilla_post1836_compatibility.txt:feminism,human_rights,DEFER_TO_OTHER_SYSTEM,Keep on post-1836 feminism.,C:/Games/Victoria 3/game/common/technology/technologies/30_society.txt,common/technology/technologies/90_tech3a_vanilla_post1836_compatibility.txt,DEFER,Vanilla 1.13.9 feminism line 900: country_institution_social_security_max_investment_add=1.,TECH2H_VANILLA_SPLIT_UNLOCK_MATRIX.csv;TECH_TREE_1700_1836_INTEGRATED_V1.csv;vanilla 1.13.9,,
optical_telegraph_networks,era_4,VANILLA_KEEP_CONCEPT_NEW_ID,NONE,electric_telegraph,country_modifier,modifier,country_war_exhaustion_casualties_mult,electric_telegraph.modifier,optical_telegraph_networks,DEFER_TECH6C,DEFER_OR_REVIEW,electric_telegraph,country_war_exhaustion_casualties_mult,-0.25,common/technology/technologies/90_tech3a_vanilla_post1836_compatibility.txt:electric_telegraph,optical_telegraph_networks,DEFER_TO_OTHER_SYSTEM,Military effect.,C:/Games/Victoria 3/game/common/technology/technologies/20_military.txt,common/technology/technologies/90_tech3a_vanilla_post1836_compatibility.txt,DEFER,Vanilla 1.13.9 electric_telegraph line 481: country_war_exhaustion_casualties_mult=-0.25.,TECH2H_VANILLA_SPLIT_UNLOCK_MATRIX.csv;TECH_TREE_1700_1836_INTEGRATED_V1.csv;vanilla 1.13.9,,
central_statistical_offices,era_5,VANILLA_KEEP_CONCEPT_NEW_ID,NONE,central_archives;military_statistics,building_modifier,modifier,military_formation_organization_gain_mult,military_statistics.modifier,central_statistical_offices,DEFER_TECH6C,DEFER_OR_REVIEW,military_statistics,military_formation_organization_gain_mult,0.2,common/technology/technologies/90_tech3a_vanilla_post1836_compatibility.txt:military_statistics,central_statistical_offices,DEFER_TO_OTHER_SYSTEM,Military effect.,C:/Games/Victoria 3/game/common/technology/technologies/20_military.txt,common/technology/technologies/90_tech3a_vanilla_post1836_compatibility.txt,DEFER,Vanilla 1.13.9 military_statistics line 507: military_formation_organization_gain_mult=0.2.,TECH2H_VANILLA_SPLIT_UNLOCK_MATRIX.csv;TECH_TREE_1700_1836_INTEGRATED_V1.csv;vanilla 1.13.9,,
early_socialism_cooperativism,era_6,VANILLA_RETIME_NEW_ID,NONE,anarchism;dialectics;socialism,state_modifier,modifier,state_expected_sol_from_literacy,socialism.modifier,early_socialism_cooperativism,DEFER_POST1836,DEFER_OR_REVIEW,socialism,state_expected_sol_from_literacy,1,common/technology/technologies/90_tech3a_vanilla_post1836_compatibility.txt:socialism,early_socialism_cooperativism,DEFER_TO_OTHER_SYSTEM,Keep mature socialism post-1836.,C:/Games/Victoria 3/game/common/technology/technologies/30_society.txt,common/technology/technologies/90_tech3a_vanilla_post1836_compatibility.txt,DEFER,Vanilla 1.13.9 socialism line 1031: state_expected_sol_from_literacy=1.,TECH2H_VANILLA_SPLIT_UNLOCK_MATRIX.csv;TECH_TREE_1700_1836_INTEGRATED_V1.csv;vanilla 1.13.9,,
early_socialism_cooperativism,era_6,VANILLA_RETIME_NEW_ID,NONE,anarchism;dialectics;socialism,institution_modifier,modifier,country_institution_workplace_safety_max_investment_add,socialism.modifier,early_socialism_cooperativism,DEFER_POST1836,DEFER_OR_REVIEW,socialism,country_institution_workplace_safety_max_investment_add,2,common/technology/technologies/90_tech3a_vanilla_post1836_compatibility.txt:socialism,early_socialism_cooperativism,DEFER_TO_OTHER_SYSTEM,Keep mature socialism post-1836.,C:/Games/Victoria 3/game/common/technology/technologies/30_society.txt,common/technology/technologies/90_tech3a_vanilla_post1836_compatibility.txt,DEFER,Vanilla 1.13.9 socialism line 1032: country_institution_workplace_safety_max_investment_add=2.,TECH2H_VANILLA_SPLIT_UNLOCK_MATRIX.csv;TECH_TREE_1700_1836_INTEGRATED_V1.csv;vanilla 1.13.9,,
national_sovereignty,era_4,VANILLA_SPLIT,NONE,nationalism;pan-nationalism,country_modifier,modifier,country_authority_mult,pan-nationalism.modifier,national_sovereignty,DEFER_POST1836,DEFER_OR_REVIEW,pan-nationalism,country_authority_mult,0.1,common/technology/technologies/90_tech3a_vanilla_post1836_compatibility.txt:pan-nationalism,national_sovereignty,DEFER_TO_OTHER_SYSTEM,Keep post-1836.,C:/Games/Victoria 3/game/common/technology/technologies/30_society.txt,common/technology/technologies/90_tech3a_vanilla_post1836_compatibility.txt,DEFER,Vanilla 1.13.9 pan-nationalism line 1188: country_authority_mult=0.1.,TECH2H_VANILLA_SPLIT_UNLOCK_MATRIX.csv;TECH_TREE_1700_1836_INTEGRATED_V1.csv;vanilla 1.13.9,,
national_sovereignty,era_4,VANILLA_SPLIT,NONE,nationalism;pan-nationalism,country_modifier,modifier,country_support_separatism_strength_mult,pan-nationalism.modifier,national_sovereignty,DEFER_POST1836,DEFER_OR_REVIEW,pan-nationalism,country_support_separatism_strength_mult,0.25,common/technology/technologies/90_tech3a_vanilla_post1836_compatibility.txt:pan-nationalism,national_sovereignty,DEFER_TO_OTHER_SYSTEM,Keep post-1836.,C:/Games/Victoria 3/game/common/technology/technologies/30_society.txt,common/technology/technologies/90_tech3a_vanilla_post1836_compatibility.txt,DEFER,Vanilla 1.13.9 pan-nationalism line 1189: country_support_separatism_strength_mult=0.25.,TECH2H_VANILLA_SPLIT_UNLOCK_MATRIX.csv;TECH_TREE_1700_1836_INTEGRATED_V1.csv;vanilla 1.13.9,,
national_sovereignty,era_4,VANILLA_SPLIT,NONE,nationalism;pan-nationalism,country_modifier,modifier,country_voting_power_mult,pan-nationalism.modifier,national_sovereignty,DEFER_POST1836,DEFER_OR_REVIEW,pan-nationalism,country_voting_power_mult,0.1,common/technology/technologies/90_tech3a_vanilla_post1836_compatibility.txt:pan-nationalism,national_sovereignty,DEFER_TO_OTHER_SYSTEM,Keep post-1836.,C:/Games/Victoria 3/game/common/technology/technologies/30_society.txt,common/technology/technologies/90_tech3a_vanilla_post1836_compatibility.txt,DEFER,Vanilla 1.13.9 pan-nationalism line 1190: country_voting_power_mult=0.1.,TECH2H_VANILLA_SPLIT_UNLOCK_MATRIX.csv;TECH_TREE_1700_1836_INTEGRATED_V1.csv;vanilla 1.13.9,,
postal_savings,era_5,VANILLA_RETIME,state_farmers/state_shopkeepers/state_bureaucrats/state_engineers/state_machinists investment_pool_efficiency_mult=0.15;building_cash_reserves_mult=0.2,mutual_funds;postal_savings,country_modifier,modifier,country_minting_mult,mutual_funds.modifier,postal_savings,DEFER_POST1836,DEFER_OR_REVIEW,mutual_funds,country_minting_mult,0.1,common/technology/technologies/90_tech3a_vanilla_post1836_compatibility.txt:mutual_funds,postal_savings,DEFER_TO_OTHER_SYSTEM,Keep mature successor.,C:/Games/Victoria 3/game/common/technology/technologies/30_society.txt,common/technology/technologies/90_tech3a_vanilla_post1836_compatibility.txt,DEFER,Vanilla 1.13.9 mutual_funds line 1225: country_minting_mult=0.1.,TECH2H_VANILLA_SPLIT_UNLOCK_MATRIX.csv;TECH_TREE_1700_1836_INTEGRATED_V1.csv;vanilla 1.13.9,,
postal_savings,era_5,VANILLA_RETIME,state_farmers/state_shopkeepers/state_bureaucrats/state_engineers/state_machinists investment_pool_efficiency_mult=0.15;building_cash_reserves_mult=0.2,mutual_funds;postal_savings,country_modifier,modifier,country_loan_interest_rate_add,mutual_funds.modifier,postal_savings,DEFER_POST1836,DEFER_OR_REVIEW,mutual_funds,country_loan_interest_rate_add,-0.02,common/technology/technologies/90_tech3a_vanilla_post1836_compatibility.txt:mutual_funds,postal_savings,DEFER_TO_OTHER_SYSTEM,Keep mature successor.,C:/Games/Victoria 3/game/common/technology/technologies/30_society.txt,common/technology/technologies/90_tech3a_vanilla_post1836_compatibility.txt,DEFER,Vanilla 1.13.9 mutual_funds line 1226: country_loan_interest_rate_add=-0.02.,TECH2H_VANILLA_SPLIT_UNLOCK_MATRIX.csv;TECH_TREE_1700_1836_INTEGRATED_V1.csv;vanilla 1.13.9,,
postal_savings,era_5,VANILLA_RETIME,state_farmers/state_shopkeepers/state_bureaucrats/state_engineers/state_machinists investment_pool_efficiency_mult=0.15;building_cash_reserves_mult=0.2,mutual_funds;postal_savings,state_modifier,modifier,state_max_trade_advantage_from_capacity_add,mutual_funds.modifier,postal_savings,DEFER_POST1836,DEFER_OR_REVIEW,mutual_funds,state_max_trade_advantage_from_capacity_add,0.05,common/technology/technologies/90_tech3a_vanilla_post1836_compatibility.txt:mutual_funds,postal_savings,DEFER_TO_OTHER_SYSTEM,Keep mature successor.,C:/Games/Victoria 3/game/common/technology/technologies/30_society.txt,common/technology/technologies/90_tech3a_vanilla_post1836_compatibility.txt,DEFER,Vanilla 1.13.9 mutual_funds line 1227: state_max_trade_advantage_from_capacity_add=0.05.,TECH2H_VANILLA_SPLIT_UNLOCK_MATRIX.csv;TECH_TREE_1700_1836_INTEGRATED_V1.csv;vanilla 1.13.9,,
central_statistical_offices,era_5,VANILLA_KEEP_CONCEPT_NEW_ID,NONE,central_archives;military_statistics,on_researched,scripted_effect,central_archives.on_researched,on_researched on central_archives,central_statistical_offices,TRANSFER_REQUIRED,MOVE_EXACT_BLOCK,central_archives,on_researched,EXACT_BLOCK,common/technology/technologies/90_tech3a_vanilla_post1836_compatibility.txt:central_archives,central_statistical_offices,TRANSFER_TO_NEW_TECH,Move exact modernizer-movement creation block.,C:/Games/Victoria 3/game/common/technology/technologies/30_society.txt,common/technology/technologies/30_tech3a_society.txt,EXISTING_MOD_FILE,Vanilla/current central_archives on_researched block inspected.,vanilla 1.13.9;TECH2H;Society design,,
human_rights,era_4,VANILLA_RETIME,country_institution_social_security_max_investment_add=1,egalitarianism;feminism;human_rights,on_researched,scripted_effect,egalitarianism.on_researched,on_researched on egalitarianism,,DEFER_POST1836,DEFER_EXACT_INDISIBLE_BLOCK,egalitarianism,on_researched,EXACT_BLOCK,common/technology/technologies/90_tech3a_vanilla_post1836_compatibility.txt:egalitarianism,,DEFER_TO_OTHER_SYSTEM,The indivisible block enrolls countries in je_springtime_of_the_peoples and belongs to later mass politics; it is not transferred to human_rights.,C:/Games/Victoria 3/game/common/technology/technologies/30_society.txt,common/technology/technologies/90_tech3a_vanilla_post1836_compatibility.txt,DEFER,Vanilla egalitarianism.on_researched only manages je_springtime_of_the_peoples involvement.,vanilla 1.13.9;TECH_SOCIETY_1700_1836_V1.csv;Society design principles,Keep block indivisible for future post-1836 resolution.,
human_rights,era_4,VANILLA_RETIME,country_institution_social_security_max_investment_add=1,egalitarianism;feminism;human_rights,on_researched,scripted_effect,feminism.on_researched,on_researched on feminism,human_rights,DEFER_POST1836,NO_CHANGE_OR_REVIEW,feminism,on_researched,EXACT_BLOCK,common/technology/technologies/90_tech3a_vanilla_post1836_compatibility.txt:feminism,human_rights,DEFER_TO_OTHER_SYSTEM,Keep ideology amendment post-1836.,C:/Games/Victoria 3/game/common/technology/technologies/30_society.txt,common/technology/technologies/90_tech3a_vanilla_post1836_compatibility.txt,DEFER,Vanilla/current feminism on_researched block inspected.,vanilla 1.13.9;TECH2H;Society design,,
labor_movement,era_6,VANILLA_RETIME,state_expected_sol_from_literacy=1;country_institution_workplace_safety_max_investment_add=3;country_agitator_slots_add=1;on_researched=labour_movement_researched,labor_movement,on_researched,scripted_effect,labor_movement.on_researched,on_researched on labor_movement,labor_movement,KEEP_CURRENT,NO_CHANGE_OR_REVIEW,labor_movement,on_researched,EXACT_BLOCK,common/technology/technologies/30_tech3a_society.txt,labor_movement,KEEP_ON_CURRENT_TECH,Global variable effect already retained.,C:/Games/Victoria 3/game/common/technology/technologies/30_society.txt,common/technology/technologies/90_tech3a_vanilla_post1836_compatibility.txt,NO_CHANGE,Vanilla/current labor_movement on_researched block inspected.,vanilla 1.13.9;TECH2H;Society design,,
early_socialism_cooperativism,era_6,VANILLA_RETIME_NEW_ID,NONE,anarchism;dialectics;socialism,on_researched,scripted_effect,socialism.on_researched,on_researched on socialism,early_socialism_cooperativism,DEFER_POST1836,NO_CHANGE_OR_REVIEW,socialism,on_researched,EXACT_BLOCK,common/technology/technologies/90_tech3a_vanilla_post1836_compatibility.txt:socialism,early_socialism_cooperativism,DEFER_TO_OTHER_SYSTEM,Keep socialist ideology activation post-1836.,C:/Games/Victoria 3/game/common/technology/technologies/30_society.txt,common/technology/technologies/90_tech3a_vanilla_post1836_compatibility.txt,DEFER,Vanilla/current socialism on_researched block inspected.,vanilla 1.13.9;TECH2H;Society design,,
institutionalized_scientific_exchange,era_1,VANILLA_SPLIT,NONE,academia;empiricism,building,building,building_university,academia,institutionalized_scientific_exchange,ALREADY_HANDLED_BY_TECH5,NO_CHANGE,academia,,,common/buildings/07_government.txt,institutionalized_scientific_exchange,DEFER_TO_OTHER_SYSTEM,TECH5 already transferred the gate.,common/buildings/07_government.txt,common/buildings/07_government.txt,NO_CHANGE,TECH5 already transferred the gate.,TECH5B1R2_SAME_PATH_TRANSFER_LOG.csv,,
systematic_administrative_statistics,era_2,VANILLA_SPLIT,NONE,central_archives;tech_bureaucracy,building,building,building_government_administration,tech_bureaucracy,systematic_administrative_statistics,ALREADY_HANDLED_BY_TECH5,NO_CHANGE,tech_bureaucracy,,,common/buildings/07_government.txt,systematic_administrative_statistics,DEFER_TO_OTHER_SYSTEM,TECH5 already transferred the gate.,common/buildings/07_government.txt,common/buildings/07_government.txt,NO_CHANGE,TECH5 already transferred the gate.,TECH5B1R2_SAME_PATH_TRANSFER_LOG.csv,,
systematic_population_registration,era_3,VANILLA_SPLIT,NONE,centralization,production_method,production_method,pm_horizontal_drawer_cabinets,centralization,systematic_population_registration,ALREADY_HANDLED_BY_TECH5,NO_CHANGE,centralization,,,common/production_methods/07_government.txt,systematic_population_registration,DEFER_TO_OTHER_SYSTEM,TECH5 already transferred the gate.,common/production_methods/07_government.txt,common/production_methods/07_government.txt,NO_CHANGE,TECH5 already transferred the gate.,TECH5B1R2_SAME_PATH_TRANSFER_LOG.csv,,
central_statistical_offices,era_5,VANILLA_KEEP_CONCEPT_NEW_ID,NONE,central_archives;military_statistics,production_method,production_method,pm_vertical_filing_cabinets,central_archives,central_statistical_offices,ALREADY_HANDLED_BY_TECH5,NO_CHANGE,central_archives,,,common/production_methods/07_government.txt,central_statistical_offices,DEFER_TO_OTHER_SYSTEM,TECH5 already transferred the gate.,common/production_methods/07_government.txt,common/production_methods/07_government.txt,NO_CHANGE,TECH5 already transferred the gate.,TECH5B1R2_SAME_PATH_TRANSFER_LOG.csv,,
codified_practical_knowledge,era_3,VANILLA_SPLIT,NONE,rationalism,production_method,production_method,pm_philosophy_department,dialectics,codified_practical_knowledge,ALREADY_HANDLED_BY_TECH5,NO_CHANGE,dialectics,,,common/production_methods/07_government.txt,codified_practical_knowledge,DEFER_TO_OTHER_SYSTEM,TECH4C4/TECH5 already fixed the gate.,common/production_methods/07_government.txt,common/production_methods/07_government.txt,NO_CHANGE,TECH4C4/TECH5 already fixed the gate.,TECH4C4_FINAL_PM_GATE_AUDIT.md,,
medical_degrees,era_3,VANILLA_RETIME,country_institution_health_system_max_investment_add=1,medical_degrees;modern_nursing;psychiatry,military_production_method,mobilization_option,mobilization_option_field_hospitals,modern_nursing,medical_degrees,DEFER_TECH6C,DEFER,modern_nursing,,,common/mobilization_options/00_mobilization_option.txt,medical_degrees,DEFER_TO_OTHER_SYSTEM,Military medical logistics is outside TECH6B1.,common/mobilization_options/00_mobilization_option.txt,common/mobilization_options/00_mobilization_option.txt,DEFER,Military medical logistics is outside TECH6B1.,scope TECH6C,,
organized_elementary_schooling,era_3,NEW_CUSTOM_WITH_TRANSFERRED_RESPONSIBILITIES,NONE,academia;empiricism;rationalism,education_laws,law,law_religious_schools;law_private_schools;law_public_schools,rationalism;academia;empiricism,organized_elementary_schooling,TRANSFER_REQUIRED,REPLACE_GATES,rationalism;academia;empiricism,,,common/laws/00_education_system.txt,organized_elementary_schooling,TRANSFER_TO_NEW_TECH,Three exact TECH2H assignments.,common/laws/00_education_system.txt,common/laws/00_education_system.txt,SAME_PATH_SHADOW,Three exact TECH2H assignments.,TECH2H_VANILLA_SPLIT_UNLOCK_MATRIX.csv,,
institutionalized_scientific_exchange,era_1,VANILLA_SPLIT,NONE,academia;empiricism,church_state_laws,law,law_total_separation;law_state_atheism,empiricism,institutionalized_scientific_exchange,TRANSFER_REQUIRED,REPLACE_GATES,empiricism,,,common/laws/00_church_and_state.txt,institutionalized_scientific_exchange,TRANSFER_TO_NEW_TECH,Exact TECH2H assignments.,common/laws/00_church_and_state.txt,common/laws/00_church_and_state.txt,SAME_PATH_SHADOW,Exact TECH2H assignments.,TECH2H_VANILLA_SPLIT_UNLOCK_MATRIX.csv,,SPLIT: law_total_separation -> liberal_constitutionalism; law_state_atheism -> socialism.
institutionalized_scientific_exchange,era_1,VANILLA_SPLIT,NONE,academia;empiricism,education_law,law,law_terakoya,academia,institutionalized_scientific_exchange,TRANSFER_REQUIRED,REPLACE_GATE,academia,,,common/laws/00_education_system.txt,institutionalized_scientific_exchange,TRANSFER_TO_NEW_TECH,Exact TECH2H assignment.,common/laws/00_education_system.txt,common/laws/00_education_system.txt,SAME_PATH_SHADOW,Exact TECH2H assignment.,TECH2H_VANILLA_SPLIT_UNLOCK_MATRIX.csv,,SUPERSEDED: law_terakoya has no unlocking_technologies.
institutionalized_scientific_exchange,era_1,VANILLA_SPLIT,NONE,academia;empiricism,party,party,liberal_party,empiricism,institutionalized_scientific_exchange,TRANSFER_REQUIRED,REPLACE_GATE,empiricism,,,common/parties/liberal_party.txt,institutionalized_scientific_exchange,TRANSFER_TO_NEW_TECH,Exact TECH2H assignment.,common/parties/liberal_party.txt,common/parties/liberal_party.txt,SAME_PATH_SHADOW,Exact TECH2H assignment.,TECH2H_VANILLA_SPLIT_UNLOCK_MATRIX.csv,,
abolitionist_mobilization,era_4,NEW_CUSTOM,NONE,empiricism:movement_anti_slavery,political_movement,political_movement,movement_anti_slavery,empiricism,abolitionist_mobilization,NEW_HOOK_REQUIRED,REPLACE_GATE,empiricism,,,common/political_movements/00_ideological_movements.txt,abolitionist_mobilization,TRANSFER_TO_NEW_TECH,Exact existing anti-slavery movement matches frozen role.,common/political_movements/00_ideological_movements.txt,common/political_movements/00_ideological_movements.txt,SAME_PATH_SHADOW,Exact existing anti-slavery movement matches frozen role.,TECH_SOCIETY_1700_1836_V1.csv;TECH_TREE_1700_1836_INTEGRATED_V1.csv;vanilla 1.13.9 + effective HEAD,,
institutionalized_public_credit,era_1,VANILLA_SPLIT,NONE,banking;central_banking,diplomacy,diplomatic_action,fund_lobbies,central_banking,institutionalized_public_credit,TRANSFER_REQUIRED,REPLACE_GATE,central_banking,,,common/diplomatic_actions/30_fund_lobby.txt,institutionalized_public_credit,TRANSFER_TO_NEW_TECH,Exact TECH2H assignment.,common/diplomatic_actions/30_fund_lobby.txt,common/diplomatic_actions/30_fund_lobby.txt,SAME_PATH_SHADOW,Exact TECH2H assignment.,TECH2H_VANILLA_SPLIT_UNLOCK_MATRIX.csv,,
institutionalized_public_credit,era_1,VANILLA_SPLIT,NONE,banking;central_banking,treaty,treaty_article,take_on_debt;money_transfer,central_banking,institutionalized_public_credit,TRANSFER_REQUIRED,REPLACE_GATES,central_banking,,,common/treaty_articles/04_take_on_debt.txt;common/treaty_articles/05_transfer_money.txt,institutionalized_public_credit,TRANSFER_TO_NEW_TECH,Exact TECH2H assignments.,common/treaty_articles/04_take_on_debt.txt;common/treaty_articles/05_transfer_money.txt,common/treaty_articles/04_take_on_debt.txt;common/treaty_articles/05_transfer_money.txt,SAME_PATH_SHADOW,Exact TECH2H assignments.,TECH2H_VANILLA_SPLIT_UNLOCK_MATRIX.csv,,
institutionalized_public_credit,era_1,VANILLA_SPLIT,NONE,banking;central_banking,decision,decision,macao_decision,central_banking,institutionalized_public_credit,STALE_ALIAS_REFERENCE,REPLACE_GATE,central_banking,,,common/decisions/goa_macao_decisions.txt,institutionalized_public_credit,TRANSFER_TO_NEW_TECH,Decision tests unresearchable central_banking.,common/decisions/goa_macao_decisions.txt,common/decisions/goa_macao_decisions.txt,SAME_PATH_SHADOW,Decision tests unresearchable central_banking.,TECH2H_VANILLA_SPLIT_UNLOCK_MATRIX.csv;vanilla 1.13.9 + effective HEAD,,
stock_exchange,era_1,VANILLA_MERGE,state_market_access_price_impact=0.1,corporate_charters;joint_stock_companies;stock_exchange,companies,company_type,company_misr;company_egyptian_rail,corporate_charters,stock_exchange,TRANSFER_REQUIRED,REPLACE_GATES,corporate_charters,,,common/company_types/00_companies_africa.txt,stock_exchange,TRANSFER_TO_NEW_TECH,Consumed MERGE source gates.,common/company_types/00_companies_africa.txt,common/company_types/00_companies_africa.txt,SAME_PATH_SHADOW,Consumed MERGE source gates.,TECH4C2_PRE1836_VANILLA_RESIDUAL_AUDIT.csv,,
stock_exchange,era_1,VANILLA_MERGE,state_market_access_price_impact=0.1,corporate_charters;joint_stock_companies;stock_exchange,companies,company_type,company_nam_dinh;company_imperial_tobacco;company_san_miguel,corporate_charters,stock_exchange,TRANSFER_REQUIRED,REPLACE_GATES,corporate_charters,,,common/company_types/00_companies_asia.txt,stock_exchange,TRANSFER_TO_NEW_TECH,Effective mod gates use consumed MERGE source.,common/company_types/00_companies_asia.txt,common/company_types/00_companies_asia.txt,EXISTING_MOD_FILE,Effective mod gates use consumed MERGE source.,TECH_SOCIETY_1700_1836_V1.csv;TECH_TREE_1700_1836_INTEGRATED_V1.csv;vanilla 1.13.9 + effective HEAD,,
stock_exchange,era_1,VANILLA_MERGE,state_market_access_price_impact=0.1,corporate_charters;joint_stock_companies;stock_exchange,companies,company_type,company_united_tobacco_factories;company_guinness;company_cgv;company_savva_morozov,corporate_charters;joint_stock_companies,stock_exchange,TRANSFER_REQUIRED,REPLACE_GATES,corporate_charters;joint_stock_companies,,,common/company_types/00_companies_ip3.txt;common/company_types/00_companies_soi.txt;common/company_types/00_companies_france.txt;common/company_types/00_companies_russia.txt,stock_exchange,TRANSFER_TO_NEW_TECH,Consumed MERGE source gates.,common/company_types/00_companies_ip3.txt;common/company_types/00_companies_soi.txt;common/company_types/00_companies_france.txt;common/company_types/00_companies_russia.txt,common/company_types/00_companies_ip3.txt;common/company_types/00_companies_soi.txt;common/company_types/00_companies_france.txt;common/company_types/00_companies_russia.txt,SAME_PATH_SHADOW,Consumed MERGE source gates.,TECH_SOCIETY_1700_1836_V1.csv;TECH_TREE_1700_1836_INTEGRATED_V1.csv;TECH4C2,,joint_stock_companies is now visible and researchable in era_6; it is not a hidden redistribution source.
stock_exchange,era_1,VANILLA_MERGE,state_market_access_price_impact=0.1,corporate_charters;joint_stock_companies;stock_exchange,treaty,treaty_article,acquire_monopoly_for_company,corporate_charters,stock_exchange,TRANSFER_REQUIRED,REPLACE_GATE,corporate_charters,,,common/treaty_articles/18_acquire_monopoly_for_company.txt,stock_exchange,TRANSFER_TO_NEW_TECH,Consumed MERGE source gate.,common/treaty_articles/18_acquire_monopoly_for_company.txt,common/treaty_articles/18_acquire_monopoly_for_company.txt,SAME_PATH_SHADOW,Consumed MERGE source gate.,TECH4C2,,
commercial_insurance_markets,era_1,VANILLA_SPLIT,NONE,international_trade,trade_diplomacy,diplomatic_action,embargo,international_trade,commercial_insurance_markets,TRANSFER_REQUIRED,REPLACE_GATE,international_trade,,,common/diplomatic_actions/13_embargo.txt,commercial_insurance_markets,TRANSFER_TO_NEW_TECH,Exact TECH2H assignment.,common/diplomatic_actions/13_embargo.txt,common/diplomatic_actions/13_embargo.txt,SAME_PATH_SHADOW,Exact TECH2H assignment.,TECH2H_VANILLA_SPLIT_UNLOCK_MATRIX.csv,,
commercial_insurance_markets,era_1,VANILLA_SPLIT,NONE,international_trade,economic_laws,law,law_laissez_faire;law_mercantilism;law_free_trade,international_trade,commercial_insurance_markets,TRANSFER_REQUIRED,REPLACE_GATES,international_trade,,,common/laws/00_economic_system.txt;common/laws/00_trade_policy.txt,commercial_insurance_markets,TRANSFER_TO_NEW_TECH,Exact TECH2H assignments.,common/laws/00_economic_system.txt;common/laws/00_trade_policy.txt,common/laws/00_economic_system.txt;common/laws/00_trade_policy.txt,SAME_PATH_SHADOW,Exact TECH2H assignments.,TECH2H_VANILLA_SPLIT_UNLOCK_MATRIX.csv,,
commercial_insurance_markets,era_1,VANILLA_SPLIT,NONE,international_trade,trade_law,law,law_mercantilism_navigation_acts,international_trade,commercial_insurance_markets,STALE_ALIAS_REFERENCE,REPLACE_GATE,international_trade,,,common/laws/00_inject_laws.txt,commercial_insurance_markets,TRANSFER_TO_NEW_TECH,Custom law tests unresearchable alias.,common/laws/00_inject_laws.txt,common/laws/00_inject_laws.txt,EXISTING_MOD_FILE,Custom law tests unresearchable alias.,TECH_SOCIETY_1700_1836_V1.csv;TECH_TREE_1700_1836_INTEGRATED_V1.csv;vanilla 1.13.9 + effective HEAD,,
commercial_insurance_markets,era_1,VANILLA_SPLIT,NONE,international_trade,treaties,treaty_article,goods_transfer;prohibit_trade_with_global_market;no_tariffs;no_subventions,international_trade,commercial_insurance_markets,TRANSFER_REQUIRED,REPLACE_GATES,international_trade,,,common/treaty_articles/13_goods_transfer.txt;common/treaty_articles/17_prohibit_trade_with_global_market.txt;common/treaty_articles/21_no_tariffs.txt;common/treaty_articles/26_no_subventions.txt,commercial_insurance_markets,TRANSFER_TO_NEW_TECH,Exact TECH2H assignments.,common/treaty_articles/13_goods_transfer.txt;common/treaty_articles/17_prohibit_trade_with_global_market.txt;common/treaty_articles/21_no_tariffs.txt;common/treaty_articles/26_no_subventions.txt,common/treaty_articles/13_goods_transfer.txt;common/treaty_articles/17_prohibit_trade_with_global_market.txt;common/treaty_articles/21_no_tariffs.txt;common/treaty_articles/26_no_subventions.txt,SAME_PATH_SHADOW,Exact TECH2H assignments.,TECH2H_VANILLA_SPLIT_UNLOCK_MATRIX.csv,,
commercial_insurance_markets,era_1,VANILLA_SPLIT,NONE,international_trade,journal_entry,journal_entry,je_liberalism_1,international_trade,commercial_insurance_markets,TRANSFER_REQUIRED,REPLACE_GATE,international_trade,,,common/journal_entries/00_liberalism.txt,commercial_insurance_markets,TRANSFER_TO_NEW_TECH,Exact TECH2H assignment.,common/journal_entries/00_liberalism.txt,common/journal_entries/00_liberalism.txt,EXISTING_MOD_FILE,Exact TECH2H assignment.,TECH2H_VANILLA_SPLIT_UNLOCK_MATRIX.csv,,
periodical_print_networks,era_1,VANILLA_SPLIT,NONE,mass_communication,journal_entry,journal_entry,je_springtime_of_the_peoples,mass_communication,periodical_print_networks,TRANSFER_REQUIRED,REPLACE_GATE,mass_communication,,,common/journal_entries/00_peoples_springtime_je.txt,periodical_print_networks,TRANSFER_TO_NEW_TECH,Exact TECH2H assignment.,common/journal_entries/00_peoples_springtime_je.txt,common/journal_entries/00_peoples_springtime_je.txt,EXISTING_MOD_FILE,Exact TECH2H assignment.,TECH2H_VANILLA_SPLIT_UNLOCK_MATRIX.csv,,
periodical_print_networks,era_1,VANILLA_SPLIT,NONE,mass_communication,information_events,event_or_button,agitator_legal_events.15;ig_petitions.22;ig_suppression_events.3;lobby_events.51;lobby_events.53;lobby_events.59;lobby_events.60,mass_communication,periodical_print_networks,STALE_ALIAS_REFERENCE,REPLACE_GATES,mass_communication,,,events/agitators_events/agitator_law_events_2.txt;events/ig_petitions.txt;events/ig_suppression_events.txt;events/soi_events/00_lobbies_events_03.txt,periodical_print_networks,TRANSFER_TO_NEW_TECH,Effective hooks test consumed mass_communication.,events/agitators_events/agitator_law_events_2.txt;events/ig_petitions.txt;events/ig_suppression_events.txt;events/soi_events/00_lobbies_events_03.txt,events/agitators_events/agitator_law_events_2.txt;events/ig_petitions.txt;events/ig_suppression_events.txt;events/soi_events/00_lobbies_events_03.txt,EXISTING_MOD_FILE,Effective hooks test consumed mass_communication.,TECH2H_VANILLA_SPLIT_UNLOCK_MATRIX.csv;vanilla 1.13.9 + effective HEAD,,
periodical_print_networks,era_1,VANILLA_SPLIT,NONE,mass_communication,information_event,event,vampire_panic.1,mass_communication,periodical_print_networks,STALE_ALIAS_REFERENCE,REPLACE_GATE,mass_communication,,,C:/Games/Victoria 3/game/events/vampire_panic_events.txt,periodical_print_networks,TRANSFER_TO_NEW_TECH,Vanilla event tests consumed mass_communication.,C:/Games/Victoria 3/game/events/vampire_panic_events.txt,events/vampire_panic_events.txt,SAME_PATH_SHADOW,Vanilla event tests consumed mass_communication.,TECH2H_VANILLA_SPLIT_UNLOCK_MATRIX.csv;vanilla 1.13.9 + effective HEAD,,
systematic_administrative_statistics,era_2,VANILLA_SPLIT,NONE,central_archives;tech_bureaucracy,decrees,decree,decree_road_maintenance;decree_emergency_relief,centralization,systematic_administrative_statistics,TRANSFER_REQUIRED,REPLACE_GATES,centralization,,,common/decrees/00_decree.txt,systematic_administrative_statistics,TRANSFER_TO_NEW_TECH,Exact TECH2H assignments.,common/decrees/00_decree.txt,common/decrees/00_decree.txt,SAME_PATH_SHADOW,Exact TECH2H assignments.,TECH2H_VANILLA_SPLIT_UNLOCK_MATRIX.csv,,
systematic_administrative_statistics,era_2,VANILLA_SPLIT,NONE,central_archives;tech_bureaucracy,journal_entry,journal_entry,je_age_of_princes,centralization,systematic_administrative_statistics,TRANSFER_REQUIRED,REPLACE_GATE,centralization,,,common/journal_entries/00_ethiopia.txt,systematic_administrative_statistics,TRANSFER_TO_NEW_TECH,Exact TECH2H assignment.,common/journal_entries/00_ethiopia.txt,common/journal_entries/00_ethiopia.txt,EXISTING_MOD_FILE,Exact TECH2H assignment.,TECH2H_VANILLA_SPLIT_UNLOCK_MATRIX.csv,,
central_statistical_offices,era_5,VANILLA_KEEP_CONCEPT_NEW_ID,NONE,central_archives;military_statistics,law,law,law_technocracy,central_archives,central_statistical_offices,TRANSFER_REQUIRED,REPLACE_GATES,central_archives,,,common/laws/00_distribution_of_power.txt,central_statistical_offices,TRANSFER_TO_NEW_TECH,Exact TECH2H law assignment.,common/laws/00_distribution_of_power.txt,common/laws/00_distribution_of_power.txt,SAME_PATH_SHADOW,Exact TECH2H assignments; future law shadow plus existing JE edit.,TECH2H_VANILLA_SPLIT_UNLOCK_MATRIX.csv,,
central_statistical_offices,era_5,VANILLA_KEEP_CONCEPT_NEW_ID,NONE,central_archives;military_statistics,journal_entry,journal_entry,je_technocracy,central_archives,central_statistical_offices,TRANSFER_REQUIRED,REPLACE_GATES,central_archives,,,common/journal_entries/05_technocracy.txt,central_statistical_offices,TRANSFER_TO_NEW_TECH,Exact TECH2H journal-entry assignment.,common/journal_entries/05_technocracy.txt,common/journal_entries/05_technocracy.txt,EXISTING_MOD_FILE,Exact TECH2H assignments; future law shadow plus existing JE edit.,TECH2H_VANILLA_SPLIT_UNLOCK_MATRIX.csv,,
professional_civil_policing,era_6,VANILLA_RETIME_NEW_ID,NONE,law_enforcement;tech_bureaucracy;central_archives,internal_security,law,law_secret_police,central_archives,professional_civil_policing,TRANSFER_REQUIRED,REPLACE_GATE,central_archives,,,common/laws/00_internal_security.txt,professional_civil_policing,TRANSFER_TO_NEW_TECH,Exact TECH2H assignment.,common/laws/00_internal_security.txt,common/laws/00_internal_security.txt,SAME_PATH_SHADOW,Exact TECH2H assignment.,TECH2H_VANILLA_SPLIT_UNLOCK_MATRIX.csv,,
professional_civil_policing,era_6,VANILLA_RETIME_NEW_ID,NONE,law_enforcement;tech_bureaucracy;central_archives,policing,law,law_local_police;law_dedicated_police;law_shinsengumi,tech_bureaucracy;law_enforcement,professional_civil_policing,TRANSFER_REQUIRED,REPLACE_GATES,tech_bureaucracy;law_enforcement,,,common/laws/00_policing.txt;common/laws/00_internal_security.txt,professional_civil_policing,TRANSFER_TO_NEW_TECH,Frozen/local and direct civil-policing responsibilities.,common/laws/00_policing.txt;common/laws/00_internal_security.txt,common/laws/00_policing.txt;common/laws/00_internal_security.txt,SAME_PATH_SHADOW,Frozen/local and direct civil-policing responsibilities.,TECH2H_VANILLA_SPLIT_UNLOCK_MATRIX.csv;TECH_SOCIETY_1700_1836_V1.csv;TECH_TREE_1700_1836_INTEGRATED_V1.csv,,
periodical_print_networks,era_1,VANILLA_SPLIT,NONE,mass_communication,free_speech,law,law_censorship,law_enforcement,periodical_print_networks,WRONG_TECH_TARGET,REPLACE_GATE,law_enforcement,,,common/laws/00_free_speech.txt,periodical_print_networks,TRANSFER_TO_NEW_TECH,Press/censorship role is frozen on periodical networks.,common/laws/00_free_speech.txt,common/laws/00_free_speech.txt,SAME_PATH_SHADOW,Press/censorship role is frozen on periodical networks.,TECH_SOCIETY_1700_1836_V1.csv;TECH_TREE_1700_1836_INTEGRATED_V1.csv;vanilla 1.13.9 + effective HEAD,,
professional_civil_policing,era_6,VANILLA_RETIME_NEW_ID,NONE,law_enforcement;tech_bureaucracy;central_archives,internal_security,law,law_national_guard,law_enforcement,professional_civil_policing,DEFER_TECH6C,DEFER,law_enforcement,,,common/laws/00_internal_security.txt,professional_civil_policing,DEFER_TO_OTHER_SYSTEM,National Guard needs military review.,common/laws/00_internal_security.txt,common/laws/00_internal_security.txt,DEFER,National Guard needs military review.,scope TECH6C,,
codified_practical_knowledge,era_3,VANILLA_SPLIT,NONE,rationalism,church_state,law,law_freedom_of_conscience,rationalism,codified_practical_knowledge,TRANSFER_REQUIRED,REPLACE_GATE,rationalism,,,common/laws/00_church_and_state.txt,codified_practical_knowledge,TRANSFER_TO_NEW_TECH,Exact TECH2H assignment.,common/laws/00_church_and_state.txt,common/laws/00_church_and_state.txt,SAME_PATH_SHADOW,Exact TECH2H assignment.,TECH2H_VANILLA_SPLIT_UNLOCK_MATRIX.csv,,
codified_practical_knowledge,era_3,VANILLA_SPLIT,NONE,rationalism,journal_entry,journal_entry,je_romanticism,rationalism,codified_practical_knowledge,TRANSFER_REQUIRED,REPLACE_GATE,rationalism,,,common/journal_entries/00_art_jes.txt,codified_practical_knowledge,TRANSFER_TO_NEW_TECH,Exact TECH2H assignment.,common/journal_entries/00_art_jes.txt,common/journal_entries/00_art_jes.txt,EXISTING_MOD_FILE,Exact TECH2H assignment.,TECH2H_VANILLA_SPLIT_UNLOCK_MATRIX.csv,,
scientific_metrology,era_4,VANILLA_SPLIT,NONE,currency_standards,tax_law,law,law_per_capita_based_taxation,currency_standards,scientific_metrology,TRANSFER_REQUIRED,REPLACE_GATE,currency_standards,,,common/laws/00_taxation.txt,scientific_metrology,TRANSFER_TO_NEW_TECH,Exact TECH2H assignment.,common/laws/00_taxation.txt,common/laws/00_taxation.txt,SAME_PATH_SHADOW,Exact TECH2H assignment.,TECH2H_VANILLA_SPLIT_UNLOCK_MATRIX.csv,,
scientific_metrology,era_4,VANILLA_SPLIT,NONE,currency_standards,events,event,french_revolution_mod_events.14;french_revolution_mod_events.18,currency_standards,scientific_metrology,STALE_ALIAS_REFERENCE,REPLACE_GRANTED_TECH,currency_standards,,,events/french_revolution_mod_events.txt,scientific_metrology,TRANSFER_TO_NEW_TECH,Events test/grant consumed currency_standards.,events/french_revolution_mod_events.txt,events/french_revolution_mod_events.txt,EXISTING_MOD_FILE,Events test/grant consumed currency_standards.,TECH_SOCIETY_1700_1836_V1.csv;TECH_TREE_1700_1836_INTEGRATED_V1.csv;vanilla 1.13.9 + effective HEAD,,
constitutional_government,era_4,VANILLA_SPLIT,NONE,democracy,distribution_of_power,law,law_landed_voting;law_wealth_voting;law_census_voting,democracy,constitutional_government,TRANSFER_REQUIRED,REPLACE_GATES,democracy,,,common/laws/00_distribution_of_power.txt,constitutional_government,TRANSFER_TO_NEW_TECH,Exact TECH2H assignments.,common/laws/00_distribution_of_power.txt,common/laws/00_distribution_of_power.txt,SAME_PATH_SHADOW,Exact TECH2H assignments.,TECH2H_VANILLA_SPLIT_UNLOCK_MATRIX.csv,,
constitutional_government,era_4,VANILLA_SPLIT,NONE,democracy,governance,law,law_presidential_republic;law_parliamentary_republic,democracy,constitutional_government,TRANSFER_REQUIRED,REPLACE_GATES,democracy,,,common/laws/00_governance_principles.txt,constitutional_government,TRANSFER_TO_NEW_TECH,Exact TECH2H assignments.,common/laws/00_governance_principles.txt,common/laws/00_governance_principles.txt,SAME_PATH_SHADOW,Exact TECH2H assignments.,TECH2H_VANILLA_SPLIT_UNLOCK_MATRIX.csv,,
constitutional_government,era_4,VANILLA_SPLIT,NONE,democracy,welfare,law,law_poor_laws,democracy,constitutional_government,TRANSFER_REQUIRED,REPLACE_GATE,democracy,,,common/laws/00_welfare.txt,constitutional_government,TRANSFER_TO_NEW_TECH,Exact TECH2H assignment.,common/laws/00_welfare.txt,common/laws/00_welfare.txt,SAME_PATH_SHADOW,Exact TECH2H assignment.,TECH2H_VANILLA_SPLIT_UNLOCK_MATRIX.csv,,
constitutional_government,era_4,VANILLA_SPLIT,NONE,democracy,journal_entry,journal_entry,je_liberalism_1,democracy,constitutional_government,TRANSFER_REQUIRED,REPLACE_GATE,democracy,,,common/journal_entries/00_liberalism.txt,constitutional_government,TRANSFER_TO_NEW_TECH,Exact TECH2H assignment.,common/journal_entries/00_liberalism.txt,common/journal_entries/00_liberalism.txt,EXISTING_MOD_FILE,Exact TECH2H assignment.,TECH2H_VANILLA_SPLIT_UNLOCK_MATRIX.csv,,
constitutional_government,era_4,VANILLA_SPLIT,NONE,democracy,events,event,ig_suppression_events.1000;ig_suppression_events.1001,democracy,constitutional_government,STALE_ALIAS_REFERENCE,REPLACE_PROGRESS_TARGET,democracy,,,events/ig_suppression_events.txt,constitutional_government,TRANSFER_TO_NEW_TECH,Events progress consumed democracy.,events/ig_suppression_events.txt,events/ig_suppression_events.txt,EXISTING_MOD_FILE,Events progress consumed democracy.,TECH_SOCIETY_1700_1836_V1.csv;TECH_TREE_1700_1836_INTEGRATED_V1.csv;vanilla 1.13.9 + effective HEAD,,
human_rights,era_4,VANILLA_RETIME,country_institution_social_security_max_investment_add=1,egalitarianism;feminism;human_rights,human_rights_laws,law,law_compulsory_primary_school;law_multicultural;law_protected_speech;law_worker_protections;law_slavery_banned;law_old_age_pension,human_rights,human_rights,KEEP_CURRENT,NO_CHANGE,human_rights,,,common/laws/00_childrens_rights.txt;common/laws/00_citizenship.txt;common/laws/00_free_speech.txt;common/laws/00_labor_rights.txt;common/laws/00_slavery.txt;common/laws/00_welfare.txt,human_rights,KEEP_ON_CURRENT_TECH,"Preserved ID keeps law possibilities, not automatic enactment.",common/laws/00_childrens_rights.txt;common/laws/00_citizenship.txt;common/laws/00_free_speech.txt;common/laws/00_labor_rights.txt;common/laws/00_slavery.txt;common/laws/00_welfare.txt,common/laws/00_childrens_rights.txt;common/laws/00_citizenship.txt;common/laws/00_free_speech.txt;common/laws/00_labor_rights.txt;common/laws/00_slavery.txt;common/laws/00_welfare.txt,NO_CHANGE,"Preserved ID keeps law possibilities, not automatic enactment.",vanilla 1.13.9 + effective HEAD,,"SPLIT: compulsory school, worker protections and old-age pension -> labor_movement; multicultural/protected speech stay human_rights; slavery follows the five-law H06 progression."
human_rights,era_4,VANILLA_RETIME,country_institution_social_security_max_investment_add=1,egalitarianism;feminism;human_rights,journal_entries,journal_entry,je_sol_1;je_strike;je_suffragists;je_donghak_movement;je_dravidian_movement,human_rights,human_rights,KEEP_CURRENT,NO_CHANGE,human_rights,,,common/journal_entries/00_standard_of_living.txt;common/journal_entries/00_strike_je.txt;common/journal_entries/00_suffragists.txt;common/journal_entries/03_korea.txt;common/journal_entries/04_dravidian_movement.txt,human_rights,KEEP_ON_CURRENT_TECH,Preserved ID keeps current hooks.,common/journal_entries/00_standard_of_living.txt;common/journal_entries/00_strike_je.txt;common/journal_entries/00_suffragists.txt;common/journal_entries/03_korea.txt;common/journal_entries/04_dravidian_movement.txt,common/journal_entries/00_standard_of_living.txt;common/journal_entries/00_strike_je.txt;common/journal_entries/00_suffragists.txt;common/journal_entries/03_korea.txt;common/journal_entries/04_dravidian_movement.txt,NO_CHANGE,Preserved ID keeps current hooks.,vanilla 1.13.9 + effective HEAD,,
classical_political_economy,era_4,NEW_CUSTOM,NONE,NONE,ai_enact_weight,law,law_interventionism,ai_enact_weight_modifier: has_technology_researched = human_rights,classical_political_economy,TRANSFER_REQUIRED,REPLACE_AI_WEIGHT_TECH_REFERENCE,human_rights,,,common/laws/00_economic_system.txt:law_interventionism.ai_enact_weight_modifier,classical_political_economy,TRANSFER_TO_NEW_TECH,"Classical political economy explicitly owns market/investment economic-law weighting; this changes only the AI maturity reference, not the manufacturies/interchangeable_manufacture unlock.",common/laws/00_economic_system.txt,common/laws/00_economic_system.txt,SAME_PATH_SHADOW,Vanilla line 100 tests human_rights only inside ai_enact_weight_modifier; unlocking_technologies remains manufacturies.,TECH_SOCIETY_1700_1836_V1.csv;TECH_TREE_1700_1836_INTEGRATED_V1.csv;TECH2H_VANILLA_SPLIT_UNLOCK_MATRIX.csv;vanilla 1.13.9,Preserve civilizing_mission and pan-nationalism alternatives.,
political_economy,era_3,NEW_CUSTOM,NONE,NONE,ai_enact_weight,law,law_agrarianism,ai_enact_weight_modifier: has_technology_researched = human_rights,political_economy,TRANSFER_REQUIRED,REPLACE_AI_WEIGHT_TECH_REFERENCE,human_rights,,,common/laws/00_economic_system.txt:law_agrarianism.ai_enact_weight_modifier,political_economy,TRANSFER_TO_NEW_TECH,"Political economy explicitly covers agriculture, public wealth and economic-law weighting; the romanticism unlock and preserved pan-nationalism condition remain unchanged.",common/laws/00_economic_system.txt,common/laws/00_economic_system.txt,SAME_PATH_SHADOW,Vanilla line 196 tests human_rights only in AI weighting; unlocking_technologies remains romanticism.,TECH_SOCIETY_1700_1836_V1.csv;TECH_TREE_1700_1836_INTEGRATED_V1.csv;TECH2H_VANILLA_SPLIT_UNLOCK_MATRIX.csv;vanilla 1.13.9,Preserve civilizing_mission and pan-nationalism alternatives.,
institutionalized_public_credit,era_1,VANILLA_SPLIT,NONE,banking;central_banking,ai_enact_weight,law,law_merchant_banking,ai_enact_weight_modifier: has_technology_researched = human_rights,institutionalized_public_credit,TRANSFER_REQUIRED,REPLACE_AI_WEIGHT_TECH_REFERENCE,human_rights,,,common/laws/00_inject_laws.txt:law_merchant_banking.ai_enact_weight_modifier,institutionalized_public_credit,TRANSFER_TO_NEW_TECH,"The frozen public-credit node explicitly owns financial intermediaries and banking-law hooks; the law has no unlocking technology, so only its copied AI maturity reference is retargeted.",common/laws/00_inject_laws.txt,common/laws/00_inject_laws.txt,EXISTING_MOD_FILE,Current mod line 71 tests human_rights inside ai_enact_weight_modifier; the law's unlocking_technologies block is empty.,TECH_SOCIETY_1700_1836_V1.csv;TECH_TREE_1700_1836_INTEGRATED_V1.csv;effective HEAD,Preserve civilizing_mission and pan-nationalism alternatives.,
systematic_legal_codification,era_4,NEW_CUSTOM,NONE,NONE,ai_enact_weight,law,law_tenant_farmers,ai_enact_weight_modifier: has_technology_researched = human_rights,systematic_legal_codification,TRANSFER_REQUIRED,REPLACE_AI_WEIGHT_TECH_REFERENCE,human_rights,,,common/laws/00_land_reform.txt:law_tenant_farmers.ai_enact_weight_modifier,systematic_legal_codification,TRANSFER_TO_NEW_TECH,"Tenant tenure is a property/contract legal-status responsibility, explicitly assigned to systematic legal codification rather than cadastral information gathering.",common/laws/00_land_reform.txt,common/laws/00_land_reform.txt,SAME_PATH_SHADOW,Vanilla line 195 tests human_rights inside ai_enact_weight_modifier; the law has no technology unlock block.,TECH_SOCIETY_1700_1836_V1.csv;TECH_TREE_1700_1836_INTEGRATED_V1.csv;vanilla 1.13.9,Preserve civilizing_mission and pan-nationalism alternatives.,
scientific_metrology,era_4,VANILLA_SPLIT,NONE,currency_standards,ai_enact_weight,law,law_per_capita_based_taxation,ai_enact_weight_modifier: has_technology_researched = human_rights,scientific_metrology,WRONG_TECH_TARGET,REPLACE_AI_WEIGHT_TECH_REFERENCE,human_rights,,,common/laws/00_taxation.txt:law_per_capita_based_taxation.ai_enact_weight_modifier,scientific_metrology,TRANSFER_TO_NEW_TECH,TECH2H already assigns this law's currency_standards responsibility to scientific_metrology; the AI maturity reference is reconciled with that exact frozen owner.,common/laws/00_taxation.txt,common/laws/00_taxation.txt,SAME_PATH_SHADOW,Vanilla unlocking_technologies uses currency_standards at line 111 and AI weighting tests human_rights at line 162; TECH2H maps the former exactly to scientific_metrology.,TECH2H_VANILLA_SPLIT_UNLOCK_MATRIX.csv;TECH_TREE_1700_1836_INTEGRATED_V1.csv;vanilla 1.13.9,Preserve civilizing_mission and pan-nationalism alternatives; existing TECH2H transfer row remains unchanged.,
human_rights,era_4,VANILLA_RETIME,country_institution_social_security_max_investment_add=1,egalitarianism;feminism;human_rights,mass_politics,mixed,law_universal_suffrage;law_proportional_taxation;je_springtime_of_the_peoples;movement_radical;ideology_radical;1848.10;1848.11;1848.12,egalitarianism,,DEFER_POST1836,DEFER,egalitarianism,,,common/laws/00_distribution_of_power.txt;common/laws/00_taxation.txt;common/journal_entries/00_peoples_springtime_je.txt;common/political_movements/00_ideological_movements.txt;common/ideologies/01_character_ideologies.txt;events/1848.txt,,DEFER_TO_OTHER_SYSTEM,"Universal suffrage, proportional taxation, Springtime, radical movement/ideology and 1848 events are mature mass politics. They are not transferred to the early target.",common/laws/00_distribution_of_power.txt;common/laws/00_taxation.txt;common/journal_entries/00_peoples_springtime_je.txt;common/political_movements/00_ideological_movements.txt;common/ideologies/01_character_ideologies.txt;events/1848.txt,common/laws/00_distribution_of_power.txt;common/laws/00_taxation.txt;common/journal_entries/00_peoples_springtime_je.txt;common/political_movements/00_ideological_movements.txt;common/ideologies/01_character_ideologies.txt;events/1848.txt,DEFER,"Universal suffrage, proportional taxation, Springtime, radical movement/ideology and 1848 events are mature mass politics.",TECH_SOCIETY_1700_1836_V1.csv;TECH_TREE_1700_1836_INTEGRATED_V1.csv;vanilla 1.13.9;effective HEAD,TECH6B2 excludes this row.,
early_socialism_cooperativism,era_6,VANILLA_RETIME_NEW_ID,NONE,anarchism;dialectics;socialism,dialectics_hooks,mixed,RUS_alexander_fyodorovich_kerensky;RUS_georgi_valentinovich_plekhanov;historical_agitators.18;ig_suppression_events.2;ig_suppression_events.1000,dialectics,,DEFER_POST1836,DEFER,dialectics,,,common/character_templates/country_rus.txt;events/agitators_events/historic_agitator_events.txt;events/ig_suppression_events.txt,,DEFER_TO_OTHER_SYSTEM,"Kerensky, Plekhanov, the historical agitator and dialectics progress/suppression events are later socialist content. They are not transferred to the early target.",common/character_templates/country_rus.txt;events/agitators_events/historic_agitator_events.txt;events/ig_suppression_events.txt,common/character_templates/country_rus.txt;events/agitators_events/historic_agitator_events.txt;events/ig_suppression_events.txt,DEFER,"Kerensky, Plekhanov, the historical agitator and dialectics progress/suppression events are later socialist content.",TECH_SOCIETY_1700_1836_V1.csv;TECH_TREE_1700_1836_INTEGRATED_V1.csv;vanilla 1.13.9;effective HEAD,TECH6B2 excludes this row.,
medical_degrees,era_3,VANILLA_RETIME,country_institution_health_system_max_investment_add=1,medical_degrees;modern_nursing;psychiatry,psychiatry_hooks,mixed,je_positivist_movement;movement_positivist;psychology_events.1;psychology_events.2;psychology_events.3;psychology_events.4;psychology_events.6;dt_society_events.1,psychiatry,,DEFER_POST1836,DEFER,psychiatry,,,common/journal_entries/02_positivism.txt;common/political_movements/00_ideological_movements.txt;events/psychology_events.txt;events/tech_events/society_events_01.txt,,DEFER_TO_OTHER_SYSTEM,"The positivist JE/movement, psychology events and psychiatry tech event belong to post-1836 psychiatry/positivism content. They are not transferred to the early target.",common/journal_entries/02_positivism.txt;common/political_movements/00_ideological_movements.txt;events/psychology_events.txt;events/tech_events/society_events_01.txt,common/journal_entries/02_positivism.txt;common/political_movements/00_ideological_movements.txt;events/psychology_events.txt;events/tech_events/society_events_01.txt,DEFER,"The positivist JE/movement, psychology events and psychiatry tech event belong to post-1836 psychiatry/positivism content.",TECH_SOCIETY_1700_1836_V1.csv;TECH_TREE_1700_1836_INTEGRATED_V1.csv;vanilla 1.13.9;effective HEAD,TECH6B2 excludes this row.,
active_principle_pharmacy,era_5,VANILLA_SPLIT,NONE,pharmaceuticals;quinine,health_laws,law,law_private_health_insurance;law_public_health_insurance,pharmaceuticals,active_principle_pharmacy,TRANSFER_REQUIRED,REPLACE_GATES,pharmaceuticals,,,common/laws/00_health_system.txt,active_principle_pharmacy,TRANSFER_TO_NEW_TECH,Exact TECH2H assignments.,common/laws/00_health_system.txt,common/laws/00_health_system.txt,SAME_PATH_SHADOW,Exact TECH2H assignments.,TECH2H_VANILLA_SPLIT_UNLOCK_MATRIX.csv,,SPLIT: private insurance stays active_principle_pharmacy; public insurance -> organized_immunization_campaigns.
active_principle_pharmacy,era_5,VANILLA_SPLIT,NONE,pharmaceuticals;quinine,health_events,event,belle_epoque_events.5;cholera.1;lobby_events.57,pharmaceuticals,active_principle_pharmacy,STALE_ALIAS_REFERENCE,REPLACE_GATES_OR_PROGRESS,pharmaceuticals,,,events/belle_epoque_events.txt;events/cholera.txt;events/soi_events/00_lobbies_events_03.txt,active_principle_pharmacy,TRANSFER_TO_NEW_TECH,TECH4C2 demonstrates stale references.,events/belle_epoque_events.txt;events/cholera.txt;events/soi_events/00_lobbies_events_03.txt,events/belle_epoque_events.txt;events/cholera.txt;events/soi_events/00_lobbies_events_03.txt,EXISTING_MOD_FILE,TECH4C2 demonstrates stale references.,TECH4C2_PRE1836_VANILLA_RESIDUAL_AUDIT.csv,,
active_principle_pharmacy,era_5,VANILLA_SPLIT,NONE,pharmaceuticals;quinine,health_trait,character_trait,cocaine_addiction,pharmaceuticals,active_principle_pharmacy,STALE_ALIAS_REFERENCE,REPLACE_GATES_OR_PROGRESS,pharmaceuticals,,,common/character_traits/condition_traits.txt,active_principle_pharmacy,TRANSFER_TO_NEW_TECH,TECH4C2 demonstrates stale references.,common/character_traits/condition_traits.txt,common/character_traits/condition_traits.txt,SAME_PATH_SHADOW,TECH4C2 demonstrates stale references.,TECH4C2_PRE1836_VANILLA_RESIDUAL_AUDIT.csv,,
active_principle_pharmacy,era_5,VANILLA_SPLIT,NONE,pharmaceuticals;quinine,health_event,event,shogunate.8,pharmaceuticals,active_principle_pharmacy,STALE_ALIAS_REFERENCE,REPLACE_GATES_OR_PROGRESS,pharmaceuticals,,,events/japan_events/ep2_shogunate_events.txt,active_principle_pharmacy,TRANSFER_TO_NEW_TECH,TECH4C2 demonstrates stale references.,events/japan_events/ep2_shogunate_events.txt,events/japan_events/ep2_shogunate_events.txt,SAME_PATH_SHADOW,TECH4C2 demonstrates stale references.,TECH4C2_PRE1836_VANILLA_RESIDUAL_AUDIT.csv,,
medical_degrees,era_3,VANILLA_RETIME,country_institution_health_system_max_investment_add=1,medical_degrees;modern_nursing;psychiatry,health_law_events,mixed,law_charitable_health_system;good_health_prg_button;cholera.1;korea_monarchy.1;lobby_events.57;dt_society_events.3,medical_degrees,medical_degrees,KEEP_CURRENT,NO_CHANGE,medical_degrees,,,common/laws/00_health_system.txt;common/scripted_buttons/03_paraguay_scripted_buttons.txt;events/cholera.txt;events/soi_events/00_ep1_korea_events.txt;events/soi_events/00_lobbies_events_03.txt;events/tech_events/society_events_01.txt,medical_degrees,KEEP_ON_CURRENT_TECH,Preserved ID keeps hooks.,common/laws/00_health_system.txt;common/scripted_buttons/03_paraguay_scripted_buttons.txt;events/cholera.txt;events/soi_events/00_ep1_korea_events.txt;events/soi_events/00_lobbies_events_03.txt;events/tech_events/society_events_01.txt,common/laws/00_health_system.txt;common/scripted_buttons/03_paraguay_scripted_buttons.txt;events/cholera.txt;events/soi_events/00_ep1_korea_events.txt;events/soi_events/00_lobbies_events_03.txt;events/tech_events/society_events_01.txt,NO_CHANGE,Preserved ID keeps hooks.,vanilla 1.13.9 + effective HEAD,,
international_relations,era_1,VANILLA_KEEP,NONE,international_relations,diplomacy,mixed,rivalry;alliance;defensive_pact;guarantee_independence;support_independence;host_power_bloc_embassy;military_access;law_commitment;transit_rights;trade_privilege;toll_exemption;no_tolls;strait_access;no_strait_closure;non_piracy_agreement;abandon_piracy;grand_exhibition_decision;dp_demand_strait_access;dp_demand_toll_exemption;dp_demand_no_tolls;dp_demand_no_strait_closure,international_relations,international_relations,KEEP_CURRENT,NO_CHANGE,international_relations,,,common/diplomatic_actions/12_rivalry.txt;common/decisions/grand_exhibition_decision.txt;common/diplomatic_plays/00_diplomatic_plays.txt;common/treaty_articles/00_alliance.txt;common/treaty_articles/01_defensive_pact.txt;common/treaty_articles/02_guarantee_independence.txt;common/treaty_articles/03_support_independence.txt;common/treaty_articles/10_host_power_bloc_embassy.txt;common/treaty_articles/15_military_access.txt;common/treaty_articles/20_law_commitment.txt;common/treaty_articles/24_transit_rights.txt;common/treaty_articles/25_trade_privilege.txt;common/treaty_articles/31_toll_exemption.txt;common/treaty_articles/32_no_tolls.txt;common/treaty_articles/33_strait_access.txt;common/treaty_articles/34_no_strait_closure.txt;common/treaty_articles/35_non_piracy_agreement.txt;common/treaty_articles/36_abandon_piracy.txt,international_relations,KEEP_ON_CURRENT_TECH,TECH2H restored the node and all diplomatic unlocks.,common/diplomatic_actions/12_rivalry.txt;common/decisions/grand_exhibition_decision.txt;common/diplomatic_plays/00_diplomatic_plays.txt;common/treaty_articles/00_alliance.txt;common/treaty_articles/01_defensive_pact.txt;common/treaty_articles/02_guarantee_independence.txt;common/treaty_articles/03_support_independence.txt;common/treaty_articles/10_host_power_bloc_embassy.txt;common/treaty_articles/15_military_access.txt;common/treaty_articles/20_law_commitment.txt;common/treaty_articles/24_transit_rights.txt;common/treaty_articles/25_trade_privilege.txt;common/treaty_articles/31_toll_exemption.txt;common/treaty_articles/32_no_tolls.txt;common/treaty_articles/33_strait_access.txt;common/treaty_articles/34_no_strait_closure.txt;common/treaty_articles/35_non_piracy_agreement.txt;common/treaty_articles/36_abandon_piracy.txt,common/diplomatic_actions/12_rivalry.txt;common/decisions/grand_exhibition_decision.txt;common/diplomatic_plays/00_diplomatic_plays.txt;common/treaty_articles/00_alliance.txt;common/treaty_articles/01_defensive_pact.txt;common/treaty_articles/02_guarantee_independence.txt;common/treaty_articles/03_support_independence.txt;common/treaty_articles/10_host_power_bloc_embassy.txt;common/treaty_articles/15_military_access.txt;common/treaty_articles/20_law_commitment.txt;common/treaty_articles/24_transit_rights.txt;common/treaty_articles/25_trade_privilege.txt;common/treaty_articles/31_toll_exemption.txt;common/treaty_articles/32_no_tolls.txt;common/treaty_articles/33_strait_access.txt;common/treaty_articles/34_no_strait_closure.txt;common/treaty_articles/35_non_piracy_agreement.txt;common/treaty_articles/36_abandon_piracy.txt,NO_CHANGE,TECH2H restored the node and all diplomatic unlocks.,TECH2H_VANILLA_SPLIT_UNLOCK_MATRIX.csv,,
stock_exchange,era_1,VANILLA_MERGE,state_market_access_price_impact=0.1,corporate_charters;joint_stock_companies;stock_exchange,market_hooks,mixed,ideology_market_liberal;law_protectionism;free_trade_party;foreign_investment_rights;ep2_sakoku.2,stock_exchange,stock_exchange,KEEP_CURRENT,NO_CHANGE,stock_exchange,,,common/ideologies/01_character_ideologies.txt;common/laws/00_trade_policy.txt;common/parties/free_trade_party.txt;common/treaty_articles/07_foreign_investment_rights.txt;events/japan_events/ep2_sakoku_events.txt,stock_exchange,KEEP_ON_CURRENT_TECH,Preserved ID keeps hooks.,common/ideologies/01_character_ideologies.txt;common/laws/00_trade_policy.txt;common/parties/free_trade_party.txt;common/treaty_articles/07_foreign_investment_rights.txt;events/japan_events/ep2_sakoku_events.txt,common/ideologies/01_character_ideologies.txt;common/laws/00_trade_policy.txt;common/parties/free_trade_party.txt;common/treaty_articles/07_foreign_investment_rights.txt;events/japan_events/ep2_sakoku_events.txt,NO_CHANGE,Preserved ID keeps hooks.,vanilla 1.13.9 + effective HEAD,,SPLIT: law_protectionism -> political_economy; other grouped stock_exchange hooks are unchanged unless separately audited.
colonization,era_4,VANILLA_REWIRE_PRESERVED_ID,colonial_affairs_max=2;infamy_against_unrecognized=-0.1,colonization,colonial_system,mixed,law_frontier_colonization;law_colonial_resettlement;law_colonial_exploitation;law_extraction_economy;suez_survey_decision;central_africa_expedition;congo_river_expedition;niger_river_expedition;tibet_expedition;west_america_expedition;je_earn_recognition;je_new_imperialism;je_conquest_of_tetouan;treaty_port,colonization,colonization,KEEP_CURRENT,NO_CHANGE,colonization,,,common/laws/00_colonial_affairs.txt;common/laws/00_economic_system.txt;common/decisions/canal_decisions.txt;common/decisions/central_africa_expedition_decision.txt;common/decisions/congo_expedition_decision.txt;common/decisions/niger_river_expedition_decision.txt;common/decisions/tibet_expedition_decision.txt;common/decisions/west_america_expidition_decision.txt;common/journal_entries/00_request_recognition.txt;common/journal_entries/06_new_imperialism.txt;common/journal_entries/06_spanish_africa.txt;common/treaty_articles/14_treaty_port.txt,colonization,KEEP_ON_CURRENT_TECH,Colonization remains distinct from cadastral surveying.,common/laws/00_colonial_affairs.txt;common/laws/00_economic_system.txt;common/decisions/canal_decisions.txt;common/decisions/central_africa_expedition_decision.txt;common/decisions/congo_expedition_decision.txt;common/decisions/niger_river_expedition_decision.txt;common/decisions/tibet_expedition_decision.txt;common/decisions/west_america_expidition_decision.txt;common/journal_entries/00_request_recognition.txt;common/journal_entries/06_new_imperialism.txt;common/journal_entries/06_spanish_africa.txt;common/treaty_articles/14_treaty_port.txt,common/laws/00_colonial_affairs.txt;common/laws/00_economic_system.txt;common/decisions/canal_decisions.txt;common/decisions/central_africa_expedition_decision.txt;common/decisions/congo_expedition_decision.txt;common/decisions/niger_river_expedition_decision.txt;common/decisions/tibet_expedition_decision.txt;common/decisions/west_america_expidition_decision.txt;common/journal_entries/00_request_recognition.txt;common/journal_entries/06_new_imperialism.txt;common/journal_entries/06_spanish_africa.txt;common/treaty_articles/14_treaty_port.txt,NO_CHANGE,Colonization remains distinct from cadastral surveying.,TECH4C2_PRE1836_VANILLA_RESIDUAL_AUDIT.csv,,
labor_movement,era_6,VANILLA_RETIME,expected_sol=1;workplace_safety_max=3;agitator_slots=1;on_researched variable,labor_movement,labor_system,mixed,law_restricted_child_labor;law_regulatory_bodies;law_wage_subsidies;je_sol_1;movement_labor;laborers;machinists;researched_mass_politics;ig_petitions.13;ig_suppression_events.2;dt_society_events.1,labor_movement,labor_movement,KEEP_CURRENT,NO_CHANGE,labor_movement,,,common/laws/00_childrens_rights.txt;common/laws/00_labor_rights.txt;common/laws/00_welfare.txt;common/journal_entries/00_standard_of_living.txt;common/political_movements/00_ideological_movements.txt;common/pop_types/laborers.txt;common/pop_types/machinists.txt;common/scripted_triggers/00_victoria_scripted_triggers.txt;events/ig_petitions.txt;events/ig_suppression_events.txt;events/tech_events/society_events_01.txt,labor_movement,KEEP_ON_CURRENT_TECH,Preserved ID keeps hooks.,common/laws/00_childrens_rights.txt;common/laws/00_labor_rights.txt;common/laws/00_welfare.txt;common/journal_entries/00_standard_of_living.txt;common/political_movements/00_ideological_movements.txt;common/pop_types/laborers.txt;common/pop_types/machinists.txt;common/scripted_triggers/00_victoria_scripted_triggers.txt;events/ig_petitions.txt;events/ig_suppression_events.txt;events/tech_events/society_events_01.txt,common/laws/00_childrens_rights.txt;common/laws/00_labor_rights.txt;common/laws/00_welfare.txt;common/journal_entries/00_standard_of_living.txt;common/political_movements/00_ideological_movements.txt;common/pop_types/laborers.txt;common/pop_types/machinists.txt;common/scripted_triggers/00_victoria_scripted_triggers.txt;events/ig_petitions.txt;events/ig_suppression_events.txt;events/tech_events/society_events_01.txt,NO_CHANGE,Preserved ID keeps hooks.,vanilla 1.13.9 + effective HEAD,,"SPLIT: restricted child labor, regulatory bodies and wage subsidies -> human_rights; other labor_movement hooks stay on labor_movement."
institutionalized_scientific_exchange,era_1,VANILLA_SPLIT,NONE,academia;empiricism,starting_technologies,scripted_effect,effect_starting_technology_tier_1_tech;effect_starting_technology_tier_2_tech;effect_starting_technology_tier_3_tech;effect_starting_technology_tier_4_tech;effect_starting_technology_tier_5_tech,academia;empiricism,,DEFER_STARTING_TECH,DEFER,academia;empiricism,,,common/scripted_effects/00_starting_inventions.txt,,DEFER_TO_OTHER_SYSTEM,Generic tiers grant legacy IDs; country attribution is deferred.,common/scripted_effects/00_starting_inventions.txt,common/scripted_effects/00_starting_inventions.txt,DEFER,Generic tiers grant legacy IDs; country attribution is deferred.,scope STARTING TECHNOLOGIES,,
institutionalized_public_credit,era_1,VANILLA_SPLIT,NONE,banking;central_banking,starting_technologies,scripted_effect,effect_starting_technology_tier_1_tech;effect_starting_technology_tier_2_tech;effect_starting_technology_tier_3_tech;effect_starting_technology_tier_4_tech;effect_starting_technology_tier_5_tech,central_banking;corporate_charters,,DEFER_STARTING_TECH,DEFER,central_banking;corporate_charters,,,common/scripted_effects/00_starting_inventions.txt,,DEFER_TO_OTHER_SYSTEM,Generic tiers grant legacy IDs; country attribution is deferred.,common/scripted_effects/00_starting_inventions.txt,common/scripted_effects/00_starting_inventions.txt,DEFER,Generic tiers grant legacy IDs; country attribution is deferred.,scope STARTING TECHNOLOGIES,,
commercial_insurance_markets,era_1,VANILLA_SPLIT,NONE,international_trade,starting_technologies,scripted_effect,effect_starting_technology_tier_1_tech;effect_starting_technology_tier_2_tech;effect_starting_technology_tier_3_tech;effect_starting_technology_tier_4_tech;effect_starting_technology_tier_5_tech,international_trade,,DEFER_STARTING_TECH,DEFER,international_trade,,,common/scripted_effects/00_starting_inventions.txt,,DEFER_TO_OTHER_SYSTEM,Generic tiers grant legacy IDs; country attribution is deferred.,common/scripted_effects/00_starting_inventions.txt,common/scripted_effects/00_starting_inventions.txt,DEFER,Generic tiers grant legacy IDs; country attribution is deferred.,scope STARTING TECHNOLOGIES,,
systematic_administrative_statistics,era_2,VANILLA_SPLIT,NONE,central_archives;tech_bureaucracy,starting_technologies,scripted_effect,effect_starting_technology_tier_1_tech;effect_starting_technology_tier_2_tech;effect_starting_technology_tier_3_tech;effect_starting_technology_tier_4_tech;effect_starting_technology_tier_5_tech,centralization;central_archives;tech_bureaucracy,,DEFER_STARTING_TECH,DEFER,centralization;central_archives;tech_bureaucracy,,,common/scripted_effects/00_starting_inventions.txt,,DEFER_TO_OTHER_SYSTEM,Generic tiers grant legacy IDs; country attribution is deferred.,common/scripted_effects/00_starting_inventions.txt,common/scripted_effects/00_starting_inventions.txt,DEFER,Generic tiers grant legacy IDs; country attribution is deferred.,scope STARTING TECHNOLOGIES,,
organized_elementary_schooling,era_3,NEW_CUSTOM_WITH_TRANSFERRED_RESPONSIBILITIES,NONE,academia;empiricism;rationalism,starting_technologies,scripted_effect,effect_starting_technology_tier_1_tech;effect_starting_technology_tier_2_tech;effect_starting_technology_tier_3_tech;effect_starting_technology_tier_4_tech;effect_starting_technology_tier_5_tech,rationalism,,DEFER_STARTING_TECH,DEFER,rationalism,,,common/scripted_effects/00_starting_inventions.txt,,DEFER_TO_OTHER_SYSTEM,Generic tiers grant legacy IDs; country attribution is deferred.,common/scripted_effects/00_starting_inventions.txt,common/scripted_effects/00_starting_inventions.txt,DEFER,Generic tiers grant legacy IDs; country attribution is deferred.,scope STARTING TECHNOLOGIES,,
constitutional_government,era_4,VANILLA_SPLIT,NONE,democracy,starting_technologies,scripted_effect,effect_starting_technology_tier_1_tech;effect_starting_technology_tier_2_tech;effect_starting_technology_tier_3_tech;effect_starting_technology_tier_4_tech;effect_starting_technology_tier_5_tech,democracy,,DEFER_STARTING_TECH,DEFER,democracy,,,common/scripted_effects/00_starting_inventions.txt,,DEFER_TO_OTHER_SYSTEM,Generic tiers grant legacy IDs; country attribution is deferred.,common/scripted_effects/00_starting_inventions.txt,common/scripted_effects/00_starting_inventions.txt,DEFER,Generic tiers grant legacy IDs; country attribution is deferred.,scope STARTING TECHNOLOGIES,,
human_rights,era_4,VANILLA_RETIME,country_institution_social_security_max_investment_add=1,egalitarianism;feminism;human_rights,starting_technologies,scripted_effect,effect_starting_technology_tier_1_tech;effect_starting_technology_tier_2_tech;effect_starting_technology_tier_3_tech;effect_starting_technology_tier_4_tech;effect_starting_technology_tier_5_tech,egalitarianism,,DEFER_STARTING_TECH,DEFER,egalitarianism,,,common/scripted_effects/00_starting_inventions.txt,,DEFER_TO_OTHER_SYSTEM,Generic tiers grant legacy IDs; country attribution is deferred.,common/scripted_effects/00_starting_inventions.txt,common/scripted_effects/00_starting_inventions.txt,DEFER,Generic tiers grant legacy IDs; country attribution is deferred.,scope STARTING TECHNOLOGIES,,
scientific_metrology,era_4,VANILLA_SPLIT,NONE,currency_standards,starting_technologies,scripted_effect,effect_starting_technology_tier_1_tech;effect_starting_technology_tier_2_tech;effect_starting_technology_tier_3_tech;effect_starting_technology_tier_4_tech;effect_starting_technology_tier_5_tech,currency_standards,,DEFER_STARTING_TECH,DEFER,currency_standards,,,common/scripted_effects/00_starting_inventions.txt,,DEFER_TO_OTHER_SYSTEM,Generic tiers grant legacy IDs; country attribution is deferred.,common/scripted_effects/00_starting_inventions.txt,common/scripted_effects/00_starting_inventions.txt,DEFER,Generic tiers grant legacy IDs; country attribution is deferred.,scope STARTING TECHNOLOGIES,,
professional_civil_policing,era_6,VANILLA_RETIME_NEW_ID,NONE,law_enforcement;tech_bureaucracy;central_archives,starting_technologies,scripted_effect,effect_starting_technology_tier_1_tech;effect_starting_technology_tier_2_tech;effect_starting_technology_tier_3_tech;effect_starting_technology_tier_4_tech;effect_starting_technology_tier_5_tech,law_enforcement,,DEFER_STARTING_TECH,DEFER,law_enforcement,,,common/scripted_effects/00_starting_inventions.txt,,DEFER_TO_OTHER_SYSTEM,Generic tiers grant legacy IDs; country attribution is deferred.,common/scripted_effects/00_starting_inventions.txt,common/scripted_effects/00_starting_inventions.txt,DEFER,Generic tiers grant legacy IDs; country attribution is deferred.,scope STARTING TECHNOLOGIES,,
early_socialism_cooperativism,era_6,VANILLA_RETIME_NEW_ID,NONE,anarchism;dialectics;socialism,starting_technologies,scripted_effect,effect_starting_technology_tier_1_tech;effect_starting_technology_tier_2_tech;effect_starting_technology_tier_3_tech;effect_starting_technology_tier_4_tech;effect_starting_technology_tier_5_tech,dialectics,,DEFER_STARTING_TECH,DEFER,dialectics,,,common/scripted_effects/00_starting_inventions.txt,,DEFER_TO_OTHER_SYSTEM,Generic tiers grant legacy IDs; country attribution is deferred.,common/scripted_effects/00_starting_inventions.txt,common/scripted_effects/00_starting_inventions.txt,DEFER,Generic tiers grant legacy IDs; country attribution is deferred.,scope STARTING TECHNOLOGIES,,
colonization,era_4,VANILLA_REWIRE_PRESERVED_ID,colonial_affairs_max=2;infamy_against_unrecognized=-0.1,colonization,starting_technologies,scripted_effect,effect_starting_technology_tier_1_tech;effect_starting_technology_tier_2_tech;effect_starting_technology_tier_3_tech;effect_starting_technology_tier_4_tech;effect_starting_technology_tier_5_tech,colonization,,DEFER_STARTING_TECH,DEFER,colonization,,,common/scripted_effects/00_starting_inventions.txt,,DEFER_TO_OTHER_SYSTEM,Generic tiers grant legacy IDs; country attribution is deferred.,common/scripted_effects/00_starting_inventions.txt,common/scripted_effects/00_starting_inventions.txt,DEFER,Generic tiers grant legacy IDs; country attribution is deferred.,scope STARTING TECHNOLOGIES,,
medical_degrees,era_3,VANILLA_RETIME,country_institution_health_system_max_investment_add=1,medical_degrees;modern_nursing;psychiatry,starting_technologies,scripted_effect,effect_starting_technology_tier_1_tech;effect_starting_technology_tier_2_tech;effect_starting_technology_tier_3_tech;effect_starting_technology_tier_4_tech;effect_starting_technology_tier_5_tech,medical_degrees,,DEFER_STARTING_TECH,DEFER,medical_degrees,,,common/scripted_effects/00_starting_inventions.txt,,DEFER_TO_OTHER_SYSTEM,Generic tiers grant legacy IDs; country attribution is deferred.,common/scripted_effects/00_starting_inventions.txt,common/scripted_effects/00_starting_inventions.txt,DEFER,Generic tiers grant legacy IDs; country attribution is deferred.,scope STARTING TECHNOLOGIES,,
national_sovereignty,era_4,VANILLA_SPLIT,NONE,nationalism;pan-nationalism,post1836_nationalism,mixed,nationalism;pan-nationalism,nationalism;pan-nationalism,nationalism;pan-nationalism,DEFER_POST1836,NO_CHANGE,nationalism;pan-nationalism,,,common/technology/technologies/90_tech3a_vanilla_post1836_compatibility.txt,nationalism;pan-nationalism,DEFER_TO_OTHER_SYSTEM,Mature nodes remain researchable in eras 7-8.,common/technology/technologies/90_tech3a_vanilla_post1836_compatibility.txt,common/technology/technologies/90_tech3a_vanilla_post1836_compatibility.txt,DEFER,Mature nodes remain researchable in eras 7-8.,TECH2H_VANILLA_SPLIT_UNLOCK_MATRIX.csv,,
active_principle_pharmacy,era_5,VANILLA_SPLIT,NONE,pharmaceuticals;quinine,post1836_quinine,mixed,quinine,quinine,quinine,DEFER_POST1836,NO_CHANGE,quinine,,,common/technology/technologies/90_tech3a_vanilla_post1836_compatibility.txt,quinine,DEFER_TO_OTHER_SYSTEM,Do not duplicate mature quinine.,common/technology/technologies/90_tech3a_vanilla_post1836_compatibility.txt,common/technology/technologies/90_tech3a_vanilla_post1836_compatibility.txt,DEFER,Do not duplicate mature quinine.,TECH2H_VANILLA_SPLIT_UNLOCK_MATRIX.csv,,
postal_savings,era_5,VANILLA_RETIME,five investment efficiency modifiers=0.15;cash_reserves=0.2,mutual_funds;postal_savings,post1836_finance,mixed,mutual_funds,mutual_funds,mutual_funds,DEFER_POST1836,NO_CHANGE,mutual_funds,,,common/technology/technologies/90_tech3a_vanilla_post1836_compatibility.txt,mutual_funds,DEFER_TO_OTHER_SYSTEM,Mutual funds remains distinct.,common/technology/technologies/90_tech3a_vanilla_post1836_compatibility.txt,common/technology/technologies/90_tech3a_vanilla_post1836_compatibility.txt,DEFER,Mutual funds remains distinct.,TECH_SOCIETY_1700_1836_V1.csv;TECH_TREE_1700_1836_INTEGRATED_V1.csv,,
medical_degrees,era_3,VANILLA_RETIME,country_institution_health_system_max_investment_add=1,medical_degrees;modern_nursing;psychiatry,military_nursing,mixed,modern_nursing,modern_nursing,modern_nursing,DEFER_TECH6C,DEFER,modern_nursing,,,C:/Games/Victoria 3/game/common/technology/technologies/20_military.txt,modern_nursing,DEFER_TO_OTHER_SYSTEM,Military nursing is out of scope.,C:/Games/Victoria 3/game/common/technology/technologies/20_military.txt,C:/Games/Victoria 3/game/common/technology/technologies/20_military.txt,DEFER,Military nursing is out of scope.,scope TECH6C,,
optical_telegraph_networks,era_4,VANILLA_KEEP_CONCEPT_NEW_ID,NONE,electric_telegraph,military_communications,mixed,electric_telegraph,electric_telegraph,electric_telegraph,DEFER_TECH6C,DEFER,electric_telegraph,,,C:/Games/Victoria 3/game/common/technology/technologies/20_military.txt,electric_telegraph,DEFER_TO_OTHER_SYSTEM,Electric war communications are out of scope.,C:/Games/Victoria 3/game/common/technology/technologies/20_military.txt,C:/Games/Victoria 3/game/common/technology/technologies/20_military.txt,DEFER,Electric war communications are out of scope.,scope TECH6C,,
central_statistical_offices,era_5,VANILLA_KEEP_CONCEPT_NEW_ID,NONE,central_archives;military_statistics,military_statistics,mixed,military_statistics,military_statistics,military_statistics,DEFER_TECH6C,DEFER,military_statistics,,,C:/Games/Victoria 3/game/common/technology/technologies/20_military.txt,military_statistics,DEFER_TO_OTHER_SYSTEM,Military statistics is out of scope.,C:/Games/Victoria 3/game/common/technology/technologies/20_military.txt,C:/Games/Victoria 3/game/common/technology/technologies/20_military.txt,DEFER,Military statistics is out of scope.,scope TECH6C,,
