"Technology_ID","Era","Category","Current_EN_Name","Current_FR_Name","Current_EN_Description","Current_FR_Description","Issue_Type","Needs_Name_Change","Needs_Description_Change","Notes"
"shaft_mining","era_1","production","Shaft Mining","Puits de mine","By mining straight down to the desired depth before branching it off, and then using a lift system to raise materials up and down it is possible to make a much more efficient mine.","En creusant directement jusqu’à la profondeur souhaitée avant de bifurquer, puis en utilisant un système de levage pour faire monter et descendre les matériaux, il est possible de créer une mine bien plus efficace.","OK","NO","NO","MOD_MODIFIED; definition=common/technology/technologies/10_tech3a_production.txt; en=localization/english/replace/1776_overrides_l_english.yml; fr=localization/french/replace/1776_overrides_l_french.yml; prerequisites=none; unlocks=buildings:building_iron_mine|buildings:building_lead_mine|buildings:building_sulfur_mine|buildings:building_gold_mine|buildings:building_limestone_quarry|buildings:building_copper_mine"
"coke_smelting","era_1","production","Coke Smelting","Fonte au coke","The practical development of Coke Smelting expands productive capacity and prepares its later industrial applications.","Le développement pratique de Fonte au coke accroît les capacités productives et prépare ses applications industrielles ultérieures.","GENERIC_DESCRIPTION","NO","YES","MOD_ADDED; definition=common/technology/technologies/10_tech3a_production.txt; en=localization/english/tech3a_technology_l_english.yml; fr=localization/french/tech3a_technology_l_french.yml; prerequisites=organized_workshops shaft_mining; unlocks=buildings:building_steel_mill"
"atmospheric_engine","era_2","production","Atmospheric Engine","Pompe à feu","The Atmospheric Engine is the first steam engine that has an actual practical application. ","La pompe à feu est la première machine à vapeur ayant une véritable application pratique. ","OK","NO","NO","MOD_MODIFIED; definition=common/technology/technologies/10_tech3a_production.txt; en=localization/english/replace/1776_overrides_l_english.yml; fr=localization/french/replace/1776_overrides_l_french.yml; prerequisites=shaft_mining; unlocks=production_methods:pm_atmospheric_engine_pump_building_coal_mine|production_methods:pm_atmospheric_engine_pump_building_iron_mine|production_methods:pm_atmospheric_engine_pump_building_lead_mine|production_methods:pm_atmospheric_engine_pump_building_sulfur_mine|production_methods:pm_atmospheric_engine_pump_building_gold_mine|production_methods:pm_atmospheric_engine_pump_building_salt_mine|production_methods:pm_atmospheric_engine_pump_building_copper_mine|production_methods:pm_atmospheric_engine_pump_building_bauxite_mine|production_methods:pm_atmospheric_engine_pump_building_phosphate_mine"
"improved_husbandry","era_1","production","Improved Husbandry","Agriculture améliorée","The practical development of Improved Husbandry expands productive capacity and prepares its later industrial applications.","Le développement pratique de Agriculture améliorée accroît les capacités productives et prépare ses applications industrielles ultérieures.","GENERIC_DESCRIPTION","NO","YES","MOD_ADDED; definition=common/technology/technologies/10_tech3a_production.txt; en=localization/english/tech3a_technology_l_english.yml; fr=localization/french/tech3a_technology_l_french.yml; prerequisites=none; unlocks=buildings:building_rice_farm|buildings:building_maize_farm|buildings:building_opium_plantation|buildings:building_tea_plantation|buildings:building_banana_plantation"
"distillation","era_1","production","Distillation","Distillation","Distillation is the ability to separate components of a liquid using different boiling temperatures, allowing for all sorts of further uses.","La distillation est la capacité de séparer des composants d’un liquide en appliquant différentes températures d’ébullition, et ce à toutes sortes de fins.","OK","NO","NO","MOD_MODIFIED; definition=common/technology/technologies/10_tech3a_production.txt; en=localization/english/inventions_l_english.yml; fr=localization/french/inventions_l_french.yml; prerequisites=traditional_food_processing; unlocks=production_methods:pm_pot_stills|production_methods:pm_spiced_food_preparations"
"crystal_glass","era_4","production","Crystal Glass","Verre en cristal","By adding lead to glass it is possible to create glass with the appearance of crystal, which is sought after due to its value.","En ajoutant du plomb au verre, il est possible de fabriquer du verre ayant l’apparence du cristal, très recherché en raison de sa valeur.","OK","NO","NO","MOD_MODIFIED; definition=common/technology/technologies/10_tech3a_production.txt; en=localization/english/inventions_l_english.yml; fr=localization/french/inventions_l_french.yml; prerequisites=industrial_ceramics organized_workshops; unlocks=production_methods:pm_crystal_glass"
"improved_agricultural_implements","era_1","production","Improved Farm Tools","Outils agricoles","The practical development of Improved Agricultural Implements expands productive capacity and prepares its later industrial applications.","Le développement pratique de Outils agricoles améliorés accroît les capacités productives et prépare ses applications industrielles ultérieures.","GENERIC_DESCRIPTION","NO","YES","MOD_ADDED; definition=common/technology/technologies/10_tech3a_production.txt; en=localization/english/tech3a_technology_l_english.yml; fr=localization/french/tech3a_technology_l_french.yml; prerequisites=improved_husbandry; unlocks=production_methods:pm_tools"
"turnpike_road_networks","era_2","production","Organized Land Infrastructure","Infrastructure terrestre organisée","Organized road networks, structured maintenance, and the administration of overland routes provide a common foundation for land infrastructure.","Des réseaux routiers organisés, un entretien structuré et l'administration des voies terrestres constituent un socle commun pour les infrastructures terrestres.","OK","NO","NO","MOD_ADDED; definition=common/technology/technologies/10_tech3a_production.txt; en=localization/english/tech3a_technology_l_english.yml; fr=localization/french/tech3a_technology_l_french.yml; prerequisites=none; unlocks=production_methods:pm_market_squares|production_methods:pm_turnpike_road_network"
"industrial_acids","era_2","production","Industrial Acids","Acides industriels","The practical development of Industrial Acids expands productive capacity and prepares its later industrial applications.","Le développement pratique de Acides industriels accroît les capacités productives et prépare ses applications industrielles ultérieures.","GENERIC_DESCRIPTION","NO","YES","MOD_ADDED; definition=common/technology/technologies/10_tech3a_production.txt; en=localization/english/tech3a_technology_l_english.yml; fr=localization/french/tech3a_technology_l_french.yml; prerequisites=none; unlocks=buildings:building_chemical_plant"
"advanced_crop_rotations","era_3","production","Advanced Crop Rotations","Rotations culturales","The practical development of Advanced Crop Rotations expands productive capacity and prepares its later industrial applications.","Le développement pratique de Rotations culturales avancées accroît les capacités productives et prépare ses applications industrielles ultérieures.","GENERIC_DESCRIPTION","NO","YES","MOD_ADDED; definition=common/technology/technologies/10_tech3a_production.txt; en=localization/english/tech3a_technology_l_english.yml; fr=localization/french/tech3a_technology_l_french.yml; prerequisites=improved_husbandry selective_breeding; unlocks=production_methods:pm_soil_enriching_farming|production_methods:pm_soil_enriching_farming_building_rice_farm"
"artificial_fertilizers","era_4","production","Artificial Fertilizers","Engrais artificiels","Combining industrial acids with systematic crop rotation makes the large-scale manufacture of agricultural fertilizers possible.","L'association des acides industriels et de rotations culturales systématiques permet la fabrication à grande échelle d'engrais agricoles.","OK","NO","NO","MOD_ADDED; definition=common/technology/technologies/10_tech3a_production.txt; en=localization/english/tech3a_technology_l_english.yml; fr=localization/french/tech3a_technology_l_french.yml; prerequisites=advanced_crop_rotations industrial_acids; unlocks=none"
"selective_breeding","era_2","production","Selective Breeding","Élevage sélectif","The practical development of Selective Breeding expands productive capacity and prepares its later industrial applications.","Le développement pratique de Élevage sélectif accroît les capacités productives et prépare ses applications industrielles ultérieures.","GENERIC_DESCRIPTION","NO","YES","MOD_ADDED; definition=common/technology/technologies/10_tech3a_production.txt; en=localization/english/tech3a_technology_l_english.yml; fr=localization/french/tech3a_technology_l_french.yml; prerequisites=improved_husbandry; unlocks=production_methods:pm_sheep_farms"
"industrial_canals","era_3","production","Organized Commercial Waterways","Voies d'eau commerciales organisées","Coordinated canal and navigable-waterway networks connect markets and carry bulk goods without presupposing later industrial engineering.","Des réseaux coordonnés de canaux et de voies navigables relient les marchés et transportent les marchandises pondéreuses sans supposer le génie industriel ultérieur.","BAD_TRANSLATION","YES","NO","MOD_ADDED; definition=common/technology/technologies/10_tech3a_production.txt; en=localization/english/tech3a_technology_l_english.yml; fr=localization/french/tech3a_technology_l_french.yml; prerequisites=turnpike_road_networks; unlocks=production_methods:pm_industrial_canals"
"mechanized_spinning","era_3","production","","Filature mécanisée précoce","","L'introduction de machines de filature motorisées permet aux producteurs textiles de remplacer progressivement le filage manuel par des procédés mécaniques plus rapides et plus réguliers.","MISSING_EN","YES","YES","MOD_ADDED; definition=common/technology/technologies/10_tech3a_production.txt; en=; fr=localization/french/tech3a_technology_l_french.yml; prerequisites=organized_textile_production; unlocks=production_methods:pm_dye_workshops"
"applied_mineralogy","era_3","production","Applied Mineralogy","Minéralogie appliquée","The practical development of Applied Mineralogy expands productive capacity and prepares its later industrial applications.","Le développement pratique de Minéralogie appliquée accroît les capacités productives et prépare ses applications industrielles ultérieures.","GENERIC_DESCRIPTION","NO","YES","MOD_ADDED; definition=common/technology/technologies/10_tech3a_production.txt; en=localization/english/tech3a_technology_l_english.yml; fr=localization/french/tech3a_technology_l_french.yml; prerequisites=shaft_mining; unlocks=buildings:building_gold_field|buildings:building_phosphate_mine"
"industrial_ceramics","era_3","production","Industrial Ceramics","Céramique industrielle","The practical development of Industrial Ceramics expands productive capacity and prepares its later industrial applications.","Le développement pratique de Céramique industrielle accroît les capacités productives et prépare ses applications industrielles ultérieures.","GENERIC_DESCRIPTION","NO","YES","MOD_ADDED; definition=common/technology/technologies/10_tech3a_production.txt; en=localization/english/tech3a_technology_l_english.yml; fr=localization/french/tech3a_technology_l_french.yml; prerequisites=organized_workshops; unlocks=production_methods:pm_leaded_glass|production_methods:pm_ceramics"
"precision_boring","era_4","production","Precision Boring","Alésage de précision","The practical development of Precision Boring expands productive capacity and prepares its later industrial applications.","Le développement pratique de Alésage de précision accroît les capacités productives et prépare ses applications industrielles ultérieures.","GENERIC_DESCRIPTION","NO","YES","MOD_ADDED; definition=common/technology/technologies/10_tech3a_production.txt; en=localization/english/tech3a_technology_l_english.yml; fr=localization/french/tech3a_technology_l_french.yml; prerequisites=coke_smelting atmospheric_engine organized_workshops; unlocks=production_methods:pm_pig_iron|production_methods:coffee_plantation_wet_process_manual|production_methods:molds"
"condensing_steam_engines","era_4","production","Condensing Steam Engines","Vapeur à condensation","The practical development of Condensing Steam Engines expands productive capacity and prepares its later industrial applications.","Le développement pratique de Machines à vapeur à condensation accroît les capacités productives et prépare ses applications industrielles ultérieures.","GENERIC_DESCRIPTION","NO","YES","MOD_ADDED; definition=common/technology/technologies/10_tech3a_production.txt; en=localization/english/tech3a_technology_l_english.yml; fr=localization/french/tech3a_technology_l_french.yml; prerequisites=atmospheric_engine precision_boring; unlocks=production_methods:pm_condensing_engine_pump_building_coal_mine|production_methods:pm_condensing_engine_pump_building_iron_mine|production_methods:pm_condensing_engine_pump_building_lead_mine|production_methods:pm_condensing_engine_pump_building_sulfur_mine|production_methods:pm_condensing_engine_pump_building_gold_mine|production_methods:pm_condensing_engine_pump_building_salt_mine|production_methods:pm_condensing_engine_pump_building_copper_mine|production_methods:pm_condensing_engine_pump_building_phosphate_mine"
"rotative_steam_power","era_5","production","Rotative Steam Power","Vapeur rotative","The practical development of Rotative Steam Power expands productive capacity and prepares its later industrial applications.","Le développement pratique de Force motrice à vapeur rotative accroît les capacités productives et prépare ses applications industrielles ultérieures.","GENERIC_DESCRIPTION","NO","YES","MOD_ADDED; definition=common/technology/technologies/10_tech3a_production.txt; en=localization/english/tech3a_technology_l_english.yml; fr=localization/french/tech3a_technology_l_french.yml; prerequisites=condensing_steam_engines; unlocks=buildings:building_motor_industry|production_methods:coffee_plantation_wet_process_mechanical"
"advanced_spinning","era_4","production","Sewing Mechanization","Mécanisation de la couture","Purpose-built sewing machinery mechanizes garment assembly and prepares textile workshops for later electrically powered equipment.","Des machines spécialisées mécanisent l'assemblage des vêtements et préparent les ateliers textiles à l'emploi ultérieur d'équipements électriques.","BAD_TRANSLATION","YES","NO","MOD_ADDED; definition=common/technology/technologies/10_tech3a_production.txt; en=localization/english/tech3a_technology_l_english.yml; fr=localization/french/tech3a_technology_l_french.yml; prerequisites=mechanized_spinning; unlocks=production_methods:pm_sewing_machines"
"puddling_and_rolling","era_4","production","Puddling and Rolling","Puddlage et laminage","The practical development of Puddling and Rolling expands productive capacity and prepares its later industrial applications.","Le développement pratique de Puddlage et laminage accroît les capacités productives et prépare ses applications industrielles ultérieures.","GENERIC_DESCRIPTION","NO","YES","MOD_ADDED; definition=common/technology/technologies/10_tech3a_production.txt; en=localization/english/tech3a_technology_l_english.yml; fr=localization/french/tech3a_technology_l_french.yml; prerequisites=coke_smelting; unlocks=production_methods:pm_blister_steel_process"
"deep_mine_engineering","era_4","production","Deep Mine Engineering","Mines profondes","The practical development of Deep Mine Engineering expands productive capacity and prepares its later industrial applications.","Le développement pratique de Ingénierie des mines profondes accroît les capacités productives et prépare ses applications industrielles ultérieures.","GENERIC_DESCRIPTION","NO","YES","MOD_ADDED; definition=common/technology/technologies/10_tech3a_production.txt; en=localization/english/tech3a_technology_l_english.yml; fr=localization/french/tech3a_technology_l_french.yml; prerequisites=shaft_mining atmospheric_engine applied_mineralogy; unlocks=production_methods:pm_steam_mine_ventilation_building_bauxite_mine|production_methods:pm_electric_mine_ventilation_building_bauxite_mine|production_methods:pm_steam_mine_ventilation|production_methods:pm_electric_mine_ventilation"
"threshing_machine","era_4","production","Threshing Machines","Batteuse","By removing the physical labor aspect of threshing the grain, the Steam Powered Threshing Machine makes farming much more efficient.","En supprimant l’aspect physique du battage des céréales, la batteuse à vapeur rend l’agriculture bien plus efficace.","OK","NO","NO","MOD_MODIFIED; definition=common/technology/technologies/10_tech3a_production.txt; en=localization/english/replace/1776_overrides_l_english.yml; fr=localization/french/replace/1776_overrides_l_french.yml; prerequisites=improved_agricultural_implements; unlocks=production_methods:pm_steam_threshers|production_methods:pm_steam_threshers_building_rice_farm"
"chemical_bleaching","era_5","production","Chemical Bleaching","Blanchiment optique","Through the addition of certain salts, minerals, or chemicals to the raw materials, the visual qualities of manufactured goods can be greatly increased.","L’ajout de certains sels, minéraux ou produits chimiques aux matières premières permet d’améliorer considérablement l’aspect visuel de produits manufacturés.","OK","NO","NO","MOD_MODIFIED; definition=common/technology/technologies/10_tech3a_production.txt; en=localization/english/replace/1776_overrides_l_english.yml; fr=localization/french/replace/1776_overrides_l_french.yml; prerequisites=industrial_alkalis industrial_ceramics; unlocks=production_methods:pm_bone_china|production_methods:pm_chemical_bleaching_textile_mill"
"cotton_gin","era_4","production","Cotton Gin","Égreneuse à coton","The cotton gin is a machine which quickly separates the cotton from its seeds, enabling a much faster processing time than doing it by hand.","L’égreneuse à coton est une machine qui sépare rapidement le coton de ses graines, ce qui permet un traitement bien plus rapide qu’un travail manuel.","OK","NO","NO","MOD_MODIFIED; definition=common/technology/technologies/10_tech3a_production.txt; en=localization/english/replace/1776_overrides_l_english.yml; fr=localization/french/replace/1776_overrides_l_french.yml; prerequisites=mechanized_spinning; unlocks=none"
"automated_flour_milling","era_4","production","Automated Flour Milling","Meunerie automatisée","The practical development of Automated Flour Milling expands productive capacity and prepares its later industrial applications.","Le développement pratique de Meunerie automatisée accroît les capacités productives et prépare ses applications industrielles ultérieures.","GENERIC_DESCRIPTION","NO","YES","MOD_ADDED; definition=common/technology/technologies/10_tech3a_production.txt; en=localization/english/tech3a_technology_l_english.yml; fr=localization/french/tech3a_technology_l_french.yml; prerequisites=improved_agricultural_implements traditional_food_processing; unlocks=production_methods:pm_cylinder_flour_milling"
"mechanical_tools","era_5","production","Mechanical Tools","Outils mécaniques","Handcrafted goods can be of exceptional quality, but for consistency and rapidity in production, mechanical aids are needed.","Les produits fabriqués à la main peuvent être d’une qualité exceptionnelle, mais pour assurer l’uniformité du produit et la rapidité de la production, des aides mécaniques sont nécessaires.","OK","NO","NO","MOD_MODIFIED; definition=common/technology/technologies/10_tech3a_production.txt; en=localization/english/replace/1776_overrides_l_english.yml; fr=localization/french/replace/1776_overrides_l_french.yml; prerequisites=precision_boring puddling_and_rolling; unlocks=production_methods:pm_lathe|production_methods:pm_precision_tools|production_methods:pm_steel|production_methods:pm_slaughterhouses|production_methods:pm_saw_mills"
"high_pressure_steam","era_5","production","High-Pressure Steam","Vapeur à haute pression","The practical development of High-Pressure Steam expands productive capacity and prepares its later industrial applications.","Le développement pratique de Vapeur à haute pression accroît les capacités productives et prépare ses applications industrielles ultérieures.","BAD_TRANSLATION","YES","YES","MOD_ADDED; definition=common/technology/technologies/10_tech3a_production.txt; en=localization/english/tech3a_technology_l_english.yml; fr=localization/french/tech3a_technology_l_french.yml; prerequisites=atmospheric_engine mechanical_tools rotative_steam_power; unlocks=production_methods:coffee_plantation_mechanical_drying|production_methods:vacuum_pan_sugar|production_methods:pm_vapor_compression_refrigeration_building_livestock_ranch|production_methods:pm_vapor_compression_refrigeration_building_fishing_wharf|production_methods:pm_vapor_compression_refrigeration_building_whaling_station"
"mechanized_weaving","era_3","production","Mechanical Looms","Métiers à tisser mécaniques","The adoption of powered looms transforms weaving from skilled manual work into a more standardized industrial process.","L'adoption de métiers à tisser motorisés transforme progressivement le tissage artisanal en un processus industriel plus standardisé.","BAD_TRANSLATION","YES","NO","MOD_ADDED; definition=common/technology/technologies/10_tech3a_production.txt; en=localization/english/tech3a_technology_l_english.yml; fr=localization/french/tech3a_technology_l_french.yml; prerequisites=mechanized_spinning; unlocks=production_methods:pm_mechanized_looms"
"industrial_alkalis","era_5","production","Industrial Alkalis","Alcalis industriels","The practical development of Industrial Alkalis expands productive capacity and prepares its later industrial applications.","Le développement pratique de Alcalis industriels accroît les capacités productives et prépare ses applications industrielles ultérieures.","GENERIC_DESCRIPTION","NO","YES","MOD_ADDED; definition=common/technology/technologies/10_tech3a_production.txt; en=localization/english/tech3a_technology_l_english.yml; fr=localization/french/tech3a_technology_l_french.yml; prerequisites=industrial_acids; unlocks=production_methods:pm_leblanc_alkali_process|production_methods:pm_brine_electrolysis_building_chemical_works"
"canneries","era_5","production","Canneries","Conserveries","Canneries are machines made specifically to seal food in an airtight container, so that it can be preserved for longer.","Les conserveries sont des machines spécialement conçues pour stocker la nourriture dans un récipient hermétique, afin d’en assurer la conservation plus longtemps.","OK","NO","NO","MOD_MODIFIED; definition=common/technology/technologies/10_tech3a_production.txt; en=localization/english/replace/1776_overrides_l_english.yml; fr=localization/french/replace/1776_overrides_l_french.yml; prerequisites=automated_flour_milling; unlocks=production_methods:pm_cannery|production_methods:pm_cannery_fish"
"improved_road_engineering","era_5","production","Road Engineering","Génie routier","Graded roadbeds, drainage, and durable surfaces create reliable all-season roads.","Les chaussées nivelées, le drainage et les revêtements durables créent des routes fiables en toute saison.","OK","NO","NO","MOD_ADDED; definition=common/technology/technologies/10_tech3a_production.txt; en=localization/english/tech3a_technology_l_english.yml; fr=localization/french/tech3a_technology_l_french.yml; prerequisites=turnpike_road_networks; unlocks=production_methods:pm_engineered_road_network"
"systematic_field_drainage","era_5","production","Field Drainage","Drainage agricole","The practical development of Systematic Field Drainage expands productive capacity and prepares its later industrial applications.","Le développement pratique de Drainage agricole systématique accroît les capacités productives et prépare ses applications industrielles ultérieures.","GENERIC_DESCRIPTION","NO","YES","MOD_ADDED; definition=common/technology/technologies/10_tech3a_production.txt; en=localization/english/tech3a_technology_l_english.yml; fr=localization/french/tech3a_technology_l_french.yml; prerequisites=advanced_crop_rotations improved_road_engineering; unlocks=none"
"mine_safety_engineering","era_5","production","Mine Safety Engineering","Sécurité minière","The practical development of Mine Safety Engineering expands productive capacity and prepares its later industrial applications.","Le développement pratique de Ingénierie de la sécurité minière accroît les capacités productives et prépare ses applications industrielles ultérieures.","GENERIC_DESCRIPTION","NO","YES","MOD_ADDED; definition=common/technology/technologies/10_tech3a_production.txt; en=localization/english/tech3a_technology_l_english.yml; fr=localization/french/tech3a_technology_l_french.yml; prerequisites=deep_mine_engineering; unlocks=none"
"continuous_papermaking","era_5","production","Continuous Papermaking","Papier continu","The practical development of Continuous Papermaking expands productive capacity and prepares its later industrial applications.","Le développement pratique de Fabrication continue du papier accroît les capacités productives et prépare ses applications industrielles ultérieures.","GENERIC_DESCRIPTION","NO","YES","MOD_ADDED; definition=common/technology/technologies/10_tech3a_production.txt; en=localization/english/tech3a_technology_l_english.yml; fr=localization/french/tech3a_technology_l_french.yml; prerequisites=precision_boring traditional_papermaking; unlocks=production_methods:pm_sulfite_pulping"
"coal_gasification","era_5","production","Coal Gasification","Gazéification du charbon","The practical development of Coal Gasification expands productive capacity and prepares its later industrial applications.","Le développement pratique de Gazéification du charbon accroît les capacités productives et prépare ses applications industrielles ultérieures.","GENERIC_DESCRIPTION","NO","YES","MOD_ADDED; definition=common/technology/technologies/10_tech3a_production.txt; en=localization/english/tech3a_technology_l_english.yml; fr=localization/french/tech3a_technology_l_french.yml; prerequisites=industrial_acids coke_smelting; unlocks=production_methods:pm_gas_streetlights"
"professional_civil_engineering","era_5","production","Civil Engineering","Génie civil","The practical development of Professional Civil Engineering expands productive capacity and prepares its later industrial applications.","Le développement pratique de Génie civil professionnel accroît les capacités productives et prépare ses applications industrielles ultérieures.","GENERIC_DESCRIPTION","NO","YES","MOD_ADDED; definition=common/technology/technologies/10_tech3a_production.txt; en=localization/english/tech3a_technology_l_english.yml; fr=localization/french/tech3a_technology_l_french.yml; prerequisites=industrial_canals improved_road_engineering; unlocks=buildings:building_cement_works|production_methods:pm_iron_frame_buildings|production_methods:pm_engineered_canals"
"interchangeable_manufacture","era_6","production","Interchangeable Parts","Pièces interchangeables","The practical development of Interchangeable Manufacture expands productive capacity and prepares its later industrial applications.","Le développement pratique de Fabrication interchangeable accroît les capacités productives et prépare ses applications industrielles ultérieures.","GENERIC_DESCRIPTION","NO","YES","MOD_ADDED; definition=common/technology/technologies/10_tech3a_production.txt; en=localization/english/tech3a_technology_l_english.yml; fr=localization/french/tech3a_technology_l_french.yml; prerequisites=mechanical_tools; unlocks=production_methods:pm_mechanized_workshops|production_methods:pm_precision_machine_tools"
"railways","era_6","production","Railways","Chemins de fer","The first steam locomotive railways were built to transport passengers, only later being used for industrial purposes. The efficient and rapid method of travel quickly rendered canal systems obsolete, sometimes just years after the canals had been completed at great expense.","Les premiers chemins de fer pour locomotives à vapeur ont été construits pour le transport de passagers, et n’ont été utilisés que plus tard à des fins industrielles. Ce moyen de transport efficace et rapide a rendu les systèmes de canaux obsolètes, parfois seulement quelques années après leur construction onéreuse.","OK","NO","NO","MOD_MODIFIED; definition=common/technology/technologies/10_tech3a_production.txt; en=localization/english/replace/1776_overrides_l_english.yml; fr=localization/french/replace/1776_overrides_l_french.yml; prerequisites=high_pressure_steam puddling_and_rolling professional_civil_engineering; unlocks=production_methods:pm_rail_transport_mine|production_methods:pm_steam_rail_transport|production_methods:pm_public_trams|production_methods:pm_rail_transport_building_logging_camp|production_methods:pm_rail_transport_building_oil_rig|production_methods:pm_early_trains|production_methods:pm_steam_trains|production_methods:pm_steam_trains_principle_transport_3|production_methods:pm_electric_trains|production_methods:pm_electric_trains_principle_transport_3|production_methods:pm_diesel_trains|production_methods:pm_diesel_trains_principle_transport_3|production_methods:pm_wooden_passenger_carriages|production_methods:pm_steel_passenger_carriages|production_methods:pm_rail_transport_building_bauxite_mine|production_methods:pm_steam_rail_transport_building_rubber_plantation"
"geological_surveying","era_6","production","Geological Surveying","Levé géologique","The practical development of Geological Surveying expands productive capacity and prepares its later industrial applications.","Le développement pratique de Levé géologique accroît les capacités productives et prépare ses applications industrielles ultérieures.","GENERIC_DESCRIPTION","NO","YES","MOD_ADDED; definition=common/technology/technologies/10_tech3a_production.txt; en=localization/english/tech3a_technology_l_english.yml; fr=localization/french/tech3a_technology_l_french.yml; prerequisites=applied_mineralogy professional_civil_engineering; unlocks=production_methods:pm_crushing_and_screening_building_limestone_quarry|production_methods:pm_ore_concentration_building_copper_mine|production_methods:pm_ore_concentration_building_bauxite_mine|production_methods:pm_ore_concentration_building_phosphate_mine|production_methods:pm_ore_concentration_building_coal_mine|production_methods:pm_ore_concentration_building_iron_mine|production_methods:pm_ore_concentration_building_lead_mine|production_methods:pm_ore_concentration_building_sulfur_mine|production_methods:pm_ore_concentration_building_gold_mine|production_methods:pm_salt_purification_building_salt_mine"
"hot_blast_smelting","era_6","production","Hot Blast Smelting","Fonte à vent chaud","The practical development of Hot Blast Smelting expands productive capacity and prepares its later industrial applications.","Le développement pratique de Fonte à vent chaud accroît les capacités productives et prépare ses applications industrielles ultérieures.","BAD_TRANSLATION","YES","YES","MOD_ADDED; definition=common/technology/technologies/10_tech3a_production.txt; en=localization/english/tech3a_technology_l_english.yml; fr=localization/french/tech3a_technology_l_french.yml; prerequisites=puddling_and_rolling rotative_steam_power; unlocks=none"
"hydraulic_cements","era_6","production","Hydraulic Cements","Ciments hydrauliques","The practical development of Hydraulic Cements expands productive capacity and prepares its later industrial applications.","Le développement pratique de Ciments hydrauliques accroît les capacités productives et prépare ses applications industrielles ultérieures.","GENERIC_DESCRIPTION","NO","YES","MOD_ADDED; definition=common/technology/technologies/10_tech3a_production.txt; en=localization/english/tech3a_technology_l_english.yml; fr=localization/french/tech3a_technology_l_french.yml; prerequisites=professional_civil_engineering industrial_ceramics; unlocks=production_methods:pm_hydraulic_cement_process"
"hydraulic_turbines","era_6","production","Hydraulic Turbines","Turbines hydrauliques","The practical development of Hydraulic Turbines expands productive capacity and prepares its later industrial applications.","Le développement pratique de Turbines hydrauliques accroît les capacités productives et prépare ses applications industrielles ultérieures.","GENERIC_DESCRIPTION","NO","YES","MOD_ADDED; definition=common/technology/technologies/10_tech3a_production.txt; en=localization/english/tech3a_technology_l_english.yml; fr=localization/french/tech3a_technology_l_french.yml; prerequisites=none; unlocks=none"
"pressed_glass","era_6","production","Pressed Glass","Verre pressé","The practical development of Pressed Glass expands productive capacity and prepares its later industrial applications.","Le développement pratique de Verre pressé accroît les capacités productives et prépare ses applications industrielles ultérieures.","GENERIC_DESCRIPTION","NO","YES","MOD_ADDED; definition=common/technology/technologies/10_tech3a_production.txt; en=localization/english/tech3a_technology_l_english.yml; fr=localization/french/tech3a_technology_l_french.yml; prerequisites=crystal_glass industrial_alkalis mechanical_tools; unlocks=production_methods:pm_pressed_glass"
"fractional_distillation","era_6","production","Fractional Distillation","Distillation fractionnée","Repeated vaporizing and condensing allows the liquids to be separated into purer components. The practical applications of this process are endless.","La vaporisation et la condensation répétées permettent de séparer les liquides pour obtenir des composants plus purs. Les applications pratiques de ce procédé sont infinies.","OK","NO","NO","MOD_MODIFIED; definition=common/technology/technologies/10_tech3a_production.txt; en=localization/english/replace/1776_overrides_l_english.yml; fr=localization/french/replace/1776_overrides_l_french.yml; prerequisites=mechanical_tools industrial_acids distillation; unlocks=buildings:building_oil_refinery|production_methods:pm_patent_stills|production_methods:pm_fractional_distillation_refinery"
"organized_forestry","era_2","production","Organized Forestry","Exploitation forestière organisée","The organization of logging, timber extraction and transportation allows forests to be exploited regularly on a large scale.","L’organisation de l’abattage, du débardage et du transport du bois permet une exploitation forestière régulière à grande échelle.","OK","NO","NO","MOD_ADDED; definition=common/technology/technologies/10_tech3a_production.txt; en=localization/english/tech3a_technology_l_english.yml; fr=localization/french/tech3a_technology_l_french.yml; prerequisites=improved_husbandry; unlocks=production_methods:pm_organized_forestry"
"traditional_papermaking","era_1","production","Traditional Papermaking","Fabrication traditionnelle du papier","Mastery of fibre preparation, pulping, pressing and drying techniques allows for the regular production of paper.","La maîtrise des techniques de préparation des fibres, de mise en pâte, de pressage et de séchage permet une production régulière de papier.","BAD_TRANSLATION","YES","NO","MOD_ADDED; definition=common/technology/technologies/10_tech3a_production.txt; en=localization/english/tech3a_technology_l_english.yml; fr=localization/french/tech3a_technology_l_french.yml; prerequisites=none; unlocks=buildings:building_paper_mill"
"traditional_glassmaking","era_2","production","Traditional Glassmaking","Fabrication traditionnelle du verre","Mastery of furnaces, mineral melting and glass-forming techniques allows for the regular production of glass.","La maîtrise des fours, de la fusion des matières minérales et des techniques de façonnage permet une production régulière de verre.","BAD_TRANSLATION","YES","NO","MOD_ADDED; definition=common/technology/technologies/10_tech3a_production.txt; en=localization/english/tech3a_technology_l_english.yml; fr=localization/french/tech3a_technology_l_french.yml; prerequisites=none; unlocks=none"
"industrial_paper_bleaching","era_6","production","Industrial Paper Bleaching","Blanchiment industriel du papier","The systematic application of chemical bleaching processes to mechanized papermaking allows clearer and more uniform paper to be produced on a large scale.","L'application systématique des procédés chimiques de blanchiment à une production papetière mécanisée permet d'obtenir un papier plus clair et plus uniforme à grande échelle.","BAD_TRANSLATION","YES","NO","MOD_ADDED; definition=common/technology/technologies/10_tech3a_production.txt; en=localization/english/tech3a_technology_l_english.yml; fr=localization/french/tech3a_technology_l_french.yml; prerequisites=continuous_papermaking chemical_bleaching; unlocks=production_methods:pm_bleached_paper"
"traditional_food_processing","era_1","production","Traditional Food Processing","Transformation alimentaire traditionnelle","Established techniques of milling, cooking and processing agricultural products allow food production to be organized on a regular and larger scale.","Les techniques établies de mouture, de cuisson et de transformation des produits agricoles permettent d'organiser une production alimentaire régulière à plus grande échelle.","OK","NO","NO","MOD_ADDED; definition=common/technology/technologies/10_tech3a_production.txt; en=localization/english/tech3a_technology_l_english.yml; fr=localization/french/tech3a_technology_l_french.yml; prerequisites=none; unlocks=buildings:building_food_industry"
"organized_workshops","era_1","production","Organized Workshops","Ateliers organisés","Structured manufactories coordinate skilled workshops to produce tools, furniture and other useful household goods without requiring later industrial mechanization.","Des manufactures structurées coordonnent les ateliers spécialisés afin de produire outils, meubles et autres biens utiles au foyer sans exiger la mécanisation industrielle ultérieure.","OK","NO","NO","MOD_ADDED; definition=common/technology/technologies/10_tech3a_production.txt; en=localization/english/tech3a_technology_l_english.yml; fr=localization/french/tech3a_technology_l_french.yml; prerequisites=none; unlocks=buildings:building_furniture_manufactory|buildings:building_glassworks|buildings:building_tooling_workshop"
"sugar_refining","era_2","production","Sugar Refining","Raffinage du sucre","Improved clarification, concentration and crystallization processes allow refined sugar to be produced more regularly and on a larger scale.","Le perfectionnement des procédés de clarification, de concentration et de cristallisation permet de produire du sucre raffiné de manière plus régulière et à plus grande échelle.","OK","NO","NO","MOD_ADDED; definition=common/technology/technologies/10_tech3a_production.txt; en=localization/english/tech3a_technology_l_english.yml; fr=localization/french/tech3a_technology_l_french.yml; prerequisites=traditional_food_processing; unlocks=production_methods:pm_sweeteners|production_methods:vacuum_pan_sugar|production_methods:steam_powered_evaporation_sugar|production_methods:centrifugal_machine_sugar"
"mechanized_irrigation","era_6","production","Mechanized Irrigation","Irrigation mécanisée","The use of mechanical pumps and controlled distribution systems makes it possible to irrigate crops reliably on a scale that was previously impossible.","L'application de pompes mécaniques et de systèmes de distribution contrôlée permet d'irriguer les cultures de manière régulière à une échelle auparavant impossible.","OK","NO","NO","MOD_ADDED; definition=common/technology/technologies/10_tech3a_production.txt; en=localization/english/tech3a_technology_l_english.yml; fr=localization/french/tech3a_technology_l_french.yml; prerequisites=systematic_field_drainage rotative_steam_power; unlocks=production_methods:automatic_irrigation_building_vineyard|production_methods:automatic_irrigation_building_cotton_plantation|production_methods:automatic_irrigation_building_dye_plantation|production_methods:automatic_irrigation_building_opium_plantation|production_methods:automatic_irrigation_building_tea_plantation|production_methods:automatic_irrigation_building_tobacco_plantation|production_methods:automatic_irrigation_building_sugar_plantation|production_methods:automatic_irrigation_building_banana_plantation|production_methods:automatic_irrigation_building_silk_plantation|production_methods:automatic_irrigation_building_rubber_plantation|production_methods:pm_mechanized_spice_cultivation"
"organized_textile_production","era_1","production","Proto-Industrial Textile Production","Production textile proto-industrielle","The organization of spinners, weavers, dyers and merchants into guilds, workshops and dispersed production networks allows textile manufacturing to expand beyond individual artisans without requiring industrial machinery.","L'organisation des fileurs, tisserands, teinturiers et marchands au sein de guildes, d'ateliers spécialisés et de réseaux de travail dispersés permet d'étendre la production textile au-delà de l'artisanat individuel sans nécessiter de machines industrielles.","OK","NO","NO","MOD_ADDED; definition=common/technology/technologies/10_tech3a_production.txt; en=localization/english/tech3a_technology_l_english.yml; fr=localization/french/tech3a_technology_l_french.yml; prerequisites=none; unlocks=buildings:building_textile_mill|production_methods:pm_craftsman_sewing"
"portland_cement","era_7","production","Portland Cement","Ciment Portland","So named for its resemblance to stone quarried from an island in Dorset, England, this cement is an effective component in concrete, used for building large structures. It is produced from limestone and other common materials, making it very cheap.","Devant son nom à la similarité qu’il présente avec la pierre de Portland, dont les carrières sont situées sur la côte du Dorset en Angleterre, ce ciment est un composant essentiel du béton, utilisé notamment dans la construction de grandes structures. Il est produit à partir de calcaire et d’autres matériaux ordinaires, ce qui le rend peu coûteux.","OK","NO","NO","MOD_ADDED; definition=common/technology/technologies/11_tech6c1b_portland_cement.txt; en=localization/english/inventions_l_english.yml; fr=localization/french/inventions_l_french.yml; prerequisites=hydraulic_cements; unlocks=production_methods:pm_portland_cement_process"
"scientific_fortification_siegecraft","era_1","military","Fortification & Siege","Fortification et siège","The adoption of Scientific Fortification & Siegecraft advances the equipment, organization, or professional practice of early modern armies.","L’adoption de Fortification et poliorcétique scientifiques fait progresser l’équipement, l’organisation ou les pratiques professionnelles des armées modernes.","GENERIC_DESCRIPTION","NO","YES","MOD_ADDED; definition=common/technology/technologies/20_tech3a_military.txt; en=localization/english/tech3a_technology_l_english.yml; fr=localization/french/tech3a_technology_l_french.yml; prerequisites=organized_military_establishments; unlocks=buildings:building_naval_fortification"
"regulated_small_arms","era_2","military","Regulated Small Arms","Armes réglementaires","The adoption of Regulated Small Arms advances the equipment, organization, or professional practice of early modern armies.","L’adoption de Armes légères réglementaires fait progresser l’équipement, l’organisation ou les pratiques professionnelles des armées modernes.","GENERIC_DESCRIPTION","NO","YES","MOD_ADDED; definition=common/technology/technologies/20_tech3a_military.txt; en=localization/english/tech3a_technology_l_english.yml; fr=localization/french/tech3a_technology_l_french.yml; prerequisites=organized_military_establishments; unlocks=buildings:building_arms_industry"
"light_infantry_tactics","era_3","military","Light Infantry Tactics","Infanterie légère","The adoption of Light Infantry Tactics advances the equipment, organization, or professional practice of early modern armies.","L’adoption de Tactiques d’infanterie légère fait progresser l’équipement, l’organisation ou les pratiques professionnelles des armées modernes.","GENERIC_DESCRIPTION","NO","YES","MOD_ADDED; definition=common/technology/technologies/20_tech3a_military.txt; en=localization/english/tech3a_technology_l_english.yml; fr=localization/french/tech3a_technology_l_french.yml; prerequisites=organized_military_establishments; unlocks=none"
"standardized_field_artillery","era_3","military","Field Artillery","Artillerie de campagne","The adoption of Standardized Field Artillery Systems advances the equipment, organization, or professional practice of early modern armies.","L’adoption de Systèmes d’artillerie de campagne standardisés fait progresser l’équipement, l’organisation ou les pratiques professionnelles des armées modernes.","GENERIC_DESCRIPTION","NO","YES","MOD_ADDED; definition=common/technology/technologies/20_tech3a_military.txt; en=localization/english/tech3a_technology_l_english.yml; fr=localization/french/tech3a_technology_l_french.yml; prerequisites=organized_military_establishments; unlocks=buildings:building_artillery_foundry|production_methods:pm_cannons"
"permanent_military_hospitals","era_3","military","Military Hospitals","Hôpitaux militaires","The adoption of Permanent Military Hospitals advances the equipment, organization, or professional practice of early modern armies.","L’adoption de Hôpitaux militaires permanents fait progresser l’équipement, l’organisation ou les pratiques professionnelles des armées modernes.","GENERIC_DESCRIPTION","NO","YES","MOD_ADDED; definition=common/technology/technologies/20_tech3a_military.txt; en=localization/english/tech3a_technology_l_english.yml; fr=localization/french/tech3a_technology_l_french.yml; prerequisites=organized_military_establishments; unlocks=none"
"armament_standardization_inspection","era_4","military","Arms Standards & Checks","Contrôle de l’armement","The adoption of Armament Standardization & Inspection advances the equipment, organization, or professional practice of early modern armies.","L’adoption de Standardisation et inspection de l’armement fait progresser l’équipement, l’organisation ou les pratiques professionnelles des armées modernes.","GENERIC_DESCRIPTION","NO","YES","MOD_ADDED; definition=common/technology/technologies/20_tech3a_military.txt; en=localization/english/tech3a_technology_l_english.yml; fr=localization/french/tech3a_technology_l_french.yml; prerequisites=regulated_small_arms standardized_field_artillery; unlocks=none"
"permanent_engineer_services","era_4","military","Engineer Corps","Corps du génie","The adoption of Permanent Engineer Services advances the equipment, organization, or professional practice of early modern armies.","L’adoption de Services permanents du génie fait progresser l’équipement, l’organisation ou les pratiques professionnelles des armées modernes.","GENERIC_DESCRIPTION","NO","YES","MOD_ADDED; definition=common/technology/technologies/20_tech3a_military.txt; en=localization/english/tech3a_technology_l_english.yml; fr=localization/french/tech3a_technology_l_french.yml; prerequisites=organized_military_establishments; unlocks=none"
"horse_artillery","era_4","military","Horse Artillery","Artillerie à cheval","The adoption of Horse Artillery advances the equipment, organization, or professional practice of early modern armies.","L’adoption de Artillerie à cheval fait progresser l’équipement, l’organisation ou les pratiques professionnelles des armées modernes.","GENERIC_DESCRIPTION","NO","YES","MOD_ADDED; definition=common/technology/technologies/20_tech3a_military.txt; en=localization/english/tech3a_technology_l_english.yml; fr=localization/french/tech3a_technology_l_french.yml; prerequisites=standardized_field_artillery; unlocks=none"
"military_topographic_surveying","era_4","military","Military Surveying","Topographie militaire","The adoption of Military Topographic Surveying advances the equipment, organization, or professional practice of early modern armies.","L’adoption de Levé topographique militaire fait progresser l’équipement, l’organisation ou les pratiques professionnelles des armées modernes.","GENERIC_DESCRIPTION","NO","YES","MOD_ADDED; definition=common/technology/technologies/20_tech3a_military.txt; en=localization/english/tech3a_technology_l_english.yml; fr=localization/french/tech3a_technology_l_french.yml; prerequisites=permanent_engineer_services; unlocks=none"
"mysorean_iron_cased_rocketry","era_4","military","Mysorean Rockets","Fusées mysoréennes","The adoption of Mysorean Iron-Cased Rocketry advances the equipment, organization, or professional practice of early modern armies.","L’adoption de Fusées mysoréennes à enveloppe de fer fait progresser l’équipement, l’organisation ou les pratiques professionnelles des armées modernes.","GENERIC_DESCRIPTION","NO","YES","MOD_ADDED; definition=common/technology/technologies/20_tech3a_military.txt; en=localization/english/tech3a_technology_l_english.yml; fr=localization/french/tech3a_technology_l_french.yml; prerequisites=none; unlocks=none"
"rifling","era_5","military","Rifling","Rainurage","Rifling is the discovery that by etching spiral grooves into the barrel of a gun it is possible to impart spin on the projectile thus increasing accuracy.","En gravant des rainures en spirale dans le canon d’une arme, il est possible de donner un mouvement rotatif au projectile, augmentant ainsi la précision du tir.","OK","NO","NO","MOD_MODIFIED; definition=common/technology/technologies/20_tech3a_military.txt; en=localization/english/replace/1776_overrides_l_english.yml; fr=localization/french/replace/1776_overrides_l_french.yml; prerequisites=light_infantry_tactics armament_standardization_inspection; unlocks=production_methods:pm_rifles"
"corps_organization","era_5","military","Corps Organization","Corps d’armée","The adoption of Corps Organization advances the equipment, organization, or professional practice of early modern armies.","L’adoption de Organisation en corps d’armée fait progresser l’équipement, l’organisation ou les pratiques professionnelles des armées modernes.","GENERIC_DESCRIPTION","NO","YES","MOD_ADDED; definition=common/technology/technologies/20_tech3a_military.txt; en=localization/english/tech3a_technology_l_english.yml; fr=localization/french/tech3a_technology_l_french.yml; prerequisites=horse_artillery permanent_engineer_services; unlocks=laws:law_professional_army|laws:law_national_militia"
"logistics","era_5","military","Logistics","Logistique","The greatest guns in the world don't matter in the slightest if the soldiers equipped with them are too exhausted and hungry to aim, or if the guns themselves have no bullets chambered in them.","Les meilleurs fusils du monde n’ont aucune importance si les soldats qui en sont équipés sont trop épuisés et affamés pour viser, ou si les fusils eux-mêmes n’ont pas de balles à l’intérieur.","OK","NO","NO","MOD_MODIFIED; definition=common/technology/technologies/20_tech3a_military.txt; en=localization/english/replace/1776_overrides_l_english.yml; fr=localization/french/replace/1776_overrides_l_french.yml; prerequisites=corps_organization; unlocks=none"
"field_engineering_pontoon_trains","era_5","military","Engineers & Pontoons","Génie et pontons","The adoption of Field Engineering & Pontoon Trains advances the equipment, organization, or professional practice of early modern armies.","L’adoption de Génie de campagne et trains de pontons fait progresser l’équipement, l’organisation ou les pratiques professionnelles des armées modernes.","GENERIC_DESCRIPTION","NO","YES","MOD_ADDED; definition=common/technology/technologies/20_tech3a_military.txt; en=localization/english/tech3a_technology_l_english.yml; fr=localization/french/tech3a_technology_l_french.yml; prerequisites=permanent_engineer_services logistics; unlocks=none"
"explosive_field_ammunition","era_5","military","Explosive Ammunition","Munitions explosives","The adoption of Explosive Field Ammunition advances the equipment, organization, or professional practice of early modern armies.","L’adoption de Munitions explosives de campagne fait progresser l’équipement, l’organisation ou les pratiques professionnelles des armées modernes.","GENERIC_DESCRIPTION","NO","YES","MOD_ADDED; definition=common/technology/technologies/20_tech3a_military.txt; en=localization/english/tech3a_technology_l_english.yml; fr=localization/french/tech3a_technology_l_french.yml; prerequisites=none; unlocks=none"
"battlefield_evacuation","era_5","military","Battlefield Evacuation","Évacuation des blessés","The adoption of Battlefield Evacuation advances the equipment, organization, or professional practice of early modern armies.","L’adoption de Évacuation du champ de bataille fait progresser l’équipement, l’organisation ou les pratiques professionnelles des armées modernes.","GENERIC_DESCRIPTION","NO","YES","MOD_ADDED; definition=common/technology/technologies/20_tech3a_military.txt; en=localization/english/tech3a_technology_l_english.yml; fr=localization/french/tech3a_technology_l_french.yml; prerequisites=permanent_military_hospitals logistics; unlocks=none"
"military_veterinary_services","era_5","military","Veterinary Services","Services vétérinaires","The adoption of Military Veterinary Services advances the equipment, organization, or professional practice of early modern armies.","L’adoption de Services vétérinaires militaires fait progresser l’équipement, l’organisation ou les pratiques professionnelles des armées modernes.","GENERIC_DESCRIPTION","NO","YES","MOD_ADDED; definition=common/technology/technologies/20_tech3a_military.txt; en=localization/english/tech3a_technology_l_english.yml; fr=localization/french/tech3a_technology_l_french.yml; prerequisites=horse_artillery veterinary_science; unlocks=none"
"casemated_fortifications","era_5","military","Casemated Fortifications","Forts casematés","The adoption of Casemated Fortifications advances the equipment, organization, or professional practice of early modern armies.","L’adoption de Fortifications casematées fait progresser l’équipement, l’organisation ou les pratiques professionnelles des armées modernes.","GENERIC_DESCRIPTION","NO","YES","MOD_ADDED; definition=common/technology/technologies/20_tech3a_military.txt; en=localization/english/tech3a_technology_l_english.yml; fr=localization/french/tech3a_technology_l_french.yml; prerequisites=scientific_fortification_siegecraft; unlocks=production_methods:pm_naval_fortification_reinforced"
"standardized_military_rockets","era_5","military","Military Rockets","Fusées militaires","The adoption of Standardized Military Rocket Systems advances the equipment, organization, or professional practice of early modern armies.","L’adoption de Systèmes de fusées militaires standardisés fait progresser l’équipement, l’organisation ou les pratiques professionnelles des armées modernes.","GENERIC_DESCRIPTION","NO","YES","MOD_ADDED; definition=common/technology/technologies/20_tech3a_military.txt; en=localization/english/tech3a_technology_l_english.yml; fr=localization/french/tech3a_technology_l_french.yml; prerequisites=none; unlocks=none"
"percussion_cap","era_5","military","Percussion Cap","Amorce à percussion","The percussion cap is a single use device which allows firearms to operate reliably in all types of weather.","L’amorce à percussion est un dispositif à usage unique qui permet aux armes à feu de fonctionner de façon fiable par tous les temps.","OK","NO","NO","MOD_MODIFIED; definition=common/technology/technologies/20_tech3a_military.txt; en=localization/english/replace/1776_overrides_l_english.yml; fr=localization/french/replace/1776_overrides_l_french.yml; prerequisites=armament_standardization_inspection rifling; unlocks=buildings:building_munition_plant|production_methods:pm_percussion_caps"
"general_staff","era_6","military","General Staff","État-major","Having a set of officers to act as a conduit between the high command and the troops themselves, allows for greater communication and effectiveness.","Ensemble d’officiers servant d’intermédiaire entre le haut commandement et les troupes, assurant ainsi une meilleure communication et une plus grande efficacité.","OK","NO","NO","MOD_MODIFIED; definition=common/technology/technologies/20_tech3a_military.txt; en=localization/english/replace/1776_overrides_l_english.yml; fr=localization/french/replace/1776_overrides_l_french.yml; prerequisites=corps_organization military_topographic_surveying logistics percussion_cap; unlocks=production_methods:pm_general_training|production_methods:pm_general_training_conscription"
"state_dockyard_systems","era_1","military","State Dockyard Systems","Arsenaux d’État","The development of State Dockyard Systems advances the construction, navigation, support, or operation of sailing and early steam fleets.","Le développement de Systèmes d’arsenaux d’État améliore la construction, la navigation, le soutien ou l’emploi des flottes à voile et à vapeur.","GENERIC_DESCRIPTION","NO","YES","MOD_ADDED; definition=common/technology/technologies/25_tech3a_naval.txt; en=localization/english/tech3a_technology_l_english.yml; fr=localization/french/tech3a_technology_l_french.yml; prerequisites=none; unlocks=buildings:building_naval_administration"
"enclosed_dock_systems","era_1","military","Enclosed Dock Systems","Bassins fermés","The development of Enclosed Dock Systems advances the construction, navigation, support, or operation of sailing and early steam fleets.","Le développement de Systèmes de bassins fermés améliore la construction, la navigation, le soutien ou l’emploi des flottes à voile et à vapeur.","GENERIC_DESCRIPTION","NO","YES","MOD_ADDED; definition=common/technology/technologies/25_tech3a_naval.txt; en=localization/english/tech3a_technology_l_english.yml; fr=localization/french/tech3a_technology_l_french.yml; prerequisites=state_dockyard_systems; unlocks=none"
"scientific_naval_architecture","era_2","military","Naval Architecture","Architecture navale","The development of Scientific Naval Architecture advances the construction, navigation, support, or operation of sailing and early steam fleets.","Le développement de Architecture navale scientifique améliore la construction, la navigation, le soutien ou l’emploi des flottes à voile et à vapeur.","GENERIC_DESCRIPTION","NO","YES","MOD_ADDED; definition=common/technology/technologies/25_tech3a_naval.txt; en=localization/english/tech3a_technology_l_english.yml; fr=localization/french/tech3a_technology_l_french.yml; prerequisites=state_dockyard_systems; unlocks=none"
"marine_chronometry","era_3","military","Marine Chronometry","Chronométrie marine","The development of Marine Chronometry advances the construction, navigation, support, or operation of sailing and early steam fleets.","Le développement de Chronométrie marine améliore la construction, la navigation, le soutien ou l’emploi des flottes à voile et à vapeur.","GENERIC_DESCRIPTION","NO","YES","MOD_ADDED; definition=common/technology/technologies/25_tech3a_naval.txt; en=localization/english/tech3a_technology_l_english.yml; fr=localization/french/tech3a_technology_l_french.yml; prerequisites=ship_classification_surveying; unlocks=none"
"ship_classification_surveying","era_3","military","Ship Class & Survey","Classement et inspection","The development of Ship Classification & Surveying advances the construction, navigation, support, or operation of sailing and early steam fleets.","Le développement de Classification et inspection des navires améliore la construction, la navigation, le soutien ou l’emploi des flottes à voile et à vapeur.","GENERIC_DESCRIPTION","NO","YES","MOD_ADDED; definition=common/technology/technologies/25_tech3a_naval.txt; en=localization/english/tech3a_technology_l_english.yml; fr=localization/french/tech3a_technology_l_french.yml; prerequisites=state_dockyard_systems; unlocks=none"
"copper_sheathing","era_4","military","Copper Sheathing","Doublage en cuivre","The development of Copper Sheathing advances the construction, navigation, support, or operation of sailing and early steam fleets.","Le développement de Doublage en cuivre améliore la construction, la navigation, le soutien ou l’emploi des flottes à voile et à vapeur.","GENERIC_DESCRIPTION","NO","YES","MOD_ADDED; definition=common/technology/technologies/25_tech3a_naval.txt; en=localization/english/tech3a_technology_l_english.yml; fr=localization/french/tech3a_technology_l_french.yml; prerequisites=scientific_naval_architecture; unlocks=production_methods:pm_copper_sheathing_building_shipyard"
"hydrographic_surveying","era_5","military","Hydrographic Surveying","Levé hydrographique","The development of Hydrographic Surveying advances the construction, navigation, support, or operation of sailing and early steam fleets.","Le développement de Levé hydrographique améliore la construction, la navigation, le soutien ou l’emploi des flottes à voile et à vapeur.","GENERIC_DESCRIPTION","NO","YES","MOD_ADDED; definition=common/technology/technologies/25_tech3a_naval.txt; en=localization/english/tech3a_technology_l_english.yml; fr=localization/french/tech3a_technology_l_french.yml; prerequisites=marine_chronometry military_topographic_surveying; unlocks=none"
"standardized_naval_signals","era_5","military","Naval Signals","Signaux navals","The development of Standardized Naval Signals advances the construction, navigation, support, or operation of sailing and early steam fleets.","Le développement de Signaux navals standardisés améliore la construction, la navigation, le soutien ou l’emploi des flottes à voile et à vapeur.","GENERIC_DESCRIPTION","NO","YES","MOD_ADDED; definition=common/technology/technologies/25_tech3a_naval.txt; en=localization/english/tech3a_technology_l_english.yml; fr=localization/french/tech3a_technology_l_french.yml; prerequisites=ship_classification_surveying; unlocks=production_methods:pm_power_of_the_purse|laws:law_professional_navy|laws:law_diplomatic_navy"
"paddle_steamer","era_5","military","Paddle Steamer","Bateau à roues à aubes","The paddle steamer is a steam powered watercraft, where the steam is used to turn paddles that pushes the ship through the water.","Un bateau à roues à aubes est une embarcation à vapeur, où la vapeur sert à faire tourner les roues à aubes qui permettent au bateau d’avancer.","BAD_TRANSLATION","YES","NO","MOD_MODIFIED; definition=common/technology/technologies/25_tech3a_naval.txt; en=localization/english/replace/1776_overrides_l_english.yml; fr=localization/french/replace/1776_overrides_l_french.yml; prerequisites=scientific_naval_architecture; unlocks=production_methods:pm_complex_shipbuilding|production_methods:pm_military_shipbuilding_wooden_2"
"mechanized_naval_dockyards","era_5","military","Mechanized Dockyards","Arsenaux mécanisés","The development of Mechanized Naval Dockyards advances the construction, navigation, support, or operation of sailing and early steam fleets.","Le développement de Arsenaux navals mécanisés améliore la construction, la navigation, le soutien ou l’emploi des flottes à voile et à vapeur.","GENERIC_DESCRIPTION","NO","YES","MOD_ADDED; definition=common/technology/technologies/25_tech3a_naval.txt; en=localization/english/tech3a_technology_l_english.yml; fr=localization/french/tech3a_technology_l_french.yml; prerequisites=scientific_naval_architecture state_dockyard_systems enclosed_dock_systems; unlocks=production_methods:pm_trade_center_trade_quantity_high"
"diagonal_ship_framing","era_5","military","Diagonal Ship Framing","Charpente diagonale","The development of Diagonal Ship Framing advances the construction, navigation, support, or operation of sailing and early steam fleets.","Le développement de Charpente navale diagonale améliore la construction, la navigation, le soutien ou l’emploi des flottes à voile et à vapeur.","GENERIC_DESCRIPTION","NO","YES","MOD_ADDED; definition=common/technology/technologies/25_tech3a_naval.txt; en=localization/english/tech3a_technology_l_english.yml; fr=localization/french/tech3a_technology_l_french.yml; prerequisites=scientific_naval_architecture; unlocks=none"
"shell_gun","era_6","military","Shell Gun","Canon à obus","The Shell Gun is a remarkable piece of artillery due to the nature of its ammunition. The projectiles themselves are explosive leading to more damage than a simple chunk of metal would.","En raison de la nature de ses munitions, le canon à obus est une remarquable pièce d’artillerie. Les projectiles eux-mêmes sont explosifs, ce qui entraîne plus de dégâts qu’un simple morceau de métal.","OK","NO","NO","MOD_MODIFIED; definition=common/technology/technologies/25_tech3a_naval.txt; en=localization/english/replace/1776_overrides_l_english.yml; fr=localization/french/replace/1776_overrides_l_french.yml; prerequisites=standardized_field_artillery scientific_naval_architecture; unlocks=production_methods:pm_smoothbores"
"maritime_safety_standards","era_6","military","Maritime Safety","Sécurité maritime","The development of Maritime Safety Standards advances the construction, navigation, support, or operation of sailing and early steam fleets.","Le développement de Normes de sécurité maritime améliore la construction, la navigation, le soutien ou l’emploi des flottes à voile et à vapeur.","GENERIC_DESCRIPTION","NO","YES","MOD_ADDED; definition=common/technology/technologies/25_tech3a_naval.txt; en=localization/english/tech3a_technology_l_english.yml; fr=localization/french/tech3a_technology_l_french.yml; prerequisites=ship_classification_surveying hydrographic_surveying; unlocks=none"
"modern_lighthouse_optics","era_6","military","Modern Lighthouse Optics","Optique des phares","The development of Modern Lighthouse Optics advances the construction, navigation, support, or operation of sailing and early steam fleets.","Le développement de Optique moderne des phares améliore la construction, la navigation, le soutien ou l’emploi des flottes à voile et à vapeur.","GENERIC_DESCRIPTION","NO","YES","MOD_ADDED; definition=common/technology/technologies/25_tech3a_naval.txt; en=localization/english/tech3a_technology_l_english.yml; fr=localization/french/tech3a_technology_l_french.yml; prerequisites=hydrographic_surveying; unlocks=none"
"iron_hull_construction","era_6","military","Iron Hull Construction","Coques en fer","The development of Iron Hull Construction advances the construction, navigation, support, or operation of sailing and early steam fleets.","Le développement de Construction de coques en fer améliore la construction, la navigation, le soutien ou l’emploi des flottes à voile et à vapeur.","GENERIC_DESCRIPTION","NO","YES","MOD_ADDED; definition=common/technology/technologies/25_tech3a_naval.txt; en=localization/english/tech3a_technology_l_english.yml; fr=localization/french/tech3a_technology_l_french.yml; prerequisites=mechanized_naval_dockyards diagonal_ship_framing paddle_steamer; unlocks=none"
"institutionalized_scientific_exchange","era_1","society","Scientific Exchange","Échanges scientifiques","The institutional development of Institutionalized Scientific Exchange expands scientific, administrative, educational, medical, or political capacity.","L’institutionnalisation de Échanges scientifiques institutionnalisés étend les capacités scientifiques, administratives, éducatives, médicales ou politiques.","GENERIC_DESCRIPTION","NO","YES","MOD_ADDED; definition=common/technology/technologies/30_tech3a_society.txt; en=localization/english/tech3a_technology_l_english.yml; fr=localization/french/tech3a_technology_l_french.yml; prerequisites=none; unlocks=buildings:building_university|laws:law_freedom_of_conscience"
"international_relations","era_1","society","International Relations","Relations extérieures","Formalizing diplomacy provides a firm framework for both improved cordiality and hostility with other nations.","La formalisation de la diplomatie fournit un cadre solide pour renforcer la cordialité et l’hostilité avec les autres nations.","OK","NO","NO","MOD_MODIFIED; definition=common/technology/technologies/30_tech3a_society.txt; en=localization/english/replace/1776_overrides_l_english.yml; fr=localization/french/replace/1776_overrides_l_french.yml; prerequisites=none; unlocks=laws:law_mercantilism"
"institutionalized_public_credit","era_2","society","Public Credit","Crédit public","The institutional development of Institutionalized Public Credit expands scientific, administrative, educational, medical, or political capacity.","L’institutionnalisation de Crédit public institutionnalisé étend les capacités scientifiques, administratives, éducatives, médicales ou politiques.","GENERIC_DESCRIPTION","NO","YES","MOD_ADDED; definition=common/technology/technologies/30_tech3a_society.txt; en=localization/english/tech3a_technology_l_english.yml; fr=localization/french/tech3a_technology_l_french.yml; prerequisites=organized_financial_institutions; unlocks=none"
"stock_exchange","era_2","society","Stock Exchange","Bourse","An organized market where stocks and bonds can be bought and sold, the stock exchange is a central element of the modern market economy.","Marché organisé où les actions et les obligations peuvent être achetées et vendues, la bourse est un élément central de l’économie de marché moderne.","OK","NO","NO","MOD_MODIFIED; definition=common/technology/technologies/30_tech3a_society.txt; en=localization/english/replace/1776_overrides_l_english.yml; fr=localization/french/replace/1776_overrides_l_french.yml; prerequisites=organized_financial_institutions; unlocks=none"
"commercial_insurance_markets","era_2","society","Commercial Insurance","Assurance commerciale","The institutional development of Commercial Insurance Markets expands scientific, administrative, educational, medical, or political capacity.","L’institutionnalisation de Marchés de l’assurance commerciale étend les capacités scientifiques, administratives, éducatives, médicales ou politiques.","GENERIC_DESCRIPTION","NO","YES","MOD_ADDED; definition=common/technology/technologies/30_tech3a_society.txt; en=localization/english/tech3a_technology_l_english.yml; fr=localization/french/tech3a_technology_l_french.yml; prerequisites=organized_financial_institutions; unlocks=laws:law_mercantilism_navigation_acts|laws:law_mercantilism"
"periodical_print_networks","era_1","society","Periodical Press","Presse périodique","The institutional development of Periodical Print Networks expands scientific, administrative, educational, medical, or political capacity.","L’institutionnalisation de Réseaux de presse périodique étend les capacités scientifiques, administratives, éducatives, médicales ou politiques.","GENERIC_DESCRIPTION","NO","YES","MOD_ADDED; definition=common/technology/technologies/30_tech3a_society.txt; en=localization/english/tech3a_technology_l_english.yml; fr=localization/french/tech3a_technology_l_french.yml; prerequisites=none; unlocks=laws:law_religious_schools|laws:law_censorship"
"systematic_administrative_statistics","era_2","society","State Statistics","Statistiques d’État","The institutional development of Systematic Administrative Statistics expands scientific, administrative, educational, medical, or political capacity.","L’institutionnalisation de Statistiques administratives systématiques étend les capacités scientifiques, administratives, éducatives, médicales ou politiques.","GENERIC_DESCRIPTION","NO","YES","MOD_ADDED; definition=common/technology/technologies/30_tech3a_society.txt; en=localization/english/tech3a_technology_l_english.yml; fr=localization/french/tech3a_technology_l_french.yml; prerequisites=none; unlocks=none"
"variolation_networks","era_2","society","Variolation Networks","Réseaux de variolisation","The institutional development of Variolation Networks expands scientific, administrative, educational, medical, or political capacity.","L’institutionnalisation de Réseaux de variolisation étend les capacités scientifiques, administratives, éducatives, médicales ou politiques.","GENERIC_DESCRIPTION","NO","YES","MOD_ADDED; definition=common/technology/technologies/30_tech3a_society.txt; en=localization/english/tech3a_technology_l_english.yml; fr=localization/french/tech3a_technology_l_french.yml; prerequisites=institutionalized_scientific_exchange; unlocks=none"
"codified_practical_knowledge","era_2","society","Codified Knowledge","Savoirs codifiés","The institutional development of Codified & Encyclopedic Practical Knowledge expands scientific, administrative, educational, medical, or political capacity.","L’institutionnalisation de Savoirs pratiques codifiés et encyclopédiques étend les capacités scientifiques, administratives, éducatives, médicales ou politiques.","GENERIC_DESCRIPTION","NO","YES","MOD_ADDED; definition=common/technology/technologies/30_tech3a_society.txt; en=localization/english/tech3a_technology_l_english.yml; fr=localization/french/tech3a_technology_l_french.yml; prerequisites=none; unlocks=none"
"political_economy","era_3","society","Political Economy","Économie politique","The institutional development of Political Economy expands scientific, administrative, educational, medical, or political capacity.","L’institutionnalisation de Économie politique étend les capacités scientifiques, administratives, éducatives, médicales ou politiques.","GENERIC_DESCRIPTION","NO","YES","MOD_ADDED; definition=common/technology/technologies/30_tech3a_society.txt; en=localization/english/tech3a_technology_l_english.yml; fr=localization/french/tech3a_technology_l_french.yml; prerequisites=periodical_print_networks systematic_administrative_statistics; unlocks=laws:law_protectionism"
"specialized_technical_academies","era_3","society","Technical Academies","Académies techniques","The institutional development of Specialized Technical Academies expands scientific, administrative, educational, medical, or political capacity.","L’institutionnalisation de Académies techniques spécialisées étend les capacités scientifiques, administratives, éducatives, médicales ou politiques.","GENERIC_DESCRIPTION","NO","YES","MOD_ADDED; definition=common/technology/technologies/30_tech3a_society.txt; en=localization/english/tech3a_technology_l_english.yml; fr=localization/french/tech3a_technology_l_french.yml; prerequisites=institutionalized_scientific_exchange; unlocks=none"
"veterinary_science","era_3","society","Veterinary Science","Science vétérinaire","The institutional development of Veterinary Science expands scientific, administrative, educational, medical, or political capacity.","L’institutionnalisation de Science vétérinaire étend les capacités scientifiques, administratives, éducatives, médicales ou politiques.","GENERIC_DESCRIPTION","NO","YES","MOD_ADDED; definition=common/technology/technologies/30_tech3a_society.txt; en=localization/english/tech3a_technology_l_english.yml; fr=localization/french/tech3a_technology_l_french.yml; prerequisites=institutionalized_scientific_exchange; unlocks=none"
"organized_elementary_schooling","era_3","society","Elementary Schooling","Enseignement primaire","Organized religious, communal, or state schools extend regular elementary instruction beyond isolated tutors and local custom.","Des écoles religieuses, communautaires ou publiques organisées étendent l'instruction élémentaire régulière au-delà des précepteurs isolés et des usages locaux.","OK","NO","NO","MOD_ADDED; definition=common/technology/technologies/30_tech3a_society.txt; en=localization/english/tech3a_technology_l_english.yml; fr=localization/french/tech3a_technology_l_french.yml; prerequisites=periodical_print_networks; unlocks=laws:law_private_schools"
"systematic_population_registration","era_3","society","Population Registers","Registres de population","Regular population registers give administrations a durable basis for taxation, recruitment, and public planning.","Des registres réguliers de la population donnent à l'administration une base durable pour la fiscalité, le recrutement et la planification publique.","OK","NO","NO","MOD_ADDED; definition=common/technology/technologies/30_tech3a_society.txt; en=localization/english/tech3a_technology_l_english.yml; fr=localization/french/tech3a_technology_l_french.yml; prerequisites=systematic_administrative_statistics; unlocks=production_methods:pm_horizontal_drawer_cabinets|laws:law_per_capita_based_taxation"
"medical_degrees","era_3","society","Medical Degrees","Diplômes en médecine","Recognized medical faculties, colleges, examinations, licences, and titles provide an institutional standard for training and certifying practitioners.","Des facultés, collèges, examens, licences et titres médicaux reconnus établissent une norme institutionnelle pour former et certifier les praticiens.","OK","NO","NO","MOD_MODIFIED; definition=common/technology/technologies/30_tech3a_society.txt; en=localization/english/replace/1776_overrides_l_english.yml; fr=localization/french/replace/1776_overrides_l_french.yml; prerequisites=institutionalized_scientific_exchange; unlocks=laws:law_charitable_health_system"
"classical_political_economy","era_4","society","Classical Economics","Économie classique","Developed classical doctrines systematize production, exchange, trade, and the limits of state intervention in the economy.","Les doctrines classiques développées systématisent la production, les échanges, le commerce et les limites de l'intervention de l'État dans l'économie.","OK","NO","NO","MOD_ADDED; definition=common/technology/technologies/30_tech3a_society.txt; en=localization/english/tech3a_technology_l_english.yml; fr=localization/french/tech3a_technology_l_french.yml; prerequisites=political_economy systematic_population_registration; unlocks=laws:law_interventionism|laws:law_free_trade"
"constitutional_government","era_4","society","Constitutional Rule","Régime constitutionnel","The institutional development of Constitutional Government expands scientific, administrative, educational, medical, or political capacity.","L’institutionnalisation de Gouvernement constitutionnel étend les capacités scientifiques, administratives, éducatives, médicales ou politiques.","GENERIC_DESCRIPTION","NO","YES","MOD_ADDED; definition=common/technology/technologies/30_tech3a_society.txt; en=localization/english/tech3a_technology_l_english.yml; fr=localization/french/tech3a_technology_l_french.yml; prerequisites=periodical_print_networks; unlocks=laws:law_racial_segregation|laws:law_landed_voting|laws:law_wealth_voting|laws:law_census_voting|laws:law_presidential_republic|laws:law_parliamentary_republic|laws:law_debt_slavery|laws:law_poor_laws"
"human_rights","era_4","society","Human Rights","Droits de l’Homme","Embracing the idea of universal, inalienable rights for all people invites new concepts into the nation's social and political venues.","L’adoption de l’idée de droits universels et inaliénables pour tous invite de nouveaux concepts sur la scène sociale et politique du pays.","OK","NO","NO","MOD_MODIFIED; definition=common/technology/technologies/30_tech3a_society.txt; en=localization/english/replace/1776_overrides_l_english.yml; fr=localization/french/replace/1776_overrides_l_french.yml; prerequisites=constitutional_government periodical_print_networks; unlocks=laws:law_cultural_exclusion|laws:law_restricted_child_labor|laws:law_protected_speech|laws:law_regulatory_bodies|laws:law_colonial_slavery|laws:law_wage_subsidies"
"national_sovereignty","era_4","society","Popular Sovereignty","Souveraineté populaire","The institutional development of National & Popular Sovereignty expands scientific, administrative, educational, medical, or political capacity.","L’institutionnalisation de Souveraineté nationale et populaire étend les capacités scientifiques, administratives, éducatives, médicales ou politiques.","GENERIC_DESCRIPTION","NO","YES","MOD_ADDED; definition=common/technology/technologies/30_tech3a_society.txt; en=localization/english/tech3a_technology_l_english.yml; fr=localization/french/tech3a_technology_l_french.yml; prerequisites=constitutional_government periodical_print_networks; unlocks=none"
"organized_reform_movements","era_5","society","Reform Movements","Mouvements réformistes","The institutional development of Organized Reform Movements expands scientific, administrative, educational, medical, or political capacity.","L’institutionnalisation de Mouvements réformateurs organisés étend les capacités scientifiques, administratives, éducatives, médicales ou politiques.","GENERIC_DESCRIPTION","NO","YES","MOD_ADDED; definition=common/technology/technologies/30_tech3a_society.txt; en=localization/english/tech3a_technology_l_english.yml; fr=localization/french/tech3a_technology_l_french.yml; prerequisites=periodical_print_networks human_rights; unlocks=laws:law_legacy_slavery"
"abolitionist_mobilization","era_5","society","Abolitionism","Abolitionnisme","The institutional development of Abolitionist Mobilization expands scientific, administrative, educational, medical, or political capacity.","L’institutionnalisation de Mobilisation abolitionniste étend les capacités scientifiques, administratives, éducatives, médicales ou politiques.","GENERIC_DESCRIPTION","NO","YES","MOD_ADDED; definition=common/technology/technologies/30_tech3a_society.txt; en=localization/english/tech3a_technology_l_english.yml; fr=localization/french/tech3a_technology_l_french.yml; prerequisites=organized_reform_movements; unlocks=laws:law_slavery_banned"
"systematic_cadastral_surveying","era_4","society","Cadastral Surveying","Levé cadastral","Systematic land surveys and cadastral records allow administrations to identify property, assess taxes, and plan territorial development.","Les levés fonciers et registres cadastraux systématiques permettent d'identifier les propriétés, d'évaluer l'impôt et de planifier le territoire.","OK","NO","NO","MOD_ADDED; definition=common/technology/technologies/30_tech3a_society.txt; en=localization/english/tech3a_technology_l_english.yml; fr=localization/french/tech3a_technology_l_french.yml; prerequisites=systematic_administrative_statistics; unlocks=none"
"systematic_legal_codification","era_4","society","Legal Codification","Codification juridique","A recognized and systematically organized body of law makes rules more consistent across courts, officials, and territories.","Un corpus juridique reconnu et organisé systématiquement rend les règles plus cohérentes entre tribunaux, administrations et territoires.","OK","NO","NO","MOD_ADDED; definition=common/technology/technologies/30_tech3a_society.txt; en=localization/english/tech3a_technology_l_english.yml; fr=localization/french/tech3a_technology_l_french.yml; prerequisites=systematic_administrative_statistics; unlocks=none"
"scientific_metrology","era_4","society","Scientific Metrology","Métrologie scientifique","The institutional development of Scientific Metrology expands scientific, administrative, educational, medical, or political capacity.","L’institutionnalisation de Métrologie scientifique étend les capacités scientifiques, administratives, éducatives, médicales ou politiques.","GENERIC_DESCRIPTION","NO","YES","MOD_ADDED; definition=common/technology/technologies/30_tech3a_society.txt; en=localization/english/tech3a_technology_l_english.yml; fr=localization/french/tech3a_technology_l_french.yml; prerequisites=systematic_administrative_statistics institutionalized_scientific_exchange; unlocks=none"
"vaccination","era_4","society","Vaccination","Vaccination","The institutional development of Vaccination expands scientific, administrative, educational, medical, or political capacity.","L’institutionnalisation de Vaccination étend les capacités scientifiques, administratives, éducatives, médicales ou politiques.","GENERIC_DESCRIPTION","NO","YES","MOD_ADDED; definition=common/technology/technologies/30_tech3a_society.txt; en=localization/english/replace/1776_overrides_l_english.yml; fr=localization/french/replace/1776_overrides_l_french.yml; prerequisites=variolation_networks medical_degrees; unlocks=none"
"polytechnical_education","era_4","society","Polytechnical Education","Éducation polytechnique","The institutional development of Polytechnical Education expands scientific, administrative, educational, medical, or political capacity.","L’institutionnalisation de Enseignement polytechnique étend les capacités scientifiques, administratives, éducatives, médicales ou politiques.","GENERIC_DESCRIPTION","NO","YES","MOD_ADDED; definition=common/technology/technologies/30_tech3a_society.txt; en=localization/english/tech3a_technology_l_english.yml; fr=localization/french/tech3a_technology_l_french.yml; prerequisites=specialized_technical_academies; unlocks=production_methods:pm_philosophy_department"
"optical_telegraph_networks","era_4","society","Optical Telegraph","Télégraphe optique","The institutional development of Optical Telegraph Networks expands scientific, administrative, educational, medical, or political capacity.","L’institutionnalisation de Réseaux de télégraphie optique étend les capacités scientifiques, administratives, éducatives, médicales ou politiques.","GENERIC_DESCRIPTION","NO","YES","MOD_ADDED; definition=common/technology/technologies/30_tech3a_society.txt; en=localization/english/tech3a_technology_l_english.yml; fr=localization/french/tech3a_technology_l_french.yml; prerequisites=periodical_print_networks; unlocks=none"
"colonization","era_4","society","Colonization","Colonisation","As a population grows, it becomes possible to go elsewhere and find new mainly unclaimed land for the taking.  ","Lorsque la population augmente, la solution est de trouver de nouvelles terres pour s’en emparer.  ","OK","NO","NO","MOD_MODIFIED; definition=common/technology/technologies/30_tech3a_society.txt; en=localization/english/inventions_l_english.yml; fr=localization/french/inventions_l_french.yml; prerequisites=international_relations; unlocks=laws:law_extraction_economy"
"central_statistical_offices","era_5","society","Statistical Offices","Bureaux statistiques","The institutional development of Central Statistical Offices expands scientific, administrative, educational, medical, or political capacity.","L’institutionnalisation de Bureaux centraux de statistique étend les capacités scientifiques, administratives, éducatives, médicales ou politiques.","GENERIC_DESCRIPTION","NO","YES","MOD_ADDED; definition=common/technology/technologies/30_tech3a_society.txt; en=localization/english/tech3a_technology_l_english.yml; fr=localization/french/tech3a_technology_l_french.yml; prerequisites=systematic_administrative_statistics systematic_population_registration; unlocks=production_methods:pm_vertical_filing_cabinets|production_methods:pm_tabulating_offices|laws:law_technocracy"
"organized_immunization_campaigns","era_6","society","Immunization Campaigns","Campagnes vaccinales","The institutional development of Organized Immunization Campaigns expands scientific, administrative, educational, medical, or political capacity.","L’institutionnalisation de Campagnes organisées d’immunisation étend les capacités scientifiques, administratives, éducatives, médicales ou politiques.","GENERIC_DESCRIPTION","NO","YES","MOD_ADDED; definition=common/technology/technologies/30_tech3a_society.txt; en=localization/english/tech3a_technology_l_english.yml; fr=localization/french/tech3a_technology_l_french.yml; prerequisites=vaccination active_principle_pharmacy; unlocks=laws:law_public_health_insurance"
"mechanized_printing","era_5","society","Mechanized Printing","Imprimerie mécanisée","The institutional development of Mechanized Printing expands scientific, administrative, educational, medical, or political capacity.","L’institutionnalisation de Imprimerie mécanisée étend les capacités scientifiques, administratives, éducatives, médicales ou politiques.","GENERIC_DESCRIPTION","NO","YES","MOD_ADDED; definition=common/technology/technologies/30_tech3a_society.txt; en=localization/english/tech3a_technology_l_english.yml; fr=localization/french/tech3a_technology_l_french.yml; prerequisites=periodical_print_networks; unlocks=production_methods:pm_mechanized_typesetting"
"experimental_research_laboratories","era_5","society","Research Laboratories","Recherche expérimentale","The institutional development of Experimental Research Laboratories expands scientific, administrative, educational, medical, or political capacity.","L’institutionnalisation de Laboratoires de recherche expérimentale étend les capacités scientifiques, administratives, éducatives, médicales ou politiques.","GENERIC_DESCRIPTION","NO","YES","MOD_ADDED; definition=common/technology/technologies/30_tech3a_society.txt; en=localization/english/tech3a_technology_l_english.yml; fr=localization/french/tech3a_technology_l_french.yml; prerequisites=polytechnical_education institutionalized_scientific_exchange scientific_metrology; unlocks=none"
"specialized_professional_societies","era_5","society","Professional Societies","Sociétés savantes","The institutional development of Specialized Professional Societies expands scientific, administrative, educational, medical, or political capacity.","L’institutionnalisation de Sociétés professionnelles spécialisées étend les capacités scientifiques, administratives, éducatives, médicales ou politiques.","GENERIC_DESCRIPTION","NO","YES","MOD_ADDED; definition=common/technology/technologies/30_tech3a_society.txt; en=localization/english/tech3a_technology_l_english.yml; fr=localization/french/tech3a_technology_l_french.yml; prerequisites=experimental_research_laboratories; unlocks=production_methods:pm_professional_faculties"
"clinicopathological_medicine","era_5","society","Clinical Pathology","Médecine anatomoclinique","The institutional development of Clinicopathological Medicine expands scientific, administrative, educational, medical, or political capacity.","L’institutionnalisation de Médecine anatomoclinique étend les capacités scientifiques, administratives, éducatives, médicales ou politiques.","GENERIC_DESCRIPTION","NO","YES","MOD_ADDED; definition=common/technology/technologies/30_tech3a_society.txt; en=localization/english/tech3a_technology_l_english.yml; fr=localization/french/tech3a_technology_l_french.yml; prerequisites=medical_degrees experimental_research_laboratories; unlocks=none"
"active_principle_pharmacy","era_5","society","Active Principles","Principes actifs","The institutional development of Active-Principle Pharmacy expands scientific, administrative, educational, medical, or political capacity.","L’institutionnalisation de Pharmacie des principes actifs étend les capacités scientifiques, administratives, éducatives, médicales ou politiques.","GENERIC_DESCRIPTION","NO","YES","MOD_ADDED; definition=common/technology/technologies/30_tech3a_society.txt; en=localization/english/tech3a_technology_l_english.yml; fr=localization/french/tech3a_technology_l_french.yml; prerequisites=experimental_research_laboratories medical_degrees; unlocks=production_methods:pm_standardized_pharmaceuticals|laws:law_private_health_insurance"
"postal_savings","era_5","society","Postal Savings","Épargne postale","A valuable method for people to save money even if they do not have access to a bank, postal savings promote both the storage and flow of money among even the poorest of citizens.","L’épargne postale est une méthode précieuse qui permet aux gens d’épargner de l’argent même s’ils n’ont pas accès à une banque. Elle favorise à la fois le stockage et la circulation de l’argent, même chez les citoyens les plus pauvres.","OK","NO","NO","MOD_MODIFIED; definition=common/technology/technologies/30_tech3a_society.txt; en=localization/english/replace/1776_overrides_l_english.yml; fr=localization/french/replace/1776_overrides_l_french.yml; prerequisites=institutionalized_public_credit; unlocks=none"
"professional_civil_policing","era_6","society","Civil Policing","Police civile","The institutional development of Professional Civil Policing expands scientific, administrative, educational, medical, or political capacity.","L’institutionnalisation de Police civile professionnelle étend les capacités scientifiques, administratives, éducatives, médicales ou politiques.","GENERIC_DESCRIPTION","NO","YES","MOD_ADDED; definition=common/technology/technologies/30_tech3a_society.txt; en=localization/english/tech3a_technology_l_english.yml; fr=localization/french/tech3a_technology_l_french.yml; prerequisites=systematic_legal_codification systematic_administrative_statistics; unlocks=laws:law_national_guard|laws:law_secret_police|laws:law_shinsengumi|laws:law_local_police|laws:law_dedicated_police"
"mass_circulation_press","era_6","society","Mass-Circulation Press","Presse à grand tirage","The institutional development of Mass-Circulation Press expands scientific, administrative, educational, medical, or political capacity.","L’institutionnalisation de Presse à grand tirage étend les capacités scientifiques, administratives, éducatives, médicales ou politiques.","BAD_TRANSLATION","YES","YES","MOD_ADDED; definition=common/technology/technologies/30_tech3a_society.txt; en=localization/english/tech3a_technology_l_english.yml; fr=localization/french/tech3a_technology_l_french.yml; prerequisites=mechanized_printing organized_elementary_schooling; unlocks=production_methods:pm_rotary_press|laws:law_public_schools"
"liberal_constitutionalism","era_5","society","Liberal Constitution","Constitution libérale","The institutional development of Liberal Constitutionalism expands scientific, administrative, educational, medical, or political capacity.","L’institutionnalisation de Constitutionnalisme libéral étend les capacités scientifiques, administratives, éducatives, médicales ou politiques.","GENERIC_DESCRIPTION","NO","YES","MOD_ADDED; definition=common/technology/technologies/30_tech3a_society.txt; en=localization/english/tech3a_technology_l_english.yml; fr=localization/french/tech3a_technology_l_french.yml; prerequisites=constitutional_government human_rights classical_political_economy; unlocks=laws:law_total_separation|laws:law_universal_suffrage"
"labor_movement","era_6","society","Labor Movement","Mouvement ouvrier","Just as the world becomes more industrialized, so too do the workers become more organized, campaigning for better wages and better working conditions.","À mesure que le monde s’industrialise, les ouvriers s’organisent et militent pour de meilleurs salaires et de meilleures conditions de travail.","OK","NO","NO","MOD_MODIFIED; definition=common/technology/technologies/30_tech3a_society.txt; en=localization/english/replace/1776_overrides_l_english.yml; fr=localization/french/replace/1776_overrides_l_french.yml; prerequisites=organized_reform_movements liberal_constitutionalism; unlocks=laws:law_compulsory_primary_school|laws:law_worker_protections|laws:law_old_age_pension"
"early_socialism_cooperativism","era_6","society","Socialism & Cooperatives","Socialismes coopératifs","The institutional development of Early Socialism & Cooperativism expands scientific, administrative, educational, medical, or political capacity.","L’institutionnalisation de Socialisme précoce et coopérativisme étend les capacités scientifiques, administratives, éducatives, médicales ou politiques.","GENERIC_DESCRIPTION","NO","YES","MOD_ADDED; definition=common/technology/technologies/30_tech3a_society.txt; en=localization/english/tech3a_technology_l_english.yml; fr=localization/french/tech3a_technology_l_french.yml; prerequisites=organized_reform_movements classical_political_economy; unlocks=laws:law_proportional_taxation"
"academia","era_7","society","Academia","Études universitaires","Institutions of higher education don't just improve individual minds, but bring the nation's best and brightest together, where they can create extraordinary things.","Les établissements d’enseignement supérieur, en plus de former les individus, rassemblent les plus brillants d’entre eux et leur permettent de créer des choses extraordinaires.","OK","NO","NO","MOD_MODIFIED; definition=common/technology/technologies/90_tech3a_vanilla_post1836_compatibility.txt; en=localization/english/inventions_l_english.yml; fr=localization/french/inventions_l_french.yml; prerequisites=rationalism; unlocks=none"
"admiralty","era_7","military","Admiralty","Amirauté","The Admiralty is a complex system of ranks connected by a rigid chain of command to help the navy work more efficiently.","L’amirauté est un système complexe de grades reliés par une chaîne de commandement stricte permettant à la marine de travailler plus efficacement.","OK","NO","NO","MOD_MODIFIED; definition=common/technology/technologies/90_tech3a_vanilla_post1836_compatibility.txt; en=localization/english/inventions_l_english.yml; fr=localization/french/inventions_l_french.yml; prerequisites=navigation; unlocks=none"
"analytical_philosophy","era_11","society","Analytical Philosophy","Philosophie analytique","A rigorous, argumentative approach to philosophy, the formal logic and near-mathematical attitude of analytic philosophy provides a solid framework to approach social movements with.","Approche rigoureuse et argumentée de la philosophie, la logique formelle et l’approche quasi-mathématique de la philosophie analytique fournissent un cadre solide pour aborder les mouvements sociaux.","OK","NO","NO","MOD_MODIFIED; definition=common/technology/technologies/90_tech3a_vanilla_post1836_compatibility.txt; en=localization/english/inventions_l_english.yml; fr=localization/french/inventions_l_french.yml; prerequisites=specialized_professional_societies; unlocks=production_methods:pm_analytical_philosophy_department"
"anarchism","era_7","society","Anarchism","Anarchisme","A political ideology promoting self-governance and opposition to authority. Anarchism seeks to do away with the state and other institutions which rule over people against their will, replacing them with voluntary associations.","Idéologie politique prônant l’autogestion et le rejet de toute autorité. L’anarchisme vise à se débarrasser de l’État et de toutes les institutions qui gouvernent le peuple contre son gré, en les remplaçant par des associations volontaires.","OK","NO","NO","MOD_MODIFIED; definition=common/technology/technologies/90_tech3a_vanilla_post1836_compatibility.txt; en=localization/english/inventions_l_english.yml; fr=localization/french/inventions_l_french.yml; prerequisites=early_socialism_cooperativism national_sovereignty; unlocks=laws:law_anarchy"
"aniline","era_8","production","Aniline","Aniline","Aniline makes certain dye colors trivial to produce.","L’aniline facilite la teinture de certaines couleurs.","OK","NO","NO","MOD_MODIFIED; definition=common/technology/technologies/90_tech3a_vanilla_post1836_compatibility.txt; en=localization/english/inventions_l_english.yml; fr=localization/french/inventions_l_french.yml; prerequisites=fractional_distillation; unlocks=buildings:building_synthetics_plant|production_methods:pm_synthetic_pharmaceuticals"
"antibiotics","era_12","society","Antibiotics","Antibiotique","Antibiotics are an advanced medicine used for fighting infections, allowing a greater survival rate in hospitals.","Un antibiotique est un médicament de pointe utilisé pour combattre les infections, assurant un meilleur taux de survie dans les hôpitaux.","OK","NO","NO","MOD_MODIFIED; definition=common/technology/technologies/90_tech3a_vanilla_post1836_compatibility.txt; en=localization/english/inventions_l_english.yml; fr=localization/french/inventions_l_french.yml; prerequisites=experimental_research_laboratories organized_immunization_campaigns malaria_prevention; unlocks=production_methods:pm_antibiotic_mass_production"
"arc_welding","era_11","production","Modern Structural Engineering","Ingénierie structurelle moderne","The combined mastery of reinforced concrete, pneumatic tools, and electric arc welding enables stronger, taller, and more durable civil and naval structures.","La maîtrise conjointe du béton armé, des outils pneumatiques et du soudage à l’arc électrique permet de réaliser des structures civiles et navales plus solides, plus hautes et plus durables.","OK","NO","NO","MOD_MODIFIED; definition=common/technology/technologies/90_tech3a_vanilla_post1836_compatibility.txt; en=localization/english/replace/tech3a_arc_welding_replace_l_english.yml; fr=localization/french/replace/tech3a_arc_welding_replace_l_french.yml; prerequisites=electric_arc_process pneumatic_tools reinforced_concrete; unlocks=production_methods:pm_arc_welding_shipbuilding|production_methods:pm_military_shipbuilding_steam_2|production_methods:pm_arc_welded_buildings"
"army_reserves","era_7","military","Army Reserves","Réserve militaire","Army Reserves is the concept that a set of semi professional soldiers made up of citizens could work as a support for the regular army.","La réserve militaire est un concept selon lequel des soldats semi-professionnels composés de citoyens pourraient servir de soutien à l’armée.","OK","NO","NO","MOD_MODIFIED; definition=common/technology/technologies/90_tech3a_vanilla_post1836_compatibility.txt; en=localization/english/inventions_l_english.yml; fr=localization/french/inventions_l_french.yml; prerequisites=line_infantry; unlocks=none"
"art_silk","era_10","production","Art Silk","Soie artificielle","By using materials collected from plants, it is possible to create a relative approximation of silk, for much cheaper.","En utilisant des matériaux recueillis sur des plantes, il est possible de créer une imitation de la soie à un coût largement inférieur.","OK","NO","NO","MOD_MODIFIED; definition=common/technology/technologies/90_tech3a_vanilla_post1836_compatibility.txt; en=localization/english/inventions_l_english.yml; fr=localization/french/inventions_l_french.yml; prerequisites=aniline; unlocks=production_methods:pm_rayon"
"artillery","era_7","military","Artillery","Artillerie","Long-range bombardment with heavy munitions intimidates and scatters enemy forces without risking your own troops. Inaccurate, slow-moving, and expensive, yet a crucial ingredient in any modern army.","Le bombardement à longue portée avec des munitions lourdes intimide et disperse les forces ennemies sans mettre en danger vos propres troupes. Imprécis, lent et coûteux, c’est pourtant un ingrédient essentiel de toute armée moderne.","OK","NO","NO","MOD_MODIFIED; definition=common/technology/technologies/90_tech3a_vanilla_post1836_compatibility.txt; en=localization/english/goods_l_english.yml; fr=localization/french/goods_l_french.yml; prerequisites=gunsmithing; unlocks=none"
"automatic_bottle_blowers","era_10","production","Automatic Bottle Blowers","Souffleuses de bouteilles automatiques","By automating the process of blowing the glass into a bottle shape, it is possible to make many more bottles a day.","En automatisant le processus de soufflage du verre pour lui donner la forme d’une bouteille, il est possible de fabriquer beaucoup plus de bouteilles par jour.","BAD_TRANSLATION","YES","NO","MOD_MODIFIED; definition=common/technology/technologies/90_tech3a_vanilla_post1836_compatibility.txt; en=localization/english/inventions_l_english.yml; fr=localization/french/inventions_l_french.yml; prerequisites=pressed_glass; unlocks=production_methods:pm_automatic_bottle_blowers"
"automatic_machine_guns","era_11","military","Automatic Machine Guns","Mitrailleuse automatique","The machine gun takes the concept of the handcranked machine gun and cranks it up a notch, replacing the human rotation with an automated system to allow for more bullets to be fired even faster.","La mitrailleuse automatique reprend le principe de la mitrailleuse à manivelle dans une version améliorée, puisqu’elle remplace l’intervention humaine par un système automatisé permettant de tirer davantage et encore plus vite.","OK","NO","NO","MOD_MODIFIED; definition=common/technology/technologies/90_tech3a_vanilla_post1836_compatibility.txt; en=localization/english/inventions_l_english.yml; fr=localization/french/inventions_l_french.yml; prerequisites=handcranked_machine_gun bolt_action_rifles; unlocks=production_methods:pm_recoiled_barrels"
"baking_powder","era_7","production","Baking Powder","Levure chimique","Baked goods have been around since the dawn of civilization, but only with the advent of baking powder has baking at an industrial scale become truly possible.","Les produits de boulangerie existent depuis l’aube de la civilisation, mais ce n’est qu’avec l’arrivée de la levure chimique que la production de ces produits à l’échelle industrielle est devenue vraiment possible.","OK","NO","NO","MOD_MODIFIED; definition=common/technology/technologies/90_tech3a_vanilla_post1836_compatibility.txt; en=localization/english/inventions_l_english.yml; fr=localization/french/inventions_l_french.yml; prerequisites=industrial_alkalis sugar_refining; unlocks=production_methods:pm_baking_powder|production_methods:pm_refined_spiced_food_preparations"
"banking","era_7","society","Banking","Banque","A vast financial institution, the bank provides security for public and private interests, and can become the centerpiece of a vast monetary network of investments, loans, and opportunities.","Vaste institution financière, la banque assure la sécurité des intérêts publics et privés et peut devenir la pièce maîtresse d’un vaste réseau monétaire d’investissements et de prêts.","OK","NO","NO","MOD_MODIFIED; definition=common/technology/technologies/90_tech3a_vanilla_post1836_compatibility.txt; en=localization/english/inventions_l_english.yml; fr=localization/french/inventions_l_french.yml; prerequisites=currency_standards; unlocks=none"
"battlefleet_tactics","era_12","military","Modern Battlefleet Tactics","Tactiques modernes de la flotte de combat","Operating a large battlefleet can be a difficult task. By practicing and learning specific tactics as a fleet, greater performance can be achieved.","Diriger une grande flotte de combat peut s’avérer difficile. En apprenant et en essayant des tactiques spécifiques, il est possible d’améliorer ses performances au combat.","BAD_TRANSLATION","YES","NO","MOD_MODIFIED; definition=common/technology/technologies/90_tech3a_vanilla_post1836_compatibility.txt; en=localization/english/inventions_l_english.yml; fr=localization/french/inventions_l_french.yml; prerequisites=dreadnought_tech sea_lane_strategies destroyer; unlocks=production_methods:pm_battlefleet_tactics"
"battleship_tech","era_12","military","$ship_type_super_dreadnought$","$ship_type_super_dreadnought$","By taking the dreadnought design and making all the guns high caliber, as well as some other changes, it is possible to make an even more devastating warship.","En se basant sur la conception de la frégate, en optant pour des canons de gros calibre, et en apportant d’autres modifications, il est possible de fabriquer un navire de guerre encore plus puissant.","BAD_TRANSLATION","YES","NO","MOD_MODIFIED; definition=common/technology/technologies/90_tech3a_vanilla_post1836_compatibility.txt; en=localization/english/inventions_l_english.yml; fr=localization/french/inventions_l_french.yml; prerequisites=dreadnought_tech concrete_dockyards; unlocks=none"
"behaviorism","era_11","society","Behaviorism","Comportementalisme","Establishing the law of effect, it becomes possible to create a predictive model of behavior that can be applied to the public at large.","Il devient possible avec la loi de l’effet de créer un modèle prédictif de comportement et de l’appliquer au grand public.","OK","NO","NO","MOD_MODIFIED; definition=common/technology/technologies/90_tech3a_vanilla_post1836_compatibility.txt; en=localization/english/inventions_l_english.yml; fr=localization/french/inventions_l_french.yml; prerequisites=experimental_research_laboratories philosophical_pragmatism; unlocks=none"
"bessemer_process","era_7","production","Bessemer Process","Procédé Bessemer","The Bessemer process is a technique for the mass production of steel from pig iron.","Le procédé Bessemer est une technique visant à produire de l’acier en grande quantité à partir de fonte brute.","OK","NO","NO","MOD_MODIFIED; definition=common/technology/technologies/90_tech3a_vanilla_post1836_compatibility.txt; en=localization/english/inventions_l_english.yml; fr=localization/french/inventions_l_french.yml; prerequisites=hot_blast_smelting; unlocks=production_methods:pm_bessemer_process|production_methods:pm_thomas_process"
"bolt_action_rifles","era_9","military","Bolt-Action Rifle","Fusil à verrou","A bolt action rifle works by having a bolt which is manually manipulated to put the cartridge in or out of the rife, which allows for a more reliable and powerful weapon.","Un fusil à verrou fonctionne à l’aide d’un verrou manipulé manuellement pour insérer ou retirer la cartouche du fusil, ce qui permet d’obtenir une arme plus fiable et plus puissante.","OK","NO","NO","MOD_MODIFIED; definition=common/technology/technologies/90_tech3a_vanilla_post1836_compatibility.txt; en=localization/english/inventions_l_english.yml; fr=localization/french/inventions_l_french.yml; prerequisites=repeaters; unlocks=production_methods:pm_bolt_action_rifles"
"breech_loading_artillery","era_8","military","Breech-Loading Artillery","Armes à chargement par la culasse","By changing the design to load the shells from a port in the artillery, rather than down the barrel it is possible to make a much more efficient weapons.","En modifiant la conception de l’arme pour la charger depuis l’arrière plutôt que par le canon, il est possible de fabriquer des armes bien plus efficaces.","BAD_TRANSLATION","YES","NO","MOD_MODIFIED; definition=common/technology/technologies/90_tech3a_vanilla_post1836_compatibility.txt; en=localization/english/inventions_l_english.yml; fr=localization/french/inventions_l_french.yml; prerequisites=shell_gun; unlocks=production_methods:pm_breech_loaders"
"camera","era_7","society","Camera","Appareil photo","Through a complex chemical process it is possible to capture reality itself in a single moment. An instant painting.","Grâce à un processus chimique complexe, il est possible de capturer la réalité elle-même à un instant précis. Un tableau instantané.","OK","NO","NO","MOD_MODIFIED; definition=common/technology/technologies/90_tech3a_vanilla_post1836_compatibility.txt; en=localization/english/inventions_l_english.yml; fr=localization/french/inventions_l_french.yml; prerequisites=experimental_research_laboratories romanticism; unlocks=production_methods:pm_photographic_art"
"carrier_tech","era_12","military","Aircraft Carrier","Porte-avions","By designing large ships with a large flat deck and equipping them appropriately, it is possible to create a sea borne airfield.","En concevant d’immenses navires dotés d’un grand pont et en les équipant correctement, il est possible de mettre en place un aérodrome sur la mer.","OK","NO","NO","MOD_MODIFIED; definition=common/technology/technologies/90_tech3a_vanilla_post1836_compatibility.txt; en=localization/english/inventions_l_english.yml; fr=localization/french/inventions_l_french.yml; prerequisites=dreadnought_tech military_aviation; unlocks=none"
"central_archives","era_7","society","Central Archives","Archives centrales","A modern state requires good record-keeping, and good record-keeping requires thorough paperwork. If you wish to learn more, please fill form ML-4.11866 in triplicate and expect a reponse in 2-5 working days.","Un État moderne nécessite un archivage de qualité, et un archivage de qualité nécessite des formalités administratives complètes. Si vous souhaitez en savoir plus, veuillez remplir le formulaire ML-4.11866 en trois exemplaires et attendre une réponse dans les 2 à 5 jours ouvrables.","OK","NO","NO","MOD_MODIFIED; definition=common/technology/technologies/90_tech3a_vanilla_post1836_compatibility.txt; en=localization/english/inventions_l_english.yml; fr=localization/french/inventions_l_french.yml; prerequisites=centralization; unlocks=none"
"central_banking","era_7","society","Central Banking","Banque centrale","Harnessing and centralizing the banks brings an immense amount of power into the hands of the government.","La centralisation des banques accorde un pouvoir immense au gouvernement.","OK","NO","NO","MOD_MODIFIED; definition=common/technology/technologies/90_tech3a_vanilla_post1836_compatibility.txt; en=localization/english/inventions_l_english.yml; fr=localization/french/inventions_l_french.yml; prerequisites=banking; unlocks=none"
"central_planning","era_11","society","Central Planning","Plan centralisé","Leveraging all the latest innovations in management science and electric communication, long-term plans for sweeping societal development can be coordinated by a single administrative office.","Grâce aux dernières innovations en matière de sciences de la gestion et de communication électrique, les plans à long terme pour un développement sociétal considérable peuvent être coordonnés par un seul bureau administratif.","OK","NO","NO","MOD_MODIFIED; definition=common/technology/technologies/90_tech3a_vanilla_post1836_compatibility.txt; en=localization/english/inventions_l_english.yml; fr=localization/french/inventions_l_french.yml; prerequisites=identification_documents; unlocks=production_methods:pm_switch_boards|laws:law_command_economy"
"centralization","era_7","society","Centralization","Centralisation","By centralizing administrative tasks within a logical hierarchy, standards of government operation can be developed that put achievements previously thought impossible within reach.","En centralisant les tâches administratives au sein d’une hiérarchie logique, il est possible d’établir des normes pour l’administration gouvernementale, afin de rendre possibles des opérations que l’on croyait impossibles.","OK","NO","NO","MOD_MODIFIED; definition=common/technology/technologies/90_tech3a_vanilla_post1836_compatibility.txt; en=localization/english/inventions_l_english.yml; fr=localization/french/inventions_l_french.yml; prerequisites=tech_bureaucracy nationalism; unlocks=none"
"chemical_warfare","era_12","military","Chemical Warfare","Guerre chimique","Certain chemical combinations produce adverse or even fatal effects when humans are exposed to them. Weaponizing this brings a whole new horrific aspect to warfare. ","Certaines combinaisons chimiques produisent des effets indésirables, voire mortels, quand des personnes y sont exposées. L’utilisation de ces produits à des fins militaires donne un nouvel aspect terrifiant à la guerre. ","OK","NO","NO","MOD_MODIFIED; definition=common/technology/technologies/90_tech3a_vanilla_post1836_compatibility.txt; en=localization/english/inventions_l_english.yml; fr=localization/french/inventions_l_french.yml; prerequisites=trench_works; unlocks=none"
"civilizing_mission","era_8","society","Civilizing Mission","Mission civilisatrice","It falls on our great nation's shoulders to shine the light of modernity into every uncivilized corner of the world, to educate and instill in the less developed peoples the divine values of our glorious culture.","Il incombe à notre grande nation d’insuffler un vent de modernité dans tous les recoins sauvages du monde, d’éduquer les peuples moins développés et de leur instiller les valeurs divines de notre glorieuse culture.","OK","NO","NO","MOD_MODIFIED; definition=common/technology/technologies/90_tech3a_vanilla_post1836_compatibility.txt; en=localization/english/inventions_l_english.yml; fr=localization/french/inventions_l_french.yml; prerequisites=quinine nationalism colonization abolitionist_mobilization; unlocks=buildings:building_panama_canal"
"combustion_engine","era_9","production","Combustion Engine","Moteur à combustion","A combustion engine allows fuel to be turned directly into mechanical power, based on combustions taking place inside the engine constantly.","Un moteur à combustion permet de transformer directement le carburant en puissance mécanique grâce aux combustions qui se produisent en permanence à l’intérieur du moteur.","OK","NO","NO","MOD_MODIFIED; definition=common/technology/technologies/90_tech3a_vanilla_post1836_compatibility.txt; en=localization/english/inventions_l_english.yml; fr=localization/french/inventions_l_french.yml; prerequisites=rotary_valve_engine; unlocks=buildings:building_automotive_industry|production_methods:pm_assembly_lines_building_automotive_industry|production_methods:pm_automobile_production|production_methods:pm_aeroplane_production|production_methods:pm_public_motor_carriages|production_methods:pm_chainsaws|production_methods:pm_combustion_derricks|production_methods:pm_all_metal_aircraft|production_methods:pm_scientific_management_automotive_industry"
"compression_ignition","era_11","production","Compression Ignition","Allumage par compression","A compression ignition engine ignites the fuel by compressing air and has the highest thermal efficiency of any engine.","Un moteur à allumage par compression enflamme le carburant en comprimant l’air et possède le rendement thermique le plus élevé de tous moteurs.","OK","NO","NO","MOD_MODIFIED; definition=common/technology/technologies/90_tech3a_vanilla_post1836_compatibility.txt; en=localization/english/inventions_l_english.yml; fr=localization/french/inventions_l_french.yml; prerequisites=combustion_engine mechanized_farming; unlocks=production_methods:pm_diesel_engines|production_methods:pm_mass_automobile_production|production_methods:pm_compression_ignition_tractors|production_methods:pm_diesel_pump_building_coal_mine|production_methods:pm_diesel_pump_building_iron_mine|production_methods:pm_diesel_pump_building_lead_mine|production_methods:pm_diesel_pump_building_sulfur_mine|production_methods:pm_diesel_pump_building_gold_mine|production_methods:pm_diesel_pump_building_salt_mine|production_methods:pm_diesel_trains|production_methods:pm_diesel_trains_principle_transport_3|production_methods:pm_diesel_pump_building_copper_mine|production_methods:pm_diesel_pump_building_bauxite_mine|production_methods:pm_diesel_pump_building_phosphate_mine"
"concrete_dockyards","era_10","military","Concrete Dockyards","Chantiers navals en béton","Sturdy and cheap, concrete allows for the construction of far larger piers that are able to support far heavier freight loads.","Robuste et bon marché, le béton permet de construire des quais plus larges capables de soutenir des charges bien plus lourdes.","BAD_TRANSLATION","YES","NO","MOD_MODIFIED; definition=common/technology/technologies/90_tech3a_vanilla_post1836_compatibility.txt; en=localization/english/inventions_l_english.yml; fr=localization/french/inventions_l_french.yml; prerequisites=floating_harbor; unlocks=production_methods:pm_modern_port"
"concrete_fortifications","era_11","military","Concrete Fortifications","Fortifications en béton","By introducing concrete into fortifications it is possible to make strong entrenched positions very quickly.","En introduisant du béton dans les fortifications, il est possible de construire très rapidement de solides retranchements.","OK","NO","NO","MOD_MODIFIED; definition=common/technology/technologies/90_tech3a_vanilla_post1836_compatibility.txt; en=localization/english/inventions_l_english.yml; fr=localization/french/inventions_l_french.yml; prerequisites=defense_in_depth casemated_fortifications; unlocks=production_methods:pm_naval_fortification_advanced"
"conveyors","era_10","production","Conveyors","Convoyeur","By applying motors to belts it is possible to create platforms that move goods along them without the use of human labor.","En ajoutant un groupe de motorisation à une bande transporteuse, il est possible de créer des plateformes pour déplacer les marchandises sans intervention humaine.","OK","NO","NO","MOD_MODIFIED; definition=common/technology/technologies/90_tech3a_vanilla_post1836_compatibility.txt; en=localization/english/inventions_l_english.yml; fr=localization/french/inventions_l_french.yml; prerequisites=vulcanization shift_work electrical_generation; unlocks=production_methods:pm_assembly_lines_building_furniture_manufactory|production_methods:pm_assembly_lines_building_tooling_workshop|production_methods:pm_assembly_lines_building_motor_industry|production_methods:pm_assembly_lines_building_automotive_industry|production_methods:pm_assembly_lines_building_arms_industry|production_methods:pm_assembly_lines_building_munition_plant"
"corporate_charters","era_4","society","Corporate Charters","Chartes d’entreprise","Companies whose assets and incomes are separate from that of their owners and investors, thereby mitigating personal risks while encouraging entrepreneurship.","Sociétés dont les actifs et les revenus sont distincts de ceux de leurs propriétaires et investisseurs, ce qui réduit les risques personnels tout en encourageant l’entrepreneuriat.","OK","NO","NO","MOD_MODIFIED; definition=common/technology/technologies/90_tech3a_vanilla_post1836_compatibility.txt; en=localization/english/inventions_l_english.yml; fr=localization/french/inventions_l_french.yml; prerequisites=stock_exchange; unlocks=none"
"corporate_management","era_10","society","Corporate Governance","Gouvernement d’entreprise","By synergistically introducing higher degrees of streamlining, professionalization, and scientification within our existing corporate culture, we can expect to leverage substantially maximized revenue and collaboratively evolve the industry through the seamless visualization of efficient initiatives.","En introduisant de façon synergique des degrés plus élevés de rationalisation, de professionnalisation et de scientifisation au sein de notre culture d’entreprise existante, nous pouvons nous attendre à maximiser nos revenus et à faire évoluer l’industrie en collaboration grâce à la visualisation d’initiatives efficaces.","OK","NO","NO","MOD_MODIFIED; definition=common/technology/technologies/90_tech3a_vanilla_post1836_compatibility.txt; en=localization/english/inventions_l_english.yml; fr=localization/french/inventions_l_french.yml; prerequisites=investment_banks; unlocks=production_methods:pm_scientific_management|production_methods:pm_scientific_management_automotive_industry|production_methods:pm_scientific_management_electrics_industry"
"corporatism","era_9","society","Corporatism","Corporatisme","An approach towards social relations based on collaboration between different corporate groups in society, with the ultimate goal of superseding conflict between classes.","Une approche des relations sociales basée sur la collaboration entre les groupes corporatifs de la société afin d’ultimement dépasser les conflits entre les classes.","OK","NO","NO","MOD_MODIFIED; definition=common/technology/technologies/90_tech3a_vanilla_post1836_compatibility.txt; en=localization/english/inventions_l_english.yml; fr=localization/french/inventions_l_french.yml; prerequisites=labor_movement nationalism; unlocks=laws:law_corporate_state|laws:law_social_monarchy"
"currency_standards","era_7","society","Currency Standards","Monnaie standardisée","By establishing a standardized currency the population can be taxed in a uniform fashion, collecting tax via currency rather than labor or goods.","En établissant une monnaie standardisée, il est possible de taxer la population de façon uniforme, en collectant les impôts par le biais de la monnaie plutôt que par le travail ou les biens.","OK","NO","NO","MOD_MODIFIED; definition=common/technology/technologies/90_tech3a_vanilla_post1836_compatibility.txt; en=localization/english/inventions_l_english.yml; fr=localization/french/inventions_l_french.yml; prerequisites=international_trade centralization; unlocks=none"
"defense_in_depth","era_11","military","Defense in Depth","Défense en profondeur","By making multiple lines of defense, it is possible to spread out and slow down the enemy and sometimes even envelop them.","En établissant plusieurs lignes de défense, il est possible de disperser et de ralentir l’ennemi, voire de l’encercler.","OK","NO","NO","MOD_MODIFIED; definition=common/technology/technologies/90_tech3a_vanilla_post1836_compatibility.txt; en=localization/english/inventions_l_english.yml; fr=localization/french/inventions_l_french.yml; prerequisites=trench_works automatic_machine_guns; unlocks=none"
"democracy","era_7","society","Democracy","Démocratie","Democracy is at its heart the idea that the population of a country get to choose how their country is run, through voting or other means. ","La démocratie défend l’idée que la population d’un pays a le droit de choisir la façon dont celui-ci est gouverné, par le biais du vote ou d’autres moyens. ","OK","NO","NO","MOD_MODIFIED; definition=common/technology/technologies/90_tech3a_vanilla_post1836_compatibility.txt; en=localization/english/inventions_l_english.yml; fr=localization/french/inventions_l_french.yml; prerequisites=rationalism; unlocks=none"
"destroyer","era_11","military","Destroyer","Destroyer","Lighter vessels, equipped with torpedoes and smaller guns, are just as important in modern navies as capital ships.","Les navires plus légers, équipés de torpilles et de canons plus petits, sont tout aussi importants dans les marines modernes que les navires capitaux.","OK","NO","NO","MOD_MODIFIED; definition=common/technology/technologies/90_tech3a_vanilla_post1836_compatibility.txt; en=localization/english/inventions_l_english.yml; fr=localization/french/inventions_l_french.yml; prerequisites=monitor_tech; unlocks=none"
"dialectics","era_7","society","Dialectics","Dialectique","Applying philosophical concepts to material conditions produces may create novel concepts, and perhaps new political ideas.","L’application des concepts philosophiques aux conditions matérielles peut créer de nouveaux concepts, et peut-être de nouvelles idées politiques.","OK","NO","NO","MOD_MODIFIED; definition=common/technology/technologies/90_tech3a_vanilla_post1836_compatibility.txt; en=localization/english/inventions_l_english.yml; fr=localization/french/inventions_l_french.yml; prerequisites=empiricism; unlocks=none"
"dough_rollers","era_12","production","Dough Rollers","Laminoirs","To produce all the food demanded by a rapidly-growing population, traditional bakers won't suffice any longer.","Pour produire toute la nourriture demandée par une population en pleine croissance, les boulangers traditionnels ne suffiront plus.","OK","NO","NO","MOD_MODIFIED; definition=common/technology/technologies/90_tech3a_vanilla_post1836_compatibility.txt; en=localization/english/inventions_l_english.yml; fr=localization/french/inventions_l_french.yml; prerequisites=conveyors; unlocks=production_methods:pm_automated_bakery"
"dreadnought_tech","era_11","military","Dreadnought","Frégate","By making a warship with only heavy caliber guns and steam propulsion, it is possible to overpower all other types of ship.","En concevant un navire de guerre doté uniquement de canons de gros calibre et d’une propulsion à vapeur, il est possible de surpasser tous les autres types de navires.","OK","NO","NO","MOD_MODIFIED; definition=common/technology/technologies/90_tech3a_vanilla_post1836_compatibility.txt; en=localization/english/inventions_l_english.yml; fr=localization/french/inventions_l_french.yml; prerequisites=pre_dreadnought_tech; unlocks=none"
"drydocks","era_7","military","Drydocks","Cales sèches","Creating enclosed areas where ships can be docked on dry land allows for easier and more thorough maintenance of cargo vessels and warships alike.","La création d’espaces clos où les navires peuvent être amarrés sur la terre ferme permet un entretien plus facile et plus approfondi des navires de marchandises et de guerre.","OK","NO","NO","MOD_MODIFIED; definition=common/technology/technologies/90_tech3a_vanilla_post1836_compatibility.txt; en=localization/english/inventions_l_english.yml; fr=localization/french/inventions_l_french.yml; prerequisites=navigation; unlocks=none"
"dynamite","era_8","production","Dynamite","Dynamite","By applying a stabilizing agent to nitroglycerin it is possible to make a much safer and more reliable explosive.","En appliquant un agent qui stabilise la nitroglycérine, il est possible de fabriquer un explosif bien plus sûr et plus fiable.","OK","NO","NO","MOD_MODIFIED; definition=common/technology/technologies/90_tech3a_vanilla_post1836_compatibility.txt; en=localization/english/inventions_l_english.yml; fr=localization/french/inventions_l_french.yml; prerequisites=nitroglycerin; unlocks=production_methods:pm_vacuum_evaporation|production_methods:pm_explosive_shells|production_methods:pm_dynamite_building_coal_mine|production_methods:pm_dynamite_building_iron_mine|production_methods:pm_dynamite_building_lead_mine|production_methods:pm_dynamite_building_sulfur_mine|production_methods:pm_dynamite_building_gold_mine|production_methods:pm_dynamite_building_salt_mine|production_methods:pm_dynamite_building_copper_mine|production_methods:pm_dynamite_building_bauxite_mine|production_methods:pm_dynamite_building_phosphate_mine"
"egalitarianism","era_9","society","Egalitarianism","Égalitarisme","Egalitarianism is the doctrine of the equality of mankind and the desirability of political, economic and social equality.","L’égalitarisme est la doctrine prônant l’égalité entre les hommes et la volonté d’une égalité politique, économique et sociale.","OK","NO","NO","MOD_MODIFIED; definition=common/technology/technologies/90_tech3a_vanilla_post1836_compatibility.txt; en=localization/english/inventions_l_english.yml; fr=localization/french/inventions_l_french.yml; prerequisites=feminism; unlocks=laws:law_multicultural"
"electric_arc_process","era_10","production","Electric Arc Process","Procédé à arc électrique","By putting an electric arc through metal it is possible to smelt it more quickly and efficiently.","En passant un arc électrique à travers le métal, il est possible de le faire fondre plus rapidement et plus efficacement.","BAD_TRANSLATION","YES","NO","MOD_MODIFIED; definition=common/technology/technologies/90_tech3a_vanilla_post1836_compatibility.txt; en=localization/english/inventions_l_english.yml; fr=localization/french/inventions_l_french.yml; prerequisites=open_hearth_process; unlocks=production_methods:pm_electric_arc_process|production_methods:pm_electric_arc_process_alloying"
"electric_railway","era_10","production","Electric Railways","Chemins de fer électriques","By using electricity to power the trains rather than steam, it is possible to have a much more reliable rail system.","En utilisant l’électricité plutôt que la vapeur pour faire fonctionner les trains, il est possible de développer un système ferroviaire bien plus efficace.","BAD_TRANSLATION","YES","NO","MOD_MODIFIED; definition=common/technology/technologies/90_tech3a_vanilla_post1836_compatibility.txt; en=localization/english/inventions_l_english.yml; fr=localization/french/inventions_l_french.yml; prerequisites=electrical_capacitors steel_railway_cars; unlocks=production_methods:pm_electric_engines|production_methods:pm_refrigerated_rail_cars_building_livestock_ranch|production_methods:pm_log_carts|production_methods:pm_refrigerated_rail_cars_building_fishing_wharf|production_methods:pm_refrigerated_rail_cars_building_whaling_station|production_methods:pm_electric_trains|production_methods:pm_electric_trains_principle_transport_3"
"electric_telegraph","era_7","military","Electric Telegraph","Télégraphe électrique","Through the use of simple electric pulses, messages can be rapidly transmitted through codes across vast distances. Officers in a stuffy office can send commands to armies on the far side of the world instantaneously. What hath God wrought?","Grâce à de simples impulsions électriques, des messages peuvent être rapidement transmis de manière codée sur de grandes distances. Des officiers dans un bureau guindé peuvent envoyer instantanément des ordres à des armées à l’autre bout du monde. Qu’est-ce que Dieu a fait ?","OK","NO","NO","MOD_MODIFIED; definition=common/technology/technologies/90_tech3a_vanilla_post1836_compatibility.txt; en=localization/english/inventions_l_english.yml; fr=localization/french/inventions_l_french.yml; prerequisites=logistics; unlocks=none"
"electrical_capacitors","era_9","production","Electrical Capacitors and Networks","Condensateurs et réseaux électriques","Advances in electrical regulation and storage enable more reliable industrial use of electrically powered machinery.","Les progrès dans le stockage et la régulation du courant électrique permettent l'utilisation industrielle de machines électriques plus fiables.","BAD_TRANSLATION","YES","NO","MOD_MODIFIED; definition=common/technology/technologies/90_tech3a_vanilla_post1836_compatibility.txt; en=localization/english/replace/1776_overrides_l_english.yml; fr=localization/french/replace/1776_overrides_l_french.yml; prerequisites=electrical_generation mechanized_weaving advanced_spinning; unlocks=production_methods:pm_electric_sewing_machines|production_methods:pm_automatic_power_looms|production_methods:pm_brine_electrolysis|production_methods:pm_brine_electrolysis_building_chemical_works|production_methods:pm_electric_mine_ventilation_building_bauxite_mine|production_methods:pm_electrical_precision_machinery|production_methods:pm_electric_mine_ventilation|production_methods:pm_unit_electric_drive_building_steel_mill|production_methods:pm_unit_electric_drive_building_tooling_workshop|production_methods:pm_unit_electric_drive_building_paper_mill|production_methods:pm_unit_electric_drive_building_glassworks|production_methods:pm_unit_electric_drive_building_motor_industry|production_methods:pm_tabulating_offices"
"electrical_generation","era_9","production","Electrical Generation","Production d’électricité","It is possible to capture the very essence of lightning and use it to power all sorts of different types of machinery.","Il est possible de capturer l’essence même de la foudre et de l’utiliser pour alimenter toutes sortes de machines.","OK","NO","NO","MOD_MODIFIED; definition=common/technology/technologies/90_tech3a_vanilla_post1836_compatibility.txt; en=localization/english/inventions_l_english.yml; fr=localization/french/inventions_l_french.yml; prerequisites=rotary_valve_engine; unlocks=buildings:building_power_plant|production_methods:pm_electric_fencing|production_methods:electric_rollers|production_methods:pm_electric_streetlights|production_methods:pm_early_power_plant|production_methods:pm_electric_saw_mills"
"elevator","era_10","society","Elevators","Ascenseur","Through a complex system of weights and pulleys, it possible to raise people and objects to desired heights at will.","Grâce à un système complexe de poids et de poulies, il est possible de transporter à volonté des personnes et des objets jusqu’à une certaine hauteur.","OK","NO","NO","MOD_MODIFIED; definition=common/technology/technologies/90_tech3a_vanilla_post1836_compatibility.txt; en=localization/english/inventions_l_english.yml; fr=localization/french/inventions_l_french.yml; prerequisites=steel_frame_buildings; unlocks=production_methods:pm_arcades"
"empiricism","era_7","society","Empiricism","Empirisme","An epistemological philosophy deriving knowledge from empirical evidence, information gathered from experiences rather than cultural norms or religious beliefs.","Philosophie épistémologique selon laquelle les connaissances dérivent de preuves empiriques, d’informations acquises lors des expériences plutôt que de normes culturelles ou de croyances religieuses.","OK","NO","NO","MOD_MODIFIED; definition=common/technology/technologies/90_tech3a_vanilla_post1836_compatibility.txt; en=localization/english/inventions_l_english.yml; fr=localization/french/inventions_l_french.yml; prerequisites=academia; unlocks=none"
"enclosure","era_4","production","Enclosure","Enclos","The merger of subsistence plots into enclosed, privately owned fields permits for more organized agriculture and the use of arable land for growing cash crops rather than food.","La fusion des parcelles de subsistance en champs clos et privés permet une meilleure organisation de l’agriculture et l’utilisation de terres arables pour des cultures de rente plutôt que des cultures alimentaires.","OK","NO","NO","MOD_MODIFIED; definition=common/technology/technologies/90_tech3a_vanilla_post1836_compatibility.txt; en=localization/english/inventions_l_english.yml; fr=localization/french/inventions_l_french.yml; prerequisites=none; unlocks=none"
"enlistment_offices","era_8","military","Enlistment Offices","Bureaux de recrutement militaire","Offices built to attract recruits help immensely with bolstering the nation's military manpower.","Les bureaux construits pour attirer les recrues contribuent grandement à renforcer les effectifs militaires de la nation.","BAD_TRANSLATION","YES","NO","MOD_MODIFIED; definition=common/technology/technologies/90_tech3a_vanilla_post1836_compatibility.txt; en=localization/english/inventions_l_english.yml; fr=localization/french/inventions_l_french.yml; prerequisites=logistics corps_organization; unlocks=laws:law_mass_conscription"
"feminism","era_8","society","Feminism","Féminisme","Feminism is an ideology concerned with advancing social, economic, and political equality for women. Feminists believe that women should have the same legal rights as men to own property, work, and participate in politics.","Le féminisme est une idéologie prônant l’égalité sociale, économique et politique des femmes et des hommes. Les féministes sont convaincus que les femmes devraient avoir les mêmes droits que les hommes, par exemple accéder à la propriété, travailler ou encore participer à la vie politique.","OK","NO","NO","MOD_MODIFIED; definition=common/technology/technologies/90_tech3a_vanilla_post1836_compatibility.txt; en=localization/english/inventions_l_english.yml; fr=localization/french/inventions_l_french.yml; prerequisites=human_rights; unlocks=none"
"field_works","era_7","military","Field Works","Aménagement de terrain","Field works is modifying the terrain where the battle is held thus giving soldiers greater protection.","L’aménagement de terrain consiste à modifier le terrain où se déroule la bataille, offrant ainsi une meilleure protection aux soldats.","OK","NO","NO","MOD_MODIFIED; definition=common/technology/technologies/90_tech3a_vanilla_post1836_compatibility.txt; en=localization/english/inventions_l_english.yml; fr=localization/french/inventions_l_french.yml; prerequisites=general_staff; unlocks=production_methods:pm_barbed_wire_fences"
"film","era_10","society","Film","Film","By taking many photographs in quick succession, it is possible to capture movement in real time. This can then be processed and played back.","En prenant plusieurs photographies d’affilée, il est possible de capturer un mouvement en temps réel. Ces images peuvent ensuite être traitées et visionnées à nouveau.","OK","NO","NO","MOD_MODIFIED; definition=common/technology/technologies/90_tech3a_vanilla_post1836_compatibility.txt; en=localization/english/inventions_l_english.yml; fr=localization/french/inventions_l_french.yml; prerequisites=camera; unlocks=production_methods:pm_film_art"
"flamethrowers","era_12","military","Flamethrowers","Lance-flammes","A great way to drive entrenched soldiers out of their defensive positions is to light a fire under them.","Un bon moyen de faire sortir des soldats retranchés de leurs positions défensives est d’allumer un feu en dessous d’eux.","OK","NO","NO","MOD_MODIFIED; definition=common/technology/technologies/90_tech3a_vanilla_post1836_compatibility.txt; en=localization/english/inventions_l_english.yml; fr=localization/french/inventions_l_french.yml; prerequisites=trench_works; unlocks=none"
"flash_freezing","era_12","production","Flash Freezing","Surgélation","By subjecting food to a very low temperature, it can be quickly frozen, allowing it to be preserved for longer.","En soumettant des produits alimentaires à des températures extrêmement basses, il est possible de les congeler rapidement pour les conserver plus longtemps.","OK","NO","NO","MOD_MODIFIED; definition=common/technology/technologies/90_tech3a_vanilla_post1836_compatibility.txt; en=localization/english/inventions_l_english.yml; fr=localization/french/inventions_l_french.yml; prerequisites=pasteurization; unlocks=production_methods:pm_flash_freezing_building_fishing_wharf|production_methods:pm_flash_freezing_building_whaling_station"
"floating_harbor","era_9","military","Floating Harbor","Port artificiel","By keeping a dock at a constant level along a tidal waterway, ships can more quickly dock and transfer goods without having to consider relative changes between the waterway level and docks.","En maintenant un embarcadère à un niveau constant le long d’une voie navigable soumise à la marée, les navires peuvent accoster et transférer plus rapidement des marchandises sans devoir tenir compte des changements entre le niveau de la voie navigable et les quais.","OK","NO","NO","MOD_MODIFIED; definition=common/technology/technologies/90_tech3a_vanilla_post1836_compatibility.txt; en=localization/english/inventions_l_english.yml; fr=localization/french/inventions_l_french.yml; prerequisites=gantry_cranes; unlocks=production_methods:pm_trade_center_trade_quantity_very_high"
"gantry_cranes","era_8","military","Gantry Cranes","Portique de levage","Useful in construction and transportation, gantry cranes are large enough to straddle the width of a ship. This gives them a sturdiness that means they can lift the heaviest loads a ship can possibly carry.","Utiles pour la construction et le transport, les portiques de levage sont assez grands pour occuper toute la largeur d’un navire. Cela les rend assez solides pour leur permettre de soulever les charges les plus lourdes qu’un navire puisse transporter.","OK","NO","NO","MOD_MODIFIED; definition=common/technology/technologies/90_tech3a_vanilla_post1836_compatibility.txt; en=localization/english/inventions_l_english.yml; fr=localization/french/inventions_l_french.yml; prerequisites=mechanized_naval_dockyards maritime_safety_standards; unlocks=production_methods:pm_metal_shipbuilding|production_methods:pm_industrial_port"
"gunsmithing","era_7","military","Gunsmithing","Armurerie","Gunsmithing allows the creation of explosive powered weaponry, making the relevance of physical strength much less important.","L’armurerie est à l’origine de la création d’armes explosives, minimisant ainsi fortement l’importance de la force physique.","OK","NO","NO","MOD_MODIFIED; definition=common/technology/technologies/90_tech3a_vanilla_post1836_compatibility.txt; en=localization/english/inventions_l_english.yml; fr=localization/french/inventions_l_french.yml; prerequisites=standing_army; unlocks=none"
"handcranked_machine_gun","era_9","military","Handcranked Machine Gun","Mitrailleuse à manivelle","By using a mechanical crank to rotate the barrel it is possible to fire bullets at a much faster rate than a standard firearm.","En utilisant une manivelle mécanique pour faire tourner le barillet, il est possible de tirer à une cadence bien plus élevée par rapport à une arme à feu standard.","OK","NO","NO","MOD_MODIFIED; definition=common/technology/technologies/90_tech3a_vanilla_post1836_compatibility.txt; en=localization/english/inventions_l_english.yml; fr=localization/french/inventions_l_french.yml; prerequisites=repeaters; unlocks=none"
"hydraulic_cranes","era_7","military","Hydraulic Cranes","Grue hydraulique","Cranes powered by water pressure are vastly stronger than earlier stationary cranes. Their strength and efficiency can greatly increase the flow of goods in and out of commercial ports.","Les grues actionnées par pression hydraulique sont bien plus robustes que les grues fixes. Leur force et leur efficacité augmentent considérablement le flux de marchandises entrant et sortant des ports commerciaux.","OK","NO","NO","MOD_MODIFIED; definition=common/technology/technologies/90_tech3a_vanilla_post1836_compatibility.txt; en=localization/english/inventions_l_english.yml; fr=localization/french/inventions_l_french.yml; prerequisites=drydocks; unlocks=none"
"identification_documents","era_8","society","Identification Documents","Documents d’identification","By creating documents identifying citizens of a country, it is much easier to keep track of them.","Il est plus facile de garder une trace des citoyens d’un pays en établissant des documents d’identification.","OK","NO","NO","MOD_MODIFIED; definition=common/technology/technologies/90_tech3a_vanilla_post1836_compatibility.txt; en=localization/english/inventions_l_english.yml; fr=localization/french/inventions_l_french.yml; prerequisites=central_statistical_offices professional_civil_policing; unlocks=none"
"improved_fertilizer","era_8","production","Improved Fertilizer","Engrais amélioré","By experimenting with different chemicals it is possible to make even more effective fertilizers.","En testant différents produits chimiques, il est possible de fabriquer des engrais encore plus efficaces.","OK","NO","NO","MOD_MODIFIED; definition=common/technology/technologies/90_tech3a_vanilla_post1836_compatibility.txt; en=localization/english/inventions_l_english.yml; fr=localization/french/inventions_l_french.yml; prerequisites=artificial_fertilizers; unlocks=production_methods:pm_improved_fertilizer|production_methods:pm_fertilization|production_methods:pm_sugar_beets|production_methods:pm_fertilization_building_rice_farm"
"intensive_agriculture","era_5","production","Intensive Agriculture","Agriculture intensive","By integrating food production into the industrial supply chain it is possible to realize much higher yields.","En intégrant la production alimentaire dans la chaîne d’approvisionnement industrielle, il est possible d’obtenir des rendements bien plus élevés.","OK","NO","NO","MOD_MODIFIED; definition=common/technology/technologies/90_tech3a_vanilla_post1836_compatibility.txt; en=localization/english/inventions_l_english.yml; fr=localization/french/inventions_l_french.yml; prerequisites=enclosure; unlocks=none"
"international_exchange_standards","era_10","society","International Exchange Standards","Normes internationales d’échange","Establishing an international system of accounting and exchange makes trade between nations simpler and cheaper to maintain.","L’établissement d’un système international de comptabilité et d’échange rend le commerce entre les nations plus simple et moins coûteux.","OK","NO","NO","MOD_MODIFIED; definition=common/technology/technologies/90_tech3a_vanilla_post1836_compatibility.txt; en=localization/english/inventions_l_english.yml; fr=localization/french/inventions_l_french.yml; prerequisites=institutionalized_public_credit international_relations; unlocks=none"
"international_trade","era_7","society","International Trade","Commerce international","The ability to trade not just within your country, or even within your continent, but across the entire world has revolutionized the global economy.","La possibilité de commercer non plus uniquement au sein de son propre pays ou de son propre continent, mais dans le monde entier, a révolutionné l’économie mondiale.","OK","NO","NO","MOD_MODIFIED; definition=common/technology/technologies/90_tech3a_vanilla_post1836_compatibility.txt; en=localization/english/inventions_l_english.yml; fr=localization/french/inventions_l_french.yml; prerequisites=tech_bureaucracy; unlocks=none"
"investment_banks","era_9","society","Investment Banks","Banques d’investissement","Towering financial institutions catering to the needs of corporate finance, invenstment banks primarily assist in the raising of capital for private enterprise.","Institutions financières d’envergure répondant aux besoins financiers des entreprises, les banques d’investissement participent principalement à la levée de capitaux pour les entreprises privées.","OK","NO","NO","MOD_MODIFIED; definition=common/technology/technologies/90_tech3a_vanilla_post1836_compatibility.txt; en=localization/english/inventions_l_english.yml; fr=localization/french/inventions_l_french.yml; prerequisites=stock_exchange mutual_funds; unlocks=none"
"ironclad_tech","era_7","military","Ironclad","Cuirassé","By cladding a ship in iron plating it is possible to make it much more durable and resistant to incendiary ammunition.","En ajoutant un blindage en fer à un navire, il est possible de renforcer sa résistance aux munitions incendiaires.","OK","NO","NO","MOD_MODIFIED; definition=common/technology/technologies/90_tech3a_vanilla_post1836_compatibility.txt; en=localization/english/inventions_l_english.yml; fr=localization/french/inventions_l_french.yml; prerequisites=iron_hull_construction; unlocks=buildings:building_kiel_canal|production_methods:pm_military_shipbuilding_steam"
"jeune_ecole","era_9","military","Jeune École","Jeune École","By having many smaller ships rather than a few big ones, it is possible to keep a certain level of maneuverability that would otherwise be impossible.","En privilégiant des bateaux plus petits, il est possible de maintenir un certain niveau de maniabilité, qui serait impossible avec des navires plus grands.","OK","NO","NO","MOD_MODIFIED; definition=common/technology/technologies/90_tech3a_vanilla_post1836_compatibility.txt; en=localization/english/inventions_l_english.yml; fr=localization/french/inventions_l_french.yml; prerequisites=self_propelled_torpedoes; unlocks=production_methods:pm_jeune_ecole|laws:law_jeune_ecole"
"joint_stock_companies","era_6","society","Joint-Stock Companies","Sociétés par actions","A joint-stock company is one whose ownership is divided into a number of shares which are held unequally by many investors, who derive dividends from the company according to the size of the portion they own. This allows trading of partial ownership and investment by both rich and middle-class businessmen.","Une société par actions est une société dont la propriété est répartie en un certain nombre d’actions détenues de façon inégale par de nombreux investisseurs, qui perçoivent des dividendes de la société en fonction de l’importance de la part qu’ils détiennent. Cela permet aux hommes d’affaires riches ou de classe moyenne de négocier une propriété partielle et d’investir.","OK","NO","NO","MOD_MODIFIED; definition=common/technology/technologies/90_tech3a_vanilla_post1836_compatibility.txt; en=localization/english/inventions_l_english.yml; fr=localization/french/inventions_l_french.yml; prerequisites=postal_savings commercial_insurance_markets; unlocks=laws:law_laissez_faire"
"landing_craft","era_11","military","Landing Craft","Navire de débarquement","Vessels designed specifically for protecting waterborne troops greatly improve the chances of an amphibious assault actually succeeding.","Les navires conçus spécifiquement pour protéger les troupes transportées sur l’eau améliorent considérablement les chances de réussite d’un assaut amphibie.","OK","NO","NO","MOD_MODIFIED; definition=common/technology/technologies/90_tech3a_vanilla_post1836_compatibility.txt; en=localization/english/inventions_l_english.yml; fr=localization/french/inventions_l_french.yml; prerequisites=floating_harbor field_engineering_pontoon_trains; unlocks=none"
"lathe","era_5","production","Lathe","Tour","The lathe is a machine for rotating a piece of material, be it metal or wood, so that it can be easily be machined into the desired shape.","Le tour est une machine permettant de faire tourner un matériau, qu’il soit en métal ou en bois, pour le travailler et lui donner la forme souhaitée.","OK","NO","NO","MOD_MODIFIED; definition=common/technology/technologies/90_tech3a_vanilla_post1836_compatibility.txt; en=localization/english/inventions_l_english.yml; fr=localization/french/inventions_l_french.yml; prerequisites=cotton_gin; unlocks=none"
"law_enforcement","era_7","society","Law Enforcement","Maintien de l’ordre public","A professional force trained to a set standard permits the state to police its populace with increased authority.","Une force professionnelle entraînée permet à l’État de maintenir l’ordre au sein de sa population avec autorité.","BAD_TRANSLATION","YES","NO","MOD_MODIFIED; definition=common/technology/technologies/90_tech3a_vanilla_post1836_compatibility.txt; en=localization/english/inventions_l_english.yml; fr=localization/french/inventions_l_french.yml; prerequisites=tech_bureaucracy urban_planning professional_civil_policing; unlocks=none"
"line_infantry","era_7","military","Line Infantry","Infanterie de ligne","Soldiers equipped with standardized gear and trained with standardized methods give a greater uniformity to an army, and in that way give it a greater reliability.","Des soldats équipés d’un matériel standardisé et formés selon des méthodes standardisées confèrent une plus grande uniformité à une armée, et par là même une plus grande fiabilité.","OK","NO","NO","MOD_MODIFIED; definition=common/technology/technologies/90_tech3a_vanilla_post1836_compatibility.txt; en=localization/english/inventions_l_english.yml; fr=localization/french/inventions_l_french.yml; prerequisites=mandatory_service military_drill; unlocks=none"
"macroeconomics","era_12","society","Macroeconomics","Macroéconomie","Money should be approached holistically. Why only consider how a single market may fare in the next five years, when all the markets, together, globally, can be accounted for?","L’argent doit être abordé de manière holistique. Pourquoi ne considérer que l’évolution d’un seul marché dans les cinq prochaines années, alors que tous les marchés, ensemble, au niveau mondial, peuvent être pris en compte ?","OK","NO","NO","MOD_MODIFIED; definition=common/technology/technologies/90_tech3a_vanilla_post1836_compatibility.txt; en=localization/english/inventions_l_english.yml; fr=localization/french/inventions_l_french.yml; prerequisites=classical_political_economy central_statistical_offices; unlocks=none"
"malaria_prevention","era_10","society","Malaria Prevention","Prévention du paludisme","Through a combination of medicine and preventative methods such as mosquito nets, it is possible to lower the effect of Malaria in affected regions.","En associant des médicaments et des méthodes préventives comme des moustiquaires, il est possible de réduire les effets du paludisme dans les régions affectées.","OK","NO","NO","MOD_MODIFIED; definition=common/technology/technologies/90_tech3a_vanilla_post1836_compatibility.txt; en=localization/english/inventions_l_english.yml; fr=localization/french/inventions_l_french.yml; prerequisites=civilizing_mission organized_immunization_campaigns quinine; unlocks=none"
"mandatory_service","era_7","military","Mandatory Service","Service obligatoire","Volunteers and mercenaries might not meet all the manpower demands of a modern military force. Sometimes, the nation simply must demand service from all its citizens.","Les volontaires et les mercenaires peuvent ne pas répondre à toutes les exigences qui s’appliquent à une force militaire moderne. Parfois, la nation doit simplement exiger le service de tous ses citoyens.","OK","NO","NO","MOD_MODIFIED; definition=common/technology/technologies/90_tech3a_vanilla_post1836_compatibility.txt; en=localization/english/inventions_l_english.yml; fr=localization/french/inventions_l_french.yml; prerequisites=standing_army; unlocks=none"
"manufacturies","era_4","production","Manufacturies","Manufacture","The guilds controlled the methods and hiring practices a business could use, limiting entry into the labor force and demanding that only highly skilled and certified (by the guild, naturally) craftsmen perform certain tasks. Increasingly, industrialists left the cities and founded new sites of innovation, free from the exacting standards and high wages of the guild masters.","Les guildes contrôlaient les méthodes et les pratiques d’embauche d’une entreprise, limitant ainsi l’entrée de la main-d’œuvre et exigeant que seuls des artisans qualifiés et certifiés (par la guilde elle-même, naturellement) s’acquittent de certaines tâches. De plus en plus, les industriels ont quitté les villes et fondé de nouveaux sites d’innovation, libérés des normes rigoureuses et des salaires exorbitants des maîtres des guildes.","OK","NO","NO","MOD_MODIFIED; definition=common/technology/technologies/90_tech3a_vanilla_post1836_compatibility.txt; en=localization/english/inventions_l_english.yml; fr=localization/french/inventions_l_french.yml; prerequisites=none; unlocks=none"
"mass_communication","era_7","society","Mass Communication","Communication de masse","Mass Communication is the easy spread of information utilizing technologies such as the newspaper.","La communication de masse consiste à diffuser des informations par divers moyens, comme le journal.","OK","NO","NO","MOD_MODIFIED; definition=common/technology/technologies/90_tech3a_vanilla_post1836_compatibility.txt; en=localization/english/inventions_l_english.yml; fr=localization/french/inventions_l_french.yml; prerequisites=democracy; unlocks=none"
"mass_propaganda","era_11","society","Mass Propaganda","Propagande de masse","By printing and distributing a large amount of information in a short amount of time, it is possible to get your version of truth spread much more quickly and effectively than ever before.","En éditant et en distribuant une grande quantité d’informations en peu de temps, il est possible de diffuser votre version de la vérité bien plus rapidement et plus efficacement qu’avant.","OK","NO","NO","MOD_MODIFIED; definition=common/technology/technologies/90_tech3a_vanilla_post1836_compatibility.txt; en=localization/english/inventions_l_english.yml; fr=localization/french/inventions_l_french.yml; prerequisites=political_agitation film organized_sports; unlocks=none"
"mass_surveillance","era_12","society","Mass Surveillance","Surveillance de masse","By having specific people whose sole purpose is to follow and report on others, it is possible to keep a much closer eye on what is going on in your country.","Grâce à des personnes dont le seul but est de suivre certains individus pour en rapporter tous les faits et gestes, il est possible de garder un œil attentif sur ce qui se passe dans votre pays.","OK","NO","NO","MOD_MODIFIED; definition=common/technology/technologies/90_tech3a_vanilla_post1836_compatibility.txt; en=localization/english/inventions_l_english.yml; fr=localization/french/inventions_l_french.yml; prerequisites=central_planning; unlocks=laws:law_militarized_police"
"mechanized_farming","era_7","production","Mechanized Farming","Agriculture mécanisée","By replacing various aspect of physical farm labor with machine power, it is possible to increase the efficiency of farming greatly.","En remplaçant la main-d’œuvre utilisée pour le travail agricole par des machines, il est possible d’augmenter considérablement l’efficacité de l’agriculture.","OK","NO","NO","MOD_MODIFIED; definition=common/technology/technologies/90_tech3a_vanilla_post1836_compatibility.txt; en=localization/english/inventions_l_english.yml; fr=localization/french/inventions_l_french.yml; prerequisites=threshing_machine selective_breeding; unlocks=production_methods:pm_tractors|production_methods:pm_intensive_grazing_ranch|production_methods:pm_mechanized_slaughtering"
"mechanized_workshops","era_7","production","Mechanized Workshops","Ateliers mécanisés","A Mechanized Workshop is the replacement of various physical tasks in a workshop with mechanical solutions, allowing a greater amount of work to be completed at a faster rate.","Un atelier mécanisé consiste à remplacer des tâches physiques dans un atelier par des solutions mécaniques, ce qui permet d’accomplir une plus grande quantité de travail en moins de temps.","OK","NO","NO","MOD_MODIFIED; definition=common/technology/technologies/90_tech3a_vanilla_post1836_compatibility.txt; en=localization/english/inventions_l_english.yml; fr=localization/french/inventions_l_french.yml; prerequisites=canneries mechanical_tools manufacturies; unlocks=none"
"military_aviation","era_10","military","Military Aviation","Aviation militaire","By combining conventional aviation with military technology, it is possible to create aircraft that can fulfill a variety of military roles.","En associant l’aviation traditionnelle et la technologie militaire, il est possible de fabriquer des avions à des fins militaires.","OK","NO","NO","MOD_MODIFIED; definition=common/technology/technologies/90_tech3a_vanilla_post1836_compatibility.txt; en=localization/english/inventions_l_english.yml; fr=localization/french/inventions_l_french.yml; prerequisites=wargaming; unlocks=production_methods:pm_aeroplane_production|production_methods:pm_all_metal_aircraft"
"military_drill","era_7","military","Military Drill","Exercice militaire","As the saying goes, ","Comme le dit le dicton, « c’est en forgeant qu’on devient forgeron », et cela est aussi vrai pour les soldats que pour les forgerons. Il n’y a pas d’armée plus prisée par les généraux qu’une armée qui peut réagir immédiatement à tout ordre et de façon coordonnée.","OK","NO","NO","MOD_MODIFIED; definition=common/technology/technologies/90_tech3a_vanilla_post1836_compatibility.txt; en=localization/english/inventions_l_english.yml; fr=localization/french/inventions_l_french.yml; prerequisites=standing_army; unlocks=none"
"military_statistics","era_9","military","Military Statistics","Statistiques militaires","A good general knows not just where every bullet was fired, but where that bullet was supplied from and how many bullets are left.","Un bon général sait non seulement où chaque balle a été tirée, mais aussi d’où elle vient et combien il en reste.","OK","NO","NO","MOD_MODIFIED; definition=common/technology/technologies/90_tech3a_vanilla_post1836_compatibility.txt; en=localization/english/inventions_l_english.yml; fr=localization/french/inventions_l_french.yml; prerequisites=general_staff; unlocks=production_methods:pm_advanced_tactics_training|production_methods:pm_advanced_tactics_training_conscription"
"mobile_armor","era_12","military","Mobile Armor","Armure mobile","By equipping a motorized vehicle with metal plating, it is possible to create an advanced weaponry platform.","En équipant un revêtement métallique sur un véhicule motorisé, il est possible de fabriquer une plateforme d’armement avancée.","OK","NO","NO","MOD_MODIFIED; definition=common/technology/technologies/90_tech3a_vanilla_post1836_compatibility.txt; en=localization/english/inventions_l_english.yml; fr=localization/french/inventions_l_french.yml; prerequisites=military_aviation stormtroopers; unlocks=production_methods:pm_tank_production|production_methods:pm_mobile_warfare_tactics|production_methods:pm_mobile_warfare_tactics_conscription"
"modern_financial_instruments","era_12","society","Modern Financial Instruments","Instruments financiers modernes","Moneymaking methods continue to grow and proliferate. Some methods may involve money flowing in a pyramid upwards, but all of them involve more and more money flowing all the time.","Les méthodes pour gagner de l’argent continuent de se développer. Certaines d’entre elles impliquent peut-être que l’argent circule vers le haut de la pyramide, mais toutes impliquent que de plus en plus d’argent circule en permanence.","OK","NO","NO","MOD_MODIFIED; definition=common/technology/technologies/90_tech3a_vanilla_post1836_compatibility.txt; en=localization/english/inventions_l_english.yml; fr=localization/french/inventions_l_french.yml; prerequisites=international_exchange_standards corporate_management; unlocks=none"
"modern_nursing","era_7","military","Modern Nursing","Soins infirmiers modernes","By using techniques such as hand washing and bedside care, nurses are able to reduce the amount of fatalities by a considerable amount.","Grâce à des techniques comme le lavage de mains et les soins au chevet du patient, les infirmières peuvent réduire considérablement le nombre de décès.","OK","NO","NO","MOD_MODIFIED; definition=common/technology/technologies/90_tech3a_vanilla_post1836_compatibility.txt; en=localization/english/inventions_l_english.yml; fr=localization/french/inventions_l_french.yml; prerequisites=battlefield_evacuation; unlocks=none"
"modern_sewerage","era_8","society","Modern Sewerage","Réseau d’assainissement moderne","Modern Sewerage is the creation of specific tunnels and pipes to remove refuse from a city, leading to a better standard of living. ","Un réseau d’assainissement moderne consiste à créer des tunnels et des canalisations spécifiques pour éliminer les déchets d’une ville, assurant ainsi de meilleures conditions de vie. ","OK","NO","NO","MOD_MODIFIED; definition=common/technology/technologies/90_tech3a_vanilla_post1836_compatibility.txt; en=localization/english/inventions_l_english.yml; fr=localization/french/inventions_l_french.yml; prerequisites=organized_immunization_campaigns; unlocks=none"
"monitor_tech","era_8","military","$ship_type_modern_ironclad$","$ship_type_modern_ironclad$","By making a smaller warship better suited for shallow water and slapping massive guns on it, it is possible to make an effective naval weapon.","En fabriquant des navires de guerre plus petits et mieux adaptés aux eaux peu profondes et en les équipant de canons massifs, il est possible de créer une arme navale efficace.","BAD_TRANSLATION","YES","NO","MOD_MODIFIED; definition=common/technology/technologies/90_tech3a_vanilla_post1836_compatibility.txt; en=localization/english/inventions_l_english.yml; fr=localization/french/inventions_l_french.yml; prerequisites=ironclad_tech breech_loading_artillery; unlocks=none"
"multilateral_alliances","era_10","society","Multilateral Alliances","Alliances multilatérales","The industrial potential and global reach of modern states requires the formation of truly international alliances to ensure the safety of our interests.","Le potentiel industriel et la portée mondiale des États modernes exigent la formation d’alliances véritablement internationales pour garantir la sécurité de nos intérêts.","OK","NO","NO","MOD_MODIFIED; definition=common/technology/technologies/90_tech3a_vanilla_post1836_compatibility.txt; en=localization/english/inventions_l_english.yml; fr=localization/french/inventions_l_french.yml; prerequisites=international_relations pan-nationalism; unlocks=none"
"mutual_funds","era_8","society","Mutual Funds","Fonds mutuel","A sort of pooled investment funds, the mutual fund helps combine the individual wealth of investors into massive pools of money that can flex immense financial strength to acquire securities and other costly financial instruments.","Sorte de fonds d’investissement commun, le fonds mutuel permet de réunir la richesse individuelle des investisseurs en une énorme masse d’argent qui peut être utilisée pour acquérir des titres coûteux.","OK","NO","NO","MOD_MODIFIED; definition=common/technology/technologies/90_tech3a_vanilla_post1836_compatibility.txt; en=localization/english/inventions_l_english.yml; fr=localization/french/inventions_l_french.yml; prerequisites=institutionalized_public_credit joint_stock_companies; unlocks=production_methods:pm_financial_district_publicly_traded|laws:law_commercialized_agriculture"
"napoleonic_warfare","era_7","military","Napoleonic Warfare","Guerre napoléonienne","Napoleon revolutionized warfare, emphasizing the importance of properly utilizing artillery.","Napoléon a révolutionné la guerre en mettant l’accent sur une bonne utilisation de l’artillerie.","OK","NO","NO","MOD_MODIFIED; definition=common/technology/technologies/90_tech3a_vanilla_post1836_compatibility.txt; en=localization/english/inventions_l_english.yml; fr=localization/french/inventions_l_french.yml; prerequisites=line_infantry artillery; unlocks=none"
"nationalism","era_7","society","Nationalism","Nationalisme","Who am I? It is a key question that runs to the hearts of the identity of a person. In times past people have said they are from a province, a town or even a family as an expression of that identity. A new ideas have developed that transcends these notions and instead see identity as something that is shared amongst the nation. What is more, the nation should be united into a single country.","« Qui suis-je ? » La question de l’identité de chacun est primordiale. Dans le passé, les gens disaient venir d’une province, d’une ville ou même d’une famille pour exprimer leur identité. Mais une nouvelle idée s’est développée depuis, selon laquelle l’identité devrait être définie comme l’appartenance à une nation. Une nation qui elle-même devrait être unie en un seul pays.","OK","NO","NO","MOD_MODIFIED; definition=common/technology/technologies/90_tech3a_vanilla_post1836_compatibility.txt; en=localization/english/inventions_l_english.yml; fr=localization/french/inventions_l_french.yml; prerequisites=national_sovereignty; unlocks=laws:law_ethnostate|laws:law_national_supremacy"
"navigation","era_7","military","Navigation","Navigation","Through various different methods, from stars, to maps, to a compass it is possible to correctly chart a course across the world.","Grâce à diverses méthodes, des étoiles aux cartes en passant par la boussole, il est possible de tracer correctement un itinéraire à travers le monde.","OK","NO","NO","MOD_MODIFIED; definition=common/technology/technologies/90_tech3a_vanilla_post1836_compatibility.txt; en=localization/english/inventions_l_english.yml; fr=localization/french/inventions_l_french.yml; prerequisites=none; unlocks=none"
"nco_training","era_11","military","NCO Training","Formation des sous-officiers","It's as important to maintain a trained body of lower-ranking officers familiar with their craft as it is to maintain academy-trained captains and generals.","Il est tout aussi important d’avoir un corps d’officiers de rang inférieur entraîné que des capitaines et des généraux formés à l’académie.","OK","NO","NO","MOD_MODIFIED; definition=common/technology/technologies/90_tech3a_vanilla_post1836_compatibility.txt; en=localization/english/inventions_l_english.yml; fr=localization/french/inventions_l_french.yml; prerequisites=wargaming; unlocks=production_methods:pm_nco_incorporation|production_methods:pm_nco_incorporation_conscription"
"nitrogen_fixation","era_11","production","Nitrogen Fixation","Fixation de l’azote","By combining various chemicals at a high temperature, it is possible to create ammonia in large quantities.","En combinant plusieurs produits chimiques à une température élevée, il est possible de fabriquer de l’ammoniac en grande quantité.","OK","NO","NO","MOD_MODIFIED; definition=common/technology/technologies/90_tech3a_vanilla_post1836_compatibility.txt; en=localization/english/inventions_l_english.yml; fr=localization/french/inventions_l_french.yml; prerequisites=improved_fertilizer; unlocks=production_methods:pm_nitrogen_fixation|production_methods:pm_chemical_fertilizer|production_methods:pm_chemical_fertilizer_building_rice_farm"
"nitroglycerin","era_7","production","Nitroglycerin","Nitroglycérine","This was the technique of producing reliable explosives out of nitrates. This often meant using fertilizers as base material.","Composé chimique utilisé dans la fabrication d’explosifs fiables. Cette technique impliquait souvent l’utilisation d’engrais comme matériau de base.","OK","NO","NO","MOD_MODIFIED; definition=common/technology/technologies/90_tech3a_vanilla_post1836_compatibility.txt; en=localization/english/inventions_l_english.yml; fr=localization/french/inventions_l_french.yml; prerequisites=industrial_acids; unlocks=buildings:building_explosives_factory|production_methods:pm_leblanc_process|production_methods:pm_brine_electrolysis|production_methods:pm_nitroglycerin_building_coal_mine|production_methods:pm_nitroglycerin_building_iron_mine|production_methods:pm_nitroglycerin_building_lead_mine|production_methods:pm_nitroglycerin_building_sulfur_mine|production_methods:pm_nitroglycerin_building_gold_mine|production_methods:pm_nitroglycerin_building_salt_mine|production_methods:pm_solvay_process_building_chemical_works|production_methods:pm_nitroglycerin_building_copper_mine|production_methods:pm_nitroglycerin_building_bauxite_mine|production_methods:pm_nitroglycerin_building_phosphate_mine"
"oil_turbine","era_12","production","Oil Turbine","Turbine à huile","The power of a turbine can be amplified with the use of oil, a far more energy-rich fuel than coal.","La puissance d’une turbine peut être amplifiée grâce à l’utilisation du pétrole, un combustible bien plus riche en énergie que le charbon.","OK","NO","NO","MOD_MODIFIED; definition=common/technology/technologies/90_tech3a_vanilla_post1836_compatibility.txt; en=localization/english/inventions_l_english.yml; fr=localization/french/inventions_l_french.yml; prerequisites=steam_turbine; unlocks=production_methods:pm_early_power_plant"
"open_hearth_process","era_8","production","Open Hearth Process","Procédé Martin-Siemens","This is a special process to burn out the impurities from pig iron and thus allow it to turn into steel.","Ce procédé spécial permet de brûler les impuretés de la fonte brute et de permettre ainsi sa transformation en acier.","OK","NO","NO","MOD_MODIFIED; definition=common/technology/technologies/90_tech3a_vanilla_post1836_compatibility.txt; en=localization/english/inventions_l_english.yml; fr=localization/french/inventions_l_french.yml; prerequisites=bessemer_process; unlocks=production_methods:pm_open_hearth_process"
"organized_sports","era_8","society","Organized Sports","Sports organisés","Sports aren't just for those playing them. They're a show, an expression of community, a place where a crowd can feel like they belong. The spectacle of sports matters just as much as the feats committed on the field.","Les sports ne sont pas seulement destinés à ceux qui les pratiquent. C’est un spectacle, une expression de la communauté, un lieu où la foule peut avoir un sentiment d’appartenance. Le spectacle du sport compte tout autant que les exploits réalisés sur le champ de bataille.","OK","NO","NO","MOD_MODIFIED; definition=common/technology/technologies/90_tech3a_vanilla_post1836_compatibility.txt; en=localization/english/inventions_l_english.yml; fr=localization/french/inventions_l_french.yml; prerequisites=nationalism; unlocks=none"
"pasteurization","era_10","production","Pasteurization","Pasteurisation","Briefly heating milk and juices eliminates disease-carrying bacteria and enzymes, making the products safer to drink and prolonging their shelf-life.","Le fait de chauffer brièvement le lait et les jus de fruits élimine les bactéries et les enzymes porteurs de maladies, ce qui rend les produits plus sûrs à boire et prolonge leur durée de conservation.","OK","NO","NO","MOD_MODIFIED; definition=common/technology/technologies/90_tech3a_vanilla_post1836_compatibility.txt; en=localization/english/inventions_l_english.yml; fr=localization/french/inventions_l_french.yml; prerequisites=vacuum_canning; unlocks=production_methods:pm_refrigerated_storage_building_livestock_ranch|production_methods:pm_refrigerated_storage_building_fishing_wharf|production_methods:pm_refrigerated_storage_building_whaling_station"
"paved_roads","era_10","production","Paved Roads","Routes goudronnées","Dirt roads are bumpy, uneven, and at the slightest hint of water they become horrible muddy traps for heavy vehicles. Paving roads, providing a solid surface that won't wear and tear so quickly as dirt and gravel, helps provide a nicer experience for road-users and improve the flow of freight and passenger traffic.","Les routes de terre sont cahoteuses, inégales et, au moindre signe d’eau, elles deviennent d’horribles pièges boueux pour les véhicules lourds. Le goudronnage des routes, qui offre une surface solide qui ne s’use pas aussi rapidement que la terre et le gravier, contribue à offrir une expérience plus agréable aux usagers de la route et à améliorer la circulation des marchandises et des passagers.","OK","NO","NO","MOD_MODIFIED; definition=common/technology/technologies/90_tech3a_vanilla_post1836_compatibility.txt; en=localization/english/inventions_l_english.yml; fr=localization/french/inventions_l_french.yml; prerequisites=professional_civil_engineering combustion_engine; unlocks=production_methods:pm_paved_road_network"
"pharmaceuticals","era_6","society","Pharmaceuticals","Produits pharmaceutiques","Standardized medicinal compounds, synthetic drugs and mass-produced antibiotics used by civilian and military healthcare systems.","Composés médicinaux standardisés, médicaments synthétiques et antibiotiques produits en masse pour les systèmes de santé civils et militaires.","OK","NO","NO","MOD_MODIFIED; definition=common/technology/technologies/90_tech3a_vanilla_post1836_compatibility.txt; en=localization/english/replace/1776_overrides_l_english.yml; fr=localization/french/replace/1776_overrides_l_french.yml; prerequisites=medical_degrees organized_immunization_campaigns; unlocks=none"
"philosophical_pragmatism","era_8","society","Philosophical Pragmatism","Pragmatisme philosophique","The application and actions of philosophical thought can open up whole new avenues for social and political analysis.","L’application et les actions de la pensée philosophique peuvent ouvrir de toutes nouvelles voies à l’analyse sociale et politique.","OK","NO","NO","MOD_MODIFIED; definition=common/technology/technologies/90_tech3a_vanilla_post1836_compatibility.txt; en=localization/english/inventions_l_english.yml; fr=localization/french/inventions_l_french.yml; prerequisites=experimental_research_laboratories; unlocks=none"
"plastics","era_10","production","Plastics","Plastique","There's a great future in plastics. They're moldable, malleable, able to be shaped and kept in any form anyone wants. Soon, it will be a plastic world.","Les plastiques ont un grand avenir. Ils sont moulables, malléables, capables d’être façonnés et conservés sous la forme que l’on souhaite. Bientôt, le monde sera fait de plastique.","OK","NO","NO","MOD_MODIFIED; definition=common/technology/technologies/90_tech3a_vanilla_post1836_compatibility.txt; en=localization/english/inventions_l_english.yml; fr=localization/french/inventions_l_french.yml; prerequisites=art_silk; unlocks=production_methods:pm_houseware_plastics|production_methods:pm_thermal_catalytic_cracking_refinery"
"pneumatic_tools","era_10","production","Pneumatic Tools","Outils pneumatiques","One of the greatest forces man can harness is the air itself. Pressurized air, applied correctly in pipes and pistons, can provide an astounding amount of force for industrial use.","L’une des plus grandes forces que l’homme puisse exploiter est l’air. Lorsqu’il est pressuré et mis correctement dans des tuyaux et des pistons, il peut fournir une force étonnante à des fins industrielles.","OK","NO","NO","MOD_MODIFIED; definition=common/technology/technologies/90_tech3a_vanilla_post1836_compatibility.txt; en=localization/english/inventions_l_english.yml; fr=localization/french/inventions_l_french.yml; prerequisites=rotary_valve_engine; unlocks=none"
"political_agitation","era_10","society","Political Agitation","Agitation politique","By taking to the streets, political agitators rile people up, encouraging them to take political action at the first possible moment.","En descendant dans la rue, les agitateurs politiques encouragent les gens à entreprendre des actions politiques dès que possible.","OK","NO","NO","MOD_MODIFIED; definition=common/technology/technologies/90_tech3a_vanilla_post1836_compatibility.txt; en=localization/english/inventions_l_english.yml; fr=localization/french/inventions_l_french.yml; prerequisites=organized_reform_movements mass_circulation_press; unlocks=laws:law_single_party_state|laws:law_outlawed_dissent"
"power_of_the_purse","era_7","military","Power of the Purse","Pouvoir du portefeuille","Power of the Purse gives the ability to make purchases to the captains, allowing for a much more autonomous and effective fleet.","Le pouvoir du portefeuille donne aux capitaines la possibilité de faire des achats, offrant ainsi plus d’autonomie et d’efficacité à toute la flotte.","BAD_TRANSLATION","YES","NO","MOD_MODIFIED; definition=common/technology/technologies/90_tech3a_vanilla_post1836_compatibility.txt; en=localization/english/inventions_l_english.yml; fr=localization/french/inventions_l_french.yml; prerequisites=admiralty; unlocks=none"
"pre_dreadnought_tech","era_10","military","$ship_type_pre_dreadnought$","$ship_type_pre_dreadnought$","Standardizing ship designs of battleships in order to produce a higher number of them. These ships are built from steel and powered by steam engines.","Standardisez la conception des navires de guerre afin d’en produire davantage. Ces navires sont construits à partir d’acier et sont propulsés par des machines à vapeur.","BAD_TRANSLATION","YES","NO","MOD_MODIFIED; definition=common/technology/technologies/90_tech3a_vanilla_post1836_compatibility.txt; en=localization/english/inventions_l_english.yml; fr=localization/french/inventions_l_french.yml; prerequisites=ironclad_tech; unlocks=none"
"prospecting","era_7","production","Prospecting","Prospection","Mining gold requires first finding gold. From individuals panning for riches to industrial-scale searches, prospecting is what makes fortunes real.","Pour extraire de l’or, il faut d’abord en trouver. Qu’il s’agisse de particuliers cherchant des richesses ou de recherches à l’échelle industrielle, la prospection est ce qui permet de faire de la fortune une réalité.","OK","NO","NO","MOD_MODIFIED; definition=common/technology/technologies/90_tech3a_vanilla_post1836_compatibility.txt; en=localization/english/inventions_l_english.yml; fr=localization/french/inventions_l_french.yml; prerequisites=geological_surveying; unlocks=none"
"psychiatry","era_7","society","Psychiatry","Psychiatrie","The idea that mental disorders can be approached medically, and by being approached medically can be diagnosed and treated, is a new concept that opens up new worlds for the betterment of people.","L’idée que les troubles mentaux peuvent être abordés médicalement, et qu’en étant abordés médicalement, ils peuvent être diagnostiqués et traités, est un nouveau concept qui ouvre de nouvelles perspectives à l’amélioration des personnes.","OK","NO","NO","MOD_MODIFIED; definition=common/technology/technologies/90_tech3a_vanilla_post1836_compatibility.txt; en=localization/english/inventions_l_english.yml; fr=localization/french/inventions_l_french.yml; prerequisites=empiricism; unlocks=none"
"psychoanalysis","era_10","society","Psychoanalysis","Psychanalyse","Theories of personal mental development provide the framework for broader theories of social behavior, which can be used to help understand the collective instincts and thoughts of the population.","Les théories du développement personnel fournissent le cadre de théories plus larges du comportement social, qui peuvent être utilisées pour aider à comprendre les instincts et les pensées collectives de la population.","OK","NO","NO","MOD_MODIFIED; definition=common/technology/technologies/90_tech3a_vanilla_post1836_compatibility.txt; en=localization/english/inventions_l_english.yml; fr=localization/french/inventions_l_french.yml; prerequisites=clinicopathological_medicine; unlocks=none"
"pumpjacks","era_9","production","Pumpjacks","Chevalet de pompage","The trick with crude oil is getting it out of the ground in a regular, consistent flow. The pumpjack, a straightforward pump, fits the bill perfectly.","Avec le pétrole brut, l’astuce consiste à le faire sortir du sol en un flux régulier et constant. Le chevalet de pompage, une simple pompe, répond parfaitement à ce besoin.","OK","NO","NO","MOD_MODIFIED; definition=common/technology/technologies/90_tech3a_vanilla_post1836_compatibility.txt; en=localization/english/inventions_l_english.yml; fr=localization/french/inventions_l_french.yml; prerequisites=steam_donkey geological_surveying; unlocks=buildings:building_oil_rig|production_methods:pm_combustion_derricks|production_methods:pm_rail_transport_building_oil_rig|production_methods:pm_tanker_cars"
"quinine","era_7","society","Quinine","Quinine","Isolation of quinine allows it to be used as a most effective medicine against the harsh effects of malaria.","L’isolement de la quinine permet de l’utiliser comme un traitement très efficace contre les effets du paludisme.","OK","NO","NO","MOD_MODIFIED; definition=common/technology/technologies/90_tech3a_vanilla_post1836_compatibility.txt; en=localization/english/inventions_l_english.yml; fr=localization/french/inventions_l_french.yml; prerequisites=active_principle_pharmacy colonization; unlocks=buildings:building_suez_canal"
"radio","era_11","production","Radio","Radio","By using invisible 'waves' it is possible to pass information over a great distance wirelessly.","Grâce à des « ondes » invisibles, il est possible de diffuser des informations sans fil sur une grande distance.","OK","NO","NO","MOD_MODIFIED; definition=common/technology/technologies/90_tech3a_vanilla_post1836_compatibility.txt; en=localization/english/inventions_l_english.yml; fr=localization/french/inventions_l_french.yml; prerequisites=telephone; unlocks=production_methods:pm_radios|production_methods:radio_stations_tobacco"
"rationalism","era_7","society","Rationalism","Rationalisme","Rationalism is the philosophical doctrine that knowledge is acquired by reason without resort to experience.","Le rationalisme est la doctrine philosophique selon laquelle les connaissances sont acquises par la raison, sans recours à l’expérience.","OK","NO","NO","MOD_MODIFIED; definition=common/technology/technologies/90_tech3a_vanilla_post1836_compatibility.txt; en=localization/english/inventions_l_english.yml; fr=localization/french/inventions_l_french.yml; prerequisites=none; unlocks=none"
"realism","era_7","society","Realism","Réalisme","An artistic movement seeking to portray reality accurately, avoiding romanticizing or exaggerating the subject. It often focuses on contemporary everyday life of people of varying class and profession.","Mouvement artistique cherchant à dépeindre la réalité avec précision, en évitant de romancer ou d’exagérer le sujet. Il se concentre souvent sur la vie quotidienne contemporaine de personnes issues de classes et de professions différentes.","OK","NO","NO","MOD_MODIFIED; definition=common/technology/technologies/90_tech3a_vanilla_post1836_compatibility.txt; en=localization/english/inventions_l_english.yml; fr=localization/french/inventions_l_french.yml; prerequisites=romanticism; unlocks=production_methods:pm_realist_art|production_methods:pm_bourgeoisie_patronage|production_methods:pm_independent_artists"
"reinforced_concrete","era_8","production","Reinforced Concrete","Béton armé","By adding steel reinforcing bars, or rebar, to concrete, structures can take advantage of steel's greater strength with only a modest increase in cost and weight.","En ajoutant des barres en acier au béton, les structures peuvent bénéficier de la robustesse de l’acier en augmentant légèrement leur coût et leur poids.","OK","NO","NO","MOD_MODIFIED; definition=common/technology/technologies/90_tech3a_vanilla_post1836_compatibility.txt; en=localization/english/inventions_l_english.yml; fr=localization/french/inventions_l_french.yml; prerequisites=bessemer_process portland_cement; unlocks=none"
"repeaters","era_8","military","Repeaters","Arme à répétition","The Repeater allows the firing of several cartridges in between reloading, which in turn leads to a greater rate of fire.","Une arme à répétition permet de tirer plusieurs cartouches entre deux rechargements, ce qui permet d’obtenir une meilleure cadence de tir.","OK","NO","NO","MOD_MODIFIED; definition=common/technology/technologies/90_tech3a_vanilla_post1836_compatibility.txt; en=localization/english/inventions_l_english.yml; fr=localization/french/inventions_l_french.yml; prerequisites=rifling percussion_cap; unlocks=production_methods:pm_repeaters"
"romanticism","era_7","society","Romanticism","Romantisme","An art movement celebrating the emotional and imaginary, in contrast to the proper and rational. Depictions of nature, history and dramatic, emotionally powerful scenes are common.","Mouvement artistique célébrant l’émotionnel et l’imaginaire, par opposition au réel et au rationnel. Les représentations de la nature, mais aussi les scènes historiques, dramatiques et émotionnellement fortes sont courantes.","OK","NO","NO","MOD_MODIFIED; definition=common/technology/technologies/90_tech3a_vanilla_post1836_compatibility.txt; en=localization/english/inventions_l_english.yml; fr=localization/french/inventions_l_french.yml; prerequisites=institutionalized_scientific_exchange; unlocks=buildings:building_art_academy|laws:law_agrarianism|laws:law_industry_banned"
"rotary_valve_engine","era_8","production","Rotary Valve Engine","Moteur à valve rotative","A rotary valve engine is a steam engine with various additions, such as variable valve timing. These additions make it much more heat efficient than the standard steam engine. ","Un moteur à valve rotative est un moteur à vapeur avec quelques ajouts, comme la synchronisation des valves. Ces ajouts le rendent bien plus efficace sur le plan thermique que la plupart des moteurs à vapeur. ","BAD_TRANSLATION","YES","NO","MOD_MODIFIED; definition=common/technology/technologies/90_tech3a_vanilla_post1836_compatibility.txt; en=localization/english/inventions_l_english.yml; fr=localization/french/inventions_l_french.yml; prerequisites=watertube_boiler; unlocks=production_methods:pm_rotary_valve_engine_building_furniture_manufactory|production_methods:pm_rotary_valve_engine_building_tooling_workshop|production_methods:pm_rotary_valve_engine_building_paper_mill|production_methods:pm_rotary_valve_engine_building_steel_mill|production_methods:pm_rotary_valve_engine_building_motor_industry|production_methods:pm_rotary_valve_engine_building_arms_industry|production_methods:pm_rotary_valve_engine_building_munition_plant|production_methods:centrifugal_machine_sugar"
"rubber_mastication","era_7","production","Rubber Mastication","Mastication du caoutchouc","Natural rubber is a strange, viscous thing that needs heavy working in order to create a suitable material for industrial use.","Le caoutchouc naturel est une matière étrange et visqueuse qui doit être travaillée de manière intensive afin de créer un matériau adapté à un usage industriel.","OK","NO","NO","MOD_MODIFIED; definition=common/technology/technologies/90_tech3a_vanilla_post1836_compatibility.txt; en=localization/english/inventions_l_english.yml; fr=localization/french/inventions_l_french.yml; prerequisites=fractional_distillation; unlocks=buildings:building_rubber_plantation|production_methods:pm_steam_rail_transport_building_rubber_plantation"
"screw_frigate","era_7","military","Screw Frigate","Frégate à hélice","The Screw Frigate is the application of screw propeller technology to create faster ships.","La frégate à hélice est un navire doté d’une hélice pour gagner en vitesse.","OK","NO","NO","MOD_MODIFIED; definition=common/technology/technologies/90_tech3a_vanilla_post1836_compatibility.txt; en=localization/english/inventions_l_english.yml; fr=localization/french/inventions_l_french.yml; prerequisites=paddle_steamer; unlocks=none"
"sea_lane_strategies","era_10","military","Sea Lane Strategies","Stratégies de couloirs de navigation","By focusing naval power on controlling the sea lanes, naval dominance is much easier to achieve.","En concentrant la puissance navale sur le contrôle des voies maritimes, la domination navale est plus facile à atteindre.","BAD_TRANSLATION","YES","NO","MOD_MODIFIED; definition=common/technology/technologies/90_tech3a_vanilla_post1836_compatibility.txt; en=localization/english/inventions_l_english.yml; fr=localization/french/inventions_l_french.yml; prerequisites=jeune_ecole; unlocks=production_methods:pm_sea_lane_strategies"
"self_propelled_torpedoes","era_8","military","Self-Propelled Torpedoes","Torpilles autopropulsées","Traditional ","Les torpilles traditionnelles comprennent les mines navales de base et les explosifs fixés aux espars immergés qui dépassent des petits navires. Les torpilles modernes sont une avancée considérable : elles sont capables de se déplacer, contrairement à une mine, et par leurs propres moyens, contrairement à une torpille à espar.","OK","NO","NO","MOD_MODIFIED; definition=common/technology/technologies/90_tech3a_vanilla_post1836_compatibility.txt; en=localization/english/inventions_l_english.yml; fr=localization/french/inventions_l_french.yml; prerequisites=shell_gun; unlocks=none"
"sericulture","era_7","production","Sericulture","Sériciculture","The ancient and closely guarded technique of cultivating silkworms for the production of silk.","Technique ancestrale et jalousement gardée de l’élevage de vers à soie pour la production de soie.","OK","NO","NO","MOD_MODIFIED; definition=common/technology/technologies/90_tech3a_vanilla_post1836_compatibility.txt; en=localization/english/inventions_l_english.yml; fr=localization/french/inventions_l_french.yml; prerequisites=none; unlocks=none"
"shift_work","era_8","production","Shift Work","Travail posté","Rotating teams of laborers in and out of a workplace is a sound way to maintain a steady flow of production over the course of a day for much longer than could be expected from one team working extended hours.","La rotation des équipes sur un lieu de travail est un moyen efficace de maintenir un flux de production régulier au cours d’une journée, et ce bien plus longtemps que ne le ferait une seule équipe travaillant de longues heures.","OK","NO","NO","MOD_MODIFIED; definition=common/technology/technologies/90_tech3a_vanilla_post1836_compatibility.txt; en=localization/english/inventions_l_english.yml; fr=localization/french/inventions_l_french.yml; prerequisites=interchangeable_manufacture; unlocks=none"
"socialism","era_7","society","Socialism","Socialisme","A political ideology that encourages common social ownership of the means of production and self management by workers rather than an upper class.","Idéologie politique encourageant la propriété commune des moyens de production et l’autogestion par les ouvriers plutôt que par une classe supérieure.","OK","NO","NO","MOD_MODIFIED; definition=common/technology/technologies/90_tech3a_vanilla_post1836_compatibility.txt; en=localization/english/inventions_l_english.yml; fr=localization/french/inventions_l_french.yml; prerequisites=labor_movement early_socialism_cooperativism; unlocks=laws:law_state_atheism|laws:law_council_republic|laws:law_collectivized_agriculture|laws:law_graduated_taxation"
"standing_army","era_7","military","Standing Army","Armée permanente","The complex challenges of foreign policy and domestic unrest can no longer be dealt with by hastily-mustered militias. Modern times require a military ready at all times to act.","Les défis complexes de la politique étrangère et des troubles intérieurs ne peuvent plus être relevés par des milices constituées à la hâte. Les temps modernes exigent une armée prête à agir à tout moment.","OK","NO","NO","MOD_MODIFIED; definition=common/technology/technologies/90_tech3a_vanilla_post1836_compatibility.txt; en=localization/english/inventions_l_english.yml; fr=localization/french/inventions_l_french.yml; prerequisites=none; unlocks=none"
"steam_donkey","era_9","production","Steam Donkey","Treuil de débardage à vapeur","By applying steam power to a winch system it is possible to achieve similar levels of power without the same amount of labor.","En appliquant la puissance de la vapeur à un système de treuil, il est possible d’atteindre des niveaux de puissance similaires sans la même quantité de travail.","BAD_TRANSLATION","YES","NO","MOD_MODIFIED; definition=common/technology/technologies/90_tech3a_vanilla_post1836_compatibility.txt; en=localization/english/inventions_l_english.yml; fr=localization/french/inventions_l_french.yml; prerequisites=watertube_boiler mechanical_tools; unlocks=production_methods:pm_steam_donkey_building_coal_mine|production_methods:pm_steam_donkey_mine|production_methods:pm_steam_donkey_building_logging_camp|production_methods:pm_steam_donkey_building_bauxite_mine"
"steam_turbine","era_10","production","Steam Turbine","Turbine à vapeur","Using the power of steam to drive large rotors, turbines create tremendous amounts of energy that serve equally well as stationary machines in a plant and as the driving engines of seagoing vessels.","En utilisant la puissance de la vapeur pour faire fonctionner de grands rotors, les turbines créent d’énormes quantités d’énergie qui servent aussi bien de machines fixes dans une usine que de moteurs de navires de mer.","OK","NO","NO","MOD_MODIFIED; definition=common/technology/technologies/90_tech3a_vanilla_post1836_compatibility.txt; en=localization/english/inventions_l_english.yml; fr=localization/french/inventions_l_french.yml; prerequisites=rotary_valve_engine electrical_generation; unlocks=production_methods:pm_early_power_plant"
"steel_frame_buildings","era_9","society","Steel-Frame Buildings","Bâtiments avec structure en acier","By making a steel frame to hold up the rest of the building, it is possible to make much taller and sturdier buildings.","En fabriquant une armature en acier pour maintenir le reste du bâtiment, il est possible de construire des bâtiments plus grands et plus robustes.","BAD_TRANSLATION","YES","NO","MOD_MODIFIED; definition=common/technology/technologies/90_tech3a_vanilla_post1836_compatibility.txt; en=localization/english/inventions_l_english.yml; fr=localization/french/inventions_l_french.yml; prerequisites=investment_banks modern_sewerage; unlocks=production_methods:pm_covered_markets|production_methods:pm_steel_frame_buildings"
"steel_railway_cars","era_8","production","Steel Railway Cars","Wagons en acier","Steel Railway Cars allow trains to be much sturdier and in turn to carry much more weight.","Avec des wagons en acier, les trains sont bien plus résistants et peuvent transporter des charges plus lourdes.","OK","NO","NO","MOD_MODIFIED; definition=common/technology/technologies/90_tech3a_vanilla_post1836_compatibility.txt; en=localization/english/inventions_l_english.yml; fr=localization/french/inventions_l_french.yml; prerequisites=railways bessemer_process; unlocks=production_methods:pm_tanker_cars|production_methods:pm_steam_trains|production_methods:pm_steam_trains_principle_transport_3|production_methods:pm_steel_passenger_carriages"
"steelworking","era_7","production","Steelworking","Travail de l’acier","The hardy qualities of steel have been widely prized for millennia, but large-scale production of this invaluable iron alloy has proven difficult to master until recently.","Les qualités de robustesse de l’acier sont louées depuis des millénaires, mais la production à grande échelle de cet alliage de fer inestimable s’est avérée difficile à maîtriser jusqu’à récemment.","OK","NO","NO","MOD_MODIFIED; definition=common/technology/technologies/90_tech3a_vanilla_post1836_compatibility.txt; en=localization/english/inventions_l_english.yml; fr=localization/french/inventions_l_french.yml; prerequisites=hot_blast_smelting; unlocks=none"
"stormtroopers","era_11","military","Stormtroopers","Troupes d’assaut","Having troops trained and equipped specifically for infiltration allows greater success when assaulting more embedded positions.","En entraînant et en équipant des troupes spécialement pour les missions d’infiltration, il est possible d’améliorer les chances de succès des assauts.","OK","NO","NO","MOD_MODIFIED; definition=common/technology/technologies/90_tech3a_vanilla_post1836_compatibility.txt; en=localization/english/inventions_l_english.yml; fr=localization/french/inventions_l_french.yml; prerequisites=nco_training trench_works; unlocks=none"
"submarine","era_11","military","Submarine","Sous-marin","Submarines take the concept of a boat and submerge it, leading to greater stealth and thus tactical capability.","Les sous-marins reprennent le concept du bateau mais sous l’eau, gagnant ainsi en furtivité et donc en possibilités tactiques.","OK","NO","NO","MOD_MODIFIED; definition=common/technology/technologies/90_tech3a_vanilla_post1836_compatibility.txt; en=localization/english/inventions_l_english.yml; fr=localization/french/inventions_l_french.yml; prerequisites=self_propelled_torpedoes; unlocks=none"
"tech_bureaucracy","era_7","society","Bureaucracy","Bureaucratie","Bureaucracy is the machine of government, the cogs and wheels that decide the efficiency of the state.","La bureaucratie représente les rouages du gouvernement qui déterminent l’efficacité d’un État.","OK","NO","NO","MOD_MODIFIED; definition=common/technology/technologies/90_tech3a_vanilla_post1836_compatibility.txt; en=localization/english/inventions_l_english.yml; fr=localization/french/inventions_l_french.yml; prerequisites=none; unlocks=none"
"telephone","era_9","production","Telephone","Téléphone","Telephones make long distance communication viable allowing a much faster spread of information across the globe.","Grâce aux téléphones, il est possible d’établir des communications longue distance, permettant ainsi une diffusion plus rapide des informations à travers le monde.","OK","NO","NO","MOD_MODIFIED; definition=common/technology/technologies/90_tech3a_vanilla_post1836_compatibility.txt; en=localization/english/inventions_l_english.yml; fr=localization/french/inventions_l_french.yml; prerequisites=electrical_generation; unlocks=buildings:building_electrics_industry|production_methods:pm_scientific_management_electrics_industry"
"trench_works","era_9","military","Trench Works","Tranchées","By equipping soldiers with the correct tools, it is possible for them to create strong fortifications with little effort.","En équipant les soldats avec les bons outils, il est possible de bâtir des fortifications avec un minimum d’effort.","OK","NO","NO","MOD_MODIFIED; definition=common/technology/technologies/90_tech3a_vanilla_post1836_compatibility.txt; en=localization/english/inventions_l_english.yml; fr=localization/french/inventions_l_french.yml; prerequisites=field_works; unlocks=none"
"triage","era_7","military","Triage","Triage","By treating the wounded in regard to the seriousness of their wounds and the likelihood of recovery, it is possible to make a much more effective, emergency care system.","En soignant les blessés selon la gravité de leurs blessures et leurs chances de survie, il est possible d’établir un système de soins médicaux d’urgence plus efficace.","OK","NO","NO","MOD_MODIFIED; definition=common/technology/technologies/90_tech3a_vanilla_post1836_compatibility.txt; en=localization/english/inventions_l_english.yml; fr=localization/french/inventions_l_french.yml; prerequisites=logistics; unlocks=none"
"urban_planning","era_7","society","Urban Planning","Urbanisme","By planning out cities before they are built, rather than letting them develop naturally, it is possible to create a much more efficient living area.","En organisant les villes avant leur construction plutôt qu’en les laissant se développer naturellement, il est possible de créer un espace de vie plus efficace.","OK","NO","NO","MOD_MODIFIED; definition=common/technology/technologies/90_tech3a_vanilla_post1836_compatibility.txt; en=localization/english/inventions_l_english.yml; fr=localization/french/inventions_l_french.yml; prerequisites=none; unlocks=none"
"urbanization","era_7","society","Urbanization","Urbanisation","As more and more people move from living in the countryside to living in the cities, their very way of life is bound to change too.","De plus en plus de personnes quittent la campagne pour s’installer en ville, ce qui entraîne également un changement de leur mode de vie.","OK","NO","NO","MOD_MODIFIED; definition=common/technology/technologies/90_tech3a_vanilla_post1836_compatibility.txt; en=localization/english/inventions_l_english.yml; fr=localization/french/inventions_l_french.yml; prerequisites=none; unlocks=none"
"vacuum_canning","era_8","production","Vacuum Canning","Conservation sous vide","Vacuum Canning is a method of sealing cans using a vacuum to keep the contents preserved for longer.","La conservation sous vide est une technique visant à sceller des boîtes de conserve en aspirant l’air pour en préserver le contenu plus longtemps.","OK","NO","NO","MOD_MODIFIED; definition=common/technology/technologies/90_tech3a_vanilla_post1836_compatibility.txt; en=localization/english/inventions_l_english.yml; fr=localization/french/inventions_l_french.yml; prerequisites=interchangeable_manufacture; unlocks=production_methods:pm_vacuum_canning|production_methods:pm_vacuum_canning_principle_3"
"vulcanization","era_8","production","Vulcanization","Vulcanisation","Rubber used in the clothing industry provides many advantages such as waterproofing and elasticity, but it becomes brittle in cold weather and sticky in hot weather. Vulcanization is the process of combining the rubber with sulphur and heat to make it more durable and preserve its shape after manufacturing.","Le caoutchouc utilisé dans l’industrie textile présente de nombreux avantages, comme son imperméabilité et son élasticité, mais il a l’inconvénient de devenir cassant par temps froid et collant par temps chaud. La vulcanisation consiste à mélanger du soufre au caoutchouc et à le cuire pour le rendre plus résistant et en conserver la forme.","OK","NO","NO","MOD_MODIFIED; definition=common/technology/technologies/90_tech3a_vanilla_post1836_compatibility.txt; en=localization/english/inventions_l_english.yml; fr=localization/french/inventions_l_french.yml; prerequisites=rubber_mastication; unlocks=production_methods:pm_elastics|production_methods:pm_rubber_grips"
"war_propaganda","era_10","military","War Propaganda","Propagande de guerre","Convincing a population to commit its time, its resources, and its blood, all for the sake of victory, is a whole field of work on its own.","Convaincre une population de consacrer son temps, ses ressources et son sang au nom de la victoire est une discipline à part entière.","OK","NO","NO","MOD_MODIFIED; definition=common/technology/technologies/90_tech3a_vanilla_post1836_compatibility.txt; en=localization/english/inventions_l_english.yml; fr=localization/french/inventions_l_french.yml; prerequisites=enlistment_offices; unlocks=none"
"wargaming","era_9","military","Wargaming","Simulation de guerre","By mocking up imaginary warfare scenarios and practicing strategy, it is possible to improve officers combat abilities.","En simulant des scénarios de guerre imaginaires et en testant de nouvelles stratégies, il est possible d’améliorer les aptitudes au combat des officiers.","OK","NO","NO","MOD_MODIFIED; definition=common/technology/technologies/90_tech3a_vanilla_post1836_compatibility.txt; en=localization/english/inventions_l_english.yml; fr=localization/french/inventions_l_french.yml; prerequisites=military_statistics; unlocks=production_methods:pm_training_streamlining|production_methods:pm_training_streamlining_conscription"
"watertube_boiler","era_7","production","Water-tube Boiler","Chaudière à tubes d’eau","The Water-tube Boiler is an improvement on the original boiler, by splitting up the water into smaller tubes they would heat up faster and thus improve efficiency.","La chaudière à tubes d’eau est une version améliorée de la chaudière classique. En répartissant l’eau dans des tubes plus petits, elle se réchauffe plus rapidement, améliorant l’efficacité de toute la machine.","BAD_TRANSLATION","YES","NO","MOD_MODIFIED; definition=common/technology/technologies/90_tech3a_vanilla_post1836_compatibility.txt; en=localization/english/inventions_l_english.yml; fr=localization/french/inventions_l_french.yml; prerequisites=high_pressure_steam; unlocks=production_methods:pm_watertube_boiler_building_furniture_manufactory|production_methods:pm_watertube_boiler_building_tooling_workshop|production_methods:pm_watertube_boiler_building_paper_mill|production_methods:pm_watertube_boiler_building_steel_mill|production_methods:pm_watertube_boiler_building_motor_industry|production_methods:steam_powered_evaporation_sugar|production_methods:pm_steam_trawlers|production_methods:pm_steam_whaling_ships|production_methods:pm_condensing_engine_pump_building_bauxite_mine"
"zeppelins","era_10","society","Zeppelins","Zeppelin","A sort of rigid lighter-than-air aircraft, the zeppelin can carry freight and passenger loads high above the clouds, surpassing obstacles on land and sea.","Sorte d’avion rigide plus léger que l’air, le zeppelin peut transporter des marchandises et des passagers au-dessus des nuages, en surmontant les obstacles sur terre et sur mer.","OK","NO","NO","MOD_MODIFIED; definition=common/technology/technologies/90_tech3a_vanilla_post1836_compatibility.txt; en=localization/english/inventions_l_english.yml; fr=localization/french/inventions_l_french.yml; prerequisites=steel_frame_buildings; unlocks=production_methods:pm_airship_mooring_post"
"alloysworking","era_2","production","Industrial Alloying","Élaboration des alliages","Systematic control of furnace charges and metal proportions makes dependable industrial alloys possible.","Le contrôle méthodique des charges du four et des proportions métalliques permet de produire des alliages industriels fiables.","OK","NO","NO","MOD_ADDED; definition=common/technology/technologies/95_tech6r1_aluminium_metallurgy.txt; en=localization/english/tech6r1_aluminium_metallurgy_l_english.yml; fr=localization/french/tech6r1_aluminium_metallurgy_l_french.yml; prerequisites=shaft_mining; unlocks=buildings:building_alloys_plant|production_methods:pm_basic_smelting_process"
"bauxite_processing","era_6","production","Wöhler-Deville Process","Procédé Wöhler-Deville","Chemical treatment and high-temperature reduction make it possible to extract aluminium from bauxite on an industrial scale.","Le traitement chimique et la réduction à haute température permettent d'extraire industriellement l'aluminium de la bauxite.","OK","NO","NO","MOD_ADDED; definition=common/technology/technologies/95_tech6r1_aluminium_metallurgy.txt; en=localization/english/tech6r1_aluminium_metallurgy_l_english.yml; fr=localization/french/tech6r1_aluminium_metallurgy_l_french.yml; prerequisites=alloysworking industrial_alkalis; unlocks=buildings:building_bauxite_mine|production_methods:pm_wohler_deville_process|production_methods:pm_aluminium_housewares|production_methods:pm_atmospheric_engine_pump_building_bauxite_mine|production_methods:pm_condensing_engine_pump_building_bauxite_mine|production_methods:pm_diesel_pump_building_bauxite_mine|production_methods:pm_nitroglycerin_building_bauxite_mine|production_methods:pm_dynamite_building_bauxite_mine|production_methods:pm_ore_concentration_building_bauxite_mine|production_methods:pm_steam_donkey_building_bauxite_mine|production_methods:pm_rail_transport_building_bauxite_mine|production_methods:pm_steam_mine_ventilation_building_bauxite_mine|production_methods:pm_electric_mine_ventilation_building_bauxite_mine"
"bayer_process","era_10","production","Bayer Process","Procédé Bayer","Purifying bauxite into alumina provides the essential feedstock for efficient Hall-Héroult electrolysis.","La purification de la bauxite en alumine fournit la matière indispensable à l'électrolyse efficace du procédé Hall-Héroult.","OK","NO","NO","MOD_ADDED; definition=common/technology/technologies/95_tech6r1_aluminium_metallurgy.txt; en=localization/english/tech6r1_aluminium_metallurgy_l_english.yml; fr=localization/french/tech6r1_aluminium_metallurgy_l_french.yml; prerequisites=bauxite_processing electrical_capacitors; unlocks=production_methods:pm_hall_heroult_process|production_methods:pm_all_metal_aircraft|production_methods:pm_aluminium_conductors_building_power_plant|production_methods:pm_aluminium_passenger_carriages"
"organized_military_establishments","era_1","military","Organized Military Establishments","Établissements militaires organisés","General methods of coordinating military organization, training, logistics, and specialist services provide a common foundation for more advanced military practices without representing a single formal institution.","Des pratiques générales de coordination de l’organisation militaire, de la formation, de la logistique et des services spécialisés forment un socle commun pour des pratiques militaires plus avancées, sans représenter une institution formelle particulière.","OK","NO","NO","MOD_ADDED; definition=common/technology/technologies/99_tech_tree_wave1_structural_trunks.txt; en=localization/english/tech_tree_wave1_structural_trunks_l_english.yml; fr=localization/french/tech_tree_wave1_structural_trunks_l_french.yml; prerequisites=none; unlocks=buildings:building_barrack"
"organized_naval_establishments","era_1","military","Organized Naval Establishments","Établissements navals organisés","General administrative, technical, and logistical practices provide the foundation needed to sustain organized naval activity without implying a particular dockyard or naval institution.","Des pratiques administratives, techniques et logistiques générales fournissent le socle nécessaire au soutien d’une activité navale organisée, sans impliquer un arsenal ou une institution navale particulière.","OK","NO","NO","MOD_ADDED; definition=common/technology/technologies/99_tech_tree_wave1_structural_trunks.txt; en=localization/english/tech_tree_wave1_structural_trunks_l_english.yml; fr=localization/french/tech_tree_wave1_structural_trunks_l_french.yml; prerequisites=none; unlocks=none"
"organized_financial_institutions","era_1","society","Organized Financial Institutions","Institutions financières organisées","General practices of accounting, credit, and financial intermediation provide a common foundation for more specialized financial systems without implying a modern central bank or stock exchange.","Des pratiques générales de comptabilité, de crédit et d’intermédiation financière forment un socle commun pour des systèmes financiers plus spécialisés, sans impliquer une banque centrale ou une bourse moderne.","OK","NO","NO","MOD_ADDED; definition=common/technology/technologies/99_tech_tree_wave1_structural_trunks.txt; en=localization/english/tech_tree_wave1_structural_trunks_l_english.yml; fr=localization/french/tech_tree_wave1_structural_trunks_l_french.yml; prerequisites=none; unlocks=buildings:building_construction_sector"
