file,state,owner,before,target_1776,delta,groups,decision,evidence,note
00_west_europe.txt,STATE_ALSACE_LORRAINE,FRA,1436128,1146043,-290085,6,FILE_COUNTRY_TARGET,https://clio-infra.eu/Indicators/TotalPopulation.html,metropolitan France 1750-1800 interpolation
00_west_europe.txt,STATE_ANHALT,ANH,196008,152886,-43122,2,PROVISIONAL_REGIONAL_LOW,https://clio-infra.eu/Indicators/TotalPopulation.html,00_west_europe.txt regional lower-bound factor 0.78; revise with local census
00_west_europe.txt,STATE_ANHALT,PRU,1383392,564703,-818689,3,COUNTRY_TARGET,https://clio-infra.eu/Indicators/TotalPopulation.html,low estimate; Prussian realm
00_west_europe.txt,STATE_AQUITAINE,FRA,1844177,1471668,-372509,5,FILE_COUNTRY_TARGET,https://clio-infra.eu/Indicators/TotalPopulation.html,metropolitan France 1750-1800 interpolation
00_west_europe.txt,STATE_AUSTRIA,AUS,2014400,1638057,-376343,5,COUNTRY_TARGET,https://clio-infra.eu/Indicators/TotalPopulation.html,Austrian holdings excluding Hungary and Galicia tags
00_west_europe.txt,STATE_AUVERGNE_LIMOUSIN,FRA,2327887,1857670,-470217,4,FILE_COUNTRY_TARGET,https://clio-infra.eu/Indicators/TotalPopulation.html,metropolitan France 1750-1800 interpolation
00_west_europe.txt,STATE_BADEN,BAD,1301400,1015092,-286308,4,PROVISIONAL_REGIONAL_LOW,https://clio-infra.eu/Indicators/TotalPopulation.html,00_west_europe.txt regional lower-bound factor 0.78; revise with local census
00_west_europe.txt,STATE_BAVARIA,BAV,1742004,1358763,-383241,3,PROVISIONAL_REGIONAL_LOW,https://clio-infra.eu/Indicators/TotalPopulation.html,00_west_europe.txt regional lower-bound factor 0.78; revise with local census
00_west_europe.txt,STATE_BOHEMIA,AUS,4150412,3375003,-775409,9,COUNTRY_TARGET,https://clio-infra.eu/Indicators/TotalPopulation.html,Austrian holdings excluding Hungary and Galicia tags
00_west_europe.txt,STATE_BRANDENBURG,PRU,1631504,665983,-965521,4,COUNTRY_TARGET,https://clio-infra.eu/Indicators/TotalPopulation.html,low estimate; Prussian realm
00_west_europe.txt,STATE_BRITTANY,FRA,2620278,2091000,-529278,4,FILE_COUNTRY_TARGET,https://clio-infra.eu/Indicators/TotalPopulation.html,metropolitan France 1750-1800 interpolation
00_west_europe.txt,STATE_BRUNSWICK,BRA,224400,175032,-49368,2,PROVISIONAL_REGIONAL_LOW,https://clio-infra.eu/Indicators/TotalPopulation.html,00_west_europe.txt regional lower-bound factor 0.78; revise with local census
00_west_europe.txt,STATE_BRUNSWICK,HAN,184000,143520,-40480,2,PROVISIONAL_REGIONAL_LOW,https://clio-infra.eu/Indicators/TotalPopulation.html,00_west_europe.txt regional lower-bound factor 0.78; revise with local census
00_west_europe.txt,STATE_BRUNSWICK,PRU,112000,45719,-66281,1,COUNTRY_TARGET,https://clio-infra.eu/Indicators/TotalPopulation.html,low estimate; Prussian realm
00_west_europe.txt,STATE_BURGUNDY,FRA,1576918,1258392,-318526,4,FILE_COUNTRY_TARGET,https://clio-infra.eu/Indicators/TotalPopulation.html,metropolitan France 1750-1800 interpolation
00_west_europe.txt,STATE_CHAMPAGNE,FRA,1161945,927243,-234702,4,FILE_COUNTRY_TARGET,https://clio-infra.eu/Indicators/TotalPopulation.html,metropolitan France 1750-1800 interpolation
00_west_europe.txt,STATE_CONNAUGHT,IREK,1390481,722590,-667891,8,FILE_COUNTRY_TARGET,https://clio-infra.eu/Indicators/TotalPopulation.html,Ireland 1750-1800 interpolation
00_west_europe.txt,STATE_EASTERN_NORWAY,DENNOR,352800,244453,-108347,2,FILE_COUNTRY_TARGET,https://clio-infra.eu/Indicators/TotalPopulation.html,Denmark and Norway combined; overseas separate
00_west_europe.txt,STATE_EAST_ANGLIA,GBR,1573208,760400,-812808,2,FILE_COUNTRY_TARGET,https://www.census.gov/library/stories/2023/12/boston-tea-party.html,Great Britain 1775/1776
00_west_europe.txt,STATE_EAST_SWITZERLAND,AUS,30000,24396,-5604,1,COUNTRY_TARGET,https://clio-infra.eu/Indicators/TotalPopulation.html,Austrian holdings excluding Hungary and Galicia tags
00_west_europe.txt,STATE_EAST_SWITZERLAND,SWI,895200,698256,-196944,3,PROVISIONAL_REGIONAL_LOW,https://clio-infra.eu/Indicators/TotalPopulation.html,00_west_europe.txt regional lower-bound factor 0.78; revise with local census
00_west_europe.txt,STATE_ELBE,BRE,106004,82683,-23321,2,PROVISIONAL_REGIONAL_LOW,https://clio-infra.eu/Indicators/TotalPopulation.html,00_west_europe.txt regional lower-bound factor 0.78; revise with local census
00_west_europe.txt,STATE_ELBE,HAM,150404,117315,-33089,2,PROVISIONAL_REGIONAL_LOW,https://clio-infra.eu/Indicators/TotalPopulation.html,00_west_europe.txt regional lower-bound factor 0.78; revise with local census
00_west_europe.txt,STATE_ELBE,HAN,512788,399975,-112813,1,PROVISIONAL_REGIONAL_LOW,https://clio-infra.eu/Indicators/TotalPopulation.html,00_west_europe.txt regional lower-bound factor 0.78; revise with local census
00_west_europe.txt,STATE_FLANDERS,BEO,1998620,1773761,-224859,6,FILE_COUNTRY_TARGET,https://clio-infra.eu/Indicators/TotalPopulation.html,Belgium-area anchor
00_west_europe.txt,STATE_FRANCHE_COMTE,FRA,934927,746080,-188847,4,FILE_COUNTRY_TARGET,https://clio-infra.eu/Indicators/TotalPopulation.html,metropolitan France 1750-1800 interpolation
00_west_europe.txt,STATE_FRANCONIA,BAV,1876192,1463430,-412762,3,PROVISIONAL_REGIONAL_LOW,https://clio-infra.eu/Indicators/TotalPopulation.html,00_west_europe.txt regional lower-bound factor 0.78; revise with local census
00_west_europe.txt,STATE_FRENCH_LOW_COUNTRIES,FRA,1691071,1349489,-341582,5,FILE_COUNTRY_TARGET,https://clio-infra.eu/Indicators/TotalPopulation.html,metropolitan France 1750-1800 interpolation
00_west_europe.txt,STATE_FRIESLAND,NET,674072,500016,-174056,4,FILE_COUNTRY_TARGET,https://clio-infra.eu/Indicators/TotalPopulation.html,Netherlands-area anchor
00_west_europe.txt,STATE_GELRE,BEO,39118,34721,-4397,4,FILE_COUNTRY_TARGET,https://clio-infra.eu/Indicators/TotalPopulation.html,Belgium-area anchor
00_west_europe.txt,STATE_GELRE,NET,782660,580568,-202092,8,FILE_COUNTRY_TARGET,https://clio-infra.eu/Indicators/TotalPopulation.html,Netherlands-area anchor
00_west_europe.txt,STATE_GOTALAND,SWE,809308,623470,-185838,3,FILE_COUNTRY_TARGET,https://clio-infra.eu/Indicators/TotalPopulation.html,Sweden excluding Finland
00_west_europe.txt,STATE_GOTLAND,SWE,33208,25584,-7624,1,FILE_COUNTRY_TARGET,https://clio-infra.eu/Indicators/TotalPopulation.html,Sweden excluding Finland
00_west_europe.txt,STATE_GREENLAND,DENNOR,4920,3412,-1508,3,FILE_COUNTRY_TARGET,https://clio-infra.eu/Indicators/TotalPopulation.html,Denmark and Norway combined; overseas separate
00_west_europe.txt,STATE_GREENLAND,GR7,6764,5276,-1488,2,PROVISIONAL_REGIONAL_LOW,https://clio-infra.eu/Indicators/TotalPopulation.html,00_west_europe.txt regional lower-bound factor 0.78; revise with local census
00_west_europe.txt,STATE_GUYENNE,FRA,1734040,1383776,-350264,3,FILE_COUNTRY_TARGET,https://clio-infra.eu/Indicators/TotalPopulation.html,metropolitan France 1750-1800 interpolation
00_west_europe.txt,STATE_HANNOVER,HAN,1150208,897162,-253046,4,PROVISIONAL_REGIONAL_LOW,https://clio-infra.eu/Indicators/TotalPopulation.html,00_west_europe.txt regional lower-bound factor 0.78; revise with local census
00_west_europe.txt,STATE_HANNOVER,OLD,257696,201003,-56693,2,PROVISIONAL_REGIONAL_LOW,https://clio-infra.eu/Indicators/TotalPopulation.html,00_west_europe.txt regional lower-bound factor 0.78; revise with local census
00_west_europe.txt,STATE_HESSE,FRM,112872,88040,-24832,3,PROVISIONAL_REGIONAL_LOW,https://clio-infra.eu/Indicators/TotalPopulation.html,00_west_europe.txt regional lower-bound factor 0.78; revise with local census
00_west_europe.txt,STATE_HESSE,HEK,633288,493965,-139323,3,PROVISIONAL_REGIONAL_LOW,https://clio-infra.eu/Indicators/TotalPopulation.html,00_west_europe.txt regional lower-bound factor 0.78; revise with local census
00_west_europe.txt,STATE_HESSE,HES,729108,568704,-160404,3,PROVISIONAL_REGIONAL_LOW,https://clio-infra.eu/Indicators/TotalPopulation.html,00_west_europe.txt regional lower-bound factor 0.78; revise with local census
00_west_europe.txt,STATE_HESSE,NAS,402404,313875,-88529,3,PROVISIONAL_REGIONAL_LOW,https://clio-infra.eu/Indicators/TotalPopulation.html,00_west_europe.txt regional lower-bound factor 0.78; revise with local census
00_west_europe.txt,STATE_HESSE,WLD,55447,43249,-12198,2,PROVISIONAL_REGIONAL_LOW,https://clio-infra.eu/Indicators/TotalPopulation.html,00_west_europe.txt regional lower-bound factor 0.78; revise with local census
00_west_europe.txt,STATE_HIGHLANDS,GBR,751566,363267,-388299,3,FILE_COUNTRY_TARGET,https://www.census.gov/library/stories/2023/12/boston-tea-party.html,Great Britain 1775/1776
00_west_europe.txt,STATE_HOLLAND,NET,1239464,919416,-320048,6,FILE_COUNTRY_TARGET,https://clio-infra.eu/Indicators/TotalPopulation.html,Netherlands-area anchor
00_west_europe.txt,STATE_HOME_COUNTIES,GBR,2805996,1356260,-1449736,4,FILE_COUNTRY_TARGET,https://www.census.gov/library/stories/2023/12/boston-tea-party.html,Great Britain 1775/1776
00_west_europe.txt,STATE_ICELAND,DENNOR,63720,44153,-19567,2,FILE_COUNTRY_TARGET,https://clio-infra.eu/Indicators/TotalPopulation.html,Denmark and Norway combined; overseas separate
00_west_europe.txt,STATE_ILE_DE_FRANCE,FRA,1882354,1502132,-380222,3,FILE_COUNTRY_TARGET,https://clio-infra.eu/Indicators/TotalPopulation.html,metropolitan France 1750-1800 interpolation
00_west_europe.txt,STATE_JUTLAND,DENNOR,548908,380333,-168575,1,FILE_COUNTRY_TARGET,https://clio-infra.eu/Indicators/TotalPopulation.html,Denmark and Norway combined; overseas separate
00_west_europe.txt,STATE_LANCASHIRE,GBR,2152804,1040544,-1112260,3,FILE_COUNTRY_TARGET,https://www.census.gov/library/stories/2023/12/boston-tea-party.html,Great Britain 1775/1776
00_west_europe.txt,STATE_LANGUEDOC,FRA,2373128,1893773,-479355,5,FILE_COUNTRY_TARGET,https://clio-infra.eu/Indicators/TotalPopulation.html,metropolitan France 1750-1800 interpolation
00_west_europe.txt,STATE_LEINSTER,IREK,1934493,1005295,-929198,10,FILE_COUNTRY_TARGET,https://clio-infra.eu/Indicators/TotalPopulation.html,Ireland 1750-1800 interpolation
00_west_europe.txt,STATE_LORRAINE,FRA,1153101,920184,-232917,3,FILE_COUNTRY_TARGET,https://clio-infra.eu/Indicators/TotalPopulation.html,metropolitan France 1750-1800 interpolation
00_west_europe.txt,STATE_LOWLANDS,GBR,1637600,791525,-846075,4,FILE_COUNTRY_TARGET,https://www.census.gov/library/stories/2023/12/boston-tea-party.html,Great Britain 1775/1776
00_west_europe.txt,STATE_MAINE_ANJOU,FRA,1610194,1284946,-325248,3,FILE_COUNTRY_TARGET,https://clio-infra.eu/Indicators/TotalPopulation.html,metropolitan France 1750-1800 interpolation
00_west_europe.txt,STATE_MECKLENBURG,MEC,493998,385318,-108680,2,PROVISIONAL_REGIONAL_LOW,https://clio-infra.eu/Indicators/TotalPopulation.html,00_west_europe.txt regional lower-bound factor 0.78; revise with local census
00_west_europe.txt,STATE_MECKLENBURG,MST,85002,66302,-18700,1,PROVISIONAL_REGIONAL_LOW,https://clio-infra.eu/Indicators/TotalPopulation.html,00_west_europe.txt regional lower-bound factor 0.78; revise with local census
00_west_europe.txt,STATE_MIDLANDS,GBR,2580004,1247028,-1332976,3,FILE_COUNTRY_TARGET,https://www.census.gov/library/stories/2023/12/boston-tea-party.html,Great Britain 1775/1776
00_west_europe.txt,STATE_MORAVIA,AUS,1696408,1379483,-316925,12,COUNTRY_TARGET,https://clio-infra.eu/Indicators/TotalPopulation.html,Austrian holdings excluding Hungary and Galicia tags
00_west_europe.txt,STATE_MUNSTER,IREK,2348237,1220299,-1127938,8,FILE_COUNTRY_TARGET,https://clio-infra.eu/Indicators/TotalPopulation.html,Ireland 1750-1800 interpolation
00_west_europe.txt,STATE_NORMANDY,FRA,2685132,2142752,-542380,3,FILE_COUNTRY_TARGET,https://clio-infra.eu/Indicators/TotalPopulation.html,metropolitan France 1750-1800 interpolation
00_west_europe.txt,STATE_NORRLAND,SWE,327400,252222,-75178,3,FILE_COUNTRY_TARGET,https://clio-infra.eu/Indicators/TotalPopulation.html,Sweden excluding Finland
00_west_europe.txt,STATE_NORTHERN_NORWAY,DENNOR,337260,233686,-103574,3,FILE_COUNTRY_TARGET,https://clio-infra.eu/Indicators/TotalPopulation.html,Denmark and Norway combined; overseas separate
00_west_europe.txt,STATE_NORTH_RHINE,PRU,1015728,414624,-601104,4,COUNTRY_TARGET,https://clio-infra.eu/Indicators/TotalPopulation.html,low estimate; Prussian realm
00_west_europe.txt,STATE_ORLEANS,FRA,1379493,1100846,-278647,3,FILE_COUNTRY_TARGET,https://clio-infra.eu/Indicators/TotalPopulation.html,metropolitan France 1750-1800 interpolation
00_west_europe.txt,STATE_PICARDY,FRA,1478442,1179807,-298635,3,FILE_COUNTRY_TARGET,https://clio-infra.eu/Indicators/TotalPopulation.html,metropolitan France 1750-1800 interpolation
00_west_europe.txt,STATE_POITOU,FRA,1748194,1395072,-353122,4,FILE_COUNTRY_TARGET,https://clio-infra.eu/Indicators/TotalPopulation.html,metropolitan France 1750-1800 interpolation
00_west_europe.txt,STATE_POMERANIA,PRU,1147800,468536,-679264,4,COUNTRY_TARGET,https://clio-infra.eu/Indicators/TotalPopulation.html,low estimate; Prussian realm
00_west_europe.txt,STATE_PROVENCE,FRA,1090845,870504,-220341,4,FILE_COUNTRY_TARGET,https://clio-infra.eu/Indicators/TotalPopulation.html,metropolitan France 1750-1800 interpolation
00_west_europe.txt,STATE_PROVENCE,SAR,172200,134316,-37884,2,PROVISIONAL_REGIONAL_LOW,https://clio-infra.eu/Indicators/TotalPopulation.html,00_west_europe.txt regional lower-bound factor 0.78; revise with local census
00_west_europe.txt,STATE_RHINELAND,BAV,557592,434922,-122670,3,PROVISIONAL_REGIONAL_LOW,https://clio-infra.eu/Indicators/TotalPopulation.html,00_west_europe.txt regional lower-bound factor 0.78; revise with local census
00_west_europe.txt,STATE_RHINELAND,PRU,756392,308762,-447630,3,COUNTRY_TARGET,https://clio-infra.eu/Indicators/TotalPopulation.html,low estimate; Prussian realm
00_west_europe.txt,STATE_RHONE,FRA,2604767,2078623,-526144,6,FILE_COUNTRY_TARGET,https://clio-infra.eu/Indicators/TotalPopulation.html,metropolitan France 1750-1800 interpolation
00_west_europe.txt,STATE_RUHR,PRU,856288,349539,-506749,3,COUNTRY_TARGET,https://clio-infra.eu/Indicators/TotalPopulation.html,low estimate; Prussian realm
00_west_europe.txt,STATE_SAXONY,COB,156537,122099,-34438,3,PROVISIONAL_REGIONAL_LOW,https://clio-infra.eu/Indicators/TotalPopulation.html,00_west_europe.txt regional lower-bound factor 0.78; revise with local census
00_west_europe.txt,STATE_SAXONY,MEI,135312,105543,-29769,3,PROVISIONAL_REGIONAL_LOW,https://clio-infra.eu/Indicators/TotalPopulation.html,00_west_europe.txt regional lower-bound factor 0.78; revise with local census
00_west_europe.txt,STATE_SAXONY,SAX,1671500,1303770,-367730,5,PROVISIONAL_REGIONAL_LOW,https://clio-infra.eu/Indicators/TotalPopulation.html,00_west_europe.txt regional lower-bound factor 0.78; revise with local census
00_west_europe.txt,STATE_SAXONY,SCW,111832,87229,-24603,3,PROVISIONAL_REGIONAL_LOW,https://clio-infra.eu/Indicators/TotalPopulation.html,00_west_europe.txt regional lower-bound factor 0.78; revise with local census
00_west_europe.txt,STATE_SAXONY,WEI,233840,182395,-51445,3,PROVISIONAL_REGIONAL_LOW,https://clio-infra.eu/Indicators/TotalPopulation.html,00_west_europe.txt regional lower-bound factor 0.78; revise with local census
00_west_europe.txt,STATE_SCANIA,SWE,513060,395248,-117812,2,FILE_COUNTRY_TARGET,https://clio-infra.eu/Indicators/TotalPopulation.html,Sweden excluding Finland
00_west_europe.txt,STATE_SCHLESWIG_HOLSTEIN,HOL,404604,315591,-89013,4,PROVISIONAL_REGIONAL_LOW,https://clio-infra.eu/Indicators/TotalPopulation.html,00_west_europe.txt regional lower-bound factor 0.78; revise with local census
00_west_europe.txt,STATE_SCHLESWIG_HOLSTEIN,LUB,84396,65829,-18567,2,PROVISIONAL_REGIONAL_LOW,https://clio-infra.eu/Indicators/TotalPopulation.html,00_west_europe.txt regional lower-bound factor 0.78; revise with local census
00_west_europe.txt,STATE_SCHLESWIG_HOLSTEIN,SCH,336404,262395,-74009,2,PROVISIONAL_REGIONAL_LOW,https://clio-infra.eu/Indicators/TotalPopulation.html,00_west_europe.txt regional lower-bound factor 0.78; revise with local census
00_west_europe.txt,STATE_SOUTH_TYROL,VEN,491000,491000,0,2,PROTECTED,,China/Genoa/Venice protected
00_west_europe.txt,STATE_STYRIA,AUS,736796,599143,-137653,2,COUNTRY_TARGET,https://clio-infra.eu/Indicators/TotalPopulation.html,Austrian holdings excluding Hungary and Galicia tags
00_west_europe.txt,STATE_SVEALAND,SWE,1114208,858356,-255852,3,FILE_COUNTRY_TARGET,https://clio-infra.eu/Indicators/TotalPopulation.html,Sweden excluding Finland
00_west_europe.txt,STATE_TYROL,AUS,559304,454812,-104492,2,COUNTRY_TARGET,https://clio-infra.eu/Indicators/TotalPopulation.html,Austrian holdings excluding Hungary and Galicia tags
00_west_europe.txt,STATE_ULSTER,IREK,2351145,1221816,-1129329,13,FILE_COUNTRY_TARGET,https://clio-infra.eu/Indicators/TotalPopulation.html,Ireland 1750-1800 interpolation
00_west_europe.txt,STATE_WALES,GBR,973196,470388,-502808,2,FILE_COUNTRY_TARGET,https://www.census.gov/library/stories/2023/12/boston-tea-party.html,Great Britain 1775/1776
00_west_europe.txt,STATE_WALLONIA,BEO,1083407,961518,-121889,6,FILE_COUNTRY_TARGET,https://clio-infra.eu/Indicators/TotalPopulation.html,Belgium-area anchor
00_west_europe.txt,STATE_WALLONIA,LUX,176770,137881,-38889,4,PROVISIONAL_REGIONAL_LOW,https://clio-infra.eu/Indicators/TotalPopulation.html,00_west_europe.txt regional lower-bound factor 0.78; revise with local census
00_west_europe.txt,STATE_WESTERN_NORWAY,DENNOR,546800,378873,-167927,1,FILE_COUNTRY_TARGET,https://clio-infra.eu/Indicators/TotalPopulation.html,Denmark and Norway combined; overseas separate
00_west_europe.txt,STATE_WESTPHALIA,LIP,77546,60486,-17060,2,PROVISIONAL_REGIONAL_LOW,https://clio-infra.eu/Indicators/TotalPopulation.html,00_west_europe.txt regional lower-bound factor 0.78; revise with local census
00_west_europe.txt,STATE_WESTPHALIA,PRU,1278830,522021,-756809,3,COUNTRY_TARGET,https://clio-infra.eu/Indicators/TotalPopulation.html,low estimate; Prussian realm
00_west_europe.txt,STATE_WESTPHALIA,SCM,23820,18580,-5240,2,PROVISIONAL_REGIONAL_LOW,https://clio-infra.eu/Indicators/TotalPopulation.html,00_west_europe.txt regional lower-bound factor 0.78; revise with local census
00_west_europe.txt,STATE_WEST_COUNTRY,GBR,1986400,960114,-1026286,3,FILE_COUNTRY_TARGET,https://www.census.gov/library/stories/2023/12/boston-tea-party.html,Great Britain 1775/1776
00_west_europe.txt,STATE_WEST_SWITZERLAND,SWI,1070964,835352,-235612,4,PROVISIONAL_REGIONAL_LOW,https://clio-infra.eu/Indicators/TotalPopulation.html,00_west_europe.txt regional lower-bound factor 0.78; revise with local census
00_west_europe.txt,STATE_WURTTEMBERG,HOH,61334,47841,-13493,2,PROVISIONAL_REGIONAL_LOW,https://clio-infra.eu/Indicators/TotalPopulation.html,00_west_europe.txt regional lower-bound factor 0.78; revise with local census
00_west_europe.txt,STATE_WURTTEMBERG,WUR,1719750,1341405,-378345,3,PROVISIONAL_REGIONAL_LOW,https://clio-infra.eu/Indicators/TotalPopulation.html,00_west_europe.txt regional lower-bound factor 0.78; revise with local census
00_west_europe.txt,STATE_YORKSHIRE,GBR,2090592,1010474,-1080118,3,FILE_COUNTRY_TARGET,https://www.census.gov/library/stories/2023/12/boston-tea-party.html,Great Britain 1775/1776
00_west_europe.txt,STATE_ZEALAND,DENNOR,656796,455090,-201706,3,FILE_COUNTRY_TARGET,https://clio-infra.eu/Indicators/TotalPopulation.html,Denmark and Norway combined; overseas separate
01_south_europe.txt,STATE_ABRUZZO,SIC,660448,515149,-145299,1,PROVISIONAL_REGIONAL_LOW,https://clio-infra.eu/Indicators/TotalPopulation.html,01_south_europe.txt regional lower-bound factor 0.78; revise with local census
01_south_europe.txt,STATE_ALBANIA,TUR,1263208,1074401,-188807,4,COUNTRY_TARGET,https://clio-infra.eu/Indicators/TotalPopulation.html,conservative Ottoman estimate; territorial uncertainty
01_south_europe.txt,STATE_ALENTEJO,POR,457012,289912,-167100,1,FILE_COUNTRY_TARGET,https://clio-infra.eu/Indicators/TotalPopulation.html,metropolitan Portugal
01_south_europe.txt,STATE_APULIA,SIC,1284392,1001826,-282566,1,PROVISIONAL_REGIONAL_LOW,https://clio-infra.eu/Indicators/TotalPopulation.html,01_south_europe.txt regional lower-bound factor 0.78; revise with local census
01_south_europe.txt,STATE_ARAGON,SPA,634562,543452,-91110,3,FILE_COUNTRY_TARGET,https://clio-infra.eu/Indicators/TotalPopulation.html,metropolitan Spain
01_south_europe.txt,STATE_ASTURIAS,SPA,438563,375596,-62967,3,FILE_COUNTRY_TARGET,https://clio-infra.eu/Indicators/TotalPopulation.html,metropolitan Spain
01_south_europe.txt,STATE_ATTICA,TUR,637592,542293,-95299,1,COUNTRY_TARGET,https://clio-infra.eu/Indicators/TotalPopulation.html,conservative Ottoman estimate; territorial uncertainty
01_south_europe.txt,STATE_AZORES,POR,210532,133555,-76977,1,FILE_COUNTRY_TARGET,https://clio-infra.eu/Indicators/TotalPopulation.html,metropolitan Portugal
01_south_europe.txt,STATE_BALEARIC_ISLANDS,GBR,125684,98034,-27650,2,PROVISIONAL_REGIONAL_LOW,https://clio-infra.eu/Indicators/TotalPopulation.html,01_south_europe.txt regional lower-bound factor 0.78; revise with local census
01_south_europe.txt,STATE_BALEARIC_ISLANDS,SPA,125684,107640,-18044,2,FILE_COUNTRY_TARGET,https://clio-infra.eu/Indicators/TotalPopulation.html,metropolitan Spain
01_south_europe.txt,STATE_BASQUE_COUNTRY,SPA,523140,448028,-75112,2,FILE_COUNTRY_TARGET,https://clio-infra.eu/Indicators/TotalPopulation.html,metropolitan Spain
01_south_europe.txt,STATE_BEIRA,POR,1106122,701683,-404439,1,FILE_COUNTRY_TARGET,https://clio-infra.eu/Indicators/TotalPopulation.html,metropolitan Portugal
01_south_europe.txt,STATE_BOSNIA,TUR,864500,735288,-129212,4,COUNTRY_TARGET,https://clio-infra.eu/Indicators/TotalPopulation.html,conservative Ottoman estimate; territorial uncertainty
01_south_europe.txt,STATE_BULGARIA,TUR,874408,743715,-130693,3,COUNTRY_TARGET,https://clio-infra.eu/Indicators/TotalPopulation.html,conservative Ottoman estimate; territorial uncertainty
01_south_europe.txt,STATE_CALABRIA,SIC,882848,688621,-194227,1,PROVISIONAL_REGIONAL_LOW,https://clio-infra.eu/Indicators/TotalPopulation.html,01_south_europe.txt regional lower-bound factor 0.78; revise with local census
01_south_europe.txt,STATE_CAMPANIA,SIC,2557396,1994769,-562627,1,PROVISIONAL_REGIONAL_LOW,https://clio-infra.eu/Indicators/TotalPopulation.html,01_south_europe.txt regional lower-bound factor 0.78; revise with local census
01_south_europe.txt,STATE_CANARY_ISLANDS,SPA,231268,198063,-33205,1,FILE_COUNTRY_TARGET,https://clio-infra.eu/Indicators/TotalPopulation.html,metropolitan Spain
01_south_europe.txt,STATE_CAPE_VERDE,POR,78819,50004,-28815,4,FILE_COUNTRY_TARGET,https://clio-infra.eu/Indicators/TotalPopulation.html,metropolitan Portugal
01_south_europe.txt,STATE_CATALONIA,SPA,976110,835959,-140151,2,FILE_COUNTRY_TARGET,https://clio-infra.eu/Indicators/TotalPopulation.html,metropolitan Spain
01_south_europe.txt,STATE_CORSICA,FRA,207889,162153,-45736,4,PROVISIONAL_REGIONAL_LOW,https://clio-infra.eu/Indicators/TotalPopulation.html,01_south_europe.txt regional lower-bound factor 0.78; revise with local census
01_south_europe.txt,STATE_CRETE,TUR,139992,119069,-20923,2,COUNTRY_TARGET,https://clio-infra.eu/Indicators/TotalPopulation.html,conservative Ottoman estimate; territorial uncertainty
01_south_europe.txt,STATE_CROATIA,AUS,827992,673305,-154687,5,COUNTRY_TARGET,https://clio-infra.eu/Indicators/TotalPopulation.html,Austrian holdings excluding Hungary and Galicia tags
01_south_europe.txt,STATE_DALMATIA,VEN,397800,397800,0,3,PROTECTED,,China/Genoa/Venice protected
01_south_europe.txt,STATE_DOBRUDJA,RUS,21660,16131,-5529,5,COUNTRY_TARGET,https://clio-infra.eu/Indicators/TotalPopulation.html,low estimate; Russian Empire footprint
01_south_europe.txt,STATE_DOBRUDJA,TUR,231948,197284,-34664,5,COUNTRY_TARGET,https://clio-infra.eu/Indicators/TotalPopulation.html,conservative Ottoman estimate; territorial uncertainty
01_south_europe.txt,STATE_EASTERN_SERBIA,TUR,535757,455686,-80071,9,COUNTRY_TARGET,https://clio-infra.eu/Indicators/TotalPopulation.html,conservative Ottoman estimate; territorial uncertainty
01_south_europe.txt,STATE_EASTERN_THRACE,TUR,1342988,1142262,-200726,8,COUNTRY_TARGET,https://clio-infra.eu/Indicators/TotalPopulation.html,conservative Ottoman estimate; territorial uncertainty
01_south_europe.txt,STATE_EAST_AEGEAN_ISLANDS,TUR,93984,79940,-14044,3,COUNTRY_TARGET,https://clio-infra.eu/Indicators/TotalPopulation.html,conservative Ottoman estimate; territorial uncertainty
01_south_europe.txt,STATE_EMILIA,LUC,108408,84558,-23850,1,PROVISIONAL_REGIONAL_LOW,https://clio-infra.eu/Indicators/TotalPopulation.html,01_south_europe.txt regional lower-bound factor 0.78; revise with local census
01_south_europe.txt,STATE_EMILIA,MOD,648400,505752,-142648,1,PROVISIONAL_REGIONAL_LOW,https://clio-infra.eu/Indicators/TotalPopulation.html,01_south_europe.txt regional lower-bound factor 0.78; revise with local census
01_south_europe.txt,STATE_EMILIA,PAR,472004,368163,-103841,1,PROVISIONAL_REGIONAL_LOW,https://clio-infra.eu/Indicators/TotalPopulation.html,01_south_europe.txt regional lower-bound factor 0.78; revise with local census
01_south_europe.txt,STATE_ENTRE_DOURO_E_MINHO,POR,1203012,763148,-439864,2,FILE_COUNTRY_TARGET,https://clio-infra.eu/Indicators/TotalPopulation.html,metropolitan Portugal
01_south_europe.txt,STATE_ESTREMADURA,POR,791012,501789,-289223,1,FILE_COUNTRY_TARGET,https://clio-infra.eu/Indicators/TotalPopulation.html,metropolitan Portugal
01_south_europe.txt,STATE_EXTREMADURA,SPA,552368,473059,-79309,2,FILE_COUNTRY_TARGET,https://clio-infra.eu/Indicators/TotalPopulation.html,metropolitan Spain
01_south_europe.txt,STATE_GALICIA,SPA,1485255,1272001,-213254,3,FILE_COUNTRY_TARGET,https://clio-infra.eu/Indicators/TotalPopulation.html,metropolitan Spain
01_south_europe.txt,STATE_IONIAN_ISLANDS,VEN,188404,188404,0,2,PROTECTED,,China/Genoa/Venice protected
01_south_europe.txt,STATE_ISTRIA,VEN,680096,680096,0,5,PROTECTED,,China/Genoa/Venice protected
01_south_europe.txt,STATE_KOSOVO,TUR,308893,262729,-46164,6,COUNTRY_TARGET,https://clio-infra.eu/Indicators/TotalPopulation.html,conservative Ottoman estimate; territorial uncertainty
01_south_europe.txt,STATE_LAZIO,PAP,1339464,1044782,-294682,2,PROVISIONAL_REGIONAL_LOW,https://clio-infra.eu/Indicators/TotalPopulation.html,01_south_europe.txt regional lower-bound factor 0.78; revise with local census
01_south_europe.txt,STATE_LEON,SPA,642921,550612,-92309,3,FILE_COUNTRY_TARGET,https://clio-infra.eu/Indicators/TotalPopulation.html,metropolitan Spain
01_south_europe.txt,STATE_LOMBARDY,AUS,2377392,1933228,-444164,2,COUNTRY_TARGET,https://clio-infra.eu/Indicators/TotalPopulation.html,Austrian holdings excluding Hungary and Galicia tags
01_south_europe.txt,STATE_LOWER_ANDALUSIA,SPA,1215991,1041396,-174595,1,FILE_COUNTRY_TARGET,https://clio-infra.eu/Indicators/TotalPopulation.html,metropolitan Spain
01_south_europe.txt,STATE_MACEDONIA,TUR,446104,379432,-66672,6,COUNTRY_TARGET,https://clio-infra.eu/Indicators/TotalPopulation.html,conservative Ottoman estimate; territorial uncertainty
01_south_europe.txt,STATE_MADEIRA,POR,110202,69909,-40293,1,FILE_COUNTRY_TARGET,https://clio-infra.eu/Indicators/TotalPopulation.html,metropolitan Portugal
01_south_europe.txt,STATE_MALTA,MLT,117192,91410,-25782,1,PROVISIONAL_REGIONAL_LOW,https://clio-infra.eu/Indicators/TotalPopulation.html,01_south_europe.txt regional lower-bound factor 0.78; revise with local census
01_south_europe.txt,STATE_MONTENEGRO,MON,120396,93909,-26487,3,PROVISIONAL_REGIONAL_LOW,https://clio-infra.eu/Indicators/TotalPopulation.html,01_south_europe.txt regional lower-bound factor 0.78; revise with local census
01_south_europe.txt,STATE_MONTENEGRO,TUR,170996,145441,-25555,3,COUNTRY_TARGET,https://clio-infra.eu/Indicators/TotalPopulation.html,conservative Ottoman estimate; territorial uncertainty
01_south_europe.txt,STATE_MONTENEGRO,VEN,22728,22728,0,4,PROTECTED,,China/Genoa/Venice protected
01_south_europe.txt,STATE_MURCIA,SPA,474306,406205,-68101,2,FILE_COUNTRY_TARGET,https://clio-infra.eu/Indicators/TotalPopulation.html,metropolitan Spain
01_south_europe.txt,STATE_NEW_CASTILE,SPA,1578858,1352162,-226696,1,FILE_COUNTRY_TARGET,https://clio-infra.eu/Indicators/TotalPopulation.html,metropolitan Spain
01_south_europe.txt,STATE_NORTHERN_THRACE,TUR,853608,726025,-127583,5,COUNTRY_TARGET,https://clio-infra.eu/Indicators/TotalPopulation.html,conservative Ottoman estimate; territorial uncertainty
01_south_europe.txt,STATE_OLD_CASTILE,SPA,1274098,1091162,-182936,2,FILE_COUNTRY_TARGET,https://clio-infra.eu/Indicators/TotalPopulation.html,metropolitan Spain
01_south_europe.txt,STATE_PELOPONNESE,TUR,221996,188816,-33180,1,COUNTRY_TARGET,https://clio-infra.eu/Indicators/TotalPopulation.html,conservative Ottoman estimate; territorial uncertainty
01_south_europe.txt,STATE_PIEDMONT,GEN,510000,510000,0,3,PROTECTED,,China/Genoa/Venice protected
01_south_europe.txt,STATE_PIEDMONT,SAR,2463988,1921911,-542077,3,PROVISIONAL_REGIONAL_LOW,https://clio-infra.eu/Indicators/TotalPopulation.html,01_south_europe.txt regional lower-bound factor 0.78; revise with local census
01_south_europe.txt,STATE_ROMAGNA,PAP,803600,626808,-176792,1,PROVISIONAL_REGIONAL_LOW,https://clio-infra.eu/Indicators/TotalPopulation.html,01_south_europe.txt regional lower-bound factor 0.78; revise with local census
01_south_europe.txt,STATE_SARDINIA,SAR,524084,408786,-115298,1,PROVISIONAL_REGIONAL_LOW,https://clio-infra.eu/Indicators/TotalPopulation.html,01_south_europe.txt regional lower-bound factor 0.78; revise with local census
01_south_europe.txt,STATE_SAVOY,SAR,468800,365664,-103136,3,PROVISIONAL_REGIONAL_LOW,https://clio-infra.eu/Indicators/TotalPopulation.html,01_south_europe.txt regional lower-bound factor 0.78; revise with local census
01_south_europe.txt,STATE_SICILY,GR3,1647596,1285125,-362471,1,PROVISIONAL_REGIONAL_LOW,https://clio-infra.eu/Indicators/TotalPopulation.html,01_south_europe.txt regional lower-bound factor 0.78; revise with local census
01_south_europe.txt,STATE_SKOPIA,TUR,736892,626755,-110137,5,COUNTRY_TARGET,https://clio-infra.eu/Indicators/TotalPopulation.html,conservative Ottoman estimate; territorial uncertainty
01_south_europe.txt,STATE_SLAVONIA,AUS,366228,297810,-68418,4,COUNTRY_TARGET,https://clio-infra.eu/Indicators/TotalPopulation.html,Austrian holdings excluding Hungary and Galicia tags
01_south_europe.txt,STATE_SLOVENIA,AUS,485788,395031,-90757,2,COUNTRY_TARGET,https://clio-infra.eu/Indicators/TotalPopulation.html,Austrian holdings excluding Hungary and Galicia tags
01_south_europe.txt,STATE_THESSALIA,TUR,1131904,962724,-169180,5,COUNTRY_TARGET,https://clio-infra.eu/Indicators/TotalPopulation.html,conservative Ottoman estimate; territorial uncertainty
01_south_europe.txt,STATE_TUSCANY,TUS,1632396,1273269,-359127,2,PROVISIONAL_REGIONAL_LOW,https://clio-infra.eu/Indicators/TotalPopulation.html,01_south_europe.txt regional lower-bound factor 0.78; revise with local census
01_south_europe.txt,STATE_UMBRIA,PAP,451000,351780,-99220,1,PROVISIONAL_REGIONAL_LOW,https://clio-infra.eu/Indicators/TotalPopulation.html,01_south_europe.txt regional lower-bound factor 0.78; revise with local census
01_south_europe.txt,STATE_UPPER_ANDALUSIA,GBR,13785,10752,-3033,6,PROVISIONAL_REGIONAL_LOW,https://clio-infra.eu/Indicators/TotalPopulation.html,01_south_europe.txt regional lower-bound factor 0.78; revise with local census
01_south_europe.txt,STATE_UPPER_ANDALUSIA,SPA,1188141,1017545,-170596,1,FILE_COUNTRY_TARGET,https://clio-infra.eu/Indicators/TotalPopulation.html,metropolitan Spain
01_south_europe.txt,STATE_VALENCIA,SPA,965789,827120,-138669,2,FILE_COUNTRY_TARGET,https://clio-infra.eu/Indicators/TotalPopulation.html,metropolitan Spain
01_south_europe.txt,STATE_VENETIA,VEN,1857196,1857196,0,2,PROTECTED,,China/Genoa/Venice protected
01_south_europe.txt,STATE_WESTERN_SERBIA,TUR,512254,435697,-76557,9,COUNTRY_TARGET,https://clio-infra.eu/Indicators/TotalPopulation.html,conservative Ottoman estimate; territorial uncertainty
01_south_europe.txt,STATE_WESTERN_THRACE,TUR,732608,623111,-109497,5,COUNTRY_TARGET,https://clio-infra.eu/Indicators/TotalPopulation.html,conservative Ottoman estimate; territorial uncertainty
01_south_europe.txt,STATE_WEST_AEGEAN_ISLANDS,VEN,80404,80404,0,1,PROTECTED,,China/Genoa/Venice protected
02_east_europe.txt,STATE_BANAT,HUN,1189660,884059,-305601,8,COUNTRY_TARGET,https://clio-infra.eu/Indicators/TotalPopulation.html,Hungary under Habsburg crown
02_east_europe.txt,STATE_BEKES,HUN,1524492,1132877,-391615,10,COUNTRY_TARGET,https://clio-infra.eu/Indicators/TotalPopulation.html,Hungary under Habsburg crown
02_east_europe.txt,STATE_BUKOVINA,AUS,372410,302840,-69570,7,COUNTRY_TARGET,https://clio-infra.eu/Indicators/TotalPopulation.html,Austrian holdings excluding Hungary and Galicia tags
02_east_europe.txt,STATE_CENTRAL_HUNGARY,HUN,1198988,890987,-308001,6,COUNTRY_TARGET,https://clio-infra.eu/Indicators/TotalPopulation.html,Hungary under Habsburg crown
02_east_europe.txt,STATE_DELVIDEK,HUN,761396,565808,-195588,6,COUNTRY_TARGET,https://clio-infra.eu/Indicators/TotalPopulation.html,Hungary under Habsburg crown
02_east_europe.txt,STATE_EAST_GALICIA,GAL,2448608,1372124,-1076484,9,COUNTRY_TARGET,https://clio-infra.eu/Indicators/TotalPopulation.html,Galicia after first partition
02_east_europe.txt,STATE_EAST_PRUSSIA,PRU,859792,350973,-508819,7,COUNTRY_TARGET,https://clio-infra.eu/Indicators/TotalPopulation.html,low estimate; Prussian realm
02_east_europe.txt,STATE_INGRIA,RUS,976262,726860,-249402,7,COUNTRY_TARGET,https://clio-infra.eu/Indicators/TotalPopulation.html,low estimate; Russian Empire footprint
02_east_europe.txt,STATE_KURSK,RUS,2189913,1630451,-559462,2,COUNTRY_TARGET,https://clio-infra.eu/Indicators/TotalPopulation.html,low estimate; Russian Empire footprint
02_east_europe.txt,STATE_LOWER_SILESIA,PRU,1919162,783411,-1135751,9,COUNTRY_TARGET,https://clio-infra.eu/Indicators/TotalPopulation.html,low estimate; Prussian realm
02_east_europe.txt,STATE_MOLDAVIA,MOL,1358409,1086727,-271682,2,PROVISIONAL_REGIONAL_LOW,https://clio-infra.eu/Indicators/TotalPopulation.html,02_east_europe.txt regional lower-bound factor 0.8; revise with local census
02_east_europe.txt,STATE_MOSCOW,RUS,1239301,922695,-316606,2,COUNTRY_TARGET,https://clio-infra.eu/Indicators/TotalPopulation.html,low estimate; Russian Empire footprint
02_east_europe.txt,STATE_NORTHERN_TRANSYLVANIA,TRS,1015808,812646,-203162,8,PROVISIONAL_REGIONAL_LOW,https://clio-infra.eu/Indicators/TotalPopulation.html,02_east_europe.txt regional lower-bound factor 0.8; revise with local census
02_east_europe.txt,STATE_NOVGOROD,RUS,820118,610606,-209512,5,COUNTRY_TARGET,https://clio-infra.eu/Indicators/TotalPopulation.html,low estimate; Russian Empire footprint
02_east_europe.txt,STATE_ORYOL,RUS,3356122,2498725,-857397,3,COUNTRY_TARGET,https://clio-infra.eu/Indicators/TotalPopulation.html,low estimate; Russian Empire footprint
02_east_europe.txt,STATE_PERM,RUS,777777,579080,-198697,5,COUNTRY_TARGET,https://clio-infra.eu/Indicators/TotalPopulation.html,low estimate; Russian Empire footprint
02_east_europe.txt,STATE_POSEN,PLC,1568764,971992,-596772,5,COUNTRY_TARGET,https://clio-infra.eu/Indicators/TotalPopulation.html,post-1772 Polish-Lithuanian footprint
02_east_europe.txt,STATE_ROSTOV,RUS,631680,470307,-161373,5,COUNTRY_TARGET,https://clio-infra.eu/Indicators/TotalPopulation.html,low estimate; Russian Empire footprint
02_east_europe.txt,STATE_RUTHENIA,HUN,342154,254272,-87882,12,COUNTRY_TARGET,https://clio-infra.eu/Indicators/TotalPopulation.html,Hungary under Habsburg crown
02_east_europe.txt,STATE_SLOVAKIA,HUN,2046586,1520853,-525733,13,COUNTRY_TARGET,https://clio-infra.eu/Indicators/TotalPopulation.html,Hungary under Habsburg crown
02_east_europe.txt,STATE_SMOLENSK,RUS,1029741,766674,-263067,4,COUNTRY_TARGET,https://clio-infra.eu/Indicators/TotalPopulation.html,low estimate; Russian Empire footprint
02_east_europe.txt,STATE_SOUTHERN_TRANSYLVANIA,TRS,1046596,837277,-209319,8,PROVISIONAL_REGIONAL_LOW,https://clio-infra.eu/Indicators/TotalPopulation.html,02_east_europe.txt regional lower-bound factor 0.8; revise with local census
02_east_europe.txt,STATE_TRANSDANUBIA,HUN,2356492,1751144,-605348,10,COUNTRY_TARGET,https://clio-infra.eu/Indicators/TotalPopulation.html,Hungary under Habsburg crown
02_east_europe.txt,STATE_TVER,RUS,1232108,917339,-314769,2,COUNTRY_TARGET,https://clio-infra.eu/Indicators/TotalPopulation.html,low estimate; Russian Empire footprint
02_east_europe.txt,STATE_UPPER_SILESIA,AUS,401988,326892,-75096,7,COUNTRY_TARGET,https://clio-infra.eu/Indicators/TotalPopulation.html,Austrian holdings excluding Hungary and Galicia tags
02_east_europe.txt,STATE_UPPER_SILESIA,PRU,735861,300385,-435476,7,COUNTRY_TARGET,https://clio-infra.eu/Indicators/TotalPopulation.html,low estimate; Prussian realm
02_east_europe.txt,STATE_WALLACHIA,WAL,2227865,1782292,-445573,2,PROVISIONAL_REGIONAL_LOW,https://clio-infra.eu/Indicators/TotalPopulation.html,02_east_europe.txt regional lower-bound factor 0.8; revise with local census
02_east_europe.txt,STATE_WEST_GALICIA,GAL,2280404,1277876,-1002528,14,COUNTRY_TARGET,https://clio-infra.eu/Indicators/TotalPopulation.html,Galicia after first partition
02_east_europe.txt,STATE_WEST_PRUSSIA,PLC,67004,41521,-25483,7,COUNTRY_TARGET,https://clio-infra.eu/Indicators/TotalPopulation.html,post-1772 Polish-Lithuanian footprint
02_east_europe.txt,STATE_WEST_PRUSSIA,PRU,797004,325344,-471660,7,COUNTRY_TARGET,https://clio-infra.eu/Indicators/TotalPopulation.html,low estimate; Prussian realm
03_north_africa.txt,STATE_ALGIERS,FRA,140017,131616,-8401,6,PROVISIONAL_REGIONAL_LOW,https://clio-infra.eu/Indicators/TotalPopulation.html,03_north_africa.txt regional lower-bound factor 0.94; revise with local census
03_north_africa.txt,STATE_ALGIERS,MAS,1273385,1196982,-76403,5,PROVISIONAL_REGIONAL_LOW,https://clio-infra.eu/Indicators/TotalPopulation.html,03_north_africa.txt regional lower-bound factor 0.94; revise with local census
03_north_africa.txt,STATE_AL_RIF,MOR,492788,463221,-29567,4,PROVISIONAL_REGIONAL_LOW,https://clio-infra.eu/Indicators/TotalPopulation.html,03_north_africa.txt regional lower-bound factor 0.94; revise with local census
03_north_africa.txt,STATE_AL_RIF,SPA,16403,15419,-984,5,PROVISIONAL_REGIONAL_LOW,https://clio-infra.eu/Indicators/TotalPopulation.html,03_north_africa.txt regional lower-bound factor 0.94; revise with local census
03_north_africa.txt,STATE_BLUE_NILE,SD1,1149592,1080616,-68976,8,PROVISIONAL_REGIONAL_LOW,https://clio-infra.eu/Indicators/TotalPopulation.html,03_north_africa.txt regional lower-bound factor 0.94; revise with local census
03_north_africa.txt,STATE_CHAD,BOR,82000,77080,-4920,4,PROVISIONAL_REGIONAL_LOW,https://clio-infra.eu/Indicators/TotalPopulation.html,03_north_africa.txt regional lower-bound factor 0.94; revise with local census
03_north_africa.txt,STATE_CHAD,TBI,139904,131510,-8394,4,PROVISIONAL_REGIONAL_LOW,https://clio-infra.eu/Indicators/TotalPopulation.html,03_north_africa.txt regional lower-bound factor 0.94; revise with local census
03_north_africa.txt,STATE_CHAD,WAD,134060,126016,-8044,5,PROVISIONAL_REGIONAL_LOW,https://clio-infra.eu/Indicators/TotalPopulation.html,03_north_africa.txt regional lower-bound factor 0.94; revise with local census
03_north_africa.txt,STATE_CONSTANTINE,AIT,289848,272457,-17391,4,PROVISIONAL_REGIONAL_LOW,https://clio-infra.eu/Indicators/TotalPopulation.html,03_north_africa.txt regional lower-bound factor 0.94; revise with local census
03_north_africa.txt,STATE_CONSTANTINE,CON,1488235,1398941,-89294,5,PROVISIONAL_REGIONAL_LOW,https://clio-infra.eu/Indicators/TotalPopulation.html,03_north_africa.txt regional lower-bound factor 0.94; revise with local census
03_north_africa.txt,STATE_CONSTANTINE,FRA,33489,31480,-2009,6,PROVISIONAL_REGIONAL_LOW,https://clio-infra.eu/Indicators/TotalPopulation.html,03_north_africa.txt regional lower-bound factor 0.94; revise with local census
03_north_africa.txt,STATE_DARFUR,DFR,235992,221832,-14160,4,PROVISIONAL_REGIONAL_LOW,https://clio-infra.eu/Indicators/TotalPopulation.html,03_north_africa.txt regional lower-bound factor 0.94; revise with local census
03_north_africa.txt,STATE_DONGOLA,SD1,364004,342164,-21840,5,PROVISIONAL_REGIONAL_LOW,https://clio-infra.eu/Indicators/TotalPopulation.html,03_north_africa.txt regional lower-bound factor 0.94; revise with local census
03_north_africa.txt,STATE_DONGOLA,TUR,27504,23398,-4106,5,COUNTRY_TARGET,https://clio-infra.eu/Indicators/TotalPopulation.html,conservative Ottoman estimate; territorial uncertainty
03_north_africa.txt,STATE_EASTERN_MALI,MSN,980100,921294,-58806,5,PROVISIONAL_REGIONAL_LOW,https://clio-infra.eu/Indicators/TotalPopulation.html,03_north_africa.txt regional lower-bound factor 0.94; revise with local census
03_north_africa.txt,STATE_EAST_SAHARA,ADG,8000,7520,-480,1,PROVISIONAL_REGIONAL_LOW,https://clio-infra.eu/Indicators/TotalPopulation.html,03_north_africa.txt regional lower-bound factor 0.94; revise with local census
03_north_africa.txt,STATE_EAST_SAHARA,AHG,29004,27264,-1740,3,PROVISIONAL_REGIONAL_LOW,https://clio-infra.eu/Indicators/TotalPopulation.html,03_north_africa.txt regional lower-bound factor 0.94; revise with local census
03_north_africa.txt,STATE_EAST_SAHARA,AJJ,10000,9400,-600,1,PROVISIONAL_REGIONAL_LOW,https://clio-infra.eu/Indicators/TotalPopulation.html,03_north_africa.txt regional lower-bound factor 0.94; revise with local census
03_north_africa.txt,STATE_EAST_SAHARA,CMB,14000,13160,-840,2,PROVISIONAL_REGIONAL_LOW,https://clio-infra.eu/Indicators/TotalPopulation.html,03_north_africa.txt regional lower-bound factor 0.94; revise with local census
03_north_africa.txt,STATE_EAST_SAHARA,TUG,46400,43616,-2784,3,PROVISIONAL_REGIONAL_LOW,https://clio-infra.eu/Indicators/TotalPopulation.html,03_north_africa.txt regional lower-bound factor 0.94; revise with local census
03_north_africa.txt,STATE_EGYPTIAN_DESERT,SD1,36050,33887,-2163,5,PROVISIONAL_REGIONAL_LOW,https://clio-infra.eu/Indicators/TotalPopulation.html,03_north_africa.txt regional lower-bound factor 0.94; revise with local census
03_north_africa.txt,STATE_ERITREA,ETH,28000,26320,-1680,4,PROVISIONAL_REGIONAL_LOW,https://clio-infra.eu/Indicators/TotalPopulation.html,03_north_africa.txt regional lower-bound factor 0.94; revise with local census
03_north_africa.txt,STATE_ERITREA,SD1,143160,134570,-8590,6,PROVISIONAL_REGIONAL_LOW,https://clio-infra.eu/Indicators/TotalPopulation.html,03_north_africa.txt regional lower-bound factor 0.94; revise with local census
03_north_africa.txt,STATE_ERITREA,TUR,143160,121768,-21392,6,COUNTRY_TARGET,https://clio-infra.eu/Indicators/TotalPopulation.html,conservative Ottoman estimate; territorial uncertainty
03_north_africa.txt,STATE_FEZ,MOR,1127204,1059572,-67632,4,PROVISIONAL_REGIONAL_LOW,https://clio-infra.eu/Indicators/TotalPopulation.html,03_north_africa.txt regional lower-bound factor 0.94; revise with local census
03_north_africa.txt,STATE_INNER_MAURITANIA,ADR,10900,10246,-654,3,PROVISIONAL_REGIONAL_LOW,https://clio-infra.eu/Indicators/TotalPopulation.html,03_north_africa.txt regional lower-bound factor 0.94; revise with local census
03_north_africa.txt,STATE_INNER_MAURITANIA,OUA,41521,39030,-2491,4,PROVISIONAL_REGIONAL_LOW,https://clio-infra.eu/Indicators/TotalPopulation.html,03_north_africa.txt regional lower-bound factor 0.94; revise with local census
03_north_africa.txt,STATE_INNER_MAURITANIA,RGB,10616,9979,-637,3,PROVISIONAL_REGIONAL_LOW,https://clio-infra.eu/Indicators/TotalPopulation.html,03_north_africa.txt regional lower-bound factor 0.94; revise with local census
03_north_africa.txt,STATE_INNER_MOROCCO,MOR,595404,559680,-35724,4,PROVISIONAL_REGIONAL_LOW,https://clio-infra.eu/Indicators/TotalPopulation.html,03_north_africa.txt regional lower-bound factor 0.94; revise with local census
03_north_africa.txt,STATE_INNER_MOROCCO,TEK,26721,25118,-1603,3,PROVISIONAL_REGIONAL_LOW,https://clio-infra.eu/Indicators/TotalPopulation.html,03_north_africa.txt regional lower-bound factor 0.94; revise with local census
03_north_africa.txt,STATE_KORDOFAN,SD1,524808,493320,-31488,5,PROVISIONAL_REGIONAL_LOW,https://clio-infra.eu/Indicators/TotalPopulation.html,03_north_africa.txt regional lower-bound factor 0.94; revise with local census
03_north_africa.txt,STATE_LIBYA,TBI,8000,7520,-480,1,PROVISIONAL_REGIONAL_LOW,https://clio-infra.eu/Indicators/TotalPopulation.html,03_north_africa.txt regional lower-bound factor 0.94; revise with local census
03_north_africa.txt,STATE_LIBYA,TRI,404524,380253,-24271,5,PROVISIONAL_REGIONAL_LOW,https://clio-infra.eu/Indicators/TotalPopulation.html,03_north_africa.txt regional lower-bound factor 0.94; revise with local census
03_north_africa.txt,STATE_LIBYA,ZWY,30000,28200,-1800,2,PROVISIONAL_REGIONAL_LOW,https://clio-infra.eu/Indicators/TotalPopulation.html,03_north_africa.txt regional lower-bound factor 0.94; revise with local census
03_north_africa.txt,STATE_LIBYAN_DESERT,AJJ,8000,7520,-480,1,PROVISIONAL_REGIONAL_LOW,https://clio-infra.eu/Indicators/TotalPopulation.html,03_north_africa.txt regional lower-bound factor 0.94; revise with local census
03_north_africa.txt,STATE_LIBYAN_DESERT,TBI,8000,7520,-480,1,PROVISIONAL_REGIONAL_LOW,https://clio-infra.eu/Indicators/TotalPopulation.html,03_north_africa.txt regional lower-bound factor 0.94; revise with local census
03_north_africa.txt,STATE_LIBYAN_DESERT,ZWY,48000,45120,-2880,3,PROVISIONAL_REGIONAL_LOW,https://clio-infra.eu/Indicators/TotalPopulation.html,03_north_africa.txt regional lower-bound factor 0.94; revise with local census
03_north_africa.txt,STATE_LOWER_EGYPT,TUR,2670504,2271359,-399145,13,COUNTRY_TARGET,https://clio-infra.eu/Indicators/TotalPopulation.html,conservative Ottoman estimate; territorial uncertainty
03_north_africa.txt,STATE_MARRAKECH,MOR,1029196,967444,-61752,4,PROVISIONAL_REGIONAL_LOW,https://clio-infra.eu/Indicators/TotalPopulation.html,03_north_africa.txt regional lower-bound factor 0.94; revise with local census
03_north_africa.txt,STATE_MATRUH,TUR,22050,18758,-3292,4,COUNTRY_TARGET,https://clio-infra.eu/Indicators/TotalPopulation.html,conservative Ottoman estimate; territorial uncertainty
03_north_africa.txt,STATE_MAURITANIA,ADR,15530,14598,-932,2,PROVISIONAL_REGIONAL_LOW,https://clio-infra.eu/Indicators/TotalPopulation.html,03_north_africa.txt regional lower-bound factor 0.94; revise with local census
03_north_africa.txt,STATE_MAURITANIA,BRK,12510,11759,-751,1,PROVISIONAL_REGIONAL_LOW,https://clio-infra.eu/Indicators/TotalPopulation.html,03_north_africa.txt regional lower-bound factor 0.94; revise with local census
03_north_africa.txt,STATE_MAURITANIA,DLM,21771,20465,-1306,3,PROVISIONAL_REGIONAL_LOW,https://clio-infra.eu/Indicators/TotalPopulation.html,03_north_africa.txt regional lower-bound factor 0.94; revise with local census
03_north_africa.txt,STATE_MAURITANIA,FTR,80000,75200,-4800,6,PROVISIONAL_REGIONAL_LOW,https://clio-infra.eu/Indicators/TotalPopulation.html,03_north_africa.txt regional lower-bound factor 0.94; revise with local census
03_north_africa.txt,STATE_MAURITANIA,OUA,84000,78960,-5040,3,PROVISIONAL_REGIONAL_LOW,https://clio-infra.eu/Indicators/TotalPopulation.html,03_north_africa.txt regional lower-bound factor 0.94; revise with local census
03_north_africa.txt,STATE_MAURITANIA,TRZ,124000,116560,-7440,3,PROVISIONAL_REGIONAL_LOW,https://clio-infra.eu/Indicators/TotalPopulation.html,03_north_africa.txt regional lower-bound factor 0.94; revise with local census
03_north_africa.txt,STATE_MIDDLE_EGYPT,TUR,1157903,984840,-173063,8,COUNTRY_TARGET,https://clio-infra.eu/Indicators/TotalPopulation.html,conservative Ottoman estimate; territorial uncertainty
03_north_africa.txt,STATE_NIGER,AIR,106200,99828,-6372,5,PROVISIONAL_REGIONAL_LOW,https://clio-infra.eu/Indicators/TotalPopulation.html,03_north_africa.txt regional lower-bound factor 0.94; revise with local census
03_north_africa.txt,STATE_NIGER,AJJ,10000,9400,-600,2,PROVISIONAL_REGIONAL_LOW,https://clio-infra.eu/Indicators/TotalPopulation.html,03_north_africa.txt regional lower-bound factor 0.94; revise with local census
03_north_africa.txt,STATE_NIGER,DIN,21000,19740,-1260,4,PROVISIONAL_REGIONAL_LOW,https://clio-infra.eu/Indicators/TotalPopulation.html,03_north_africa.txt regional lower-bound factor 0.94; revise with local census
03_north_africa.txt,STATE_NIGER,TBI,8000,7520,-480,1,PROVISIONAL_REGIONAL_LOW,https://clio-infra.eu/Indicators/TotalPopulation.html,03_north_africa.txt regional lower-bound factor 0.94; revise with local census
03_north_africa.txt,STATE_ORAN,FRA,48970,46032,-2938,6,PROVISIONAL_REGIONAL_LOW,https://clio-infra.eu/Indicators/TotalPopulation.html,03_north_africa.txt regional lower-bound factor 0.94; revise with local census
03_north_africa.txt,STATE_ORAN,MAS,735807,691659,-44148,5,PROVISIONAL_REGIONAL_LOW,https://clio-infra.eu/Indicators/TotalPopulation.html,03_north_africa.txt regional lower-bound factor 0.94; revise with local census
03_north_africa.txt,STATE_SAHARA,CMB,10300,9682,-618,1,PROVISIONAL_REGIONAL_LOW,https://clio-infra.eu/Indicators/TotalPopulation.html,03_north_africa.txt regional lower-bound factor 0.94; revise with local census
03_north_africa.txt,STATE_SAHARA,MZB,10991,10332,-659,3,PROVISIONAL_REGIONAL_LOW,https://clio-infra.eu/Indicators/TotalPopulation.html,03_north_africa.txt regional lower-bound factor 0.94; revise with local census
03_north_africa.txt,STATE_SAHARA,RGB,11000,10340,-660,1,PROVISIONAL_REGIONAL_LOW,https://clio-infra.eu/Indicators/TotalPopulation.html,03_north_africa.txt regional lower-bound factor 0.94; revise with local census
03_north_africa.txt,STATE_SAHARA,TEK,17284,16247,-1037,3,PROVISIONAL_REGIONAL_LOW,https://clio-infra.eu/Indicators/TotalPopulation.html,03_north_africa.txt regional lower-bound factor 0.94; revise with local census
03_north_africa.txt,STATE_SAHARA,TUA,12000,11280,-720,1,PROVISIONAL_REGIONAL_LOW,https://clio-infra.eu/Indicators/TotalPopulation.html,03_north_africa.txt regional lower-bound factor 0.94; revise with local census
03_north_africa.txt,STATE_SINAI,TUR,20616,17539,-3077,5,COUNTRY_TARGET,https://clio-infra.eu/Indicators/TotalPopulation.html,conservative Ottoman estimate; territorial uncertainty
03_north_africa.txt,STATE_TIMBUKTU,ADG,58396,54892,-3504,5,PROVISIONAL_REGIONAL_LOW,https://clio-infra.eu/Indicators/TotalPopulation.html,03_north_africa.txt regional lower-bound factor 0.94; revise with local census
03_north_africa.txt,STATE_TIMBUKTU,ADR,10000,9400,-600,2,PROVISIONAL_REGIONAL_LOW,https://clio-infra.eu/Indicators/TotalPopulation.html,03_north_africa.txt regional lower-bound factor 0.94; revise with local census
03_north_africa.txt,STATE_TIMBUKTU,ATR,15000,14100,-900,4,PROVISIONAL_REGIONAL_LOW,https://clio-infra.eu/Indicators/TotalPopulation.html,03_north_africa.txt regional lower-bound factor 0.94; revise with local census
03_north_africa.txt,STATE_TIMBUKTU,MSN,267400,251356,-16044,4,PROVISIONAL_REGIONAL_LOW,https://clio-infra.eu/Indicators/TotalPopulation.html,03_north_africa.txt regional lower-bound factor 0.94; revise with local census
03_north_africa.txt,STATE_TIMBUKTU,OUA,10000,9400,-600,2,PROVISIONAL_REGIONAL_LOW,https://clio-infra.eu/Indicators/TotalPopulation.html,03_north_africa.txt regional lower-bound factor 0.94; revise with local census
03_north_africa.txt,STATE_TIMBUKTU,RGB,10000,9400,-600,2,PROVISIONAL_REGIONAL_LOW,https://clio-infra.eu/Indicators/TotalPopulation.html,03_north_africa.txt regional lower-bound factor 0.94; revise with local census
03_north_africa.txt,STATE_TRIPOLI,TRI,368220,346127,-22093,5,PROVISIONAL_REGIONAL_LOW,https://clio-infra.eu/Indicators/TotalPopulation.html,03_north_africa.txt regional lower-bound factor 0.94; revise with local census
03_north_africa.txt,STATE_TRIPOLI,ZWY,144000,135360,-8640,6,PROVISIONAL_REGIONAL_LOW,https://clio-infra.eu/Indicators/TotalPopulation.html,03_north_africa.txt regional lower-bound factor 0.94; revise with local census
03_north_africa.txt,STATE_TUNISIA,TUN,1315008,1236108,-78900,8,PROVISIONAL_REGIONAL_LOW,https://clio-infra.eu/Indicators/TotalPopulation.html,03_north_africa.txt regional lower-bound factor 0.94; revise with local census
03_north_africa.txt,STATE_UPPER_EGYPT,TUR,391745,333198,-58547,7,COUNTRY_TARGET,https://clio-infra.eu/Indicators/TotalPopulation.html,conservative Ottoman estimate; territorial uncertainty
03_north_africa.txt,STATE_WESTERN_MALI,KRT,240000,225600,-14400,4,PROVISIONAL_REGIONAL_LOW,https://clio-infra.eu/Indicators/TotalPopulation.html,03_north_africa.txt regional lower-bound factor 0.94; revise with local census
03_north_africa.txt,STATE_WESTERN_MALI,SGU,220000,206800,-13200,3,PROVISIONAL_REGIONAL_LOW,https://clio-infra.eu/Indicators/TotalPopulation.html,03_north_africa.txt regional lower-bound factor 0.94; revise with local census
03_north_africa.txt,STATE_WEST_SAHARA,DLM,19000,17860,-1140,3,PROVISIONAL_REGIONAL_LOW,https://clio-infra.eu/Indicators/TotalPopulation.html,03_north_africa.txt regional lower-bound factor 0.94; revise with local census
03_north_africa.txt,STATE_WEST_SAHARA,RGB,14000,13160,-840,2,PROVISIONAL_REGIONAL_LOW,https://clio-infra.eu/Indicators/TotalPopulation.html,03_north_africa.txt regional lower-bound factor 0.94; revise with local census
03_north_africa.txt,STATE_WEST_SAHARA,TEK,27136,25508,-1628,3,PROVISIONAL_REGIONAL_LOW,https://clio-infra.eu/Indicators/TotalPopulation.html,03_north_africa.txt regional lower-bound factor 0.94; revise with local census
04_subsaharan_africa.txt,STATE_AMHARA,ETH,2373464,2231056,-142408,21,PROVISIONAL_REGIONAL_LOW,https://clio-infra.eu/Indicators/TotalPopulation.html,04_subsaharan_africa.txt regional lower-bound factor 0.94; revise with local census
04_subsaharan_africa.txt,STATE_BAS_CONGO,KON,528000,496320,-31680,5,PROVISIONAL_REGIONAL_LOW,https://clio-infra.eu/Indicators/TotalPopulation.html,04_subsaharan_africa.txt regional lower-bound factor 0.94; revise with local census
04_subsaharan_africa.txt,STATE_BAS_CONGO,YKA,348000,327120,-20880,4,PROVISIONAL_REGIONAL_LOW,https://clio-infra.eu/Indicators/TotalPopulation.html,04_subsaharan_africa.txt regional lower-bound factor 0.94; revise with local census
04_subsaharan_africa.txt,STATE_BENIN,BEN,1677788,1577121,-100667,6,PROVISIONAL_REGIONAL_LOW,https://clio-infra.eu/Indicators/TotalPopulation.html,04_subsaharan_africa.txt regional lower-bound factor 0.94; revise with local census
04_subsaharan_africa.txt,STATE_BORNU,BOR,635988,597829,-38159,5,PROVISIONAL_REGIONAL_LOW,https://clio-infra.eu/Indicators/TotalPopulation.html,04_subsaharan_africa.txt regional lower-bound factor 0.94; revise with local census
04_subsaharan_africa.txt,STATE_BOTSWANA,LZO,14560,13686,-874,1,PROVISIONAL_REGIONAL_LOW,https://clio-infra.eu/Indicators/TotalPopulation.html,04_subsaharan_africa.txt regional lower-bound factor 0.94; revise with local census
04_subsaharan_africa.txt,STATE_BOTSWANA,SAN,8000,7520,-480,1,PROVISIONAL_REGIONAL_LOW,https://clio-infra.eu/Indicators/TotalPopulation.html,04_subsaharan_africa.txt regional lower-bound factor 0.94; revise with local census
04_subsaharan_africa.txt,STATE_BOTSWANA,TSW,72000,67680,-4320,3,PROVISIONAL_REGIONAL_LOW,https://clio-infra.eu/Indicators/TotalPopulation.html,04_subsaharan_africa.txt regional lower-bound factor 0.94; revise with local census
04_subsaharan_africa.txt,STATE_CAPE_COLONY,DEI,428304,402606,-25698,8,PROVISIONAL_REGIONAL_LOW,https://clio-infra.eu/Indicators/TotalPopulation.html,04_subsaharan_africa.txt regional lower-bound factor 0.94; revise with local census
04_subsaharan_africa.txt,STATE_CAPE_COLONY,NAM,15300,14382,-918,1,PROVISIONAL_REGIONAL_LOW,https://clio-infra.eu/Indicators/TotalPopulation.html,04_subsaharan_africa.txt regional lower-bound factor 0.94; revise with local census
04_subsaharan_africa.txt,STATE_CONGO,BOB,44200,41548,-2652,3,PROVISIONAL_REGIONAL_LOW,https://clio-infra.eu/Indicators/TotalPopulation.html,04_subsaharan_africa.txt regional lower-bound factor 0.94; revise with local census
04_subsaharan_africa.txt,STATE_CONGO,LNG,64200,60348,-3852,3,PROVISIONAL_REGIONAL_LOW,https://clio-infra.eu/Indicators/TotalPopulation.html,04_subsaharan_africa.txt regional lower-bound factor 0.94; revise with local census
04_subsaharan_africa.txt,STATE_CONGO,TKE,44000,41360,-2640,4,PROVISIONAL_REGIONAL_LOW,https://clio-infra.eu/Indicators/TotalPopulation.html,04_subsaharan_africa.txt regional lower-bound factor 0.94; revise with local census
04_subsaharan_africa.txt,STATE_CONGO_ORIENTALE,HMB,336000,315840,-20160,2,PROVISIONAL_REGIONAL_LOW,https://clio-infra.eu/Indicators/TotalPopulation.html,04_subsaharan_africa.txt regional lower-bound factor 0.94; revise with local census
04_subsaharan_africa.txt,STATE_CONGO_ORIENTALE,LBA,108012,101531,-6481,2,PROVISIONAL_REGIONAL_LOW,https://clio-infra.eu/Indicators/TotalPopulation.html,04_subsaharan_africa.txt regional lower-bound factor 0.94; revise with local census
04_subsaharan_africa.txt,STATE_CONGO_ORIENTALE,LGA,240000,225600,-14400,2,PROVISIONAL_REGIONAL_LOW,https://clio-infra.eu/Indicators/TotalPopulation.html,04_subsaharan_africa.txt regional lower-bound factor 0.94; revise with local census
04_subsaharan_africa.txt,STATE_CONGO_ORIENTALE,MNB,468000,439920,-28080,2,PROVISIONAL_REGIONAL_LOW,https://clio-infra.eu/Indicators/TotalPopulation.html,04_subsaharan_africa.txt regional lower-bound factor 0.94; revise with local census
04_subsaharan_africa.txt,STATE_CONGO_ORIENTALE,ZND,409512,384941,-24571,2,PROVISIONAL_REGIONAL_LOW,https://clio-infra.eu/Indicators/TotalPopulation.html,04_subsaharan_africa.txt regional lower-bound factor 0.94; revise with local census
04_subsaharan_africa.txt,STATE_DAHOMEY,BRG,207088,194663,-12425,4,PROVISIONAL_REGIONAL_LOW,https://clio-infra.eu/Indicators/TotalPopulation.html,04_subsaharan_africa.txt regional lower-bound factor 0.94; revise with local census
04_subsaharan_africa.txt,STATE_DAHOMEY,DAH,402812,378643,-24169,5,PROVISIONAL_REGIONAL_LOW,https://clio-infra.eu/Indicators/TotalPopulation.html,04_subsaharan_africa.txt regional lower-bound factor 0.94; revise with local census
04_subsaharan_africa.txt,STATE_EASTERN_CAPE,DEI,122196,114864,-7332,6,PROVISIONAL_REGIONAL_LOW,https://clio-infra.eu/Indicators/TotalPopulation.html,04_subsaharan_africa.txt regional lower-bound factor 0.94; revise with local census
04_subsaharan_africa.txt,STATE_EASTERN_CAPE,XHO,152200,143068,-9132,1,PROVISIONAL_REGIONAL_LOW,https://clio-infra.eu/Indicators/TotalPopulation.html,04_subsaharan_africa.txt regional lower-bound factor 0.94; revise with local census
04_subsaharan_africa.txt,STATE_EAST_ANGOLA,CHK,208200,195708,-12492,5,PROVISIONAL_REGIONAL_LOW,https://clio-infra.eu/Indicators/TotalPopulation.html,04_subsaharan_africa.txt regional lower-bound factor 0.94; revise with local census
04_subsaharan_africa.txt,STATE_EAST_ANGOLA,KSN,164196,154344,-9852,4,PROVISIONAL_REGIONAL_LOW,https://clio-infra.eu/Indicators/TotalPopulation.html,04_subsaharan_africa.txt regional lower-bound factor 0.94; revise with local census
04_subsaharan_africa.txt,STATE_EAST_ANGOLA,LND,168396,158292,-10104,4,PROVISIONAL_REGIONAL_LOW,https://clio-infra.eu/Indicators/TotalPopulation.html,04_subsaharan_africa.txt regional lower-bound factor 0.94; revise with local census
04_subsaharan_africa.txt,STATE_EAST_ANGOLA,LZO,44000,41360,-2640,2,PROVISIONAL_REGIONAL_LOW,https://clio-infra.eu/Indicators/TotalPopulation.html,04_subsaharan_africa.txt regional lower-bound factor 0.94; revise with local census
04_subsaharan_africa.txt,STATE_EAST_HAUSALAND,SOK,2405378,2261055,-144323,7,PROVISIONAL_REGIONAL_LOW,https://clio-infra.eu/Indicators/TotalPopulation.html,04_subsaharan_africa.txt regional lower-bound factor 0.94; revise with local census
04_subsaharan_africa.txt,STATE_EQUATEUR,BNG,625200,587688,-37512,2,PROVISIONAL_REGIONAL_LOW,https://clio-infra.eu/Indicators/TotalPopulation.html,04_subsaharan_africa.txt regional lower-bound factor 0.94; revise with local census
04_subsaharan_africa.txt,STATE_EQUATEUR,BOB,252012,236891,-15121,2,PROVISIONAL_REGIONAL_LOW,https://clio-infra.eu/Indicators/TotalPopulation.html,04_subsaharan_africa.txt regional lower-bound factor 0.94; revise with local census
04_subsaharan_africa.txt,STATE_EQUATORIA,DFT,342840,322270,-20570,6,PROVISIONAL_REGIONAL_LOW,https://clio-infra.eu/Indicators/TotalPopulation.html,04_subsaharan_africa.txt regional lower-bound factor 0.94; revise with local census
04_subsaharan_africa.txt,STATE_EQUATORIA,DNK,340360,319938,-20422,12,PROVISIONAL_REGIONAL_LOW,https://clio-infra.eu/Indicators/TotalPopulation.html,04_subsaharan_africa.txt regional lower-bound factor 0.94; revise with local census
04_subsaharan_africa.txt,STATE_EQUATORIA,NUE,244004,229364,-14640,4,PROVISIONAL_REGIONAL_LOW,https://clio-infra.eu/Indicators/TotalPopulation.html,04_subsaharan_africa.txt regional lower-bound factor 0.94; revise with local census
04_subsaharan_africa.txt,STATE_EQUATORIA,TPS,80000,75200,-4800,2,PROVISIONAL_REGIONAL_LOW,https://clio-infra.eu/Indicators/TotalPopulation.html,04_subsaharan_africa.txt regional lower-bound factor 0.94; revise with local census
04_subsaharan_africa.txt,STATE_GABON,FNG,151800,142692,-9108,4,PROVISIONAL_REGIONAL_LOW,https://clio-infra.eu/Indicators/TotalPopulation.html,04_subsaharan_africa.txt regional lower-bound factor 0.94; revise with local census
04_subsaharan_africa.txt,STATE_GABON,LNG,164200,154348,-9852,7,PROVISIONAL_REGIONAL_LOW,https://clio-infra.eu/Indicators/TotalPopulation.html,04_subsaharan_africa.txt regional lower-bound factor 0.94; revise with local census
04_subsaharan_africa.txt,STATE_GOLD_COAST,ASH,584300,549242,-35058,4,PROVISIONAL_REGIONAL_LOW,https://clio-infra.eu/Indicators/TotalPopulation.html,04_subsaharan_africa.txt regional lower-bound factor 0.94; revise with local census
04_subsaharan_africa.txt,STATE_GOLD_COAST,DENNOR,42685,40124,-2561,3,PROVISIONAL_REGIONAL_LOW,https://clio-infra.eu/Indicators/TotalPopulation.html,04_subsaharan_africa.txt regional lower-bound factor 0.94; revise with local census
04_subsaharan_africa.txt,STATE_GOLD_COAST,NET,54744,51459,-3285,2,PROVISIONAL_REGIONAL_LOW,https://clio-infra.eu/Indicators/TotalPopulation.html,04_subsaharan_africa.txt regional lower-bound factor 0.94; revise with local census
04_subsaharan_africa.txt,STATE_GOLD_COAST,SIL,85476,80347,-5129,2,PROVISIONAL_REGIONAL_LOW,https://clio-infra.eu/Indicators/TotalPopulation.html,04_subsaharan_africa.txt regional lower-bound factor 0.94; revise with local census
04_subsaharan_africa.txt,STATE_GONDER,ETH,2943513,2766902,-176611,22,PROVISIONAL_REGIONAL_LOW,https://clio-infra.eu/Indicators/TotalPopulation.html,04_subsaharan_africa.txt regional lower-bound factor 0.94; revise with local census
04_subsaharan_africa.txt,STATE_GUINEA,FTJ,421360,396078,-25282,4,PROVISIONAL_REGIONAL_LOW,https://clio-infra.eu/Indicators/TotalPopulation.html,04_subsaharan_africa.txt regional lower-bound factor 0.94; revise with local census
04_subsaharan_africa.txt,STATE_GUINEA,KBU,60400,56776,-3624,2,PROVISIONAL_REGIONAL_LOW,https://clio-infra.eu/Indicators/TotalPopulation.html,04_subsaharan_africa.txt regional lower-bound factor 0.94; revise with local census
04_subsaharan_africa.txt,STATE_GUINEA,MDK,214836,201946,-12890,5,PROVISIONAL_REGIONAL_LOW,https://clio-infra.eu/Indicators/TotalPopulation.html,04_subsaharan_africa.txt regional lower-bound factor 0.94; revise with local census
04_subsaharan_africa.txt,STATE_GUINEA,POR,5105,4799,-306,4,PROVISIONAL_REGIONAL_LOW,https://clio-infra.eu/Indicators/TotalPopulation.html,04_subsaharan_africa.txt regional lower-bound factor 0.94; revise with local census
04_subsaharan_africa.txt,STATE_GUINEA,SSU,340000,319600,-20400,3,PROVISIONAL_REGIONAL_LOW,https://clio-infra.eu/Indicators/TotalPopulation.html,04_subsaharan_africa.txt regional lower-bound factor 0.94; revise with local census
04_subsaharan_africa.txt,STATE_HAUSALAND,BRG,40000,37600,-2400,1,PROVISIONAL_REGIONAL_LOW,https://clio-infra.eu/Indicators/TotalPopulation.html,04_subsaharan_africa.txt regional lower-bound factor 0.94; revise with local census
04_subsaharan_africa.txt,STATE_HAUSALAND,SOK,1465304,1377386,-87918,10,PROVISIONAL_REGIONAL_LOW,https://clio-infra.eu/Indicators/TotalPopulation.html,04_subsaharan_africa.txt regional lower-bound factor 0.94; revise with local census
04_subsaharan_africa.txt,STATE_HEREROLAND,HRO,129996,122196,-7800,5,PROVISIONAL_REGIONAL_LOW,https://clio-infra.eu/Indicators/TotalPopulation.html,04_subsaharan_africa.txt regional lower-bound factor 0.94; revise with local census
04_subsaharan_africa.txt,STATE_HEREROLAND,OVB,49440,46474,-2966,2,PROVISIONAL_REGIONAL_LOW,https://clio-infra.eu/Indicators/TotalPopulation.html,04_subsaharan_africa.txt regional lower-bound factor 0.94; revise with local census
04_subsaharan_africa.txt,STATE_HEREROLAND,SAN,14000,13160,-840,1,PROVISIONAL_REGIONAL_LOW,https://clio-infra.eu/Indicators/TotalPopulation.html,04_subsaharan_africa.txt regional lower-bound factor 0.94; revise with local census
04_subsaharan_africa.txt,STATE_IVORY_COAST,AYI,88000,82720,-5280,2,PROVISIONAL_REGIONAL_LOW,https://clio-infra.eu/Indicators/TotalPopulation.html,04_subsaharan_africa.txt regional lower-bound factor 0.94; revise with local census
04_subsaharan_africa.txt,STATE_IVORY_COAST,BLE,40000,37600,-2400,1,PROVISIONAL_REGIONAL_LOW,https://clio-infra.eu/Indicators/TotalPopulation.html,04_subsaharan_africa.txt regional lower-bound factor 0.94; revise with local census
04_subsaharan_africa.txt,STATE_IVORY_COAST,FRA,88000,82720,-5280,1,PROVISIONAL_REGIONAL_LOW,https://clio-infra.eu/Indicators/TotalPopulation.html,04_subsaharan_africa.txt regional lower-bound factor 0.94; revise with local census
04_subsaharan_africa.txt,STATE_IVORY_COAST,KNG,232012,218091,-13921,4,PROVISIONAL_REGIONAL_LOW,https://clio-infra.eu/Indicators/TotalPopulation.html,04_subsaharan_africa.txt regional lower-bound factor 0.94; revise with local census
04_subsaharan_africa.txt,STATE_KASAI,KBA,804000,755760,-48240,4,PROVISIONAL_REGIONAL_LOW,https://clio-infra.eu/Indicators/TotalPopulation.html,04_subsaharan_africa.txt regional lower-bound factor 0.94; revise with local census
04_subsaharan_africa.txt,STATE_KASAI,LBA,492000,462480,-29520,3,PROVISIONAL_REGIONAL_LOW,https://clio-infra.eu/Indicators/TotalPopulation.html,04_subsaharan_africa.txt regional lower-bound factor 0.94; revise with local census
04_subsaharan_africa.txt,STATE_KATANGA,KZM,336004,315844,-20160,3,PROVISIONAL_REGIONAL_LOW,https://clio-infra.eu/Indicators/TotalPopulation.html,04_subsaharan_africa.txt regional lower-bound factor 0.94; revise with local census
04_subsaharan_africa.txt,STATE_KATANGA,LBA,18404,17300,-1104,2,PROVISIONAL_REGIONAL_LOW,https://clio-infra.eu/Indicators/TotalPopulation.html,04_subsaharan_africa.txt regional lower-bound factor 0.94; revise with local census
04_subsaharan_africa.txt,STATE_KATANGA,LND,280400,263576,-16824,2,PROVISIONAL_REGIONAL_LOW,https://clio-infra.eu/Indicators/TotalPopulation.html,04_subsaharan_africa.txt regional lower-bound factor 0.94; revise with local census
04_subsaharan_africa.txt,STATE_KAZEMBE,BMB,155208,145896,-9312,6,PROVISIONAL_REGIONAL_LOW,https://clio-infra.eu/Indicators/TotalPopulation.html,04_subsaharan_africa.txt regional lower-bound factor 0.94; revise with local census
04_subsaharan_africa.txt,STATE_KAZEMBE,KZM,132000,124080,-7920,3,PROVISIONAL_REGIONAL_LOW,https://clio-infra.eu/Indicators/TotalPopulation.html,04_subsaharan_africa.txt regional lower-bound factor 0.94; revise with local census
04_subsaharan_africa.txt,STATE_KAZEMBE,MRV,116000,109040,-6960,4,PROVISIONAL_REGIONAL_LOW,https://clio-infra.eu/Indicators/TotalPopulation.html,04_subsaharan_africa.txt regional lower-bound factor 0.94; revise with local census
04_subsaharan_africa.txt,STATE_KENYA,AJR,42000,39480,-2520,1,PROVISIONAL_REGIONAL_LOW,https://clio-infra.eu/Indicators/TotalPopulation.html,04_subsaharan_africa.txt regional lower-bound factor 0.94; revise with local census
04_subsaharan_africa.txt,STATE_KENYA,AUL,37000,34780,-2220,1,PROVISIONAL_REGIONAL_LOW,https://clio-infra.eu/Indicators/TotalPopulation.html,04_subsaharan_africa.txt regional lower-bound factor 0.94; revise with local census
04_subsaharan_africa.txt,STATE_KENYA,KKY,308304,289806,-18498,4,PROVISIONAL_REGIONAL_LOW,https://clio-infra.eu/Indicators/TotalPopulation.html,04_subsaharan_africa.txt regional lower-bound factor 0.94; revise with local census
04_subsaharan_africa.txt,STATE_KENYA,MBS,30001,28201,-1800,3,PROVISIONAL_REGIONAL_LOW,https://clio-infra.eu/Indicators/TotalPopulation.html,04_subsaharan_africa.txt regional lower-bound factor 0.94; revise with local census
04_subsaharan_africa.txt,STATE_KENYA,MJK,90000,84600,-5400,1,PROVISIONAL_REGIONAL_LOW,https://clio-infra.eu/Indicators/TotalPopulation.html,04_subsaharan_africa.txt regional lower-bound factor 0.94; revise with local census
04_subsaharan_africa.txt,STATE_KENYA,OMA,60900,57246,-3654,4,PROVISIONAL_REGIONAL_LOW,https://clio-infra.eu/Indicators/TotalPopulation.html,04_subsaharan_africa.txt regional lower-bound factor 0.94; revise with local census
04_subsaharan_africa.txt,STATE_KENYA,ORM,21000,19740,-1260,1,PROVISIONAL_REGIONAL_LOW,https://clio-infra.eu/Indicators/TotalPopulation.html,04_subsaharan_africa.txt regional lower-bound factor 0.94; revise with local census
04_subsaharan_africa.txt,STATE_KENYA,SKY,36000,33840,-2160,2,PROVISIONAL_REGIONAL_LOW,https://clio-infra.eu/Indicators/TotalPopulation.html,04_subsaharan_africa.txt regional lower-bound factor 0.94; revise with local census
04_subsaharan_africa.txt,STATE_KENYA,WTU,18500,17390,-1110,3,PROVISIONAL_REGIONAL_LOW,https://clio-infra.eu/Indicators/TotalPopulation.html,04_subsaharan_africa.txt regional lower-bound factor 0.94; revise with local census
04_subsaharan_africa.txt,STATE_LIBERIA,KRU,582831,547861,-34970,8,PROVISIONAL_REGIONAL_LOW,https://clio-infra.eu/Indicators/TotalPopulation.html,04_subsaharan_africa.txt regional lower-bound factor 0.94; revise with local census
04_subsaharan_africa.txt,STATE_LIBERIA,MDK,244520,229849,-14671,3,PROVISIONAL_REGIONAL_LOW,https://clio-infra.eu/Indicators/TotalPopulation.html,04_subsaharan_africa.txt regional lower-bound factor 0.94; revise with local census
04_subsaharan_africa.txt,STATE_LINDI,GGO,92000,86480,-5520,2,PROVISIONAL_REGIONAL_LOW,https://clio-infra.eu/Indicators/TotalPopulation.html,04_subsaharan_africa.txt regional lower-bound factor 0.94; revise with local census
04_subsaharan_africa.txt,STATE_LINDI,HHE,363904,342070,-21834,9,PROVISIONAL_REGIONAL_LOW,https://clio-infra.eu/Indicators/TotalPopulation.html,04_subsaharan_africa.txt regional lower-bound factor 0.94; revise with local census
04_subsaharan_africa.txt,STATE_LINDI,SNG,112000,105280,-6720,2,PROVISIONAL_REGIONAL_LOW,https://clio-infra.eu/Indicators/TotalPopulation.html,04_subsaharan_africa.txt regional lower-bound factor 0.94; revise with local census
04_subsaharan_africa.txt,STATE_LOURENCO_MARQUES,POR,117761,110695,-7066,3,PROVISIONAL_REGIONAL_LOW,https://clio-infra.eu/Indicators/TotalPopulation.html,04_subsaharan_africa.txt regional lower-bound factor 0.94; revise with local census
04_subsaharan_africa.txt,STATE_LOURENCO_MARQUES,TSW,746043,701280,-44763,3,PROVISIONAL_REGIONAL_LOW,https://clio-infra.eu/Indicators/TotalPopulation.html,04_subsaharan_africa.txt regional lower-bound factor 0.94; revise with local census
04_subsaharan_africa.txt,STATE_MOCAMBIQUE,AGC,36836,34626,-2210,3,PROVISIONAL_REGIONAL_LOW,https://clio-infra.eu/Indicators/TotalPopulation.html,04_subsaharan_africa.txt regional lower-bound factor 0.94; revise with local census
04_subsaharan_africa.txt,STATE_MOCAMBIQUE,MRV,807300,758862,-48438,6,PROVISIONAL_REGIONAL_LOW,https://clio-infra.eu/Indicators/TotalPopulation.html,04_subsaharan_africa.txt regional lower-bound factor 0.94; revise with local census
04_subsaharan_africa.txt,STATE_MOCAMBIQUE,POR,339992,319592,-20400,4,PROVISIONAL_REGIONAL_LOW,https://clio-infra.eu/Indicators/TotalPopulation.html,04_subsaharan_africa.txt regional lower-bound factor 0.94; revise with local census
04_subsaharan_africa.txt,STATE_MOCAMBIQUE,TGI,24996,23496,-1500,3,PROVISIONAL_REGIONAL_LOW,https://clio-infra.eu/Indicators/TotalPopulation.html,04_subsaharan_africa.txt regional lower-bound factor 0.94; revise with local census
04_subsaharan_africa.txt,STATE_NAMAQUALAND,NAM,61000,57340,-3660,3,PROVISIONAL_REGIONAL_LOW,https://clio-infra.eu/Indicators/TotalPopulation.html,04_subsaharan_africa.txt regional lower-bound factor 0.94; revise with local census
04_subsaharan_africa.txt,STATE_NAMAQUALAND,SAN,3000,2820,-180,1,PROVISIONAL_REGIONAL_LOW,https://clio-infra.eu/Indicators/TotalPopulation.html,04_subsaharan_africa.txt regional lower-bound factor 0.94; revise with local census
04_subsaharan_africa.txt,STATE_NIGERIA,SOK,576308,541730,-34578,11,PROVISIONAL_REGIONAL_LOW,https://clio-infra.eu/Indicators/TotalPopulation.html,04_subsaharan_africa.txt regional lower-bound factor 0.94; revise with local census
04_subsaharan_africa.txt,STATE_NIGER_DELTA,IBO,2346000,2205240,-140760,6,PROVISIONAL_REGIONAL_LOW,https://clio-infra.eu/Indicators/TotalPopulation.html,04_subsaharan_africa.txt regional lower-bound factor 0.94; revise with local census
04_subsaharan_africa.txt,STATE_NORTHERN_CAPE,SAN,12000,11280,-720,1,PROVISIONAL_REGIONAL_LOW,https://clio-infra.eu/Indicators/TotalPopulation.html,04_subsaharan_africa.txt regional lower-bound factor 0.94; revise with local census
04_subsaharan_africa.txt,STATE_NORTHERN_CAPE,TSW,205004,192704,-12300,8,PROVISIONAL_REGIONAL_LOW,https://clio-infra.eu/Indicators/TotalPopulation.html,04_subsaharan_africa.txt regional lower-bound factor 0.94; revise with local census
04_subsaharan_africa.txt,STATE_NORTHERN_CAPE,WBL,64000,60160,-3840,4,PROVISIONAL_REGIONAL_LOW,https://clio-infra.eu/Indicators/TotalPopulation.html,04_subsaharan_africa.txt regional lower-bound factor 0.94; revise with local census
04_subsaharan_africa.txt,STATE_NORTH_ANGOLA,KON,469804,441616,-28188,4,PROVISIONAL_REGIONAL_LOW,https://clio-infra.eu/Indicators/TotalPopulation.html,04_subsaharan_africa.txt regional lower-bound factor 0.94; revise with local census
04_subsaharan_africa.txt,STATE_NORTH_ANGOLA,POR,3368,3166,-202,1,PROVISIONAL_REGIONAL_LOW,https://clio-infra.eu/Indicators/TotalPopulation.html,04_subsaharan_africa.txt regional lower-bound factor 0.94; revise with local census
04_subsaharan_africa.txt,STATE_NORTH_CAMEROON,BMM,122420,115075,-7345,3,PROVISIONAL_REGIONAL_LOW,https://clio-infra.eu/Indicators/TotalPopulation.html,04_subsaharan_africa.txt regional lower-bound factor 0.94; revise with local census
04_subsaharan_africa.txt,STATE_NORTH_CAMEROON,SOK,794172,746522,-47650,6,PROVISIONAL_REGIONAL_LOW,https://clio-infra.eu/Indicators/TotalPopulation.html,04_subsaharan_africa.txt regional lower-bound factor 0.94; revise with local census
04_subsaharan_africa.txt,STATE_NORTH_MADAGASCAR,MAD,1045104,982398,-62706,5,PROVISIONAL_REGIONAL_LOW,https://clio-infra.eu/Indicators/TotalPopulation.html,04_subsaharan_africa.txt regional lower-bound factor 0.94; revise with local census
04_subsaharan_africa.txt,STATE_OROMIA,ETH,1692191,1590660,-101531,10,PROVISIONAL_REGIONAL_LOW,https://clio-infra.eu/Indicators/TotalPopulation.html,04_subsaharan_africa.txt regional lower-bound factor 0.94; revise with local census
04_subsaharan_africa.txt,STATE_OUTER_HAUSALAND,BOR,111606,104910,-6696,3,PROVISIONAL_REGIONAL_LOW,https://clio-infra.eu/Indicators/TotalPopulation.html,04_subsaharan_africa.txt regional lower-bound factor 0.94; revise with local census
04_subsaharan_africa.txt,STATE_OUTER_HAUSALAND,HAU,400137,376129,-24008,9,PROVISIONAL_REGIONAL_LOW,https://clio-infra.eu/Indicators/TotalPopulation.html,04_subsaharan_africa.txt regional lower-bound factor 0.94; revise with local census
04_subsaharan_africa.txt,STATE_OUTER_HAUSALAND,SOK,187159,175929,-11230,9,PROVISIONAL_REGIONAL_LOW,https://clio-infra.eu/Indicators/TotalPopulation.html,04_subsaharan_africa.txt regional lower-bound factor 0.94; revise with local census
04_subsaharan_africa.txt,STATE_RIFT_VALLEY,LUO,108404,101900,-6504,2,PROVISIONAL_REGIONAL_LOW,https://clio-infra.eu/Indicators/TotalPopulation.html,04_subsaharan_africa.txt regional lower-bound factor 0.94; revise with local census
04_subsaharan_africa.txt,STATE_RIFT_VALLEY,MSI,42000,39480,-2520,1,PROVISIONAL_REGIONAL_LOW,https://clio-infra.eu/Indicators/TotalPopulation.html,04_subsaharan_africa.txt regional lower-bound factor 0.94; revise with local census
04_subsaharan_africa.txt,STATE_RIFT_VALLEY,TRK,201196,189124,-12072,4,PROVISIONAL_REGIONAL_LOW,https://clio-infra.eu/Indicators/TotalPopulation.html,04_subsaharan_africa.txt regional lower-bound factor 0.94; revise with local census
04_subsaharan_africa.txt,STATE_SENEGAL,BND,204400,192136,-12264,4,PROVISIONAL_REGIONAL_LOW,https://clio-infra.eu/Indicators/TotalPopulation.html,04_subsaharan_africa.txt regional lower-bound factor 0.94; revise with local census
04_subsaharan_africa.txt,STATE_SENEGAL,CAY,90000,84600,-5400,2,PROVISIONAL_REGIONAL_LOW,https://clio-infra.eu/Indicators/TotalPopulation.html,04_subsaharan_africa.txt regional lower-bound factor 0.94; revise with local census
04_subsaharan_africa.txt,STATE_SENEGAL,DIO,51554,48461,-3093,3,PROVISIONAL_REGIONAL_LOW,https://clio-infra.eu/Indicators/TotalPopulation.html,04_subsaharan_africa.txt regional lower-bound factor 0.94; revise with local census
04_subsaharan_africa.txt,STATE_SENEGAL,FRA,140392,131968,-8424,3,PROVISIONAL_REGIONAL_LOW,https://clio-infra.eu/Indicators/TotalPopulation.html,04_subsaharan_africa.txt regional lower-bound factor 0.94; revise with local census
04_subsaharan_africa.txt,STATE_SENEGAL,FTR,100400,94376,-6024,4,PROVISIONAL_REGIONAL_LOW,https://clio-infra.eu/Indicators/TotalPopulation.html,04_subsaharan_africa.txt regional lower-bound factor 0.94; revise with local census
04_subsaharan_africa.txt,STATE_SENEGAL,JLF,113600,106784,-6816,2,PROVISIONAL_REGIONAL_LOW,https://clio-infra.eu/Indicators/TotalPopulation.html,04_subsaharan_africa.txt regional lower-bound factor 0.94; revise with local census
04_subsaharan_africa.txt,STATE_SENEGAL,KBU,25462,23934,-1528,2,PROVISIONAL_REGIONAL_LOW,https://clio-infra.eu/Indicators/TotalPopulation.html,04_subsaharan_africa.txt regional lower-bound factor 0.94; revise with local census
04_subsaharan_africa.txt,STATE_SENEGAL,POR,681914,640999,-40915,5,PROVISIONAL_REGIONAL_LOW,https://clio-infra.eu/Indicators/TotalPopulation.html,04_subsaharan_africa.txt regional lower-bound factor 0.94; revise with local census
04_subsaharan_africa.txt,STATE_SENEGAL,SIL,152400,143256,-9144,3,PROVISIONAL_REGIONAL_LOW,https://clio-infra.eu/Indicators/TotalPopulation.html,04_subsaharan_africa.txt regional lower-bound factor 0.94; revise with local census
04_subsaharan_africa.txt,STATE_SENEGAL,SRR,92400,86856,-5544,3,PROVISIONAL_REGIONAL_LOW,https://clio-infra.eu/Indicators/TotalPopulation.html,04_subsaharan_africa.txt regional lower-bound factor 0.94; revise with local census
04_subsaharan_africa.txt,STATE_SIERRA_LEONE,MDK,59353,55792,-3561,3,PROVISIONAL_REGIONAL_LOW,https://clio-infra.eu/Indicators/TotalPopulation.html,04_subsaharan_africa.txt regional lower-bound factor 0.94; revise with local census
04_subsaharan_africa.txt,STATE_SIERRA_LEONE,SIL,40419,37994,-2425,5,PROVISIONAL_REGIONAL_LOW,https://clio-infra.eu/Indicators/TotalPopulation.html,04_subsaharan_africa.txt regional lower-bound factor 0.94; revise with local census
04_subsaharan_africa.txt,STATE_SIERRA_LEONE,TMN,56624,53227,-3397,3,PROVISIONAL_REGIONAL_LOW,https://clio-infra.eu/Indicators/TotalPopulation.html,04_subsaharan_africa.txt regional lower-bound factor 0.94; revise with local census
04_subsaharan_africa.txt,STATE_SOMALILAND,GLD,222280,208943,-13337,6,PROVISIONAL_REGIONAL_LOW,https://clio-infra.eu/Indicators/TotalPopulation.html,04_subsaharan_africa.txt regional lower-bound factor 0.94; revise with local census
04_subsaharan_africa.txt,STATE_SOMALILAND,ISQ,128000,120320,-7680,4,PROVISIONAL_REGIONAL_LOW,https://clio-infra.eu/Indicators/TotalPopulation.html,04_subsaharan_africa.txt regional lower-bound factor 0.94; revise with local census
04_subsaharan_africa.txt,STATE_SOMALILAND,MJT,363440,341634,-21806,6,PROVISIONAL_REGIONAL_LOW,https://clio-infra.eu/Indicators/TotalPopulation.html,04_subsaharan_africa.txt regional lower-bound factor 0.94; revise with local census
04_subsaharan_africa.txt,STATE_SOMALILAND,WSG,90676,85235,-5441,2,PROVISIONAL_REGIONAL_LOW,https://clio-infra.eu/Indicators/TotalPopulation.html,04_subsaharan_africa.txt regional lower-bound factor 0.94; revise with local census
04_subsaharan_africa.txt,STATE_SOUTH_ANGOLA,HRO,116000,109040,-6960,1,PROVISIONAL_REGIONAL_LOW,https://clio-infra.eu/Indicators/TotalPopulation.html,04_subsaharan_africa.txt regional lower-bound factor 0.94; revise with local census
04_subsaharan_africa.txt,STATE_SOUTH_ANGOLA,OVB,28100,26414,-1686,1,PROVISIONAL_REGIONAL_LOW,https://clio-infra.eu/Indicators/TotalPopulation.html,04_subsaharan_africa.txt regional lower-bound factor 0.94; revise with local census
04_subsaharan_africa.txt,STATE_SOUTH_ANGOLA,OVM,215996,203036,-12960,2,PROVISIONAL_REGIONAL_LOW,https://clio-infra.eu/Indicators/TotalPopulation.html,04_subsaharan_africa.txt regional lower-bound factor 0.94; revise with local census
04_subsaharan_africa.txt,STATE_SOUTH_ANGOLA,POR,232004,218084,-13920,2,PROVISIONAL_REGIONAL_LOW,https://clio-infra.eu/Indicators/TotalPopulation.html,04_subsaharan_africa.txt regional lower-bound factor 0.94; revise with local census
04_subsaharan_africa.txt,STATE_SOUTH_CAMEROON,DLA,680000,639200,-40800,2,PROVISIONAL_REGIONAL_LOW,https://clio-infra.eu/Indicators/TotalPopulation.html,04_subsaharan_africa.txt regional lower-bound factor 0.94; revise with local census
04_subsaharan_africa.txt,STATE_SOUTH_CAMEROON,FNG,578992,544252,-34740,4,PROVISIONAL_REGIONAL_LOW,https://clio-infra.eu/Indicators/TotalPopulation.html,04_subsaharan_africa.txt regional lower-bound factor 0.94; revise with local census
04_subsaharan_africa.txt,STATE_SOUTH_CAMEROON,POR,15652,14713,-939,4,PROVISIONAL_REGIONAL_LOW,https://clio-infra.eu/Indicators/TotalPopulation.html,04_subsaharan_africa.txt regional lower-bound factor 0.94; revise with local census
04_subsaharan_africa.txt,STATE_SOUTH_CAMEROON,SIL,6598,6202,-396,5,PROVISIONAL_REGIONAL_LOW,https://clio-infra.eu/Indicators/TotalPopulation.html,04_subsaharan_africa.txt regional lower-bound factor 0.94; revise with local census
04_subsaharan_africa.txt,STATE_SOUTH_MADAGASCAR,MAD,897800,843932,-53868,4,PROVISIONAL_REGIONAL_LOW,https://clio-infra.eu/Indicators/TotalPopulation.html,04_subsaharan_africa.txt regional lower-bound factor 0.94; revise with local census
04_subsaharan_africa.txt,STATE_TANGANYIKA,BRD,468004,439924,-28080,2,PROVISIONAL_REGIONAL_LOW,https://clio-infra.eu/Indicators/TotalPopulation.html,04_subsaharan_africa.txt regional lower-bound factor 0.94; revise with local census
04_subsaharan_africa.txt,STATE_TANGANYIKA,KRG,123600,116184,-7416,2,PROVISIONAL_REGIONAL_LOW,https://clio-infra.eu/Indicators/TotalPopulation.html,04_subsaharan_africa.txt regional lower-bound factor 0.94; revise with local census
04_subsaharan_africa.txt,STATE_TANGANYIKA,MSI,31900,29986,-1914,1,PROVISIONAL_REGIONAL_LOW,https://clio-infra.eu/Indicators/TotalPopulation.html,04_subsaharan_africa.txt regional lower-bound factor 0.94; revise with local census
04_subsaharan_africa.txt,STATE_TANGANYIKA,NYM,585900,550746,-35154,5,PROVISIONAL_REGIONAL_LOW,https://clio-infra.eu/Indicators/TotalPopulation.html,04_subsaharan_africa.txt regional lower-bound factor 0.94; revise with local census
04_subsaharan_africa.txt,STATE_TANGANYIKA,RWD,511996,481276,-30720,2,PROVISIONAL_REGIONAL_LOW,https://clio-infra.eu/Indicators/TotalPopulation.html,04_subsaharan_africa.txt regional lower-bound factor 0.94; revise with local census
04_subsaharan_africa.txt,STATE_TANGANYIKA,SKM,237996,223716,-14280,2,PROVISIONAL_REGIONAL_LOW,https://clio-infra.eu/Indicators/TotalPopulation.html,04_subsaharan_africa.txt regional lower-bound factor 0.94; revise with local census
04_subsaharan_africa.txt,STATE_TOGO,ASH,604008,567768,-36240,5,PROVISIONAL_REGIONAL_LOW,https://clio-infra.eu/Indicators/TotalPopulation.html,04_subsaharan_africa.txt regional lower-bound factor 0.94; revise with local census
04_subsaharan_africa.txt,STATE_TOGO,EWE,383996,360956,-23040,2,PROVISIONAL_REGIONAL_LOW,https://clio-infra.eu/Indicators/TotalPopulation.html,04_subsaharan_africa.txt regional lower-bound factor 0.94; revise with local census
04_subsaharan_africa.txt,STATE_TRANSVAAL,MTB,307800,289332,-18468,4,PROVISIONAL_REGIONAL_LOW,https://clio-infra.eu/Indicators/TotalPopulation.html,04_subsaharan_africa.txt regional lower-bound factor 0.94; revise with local census
04_subsaharan_africa.txt,STATE_TRANSVAAL,PDI,320000,300800,-19200,1,PROVISIONAL_REGIONAL_LOW,https://clio-infra.eu/Indicators/TotalPopulation.html,04_subsaharan_africa.txt regional lower-bound factor 0.94; revise with local census
04_subsaharan_africa.txt,STATE_TRANSVAAL,SWZ,64396,60532,-3864,1,PROVISIONAL_REGIONAL_LOW,https://clio-infra.eu/Indicators/TotalPopulation.html,04_subsaharan_africa.txt regional lower-bound factor 0.94; revise with local census
04_subsaharan_africa.txt,STATE_TRANSVAAL,TRN,60192,56580,-3612,4,PROVISIONAL_REGIONAL_LOW,https://clio-infra.eu/Indicators/TotalPopulation.html,04_subsaharan_africa.txt regional lower-bound factor 0.94; revise with local census
04_subsaharan_africa.txt,STATE_TRANSVAAL,VND,89000,83660,-5340,2,PROVISIONAL_REGIONAL_LOW,https://clio-infra.eu/Indicators/TotalPopulation.html,04_subsaharan_africa.txt regional lower-bound factor 0.94; revise with local census
04_subsaharan_africa.txt,STATE_UBANGI_SHARI,DAK,303400,285196,-18204,4,PROVISIONAL_REGIONAL_LOW,https://clio-infra.eu/Indicators/TotalPopulation.html,04_subsaharan_africa.txt regional lower-bound factor 0.94; revise with local census
04_subsaharan_africa.txt,STATE_UBANGI_SHARI,ZND,52000,48880,-3120,3,PROVISIONAL_REGIONAL_LOW,https://clio-infra.eu/Indicators/TotalPopulation.html,04_subsaharan_africa.txt regional lower-bound factor 0.94; revise with local census
04_subsaharan_africa.txt,STATE_UGANDA,ACH,208800,196272,-12528,2,PROVISIONAL_REGIONAL_LOW,https://clio-infra.eu/Indicators/TotalPopulation.html,04_subsaharan_africa.txt regional lower-bound factor 0.94; revise with local census
04_subsaharan_africa.txt,STATE_UGANDA,ANK,242000,227480,-14520,3,PROVISIONAL_REGIONAL_LOW,https://clio-infra.eu/Indicators/TotalPopulation.html,04_subsaharan_africa.txt regional lower-bound factor 0.94; revise with local census
04_subsaharan_africa.txt,STATE_UGANDA,BNY,246000,231240,-14760,4,PROVISIONAL_REGIONAL_LOW,https://clio-infra.eu/Indicators/TotalPopulation.html,04_subsaharan_africa.txt regional lower-bound factor 0.94; revise with local census
04_subsaharan_africa.txt,STATE_UGANDA,BUG,767188,721157,-46031,3,PROVISIONAL_REGIONAL_LOW,https://clio-infra.eu/Indicators/TotalPopulation.html,04_subsaharan_africa.txt regional lower-bound factor 0.94; revise with local census
04_subsaharan_africa.txt,STATE_VOLTA,KNG,111996,105276,-6720,4,PROVISIONAL_REGIONAL_LOW,https://clio-infra.eu/Indicators/TotalPopulation.html,04_subsaharan_africa.txt regional lower-bound factor 0.94; revise with local census
04_subsaharan_africa.txt,STATE_VOLTA,MOS,1427196,1341564,-85632,6,PROVISIONAL_REGIONAL_LOW,https://clio-infra.eu/Indicators/TotalPopulation.html,04_subsaharan_africa.txt regional lower-bound factor 0.94; revise with local census
04_subsaharan_africa.txt,STATE_VRYSTAAT,BST,27100,25474,-1626,1,PROVISIONAL_REGIONAL_LOW,https://clio-infra.eu/Indicators/TotalPopulation.html,04_subsaharan_africa.txt regional lower-bound factor 0.94; revise with local census
04_subsaharan_africa.txt,STATE_VRYSTAAT,ORA,43220,40627,-2593,4,PROVISIONAL_REGIONAL_LOW,https://clio-infra.eu/Indicators/TotalPopulation.html,04_subsaharan_africa.txt regional lower-bound factor 0.94; revise with local census
04_subsaharan_africa.txt,STATE_VRYSTAAT,PHL,31280,29403,-1877,4,PROVISIONAL_REGIONAL_LOW,https://clio-infra.eu/Indicators/TotalPopulation.html,04_subsaharan_africa.txt regional lower-bound factor 0.94; revise with local census
04_subsaharan_africa.txt,STATE_WADDAI,BGI,139992,131592,-8400,4,PROVISIONAL_REGIONAL_LOW,https://clio-infra.eu/Indicators/TotalPopulation.html,04_subsaharan_africa.txt regional lower-bound factor 0.94; revise with local census
04_subsaharan_africa.txt,STATE_WADDAI,BOR,29000,27260,-1740,3,PROVISIONAL_REGIONAL_LOW,https://clio-infra.eu/Indicators/TotalPopulation.html,04_subsaharan_africa.txt regional lower-bound factor 0.94; revise with local census
04_subsaharan_africa.txt,STATE_WADDAI,WAD,186000,174840,-11160,4,PROVISIONAL_REGIONAL_LOW,https://clio-infra.eu/Indicators/TotalPopulation.html,04_subsaharan_africa.txt regional lower-bound factor 0.94; revise with local census
04_subsaharan_africa.txt,STATE_WINDWARD_COAST,BLE,122196,114864,-7332,3,PROVISIONAL_REGIONAL_LOW,https://clio-infra.eu/Indicators/TotalPopulation.html,04_subsaharan_africa.txt regional lower-bound factor 0.94; revise with local census
04_subsaharan_africa.txt,STATE_WINDWARD_COAST,KBD,109800,103212,-6588,4,PROVISIONAL_REGIONAL_LOW,https://clio-infra.eu/Indicators/TotalPopulation.html,04_subsaharan_africa.txt regional lower-bound factor 0.94; revise with local census
04_subsaharan_africa.txt,STATE_WINDWARD_COAST,KRU,232004,218084,-13920,2,PROVISIONAL_REGIONAL_LOW,https://clio-infra.eu/Indicators/TotalPopulation.html,04_subsaharan_africa.txt regional lower-bound factor 0.94; revise with local census
04_subsaharan_africa.txt,STATE_YORUBA_STATES,OYO,1576004,1481444,-94560,2,PROVISIONAL_REGIONAL_LOW,https://clio-infra.eu/Indicators/TotalPopulation.html,04_subsaharan_africa.txt regional lower-bound factor 0.94; revise with local census
04_subsaharan_africa.txt,STATE_ZAMBEZI,MNC,92000,86480,-5520,3,PROVISIONAL_REGIONAL_LOW,https://clio-infra.eu/Indicators/TotalPopulation.html,04_subsaharan_africa.txt regional lower-bound factor 0.94; revise with local census
04_subsaharan_africa.txt,STATE_ZAMBEZI,MSH,200000,188000,-12000,3,PROVISIONAL_REGIONAL_LOW,https://clio-infra.eu/Indicators/TotalPopulation.html,04_subsaharan_africa.txt regional lower-bound factor 0.94; revise with local census
04_subsaharan_africa.txt,STATE_ZAMBEZI,MTP,132000,124080,-7920,4,PROVISIONAL_REGIONAL_LOW,https://clio-infra.eu/Indicators/TotalPopulation.html,04_subsaharan_africa.txt regional lower-bound factor 0.94; revise with local census
04_subsaharan_africa.txt,STATE_ZAMBEZIA,MNC,238000,223720,-14280,5,PROVISIONAL_REGIONAL_LOW,https://clio-infra.eu/Indicators/TotalPopulation.html,04_subsaharan_africa.txt regional lower-bound factor 0.94; revise with local census
04_subsaharan_africa.txt,STATE_ZAMBEZIA,MSK,207396,194952,-12444,5,PROVISIONAL_REGIONAL_LOW,https://clio-infra.eu/Indicators/TotalPopulation.html,04_subsaharan_africa.txt regional lower-bound factor 0.94; revise with local census
04_subsaharan_africa.txt,STATE_ZAMBEZIA,MTP,63000,59220,-3780,1,PROVISIONAL_REGIONAL_LOW,https://clio-infra.eu/Indicators/TotalPopulation.html,04_subsaharan_africa.txt regional lower-bound factor 0.94; revise with local census
04_subsaharan_africa.txt,STATE_ZAMBEZIA,POR,388400,365096,-23304,5,PROVISIONAL_REGIONAL_LOW,https://clio-infra.eu/Indicators/TotalPopulation.html,04_subsaharan_africa.txt regional lower-bound factor 0.94; revise with local census
04_subsaharan_africa.txt,STATE_ZAMBEZIA,TSW,388400,365096,-23304,5,PROVISIONAL_REGIONAL_LOW,https://clio-infra.eu/Indicators/TotalPopulation.html,04_subsaharan_africa.txt regional lower-bound factor 0.94; revise with local census
04_subsaharan_africa.txt,STATE_ZAMBIA,BMB,56136,52768,-3368,3,PROVISIONAL_REGIONAL_LOW,https://clio-infra.eu/Indicators/TotalPopulation.html,04_subsaharan_africa.txt regional lower-bound factor 0.94; revise with local census
04_subsaharan_africa.txt,STATE_ZAMBIA,LZO,72356,68015,-4341,5,PROVISIONAL_REGIONAL_LOW,https://clio-infra.eu/Indicators/TotalPopulation.html,04_subsaharan_africa.txt regional lower-bound factor 0.94; revise with local census
04_subsaharan_africa.txt,STATE_ZANZIBAR,OMA,1176200,1105628,-70572,11,PROVISIONAL_REGIONAL_LOW,https://clio-infra.eu/Indicators/TotalPopulation.html,04_subsaharan_africa.txt regional lower-bound factor 0.94; revise with local census
04_subsaharan_africa.txt,STATE_ZULULAND,BST,107996,101516,-6480,2,PROVISIONAL_REGIONAL_LOW,https://clio-infra.eu/Indicators/TotalPopulation.html,04_subsaharan_africa.txt regional lower-bound factor 0.94; revise with local census
04_subsaharan_africa.txt,STATE_ZULULAND,TSW,301900,283786,-18114,4,PROVISIONAL_REGIONAL_LOW,https://clio-infra.eu/Indicators/TotalPopulation.html,04_subsaharan_africa.txt regional lower-bound factor 0.94; revise with local census
05_north_america.txt,STATE_ALABAMA,COM,23664,17038,-6626,2,PROVISIONAL_REGIONAL_LOW,https://clio-infra.eu/Indicators/TotalPopulation.html,05_north_america.txt regional lower-bound factor 0.72; revise with local census
05_north_america.txt,STATE_ALASKA,ALK,14028,10100,-3928,4,PROVISIONAL_REGIONAL_LOW,https://clio-infra.eu/Indicators/TotalPopulation.html,05_north_america.txt regional lower-bound factor 0.72; revise with local census
05_north_america.txt,STATE_ALASKA,ATB,44000,31680,-12320,2,PROVISIONAL_REGIONAL_LOW,https://clio-infra.eu/Indicators/TotalPopulation.html,05_north_america.txt regional lower-bound factor 0.72; revise with local census
05_north_america.txt,STATE_ALBERTA,BLF,20400,14688,-5712,2,PROVISIONAL_REGIONAL_LOW,https://clio-infra.eu/Indicators/TotalPopulation.html,05_north_america.txt regional lower-bound factor 0.72; revise with local census
05_north_america.txt,STATE_ALBERTA,IRC,43204,31107,-12097,4,PROVISIONAL_REGIONAL_LOW,https://clio-infra.eu/Indicators/TotalPopulation.html,05_north_america.txt regional lower-bound factor 0.72; revise with local census
05_north_america.txt,STATE_ARIZONA,APC,13000,9360,-3640,2,PROVISIONAL_REGIONAL_LOW,https://clio-infra.eu/Indicators/TotalPopulation.html,05_north_america.txt regional lower-bound factor 0.72; revise with local census
05_north_america.txt,STATE_ARIZONA,NVJ,36004,25923,-10081,5,PROVISIONAL_REGIONAL_LOW,https://clio-infra.eu/Indicators/TotalPopulation.html,05_north_america.txt regional lower-bound factor 0.72; revise with local census
05_north_america.txt,STATE_ARKANSAS,COM,30136,21698,-8438,1,PROVISIONAL_REGIONAL_LOW,https://clio-infra.eu/Indicators/TotalPopulation.html,05_north_america.txt regional lower-bound factor 0.72; revise with local census
05_north_america.txt,STATE_BAJA_CALIFORNIA,SC1,22864,14868,-7996,3,FILE_COUNTRY_TARGET,https://clio-infra.eu/Indicators/TotalPopulation.html,Mexico-area low anchor
05_north_america.txt,STATE_BAJIO,SC1,950333,617885,-332448,4,FILE_COUNTRY_TARGET,https://clio-infra.eu/Indicators/TotalPopulation.html,Mexico-area low anchor
05_north_america.txt,STATE_BERMUDA,GBR,27200,19584,-7616,2,PROVISIONAL_REGIONAL_LOW,https://clio-infra.eu/Indicators/TotalPopulation.html,05_north_america.txt regional lower-bound factor 0.72; revise with local census
05_north_america.txt,STATE_BRITISH_COLUMBIA,ATB,82596,59469,-23127,4,PROVISIONAL_REGIONAL_LOW,https://clio-infra.eu/Indicators/TotalPopulation.html,05_north_america.txt regional lower-bound factor 0.72; revise with local census
05_north_america.txt,STATE_CALIFORNIA,APC,63996,46077,-17919,2,PROVISIONAL_REGIONAL_LOW,https://clio-infra.eu/Indicators/TotalPopulation.html,05_north_america.txt regional lower-bound factor 0.72; revise with local census
05_north_america.txt,STATE_CHIAPAS,SC1,146677,95371,-51306,5,FILE_COUNTRY_TARGET,https://clio-infra.eu/Indicators/TotalPopulation.html,Mexico-area low anchor
05_north_america.txt,STATE_CHIHUAHUA,SC1,163895,106563,-57332,3,FILE_COUNTRY_TARGET,https://clio-infra.eu/Indicators/TotalPopulation.html,Mexico-area low anchor
05_north_america.txt,STATE_COLORADO,ARP,10000,7200,-2800,1,PROVISIONAL_REGIONAL_LOW,https://clio-infra.eu/Indicators/TotalPopulation.html,05_north_america.txt regional lower-bound factor 0.72; revise with local census
05_north_america.txt,STATE_COLORADO,UTE,8000,5760,-2240,2,PROVISIONAL_REGIONAL_LOW,https://clio-infra.eu/Indicators/TotalPopulation.html,05_north_america.txt regional lower-bound factor 0.72; revise with local census
05_north_america.txt,STATE_CONNECTICUT,USA,199228,197573,-1655,1,US_STATE_CENSUS,https://www2.census.gov/prod2/statcomp/documents/CT1970p2-13.pdf,1770/1780 colonial interpolation; DC/WV apportioned conservatively
05_north_america.txt,STATE_DELAWARE,USA,96524,41429,-55095,3,US_STATE_CENSUS,https://www2.census.gov/prod2/statcomp/documents/CT1970p2-13.pdf,1770/1780 colonial interpolation; DC/WV apportioned conservatively
05_north_america.txt,STATE_DISTRICT_OF_COLUMBIA,USA,121625,5000,-116625,3,US_STATE_CENSUS,https://www2.census.gov/prod2/statcomp/documents/CT1970p2-13.pdf,1770/1780 colonial interpolation; DC/WV apportioned conservatively
05_north_america.txt,STATE_DURANGO,SC1,156999,102080,-54919,3,FILE_COUNTRY_TARGET,https://clio-infra.eu/Indicators/TotalPopulation.html,Mexico-area low anchor
05_north_america.txt,STATE_FLORIDA,GBR,42996,30957,-12039,4,PROVISIONAL_REGIONAL_LOW,https://clio-infra.eu/Indicators/TotalPopulation.html,05_north_america.txt regional lower-bound factor 0.72; revise with local census
05_north_america.txt,STATE_FLORIDA,SML,10000,7200,-2800,1,PROVISIONAL_REGIONAL_LOW,https://clio-infra.eu/Indicators/TotalPopulation.html,05_north_america.txt regional lower-bound factor 0.72; revise with local census
05_north_america.txt,STATE_GEORGIA,USA,598574,42993,-555581,5,US_STATE_CENSUS,https://www2.census.gov/prod2/statcomp/documents/CT1970p2-13.pdf,1770/1780 colonial interpolation; DC/WV apportioned conservatively
05_north_america.txt,STATE_GUERRERO,SC1,231320,150403,-80917,5,FILE_COUNTRY_TARGET,https://clio-infra.eu/Indicators/TotalPopulation.html,Mexico-area low anchor
05_north_america.txt,STATE_HAWAIIAN_ISLANDS,HAW,192104,138315,-53789,7,PROVISIONAL_REGIONAL_LOW,https://clio-infra.eu/Indicators/TotalPopulation.html,05_north_america.txt regional lower-bound factor 0.72; revise with local census
05_north_america.txt,STATE_IDAHO,BNN,20000,14400,-5600,1,PROVISIONAL_REGIONAL_LOW,https://clio-infra.eu/Indicators/TotalPopulation.html,05_north_america.txt regional lower-bound factor 0.72; revise with local census
05_north_america.txt,STATE_IDAHO,NZP,60000,43200,-16800,2,PROVISIONAL_REGIONAL_LOW,https://clio-infra.eu/Indicators/TotalPopulation.html,05_north_america.txt regional lower-bound factor 0.72; revise with local census
05_north_america.txt,STATE_ILLINOIS,MICC,16000,11520,-4480,2,PROVISIONAL_REGIONAL_LOW,https://clio-infra.eu/Indicators/TotalPopulation.html,05_north_america.txt regional lower-bound factor 0.72; revise with local census
05_north_america.txt,STATE_INDIANA,MICC,16000,11520,-4480,2,PROVISIONAL_REGIONAL_LOW,https://clio-infra.eu/Indicators/TotalPopulation.html,05_north_america.txt regional lower-bound factor 0.72; revise with local census
05_north_america.txt,STATE_IOWA,LKT,20000,14400,-5600,2,PROVISIONAL_REGIONAL_LOW,https://clio-infra.eu/Indicators/TotalPopulation.html,05_north_america.txt regional lower-bound factor 0.72; revise with local census
05_north_america.txt,STATE_JALISCO,SC1,1190161,773814,-416347,3,FILE_COUNTRY_TARGET,https://clio-infra.eu/Indicators/TotalPopulation.html,Mexico-area low anchor
05_north_america.txt,STATE_KANSAS,COM,4000,2880,-1120,1,PROVISIONAL_REGIONAL_LOW,https://clio-infra.eu/Indicators/TotalPopulation.html,05_north_america.txt regional lower-bound factor 0.72; revise with local census
05_north_america.txt,STATE_KANSAS,PWN,20000,14400,-5600,2,PROVISIONAL_REGIONAL_LOW,https://clio-infra.eu/Indicators/TotalPopulation.html,05_north_america.txt regional lower-bound factor 0.72; revise with local census
05_north_america.txt,STATE_KENTUCKY,COM,316392,227802,-88590,1,PROVISIONAL_REGIONAL_LOW,https://clio-infra.eu/Indicators/TotalPopulation.html,05_north_america.txt regional lower-bound factor 0.72; revise with local census
05_north_america.txt,STATE_LOUISIANA,LOU,294684,212172,-82512,6,PROVISIONAL_REGIONAL_LOW,https://clio-infra.eu/Indicators/TotalPopulation.html,05_north_america.txt regional lower-bound factor 0.72; revise with local census
05_north_america.txt,STATE_MAINE,USA,397228,41983,-355245,2,US_STATE_CENSUS,https://www2.census.gov/prod2/statcomp/documents/CT1970p2-13.pdf,1770/1780 colonial interpolation; DC/WV apportioned conservatively
05_north_america.txt,STATE_MANITOBA,HBC,66848,32511,-34337,5,FILE_COUNTRY_TARGET,https://clio-infra.eu/Indicators/TotalPopulation.html,conservative fur-trade territory estimate
05_north_america.txt,STATE_MANITOBA,IRC,12000,8640,-3360,1,PROVISIONAL_REGIONAL_LOW,https://clio-infra.eu/Indicators/TotalPopulation.html,05_north_america.txt regional lower-bound factor 0.72; revise with local census
05_north_america.txt,STATE_MARYLAND,USA,359005,223324,-135681,3,US_STATE_CENSUS,https://www2.census.gov/prod2/statcomp/documents/CT1970p2-13.pdf,1770/1780 colonial interpolation; DC/WV apportioned conservatively
05_north_america.txt,STATE_MASSACHUSETTS,USA,847280,255299,-591981,4,US_STATE_CENSUS,https://www2.census.gov/prod2/statcomp/documents/CT1970p2-13.pdf,1770/1780 colonial interpolation; DC/WV apportioned conservatively
05_north_america.txt,STATE_MEXICO,SC1,1811090,1177526,-633564,5,FILE_COUNTRY_TARGET,https://clio-infra.eu/Indicators/TotalPopulation.html,Mexico-area low anchor
05_north_america.txt,STATE_MICHIGAN,MICC,16000,11520,-4480,2,PROVISIONAL_REGIONAL_LOW,https://clio-infra.eu/Indicators/TotalPopulation.html,05_north_america.txt regional lower-bound factor 0.72; revise with local census
05_north_america.txt,STATE_MINNESOTA,LKT,38000,27360,-10640,2,PROVISIONAL_REGIONAL_LOW,https://clio-infra.eu/Indicators/TotalPopulation.html,05_north_america.txt regional lower-bound factor 0.72; revise with local census
05_north_america.txt,STATE_MISSISSIPPI,COM,7200,5184,-2016,1,PROVISIONAL_REGIONAL_LOW,https://clio-infra.eu/Indicators/TotalPopulation.html,05_north_america.txt regional lower-bound factor 0.72; revise with local census
05_north_america.txt,STATE_MISSOURI,COM,30136,21698,-8438,1,PROVISIONAL_REGIONAL_LOW,https://clio-infra.eu/Indicators/TotalPopulation.html,05_north_america.txt regional lower-bound factor 0.72; revise with local census
05_north_america.txt,STATE_MONTANA,ABS,28000,20160,-7840,1,PROVISIONAL_REGIONAL_LOW,https://clio-infra.eu/Indicators/TotalPopulation.html,05_north_america.txt regional lower-bound factor 0.72; revise with local census
05_north_america.txt,STATE_MONTANA,BLF,14000,10080,-3920,1,PROVISIONAL_REGIONAL_LOW,https://clio-infra.eu/Indicators/TotalPopulation.html,05_north_america.txt regional lower-bound factor 0.72; revise with local census
05_north_america.txt,STATE_MONTANA,LKT,6000,4320,-1680,1,PROVISIONAL_REGIONAL_LOW,https://clio-infra.eu/Indicators/TotalPopulation.html,05_north_america.txt regional lower-bound factor 0.72; revise with local census
05_north_america.txt,STATE_MONTANA,SLS,8600,6192,-2408,1,PROVISIONAL_REGIONAL_LOW,https://clio-infra.eu/Indicators/TotalPopulation.html,05_north_america.txt regional lower-bound factor 0.72; revise with local census
05_north_america.txt,STATE_NEBRASKA,LKT,8000,5760,-2240,2,PROVISIONAL_REGIONAL_LOW,https://clio-infra.eu/Indicators/TotalPopulation.html,05_north_america.txt regional lower-bound factor 0.72; revise with local census
05_north_america.txt,STATE_NEBRASKA,PWN,12000,8640,-3360,2,PROVISIONAL_REGIONAL_LOW,https://clio-infra.eu/Indicators/TotalPopulation.html,05_north_america.txt regional lower-bound factor 0.72; revise with local census
05_north_america.txt,STATE_NEVADA,BNN,28000,20160,-7840,2,PROVISIONAL_REGIONAL_LOW,https://clio-infra.eu/Indicators/TotalPopulation.html,05_north_america.txt regional lower-bound factor 0.72; revise with local census
05_north_america.txt,STATE_NEWFOUNDLAND,GBR,87976,63343,-24633,3,PROVISIONAL_REGIONAL_LOW,https://clio-infra.eu/Indicators/TotalPopulation.html,05_north_america.txt regional lower-bound factor 0.72; revise with local census
05_north_america.txt,STATE_NEW_BRUNSWICK,NBS,120860,87019,-33841,4,PROVISIONAL_REGIONAL_LOW,https://clio-infra.eu/Indicators/TotalPopulation.html,05_north_america.txt regional lower-bound factor 0.72; revise with local census
05_north_america.txt,STATE_NEW_BRUNSWICK,NVS,201572,20000,-181572,3,FILE_COUNTRY_TARGET,https://www150.statcan.gc.ca/n1/pub/98-187-x/4064810-eng.htm,Nova Scotia/Atlantic low settler estimate
05_north_america.txt,STATE_NEW_HAMPSHIRE,USA,279300,77640,-201660,3,US_STATE_CENSUS,https://www2.census.gov/prod2/statcomp/documents/CT1970p2-13.pdf,1770/1780 colonial interpolation; DC/WV apportioned conservatively
05_north_america.txt,STATE_NEW_JERSEY,USA,347192,130749,-216443,3,US_STATE_CENSUS,https://www2.census.gov/prod2/statcomp/documents/CT1970p2-13.pdf,1770/1780 colonial interpolation; DC/WV apportioned conservatively
05_north_america.txt,STATE_NEW_MEXICO,APC,11000,7920,-3080,1,PROVISIONAL_REGIONAL_LOW,https://clio-infra.eu/Indicators/TotalPopulation.html,05_north_america.txt regional lower-bound factor 0.72; revise with local census
05_north_america.txt,STATE_NEW_MEXICO,COM,3000,2160,-840,1,PROVISIONAL_REGIONAL_LOW,https://clio-infra.eu/Indicators/TotalPopulation.html,05_north_america.txt regional lower-bound factor 0.72; revise with local census
05_north_america.txt,STATE_NEW_MEXICO,NVJ,8000,5760,-2240,2,PROVISIONAL_REGIONAL_LOW,https://clio-infra.eu/Indicators/TotalPopulation.html,05_north_america.txt regional lower-bound factor 0.72; revise with local census
05_north_america.txt,STATE_NEW_MEXICO,SC1,45796,29777,-16019,2,FILE_COUNTRY_TARGET,https://clio-infra.eu/Indicators/TotalPopulation.html,Mexico-area low anchor
05_north_america.txt,STATE_NEW_YORK,USA,2221000,191493,-2029507,6,US_STATE_CENSUS,https://www2.census.gov/prod2/statcomp/documents/CT1970p2-13.pdf,1770/1780 colonial interpolation; DC/WV apportioned conservatively
05_north_america.txt,STATE_NORTHWEST_TERRITORIES,ATB,16000,11520,-4480,1,PROVISIONAL_REGIONAL_LOW,https://clio-infra.eu/Indicators/TotalPopulation.html,05_north_america.txt regional lower-bound factor 0.72; revise with local census
05_north_america.txt,STATE_NORTH_CAROLINA,USA,740144,240960,-499184,4,US_STATE_CENSUS,https://www2.census.gov/prod2/statcomp/documents/CT1970p2-13.pdf,1770/1780 colonial interpolation; DC/WV apportioned conservatively
05_north_america.txt,STATE_NORTH_DAKOTA,LKT,34000,24480,-9520,2,PROVISIONAL_REGIONAL_LOW,https://clio-infra.eu/Indicators/TotalPopulation.html,05_north_america.txt regional lower-bound factor 0.72; revise with local census
05_north_america.txt,STATE_NUNAVUT,ATB,11980,8626,-3354,1,PROVISIONAL_REGIONAL_LOW,https://clio-infra.eu/Indicators/TotalPopulation.html,05_north_america.txt regional lower-bound factor 0.72; revise with local census
05_north_america.txt,STATE_NUNAVUT,HBC,17960,8736,-9224,2,FILE_COUNTRY_TARGET,https://clio-infra.eu/Indicators/TotalPopulation.html,conservative fur-trade territory estimate
05_north_america.txt,STATE_OAXACA,SC1,479674,311877,-167797,5,FILE_COUNTRY_TARGET,https://clio-infra.eu/Indicators/TotalPopulation.html,Mexico-area low anchor
05_north_america.txt,STATE_OHIO,MICC,16000,11520,-4480,2,PROVISIONAL_REGIONAL_LOW,https://clio-infra.eu/Indicators/TotalPopulation.html,05_north_america.txt regional lower-bound factor 0.72; revise with local census
05_north_america.txt,STATE_OKLAHOMA,COM,80000,57600,-22400,5,PROVISIONAL_REGIONAL_LOW,https://clio-infra.eu/Indicators/TotalPopulation.html,05_north_america.txt regional lower-bound factor 0.72; revise with local census
05_north_america.txt,STATE_ONTARIO,HBC,48196,23440,-24756,4,FILE_COUNTRY_TARGET,https://clio-infra.eu/Indicators/TotalPopulation.html,conservative fur-trade territory estimate
05_north_america.txt,STATE_ONTARIO,ONT,410796,8000,-402796,6,FILE_COUNTRY_TARGET,https://www65.statcan.ca/acyb02/1867/acyb02_1867001803-eng.htm,Upper Canada 1775
05_north_america.txt,STATE_OREGON,ATB,20000,14400,-5600,3,PROVISIONAL_REGIONAL_LOW,https://clio-infra.eu/Indicators/TotalPopulation.html,05_north_america.txt regional lower-bound factor 0.72; revise with local census
05_north_america.txt,STATE_PENNSYLVANIA,USA,1500300,292406,-1207894,5,US_STATE_CENSUS,https://www2.census.gov/prod2/statcomp/documents/CT1970p2-13.pdf,1770/1780 colonial interpolation; DC/WV apportioned conservatively
05_north_america.txt,STATE_QUEBEC,HBC,49404,24028,-25376,4,FILE_COUNTRY_TARGET,https://clio-infra.eu/Indicators/TotalPopulation.html,conservative fur-trade territory estimate
05_north_america.txt,STATE_QUEBEC,QUE,555200,90000,-465200,3,FILE_COUNTRY_TARGET,https://www150.statcan.gc.ca/n1/pub/98-187-x/4064810-eng.htm,Canadian 1775 total used as conservative cap
05_north_america.txt,STATE_RHODE_ISLAND,USA,104820,55046,-49774,1,US_STATE_CENSUS,https://www2.census.gov/prod2/statcomp/documents/CT1970p2-13.pdf,1770/1780 colonial interpolation; DC/WV apportioned conservatively
05_north_america.txt,STATE_RIO_GRANDE,SC1,224503,145971,-78532,4,FILE_COUNTRY_TARGET,https://clio-infra.eu/Indicators/TotalPopulation.html,Mexico-area low anchor
05_north_america.txt,STATE_SASKATCHEWAN,HBC,23200,11285,-11915,3,FILE_COUNTRY_TARGET,https://clio-infra.eu/Indicators/TotalPopulation.html,conservative fur-trade territory estimate
05_north_america.txt,STATE_SASKATCHEWAN,IRC,32000,23040,-8960,2,PROVISIONAL_REGIONAL_LOW,https://clio-infra.eu/Indicators/TotalPopulation.html,05_north_america.txt regional lower-bound factor 0.72; revise with local census
05_north_america.txt,STATE_SINALOA,SC1,134941,87738,-47203,3,FILE_COUNTRY_TARGET,https://clio-infra.eu/Indicators/TotalPopulation.html,Mexico-area low anchor
05_north_america.txt,STATE_SONORA,SC1,112724,73293,-39431,2,FILE_COUNTRY_TARGET,https://clio-infra.eu/Indicators/TotalPopulation.html,Mexico-area low anchor
05_north_america.txt,STATE_SOUTH_CAROLINA,USA,588588,157698,-430890,5,US_STATE_CENSUS,https://www2.census.gov/prod2/statcomp/documents/CT1970p2-13.pdf,1770/1780 colonial interpolation; DC/WV apportioned conservatively
05_north_america.txt,STATE_SOUTH_DAKOTA,LKT,38000,27360,-10640,2,PROVISIONAL_REGIONAL_LOW,https://clio-infra.eu/Indicators/TotalPopulation.html,05_north_america.txt regional lower-bound factor 0.72; revise with local census
05_north_america.txt,STATE_TENNESSEE,COM,9728,7004,-2724,2,PROVISIONAL_REGIONAL_LOW,https://clio-infra.eu/Indicators/TotalPopulation.html,05_north_america.txt regional lower-bound factor 0.72; revise with local census
05_north_america.txt,STATE_TEXAS,COM,22000,15840,-6160,2,PROVISIONAL_REGIONAL_LOW,https://clio-infra.eu/Indicators/TotalPopulation.html,05_north_america.txt regional lower-bound factor 0.72; revise with local census
05_north_america.txt,STATE_TEXAS,SC1,15000,9755,-5245,2,FILE_COUNTRY_TARGET,https://clio-infra.eu/Indicators/TotalPopulation.html,Mexico-area low anchor
05_north_america.txt,STATE_UTAH,NVJ,6000,4320,-1680,2,PROVISIONAL_REGIONAL_LOW,https://clio-infra.eu/Indicators/TotalPopulation.html,05_north_america.txt regional lower-bound factor 0.72; revise with local census
05_north_america.txt,STATE_UTAH,UTE,11000,7920,-3080,1,PROVISIONAL_REGIONAL_LOW,https://clio-infra.eu/Indicators/TotalPopulation.html,05_north_america.txt regional lower-bound factor 0.72; revise with local census
05_north_america.txt,STATE_VERACRUZ,SC1,251061,163234,-87827,1,FILE_COUNTRY_TARGET,https://clio-infra.eu/Indicators/TotalPopulation.html,Mexico-area low anchor
05_north_america.txt,STATE_VERMONT,USA,282848,32572,-250276,1,US_STATE_CENSUS,https://www2.census.gov/prod2/statcomp/documents/CT1970p2-13.pdf,1770/1780 colonial interpolation; DC/WV apportioned conservatively
05_north_america.txt,STATE_VIRGINIA,USA,818796,476609,-342187,4,US_STATE_CENSUS,https://www2.census.gov/prod2/statcomp/documents/CT1970p2-13.pdf,1770/1780 colonial interpolation; DC/WV apportioned conservatively
05_north_america.txt,STATE_WASHINGTON,ATB,20000,14400,-5600,2,PROVISIONAL_REGIONAL_LOW,https://clio-infra.eu/Indicators/TotalPopulation.html,05_north_america.txt regional lower-bound factor 0.72; revise with local census
05_north_america.txt,STATE_WEST_VIRGINIA,USA,208805,25000,-183805,4,US_STATE_CENSUS,https://www2.census.gov/prod2/statcomp/documents/CT1970p2-13.pdf,1770/1780 colonial interpolation; DC/WV apportioned conservatively
05_north_america.txt,STATE_WISCONSIN,MICC,8000,5760,-2240,1,PROVISIONAL_REGIONAL_LOW,https://clio-infra.eu/Indicators/TotalPopulation.html,05_north_america.txt regional lower-bound factor 0.72; revise with local census
05_north_america.txt,STATE_WYOMING,ABS,6500,4680,-1820,1,PROVISIONAL_REGIONAL_LOW,https://clio-infra.eu/Indicators/TotalPopulation.html,05_north_america.txt regional lower-bound factor 0.72; revise with local census
05_north_america.txt,STATE_WYOMING,ARP,4000,2880,-1120,1,PROVISIONAL_REGIONAL_LOW,https://clio-infra.eu/Indicators/TotalPopulation.html,05_north_america.txt regional lower-bound factor 0.72; revise with local census
05_north_america.txt,STATE_WYOMING,BNN,12000,8640,-3360,1,PROVISIONAL_REGIONAL_LOW,https://clio-infra.eu/Indicators/TotalPopulation.html,05_north_america.txt regional lower-bound factor 0.72; revise with local census
05_north_america.txt,STATE_WYOMING,LKT,6000,4320,-1680,1,PROVISIONAL_REGIONAL_LOW,https://clio-infra.eu/Indicators/TotalPopulation.html,05_north_america.txt regional lower-bound factor 0.72; revise with local census
05_north_america.txt,STATE_WYOMING,SLS,5600,4032,-1568,1,PROVISIONAL_REGIONAL_LOW,https://clio-infra.eu/Indicators/TotalPopulation.html,05_north_america.txt regional lower-bound factor 0.72; revise with local census
05_north_america.txt,STATE_YUCATAN,SC1,616968,401139,-215829,3,FILE_COUNTRY_TARGET,https://clio-infra.eu/Indicators/TotalPopulation.html,Mexico-area low anchor
05_north_america.txt,STATE_YUKON_TERRITORY,ATB,12000,8640,-3360,1,PROVISIONAL_REGIONAL_LOW,https://clio-infra.eu/Indicators/TotalPopulation.html,05_north_america.txt regional lower-bound factor 0.72; revise with local census
05_north_america.txt,STATE_ZACATECAS,SC1,313308,203706,-109602,2,FILE_COUNTRY_TARGET,https://clio-infra.eu/Indicators/TotalPopulation.html,Mexico-area low anchor
06_central_america.txt,STATE_BAHAMAS,GBR,119600,86112,-33488,2,PROVISIONAL_REGIONAL_LOW,https://clio-infra.eu/Indicators/TotalPopulation.html,06_central_america.txt regional lower-bound factor 0.72; revise with local census
06_central_america.txt,STATE_CENTRAL_CUBA,CUB,281918,69795,-212123,4,FILE_COUNTRY_TARGET,https://clio-infra.eu/Indicators/TotalPopulation.html,Cuba-area interpolation
06_central_america.txt,STATE_COSTA_RICA,SC1,83992,50452,-33540,1,FILE_COUNTRY_TARGET,https://clio-infra.eu/Indicators/TotalPopulation.html,Central America low estimate
06_central_america.txt,STATE_EASTERN_CUBA,CUB,217390,53821,-163569,4,FILE_COUNTRY_TARGET,https://clio-infra.eu/Indicators/TotalPopulation.html,Cuba-area interpolation
06_central_america.txt,STATE_GUATEMALA,GBR,7208,5190,-2018,2,PROVISIONAL_REGIONAL_LOW,https://clio-infra.eu/Indicators/TotalPopulation.html,06_central_america.txt regional lower-bound factor 0.72; revise with local census
06_central_america.txt,STATE_GUATEMALA,SC1,476404,286162,-190242,2,FILE_COUNTRY_TARGET,https://clio-infra.eu/Indicators/TotalPopulation.html,Central America low estimate
06_central_america.txt,STATE_HAITI,HAI,858270,351000,-507270,7,FILE_COUNTRY_TARGET,https://clio-infra.eu/Indicators/TotalPopulation.html,Saint-Domingue low anchor
06_central_america.txt,STATE_HONDURAS,SC1,388204,233183,-155021,2,FILE_COUNTRY_TARGET,https://clio-infra.eu/Indicators/TotalPopulation.html,Central America low estimate
06_central_america.txt,STATE_JAMAICA,GBR,381636,274778,-106858,2,PROVISIONAL_REGIONAL_LOW,https://clio-infra.eu/Indicators/TotalPopulation.html,06_central_america.txt regional lower-bound factor 0.72; revise with local census
06_central_america.txt,STATE_NICARAGUA,MKT,62000,44640,-17360,6,PROVISIONAL_REGIONAL_LOW,https://clio-infra.eu/Indicators/TotalPopulation.html,06_central_america.txt regional lower-bound factor 0.72; revise with local census
06_central_america.txt,STATE_NICARAGUA,SC1,288000,172994,-115006,2,FILE_COUNTRY_TARGET,https://clio-infra.eu/Indicators/TotalPopulation.html,Central America low estimate
06_central_america.txt,STATE_PANAMA,SC2,128192,92298,-35894,5,PROVISIONAL_REGIONAL_LOW,https://clio-infra.eu/Indicators/TotalPopulation.html,06_central_america.txt regional lower-bound factor 0.72; revise with local census
06_central_america.txt,STATE_PUERTO_RICO,PCO,294668,212161,-82507,4,PROVISIONAL_REGIONAL_LOW,https://clio-infra.eu/Indicators/TotalPopulation.html,06_central_america.txt regional lower-bound factor 0.72; revise with local census
06_central_america.txt,STATE_SANTO_DOMINGO,GR5,131530,94702,-36828,15,PROVISIONAL_REGIONAL_LOW,https://clio-infra.eu/Indicators/TotalPopulation.html,06_central_america.txt regional lower-bound factor 0.72; revise with local census
06_central_america.txt,STATE_SAN_SALVADOR,SC1,428204,257209,-170995,1,FILE_COUNTRY_TARGET,https://clio-infra.eu/Indicators/TotalPopulation.html,Central America low estimate
06_central_america.txt,STATE_WESTERN_CUBA,CUB,405470,100384,-305086,8,FILE_COUNTRY_TARGET,https://clio-infra.eu/Indicators/TotalPopulation.html,Cuba-area interpolation
06_central_america.txt,STATE_WEST_INDIES,DENNOR,43988,31671,-12317,2,PROVISIONAL_REGIONAL_LOW,https://clio-infra.eu/Indicators/TotalPopulation.html,06_central_america.txt regional lower-bound factor 0.72; revise with local census
06_central_america.txt,STATE_WEST_INDIES,FRA,238304,171579,-66725,2,PROVISIONAL_REGIONAL_LOW,https://clio-infra.eu/Indicators/TotalPopulation.html,06_central_america.txt regional lower-bound factor 0.72; revise with local census
06_central_america.txt,STATE_WEST_INDIES,GBR,269868,194305,-75563,3,PROVISIONAL_REGIONAL_LOW,https://clio-infra.eu/Indicators/TotalPopulation.html,06_central_america.txt regional lower-bound factor 0.72; revise with local census
06_central_america.txt,STATE_WEST_INDIES,NET,20838,15003,-5835,4,PROVISIONAL_REGIONAL_LOW,https://clio-infra.eu/Indicators/TotalPopulation.html,06_central_america.txt regional lower-bound factor 0.72; revise with local census
06_central_america.txt,STATE_WEST_INDIES,SPA,19445,14000,-5445,3,PROVISIONAL_REGIONAL_LOW,https://clio-infra.eu/Indicators/TotalPopulation.html,06_central_america.txt regional lower-bound factor 0.72; revise with local census
07_south_america.txt,STATE_ACRE,AP7,16350,11772,-4578,3,PROVISIONAL_REGIONAL_LOW,https://clio-infra.eu/Indicators/TotalPopulation.html,07_south_america.txt regional lower-bound factor 0.72; revise with local census
07_south_america.txt,STATE_ALTO_PARAGUAY,GNI,12030,8662,-3368,2,PROVISIONAL_REGIONAL_LOW,https://clio-infra.eu/Indicators/TotalPopulation.html,07_south_america.txt regional lower-bound factor 0.72; revise with local census
07_south_america.txt,STATE_AMAZONAS,AP7,77255,55624,-21631,7,PROVISIONAL_REGIONAL_LOW,https://clio-infra.eu/Indicators/TotalPopulation.html,07_south_america.txt regional lower-bound factor 0.72; revise with local census
07_south_america.txt,STATE_ANTIOQUIA,SC2,537812,340554,-197258,5,FILE_COUNTRY_TARGET,https://clio-infra.eu/Indicators/TotalPopulation.html,New Granada/Quito/Venezuela low estimate
07_south_america.txt,STATE_ANTOFAGASTA,SC3,112196,78732,-33464,4,FILE_COUNTRY_TARGET,https://clio-infra.eu/Indicators/TotalPopulation.html,Peru/Chile low estimate
07_south_america.txt,STATE_ARAUCANIA,SC3,55204,38738,-16466,2,FILE_COUNTRY_TARGET,https://clio-infra.eu/Indicators/TotalPopulation.html,Peru/Chile low estimate
07_south_america.txt,STATE_ARAUCANIA,SLK,12000,8640,-3360,1,PROVISIONAL_REGIONAL_LOW,https://clio-infra.eu/Indicators/TotalPopulation.html,07_south_america.txt regional lower-bound factor 0.72; revise with local census
07_south_america.txt,STATE_ARAUCANIA,THL,28200,20304,-7896,1,PROVISIONAL_REGIONAL_LOW,https://clio-infra.eu/Indicators/TotalPopulation.html,07_south_america.txt regional lower-bound factor 0.72; revise with local census
07_south_america.txt,STATE_AREQUIPA,SC3,277400,194654,-82746,5,FILE_COUNTRY_TARGET,https://clio-infra.eu/Indicators/TotalPopulation.html,Peru/Chile low estimate
07_south_america.txt,STATE_BAHIA,BRZ,731500,332634,-398866,3,FILE_COUNTRY_TARGET,https://clio-infra.eu/Indicators/TotalPopulation.html,Brazil-area interpolation
07_south_america.txt,STATE_BAJO_PARAGUAY,SC4,249886,138542,-111344,7,FILE_COUNTRY_TARGET,https://clio-infra.eu/Indicators/TotalPopulation.html,Rio de la Plata low estimate
07_south_america.txt,STATE_BOLIVAR,SC2,198162,125483,-72679,4,FILE_COUNTRY_TARGET,https://clio-infra.eu/Indicators/TotalPopulation.html,New Granada/Quito/Venezuela low estimate
07_south_america.txt,STATE_BUENOS_AIRES,PAT,30000,21600,-8400,1,PROVISIONAL_REGIONAL_LOW,https://clio-infra.eu/Indicators/TotalPopulation.html,07_south_america.txt regional lower-bound factor 0.72; revise with local census
07_south_america.txt,STATE_BUENOS_AIRES,SC4,242600,134500,-108100,4,FILE_COUNTRY_TARGET,https://clio-infra.eu/Indicators/TotalPopulation.html,Rio de la Plata low estimate
07_south_america.txt,STATE_CAJAMARCA,SC3,306500,215073,-91427,5,FILE_COUNTRY_TARGET,https://clio-infra.eu/Indicators/TotalPopulation.html,Peru/Chile low estimate
07_south_america.txt,STATE_CAUCA,SC2,284400,180090,-104310,5,FILE_COUNTRY_TARGET,https://clio-infra.eu/Indicators/TotalPopulation.html,New Granada/Quito/Venezuela low estimate
07_south_america.txt,STATE_CEARA,BRZ,211451,96155,-115296,4,FILE_COUNTRY_TARGET,https://clio-infra.eu/Indicators/TotalPopulation.html,Brazil-area interpolation
07_south_america.txt,STATE_CHACO,GNI,9400,6768,-2632,2,PROVISIONAL_REGIONAL_LOW,https://clio-infra.eu/Indicators/TotalPopulation.html,07_south_america.txt regional lower-bound factor 0.72; revise with local census
07_south_america.txt,STATE_CHACO,SC4,37504,20795,-16709,3,FILE_COUNTRY_TARGET,https://clio-infra.eu/Indicators/TotalPopulation.html,Rio de la Plata low estimate
07_south_america.txt,STATE_CORRIENTES,SC4,156192,86597,-69595,5,FILE_COUNTRY_TARGET,https://clio-infra.eu/Indicators/TotalPopulation.html,Rio de la Plata low estimate
07_south_america.txt,STATE_CUNDINAMARCA,SC2,527600,334087,-193513,4,FILE_COUNTRY_TARGET,https://clio-infra.eu/Indicators/TotalPopulation.html,New Granada/Quito/Venezuela low estimate
07_south_america.txt,STATE_ECUADOR,SC2,928725,588085,-340640,5,FILE_COUNTRY_TARGET,https://clio-infra.eu/Indicators/TotalPopulation.html,New Granada/Quito/Venezuela low estimate
07_south_america.txt,STATE_GOIAS,BRZ,73918,33617,-40301,4,FILE_COUNTRY_TARGET,https://clio-infra.eu/Indicators/TotalPopulation.html,Brazil-area interpolation
07_south_america.txt,STATE_GUAVIARE,SC2,128392,81304,-47088,4,FILE_COUNTRY_TARGET,https://clio-infra.eu/Indicators/TotalPopulation.html,New Granada/Quito/Venezuela low estimate
07_south_america.txt,STATE_GUAYANA,AP7,30000,21600,-8400,1,PROVISIONAL_REGIONAL_LOW,https://clio-infra.eu/Indicators/TotalPopulation.html,07_south_america.txt regional lower-bound factor 0.72; revise with local census
07_south_america.txt,STATE_GUAYANA,FRA,16392,11802,-4590,3,PROVISIONAL_REGIONAL_LOW,https://clio-infra.eu/Indicators/TotalPopulation.html,07_south_america.txt regional lower-bound factor 0.72; revise with local census
07_south_america.txt,STATE_GUAYANA,NET,141232,101687,-39545,5,PROVISIONAL_REGIONAL_LOW,https://clio-infra.eu/Indicators/TotalPopulation.html,07_south_america.txt regional lower-bound factor 0.72; revise with local census
07_south_america.txt,STATE_ICA,IQU,55000,39600,-15400,1,PROVISIONAL_REGIONAL_LOW,https://clio-infra.eu/Indicators/TotalPopulation.html,07_south_america.txt regional lower-bound factor 0.72; revise with local census
07_south_america.txt,STATE_ICA,SC3,351708,246795,-104913,5,FILE_COUNTRY_TARGET,https://clio-infra.eu/Indicators/TotalPopulation.html,Peru/Chile low estimate
07_south_america.txt,STATE_JUJUY,SC4,72404,40146,-32258,5,FILE_COUNTRY_TARGET,https://clio-infra.eu/Indicators/TotalPopulation.html,Rio de la Plata low estimate
07_south_america.txt,STATE_LA_PAMPA,SC4,176000,97577,-78423,4,FILE_COUNTRY_TARGET,https://clio-infra.eu/Indicators/TotalPopulation.html,Rio de la Plata low estimate
07_south_america.txt,STATE_LA_PAZ,AP7,856996,617037,-239959,5,PROVISIONAL_REGIONAL_LOW,https://clio-infra.eu/Indicators/TotalPopulation.html,07_south_america.txt regional lower-bound factor 0.72; revise with local census
07_south_america.txt,STATE_LIMA,SC3,504100,353726,-150374,5,FILE_COUNTRY_TARGET,https://clio-infra.eu/Indicators/TotalPopulation.html,Peru/Chile low estimate
07_south_america.txt,STATE_LOS_RIOS,SC3,252892,177454,-75438,2,FILE_COUNTRY_TARGET,https://clio-infra.eu/Indicators/TotalPopulation.html,Peru/Chile low estimate
07_south_america.txt,STATE_MARANHAO,BRZ,148249,67416,-80833,4,FILE_COUNTRY_TARGET,https://clio-infra.eu/Indicators/TotalPopulation.html,Brazil-area interpolation
07_south_america.txt,STATE_MATO_GROSSO,AP7,142492,102594,-39898,12,PROVISIONAL_REGIONAL_LOW,https://clio-infra.eu/Indicators/TotalPopulation.html,07_south_america.txt regional lower-bound factor 0.72; revise with local census
07_south_america.txt,STATE_MINAS_GERAIS,BRZ,729904,331909,-397995,3,FILE_COUNTRY_TARGET,https://clio-infra.eu/Indicators/TotalPopulation.html,Brazil-area interpolation
07_south_america.txt,STATE_MIRANDA,SC2,359124,227405,-131719,4,FILE_COUNTRY_TARGET,https://clio-infra.eu/Indicators/TotalPopulation.html,New Granada/Quito/Venezuela low estimate
07_south_america.txt,STATE_PARA,BRZ,302538,137578,-164960,6,FILE_COUNTRY_TARGET,https://clio-infra.eu/Indicators/TotalPopulation.html,Brazil-area interpolation
07_south_america.txt,STATE_PARAIBA,BRZ,135764,61739,-74025,4,FILE_COUNTRY_TARGET,https://clio-infra.eu/Indicators/TotalPopulation.html,Brazil-area interpolation
07_south_america.txt,STATE_PARANA,BRZ,36566,16631,-19935,4,FILE_COUNTRY_TARGET,https://clio-infra.eu/Indicators/TotalPopulation.html,Brazil-area interpolation
07_south_america.txt,STATE_PASTAZA,SC3,92900,65193,-27707,6,FILE_COUNTRY_TARGET,https://clio-infra.eu/Indicators/TotalPopulation.html,Peru/Chile low estimate
07_south_america.txt,STATE_PATAGONIA,PAT,39100,28152,-10948,2,PROVISIONAL_REGIONAL_LOW,https://clio-infra.eu/Indicators/TotalPopulation.html,07_south_america.txt regional lower-bound factor 0.72; revise with local census
07_south_america.txt,STATE_PATAGONIA,THL,25100,18072,-7028,1,PROVISIONAL_REGIONAL_LOW,https://clio-infra.eu/Indicators/TotalPopulation.html,07_south_america.txt regional lower-bound factor 0.72; revise with local census
07_south_america.txt,STATE_PERNAMBUCO,BRZ,707769,321844,-385925,4,FILE_COUNTRY_TARGET,https://clio-infra.eu/Indicators/TotalPopulation.html,Brazil-area interpolation
07_south_america.txt,STATE_PIAUI,BRZ,94932,43171,-51761,4,FILE_COUNTRY_TARGET,https://clio-infra.eu/Indicators/TotalPopulation.html,Brazil-area interpolation
07_south_america.txt,STATE_POTOSI,SC3,159996,112271,-47725,3,FILE_COUNTRY_TARGET,https://clio-infra.eu/Indicators/TotalPopulation.html,Peru/Chile low estimate
07_south_america.txt,STATE_RIO_DE_JANEIRO,BRZ,582808,265021,-317787,3,FILE_COUNTRY_TARGET,https://clio-infra.eu/Indicators/TotalPopulation.html,Brazil-area interpolation
07_south_america.txt,STATE_RIO_GRANDE_DO_NORTE,BRZ,87948,39996,-47952,4,FILE_COUNTRY_TARGET,https://clio-infra.eu/Indicators/TotalPopulation.html,Brazil-area interpolation
07_south_america.txt,STATE_RIO_GRANDE_DO_SUL,BRZ,202943,92288,-110655,4,FILE_COUNTRY_TARGET,https://clio-infra.eu/Indicators/TotalPopulation.html,Brazil-area interpolation
07_south_america.txt,STATE_RIO_NEGRO,PAT,30900,22248,-8652,2,PROVISIONAL_REGIONAL_LOW,https://clio-infra.eu/Indicators/TotalPopulation.html,07_south_america.txt regional lower-bound factor 0.72; revise with local census
07_south_america.txt,STATE_RIO_NEGRO,SC4,13096,7264,-5832,4,FILE_COUNTRY_TARGET,https://clio-infra.eu/Indicators/TotalPopulation.html,Rio de la Plata low estimate
07_south_america.txt,STATE_SANTA_CATARINA,BRZ,61753,28084,-33669,3,FILE_COUNTRY_TARGET,https://clio-infra.eu/Indicators/TotalPopulation.html,Brazil-area interpolation
07_south_america.txt,STATE_SANTA_CRUZ,SC3,171000,119994,-51006,4,FILE_COUNTRY_TARGET,https://clio-infra.eu/Indicators/TotalPopulation.html,Peru/Chile low estimate
07_south_america.txt,STATE_SANTA_FE,GNI,8000,5760,-2240,1,PROVISIONAL_REGIONAL_LOW,https://clio-infra.eu/Indicators/TotalPopulation.html,07_south_america.txt regional lower-bound factor 0.72; revise with local census
07_south_america.txt,STATE_SANTA_FE,SC4,96008,53229,-42779,3,FILE_COUNTRY_TARGET,https://clio-infra.eu/Indicators/TotalPopulation.html,Rio de la Plata low estimate
07_south_america.txt,STATE_SANTIAGO,SC3,656808,460878,-195930,2,FILE_COUNTRY_TARGET,https://clio-infra.eu/Indicators/TotalPopulation.html,Peru/Chile low estimate
07_south_america.txt,STATE_SAO_PAULO,BRZ,334077,151917,-182160,4,FILE_COUNTRY_TARGET,https://clio-infra.eu/Indicators/TotalPopulation.html,Brazil-area interpolation
07_south_america.txt,STATE_SOUTH_ATLANTIC_ISLANDS,GBR,14540,10469,-4071,1,PROVISIONAL_REGIONAL_LOW,https://clio-infra.eu/Indicators/TotalPopulation.html,07_south_america.txt regional lower-bound factor 0.72; revise with local census
07_south_america.txt,STATE_TARAPACA,SC3,52000,36492,-15508,4,FILE_COUNTRY_TARGET,https://clio-infra.eu/Indicators/TotalPopulation.html,Peru/Chile low estimate
07_south_america.txt,STATE_TUCUMAN,SC4,79008,43805,-35203,4,FILE_COUNTRY_TARGET,https://clio-infra.eu/Indicators/TotalPopulation.html,Rio de la Plata low estimate
07_south_america.txt,STATE_URUGUAY,SC4,139866,77545,-62321,4,FILE_COUNTRY_TARGET,https://clio-infra.eu/Indicators/TotalPopulation.html,Rio de la Plata low estimate
07_south_america.txt,STATE_ZULIA,SC2,431116,272992,-158124,5,FILE_COUNTRY_TARGET,https://clio-infra.eu/Indicators/TotalPopulation.html,New Granada/Quito/Venezuela low estimate
08_middle_east.txt,STATE_ABU_DHABI,ABB,60120,51102,-9018,5,PROVISIONAL_REGIONAL_LOW,https://clio-infra.eu/Indicators/TotalPopulation.html,08_middle_east.txt regional lower-bound factor 0.85; revise with local census
08_middle_east.txt,STATE_ABU_DHABI,BHN,29300,24905,-4395,5,PROVISIONAL_REGIONAL_LOW,https://clio-infra.eu/Indicators/TotalPopulation.html,08_middle_east.txt regional lower-bound factor 0.85; revise with local census
08_middle_east.txt,STATE_ABU_DHABI,OMA,4830,4106,-724,5,PROVISIONAL_REGIONAL_LOW,https://clio-infra.eu/Indicators/TotalPopulation.html,08_middle_east.txt regional lower-bound factor 0.85; revise with local census
08_middle_east.txt,STATE_ADANA,TUR,368409,313354,-55055,12,COUNTRY_TARGET,https://clio-infra.eu/Indicators/TotalPopulation.html,conservative Ottoman estimate; territorial uncertainty
08_middle_east.txt,STATE_ALEPPO,TUR,593000,504375,-88625,12,COUNTRY_TARGET,https://clio-infra.eu/Indicators/TotalPopulation.html,conservative Ottoman estimate; territorial uncertainty
08_middle_east.txt,STATE_ANKARA,TUR,1579415,1343353,-236062,11,COUNTRY_TARGET,https://clio-infra.eu/Indicators/TotalPopulation.html,conservative Ottoman estimate; territorial uncertainty
08_middle_east.txt,STATE_AYDIN,TUR,1003276,853326,-149950,9,COUNTRY_TARGET,https://clio-infra.eu/Indicators/TotalPopulation.html,conservative Ottoman estimate; territorial uncertainty
08_middle_east.txt,STATE_BAGHDAD,IR1,500994,425845,-75149,11,PROVISIONAL_REGIONAL_LOW,https://clio-infra.eu/Indicators/TotalPopulation.html,08_middle_east.txt regional lower-bound factor 0.85; revise with local census
08_middle_east.txt,STATE_BASRA,IR1,425904,362018,-63886,9,PROVISIONAL_REGIONAL_LOW,https://clio-infra.eu/Indicators/TotalPopulation.html,08_middle_east.txt regional lower-bound factor 0.85; revise with local census
08_middle_east.txt,STATE_CYPRUS,TUR,148665,126451,-22214,6,COUNTRY_TARGET,https://clio-infra.eu/Indicators/TotalPopulation.html,conservative Ottoman estimate; territorial uncertainty
08_middle_east.txt,STATE_DEIR_EZ_ZOR,IR1,254096,215982,-38114,6,PROVISIONAL_REGIONAL_LOW,https://clio-infra.eu/Indicators/TotalPopulation.html,08_middle_east.txt regional lower-bound factor 0.85; revise with local census
08_middle_east.txt,STATE_DIYARBAKIR,TUR,712235,605786,-106449,8,COUNTRY_TARGET,https://clio-infra.eu/Indicators/TotalPopulation.html,conservative Ottoman estimate; territorial uncertainty
08_middle_east.txt,STATE_ERZURUM,TUR,880846,749197,-131649,11,COUNTRY_TARGET,https://clio-infra.eu/Indicators/TotalPopulation.html,conservative Ottoman estimate; territorial uncertainty
08_middle_east.txt,STATE_FARS,PER,538436,418119,-120317,6,COUNTRY_TARGET,https://clio-infra.eu/Indicators/TotalPopulation.html,Iran anchor applied to Persian territory
08_middle_east.txt,STATE_HAIL,JBB,45896,39012,-6884,4,PROVISIONAL_REGIONAL_LOW,https://clio-infra.eu/Indicators/TotalPopulation.html,08_middle_east.txt regional lower-bound factor 0.85; revise with local census
08_middle_east.txt,STATE_HAIL,NBB,72840,61914,-10926,4,PROVISIONAL_REGIONAL_LOW,https://clio-infra.eu/Indicators/TotalPopulation.html,08_middle_east.txt regional lower-bound factor 0.85; revise with local census
08_middle_east.txt,STATE_HEDJAZ,HDJ,463100,393635,-69465,6,PROVISIONAL_REGIONAL_LOW,https://clio-infra.eu/Indicators/TotalPopulation.html,08_middle_east.txt regional lower-bound factor 0.85; revise with local census
08_middle_east.txt,STATE_HUDAVENDIGAR,TUR,1038367,883172,-155195,8,COUNTRY_TARGET,https://clio-infra.eu/Indicators/TotalPopulation.html,conservative Ottoman estimate; territorial uncertainty
08_middle_east.txt,STATE_IRAKAJEMI,PER,1509713,1172348,-337365,7,COUNTRY_TARGET,https://clio-infra.eu/Indicators/TotalPopulation.html,Iran anchor applied to Persian territory
08_middle_east.txt,STATE_ISFAHAN,PER,499382,387795,-111587,9,COUNTRY_TARGET,https://clio-infra.eu/Indicators/TotalPopulation.html,Iran anchor applied to Persian territory
08_middle_east.txt,STATE_KARS,TUR,189700,161356,-28344,11,COUNTRY_TARGET,https://clio-infra.eu/Indicators/TotalPopulation.html,conservative Ottoman estimate; territorial uncertainty
08_middle_east.txt,STATE_KASTAMONU,TUR,774816,659011,-115805,5,COUNTRY_TARGET,https://clio-infra.eu/Indicators/TotalPopulation.html,conservative Ottoman estimate; territorial uncertainty
08_middle_east.txt,STATE_KERMAN,PER,227689,176812,-50877,5,COUNTRY_TARGET,https://clio-infra.eu/Indicators/TotalPopulation.html,Iran anchor applied to Persian territory
08_middle_east.txt,STATE_KHORASAN,PER,715822,555868,-159954,9,COUNTRY_TARGET,https://clio-infra.eu/Indicators/TotalPopulation.html,Iran anchor applied to Persian territory
08_middle_east.txt,STATE_KHUZESTAN,ARB,458498,389723,-68775,7,PROVISIONAL_REGIONAL_LOW,https://clio-infra.eu/Indicators/TotalPopulation.html,08_middle_east.txt regional lower-bound factor 0.85; revise with local census
08_middle_east.txt,STATE_KONYA,TUR,801714,681890,-119824,7,COUNTRY_TARGET,https://clio-infra.eu/Indicators/TotalPopulation.html,conservative Ottoman estimate; territorial uncertainty
08_middle_east.txt,STATE_LARISTAN,BHN,7238,6152,-1086,3,PROVISIONAL_REGIONAL_LOW,https://clio-infra.eu/Indicators/TotalPopulation.html,08_middle_east.txt regional lower-bound factor 0.85; revise with local census
08_middle_east.txt,STATE_LARISTAN,OMA,64230,54596,-9634,6,PROVISIONAL_REGIONAL_LOW,https://clio-infra.eu/Indicators/TotalPopulation.html,08_middle_east.txt regional lower-bound factor 0.85; revise with local census
08_middle_east.txt,STATE_LARISTAN,PER,39521,30693,-8828,4,COUNTRY_TARGET,https://clio-infra.eu/Indicators/TotalPopulation.html,Iran anchor applied to Persian territory
08_middle_east.txt,STATE_LEBANON,TUR,378000,321512,-56488,11,COUNTRY_TARGET,https://clio-infra.eu/Indicators/TotalPopulation.html,conservative Ottoman estimate; territorial uncertainty
08_middle_east.txt,STATE_LURISTAN,PER,325202,252538,-72664,8,COUNTRY_TARGET,https://clio-infra.eu/Indicators/TotalPopulation.html,Iran anchor applied to Persian territory
08_middle_east.txt,STATE_MAZANDARAN,PER,1026936,797458,-229478,8,COUNTRY_TARGET,https://clio-infra.eu/Indicators/TotalPopulation.html,Iran anchor applied to Persian territory
08_middle_east.txt,STATE_MOSUL,IR1,593804,504733,-89071,9,PROVISIONAL_REGIONAL_LOW,https://clio-infra.eu/Indicators/TotalPopulation.html,08_middle_east.txt regional lower-bound factor 0.85; revise with local census
08_middle_east.txt,STATE_NEJD,NBB,122996,104547,-18449,3,PROVISIONAL_REGIONAL_LOW,https://clio-infra.eu/Indicators/TotalPopulation.html,08_middle_east.txt regional lower-bound factor 0.85; revise with local census
08_middle_east.txt,STATE_OMAN,OMA,234000,198900,-35100,8,PROVISIONAL_REGIONAL_LOW,https://clio-infra.eu/Indicators/TotalPopulation.html,08_middle_east.txt regional lower-bound factor 0.85; revise with local census
08_middle_east.txt,STATE_PALESTINE,TUR,370500,315132,-55368,9,COUNTRY_TARGET,https://clio-infra.eu/Indicators/TotalPopulation.html,conservative Ottoman estimate; territorial uncertainty
08_middle_east.txt,STATE_PERSIAN_KURDISTAN,PER,401370,311684,-89686,7,COUNTRY_TARGET,https://clio-infra.eu/Indicators/TotalPopulation.html,Iran anchor applied to Persian territory
08_middle_east.txt,STATE_SEMNAN,PER,59311,46061,-13250,4,COUNTRY_TARGET,https://clio-infra.eu/Indicators/TotalPopulation.html,Iran anchor applied to Persian territory
08_middle_east.txt,STATE_SISTAN,DUR,143423,121910,-21513,10,PROVISIONAL_REGIONAL_LOW,https://clio-infra.eu/Indicators/TotalPopulation.html,08_middle_east.txt regional lower-bound factor 0.85; revise with local census
08_middle_east.txt,STATE_SISTAN,OMA,5521,4693,-828,4,PROVISIONAL_REGIONAL_LOW,https://clio-infra.eu/Indicators/TotalPopulation.html,08_middle_east.txt regional lower-bound factor 0.85; revise with local census
08_middle_east.txt,STATE_SYRIA,TUR,540200,459465,-80735,8,COUNTRY_TARGET,https://clio-infra.eu/Indicators/TotalPopulation.html,conservative Ottoman estimate; territorial uncertainty
08_middle_east.txt,STATE_TABRIZ,PER,914086,709827,-204259,8,COUNTRY_TARGET,https://clio-infra.eu/Indicators/TotalPopulation.html,Iran anchor applied to Persian territory
08_middle_east.txt,STATE_TRABZON,TUR,913612,777064,-136548,8,COUNTRY_TARGET,https://clio-infra.eu/Indicators/TotalPopulation.html,conservative Ottoman estimate; territorial uncertainty
08_middle_east.txt,STATE_TRANSJORDAN,TUR,40000,34028,-5972,7,COUNTRY_TARGET,https://clio-infra.eu/Indicators/TotalPopulation.html,conservative Ottoman estimate; territorial uncertainty
08_middle_east.txt,STATE_URMIA,PER,360941,280291,-80650,8,COUNTRY_TARGET,https://clio-infra.eu/Indicators/TotalPopulation.html,Iran anchor applied to Persian territory
08_middle_east.txt,STATE_YEMEN,HDJ,63600,54060,-9540,5,PROVISIONAL_REGIONAL_LOW,https://clio-infra.eu/Indicators/TotalPopulation.html,08_middle_east.txt regional lower-bound factor 0.85; revise with local census
08_middle_east.txt,STATE_YEMEN,KBB,43900,37315,-6585,2,PROVISIONAL_REGIONAL_LOW,https://clio-infra.eu/Indicators/TotalPopulation.html,08_middle_east.txt regional lower-bound factor 0.85; revise with local census
08_middle_east.txt,STATE_YEMEN,LAH,74100,62985,-11115,5,PROVISIONAL_REGIONAL_LOW,https://clio-infra.eu/Indicators/TotalPopulation.html,08_middle_east.txt regional lower-bound factor 0.85; revise with local census
08_middle_east.txt,STATE_YEMEN,MBB,36200,30770,-5430,2,PROVISIONAL_REGIONAL_LOW,https://clio-infra.eu/Indicators/TotalPopulation.html,08_middle_east.txt regional lower-bound factor 0.85; revise with local census
08_middle_east.txt,STATE_YEMEN,ZAI,947800,805630,-142170,5,PROVISIONAL_REGIONAL_LOW,https://clio-infra.eu/Indicators/TotalPopulation.html,08_middle_east.txt regional lower-bound factor 0.85; revise with local census
09_central_asia.txt,STATE_AKMOLINSK,OZH,118756,95005,-23751,2,PROVISIONAL_REGIONAL_LOW,https://clio-infra.eu/Indicators/TotalPopulation.html,09_central_asia.txt regional lower-bound factor 0.8; revise with local census
09_central_asia.txt,STATE_AKMOLINSK,RUS,48776,36320,-12456,5,COUNTRY_TARGET,https://clio-infra.eu/Indicators/TotalPopulation.html,low estimate; Russian Empire footprint
09_central_asia.txt,STATE_AKTOBE,KZH,127701,102161,-25540,2,PROVISIONAL_REGIONAL_LOW,https://clio-infra.eu/Indicators/TotalPopulation.html,09_central_asia.txt regional lower-bound factor 0.8; revise with local census
09_central_asia.txt,STATE_ARMENIA,PER,252964,196443,-56521,8,COUNTRY_TARGET,https://clio-infra.eu/Indicators/TotalPopulation.html,Iran anchor applied to Persian territory
09_central_asia.txt,STATE_ASTRAKHAN,RUS,264795,197154,-67641,7,COUNTRY_TARGET,https://clio-infra.eu/Indicators/TotalPopulation.html,low estimate; Russian Empire footprint
09_central_asia.txt,STATE_AZERBAIJAN,PER,285283,221540,-63743,8,COUNTRY_TARGET,https://clio-infra.eu/Indicators/TotalPopulation.html,Iran anchor applied to Persian territory
09_central_asia.txt,STATE_BALKH,DUR,265203,212162,-53041,24,PROVISIONAL_REGIONAL_LOW,https://clio-infra.eu/Indicators/TotalPopulation.html,09_central_asia.txt regional lower-bound factor 0.8; revise with local census
09_central_asia.txt,STATE_BALUCHISTAN,DUR,1071073,856858,-214215,10,PROVISIONAL_REGIONAL_LOW,https://clio-infra.eu/Indicators/TotalPopulation.html,09_central_asia.txt regional lower-bound factor 0.8; revise with local census
09_central_asia.txt,STATE_BALUCHISTAN,OMA,4560,3648,-912,3,PROVISIONAL_REGIONAL_LOW,https://clio-infra.eu/Indicators/TotalPopulation.html,09_central_asia.txt regional lower-bound factor 0.8; revise with local census
09_central_asia.txt,STATE_CENTRAL_HIGHLANDS,DUR,168485,134788,-33697,12,PROVISIONAL_REGIONAL_LOW,https://clio-infra.eu/Indicators/TotalPopulation.html,09_central_asia.txt regional lower-bound factor 0.8; revise with local census
09_central_asia.txt,STATE_DAGESTAN,CAUC,166820,133456,-33364,8,PROVISIONAL_REGIONAL_LOW,https://clio-infra.eu/Indicators/TotalPopulation.html,09_central_asia.txt regional lower-bound factor 0.8; revise with local census
09_central_asia.txt,STATE_DAGESTAN,CHC,204309,163447,-40862,2,PROVISIONAL_REGIONAL_LOW,https://clio-infra.eu/Indicators/TotalPopulation.html,09_central_asia.txt regional lower-bound factor 0.8; revise with local census
09_central_asia.txt,STATE_EASTERN_HIMALAYAS,BHU,156400,125120,-31280,2,PROVISIONAL_REGIONAL_LOW,https://clio-infra.eu/Indicators/TotalPopulation.html,09_central_asia.txt regional lower-bound factor 0.8; revise with local census
09_central_asia.txt,STATE_EASTERN_HIMALAYAS,SIK,84392,67514,-16878,2,PROVISIONAL_REGIONAL_LOW,https://clio-infra.eu/Indicators/TotalPopulation.html,09_central_asia.txt regional lower-bound factor 0.8; revise with local census
09_central_asia.txt,STATE_EASTERN_HIMALAYAS,TIB,150146,120117,-30029,4,PROVISIONAL_REGIONAL_LOW,https://clio-infra.eu/Indicators/TotalPopulation.html,09_central_asia.txt regional lower-bound factor 0.8; revise with local census
09_central_asia.txt,STATE_FERGANA,KOK,838759,671007,-167752,6,PROVISIONAL_REGIONAL_LOW,https://clio-infra.eu/Indicators/TotalPopulation.html,09_central_asia.txt regional lower-bound factor 0.8; revise with local census
09_central_asia.txt,STATE_GREATER_CAUCASUS,CAUC,1453390,1162712,-290678,11,PROVISIONAL_REGIONAL_LOW,https://clio-infra.eu/Indicators/TotalPopulation.html,09_central_asia.txt regional lower-bound factor 0.8; revise with local census
09_central_asia.txt,STATE_HERAT,DUR,897586,718069,-179517,8,PROVISIONAL_REGIONAL_LOW,https://clio-infra.eu/Indicators/TotalPopulation.html,09_central_asia.txt regional lower-bound factor 0.8; revise with local census
09_central_asia.txt,STATE_HIMALAYAS,NEP,4242426,3760000,-482426,3,FILE_COUNTRY_TARGET,https://clio-infra.eu/Indicators/TotalPopulation.html,Nepal 1750-1800 interpolation
09_central_asia.txt,STATE_JETISY,CHI,133642,133642,0,3,PROTECTED,,China/Genoa/Venice protected
09_central_asia.txt,STATE_KABUL,DUR,1078980,863184,-215796,10,PROVISIONAL_REGIONAL_LOW,https://clio-infra.eu/Indicators/TotalPopulation.html,09_central_asia.txt regional lower-bound factor 0.8; revise with local census
09_central_asia.txt,STATE_KANDAHAR,DUR,868459,694767,-173692,8,PROVISIONAL_REGIONAL_LOW,https://clio-infra.eu/Indicators/TotalPopulation.html,09_central_asia.txt regional lower-bound factor 0.8; revise with local census
09_central_asia.txt,STATE_KAZAN,RUS,1109562,826105,-283457,7,COUNTRY_TARGET,https://clio-infra.eu/Indicators/TotalPopulation.html,low estimate; Russian Empire footprint
09_central_asia.txt,STATE_KHIVA,KHI,931137,744910,-186227,7,PROVISIONAL_REGIONAL_LOW,https://clio-infra.eu/Indicators/TotalPopulation.html,09_central_asia.txt regional lower-bound factor 0.8; revise with local census
09_central_asia.txt,STATE_KHIVA,KZH,9406,7525,-1881,2,PROVISIONAL_REGIONAL_LOW,https://clio-infra.eu/Indicators/TotalPopulation.html,09_central_asia.txt regional lower-bound factor 0.8; revise with local census
09_central_asia.txt,STATE_KHIVA,TRM,14232,11386,-2846,2,PROVISIONAL_REGIONAL_LOW,https://clio-infra.eu/Indicators/TotalPopulation.html,09_central_asia.txt regional lower-bound factor 0.8; revise with local census
09_central_asia.txt,STATE_KIRGHIZIA,CHI,88252,88252,0,5,PROTECTED,,China/Genoa/Venice protected
09_central_asia.txt,STATE_KIRGHIZIA,KOK,388448,310758,-77690,9,PROVISIONAL_REGIONAL_LOW,https://clio-infra.eu/Indicators/TotalPopulation.html,09_central_asia.txt regional lower-bound factor 0.8; revise with local census
09_central_asia.txt,STATE_KUBAN,CIR,590000,472000,-118000,2,PROVISIONAL_REGIONAL_LOW,https://clio-infra.eu/Indicators/TotalPopulation.html,09_central_asia.txt regional lower-bound factor 0.8; revise with local census
09_central_asia.txt,STATE_KUBAN,CRI,430200,344160,-86040,6,PROVISIONAL_REGIONAL_LOW,https://clio-infra.eu/Indicators/TotalPopulation.html,09_central_asia.txt regional lower-bound factor 0.8; revise with local census
09_central_asia.txt,STATE_LHASA,TIB,1820000,1456000,-364000,2,PROVISIONAL_REGIONAL_LOW,https://clio-infra.eu/Indicators/TotalPopulation.html,09_central_asia.txt regional lower-bound factor 0.8; revise with local census
09_central_asia.txt,STATE_MERZ,BUK,56746,45397,-11349,3,PROVISIONAL_REGIONAL_LOW,https://clio-infra.eu/Indicators/TotalPopulation.html,09_central_asia.txt regional lower-bound factor 0.8; revise with local census
09_central_asia.txt,STATE_MERZ,KHI,33022,26418,-6604,2,PROVISIONAL_REGIONAL_LOW,https://clio-infra.eu/Indicators/TotalPopulation.html,09_central_asia.txt regional lower-bound factor 0.8; revise with local census
09_central_asia.txt,STATE_MERZ,TRM,163061,130449,-32612,3,PROVISIONAL_REGIONAL_LOW,https://clio-infra.eu/Indicators/TotalPopulation.html,09_central_asia.txt regional lower-bound factor 0.8; revise with local census
09_central_asia.txt,STATE_NGARI,TIB,890000,712000,-178000,3,PROVISIONAL_REGIONAL_LOW,https://clio-infra.eu/Indicators/TotalPopulation.html,09_central_asia.txt regional lower-bound factor 0.8; revise with local census
09_central_asia.txt,STATE_NORTHERN_BALUCHISTAN,DUR,30520,24416,-6104,4,PROVISIONAL_REGIONAL_LOW,https://clio-infra.eu/Indicators/TotalPopulation.html,09_central_asia.txt regional lower-bound factor 0.8; revise with local census
09_central_asia.txt,STATE_PASHTUNISTAN,DUR,2263428,1810742,-452686,27,PROVISIONAL_REGIONAL_LOW,https://clio-infra.eu/Indicators/TotalPopulation.html,09_central_asia.txt regional lower-bound factor 0.8; revise with local census
09_central_asia.txt,STATE_QUETTA,DUR,291926,233541,-58385,11,PROVISIONAL_REGIONAL_LOW,https://clio-infra.eu/Indicators/TotalPopulation.html,09_central_asia.txt regional lower-bound factor 0.8; revise with local census
09_central_asia.txt,STATE_SAMARA,KZH,1763287,1410630,-352657,11,PROVISIONAL_REGIONAL_LOW,https://clio-infra.eu/Indicators/TotalPopulation.html,09_central_asia.txt regional lower-bound factor 0.8; revise with local census
09_central_asia.txt,STATE_SEMIRECHE,OZH,242674,194139,-48535,3,PROVISIONAL_REGIONAL_LOW,https://clio-infra.eu/Indicators/TotalPopulation.html,09_central_asia.txt regional lower-bound factor 0.8; revise with local census
09_central_asia.txt,STATE_SYRDARYA,KOK,156005,124804,-31201,2,PROVISIONAL_REGIONAL_LOW,https://clio-infra.eu/Indicators/TotalPopulation.html,09_central_asia.txt regional lower-bound factor 0.8; revise with local census
09_central_asia.txt,STATE_SYRDARYA,KZH,59100,47280,-11820,2,PROVISIONAL_REGIONAL_LOW,https://clio-infra.eu/Indicators/TotalPopulation.html,09_central_asia.txt regional lower-bound factor 0.8; revise with local census
09_central_asia.txt,STATE_SYRDARYA,OZH,36500,29200,-7300,1,PROVISIONAL_REGIONAL_LOW,https://clio-infra.eu/Indicators/TotalPopulation.html,09_central_asia.txt regional lower-bound factor 0.8; revise with local census
09_central_asia.txt,STATE_SYRDARYA,UZH,196745,157396,-39349,3,PROVISIONAL_REGIONAL_LOW,https://clio-infra.eu/Indicators/TotalPopulation.html,09_central_asia.txt regional lower-bound factor 0.8; revise with local census
09_central_asia.txt,STATE_TAJIKISTAN,BUK,331435,265148,-66287,5,PROVISIONAL_REGIONAL_LOW,https://clio-infra.eu/Indicators/TotalPopulation.html,09_central_asia.txt regional lower-bound factor 0.8; revise with local census
09_central_asia.txt,STATE_TAJIKISTAN,KOK,236248,188998,-47250,5,PROVISIONAL_REGIONAL_LOW,https://clio-infra.eu/Indicators/TotalPopulation.html,09_central_asia.txt regional lower-bound factor 0.8; revise with local census
09_central_asia.txt,STATE_TARTARIA,RUS,1189294,885469,-303825,7,COUNTRY_TARGET,https://clio-infra.eu/Indicators/TotalPopulation.html,low estimate; Russian Empire footprint
09_central_asia.txt,STATE_TURKMENIA,KHI,79229,63383,-15846,3,PROVISIONAL_REGIONAL_LOW,https://clio-infra.eu/Indicators/TotalPopulation.html,09_central_asia.txt regional lower-bound factor 0.8; revise with local census
09_central_asia.txt,STATE_TURKMENIA,TRM,323045,258436,-64609,3,PROVISIONAL_REGIONAL_LOW,https://clio-infra.eu/Indicators/TotalPopulation.html,09_central_asia.txt regional lower-bound factor 0.8; revise with local census
09_central_asia.txt,STATE_URALSK,KZH,225451,180361,-45090,6,PROVISIONAL_REGIONAL_LOW,https://clio-infra.eu/Indicators/TotalPopulation.html,09_central_asia.txt regional lower-bound factor 0.8; revise with local census
09_central_asia.txt,STATE_URALSK,TRM,9787,7830,-1957,3,PROVISIONAL_REGIONAL_LOW,https://clio-infra.eu/Indicators/TotalPopulation.html,09_central_asia.txt regional lower-bound factor 0.8; revise with local census
09_central_asia.txt,STATE_UZBEKIA,BUK,1024095,819276,-204819,10,PROVISIONAL_REGIONAL_LOW,https://clio-infra.eu/Indicators/TotalPopulation.html,09_central_asia.txt regional lower-bound factor 0.8; revise with local census
10_india.txt,STATE_AGRA,GAR,192822,220411,27589,3,INDIA_LOW_REGIONAL_TARGET,https://clio-infra.eu/Indicators/TotalPopulation.html,conservative subcontinent estimate; provincial proportions inherited and provisional
10_india.txt,STATE_AGRA,MARATH,20933434,23928236,2994802,11,INDIA_LOW_REGIONAL_TARGET,https://clio-infra.eu/Indicators/TotalPopulation.html,conservative subcontinent estimate; provincial proportions inherited and provisional
10_india.txt,STATE_ASSAM,KKI,24591,28110,3519,1,INDIA_LOW_REGIONAL_TARGET,https://clio-infra.eu/Indicators/TotalPopulation.html,conservative subcontinent estimate; provincial proportions inherited and provisional
10_india.txt,STATE_ASSAM,MGH,62201,71101,8900,1,INDIA_LOW_REGIONAL_TARGET,https://clio-infra.eu/Indicators/TotalPopulation.html,conservative subcontinent estimate; provincial proportions inherited and provisional
10_india.txt,STATE_ASSAM,NGA,553006,632128,79122,7,INDIA_LOW_REGIONAL_TARGET,https://clio-infra.eu/Indicators/TotalPopulation.html,conservative subcontinent estimate; provincial proportions inherited and provisional
10_india.txt,STATE_ASSAM,TIP,1257285,1437161,179876,6,INDIA_LOW_REGIONAL_TARGET,https://clio-infra.eu/Indicators/TotalPopulation.html,conservative subcontinent estimate; provincial proportions inherited and provisional
10_india.txt,STATE_AWADH,AWA,4824221,5514390,690169,4,INDIA_LOW_REGIONAL_TARGET,https://clio-infra.eu/Indicators/TotalPopulation.html,conservative subcontinent estimate; provincial proportions inherited and provisional
10_india.txt,STATE_AWADH,BIC,3682454,4209280,526826,6,INDIA_LOW_REGIONAL_TARGET,https://clio-infra.eu/Indicators/TotalPopulation.html,conservative subcontinent estimate; provincial proportions inherited and provisional
10_india.txt,STATE_BIHAR,BIC,12241311,13992590,1751279,6,INDIA_LOW_REGIONAL_TARGET,https://clio-infra.eu/Indicators/TotalPopulation.html,conservative subcontinent estimate; provincial proportions inherited and provisional
10_india.txt,STATE_BOMBAY,KHP,517691,591757,74066,4,INDIA_LOW_REGIONAL_TARGET,https://clio-infra.eu/Indicators/TotalPopulation.html,conservative subcontinent estimate; provincial proportions inherited and provisional
10_india.txt,STATE_BOMBAY,MARATH,11802465,13490978,1688513,23,INDIA_LOW_REGIONAL_TARGET,https://clio-infra.eu/Indicators/TotalPopulation.html,conservative subcontinent estimate; provincial proportions inherited and provisional
10_india.txt,STATE_BOMBAY,POR,446391,510257,63866,3,INDIA_LOW_REGIONAL_TARGET,https://clio-infra.eu/Indicators/TotalPopulation.html,conservative subcontinent estimate; provincial proportions inherited and provisional
10_india.txt,STATE_BOMBAY,SAT,742713,848972,106259,4,INDIA_LOW_REGIONAL_TARGET,https://clio-infra.eu/Indicators/TotalPopulation.html,conservative subcontinent estimate; provincial proportions inherited and provisional
10_india.txt,STATE_BUNDELKHAND,BIC,482410,551430,69020,5,INDIA_LOW_REGIONAL_TARGET,https://clio-infra.eu/Indicators/TotalPopulation.html,conservative subcontinent estimate; provincial proportions inherited and provisional
10_india.txt,STATE_BUNDELKHAND,MARATH,2017508,2306145,288637,7,INDIA_LOW_REGIONAL_TARGET,https://clio-infra.eu/Indicators/TotalPopulation.html,conservative subcontinent estimate; provincial proportions inherited and provisional
10_india.txt,STATE_CENTRAL_PROVINCES,HYD,2305617,2635476,329859,10,INDIA_LOW_REGIONAL_TARGET,https://clio-infra.eu/Indicators/TotalPopulation.html,conservative subcontinent estimate; provincial proportions inherited and provisional
10_india.txt,STATE_CENTRAL_PROVINCES,MARATH,904738,1034179,129441,7,INDIA_LOW_REGIONAL_TARGET,https://clio-infra.eu/Indicators/TotalPopulation.html,conservative subcontinent estimate; provincial proportions inherited and provisional
10_india.txt,STATE_CENTRAL_PROVINCES,NAG,3683538,4210531,526993,16,INDIA_LOW_REGIONAL_TARGET,https://clio-infra.eu/Indicators/TotalPopulation.html,conservative subcontinent estimate; provincial proportions inherited and provisional
10_india.txt,STATE_CEYLON,DEI,1199900,1371572,171672,11,INDIA_LOW_REGIONAL_TARGET,https://clio-infra.eu/Indicators/TotalPopulation.html,conservative subcontinent estimate; provincial proportions inherited and provisional
10_india.txt,STATE_CEYLON,GBR,2944,3371,427,5,INDIA_LOW_REGIONAL_TARGET,https://clio-infra.eu/Indicators/TotalPopulation.html,conservative subcontinent estimate; provincial proportions inherited and provisional
10_india.txt,STATE_CEYLON,MLD,55992,64005,8013,3,INDIA_LOW_REGIONAL_TARGET,https://clio-infra.eu/Indicators/TotalPopulation.html,conservative subcontinent estimate; provincial proportions inherited and provisional
10_india.txt,STATE_CIRCARS,BIC,3102255,3546081,443826,11,INDIA_LOW_REGIONAL_TARGET,https://clio-infra.eu/Indicators/TotalPopulation.html,conservative subcontinent estimate; provincial proportions inherited and provisional
10_india.txt,STATE_CIRCARS,JEY,244520,279507,34987,5,INDIA_LOW_REGIONAL_TARGET,https://clio-infra.eu/Indicators/TotalPopulation.html,conservative subcontinent estimate; provincial proportions inherited and provisional
10_india.txt,STATE_DELHI,MUG,3421258,3910725,489467,14,INDIA_LOW_REGIONAL_TARGET,https://clio-infra.eu/Indicators/TotalPopulation.html,conservative subcontinent estimate; provincial proportions inherited and provisional
10_india.txt,STATE_EAST_BENGAL,BIC,21556674,24640634,3083960,8,INDIA_LOW_REGIONAL_TARGET,https://clio-infra.eu/Indicators/TotalPopulation.html,conservative subcontinent estimate; provincial proportions inherited and provisional
10_india.txt,STATE_GUJARAT,BHV,5335039,6098336,763297,56,INDIA_LOW_REGIONAL_TARGET,https://clio-infra.eu/Indicators/TotalPopulation.html,conservative subcontinent estimate; provincial proportions inherited and provisional
10_india.txt,STATE_GUJARAT,POR,55624,63585,7961,4,INDIA_LOW_REGIONAL_TARGET,https://clio-infra.eu/Indicators/TotalPopulation.html,conservative subcontinent estimate; provincial proportions inherited and provisional
10_india.txt,STATE_HILL_PUNJAB,DUR,2468805,2822023,353218,24,INDIA_LOW_REGIONAL_TARGET,https://clio-infra.eu/Indicators/TotalPopulation.html,conservative subcontinent estimate; provincial proportions inherited and provisional
10_india.txt,STATE_HYDERABAD,HYD,8549837,9773007,1223170,9,INDIA_LOW_REGIONAL_TARGET,https://clio-infra.eu/Indicators/TotalPopulation.html,conservative subcontinent estimate; provincial proportions inherited and provisional
10_india.txt,STATE_INDIAN_OCEAN_TERRITORY,FRA,105992,121159,15167,4,INDIA_LOW_REGIONAL_TARGET,https://clio-infra.eu/Indicators/TotalPopulation.html,conservative subcontinent estimate; provincial proportions inherited and provisional
10_india.txt,STATE_INDIAN_OCEAN_TERRITORY,GBR,103400,118196,14796,4,INDIA_LOW_REGIONAL_TARGET,https://clio-infra.eu/Indicators/TotalPopulation.html,conservative subcontinent estimate; provincial proportions inherited and provisional
10_india.txt,STATE_KASHMIR,DUR,1682256,1922936,240680,13,INDIA_LOW_REGIONAL_TARGET,https://clio-infra.eu/Indicators/TotalPopulation.html,conservative subcontinent estimate; provincial proportions inherited and provisional
10_india.txt,STATE_KURNOOL,KNO,1741520,1990676,249156,10,INDIA_LOW_REGIONAL_TARGET,https://clio-infra.eu/Indicators/TotalPopulation.html,conservative subcontinent estimate; provincial proportions inherited and provisional
10_india.txt,STATE_MADRAS,DENNOR,34313,39225,4912,3,INDIA_LOW_REGIONAL_TARGET,https://clio-infra.eu/Indicators/TotalPopulation.html,conservative subcontinent estimate; provincial proportions inherited and provisional
10_india.txt,STATE_MADRAS,FRA,230609,263604,32995,4,INDIA_LOW_REGIONAL_TARGET,https://clio-infra.eu/Indicators/TotalPopulation.html,conservative subcontinent estimate; provincial proportions inherited and provisional
10_india.txt,STATE_MADRAS,PUD,8569817,9795851,1226034,15,INDIA_LOW_REGIONAL_TARGET,https://clio-infra.eu/Indicators/TotalPopulation.html,conservative subcontinent estimate; provincial proportions inherited and provisional
10_india.txt,STATE_MALWA,GWA,1733642,1981677,248035,15,INDIA_LOW_REGIONAL_TARGET,https://clio-infra.eu/Indicators/TotalPopulation.html,conservative subcontinent estimate; provincial proportions inherited and provisional
10_india.txt,STATE_MALWA,MARATH,547720,626084,78364,6,INDIA_LOW_REGIONAL_TARGET,https://clio-infra.eu/Indicators/TotalPopulation.html,conservative subcontinent estimate; provincial proportions inherited and provisional
10_india.txt,STATE_MYSORE,MYS,4333983,4954029,620046,14,INDIA_LOW_REGIONAL_TARGET,https://clio-infra.eu/Indicators/TotalPopulation.html,conservative subcontinent estimate; provincial proportions inherited and provisional
10_india.txt,STATE_ORISSA,NAG,1312267,1500016,187749,13,INDIA_LOW_REGIONAL_TARGET,https://clio-infra.eu/Indicators/TotalPopulation.html,conservative subcontinent estimate; provincial proportions inherited and provisional
10_india.txt,STATE_PUNJAB,DUR,229287,262096,32809,6,INDIA_LOW_REGIONAL_TARGET,https://clio-infra.eu/Indicators/TotalPopulation.html,conservative subcontinent estimate; provincial proportions inherited and provisional
10_india.txt,STATE_PUNJAB,PAN,5480251,6264276,784025,7,INDIA_LOW_REGIONAL_TARGET,https://clio-infra.eu/Indicators/TotalPopulation.html,conservative subcontinent estimate; provincial proportions inherited and provisional
10_india.txt,STATE_RAJPUTANA,GWA,5298865,6056978,758113,46,INDIA_LOW_REGIONAL_TARGET,https://clio-infra.eu/Indicators/TotalPopulation.html,conservative subcontinent estimate; provincial proportions inherited and provisional
10_india.txt,STATE_SINDH,SIN,1960004,2240413,280409,5,INDIA_LOW_REGIONAL_TARGET,https://clio-infra.eu/Indicators/TotalPopulation.html,conservative subcontinent estimate; provincial proportions inherited and provisional
10_india.txt,STATE_TRAVANCORE,COC,530451,606343,75892,4,INDIA_LOW_REGIONAL_TARGET,https://clio-infra.eu/Indicators/TotalPopulation.html,conservative subcontinent estimate; provincial proportions inherited and provisional
10_india.txt,STATE_TRAVANCORE,NET,1090404,1246406,156002,6,INDIA_LOW_REGIONAL_TARGET,https://clio-infra.eu/Indicators/TotalPopulation.html,conservative subcontinent estimate; provincial proportions inherited and provisional
10_india.txt,STATE_TRAVANCORE,TRA,1055033,1205973,150940,5,INDIA_LOW_REGIONAL_TARGET,https://clio-infra.eu/Indicators/TotalPopulation.html,conservative subcontinent estimate; provincial proportions inherited and provisional
10_india.txt,STATE_WEST_BENGAL,BIC,17269275,19739872,2470597,11,INDIA_LOW_REGIONAL_TARGET,https://clio-infra.eu/Indicators/TotalPopulation.html,conservative subcontinent estimate; provincial proportions inherited and provisional
10_india.txt,STATE_WEST_BENGAL,COO,243388,278212,34824,4,INDIA_LOW_REGIONAL_TARGET,https://clio-infra.eu/Indicators/TotalPopulation.html,conservative subcontinent estimate; provincial proportions inherited and provisional
11_east_asia.txt,STATE_ALXA,CHI,44788,44788,0,3,PROTECTED,,China/Genoa/Venice protected
11_east_asia.txt,STATE_ANNAM,DAI,2406625,2406625,0,6,DEFERRED_MAP,,border/map rework
11_east_asia.txt,STATE_ARAKAN,KKI,214204,182073,-32131,6,PROVISIONAL_REGIONAL_LOW,https://clio-infra.eu/Indicators/TotalPopulation.html,11_east_asia.txt regional lower-bound factor 0.85; revise with local census
11_east_asia.txt,STATE_BANGKOK,SIA,1718404,1434175,-284229,3,FILE_COUNTRY_TARGET,https://clio-infra.eu/Indicators/TotalPopulation.html,Thailand-area interpolation
11_east_asia.txt,STATE_BEIJING,CHI,13137220,13137220,0,4,PROTECTED,,China/Genoa/Venice protected
11_east_asia.txt,STATE_BUSAN,KOR,3596627,3050280,-546347,2,FILE_COUNTRY_TARGET,https://clio-infra.eu/Indicators/TotalPopulation.html,Korea low estimate
11_east_asia.txt,STATE_CAMBODIA,CAM,714412,607250,-107162,5,PROVISIONAL_REGIONAL_LOW,https://clio-infra.eu/Indicators/TotalPopulation.html,11_east_asia.txt regional lower-bound factor 0.85; revise with local census
11_east_asia.txt,STATE_CAMBODIA,KLO,45000,38250,-6750,3,PROVISIONAL_REGIONAL_LOW,https://clio-infra.eu/Indicators/TotalPopulation.html,11_east_asia.txt regional lower-bound factor 0.85; revise with local census
11_east_asia.txt,STATE_CAMBODIA,SIA,201335,168039,-33296,5,FILE_COUNTRY_TARGET,https://clio-infra.eu/Indicators/TotalPopulation.html,Thailand-area interpolation
11_east_asia.txt,STATE_CHIANG_MAI,CMI,924200,785570,-138630,5,PROVISIONAL_REGIONAL_LOW,https://clio-infra.eu/Indicators/TotalPopulation.html,11_east_asia.txt regional lower-bound factor 0.85; revise with local census
11_east_asia.txt,STATE_CHONGQING,CHI,4590574,4590574,0,2,PROTECTED,,China/Genoa/Venice protected
11_east_asia.txt,STATE_CHUGOKU,JAP,2768928,2552852,-216076,2,FILE_COUNTRY_TARGET,https://clio-infra.eu/Indicators/TotalPopulation.html,Japan 1750-1800 interpolation
11_east_asia.txt,STATE_DZUNGARIA,CHI,240200,240200,0,14,PROTECTED,,China/Genoa/Venice protected
11_east_asia.txt,STATE_EASTERN_HUBEI,CHI,7514142,7514142,0,5,PROTECTED,,China/Genoa/Venice protected
11_east_asia.txt,STATE_FORMOSA,CHI,900000,900000,0,6,PROTECTED,,China/Genoa/Venice protected
11_east_asia.txt,STATE_FUJIAN,CHI,11220000,11220000,0,9,PROTECTED,,China/Genoa/Venice protected
11_east_asia.txt,STATE_GANSU,CHI,6353655,6353655,0,6,PROTECTED,,China/Genoa/Venice protected
11_east_asia.txt,STATE_GUANGDONG,CHI,8697317,8697317,0,13,PROTECTED,,China/Genoa/Venice protected
11_east_asia.txt,STATE_GUANGDONG,POR,347996,295797,-52199,4,PROVISIONAL_REGIONAL_LOW,https://clio-infra.eu/Indicators/TotalPopulation.html,11_east_asia.txt regional lower-bound factor 0.85; revise with local census
11_east_asia.txt,STATE_GUANGXI,CHI,5380000,5380000,0,9,PROTECTED,,China/Genoa/Venice protected
11_east_asia.txt,STATE_GUIZHOU,CHI,5000000,5000000,0,7,PROTECTED,,China/Genoa/Venice protected
11_east_asia.txt,STATE_HENAN,CHI,19860000,19860000,0,5,PROTECTED,,China/Genoa/Venice protected
11_east_asia.txt,STATE_HINGGAN,CHI,800000,800000,0,5,PROTECTED,,China/Genoa/Venice protected
11_east_asia.txt,STATE_HOKKAIDO,EZO,30331,25781,-4550,2,PROVISIONAL_REGIONAL_LOW,https://clio-infra.eu/Indicators/TotalPopulation.html,11_east_asia.txt regional lower-bound factor 0.85; revise with local census
11_east_asia.txt,STATE_HOKKAIDO,JAP,31204,28771,-2433,2,FILE_COUNTRY_TARGET,https://clio-infra.eu/Indicators/TotalPopulation.html,Japan 1750-1800 interpolation
11_east_asia.txt,STATE_HOKUSHINETSU,JAP,2908540,2681568,-226972,2,FILE_COUNTRY_TARGET,https://clio-infra.eu/Indicators/TotalPopulation.html,Japan 1750-1800 interpolation
11_east_asia.txt,STATE_HUNAN,CHI,14990000,14990000,0,7,PROTECTED,,China/Genoa/Venice protected
11_east_asia.txt,STATE_JIANGSU,CHI,7958356,7958356,0,3,PROTECTED,,China/Genoa/Venice protected
11_east_asia.txt,STATE_JIANGXI,CHI,16850000,16850000,0,8,PROTECTED,,China/Genoa/Venice protected
11_east_asia.txt,STATE_KACHIN,BUR,638171,542445,-95726,6,PROVISIONAL_REGIONAL_LOW,https://clio-infra.eu/Indicators/TotalPopulation.html,11_east_asia.txt regional lower-bound factor 0.85; revise with local census
11_east_asia.txt,STATE_KANSAI,JAP,5843204,5387221,-455983,2,FILE_COUNTRY_TARGET,https://clio-infra.eu/Indicators/TotalPopulation.html,Japan 1750-1800 interpolation
11_east_asia.txt,STATE_KANTO,JAP,5173276,4769572,-403704,2,FILE_COUNTRY_TARGET,https://clio-infra.eu/Indicators/TotalPopulation.html,Japan 1750-1800 interpolation
11_east_asia.txt,STATE_KYOTO,JAP,2021176,1863452,-157724,2,FILE_COUNTRY_TARGET,https://clio-infra.eu/Indicators/TotalPopulation.html,Japan 1750-1800 interpolation
11_east_asia.txt,STATE_KYUSHU,JAP,4256047,3923923,-332124,4,FILE_COUNTRY_TARGET,https://clio-infra.eu/Indicators/TotalPopulation.html,Japan 1750-1800 interpolation
11_east_asia.txt,STATE_LAOS,CHP,142216,142216,0,4,DEFERRED_MAP,,border/map rework
11_east_asia.txt,STATE_LAOS,DAI,92552,92552,0,4,DEFERRED_MAP,,border/map rework
11_east_asia.txt,STATE_LAOS,LUA,315473,315473,0,5,DEFERRED_MAP,,border/map rework
11_east_asia.txt,STATE_LAOS,SCT,11000,11000,0,1,DEFERRED_MAP,,border/map rework
11_east_asia.txt,STATE_LAOS,SIA,151094,151094,0,4,DEFERRED_MAP,,border/map rework
11_east_asia.txt,STATE_MANDALAY,BUR,1047934,890744,-157190,5,PROVISIONAL_REGIONAL_LOW,https://clio-infra.eu/Indicators/TotalPopulation.html,11_east_asia.txt regional lower-bound factor 0.85; revise with local census
11_east_asia.txt,STATE_MANDALAY,KKI,37012,31460,-5552,1,PROVISIONAL_REGIONAL_LOW,https://clio-infra.eu/Indicators/TotalPopulation.html,11_east_asia.txt regional lower-bound factor 0.85; revise with local census
11_east_asia.txt,STATE_MEKONG,DAI,1757188,1757188,0,11,DEFERRED_MAP,,border/map rework
11_east_asia.txt,STATE_MEKONG,DGR,55000,55000,0,2,DEFERRED_MAP,,border/map rework
11_east_asia.txt,STATE_NAKHON_RATCHASIMA,SIA,1182312,986758,-195554,6,FILE_COUNTRY_TARGET,https://clio-infra.eu/Indicators/TotalPopulation.html,Thailand-area interpolation
11_east_asia.txt,STATE_NANJING,CHI,8058744,8058744,0,3,PROTECTED,,China/Genoa/Venice protected
11_east_asia.txt,STATE_NINGXIA,CHI,8716345,8716345,0,5,PROTECTED,,China/Genoa/Venice protected
11_east_asia.txt,STATE_NORTHERN_ANHUI,CHI,8776132,8776132,0,3,PROTECTED,,China/Genoa/Venice protected
11_east_asia.txt,STATE_NORTHERN_MANCHURIA,CHI,20623,20623,0,3,PROTECTED,,China/Genoa/Venice protected
11_east_asia.txt,STATE_PEGU,BIC,1923,1635,-288,1,PROVISIONAL_REGIONAL_LOW,https://clio-infra.eu/Indicators/TotalPopulation.html,11_east_asia.txt regional lower-bound factor 0.85; revise with local census
11_east_asia.txt,STATE_PEGU,BUR,1318644,1120847,-197797,5,PROVISIONAL_REGIONAL_LOW,https://clio-infra.eu/Indicators/TotalPopulation.html,11_east_asia.txt regional lower-bound factor 0.85; revise with local census
11_east_asia.txt,STATE_PEGU,DENNOR,9102,7737,-1365,1,PROVISIONAL_REGIONAL_LOW,https://clio-infra.eu/Indicators/TotalPopulation.html,11_east_asia.txt regional lower-bound factor 0.85; revise with local census
11_east_asia.txt,STATE_PYONGYANG,KOR,3612828,3064020,-548808,2,FILE_COUNTRY_TARGET,https://clio-infra.eu/Indicators/TotalPopulation.html,Korea low estimate
11_east_asia.txt,STATE_QINGHAI,CHI,800000,800000,0,6,PROTECTED,,China/Genoa/Venice protected
11_east_asia.txt,STATE_RYUKYU_ISLANDS,JAP,117451,108292,-9159,7,FILE_COUNTRY_TARGET,https://clio-infra.eu/Indicators/TotalPopulation.html,Japan 1750-1800 interpolation
11_east_asia.txt,STATE_RYUKYU_ISLANDS,RYU,193495,164471,-29024,4,PROVISIONAL_REGIONAL_LOW,https://clio-infra.eu/Indicators/TotalPopulation.html,11_east_asia.txt regional lower-bound factor 0.85; revise with local census
11_east_asia.txt,STATE_SAKHALIN,AIN,16049,13642,-2407,2,PROVISIONAL_REGIONAL_LOW,https://clio-infra.eu/Indicators/TotalPopulation.html,11_east_asia.txt regional lower-bound factor 0.85; revise with local census
11_east_asia.txt,STATE_SAKHALIN,ALK,1748,1486,-262,5,PROVISIONAL_REGIONAL_LOW,https://clio-infra.eu/Indicators/TotalPopulation.html,11_east_asia.txt regional lower-bound factor 0.85; revise with local census
11_east_asia.txt,STATE_SAKHALIN,EZO,1411,1199,-212,2,PROVISIONAL_REGIONAL_LOW,https://clio-infra.eu/Indicators/TotalPopulation.html,11_east_asia.txt regional lower-bound factor 0.85; revise with local census
11_east_asia.txt,STATE_SAKHALIN,SKH,11446,9729,-1717,1,PROVISIONAL_REGIONAL_LOW,https://clio-infra.eu/Indicators/TotalPopulation.html,11_east_asia.txt regional lower-bound factor 0.85; revise with local census
11_east_asia.txt,STATE_SAKHALIN,ULT,9350,7948,-1402,2,PROVISIONAL_REGIONAL_LOW,https://clio-infra.eu/Indicators/TotalPopulation.html,11_east_asia.txt regional lower-bound factor 0.85; revise with local census
11_east_asia.txt,STATE_SARIWON,KOR,1620102,1374001,-246101,2,FILE_COUNTRY_TARGET,https://clio-infra.eu/Indicators/TotalPopulation.html,Korea low estimate
11_east_asia.txt,STATE_SEOUL,KOR,2818978,2390760,-428218,2,FILE_COUNTRY_TARGET,https://clio-infra.eu/Indicators/TotalPopulation.html,Korea low estimate
11_east_asia.txt,STATE_SHANDONG,CHI,21500000,21500000,0,2,PROTECTED,,China/Genoa/Venice protected
11_east_asia.txt,STATE_SHANXI,CHI,12500000,12500000,0,4,PROTECTED,,China/Genoa/Venice protected
11_east_asia.txt,STATE_SHAN_STATES,BUR,468725,398416,-70309,4,PROVISIONAL_REGIONAL_LOW,https://clio-infra.eu/Indicators/TotalPopulation.html,11_east_asia.txt regional lower-bound factor 0.85; revise with local census
11_east_asia.txt,STATE_SHAN_STATES,SHS,627800,533630,-94170,5,PROVISIONAL_REGIONAL_LOW,https://clio-infra.eu/Indicators/TotalPopulation.html,11_east_asia.txt regional lower-bound factor 0.85; revise with local census
11_east_asia.txt,STATE_SHAOZHOU,CHI,6122683,6122683,0,6,PROTECTED,,China/Genoa/Venice protected
11_east_asia.txt,STATE_SHENGJING,CHI,770000,770000,0,4,PROTECTED,,China/Genoa/Venice protected
11_east_asia.txt,STATE_SHIKOKU,JAP,1513836,1395703,-118133,2,FILE_COUNTRY_TARGET,https://clio-infra.eu/Indicators/TotalPopulation.html,Japan 1750-1800 interpolation
11_east_asia.txt,STATE_SICHUAN,CHI,3199426,3199426,0,6,PROTECTED,,China/Genoa/Venice protected
11_east_asia.txt,STATE_SOUTHERN_ANHUI,CHI,18793868,18793868,0,5,PROTECTED,,China/Genoa/Venice protected
11_east_asia.txt,STATE_SOUTHERN_MANCHURIA,CHI,58869,58869,0,5,PROTECTED,,China/Genoa/Venice protected
11_east_asia.txt,STATE_SUZHOU,CHI,12792900,12792900,0,2,PROTECTED,,China/Genoa/Venice protected
11_east_asia.txt,STATE_TENASSERIM,BUR,357696,304042,-53654,6,PROVISIONAL_REGIONAL_LOW,https://clio-infra.eu/Indicators/TotalPopulation.html,11_east_asia.txt regional lower-bound factor 0.85; revise with local census
11_east_asia.txt,STATE_TENASSERIM,SIA,348700,291028,-57672,6,FILE_COUNTRY_TARGET,https://clio-infra.eu/Indicators/TotalPopulation.html,Thailand-area interpolation
11_east_asia.txt,STATE_TIANSHAN,CHI,370200,370200,0,8,PROTECTED,,China/Genoa/Venice protected
11_east_asia.txt,STATE_TOHOKU,JAP,3291912,3035023,-256889,2,FILE_COUNTRY_TARGET,https://clio-infra.eu/Indicators/TotalPopulation.html,Japan 1750-1800 interpolation
11_east_asia.txt,STATE_TOKAI,JAP,2965000,2733623,-231377,2,FILE_COUNTRY_TARGET,https://clio-infra.eu/Indicators/TotalPopulation.html,Japan 1750-1800 interpolation
11_east_asia.txt,STATE_TONKIN,DAI,2314544,2314544,0,9,DEFERRED_MAP,,border/map rework
11_east_asia.txt,STATE_TONKIN,SCT,29000,29000,0,1,DEFERRED_MAP,,border/map rework
11_east_asia.txt,STATE_ULIASTAI,CHI,283623,283623,0,3,PROTECTED,,China/Genoa/Venice protected
11_east_asia.txt,STATE_URGA,CHI,340996,340996,0,2,PROTECTED,,China/Genoa/Venice protected
11_east_asia.txt,STATE_WESTERN_HUBEI,CHI,7305858,7305858,0,4,PROTECTED,,China/Genoa/Venice protected
11_east_asia.txt,STATE_XIAN,CHI,8190000,8190000,0,5,PROTECTED,,China/Genoa/Venice protected
11_east_asia.txt,STATE_YANGHO,KOR,4552487,3860939,-691548,2,FILE_COUNTRY_TARGET,https://clio-infra.eu/Indicators/TotalPopulation.html,Korea low estimate
11_east_asia.txt,STATE_YUNNAN,CHI,3100000,3100000,0,9,PROTECTED,,China/Genoa/Venice protected
11_east_asia.txt,STATE_ZHEJIANG,CHI,19370000,19370000,0,6,PROTECTED,,China/Genoa/Venice protected
11_east_asia.txt,STATE_ZHILI,CHI,7432780,7432780,0,4,PROTECTED,,China/Genoa/Venice protected
12_indonesia.txt,STATE_ACEH,ACE,354107,265580,-88527,5,PROVISIONAL_REGIONAL_LOW,https://clio-infra.eu/Indicators/TotalPopulation.html,12_indonesia.txt regional lower-bound factor 0.75; revise with local census
12_indonesia.txt,STATE_ACEH,INDOP,50985,38239,-12746,7,PROVISIONAL_REGIONAL_LOW,https://clio-infra.eu/Indicators/TotalPopulation.html,12_indonesia.txt regional lower-bound factor 0.75; revise with local census
12_indonesia.txt,STATE_ACEH,SAK,156833,117625,-39208,5,PROVISIONAL_REGIONAL_LOW,https://clio-infra.eu/Indicators/TotalPopulation.html,12_indonesia.txt regional lower-bound factor 0.75; revise with local census
12_indonesia.txt,STATE_BOUGAINVILLE,HLA,48000,36000,-12000,1,PROVISIONAL_REGIONAL_LOW,https://clio-infra.eu/Indicators/TotalPopulation.html,12_indonesia.txt regional lower-bound factor 0.75; revise with local census
12_indonesia.txt,STATE_CELEBES,BTN,56567,42425,-14142,3,PROVISIONAL_REGIONAL_LOW,https://clio-infra.eu/Indicators/TotalPopulation.html,12_indonesia.txt regional lower-bound factor 0.75; revise with local census
12_indonesia.txt,STATE_CELEBES,DEI,49863,37457,-12406,5,FILE_COUNTRY_TARGET,https://clio-infra.eu/Indicators/TotalPopulation.html,Java/outer islands low estimate; disputed historical series
12_indonesia.txt,STATE_CELEBES,SLW,449196,336897,-112299,2,PROVISIONAL_REGIONAL_LOW,https://clio-infra.eu/Indicators/TotalPopulation.html,12_indonesia.txt regional lower-bound factor 0.75; revise with local census
12_indonesia.txt,STATE_CELEBES,TID,3300,2475,-825,3,PROVISIONAL_REGIONAL_LOW,https://clio-infra.eu/Indicators/TotalPopulation.html,12_indonesia.txt regional lower-bound factor 0.75; revise with local census
12_indonesia.txt,STATE_CENTRAL_JAVA,DEI,2102816,1579358,-523458,5,FILE_COUNTRY_TARGET,https://clio-infra.eu/Indicators/TotalPopulation.html,Java/outer islands low estimate; disputed historical series
12_indonesia.txt,STATE_CENTRAL_JAVA,SRK,43431,32573,-10858,4,PROVISIONAL_REGIONAL_LOW,https://clio-infra.eu/Indicators/TotalPopulation.html,12_indonesia.txt regional lower-bound factor 0.75; revise with local census
12_indonesia.txt,STATE_CENTRAL_JAVA,YOG,58311,43733,-14578,4,PROVISIONAL_REGIONAL_LOW,https://clio-infra.eu/Indicators/TotalPopulation.html,12_indonesia.txt regional lower-bound factor 0.75; revise with local census
12_indonesia.txt,STATE_EASTERN_NEW_GUINEA,PPU,400102,300076,-100026,1,PROVISIONAL_REGIONAL_LOW,https://clio-infra.eu/Indicators/TotalPopulation.html,12_indonesia.txt regional lower-bound factor 0.75; revise with local census
12_indonesia.txt,STATE_EAST_BORNEO,BLG,100000,75000,-25000,4,PROVISIONAL_REGIONAL_LOW,https://clio-infra.eu/Indicators/TotalPopulation.html,12_indonesia.txt regional lower-bound factor 0.75; revise with local census
12_indonesia.txt,STATE_EAST_BORNEO,BNJ,159592,119694,-39898,5,PROVISIONAL_REGIONAL_LOW,https://clio-infra.eu/Indicators/TotalPopulation.html,12_indonesia.txt regional lower-bound factor 0.75; revise with local census
12_indonesia.txt,STATE_EAST_BORNEO,INDOP,20700,15525,-5175,5,PROVISIONAL_REGIONAL_LOW,https://clio-infra.eu/Indicators/TotalPopulation.html,12_indonesia.txt regional lower-bound factor 0.75; revise with local census
12_indonesia.txt,STATE_EAST_BORNEO,KTI,165000,123750,-41250,4,PROVISIONAL_REGIONAL_LOW,https://clio-infra.eu/Indicators/TotalPopulation.html,12_indonesia.txt regional lower-bound factor 0.75; revise with local census
12_indonesia.txt,STATE_EAST_JAVA,DEI,2080396,1562519,-517877,5,FILE_COUNTRY_TARGET,https://clio-infra.eu/Indicators/TotalPopulation.html,Java/outer islands low estimate; disputed historical series
12_indonesia.txt,STATE_EAST_MICRONESIA,MCR,24224,18168,-6056,3,PROVISIONAL_REGIONAL_LOW,https://clio-infra.eu/Indicators/TotalPopulation.html,12_indonesia.txt regional lower-bound factor 0.75; revise with local census
12_indonesia.txt,STATE_FIJI,FJI,82000,61500,-20500,1,PROVISIONAL_REGIONAL_LOW,https://clio-infra.eu/Indicators/TotalPopulation.html,12_indonesia.txt regional lower-bound factor 0.75; revise with local census
12_indonesia.txt,STATE_KANAK,KNK,56004,42003,-14001,1,PROVISIONAL_REGIONAL_LOW,https://clio-infra.eu/Indicators/TotalPopulation.html,12_indonesia.txt regional lower-bound factor 0.75; revise with local census
12_indonesia.txt,STATE_LUZON,PHI,1434456,1114013,-320443,7,FILE_COUNTRY_TARGET,https://clio-infra.eu/Indicators/TotalPopulation.html,Philippines low estimate
12_indonesia.txt,STATE_LUZON,SUL,43230,32422,-10808,3,PROVISIONAL_REGIONAL_LOW,https://clio-infra.eu/Indicators/TotalPopulation.html,12_indonesia.txt regional lower-bound factor 0.75; revise with local census
12_indonesia.txt,STATE_MALAYA,JOH,559404,419553,-139851,6,PROVISIONAL_REGIONAL_LOW,https://clio-infra.eu/Indicators/TotalPopulation.html,12_indonesia.txt regional lower-bound factor 0.75; revise with local census
12_indonesia.txt,STATE_MALAYA,PRK,147000,110250,-36750,3,PROVISIONAL_REGIONAL_LOW,https://clio-infra.eu/Indicators/TotalPopulation.html,12_indonesia.txt regional lower-bound factor 0.75; revise with local census
12_indonesia.txt,STATE_MALAYA,SEL,238000,178500,-59500,3,PROVISIONAL_REGIONAL_LOW,https://clio-infra.eu/Indicators/TotalPopulation.html,12_indonesia.txt regional lower-bound factor 0.75; revise with local census
12_indonesia.txt,STATE_MALAYA,SIA,264800,198600,-66200,3,PROVISIONAL_REGIONAL_LOW,https://clio-infra.eu/Indicators/TotalPopulation.html,12_indonesia.txt regional lower-bound factor 0.75; revise with local census
12_indonesia.txt,STATE_MINDANAO,MGD,292135,219101,-73034,5,PROVISIONAL_REGIONAL_LOW,https://clio-infra.eu/Indicators/TotalPopulation.html,12_indonesia.txt regional lower-bound factor 0.75; revise with local census
12_indonesia.txt,STATE_MINDANAO,MND,506235,379676,-126559,3,PROVISIONAL_REGIONAL_LOW,https://clio-infra.eu/Indicators/TotalPopulation.html,12_indonesia.txt regional lower-bound factor 0.75; revise with local census
12_indonesia.txt,STATE_MINDANAO,PHI,98086,76178,-21908,5,FILE_COUNTRY_TARGET,https://clio-infra.eu/Indicators/TotalPopulation.html,Philippines low estimate
12_indonesia.txt,STATE_MINDANAO,SUL,94700,71025,-23675,5,PROVISIONAL_REGIONAL_LOW,https://clio-infra.eu/Indicators/TotalPopulation.html,12_indonesia.txt regional lower-bound factor 0.75; revise with local census
12_indonesia.txt,STATE_MOLUCCAS,DEI,254291,190995,-63296,6,FILE_COUNTRY_TARGET,https://clio-infra.eu/Indicators/TotalPopulation.html,Java/outer islands low estimate; disputed historical series
12_indonesia.txt,STATE_MOLUCCAS,TID,223475,167606,-55869,4,PROVISIONAL_REGIONAL_LOW,https://clio-infra.eu/Indicators/TotalPopulation.html,12_indonesia.txt regional lower-bound factor 0.75; revise with local census
12_indonesia.txt,STATE_NAURU,NRU,1251,938,-313,1,PROVISIONAL_REGIONAL_LOW,https://clio-infra.eu/Indicators/TotalPopulation.html,12_indonesia.txt regional lower-bound factor 0.75; revise with local census
12_indonesia.txt,STATE_NORTH_BORNEO,BLG,12300,9225,-3075,4,PROVISIONAL_REGIONAL_LOW,https://clio-infra.eu/Indicators/TotalPopulation.html,12_indonesia.txt regional lower-bound factor 0.75; revise with local census
12_indonesia.txt,STATE_NORTH_BORNEO,BRU,212392,159294,-53098,5,PROVISIONAL_REGIONAL_LOW,https://clio-infra.eu/Indicators/TotalPopulation.html,12_indonesia.txt regional lower-bound factor 0.75; revise with local census
12_indonesia.txt,STATE_NORTH_BORNEO,SUL,40831,30623,-10208,6,PROVISIONAL_REGIONAL_LOW,https://clio-infra.eu/Indicators/TotalPopulation.html,12_indonesia.txt regional lower-bound factor 0.75; revise with local census
12_indonesia.txt,STATE_NORTH_SUMATRA,INDOP,199571,149678,-49893,7,PROVISIONAL_REGIONAL_LOW,https://clio-infra.eu/Indicators/TotalPopulation.html,12_indonesia.txt regional lower-bound factor 0.75; revise with local census
12_indonesia.txt,STATE_NORTH_SUMATRA,JMB,92985,69739,-23246,5,PROVISIONAL_REGIONAL_LOW,https://clio-infra.eu/Indicators/TotalPopulation.html,12_indonesia.txt regional lower-bound factor 0.75; revise with local census
12_indonesia.txt,STATE_NORTH_SUMATRA,SAK,415448,311586,-103862,5,PROVISIONAL_REGIONAL_LOW,https://clio-infra.eu/Indicators/TotalPopulation.html,12_indonesia.txt regional lower-bound factor 0.75; revise with local census
12_indonesia.txt,STATE_SOLOMON_ISLANDS,BLA,52400,39300,-13100,1,PROVISIONAL_REGIONAL_LOW,https://clio-infra.eu/Indicators/TotalPopulation.html,12_indonesia.txt regional lower-bound factor 0.75; revise with local census
12_indonesia.txt,STATE_SOUTH_SUMATRA,INDOP,132694,99520,-33174,7,PROVISIONAL_REGIONAL_LOW,https://clio-infra.eu/Indicators/TotalPopulation.html,12_indonesia.txt regional lower-bound factor 0.75; revise with local census
12_indonesia.txt,STATE_SUNDA_ISLANDS,BAL,837892,628419,-209473,5,PROVISIONAL_REGIONAL_LOW,https://clio-infra.eu/Indicators/TotalPopulation.html,12_indonesia.txt regional lower-bound factor 0.75; revise with local census
12_indonesia.txt,STATE_SUNDA_ISLANDS,DEI,705184,529643,-175541,5,FILE_COUNTRY_TARGET,https://clio-infra.eu/Indicators/TotalPopulation.html,Java/outer islands low estimate; disputed historical series
12_indonesia.txt,STATE_SUNDA_ISLANDS,POR,88192,66144,-22048,6,PROVISIONAL_REGIONAL_LOW,https://clio-infra.eu/Indicators/TotalPopulation.html,12_indonesia.txt regional lower-bound factor 0.75; revise with local census
12_indonesia.txt,STATE_TAHITI,PLY,169564,127173,-42391,3,PROVISIONAL_REGIONAL_LOW,https://clio-infra.eu/Indicators/TotalPopulation.html,12_indonesia.txt regional lower-bound factor 0.75; revise with local census
12_indonesia.txt,STATE_TONGA,TNG,40000,30000,-10000,1,PROVISIONAL_REGIONAL_LOW,https://clio-infra.eu/Indicators/TotalPopulation.html,12_indonesia.txt regional lower-bound factor 0.75; revise with local census
12_indonesia.txt,STATE_VANUATU,VNT,92000,69000,-23000,1,PROVISIONAL_REGIONAL_LOW,https://clio-infra.eu/Indicators/TotalPopulation.html,12_indonesia.txt regional lower-bound factor 0.75; revise with local census
12_indonesia.txt,STATE_VISAYAS,PHI,1033743,802815,-230928,5,FILE_COUNTRY_TARGET,https://clio-infra.eu/Indicators/TotalPopulation.html,Philippines low estimate
12_indonesia.txt,STATE_WESTERN_NEW_GUINEA,PPU,351996,263997,-87999,1,PROVISIONAL_REGIONAL_LOW,https://clio-infra.eu/Indicators/TotalPopulation.html,12_indonesia.txt regional lower-bound factor 0.75; revise with local census
12_indonesia.txt,STATE_WESTERN_NEW_GUINEA,TID,83404,62553,-20851,3,PROVISIONAL_REGIONAL_LOW,https://clio-infra.eu/Indicators/TotalPopulation.html,12_indonesia.txt regional lower-bound factor 0.75; revise with local census
12_indonesia.txt,STATE_WEST_BORNEO,INDOP,54660,40995,-13665,5,PROVISIONAL_REGIONAL_LOW,https://clio-infra.eu/Indicators/TotalPopulation.html,12_indonesia.txt regional lower-bound factor 0.75; revise with local census
12_indonesia.txt,STATE_WEST_BORNEO,LAN,73700,55275,-18425,4,PROVISIONAL_REGIONAL_LOW,https://clio-infra.eu/Indicators/TotalPopulation.html,12_indonesia.txt regional lower-bound factor 0.75; revise with local census
12_indonesia.txt,STATE_WEST_BORNEO,PON,115200,86400,-28800,5,PROVISIONAL_REGIONAL_LOW,https://clio-infra.eu/Indicators/TotalPopulation.html,12_indonesia.txt regional lower-bound factor 0.75; revise with local census
12_indonesia.txt,STATE_WEST_BORNEO,SMB,79000,59250,-19750,5,PROVISIONAL_REGIONAL_LOW,https://clio-infra.eu/Indicators/TotalPopulation.html,12_indonesia.txt regional lower-bound factor 0.75; revise with local census
12_indonesia.txt,STATE_WEST_BORNEO,STG,47500,35625,-11875,5,PROVISIONAL_REGIONAL_LOW,https://clio-infra.eu/Indicators/TotalPopulation.html,12_indonesia.txt regional lower-bound factor 0.75; revise with local census
12_indonesia.txt,STATE_WEST_JAVA,DEI,3861212,2900028,-961184,5,FILE_COUNTRY_TARGET,https://clio-infra.eu/Indicators/TotalPopulation.html,Java/outer islands low estimate; disputed historical series
12_indonesia.txt,STATE_WEST_MICRONESIA,MCR,24224,18168,-6056,3,PROVISIONAL_REGIONAL_LOW,https://clio-infra.eu/Indicators/TotalPopulation.html,12_indonesia.txt regional lower-bound factor 0.75; revise with local census
12_indonesia.txt,STATE_WEST_MICRONESIA,PHI,8994,6994,-2000,8,FILE_COUNTRY_TARGET,https://clio-infra.eu/Indicators/TotalPopulation.html,Philippines low estimate
13_australasia.txt,STATE_NEW_SOUTH_WALES,KLN,1650,1650,0,1,DEFERRED_MAP,,border/map rework
13_australasia.txt,STATE_NEW_SOUTH_WALES,KNC,1431,1431,0,1,DEFERRED_MAP,,border/map rework
13_australasia.txt,STATE_NEW_SOUTH_WALES,KRI,650,650,0,1,DEFERRED_MAP,,border/map rework
13_australasia.txt,STATE_NEW_SOUTH_WALES,PAA,4290,4290,0,1,DEFERRED_MAP,,border/map rework
13_australasia.txt,STATE_NEW_SOUTH_WALES,WDJ,42321,42321,0,1,DEFERRED_MAP,,border/map rework
13_australasia.txt,STATE_NEW_SOUTH_WALES,YUR,341,341,0,1,DEFERRED_MAP,,border/map rework
13_australasia.txt,STATE_NORTHERN_TERRITORY,ARH,36430,36430,0,1,DEFERRED_MAP,,border/map rework
13_australasia.txt,STATE_NORTHERN_TERRITORY,ARR,11500,11500,0,1,DEFERRED_MAP,,border/map rework
13_australasia.txt,STATE_NORTHERN_TERRITORY,GRW,14000,14000,0,1,DEFERRED_MAP,,border/map rework
13_australasia.txt,STATE_NORTHERN_TERRITORY,KNC,2500,2500,0,1,DEFERRED_MAP,,border/map rework
13_australasia.txt,STATE_NORTHERN_TERRITORY,LRR,15600,15600,0,1,DEFERRED_MAP,,border/map rework
13_australasia.txt,STATE_NORTHERN_TERRITORY,NYP,3000,3000,0,1,DEFERRED_MAP,,border/map rework
13_australasia.txt,STATE_NORTHERN_TERRITORY,WRR,2800,2800,0,1,DEFERRED_MAP,,border/map rework
13_australasia.txt,STATE_NORTHERN_TERRITORY,WTI,2804,2804,0,1,DEFERRED_MAP,,border/map rework
13_australasia.txt,STATE_NORTHERN_TERRITORY,YGU,10200,10200,0,1,DEFERRED_MAP,,border/map rework
13_australasia.txt,STATE_NORTH_ISLAND,NTO,32000,32000,0,1,DEFERRED_MAP,,border/map rework
13_australasia.txt,STATE_NORTH_ISLAND,UNT,55000,55000,0,2,DEFERRED_MAP,,border/map rework
13_australasia.txt,STATE_QUEENSLAND,ARR,3340,3340,0,1,DEFERRED_MAP,,border/map rework
13_australasia.txt,STATE_QUEENSLAND,GRW,2750,2750,0,1,DEFERRED_MAP,,border/map rework
13_australasia.txt,STATE_QUEENSLAND,KNC,5200,5200,0,1,DEFERRED_MAP,,border/map rework
13_australasia.txt,STATE_QUEENSLAND,MRA,20315,20315,0,1,DEFERRED_MAP,,border/map rework
13_australasia.txt,STATE_QUEENSLAND,PAA,2000,2000,0,1,DEFERRED_MAP,,border/map rework
13_australasia.txt,STATE_QUEENSLAND,PMA,25710,25710,0,1,DEFERRED_MAP,,border/map rework
13_australasia.txt,STATE_QUEENSLAND,WDJ,4800,4800,0,1,DEFERRED_MAP,,border/map rework
13_australasia.txt,STATE_QUEENSLAND,WKB,13400,13400,0,1,DEFERRED_MAP,,border/map rework
13_australasia.txt,STATE_SOUTH_AUSTRALIA,KAU,51300,51300,0,2,DEFERRED_MAP,,border/map rework
13_australasia.txt,STATE_SOUTH_AUSTRALIA,KLN,8609,8609,0,1,DEFERRED_MAP,,border/map rework
13_australasia.txt,STATE_SOUTH_AUSTRALIA,KNC,1512,1512,0,1,DEFERRED_MAP,,border/map rework
13_australasia.txt,STATE_SOUTH_AUSTRALIA,MRN,2500,2500,0,1,DEFERRED_MAP,,border/map rework
13_australasia.txt,STATE_SOUTH_AUSTRALIA,PAA,3790,3790,0,1,DEFERRED_MAP,,border/map rework
13_australasia.txt,STATE_SOUTH_AUSTRALIA,WTI,12500,12500,0,1,DEFERRED_MAP,,border/map rework
13_australasia.txt,STATE_SOUTH_AUSTRALIA,YUR,10425,10425,0,1,DEFERRED_MAP,,border/map rework
13_australasia.txt,STATE_SOUTH_ISLAND,NTO,12428,12428,0,2,DEFERRED_MAP,,border/map rework
13_australasia.txt,STATE_SOUTH_ISLAND,NTU,64000,64000,0,1,DEFERRED_MAP,,border/map rework
13_australasia.txt,STATE_TASMANIA,WTI,200,200,0,1,DEFERRED_MAP,,border/map rework
13_australasia.txt,STATE_VICTORIA,KLN,16697,16697,0,1,DEFERRED_MAP,,border/map rework
13_australasia.txt,STATE_VICTORIA,KRI,10781,10781,0,1,DEFERRED_MAP,,border/map rework
13_australasia.txt,STATE_WESTERN_AUSTRALIA,KTU,10500,10500,0,1,DEFERRED_MAP,,border/map rework
13_australasia.txt,STATE_WESTERN_AUSTRALIA,KYN,13500,13500,0,1,DEFERRED_MAP,,border/map rework
13_australasia.txt,STATE_WESTERN_AUSTRALIA,MRN,10000,10000,0,1,DEFERRED_MAP,,border/map rework
13_australasia.txt,STATE_WESTERN_AUSTRALIA,NNG,21100,21100,0,1,DEFERRED_MAP,,border/map rework
13_australasia.txt,STATE_WESTERN_AUSTRALIA,NYP,7500,7500,0,1,DEFERRED_MAP,,border/map rework
13_australasia.txt,STATE_WESTERN_AUSTRALIA,WRR,20300,20300,0,1,DEFERRED_MAP,,border/map rework
13_australasia.txt,STATE_WESTERN_AUSTRALIA,WTI,12500,12500,0,1,DEFERRED_MAP,,border/map rework
14_siberia.txt,STATE_AMUR,CHI,82613,82613,0,3,PROTECTED,,China/Genoa/Venice protected
14_siberia.txt,STATE_BURYATIA,RUS,175587,130734,-44853,4,COUNTRY_TARGET,https://clio-infra.eu/Indicators/TotalPopulation.html,low estimate; Russian Empire footprint
14_siberia.txt,STATE_CHUKOTKA,ATB,13023,10418,-2605,3,PROVISIONAL_REGIONAL_LOW,https://clio-infra.eu/Indicators/TotalPopulation.html,14_siberia.txt regional lower-bound factor 0.8; revise with local census
14_siberia.txt,STATE_IRKUTSK,RUS,261360,194595,-66765,5,COUNTRY_TARGET,https://clio-infra.eu/Indicators/TotalPopulation.html,low estimate; Russian Empire footprint
14_siberia.txt,STATE_KAMCHATKA,RUS,6000,4469,-1531,2,COUNTRY_TARGET,https://clio-infra.eu/Indicators/TotalPopulation.html,low estimate; Russian Empire footprint
14_siberia.txt,STATE_KOLYMA,RUS,41821,31141,-10680,4,COUNTRY_TARGET,https://clio-infra.eu/Indicators/TotalPopulation.html,low estimate; Russian Empire footprint
14_siberia.txt,STATE_KRASNOYARSK,RUS,196440,146258,-50182,3,COUNTRY_TARGET,https://clio-infra.eu/Indicators/TotalPopulation.html,low estimate; Russian Empire footprint
14_siberia.txt,STATE_OB,RUS,5917,4409,-1508,3,COUNTRY_TARGET,https://clio-infra.eu/Indicators/TotalPopulation.html,low estimate; Russian Empire footprint
14_siberia.txt,STATE_OKHOTSK,RUS,11870,8840,-3030,3,COUNTRY_TARGET,https://clio-infra.eu/Indicators/TotalPopulation.html,low estimate; Russian Empire footprint
14_siberia.txt,STATE_OUTER_MANCHURIA,CHI,508,508,0,2,PROTECTED,,China/Genoa/Venice protected
14_siberia.txt,STATE_SURGUT,RUS,12058,8980,-3078,3,COUNTRY_TARGET,https://clio-infra.eu/Indicators/TotalPopulation.html,low estimate; Russian Empire footprint
14_siberia.txt,STATE_TOBOLSK,RUS,417044,310505,-106539,4,COUNTRY_TARGET,https://clio-infra.eu/Indicators/TotalPopulation.html,low estimate; Russian Empire footprint
14_siberia.txt,STATE_TOMSK,RUS,361800,269376,-92424,6,COUNTRY_TARGET,https://clio-infra.eu/Indicators/TotalPopulation.html,low estimate; Russian Empire footprint
14_siberia.txt,STATE_TRANS_BAIKAL,RUS,195147,145298,-49849,5,COUNTRY_TARGET,https://clio-infra.eu/Indicators/TotalPopulation.html,low estimate; Russian Empire footprint
14_siberia.txt,STATE_TUVA,CHI,49000,49000,0,3,PROTECTED,,China/Genoa/Venice protected
14_siberia.txt,STATE_UPPER_YENISEYSK,RUS,35190,26202,-8988,2,COUNTRY_TARGET,https://clio-infra.eu/Indicators/TotalPopulation.html,low estimate; Russian Empire footprint
14_siberia.txt,STATE_YAKUTSK,RUS,146758,109269,-37489,4,COUNTRY_TARGET,https://clio-infra.eu/Indicators/TotalPopulation.html,low estimate; Russian Empire footprint
15_russia.txt,STATE_ALAND,SWE,27000,14347,-12653,2,FILE_COUNTRY_TARGET,https://stat.fi/tup/suoluk/suoluk_vaesto_en.html,"Finland 1750-1800 interpolation, rounded low"
15_russia.txt,STATE_ALTAI,CHI,31000,31000,0,3,PROTECTED,,China/Genoa/Venice protected
15_russia.txt,STATE_ARKHANGELSK,RUS,238520,177586,-60934,1,COUNTRY_TARGET,https://clio-infra.eu/Indicators/TotalPopulation.html,low estimate; Russian Empire footprint
15_russia.txt,STATE_BESSARABIA,CRI,620162,483726,-136436,8,PROVISIONAL_REGIONAL_LOW,https://clio-infra.eu/Indicators/TotalPopulation.html,15_russia.txt regional lower-bound factor 0.78; revise with local census
15_russia.txt,STATE_BREST,PLC,771332,477913,-293419,6,COUNTRY_TARGET,https://clio-infra.eu/Indicators/TotalPopulation.html,post-1772 Polish-Lithuanian footprint
15_russia.txt,STATE_CHELYABINSK,KZH,122036,95188,-26848,7,PROVISIONAL_REGIONAL_LOW,https://clio-infra.eu/Indicators/TotalPopulation.html,15_russia.txt regional lower-bound factor 0.78; revise with local census
15_russia.txt,STATE_CHELYABINSK,OZH,61490,47962,-13528,5,PROVISIONAL_REGIONAL_LOW,https://clio-infra.eu/Indicators/TotalPopulation.html,15_russia.txt regional lower-bound factor 0.78; revise with local census
15_russia.txt,STATE_CHELYABINSK,RUS,325607,242427,-83180,3,COUNTRY_TARGET,https://clio-infra.eu/Indicators/TotalPopulation.html,low estimate; Russian Empire footprint
15_russia.txt,STATE_CHERNIHIV,RUS,1424280,1060418,-363862,4,COUNTRY_TARGET,https://clio-infra.eu/Indicators/TotalPopulation.html,low estimate; Russian Empire footprint
15_russia.txt,STATE_CHERSON,CRI,1108564,864680,-243884,7,PROVISIONAL_REGIONAL_LOW,https://clio-infra.eu/Indicators/TotalPopulation.html,15_russia.txt regional lower-bound factor 0.78; revise with local census
15_russia.txt,STATE_CHUVASHIA,RUS,555443,413548,-141895,5,COUNTRY_TARGET,https://clio-infra.eu/Indicators/TotalPopulation.html,low estimate; Russian Empire footprint
15_russia.txt,STATE_COURLAND,PLC,467752,289823,-177929,9,COUNTRY_TARGET,https://clio-infra.eu/Indicators/TotalPopulation.html,post-1772 Polish-Lithuanian footprint
15_russia.txt,STATE_CRIMEA,CRI,309258,241221,-68037,13,PROVISIONAL_REGIONAL_LOW,https://clio-infra.eu/Indicators/TotalPopulation.html,15_russia.txt regional lower-bound factor 0.78; revise with local census
15_russia.txt,STATE_EAST_KARELIA,RUS,169012,125838,-43174,3,COUNTRY_TARGET,https://clio-infra.eu/Indicators/TotalPopulation.html,low estimate; Russian Empire footprint
15_russia.txt,STATE_ELIZAVETPOL,PER,260795,202523,-58272,7,COUNTRY_TARGET,https://clio-infra.eu/Indicators/TotalPopulation.html,Iran anchor applied to Persian territory
15_russia.txt,STATE_GALICH,RUS,746504,555794,-190710,2,COUNTRY_TARGET,https://clio-infra.eu/Indicators/TotalPopulation.html,low estimate; Russian Empire footprint
15_russia.txt,STATE_GREATER_POLAND,PLC,2588291,1603682,-984609,7,COUNTRY_TARGET,https://clio-infra.eu/Indicators/TotalPopulation.html,post-1772 Polish-Lithuanian footprint
15_russia.txt,STATE_KALMYKIA,RUS,125762,93635,-32127,2,COUNTRY_TARGET,https://clio-infra.eu/Indicators/TotalPopulation.html,low estimate; Russian Empire footprint
15_russia.txt,STATE_KAUNAS,PLC,607037,376120,-230917,8,COUNTRY_TARGET,https://clio-infra.eu/Indicators/TotalPopulation.html,post-1772 Polish-Lithuanian footprint
15_russia.txt,STATE_KHARKOV,RUS,2956760,2201391,-755369,3,COUNTRY_TARGET,https://clio-infra.eu/Indicators/TotalPopulation.html,low estimate; Russian Empire footprint
15_russia.txt,STATE_KIEV,PLC,3313761,2053175,-1260586,8,COUNTRY_TARGET,https://clio-infra.eu/Indicators/TotalPopulation.html,post-1772 Polish-Lithuanian footprint
15_russia.txt,STATE_KOLA,RUS,6274,4676,-1598,5,COUNTRY_TARGET,https://clio-infra.eu/Indicators/TotalPopulation.html,low estimate; Russian Empire footprint
15_russia.txt,STATE_KUOPIO,SWE,302939,160946,-141993,2,FILE_COUNTRY_TARGET,https://stat.fi/tup/suoluk/suoluk_vaesto_en.html,"Finland 1750-1800 interpolation, rounded low"
15_russia.txt,STATE_LESSER_POLAND,PLC,992197,614759,-377438,6,COUNTRY_TARGET,https://clio-infra.eu/Indicators/TotalPopulation.html,post-1772 Polish-Lithuanian footprint
15_russia.txt,STATE_MAZOVIA,PLC,1315511,815082,-500429,7,COUNTRY_TARGET,https://clio-infra.eu/Indicators/TotalPopulation.html,post-1772 Polish-Lithuanian footprint
15_russia.txt,STATE_MINSK,PLC,788027,488256,-299771,4,COUNTRY_TARGET,https://clio-infra.eu/Indicators/TotalPopulation.html,post-1772 Polish-Lithuanian footprint
15_russia.txt,STATE_MOGILEV,RUS,624822,465201,-159621,4,COUNTRY_TARGET,https://clio-infra.eu/Indicators/TotalPopulation.html,low estimate; Russian Empire footprint
15_russia.txt,STATE_NENETSIA,RUS,31074,23138,-7936,2,COUNTRY_TARGET,https://clio-infra.eu/Indicators/TotalPopulation.html,low estimate; Russian Empire footprint
15_russia.txt,STATE_NIZHNY_NOVGOROD,RUS,1582933,1178541,-404392,4,COUNTRY_TARGET,https://clio-infra.eu/Indicators/TotalPopulation.html,low estimate; Russian Empire footprint
15_russia.txt,STATE_NORTH_CAUCASUS,CAUC,202369,157848,-44521,7,PROVISIONAL_REGIONAL_LOW,https://clio-infra.eu/Indicators/TotalPopulation.html,15_russia.txt regional lower-bound factor 0.78; revise with local census
15_russia.txt,STATE_NORTH_CAUCASUS,CHC,106000,82680,-23320,2,PROVISIONAL_REGIONAL_LOW,https://clio-infra.eu/Indicators/TotalPopulation.html,15_russia.txt regional lower-bound factor 0.78; revise with local census
15_russia.txt,STATE_NORTH_CAUCASUS,CIR,70809,55231,-15578,2,PROVISIONAL_REGIONAL_LOW,https://clio-infra.eu/Indicators/TotalPopulation.html,15_russia.txt regional lower-bound factor 0.78; revise with local census
15_russia.txt,STATE_OSTROBOTHNIA,SWE,202000,107320,-94680,2,FILE_COUNTRY_TARGET,https://stat.fi/tup/suoluk/suoluk_vaesto_en.html,"Finland 1750-1800 interpolation, rounded low"
15_russia.txt,STATE_OULU,SWE,125000,66413,-58587,3,FILE_COUNTRY_TARGET,https://stat.fi/tup/suoluk/suoluk_vaesto_en.html,"Finland 1750-1800 interpolation, rounded low"
15_russia.txt,STATE_PSKOV,RUS,706885,526301,-180584,7,COUNTRY_TARGET,https://clio-infra.eu/Indicators/TotalPopulation.html,low estimate; Russian Empire footprint
15_russia.txt,STATE_RIGA,RUS,200380,149195,-51185,7,COUNTRY_TARGET,https://clio-infra.eu/Indicators/TotalPopulation.html,low estimate; Russian Empire footprint
15_russia.txt,STATE_RIGA,UBD,485946,379038,-106908,9,PROVISIONAL_REGIONAL_LOW,https://clio-infra.eu/Indicators/TotalPopulation.html,15_russia.txt regional lower-bound factor 0.78; revise with local census
15_russia.txt,STATE_RYAZAN,RUS,1243172,925577,-317595,2,COUNTRY_TARGET,https://clio-infra.eu/Indicators/TotalPopulation.html,low estimate; Russian Empire footprint
15_russia.txt,STATE_STAVROPOL,CAUC,508282,396460,-111822,5,PROVISIONAL_REGIONAL_LOW,https://clio-infra.eu/Indicators/TotalPopulation.html,15_russia.txt regional lower-bound factor 0.78; revise with local census
15_russia.txt,STATE_TALINN,UBD,312840,244015,-68825,6,PROVISIONAL_REGIONAL_LOW,https://clio-infra.eu/Indicators/TotalPopulation.html,15_russia.txt regional lower-bound factor 0.78; revise with local census
15_russia.txt,STATE_TAMBOV,RUS,2644279,1968740,-675539,3,COUNTRY_TARGET,https://clio-infra.eu/Indicators/TotalPopulation.html,low estimate; Russian Empire footprint
15_russia.txt,STATE_TARTU,UBD,311221,242752,-68469,5,PROVISIONAL_REGIONAL_LOW,https://clio-infra.eu/Indicators/TotalPopulation.html,15_russia.txt regional lower-bound factor 0.78; revise with local census
15_russia.txt,STATE_TAURIDA,CRI,1501845,1171439,-330406,7,PROVISIONAL_REGIONAL_LOW,https://clio-infra.eu/Indicators/TotalPopulation.html,15_russia.txt regional lower-bound factor 0.78; revise with local census
15_russia.txt,STATE_UFA,RUS,369535,275134,-94401,6,COUNTRY_TARGET,https://clio-infra.eu/Indicators/TotalPopulation.html,low estimate; Russian Empire footprint
15_russia.txt,STATE_URAL,RUS,377804,281289,-96515,4,COUNTRY_TARGET,https://clio-infra.eu/Indicators/TotalPopulation.html,low estimate; Russian Empire footprint
15_russia.txt,STATE_UUSIMAA,SWE,538275,285974,-252301,2,FILE_COUNTRY_TARGET,https://stat.fi/tup/suoluk/suoluk_vaesto_en.html,"Finland 1750-1800 interpolation, rounded low"
15_russia.txt,STATE_VILNIUS,PLC,522137,323521,-198616,10,COUNTRY_TARGET,https://clio-infra.eu/Indicators/TotalPopulation.html,post-1772 Polish-Lithuanian footprint
15_russia.txt,STATE_VITEBSK,RUS,410133,305360,-104773,5,COUNTRY_TARGET,https://clio-infra.eu/Indicators/TotalPopulation.html,low estimate; Russian Empire footprint
15_russia.txt,STATE_VOLHYNIA,PLC,716846,444156,-272690,6,COUNTRY_TARGET,https://clio-infra.eu/Indicators/TotalPopulation.html,post-1772 Polish-Lithuanian footprint
15_russia.txt,STATE_VYATKA,RUS,1512000,1125729,-386271,4,COUNTRY_TARGET,https://clio-infra.eu/Indicators/TotalPopulation.html,low estimate; Russian Empire footprint
15_russia.txt,STATE_WEST_KARELIA,RUS,249000,185391,-63609,4,COUNTRY_TARGET,https://clio-infra.eu/Indicators/TotalPopulation.html,low estimate; Russian Empire footprint
15_russia.txt,STATE_YAROSLAVL,RUS,3010095,2241099,-768996,2,COUNTRY_TARGET,https://clio-infra.eu/Indicators/TotalPopulation.html,low estimate; Russian Empire footprint
