Object_Type            , Object_ID                                               , Name_EN                                                                 , Name_FR                                                                 , Category      , Era_or_Stage, Current_Texture                                            , Texture_Exists, Texture_Source, Visual_Status             , Needs_New_Asset, Definition_File                                                              , Building_Group, Current_Illustration, Illustration_Exists, Illustration_Source, Illustration_Status, PMG_ID, Building                                                                                                                                                                                                                                                                                                                                                                                            , Technology_Gate, Visual_Subject                                                          , Composition                                        , Historical_Period, Important_Objects     , Background                    , Human_Figure_Allowed, Text_Allowed, Elements_To_Avoid                        , Closest_Vanilla_Style_Reference             , Priority, Creation_Type, PMG_Object_ID                                           , Current_Icon                                               , Source     , Status                    , Suggested_Visual_Subject
PRODUCTION_METHOD_GROUP, pmg_additional_ownership_building_manor_house           , Additional $pmg_ownership$                                              , $pmg_ownership$ supplémentaire                                          , LIGHT_INDUSTRY, 1776+       , gfx/interface/icons/generic_icons/mixed_icon_ownership.dds , YES           , VANILLA       , GENERIC                   , NO             , common\production_method_groups\11_private_infrastructure.txt                ,               ,                     ,                    ,                    ,                    ,       , building_manor_house                                                                                                                                                                                                                                                                                                                                                                                ,                , Additional $pmg_ownership$                                              , "Procédé ou machine spécifique, composition simple", Époque de la PM  , Transformation visible, Atelier discret ou transparent, SMALL_ONLY          , NO          , "Texte, logos et technologie postérieure", gfx/interface/icons/production_method_icons/, P3      , NONE         , pmg_additional_ownership_building_manor_house           , gfx/interface/icons/generic_icons/mixed_icon_ownership.dds , VANILLA    , GENERIC                   , Additional $pmg_ownership$
PRODUCTION_METHOD_GROUP, pmg_aeroplanes                                          , Aeroplanes                                                              , Avions                                                                  , LIGHT_INDUSTRY, 1776+       , gfx/interface/icons/generic_icons/mixed_icon_base.dds      , YES           , VANILLA       , GENERIC                   , NO             , common\production_method_groups\01_industry.txt                              ,               ,                     ,                    ,                    ,                    ,       , building_automotive_industry                                                                                                                                                                                                                                                                                                                                                                        ,                , Aeroplanes                                                              , "Procédé ou machine spécifique, composition simple", Époque de la PM  , Transformation visible, Atelier discret ou transparent, SMALL_ONLY          , NO          , "Texte, logos et technologie postérieure", gfx/interface/icons/production_method_icons/, P3      , NONE         , pmg_aeroplanes                                          , gfx/interface/icons/generic_icons/mixed_icon_base.dds      , VANILLA    , GENERIC                   , Aeroplanes
PRODUCTION_METHOD_GROUP, pmg_airship_mooring_post                                , Airships                                                                , Ballon dirigeable                                                       , LIGHT_INDUSTRY, 1776+       , gfx/interface/icons/generic_icons/mixed_icon_refining.dds  , YES           , VANILLA       , GENERIC                   , NO             , common\production_method_groups\07_government.txt                            ,               ,                     ,                    ,                    ,                    ,       , building_skyscraper                                                                                                                                                                                                                                                                                                                                                                                 ,                , Airships                                                                , "Procédé ou machine spécifique, composition simple", Époque de la PM  , Transformation visible, Atelier discret ou transparent, SMALL_ONLY          , NO          , "Texte, logos et technologie postérieure", gfx/interface/icons/production_method_icons/, P3      , NONE         , pmg_airship_mooring_post                                , gfx/interface/icons/generic_icons/mixed_icon_refining.dds  , VANILLA    , GENERIC                   , Airships
PRODUCTION_METHOD_GROUP, pmg_alloys_process                                      , Alloy Production                                                        , Production d'alliages                                                   , HEAVY_INDUSTRY, 1776+       , gfx/interface/icons/generic_icons/mixed_icon_base.dds      , YES           , VANILLA       , GENERIC                   , NO             , common\production_method_groups\14_tech6c5c_aluminium_pmgs.txt               ,               ,                     ,                    ,                    ,                    ,       , building_alloys_plant                                                                                                                                                                                                                                                                                                                                                                               ,                , Alloy Production                                                        , "Procédé ou machine spécifique, composition simple", Époque de la PM  , Transformation visible, Atelier discret ou transparent, SMALL_ONLY          , NO          , "Texte, logos et technologie postérieure", gfx/interface/icons/production_method_icons/, P3      , NONE         , pmg_alloys_process                                      , gfx/interface/icons/generic_icons/mixed_icon_base.dds      , VANILLA    , GENERIC                   , Alloy Production
PRODUCTION_METHOD_GROUP, pmg_aluminiummaking_process                             , Aluminium Production                                                    , Production d'aluminium                                                  , LIGHT_INDUSTRY, 1776+       , gfx/interface/icons/generic_icons/mixed_icon_refining.dds  , YES           , VANILLA       , GENERIC                   , NO             , common\production_method_groups\14_tech6c5c_aluminium_pmgs.txt               ,               ,                     ,                    ,                    ,                    ,       , building_alloys_plant                                                                                                                                                                                                                                                                                                                                                                               ,                , Aluminium Production                                                    , "Procédé ou machine spécifique, composition simple", Époque de la PM  , Transformation visible, Atelier discret ou transparent, SMALL_ONLY          , NO          , "Texte, logos et technologie postérieure", gfx/interface/icons/production_method_icons/, P3      , NONE         , pmg_aluminiummaking_process                             , gfx/interface/icons/generic_icons/mixed_icon_refining.dds  , VANILLA    , GENERIC                   , Aluminium Production
PRODUCTION_METHOD_GROUP, pmg_amenities                                           , Amenities                                                               , Commodités                                                              , LIGHT_INDUSTRY, 1776+       , gfx/interface/icons/generic_icons/mixed_icon_base.dds      , YES           , VANILLA       , GENERIC                   , NO             , common\production_method_groups\06_urban_center.txt                          ,               ,                     ,                    ,                    ,                    ,       , building_urban_center                                                                                                                                                                                                                                                                                                                                                                               ,                , Amenities                                                               , "Procédé ou machine spécifique, composition simple", Époque de la PM  , Transformation visible, Atelier discret ou transparent, SMALL_ONLY          , NO          , "Texte, logos et technologie postérieure", gfx/interface/icons/production_method_icons/, P3      , NONE         , pmg_amenities                                           , gfx/interface/icons/generic_icons/mixed_icon_base.dds      , VANILLA    , GENERIC                   , Amenities
PRODUCTION_METHOD_GROUP, pmg_army_logistics_center                               , $building_army_logistics_center$                                        , $building_army_logistics_center$                                        , LIGHT_INDUSTRY, 1776+       , gfx/interface/icons/generic_icons/mixed_icon_military.dds  , YES           , VANILLA       , GENERIC                   , NO             , common\production_method_groups\05_military.txt                              ,               ,                     ,                    ,                    ,                    ,       , building_army_logistics_center                                                                                                                                                                                                                                                                                                                                                                      ,                , $building_army_logistics_center$                                        , "Procédé ou machine spécifique, composition simple", Époque de la PM  , Transformation visible, Atelier discret ou transparent, SMALL_ONLY          , NO          , "Texte, logos et technologie postérieure", gfx/interface/icons/production_method_icons/, P3      , NONE         , pmg_army_logistics_center                               , gfx/interface/icons/generic_icons/mixed_icon_military.dds  , VANILLA    , GENERIC                   , $building_army_logistics_center$
PRODUCTION_METHOD_GROUP, pmg_automation_building_arms_industry                   , Automation                                                              , Automatisation                                                          , MILITARY      , 1776+       , gfx/interface/icons/generic_icons/mixed_icon_automation.dds, YES           , VANILLA       , GENERIC                   , NO             , common\production_method_groups\01_industry.txt                              ,               ,                     ,                    ,                    ,                    ,       , building_arms_industry|building_artillery_foundry                                                                                                                                                                                                                                                                                                                                                   ,                , Automation                                                              , "Procédé ou machine spécifique, composition simple", Époque de la PM  , Transformation visible, Atelier discret ou transparent, SMALL_ONLY          , NO          , "Texte, logos et technologie postérieure", gfx/interface/icons/production_method_icons/, P3      , NONE         , pmg_automation_building_arms_industry                   , gfx/interface/icons/generic_icons/mixed_icon_automation.dds, VANILLA    , GENERIC                   , Automation
PRODUCTION_METHOD_GROUP, pmg_automation_building_automotive_industry             , $pmg_automation$                                                        , $pmg_automation$                                                        , LIGHT_INDUSTRY, 1776+       , gfx/interface/icons/generic_icons/mixed_icon_automation.dds, YES           , VANILLA       , GENERIC                   , NO             , common\production_method_groups\01_industry.txt                              ,               ,                     ,                    ,                    ,                    ,       , building_automotive_industry                                                                                                                                                                                                                                                                                                                                                                        ,                , $pmg_automation$                                                        , "Procédé ou machine spécifique, composition simple", Époque de la PM  , Transformation visible, Atelier discret ou transparent, SMALL_ONLY          , NO          , "Texte, logos et technologie postérieure", gfx/interface/icons/production_method_icons/, P3      , NONE         , pmg_automation_building_automotive_industry             , gfx/interface/icons/generic_icons/mixed_icon_automation.dds, VANILLA    , GENERIC                   , $pmg_automation$
PRODUCTION_METHOD_GROUP, pmg_automation_building_food_industry                   , Automation                                                              , Automatisation                                                          , LIGHT_INDUSTRY, 1776+       , gfx/interface/icons/generic_icons/mixed_icon_automation.dds, YES           , VANILLA       , GENERIC                   , NO             , common\production_method_groups\01_industry.txt                              ,               ,                     ,                    ,                    ,                    ,       , building_food_industry                                                                                                                                                                                                                                                                                                                                                                              ,                , Automation                                                              , "Procédé ou machine spécifique, composition simple", Époque de la PM  , Transformation visible, Atelier discret ou transparent, SMALL_ONLY          , NO          , "Texte, logos et technologie postérieure", gfx/interface/icons/production_method_icons/, P3      , NONE         , pmg_automation_building_food_industry                   , gfx/interface/icons/generic_icons/mixed_icon_automation.dds, VANILLA    , GENERIC                   , Automation
PRODUCTION_METHOD_GROUP, pmg_automation_building_furniture_manufactory           , Automation                                                              , Automatisation                                                          , LIGHT_INDUSTRY, 1776+       , gfx/interface/icons/generic_icons/mixed_icon_automation.dds, YES           , VANILLA       , GENERIC                   , NO             , common\production_method_groups\01_industry.txt                              ,               ,                     ,                    ,                    ,                    ,       , building_furniture_manufactory                                                                                                                                                                                                                                                                                                                                                                      ,                , Automation                                                              , "Procédé ou machine spécifique, composition simple", Époque de la PM  , Transformation visible, Atelier discret ou transparent, SMALL_ONLY          , NO          , "Texte, logos et technologie postérieure", gfx/interface/icons/production_method_icons/, P3      , NONE         , pmg_automation_building_furniture_manufactory           , gfx/interface/icons/generic_icons/mixed_icon_automation.dds, VANILLA    , GENERIC                   , Automation
PRODUCTION_METHOD_GROUP, pmg_automation_building_motor_industry                  , Automation                                                              , Automatisation                                                          , LIGHT_INDUSTRY, 1776+       , gfx/interface/icons/generic_icons/mixed_icon_automation.dds, YES           , VANILLA       , GENERIC                   , NO             , common\production_method_groups\01_industry.txt                              ,               ,                     ,                    ,                    ,                    ,       , building_motor_industry                                                                                                                                                                                                                                                                                                                                                                             ,                , Automation                                                              , "Procédé ou machine spécifique, composition simple", Époque de la PM  , Transformation visible, Atelier discret ou transparent, SMALL_ONLY          , NO          , "Texte, logos et technologie postérieure", gfx/interface/icons/production_method_icons/, P3      , NONE         , pmg_automation_building_motor_industry                  , gfx/interface/icons/generic_icons/mixed_icon_automation.dds, VANILLA    , GENERIC                   , Automation
PRODUCTION_METHOD_GROUP, pmg_automation_building_munition_plant                  , Automation                                                              , Automatisation                                                          , MILITARY      , 1776+       , gfx/interface/icons/generic_icons/mixed_icon_base.dds      , YES           , VANILLA       , GENERIC                   , NO             , common\production_method_groups\01_industry.txt                              ,               ,                     ,                    ,                    ,                    ,       , building_munition_plant                                                                                                                                                                                                                                                                                                                                                                             ,                , Automation                                                              , "Procédé ou machine spécifique, composition simple", Époque de la PM  , Transformation visible, Atelier discret ou transparent, SMALL_ONLY          , NO          , "Texte, logos et technologie postérieure", gfx/interface/icons/production_method_icons/, P3      , NONE         , pmg_automation_building_munition_plant                  , gfx/interface/icons/generic_icons/mixed_icon_base.dds      , VANILLA    , GENERIC                   , Automation
PRODUCTION_METHOD_GROUP, pmg_automation_building_paper_mill                      , Automation                                                              , Automatisation                                                          , LIGHT_INDUSTRY, 1776+       , gfx/interface/icons/generic_icons/mixed_icon_automation.dds, YES           , VANILLA       , GENERIC                   , NO             , common\production_method_groups\01_industry.txt                              ,               ,                     ,                    ,                    ,                    ,       , building_paper_mill                                                                                                                                                                                                                                                                                                                                                                                 ,                , Automation                                                              , "Procédé ou machine spécifique, composition simple", Époque de la PM  , Transformation visible, Atelier discret ou transparent, SMALL_ONLY          , NO          , "Texte, logos et technologie postérieure", gfx/interface/icons/production_method_icons/, P3      , NONE         , pmg_automation_building_paper_mill                      , gfx/interface/icons/generic_icons/mixed_icon_automation.dds, VANILLA    , GENERIC                   , Automation
PRODUCTION_METHOD_GROUP, pmg_automation_building_steel_mill                      , Automation                                                              , Automatisation                                                          , HEAVY_INDUSTRY, 1776+       , gfx/interface/icons/generic_icons/mixed_icon_automation.dds, YES           , VANILLA       , GENERIC                   , NO             , common\production_method_groups\01_industry.txt                              ,               ,                     ,                    ,                    ,                    ,       , building_steel_mill|building_alloys_plant                                                                                                                                                                                                                                                                                                                                                           ,                , Automation                                                              , "Procédé ou machine spécifique, composition simple", Époque de la PM  , Transformation visible, Atelier discret ou transparent, SMALL_ONLY          , NO          , "Texte, logos et technologie postérieure", gfx/interface/icons/production_method_icons/, P3      , NONE         , pmg_automation_building_steel_mill                      , gfx/interface/icons/generic_icons/mixed_icon_automation.dds, VANILLA    , GENERIC                   , Automation
PRODUCTION_METHOD_GROUP, pmg_automation_building_textile_mill                    , Automation                                                              , Automatisation                                                          , LIGHT_INDUSTRY, 1776+       , gfx/interface/icons/generic_icons/mixed_icon_automation.dds, YES           , VANILLA       , GENERIC                   , NO             , common\production_method_groups\01_industry.txt                              ,               ,                     ,                    ,                    ,                    ,       , building_textile_mill                                                                                                                                                                                                                                                                                                                                                                               ,                , Automation                                                              , "Procédé ou machine spécifique, composition simple", Époque de la PM  , Transformation visible, Atelier discret ou transparent, SMALL_ONLY          , NO          , "Texte, logos et technologie postérieure", gfx/interface/icons/production_method_icons/, P3      , NONE         , pmg_automation_building_textile_mill                    , gfx/interface/icons/generic_icons/mixed_icon_automation.dds, VANILLA    , GENERIC                   , Automation
PRODUCTION_METHOD_GROUP, pmg_automation_building_tooling_workshop                , Automation                                                              , Automatisation                                                          , LIGHT_INDUSTRY, 1776+       , gfx/interface/icons/generic_icons/mixed_icon_automation.dds, YES           , VANILLA       , GENERIC                   , NO             , common\production_method_groups\01_industry.txt                              ,               ,                     ,                    ,                    ,                    ,       , building_tooling_workshop                                                                                                                                                                                                                                                                                                                                                                           ,                , Automation                                                              , "Procédé ou machine spécifique, composition simple", Époque de la PM  , Transformation visible, Atelier discret ou transparent, SMALL_ONLY          , NO          , "Texte, logos et technologie postérieure", gfx/interface/icons/production_method_icons/, P3      , NONE         , pmg_automation_building_tooling_workshop                , gfx/interface/icons/generic_icons/mixed_icon_automation.dds, VANILLA    , GENERIC                   , Automation
PRODUCTION_METHOD_GROUP, pmg_automobile_production                               , Automobile Production                                                   , Production automobile                                                   , LIGHT_INDUSTRY, LATER       , gfx/interface/icons/generic_icons/mixed_icon_refining.dds  , YES           , VANILLA       , GENERIC                   , NO             , common\production_method_groups\01_industry.txt                              ,               ,                     ,                    ,                    ,                    ,       , building_automotive_industry                                                                                                                                                                                                                                                                                                                                                                        ,                , Automobile Production                                                   , "Procédé ou machine spécifique, composition simple", Époque de la PM  , Transformation visible, Atelier discret ou transparent, SMALL_ONLY          , NO          , "Texte, logos et technologie postérieure", gfx/interface/icons/production_method_icons/, P3      , NONE         , pmg_automobile_production                               , gfx/interface/icons/generic_icons/mixed_icon_refining.dds  , VANILLA    , GENERIC                   , Automobile Production
PRODUCTION_METHOD_GROUP, pmg_banana_exploitation                                 , $pmg_exploitation_sugar$                                                , $pmg_exploitation_sugar$                                                , LIGHT_INDUSTRY, 1776+       , gfx/interface/icons/generic_icons/mixed_icon_base.dds      , YES           , VANILLA       , GENERIC                   , NO             , common\production_method_groups\04_plantations.txt                           ,               ,                     ,                    ,                    ,                    ,       , building_banana_plantation                                                                                                                                                                                                                                                                                                                                                                          ,                , $pmg_exploitation_sugar$                                                , "Procédé ou machine spécifique, composition simple", Époque de la PM  , Transformation visible, Atelier discret ou transparent, SMALL_ONLY          , NO          , "Texte, logos et technologie postérieure", gfx/interface/icons/production_method_icons/, P3      , NONE         , pmg_banana_exploitation                                 , gfx/interface/icons/generic_icons/mixed_icon_base.dds      , VANILLA    , GENERIC                   , $pmg_exploitation_sugar$
PRODUCTION_METHOD_GROUP, pmg_base_building_angkor_wat                            , Base                                                                    , Base                                                                    , LIGHT_INDUSTRY, 1776+       , gfx/interface/icons/generic_icons/mixed_icon_base.dds      , YES           , VANILLA       , GENERIC                   , NO             , common\production_method_groups\08_monuments.txt                             ,               ,                     ,                    ,                    ,                    ,       , building_angkor_wat                                                                                                                                                                                                                                                                                                                                                                                 ,                , Base                                                                    , "Procédé ou machine spécifique, composition simple", Époque de la PM  , Transformation visible, Atelier discret ou transparent, SMALL_ONLY          , NO          , "Texte, logos et technologie postérieure", gfx/interface/icons/production_method_icons/, P3      , NONE         , pmg_base_building_angkor_wat                            , gfx/interface/icons/generic_icons/mixed_icon_base.dds      , VANILLA    , GENERIC                   , Base
PRODUCTION_METHOD_GROUP, pmg_base_building_art_academy                           , $pm_base$                                                               , $pm_base$                                                               , EDUCATION     , 1776+       , gfx/interface/icons/generic_icons/mixed_icon_base.dds      , YES           , VANILLA       , GENERIC                   , NO             , common\production_method_groups\06_urban_center.txt                          ,               ,                     ,                    ,                    ,                    ,       , building_art_academy                                                                                                                                                                                                                                                                                                                                                                                ,                , $pm_base$                                                               , "Procédé ou machine spécifique, composition simple", Époque de la PM  , Transformation visible, Atelier discret ou transparent, SMALL_ONLY          , NO          , "Texte, logos et technologie postérieure", gfx/interface/icons/production_method_icons/, P3      , NONE         , pmg_base_building_art_academy                           , gfx/interface/icons/generic_icons/mixed_icon_base.dds      , VANILLA    , GENERIC                   , $pm_base$
PRODUCTION_METHOD_GROUP, pmg_base_building_banana_plantation                     , $pm_base$                                                               , $pm_base$                                                               , PLANTATION    , 1776+       , gfx/interface/icons/generic_icons/mixed_icon_base.dds      , YES           , VANILLA       , GENERIC                   , NO             , common\production_method_groups\04_plantations.txt                           ,               ,                     ,                    ,                    ,                    ,       , building_banana_plantation                                                                                                                                                                                                                                                                                                                                                                          ,                , $pm_base$                                                               , "Procédé ou machine spécifique, composition simple", Époque de la PM  , Transformation visible, Atelier discret ou transparent, SMALL_ONLY          , NO          , "Texte, logos et technologie postérieure", gfx/interface/icons/production_method_icons/, P3      , NONE         , pmg_base_building_banana_plantation                     , gfx/interface/icons/generic_icons/mixed_icon_base.dds      , VANILLA    , GENERIC                   , $pm_base$
PRODUCTION_METHOD_GROUP, pmg_base_building_big_ben                               , Base                                                                    , Base                                                                    , LIGHT_INDUSTRY, 1776+       , gfx/interface/icons/generic_icons/mixed_icon_base.dds      , YES           , VANILLA       , GENERIC                   , NO             , common\production_method_groups\08_monuments.txt                             ,               ,                     ,                    ,                    ,                    ,       , building_big_ben                                                                                                                                                                                                                                                                                                                                                                                    ,                , Base                                                                    , "Procédé ou machine spécifique, composition simple", Époque de la PM  , Transformation visible, Atelier discret ou transparent, SMALL_ONLY          , NO          , "Texte, logos et technologie postérieure", gfx/interface/icons/production_method_icons/, P3      , NONE         , pmg_base_building_big_ben                               , gfx/interface/icons/generic_icons/mixed_icon_base.dds      , VANILLA    , GENERIC                   , Base
PRODUCTION_METHOD_GROUP, pmg_base_building_cement_works                          , $pm_base$                                                               , $pm_base$                                                               , LIGHT_INDUSTRY, 1776+       , gfx/interface/icons/generic_icons/mixed_icon_base.dds      , YES           , VANILLA       , GENERIC                   , NO             , common\production_method_groups\11_tech6c1b_cement_pmgs.txt                  ,               ,                     ,                    ,                    ,                    ,       , building_cement_works                                                                                                                                                                                                                                                                                                                                                                               ,                , $pm_base$                                                               , "Procédé ou machine spécifique, composition simple", Époque de la PM  , Transformation visible, Atelier discret ou transparent, SMALL_ONLY          , NO          , "Texte, logos et technologie postérieure", gfx/interface/icons/production_method_icons/, P3      , NONE         , pmg_base_building_cement_works                          , gfx/interface/icons/generic_icons/mixed_icon_base.dds      , VANILLA    , GENERIC                   , $pm_base$
PRODUCTION_METHOD_GROUP, pmg_base_building_chemical_works                        , $pm_base$                                                               , $pm_base$                                                               , CHEMICAL      , 1776+       , gfx/interface/icons/generic_icons/mixed_icon_base.dds      , YES           , VANILLA       , GENERIC                   , NO             , common\production_method_groups\12_tech6c3a_chemical_works_pmgs.txt          ,               ,                     ,                    ,                    ,                    ,       , building_chemical_plant                                                                                                                                                                                                                                                                                                                                                                             ,                , $pm_base$                                                               , "Procédé ou machine spécifique, composition simple", Époque de la PM  , Transformation visible, Atelier discret ou transparent, SMALL_ONLY          , NO          , "Texte, logos et technologie postérieure", gfx/interface/icons/production_method_icons/, P3      , NONE         , pmg_base_building_chemical_works                        , gfx/interface/icons/generic_icons/mixed_icon_base.dds      , VANILLA    , GENERIC                   , $pm_base$
PRODUCTION_METHOD_GROUP, pmg_base_building_coffee_plantation                     , $pm_base$                                                               , $pm_base$                                                               , PLANTATION    , 1776+       , gfx/interface/icons/generic_icons/mixed_icon_base.dds      , YES           , VANILLA       , GENERIC                   , NO             , common\production_method_groups\04_plantations.txt                           ,               ,                     ,                    ,                    ,                    ,       , building_coffee_plantation                                                                                                                                                                                                                                                                                                                                                                          ,                , $pm_base$                                                               , "Procédé ou machine spécifique, composition simple", Époque de la PM  , Transformation visible, Atelier discret ou transparent, SMALL_ONLY          , NO          , "Texte, logos et technologie postérieure", gfx/interface/icons/production_method_icons/, P3      , NONE         , pmg_base_building_coffee_plantation                     , gfx/interface/icons/generic_icons/mixed_icon_base.dds      , VANILLA    , GENERIC                   , $pm_base$
PRODUCTION_METHOD_GROUP, pmg_base_building_construction_sector                   , $pm_base$                                                               , $pm_base$                                                               , CONSTRUCTION  , 1776+       , gfx/interface/icons/generic_icons/mixed_icon_base.dds      , YES           , VANILLA       , GENERIC                   , NO             , common\production_method_groups\13_construction.txt                          ,               ,                     ,                    ,                    ,                    ,       , building_construction_sector                                                                                                                                                                                                                                                                                                                                                                        ,                , $pm_base$                                                               , "Procédé ou machine spécifique, composition simple", Époque de la PM  , Transformation visible, Atelier discret ou transparent, SMALL_ONLY          , NO          , "Texte, logos et technologie postérieure", gfx/interface/icons/production_method_icons/, P3      , NONE         , pmg_base_building_construction_sector                   , gfx/interface/icons/generic_icons/mixed_icon_base.dds      , VANILLA    , GENERIC                   , $pm_base$
PRODUCTION_METHOD_GROUP, pmg_base_building_cotton_plantation                     , $pm_base$                                                               , $pm_base$                                                               , PLANTATION    , 1776+       , gfx/interface/icons/generic_icons/mixed_icon_base.dds      , YES           , VANILLA       , GENERIC                   , NO             , common\production_method_groups\04_plantations.txt                           ,               ,                     ,                    ,                    ,                    ,       , building_cotton_plantation                                                                                                                                                                                                                                                                                                                                                                          ,                , $pm_base$                                                               , "Procédé ou machine spécifique, composition simple", Époque de la PM  , Transformation visible, Atelier discret ou transparent, SMALL_ONLY          , NO          , "Texte, logos et technologie postérieure", gfx/interface/icons/production_method_icons/, P3      , NONE         , pmg_base_building_cotton_plantation                     , gfx/interface/icons/generic_icons/mixed_icon_base.dds      , VANILLA    , GENERIC                   , $pm_base$
PRODUCTION_METHOD_GROUP, pmg_base_building_cristo_redentor                       , $pm_base$                                                               , $pm_base$                                                               , LIGHT_INDUSTRY, 1776+       , gfx/interface/icons/generic_icons/mixed_icon_base.dds      , YES           , VANILLA       , GENERIC                   , NO             , common\production_method_groups\08_monuments.txt                             ,               ,                     ,                    ,                    ,                    ,       , building_cristo_redentor                                                                                                                                                                                                                                                                                                                                                                            ,                , $pm_base$                                                               , "Procédé ou machine spécifique, composition simple", Époque de la PM  , Transformation visible, Atelier discret ou transparent, SMALL_ONLY          , NO          , "Texte, logos et technologie postérieure", gfx/interface/icons/production_method_icons/, P3      , NONE         , pmg_base_building_cristo_redentor                       , gfx/interface/icons/generic_icons/mixed_icon_base.dds      , VANILLA    , GENERIC                   , $pm_base$
PRODUCTION_METHOD_GROUP, pmg_base_building_dye_plantation                        , $pm_base$                                                               , $pm_base$                                                               , PLANTATION    , 1776+       , gfx/interface/icons/generic_icons/mixed_icon_base.dds      , YES           , VANILLA       , GENERIC                   , NO             , common\production_method_groups\04_plantations.txt                           ,               ,                     ,                    ,                    ,                    ,       , building_dye_plantation                                                                                                                                                                                                                                                                                                                                                                             ,                , $pm_base$                                                               , "Procédé ou machine spécifique, composition simple", Époque de la PM  , Transformation visible, Atelier discret ou transparent, SMALL_ONLY          , NO          , "Texte, logos et technologie postérieure", gfx/interface/icons/production_method_icons/, P3      , NONE         , pmg_base_building_dye_plantation                        , gfx/interface/icons/generic_icons/mixed_icon_base.dds      , VANILLA    , GENERIC                   , $pm_base$
PRODUCTION_METHOD_GROUP, pmg_base_building_eiffel_tower                          , $pm_base$                                                               , $pm_base$                                                               , LIGHT_INDUSTRY, 1776+       , gfx/interface/icons/generic_icons/mixed_icon_base.dds      , YES           , VANILLA       , GENERIC                   , NO             , common\production_method_groups\08_monuments.txt                             ,               ,                     ,                    ,                    ,                    ,       , building_eiffel_tower                                                                                                                                                                                                                                                                                                                                                                               ,                , $pm_base$                                                               , "Procédé ou machine spécifique, composition simple", Époque de la PM  , Transformation visible, Atelier discret ou transparent, SMALL_ONLY          , NO          , "Texte, logos et technologie postérieure", gfx/interface/icons/production_method_icons/, P3      , NONE         , pmg_base_building_eiffel_tower                          , gfx/interface/icons/generic_icons/mixed_icon_base.dds      , VANILLA    , GENERIC                   , $pm_base$
PRODUCTION_METHOD_GROUP, pmg_base_building_estacion_de_madrid_atocha             , $pm_base$                                                               , $pm_base$                                                               , LIGHT_INDUSTRY, 1776+       , gfx/interface/icons/generic_icons/mixed_icon_base.dds      , YES           , VANILLA       , GENERIC                   , NO             , common\production_method_groups\08_monuments.txt                             ,               ,                     ,                    ,                    ,                    ,       , building_estacion_de_madrid_atocha                                                                                                                                                                                                                                                                                                                                                                  ,                , $pm_base$                                                               , "Procédé ou machine spécifique, composition simple", Époque de la PM  , Transformation visible, Atelier discret ou transparent, SMALL_ONLY          , NO          , "Texte, logos et technologie postérieure", gfx/interface/icons/production_method_icons/, P3      , NONE         , pmg_base_building_estacion_de_madrid_atocha             , gfx/interface/icons/generic_icons/mixed_icon_base.dds      , VANILLA    , GENERIC                   , $pm_base$
PRODUCTION_METHOD_GROUP, pmg_base_building_fishing_wharf                         , $pm_base$                                                               , $pm_base$                                                               , RESOURCE      , 1776+       , gfx/interface/icons/generic_icons/mixed_icon_base.dds      , YES           , VANILLA       , GENERIC                   , NO             , common\production_method_groups\09_misc_resource.txt                         ,               ,                     ,                    ,                    ,                    ,       , building_fishing_wharf                                                                                                                                                                                                                                                                                                                                                                              ,                , $pm_base$                                                               , "Procédé ou machine spécifique, composition simple", Époque de la PM  , Transformation visible, Atelier discret ou transparent, SMALL_ONLY          , NO          , "Texte, logos et technologie postérieure", gfx/interface/icons/production_method_icons/, P3      , NONE         , pmg_base_building_fishing_wharf                         , gfx/interface/icons/generic_icons/mixed_icon_base.dds      , VANILLA    , GENERIC                   , $pm_base$
PRODUCTION_METHOD_GROUP, pmg_base_building_food_industry                         , $pm_base$                                                               , $pm_base$                                                               , LIGHT_INDUSTRY, 1776+       , gfx/interface/icons/generic_icons/mixed_icon_base.dds      , YES           , VANILLA       , GENERIC                   , NO             , common\production_method_groups\01_industry.txt                              ,               ,                     ,                    ,                    ,                    ,       , building_food_industry                                                                                                                                                                                                                                                                                                                                                                              ,                , $pm_base$                                                               , "Procédé ou machine spécifique, composition simple", Époque de la PM  , Transformation visible, Atelier discret ou transparent, SMALL_ONLY          , NO          , "Texte, logos et technologie postérieure", gfx/interface/icons/production_method_icons/, P3      , NONE         , pmg_base_building_food_industry                         , gfx/interface/icons/generic_icons/mixed_icon_base.dds      , VANILLA    , GENERIC                   , $pm_base$
PRODUCTION_METHOD_GROUP, pmg_base_building_forbidden_city                        , Base                                                                    , Base                                                                    , LIGHT_INDUSTRY, 1776+       , gfx/interface/icons/generic_icons/mixed_icon_base.dds      , YES           , VANILLA       , GENERIC                   , NO             , common\production_method_groups\08_monuments.txt                             ,               ,                     ,                    ,                    ,                    ,       , building_forbidden_city                                                                                                                                                                                                                                                                                                                                                                             ,                , Base                                                                    , "Procédé ou machine spécifique, composition simple", Époque de la PM  , Transformation visible, Atelier discret ou transparent, SMALL_ONLY          , NO          , "Texte, logos et technologie postérieure", gfx/interface/icons/production_method_icons/, P3      , NONE         , pmg_base_building_forbidden_city                        , gfx/interface/icons/generic_icons/mixed_icon_base.dds      , VANILLA    , GENERIC                   , Base
PRODUCTION_METHOD_GROUP, pmg_base_building_furniture_manufactory                 , $pm_base$                                                               , $pm_base$                                                               , LIGHT_INDUSTRY, 1776+       , gfx/interface/icons/generic_icons/mixed_icon_base.dds      , YES           , VANILLA       , GENERIC                   , NO             , common\production_method_groups\01_industry.txt                              ,               ,                     ,                    ,                    ,                    ,       , building_furniture_manufactory                                                                                                                                                                                                                                                                                                                                                                      ,                , $pm_base$                                                               , "Procédé ou machine spécifique, composition simple", Époque de la PM  , Transformation visible, Atelier discret ou transparent, SMALL_ONLY          , NO          , "Texte, logos et technologie postérieure", gfx/interface/icons/production_method_icons/, P3      , NONE         , pmg_base_building_furniture_manufactory                 , gfx/interface/icons/generic_icons/mixed_icon_base.dds      , VANILLA    , GENERIC                   , $pm_base$
PRODUCTION_METHOD_GROUP, pmg_base_building_glassworks                            , $pm_base$                                                               , $pm_base$                                                               , LIGHT_INDUSTRY, 1776+       , gfx/interface/icons/generic_icons/mixed_icon_base.dds      , YES           , VANILLA       , GENERIC                   , NO             , common\production_method_groups\01_industry.txt                              ,               ,                     ,                    ,                    ,                    ,       , building_glassworks                                                                                                                                                                                                                                                                                                                                                                                 ,                , $pm_base$                                                               , "Procédé ou machine spécifique, composition simple", Époque de la PM  , Transformation visible, Atelier discret ou transparent, SMALL_ONLY          , NO          , "Texte, logos et technologie postérieure", gfx/interface/icons/production_method_icons/, P3      , NONE         , pmg_base_building_glassworks                            , gfx/interface/icons/generic_icons/mixed_icon_base.dds      , VANILLA    , GENERIC                   , $pm_base$
PRODUCTION_METHOD_GROUP, pmg_base_building_gold_field                            , $pm_base$                                                               , $pm_base$                                                               , LIGHT_INDUSTRY, 1776+       , gfx/interface/icons/generic_icons/mixed_icon_base.dds      , YES           , VANILLA       , GENERIC                   , NO             , common\production_method_groups\03_mines.txt                                 ,               ,                     ,                    ,                    ,                    ,       , building_gold_field                                                                                                                                                                                                                                                                                                                                                                                 ,                , $pm_base$                                                               , "Procédé ou machine spécifique, composition simple", Époque de la PM  , Transformation visible, Atelier discret ou transparent, SMALL_ONLY          , NO          , "Texte, logos et technologie postérieure", gfx/interface/icons/production_method_icons/, P3      , NONE         , pmg_base_building_gold_field                            , gfx/interface/icons/generic_icons/mixed_icon_base.dds      , VANILLA    , GENERIC                   , $pm_base$
PRODUCTION_METHOD_GROUP, pmg_base_building_government_administration             , $pm_base$                                                               , $pm_base$                                                               , ADMINISTRATION, 1776+       , gfx/interface/icons/generic_icons/mixed_icon_base.dds      , YES           , VANILLA       , GENERIC                   , NO             , common\production_method_groups\07_government.txt                            ,               ,                     ,                    ,                    ,                    ,       , building_government_administration                                                                                                                                                                                                                                                                                                                                                                  ,                , $pm_base$                                                               , "Procédé ou machine spécifique, composition simple", Époque de la PM  , Transformation visible, Atelier discret ou transparent, SMALL_ONLY          , NO          , "Texte, logos et technologie postérieure", gfx/interface/icons/production_method_icons/, P3      , NONE         , pmg_base_building_government_administration             , gfx/interface/icons/generic_icons/mixed_icon_base.dds      , VANILLA    , GENERIC                   , $pm_base$
PRODUCTION_METHOD_GROUP, pmg_base_building_gran_teatro_de_la_habana              , $pm_base$                                                               , $pm_base$                                                               , LIGHT_INDUSTRY, 1776+       , gfx/interface/icons/generic_icons/mixed_icon_base.dds      , YES           , VANILLA       , GENERIC                   , NO             , common\production_method_groups\08_monuments.txt                             ,               ,                     ,                    ,                    ,                    ,       , building_gran_teatro_de_la_habana                                                                                                                                                                                                                                                                                                                                                                   ,                , $pm_base$                                                               , "Procédé ou machine spécifique, composition simple", Époque de la PM  , Transformation visible, Atelier discret ou transparent, SMALL_ONLY          , NO          , "Texte, logos et technologie postérieure", gfx/interface/icons/production_method_icons/, P3      , NONE         , pmg_base_building_gran_teatro_de_la_habana              , gfx/interface/icons/generic_icons/mixed_icon_base.dds      , VANILLA    , GENERIC                   , $pm_base$
PRODUCTION_METHOD_GROUP, pmg_base_building_hagia_sophia                          , Base                                                                    , Base                                                                    , LIGHT_INDUSTRY, 1776+       , gfx/interface/icons/generic_icons/mixed_icon_base.dds      , YES           , VANILLA       , GENERIC                   , NO             , common\production_method_groups\08_monuments.txt                             ,               ,                     ,                    ,                    ,                    ,       , building_hagia_sophia                                                                                                                                                                                                                                                                                                                                                                               ,                , Base                                                                    , "Procédé ou machine spécifique, composition simple", Époque de la PM  , Transformation visible, Atelier discret ou transparent, SMALL_ONLY          , NO          , "Texte, logos et technologie postérieure", gfx/interface/icons/production_method_icons/, P3      , NONE         , pmg_base_building_hagia_sophia                          , gfx/interface/icons/generic_icons/mixed_icon_base.dds      , VANILLA    , GENERIC                   , Base
PRODUCTION_METHOD_GROUP, pmg_base_building_kaiserforum_1                         , $pm_base$                                                               , $pm_base$                                                               , LIGHT_INDUSTRY, 1776+       , gfx/interface/icons/generic_icons/mixed_icon_base.dds      , YES           , VANILLA       , GENERIC                   , NO             , common\production_method_groups\08_monuments.txt                             ,               ,                     ,                    ,                    ,                    ,       , building_kaiserforum_1                                                                                                                                                                                                                                                                                                                                                                              ,                , $pm_base$                                                               , "Procédé ou machine spécifique, composition simple", Époque de la PM  , Transformation visible, Atelier discret ou transparent, SMALL_ONLY          , NO          , "Texte, logos et technologie postérieure", gfx/interface/icons/production_method_icons/, P3      , NONE         , pmg_base_building_kaiserforum_1                         , gfx/interface/icons/generic_icons/mixed_icon_base.dds      , VANILLA    , GENERIC                   , $pm_base$
PRODUCTION_METHOD_GROUP, pmg_base_building_kaiserforum_2                         , $pm_base$                                                               , $pm_base$                                                               , LIGHT_INDUSTRY, 1776+       , gfx/interface/icons/generic_icons/mixed_icon_base.dds      , YES           , VANILLA       , GENERIC                   , NO             , common\production_method_groups\08_monuments.txt                             ,               ,                     ,                    ,                    ,                    ,       , building_kaiserforum_2                                                                                                                                                                                                                                                                                                                                                                              ,                , $pm_base$                                                               , "Procédé ou machine spécifique, composition simple", Époque de la PM  , Transformation visible, Atelier discret ou transparent, SMALL_ONLY          , NO          , "Texte, logos et technologie postérieure", gfx/interface/icons/production_method_icons/, P3      , NONE         , pmg_base_building_kaiserforum_2                         , gfx/interface/icons/generic_icons/mixed_icon_base.dds      , VANILLA    , GENERIC                   , $pm_base$
PRODUCTION_METHOD_GROUP, pmg_base_building_kaiserforum_3                         , $pm_base$                                                               , $pm_base$                                                               , LIGHT_INDUSTRY, 1776+       , gfx/interface/icons/generic_icons/mixed_icon_base.dds      , YES           , VANILLA       , GENERIC                   , NO             , common\production_method_groups\08_monuments.txt                             ,               ,                     ,                    ,                    ,                    ,       , building_kaiserforum_3                                                                                                                                                                                                                                                                                                                                                                              ,                , $pm_base$                                                               , "Procédé ou machine spécifique, composition simple", Époque de la PM  , Transformation visible, Atelier discret ou transparent, SMALL_ONLY          , NO          , "Texte, logos et technologie postérieure", gfx/interface/icons/production_method_icons/, P3      , NONE         , pmg_base_building_kaiserforum_3                         , gfx/interface/icons/generic_icons/mixed_icon_base.dds      , VANILLA    , GENERIC                   , $pm_base$
PRODUCTION_METHOD_GROUP, pmg_base_building_kaiserforum_4                         , $pm_base$                                                               , $pm_base$                                                               , LIGHT_INDUSTRY, 1776+       , gfx/interface/icons/generic_icons/mixed_icon_base.dds      , YES           , VANILLA       , GENERIC                   , NO             , common\production_method_groups\08_monuments.txt                             ,               ,                     ,                    ,                    ,                    ,       , building_kaiserforum_4                                                                                                                                                                                                                                                                                                                                                                              ,                , $pm_base$                                                               , "Procédé ou machine spécifique, composition simple", Époque de la PM  , Transformation visible, Atelier discret ou transparent, SMALL_ONLY          , NO          , "Texte, logos et technologie postérieure", gfx/interface/icons/production_method_icons/, P3      , NONE         , pmg_base_building_kaiserforum_4                         , gfx/interface/icons/generic_icons/mixed_icon_base.dds      , VANILLA    , GENERIC                   , $pm_base$
PRODUCTION_METHOD_GROUP, pmg_base_building_land_transport_network                , Road Network                                                            , Réseau routier                                                          , PORT_NAVAL    , 1776+       , gfx/error_deer.dds                                         , YES           , FORK_CUSTOM   , PLACEHOLDER               , YES            , common\production_method_groups\22_tech7a_wave_a_land_transport_pmgs.txt     ,               ,                     ,                    ,                    ,                    ,       , building_railway                                                                                                                                                                                                                                                                                                                                                                                    ,                , Road Network                                                            , "Procédé ou machine spécifique, composition simple", Époque de la PM  , Transformation visible, Atelier discret ou transparent, SMALL_ONLY          , NO          , "Texte, logos et technologie postérieure", gfx/interface/icons/production_method_icons/, P0      , NEW_ORIGINAL , pmg_base_building_land_transport_network                , gfx/error_deer.dds                                         , FORK_CUSTOM, PLACEHOLDER               , Road Network
PRODUCTION_METHOD_GROUP, pmg_base_building_limestone_quarry                      , $pm_base$                                                               , $pm_base$                                                               , MINING        , 1776+       , gfx/interface/icons/generic_icons/mixed_icon_base.dds      , YES           , VANILLA       , GENERIC                   , NO             , common\production_method_groups\10_tech6c1_limestone_pmgs.txt                ,               ,                     ,                    ,                    ,                    ,       , building_limestone_quarry                                                                                                                                                                                                                                                                                                                                                                           ,                , $pm_base$                                                               , "Procédé ou machine spécifique, composition simple", Époque de la PM  , Transformation visible, Atelier discret ou transparent, SMALL_ONLY          , NO          , "Texte, logos et technologie postérieure", gfx/interface/icons/production_method_icons/, P3      , NONE         , pmg_base_building_limestone_quarry                      , gfx/interface/icons/generic_icons/mixed_icon_base.dds      , VANILLA    , GENERIC                   , $pm_base$
PRODUCTION_METHOD_GROUP, pmg_base_building_livestock_ranch                       , $pm_base$                                                               , $pm_base$                                                               , AGRICULTURE   , 1776+       , gfx/interface/icons/generic_icons/mixed_icon_refining.dds  , YES           , VANILLA       , GENERIC                   , NO             , common\production_method_groups\02_agro.txt                                  ,               ,                     ,                    ,                    ,                    ,       , building_livestock_ranch                                                                                                                                                                                                                                                                                                                                                                            ,                , $pm_base$                                                               , "Procédé ou machine spécifique, composition simple", Époque de la PM  , Transformation visible, Atelier discret ou transparent, SMALL_ONLY          , NO          , "Texte, logos et technologie postérieure", gfx/interface/icons/production_method_icons/, P3      , NONE         , pmg_base_building_livestock_ranch                       , gfx/interface/icons/generic_icons/mixed_icon_refining.dds  , VANILLA    , GENERIC                   , $pm_base$
PRODUCTION_METHOD_GROUP, pmg_base_building_logging_camp                          , $pm_base$                                                               , $pm_base$                                                               , RESOURCE      , 1776+       , gfx/interface/icons/generic_icons/mixed_icon_base.dds      , YES           , VANILLA       , GENERIC                   , NO             , common\production_method_groups\99_tech_tree_wood_rework_pmgs.txt            ,               ,                     ,                    ,                    ,                    ,       , building_logging_camp                                                                                                                                                                                                                                                                                                                                                                               ,                , $pm_base$                                                               , "Procédé ou machine spécifique, composition simple", Époque de la PM  , Transformation visible, Atelier discret ou transparent, SMALL_ONLY          , NO          , "Texte, logos et technologie postérieure", gfx/interface/icons/production_method_icons/, P3      , NONE         , pmg_base_building_logging_camp                          , gfx/interface/icons/generic_icons/mixed_icon_base.dds      , VANILLA    , GENERIC                   , $pm_base$
PRODUCTION_METHOD_GROUP, pmg_base_building_maize_farm                            , $pm_base$                                                               , $pm_base$                                                               , AGRICULTURE   , 1776+       , gfx/interface/icons/generic_icons/mixed_icon_base.dds      , YES           , VANILLA       , GENERIC                   , NO             , common\production_method_groups\02_agro.txt                                  ,               ,                     ,                    ,                    ,                    ,       , building_maize_farm                                                                                                                                                                                                                                                                                                                                                                                 ,                , $pm_base$                                                               , "Procédé ou machine spécifique, composition simple", Époque de la PM  , Transformation visible, Atelier discret ou transparent, SMALL_ONLY          , NO          , "Texte, logos et technologie postérieure", gfx/interface/icons/production_method_icons/, P3      , NONE         , pmg_base_building_maize_farm                            , gfx/interface/icons/generic_icons/mixed_icon_base.dds      , VANILLA    , GENERIC                   , $pm_base$
PRODUCTION_METHOD_GROUP, pmg_base_building_manila_cathedral_monument             , $pm_base$                                                               , $pm_base$                                                               , LIGHT_INDUSTRY, 1776+       , gfx/interface/icons/generic_icons/mixed_icon_base.dds      , YES           , VANILLA       , GENERIC                   , NO             , common\production_method_groups\08_monuments.txt                             ,               ,                     ,                    ,                    ,                    ,       , building_manila_cathedral_monument                                                                                                                                                                                                                                                                                                                                                                  ,                , $pm_base$                                                               , "Procédé ou machine spécifique, composition simple", Époque de la PM  , Transformation visible, Atelier discret ou transparent, SMALL_ONLY          , NO          , "Texte, logos et technologie postérieure", gfx/interface/icons/production_method_icons/, P3      , NONE         , pmg_base_building_manila_cathedral_monument             , gfx/interface/icons/generic_icons/mixed_icon_base.dds      , VANILLA    , GENERIC                   , $pm_base$
PRODUCTION_METHOD_GROUP, pmg_base_building_manila_cathedral_ruins                , $pm_base$                                                               , $pm_base$                                                               , LIGHT_INDUSTRY, 1776+       , gfx/interface/icons/generic_icons/mixed_icon_base.dds      , YES           , VANILLA       , GENERIC                   , NO             , common\production_method_groups\08_monuments.txt                             ,               ,                     ,                    ,                    ,                    ,       , building_manila_cathedral_ruins                                                                                                                                                                                                                                                                                                                                                                     ,                , $pm_base$                                                               , "Procédé ou machine spécifique, composition simple", Époque de la PM  , Transformation visible, Atelier discret ou transparent, SMALL_ONLY          , NO          , "Texte, logos et technologie postérieure", gfx/interface/icons/production_method_icons/, P3      , NONE         , pmg_base_building_manila_cathedral_ruins                , gfx/interface/icons/generic_icons/mixed_icon_base.dds      , VANILLA    , GENERIC                   , $pm_base$
PRODUCTION_METHOD_GROUP, pmg_base_building_millet_farm                           , $pm_base$                                                               , $pm_base$                                                               , AGRICULTURE   , 1776+       , gfx/interface/icons/generic_icons/mixed_icon_base.dds      , YES           , VANILLA       , GENERIC                   , NO             , common\production_method_groups\02_agro.txt                                  ,               ,                     ,                    ,                    ,                    ,       , building_millet_farm                                                                                                                                                                                                                                                                                                                                                                                ,                , $pm_base$                                                               , "Procédé ou machine spécifique, composition simple", Époque de la PM  , Transformation visible, Atelier discret ou transparent, SMALL_ONLY          , NO          , "Texte, logos et technologie postérieure", gfx/interface/icons/production_method_icons/, P3      , NONE         , pmg_base_building_millet_farm                           , gfx/interface/icons/generic_icons/mixed_icon_base.dds      , VANILLA    , GENERIC                   , $pm_base$
PRODUCTION_METHOD_GROUP, pmg_base_building_mosque_of_djenne                      , Base                                                                    , Base                                                                    , LIGHT_INDUSTRY, 1776+       , gfx/interface/icons/generic_icons/mixed_icon_base.dds      , YES           , VANILLA       , GENERIC                   , NO             , common\production_method_groups\08_monuments.txt                             ,               ,                     ,                    ,                    ,                    ,       , building_mosque_of_djenne                                                                                                                                                                                                                                                                                                                                                                           ,                , Base                                                                    , "Procédé ou machine spécifique, composition simple", Époque de la PM  , Transformation visible, Atelier discret ou transparent, SMALL_ONLY          , NO          , "Texte, logos et technologie postérieure", gfx/interface/icons/production_method_icons/, P3      , NONE         , pmg_base_building_mosque_of_djenne                      , gfx/interface/icons/generic_icons/mixed_icon_base.dds      , VANILLA    , GENERIC                   , Base
PRODUCTION_METHOD_GROUP, pmg_base_building_motor_industry                        , $pm_base$                                                               , $pm_base$                                                               , LIGHT_INDUSTRY, 1776+       , gfx/interface/icons/generic_icons/mixed_icon_base.dds      , YES           , VANILLA       , GENERIC                   , NO             , common\production_method_groups\01_industry.txt                              ,               ,                     ,                    ,                    ,                    ,       , building_motor_industry                                                                                                                                                                                                                                                                                                                                                                             ,                , $pm_base$                                                               , "Procédé ou machine spécifique, composition simple", Époque de la PM  , Transformation visible, Atelier discret ou transparent, SMALL_ONLY          , NO          , "Texte, logos et technologie postérieure", gfx/interface/icons/production_method_icons/, P3      , NONE         , pmg_base_building_motor_industry                        , gfx/interface/icons/generic_icons/mixed_icon_base.dds      , VANILLA    , GENERIC                   , $pm_base$
PRODUCTION_METHOD_GROUP, pmg_base_building_munition_plant                        , $pm_base$                                                               , $pm_base$                                                               , MILITARY      , 1776+       , gfx/interface/icons/generic_icons/mixed_icon_base.dds      , YES           , VANILLA       , GENERIC                   , NO             , common\production_method_groups\01_industry.txt                              ,               ,                     ,                    ,                    ,                    ,       , building_munition_plant                                                                                                                                                                                                                                                                                                                                                                             ,                , $pm_base$                                                               , "Procédé ou machine spécifique, composition simple", Époque de la PM  , Transformation visible, Atelier discret ou transparent, SMALL_ONLY          , NO          , "Texte, logos et technologie postérieure", gfx/interface/icons/production_method_icons/, P3      , NONE         , pmg_base_building_munition_plant                        , gfx/interface/icons/generic_icons/mixed_icon_base.dds      , VANILLA    , GENERIC                   , $pm_base$
PRODUCTION_METHOD_GROUP, pmg_base_building_naval_administration                  , Recruitment                                                             , Recrutement                                                             , PORT_NAVAL    , 1776+       , gfx/interface/icons/generic_icons/mixed_icon_military.dds  , YES           , VANILLA       , GENERIC                   , NO             , common\production_method_groups\05_military.txt                              ,               ,                     ,                    ,                    ,                    ,       , building_naval_administration                                                                                                                                                                                                                                                                                                                                                                       ,                , Recruitment                                                             , "Procédé ou machine spécifique, composition simple", Époque de la PM  , Transformation visible, Atelier discret ou transparent, SMALL_ONLY          , NO          , "Texte, logos et technologie postérieure", gfx/interface/icons/production_method_icons/, P3      , NONE         , pmg_base_building_naval_administration                  , gfx/interface/icons/generic_icons/mixed_icon_military.dds  , VANILLA    , GENERIC                   , Recruitment
PRODUCTION_METHOD_GROUP, pmg_base_building_naval_fortification                   , Fortification                                                           , Fortifications                                                          , PORT_NAVAL    , 1776+       , gfx/interface/icons/generic_icons/mixed_icon_military.dds  , YES           , VANILLA       , GENERIC                   , NO             , common\production_method_groups\05_military.txt                              ,               ,                     ,                    ,                    ,                    ,       , building_naval_fortification                                                                                                                                                                                                                                                                                                                                                                        ,                , Fortification                                                           , "Procédé ou machine spécifique, composition simple", Époque de la PM  , Transformation visible, Atelier discret ou transparent, SMALL_ONLY          , NO          , "Texte, logos et technologie postérieure", gfx/interface/icons/production_method_icons/, P3      , NONE         , pmg_base_building_naval_fortification                   , gfx/interface/icons/generic_icons/mixed_icon_military.dds  , VANILLA    , GENERIC                   , Fortification
PRODUCTION_METHOD_GROUP, pmg_base_building_oil_refinery                          , Refining Process                                                        , Procédé de raffinage                                                    , ENERGY        , 1776+       , gfx/interface/icons/generic_icons/mixed_icon_refining.dds  , YES           , VANILLA       , GENERIC                   , NO             , common\production_method_groups\12_tech6c4_oil_refinery_pmgs.txt             ,               ,                     ,                    ,                    ,                    ,       , building_oil_refinery                                                                                                                                                                                                                                                                                                                                                                               ,                , Refining Process                                                        , "Procédé ou machine spécifique, composition simple", Époque de la PM  , Transformation visible, Atelier discret ou transparent, SMALL_ONLY          , NO          , "Texte, logos et technologie postérieure", gfx/interface/icons/production_method_icons/, P3      , NONE         , pmg_base_building_oil_refinery                          , gfx/interface/icons/generic_icons/mixed_icon_refining.dds  , VANILLA    , GENERIC                   , Refining Process
PRODUCTION_METHOD_GROUP, pmg_base_building_oil_rig                               , $pm_base$                                                               , $pm_base$                                                               , ENERGY        , 1776+       , gfx/interface/icons/generic_icons/mixed_icon_base.dds      , YES           , VANILLA       , GENERIC                   , NO             , common\production_method_groups\09_misc_resource.txt                         ,               ,                     ,                    ,                    ,                    ,       , building_oil_rig                                                                                                                                                                                                                                                                                                                                                                                    ,                , $pm_base$                                                               , "Procédé ou machine spécifique, composition simple", Époque de la PM  , Transformation visible, Atelier discret ou transparent, SMALL_ONLY          , NO          , "Texte, logos et technologie postérieure", gfx/interface/icons/production_method_icons/, P3      , NONE         , pmg_base_building_oil_rig                               , gfx/interface/icons/generic_icons/mixed_icon_base.dds      , VANILLA    , GENERIC                   , $pm_base$
PRODUCTION_METHOD_GROUP, pmg_base_building_opium_plantation                      , $pm_base$                                                               , $pm_base$                                                               , PLANTATION    , 1776+       , gfx/interface/icons/generic_icons/mixed_icon_base.dds      , YES           , VANILLA       , GENERIC                   , NO             , common\production_method_groups\04_plantations.txt                           ,               ,                     ,                    ,                    ,                    ,       , building_opium_plantation                                                                                                                                                                                                                                                                                                                                                                           ,                , $pm_base$                                                               , "Procédé ou machine spécifique, composition simple", Époque de la PM  , Transformation visible, Atelier discret ou transparent, SMALL_ONLY          , NO          , "Texte, logos et technologie postérieure", gfx/interface/icons/production_method_icons/, P3      , NONE         , pmg_base_building_opium_plantation                      , gfx/interface/icons/generic_icons/mixed_icon_base.dds      , VANILLA    , GENERIC                   , $pm_base$
PRODUCTION_METHOD_GROUP, pmg_base_building_palazzo_san_giorgio                   , Institutional Role                                                      , Rôle institutionnel                                                     , LIGHT_INDUSTRY, 1776+       , gfx/interface/icons/generic_icons/mixed_icon_base.dds      , YES           , VANILLA       , GENERIC                   , NO             , common\production_method_groups\99_cleanup2e4_merchant_republic_monuments.txt,               ,                     ,                    ,                    ,                    ,       , building_palazzo_san_giorgio                                                                                                                                                                                                                                                                                                                                                                        ,                , Institutional Role                                                      , "Procédé ou machine spécifique, composition simple", Époque de la PM  , Transformation visible, Atelier discret ou transparent, SMALL_ONLY          , NO          , "Texte, logos et technologie postérieure", gfx/interface/icons/production_method_icons/, P3      , NONE         , pmg_base_building_palazzo_san_giorgio                   , gfx/interface/icons/generic_icons/mixed_icon_base.dds      , VANILLA    , GENERIC                   , Institutional Role
PRODUCTION_METHOD_GROUP, pmg_base_building_paper_mill                            , $pm_base$                                                               , $pm_base$                                                               , LIGHT_INDUSTRY, 1776+       , gfx/interface/icons/generic_icons/mixed_icon_base.dds      , YES           , VANILLA       , GENERIC                   , NO             , common\production_method_groups\01_industry.txt                              ,               ,                     ,                    ,                    ,                    ,       , building_paper_mill                                                                                                                                                                                                                                                                                                                                                                                 ,                , $pm_base$                                                               , "Procédé ou machine spécifique, composition simple", Époque de la PM  , Transformation visible, Atelier discret ou transparent, SMALL_ONLY          , NO          , "Texte, logos et technologie postérieure", gfx/interface/icons/production_method_icons/, P3      , NONE         , pmg_base_building_paper_mill                            , gfx/interface/icons/generic_icons/mixed_icon_base.dds      , VANILLA    , GENERIC                   , $pm_base$
PRODUCTION_METHOD_GROUP, pmg_base_building_pena_convent                          , $pm_base$                                                               , $pm_base$                                                               , LIGHT_INDUSTRY, 1776+       , gfx/interface/icons/generic_icons/mixed_icon_base.dds      , YES           , VANILLA       , GENERIC                   , NO             , common\production_method_groups\08_monuments.txt                             ,               ,                     ,                    ,                    ,                    ,       , building_pena_convent                                                                                                                                                                                                                                                                                                                                                                               ,                , $pm_base$                                                               , "Procédé ou machine spécifique, composition simple", Époque de la PM  , Transformation visible, Atelier discret ou transparent, SMALL_ONLY          , NO          , "Texte, logos et technologie postérieure", gfx/interface/icons/production_method_icons/, P3      , NONE         , pmg_base_building_pena_convent                          , gfx/interface/icons/generic_icons/mixed_icon_base.dds      , VANILLA    , GENERIC                   , $pm_base$
PRODUCTION_METHOD_GROUP, pmg_base_building_pena_palace                           , $pm_base$                                                               , $pm_base$                                                               , LIGHT_INDUSTRY, 1776+       , gfx/interface/icons/generic_icons/mixed_icon_base.dds      , YES           , VANILLA       , GENERIC                   , NO             , common\production_method_groups\08_monuments.txt                             ,               ,                     ,                    ,                    ,                    ,       , building_pena_palace                                                                                                                                                                                                                                                                                                                                                                                ,                , $pm_base$                                                               , "Procédé ou machine spécifique, composition simple", Époque de la PM  , Transformation visible, Atelier discret ou transparent, SMALL_ONLY          , NO          , "Texte, logos et technologie postérieure", gfx/interface/icons/production_method_icons/, P3      , NONE         , pmg_base_building_pena_palace                           , gfx/interface/icons/generic_icons/mixed_icon_base.dds      , VANILLA    , GENERIC                   , $pm_base$
PRODUCTION_METHOD_GROUP, pmg_base_building_port                                  , $pm_base$                                                               , $pm_base$                                                               , PORT_NAVAL    , 1776+       , gfx/interface/icons/generic_icons/mixed_icon_base.dds      , YES           , VANILLA       , GENERIC                   , NO             , common\production_method_groups\07_government.txt                            ,               ,                     ,                    ,                    ,                    ,       , building_port                                                                                                                                                                                                                                                                                                                                                                                       ,                , $pm_base$                                                               , "Procédé ou machine spécifique, composition simple", Époque de la PM  , Transformation visible, Atelier discret ou transparent, SMALL_ONLY          , NO          , "Texte, logos et technologie postérieure", gfx/interface/icons/production_method_icons/, P3      , NONE         , pmg_base_building_port                                  , gfx/interface/icons/generic_icons/mixed_icon_base.dds      , VANILLA    , GENERIC                   , $pm_base$
PRODUCTION_METHOD_GROUP, pmg_base_building_power_bloc_statue                     , Power Bloc Statue                                                       , Statue du bloc de nations                                               , ENERGY        , 1776+       , gfx/interface/icons/generic_icons/mixed_icon_base.dds      , YES           , VANILLA       , GENERIC                   , NO             , common\production_method_groups\08_monuments.txt                             ,               ,                     ,                    ,                    ,                    ,       , building_power_bloc_statue                                                                                                                                                                                                                                                                                                                                                                          ,                , Power Bloc Statue                                                       , "Procédé ou machine spécifique, composition simple", Époque de la PM  , Transformation visible, Atelier discret ou transparent, SMALL_ONLY          , NO          , "Texte, logos et technologie postérieure", gfx/interface/icons/production_method_icons/, P3      , NONE         , pmg_base_building_power_bloc_statue                     , gfx/interface/icons/generic_icons/mixed_icon_base.dds      , VANILLA    , GENERIC                   , Power Bloc Statue
PRODUCTION_METHOD_GROUP, pmg_base_building_power_plant                           , $pm_base$                                                               , $pm_base$                                                               , ENERGY        , 1776+       , gfx/interface/icons/generic_icons/mixed_icon_base.dds      , YES           , VANILLA       , GENERIC                   , NO             , common\production_method_groups\06_urban_center.txt                          ,               ,                     ,                    ,                    ,                    ,       , building_power_plant                                                                                                                                                                                                                                                                                                                                                                                ,                , $pm_base$                                                               , "Procédé ou machine spécifique, composition simple", Époque de la PM  , Transformation visible, Atelier discret ou transparent, SMALL_ONLY          , NO          , "Texte, logos et technologie postérieure", gfx/interface/icons/production_method_icons/, P3      , NONE         , pmg_base_building_power_plant                           , gfx/interface/icons/generic_icons/mixed_icon_base.dds      , VANILLA    , GENERIC                   , $pm_base$
PRODUCTION_METHOD_GROUP, pmg_base_building_railway                               , Rail Network                                                            , Réseau ferroviaire                                                      , INFRASTRUCTURE, 1776+       , gfx/interface/icons/generic_icons/mixed_icon_base.dds      , YES           , VANILLA       , GENERIC                   , NO             , common\production_method_groups\11_private_infrastructure.txt                ,               ,                     ,                    ,                    ,                    ,       , building_railway                                                                                                                                                                                                                                                                                                                                                                                    ,                , Rail Network                                                            , "Procédé ou machine spécifique, composition simple", Époque de la PM  , Transformation visible, Atelier discret ou transparent, SMALL_ONLY          , NO          , "Texte, logos et technologie postérieure", gfx/interface/icons/production_method_icons/, P3      , NONE         , pmg_base_building_railway                               , gfx/interface/icons/generic_icons/mixed_icon_base.dds      , VANILLA    , GENERIC                   , Rail Network
PRODUCTION_METHOD_GROUP, pmg_base_building_rialto_commercial_complex             , Institutional Role                                                      , Rôle institutionnel                                                     , TRADE         , 1776+       , gfx/interface/icons/generic_icons/mixed_icon_base.dds      , YES           , VANILLA       , GENERIC                   , NO             , common\production_method_groups\99_cleanup2e4_merchant_republic_monuments.txt,               ,                     ,                    ,                    ,                    ,       , building_rialto_commercial_complex                                                                                                                                                                                                                                                                                                                                                                  ,                , Institutional Role                                                      , "Procédé ou machine spécifique, composition simple", Époque de la PM  , Transformation visible, Atelier discret ou transparent, SMALL_ONLY          , NO          , "Texte, logos et technologie postérieure", gfx/interface/icons/production_method_icons/, P3      , NONE         , pmg_base_building_rialto_commercial_complex             , gfx/interface/icons/generic_icons/mixed_icon_base.dds      , VANILLA    , GENERIC                   , Institutional Role
PRODUCTION_METHOD_GROUP, pmg_base_building_rice_farm                             , $pm_base$                                                               , $pm_base$                                                               , AGRICULTURE   , 1776+       , gfx/interface/icons/generic_icons/mixed_icon_base.dds      , YES           , VANILLA       , GENERIC                   , NO             , common\production_method_groups\02_agro.txt                                  ,               ,                     ,                    ,                    ,                    ,       , building_rice_farm                                                                                                                                                                                                                                                                                                                                                                                  ,                , $pm_base$                                                               , "Procédé ou machine spécifique, composition simple", Époque de la PM  , Transformation visible, Atelier discret ou transparent, SMALL_ONLY          , NO          , "Texte, logos et technologie postérieure", gfx/interface/icons/production_method_icons/, P3      , NONE         , pmg_base_building_rice_farm                             , gfx/interface/icons/generic_icons/mixed_icon_base.dds      , VANILLA    , GENERIC                   , $pm_base$
PRODUCTION_METHOD_GROUP, pmg_base_building_rubber_plantation                     , $pm_base$                                                               , $pm_base$                                                               , PLANTATION    , 1776+       , gfx/interface/icons/generic_icons/mixed_icon_base.dds      , YES           , VANILLA       , GENERIC                   , NO             , common\production_method_groups\09_misc_resource.txt                         ,               ,                     ,                    ,                    ,                    ,       , building_rubber_plantation                                                                                                                                                                                                                                                                                                                                                                          ,                , $pm_base$                                                               , "Procédé ou machine spécifique, composition simple", Époque de la PM  , Transformation visible, Atelier discret ou transparent, SMALL_ONLY          , NO          , "Texte, logos et technologie postérieure", gfx/interface/icons/production_method_icons/, P3      , NONE         , pmg_base_building_rubber_plantation                     , gfx/interface/icons/generic_icons/mixed_icon_base.dds      , VANILLA    , GENERIC                   , $pm_base$
PRODUCTION_METHOD_GROUP, pmg_base_building_rye_farm                              , $pm_base$                                                               , $pm_base$                                                               , AGRICULTURE   , 1776+       , gfx/interface/icons/generic_icons/mixed_icon_base.dds      , YES           , VANILLA       , GENERIC                   , NO             , common\production_method_groups\02_agro.txt                                  ,               ,                     ,                    ,                    ,                    ,       , building_rye_farm                                                                                                                                                                                                                                                                                                                                                                                   ,                , $pm_base$                                                               , "Procédé ou machine spécifique, composition simple", Époque de la PM  , Transformation visible, Atelier discret ou transparent, SMALL_ONLY          , NO          , "Texte, logos et technologie postérieure", gfx/interface/icons/production_method_icons/, P3      , NONE         , pmg_base_building_rye_farm                              , gfx/interface/icons/generic_icons/mixed_icon_base.dds      , VANILLA    , GENERIC                   , $pm_base$
PRODUCTION_METHOD_GROUP, pmg_base_building_sagrada_familia_cathedral_1           , $pm_base$                                                               , $pm_base$                                                               , LIGHT_INDUSTRY, 1776+       , gfx/interface/icons/generic_icons/mixed_icon_base.dds      , YES           , VANILLA       , GENERIC                   , NO             , common\production_method_groups\08_monuments.txt                             ,               ,                     ,                    ,                    ,                    ,       , building_sagrada_familia_cathedral_1                                                                                                                                                                                                                                                                                                                                                                ,                , $pm_base$                                                               , "Procédé ou machine spécifique, composition simple", Époque de la PM  , Transformation visible, Atelier discret ou transparent, SMALL_ONLY          , NO          , "Texte, logos et technologie postérieure", gfx/interface/icons/production_method_icons/, P3      , NONE         , pmg_base_building_sagrada_familia_cathedral_1           , gfx/interface/icons/generic_icons/mixed_icon_base.dds      , VANILLA    , GENERIC                   , $pm_base$
PRODUCTION_METHOD_GROUP, pmg_base_building_sagrada_familia_cathedral_2           , $pm_base$                                                               , $pm_base$                                                               , LIGHT_INDUSTRY, 1776+       , gfx/interface/icons/generic_icons/mixed_icon_base.dds      , YES           , VANILLA       , GENERIC                   , NO             , common\production_method_groups\08_monuments.txt                             ,               ,                     ,                    ,                    ,                    ,       , building_sagrada_familia_cathedral_2                                                                                                                                                                                                                                                                                                                                                                ,                , $pm_base$                                                               , "Procédé ou machine spécifique, composition simple", Époque de la PM  , Transformation visible, Atelier discret ou transparent, SMALL_ONLY          , NO          , "Texte, logos et technologie postérieure", gfx/interface/icons/production_method_icons/, P3      , NONE         , pmg_base_building_sagrada_familia_cathedral_2           , gfx/interface/icons/generic_icons/mixed_icon_base.dds      , VANILLA    , GENERIC                   , $pm_base$
PRODUCTION_METHOD_GROUP, pmg_base_building_sagrada_familia_cathedral_3           , $pm_base$                                                               , $pm_base$                                                               , LIGHT_INDUSTRY, 1776+       , gfx/interface/icons/generic_icons/mixed_icon_base.dds      , YES           , VANILLA       , GENERIC                   , NO             , common\production_method_groups\08_monuments.txt                             ,               ,                     ,                    ,                    ,                    ,       , building_sagrada_familia_cathedral_3                                                                                                                                                                                                                                                                                                                                                                ,                , $pm_base$                                                               , "Procédé ou machine spécifique, composition simple", Époque de la PM  , Transformation visible, Atelier discret ou transparent, SMALL_ONLY          , NO          , "Texte, logos et technologie postérieure", gfx/interface/icons/production_method_icons/, P3      , NONE         , pmg_base_building_sagrada_familia_cathedral_3           , gfx/interface/icons/generic_icons/mixed_icon_base.dds      , VANILLA    , GENERIC                   , $pm_base$
PRODUCTION_METHOD_GROUP, pmg_base_building_saint_basils_cathedral                , Base                                                                    , Base                                                                    , LIGHT_INDUSTRY, 1776+       , gfx/interface/icons/generic_icons/mixed_icon_base.dds      , YES           , VANILLA       , GENERIC                   , NO             , common\production_method_groups\08_monuments.txt                             ,               ,                     ,                    ,                    ,                    ,       , building_saint_basils_cathedral                                                                                                                                                                                                                                                                                                                                                                     ,                , Base                                                                    , "Procédé ou machine spécifique, composition simple", Époque de la PM  , Transformation visible, Atelier discret ou transparent, SMALL_ONLY          , NO          , "Texte, logos et technologie postérieure", gfx/interface/icons/production_method_icons/, P3      , NONE         , pmg_base_building_saint_basils_cathedral                , gfx/interface/icons/generic_icons/mixed_icon_base.dds      , VANILLA    , GENERIC                   , Base
PRODUCTION_METHOD_GROUP, pmg_base_building_salt_pan                              , $pm_base$                                                               , $pm_base$                                                               , LIGHT_INDUSTRY, 1776+       , gfx/interface/icons/generic_icons/mixed_icon_base.dds      , YES           , VANILLA       , GENERIC                   , NO             , common\production_method_groups\10_tech6a1b_salt_pmgs.txt                    ,               ,                     ,                    ,                    ,                    ,       , building_salt_pan                                                                                                                                                                                                                                                                                                                                                                                   ,                , $pm_base$                                                               , "Procédé ou machine spécifique, composition simple", Époque de la PM  , Transformation visible, Atelier discret ou transparent, SMALL_ONLY          , NO          , "Texte, logos et technologie postérieure", gfx/interface/icons/production_method_icons/, P3      , NONE         , pmg_base_building_salt_pan                              , gfx/interface/icons/generic_icons/mixed_icon_base.dds      , VANILLA    , GENERIC                   , $pm_base$
PRODUCTION_METHOD_GROUP, pmg_base_building_shipyard                              , $pm_base$                                                               , $pm_base$                                                               , PORT_NAVAL    , 1776+       , gfx/interface/icons/generic_icons/mixed_icon_base.dds      , YES           , VANILLA       , GENERIC                   , NO             , common\production_method_groups\01_industry.txt                              ,               ,                     ,                    ,                    ,                    ,       , building_shipyard                                                                                                                                                                                                                                                                                                                                                                                   ,                , $pm_base$                                                               , "Procédé ou machine spécifique, composition simple", Époque de la PM  , Transformation visible, Atelier discret ou transparent, SMALL_ONLY          , NO          , "Texte, logos et technologie postérieure", gfx/interface/icons/production_method_icons/, P3      , NONE         , pmg_base_building_shipyard                              , gfx/interface/icons/generic_icons/mixed_icon_base.dds      , VANILLA    , GENERIC                   , $pm_base$
PRODUCTION_METHOD_GROUP, pmg_base_building_silk_plantation                       , $pm_base$                                                               , $pm_base$                                                               , PLANTATION    , 1776+       , gfx/interface/icons/generic_icons/mixed_icon_base.dds      , YES           , VANILLA       , GENERIC                   , NO             , common\production_method_groups\04_plantations.txt                           ,               ,                     ,                    ,                    ,                    ,       , building_silk_plantation                                                                                                                                                                                                                                                                                                                                                                            ,                , $pm_base$                                                               , "Procédé ou machine spécifique, composition simple", Époque de la PM  , Transformation visible, Atelier discret ou transparent, SMALL_ONLY          , NO          , "Texte, logos et technologie postérieure", gfx/interface/icons/production_method_icons/, P3      , NONE         , pmg_base_building_silk_plantation                       , gfx/interface/icons/generic_icons/mixed_icon_base.dds      , VANILLA    , GENERIC                   , $pm_base$
PRODUCTION_METHOD_GROUP, pmg_base_building_skyscraper                            , Skyscraper                                                              , Gratte-ciel                                                             , LIGHT_INDUSTRY, 1776+       , gfx/interface/icons/generic_icons/mixed_icon_base.dds      , YES           , VANILLA       , GENERIC                   , NO             , common\production_method_groups\07_government.txt                            ,               ,                     ,                    ,                    ,                    ,       , building_skyscraper                                                                                                                                                                                                                                                                                                                                                                                 ,                , Skyscraper                                                              , "Procédé ou machine spécifique, composition simple", Époque de la PM  , Transformation visible, Atelier discret ou transparent, SMALL_ONLY          , NO          , "Texte, logos et technologie postérieure", gfx/interface/icons/production_method_icons/, P3      , NONE         , pmg_base_building_skyscraper                            , gfx/interface/icons/generic_icons/mixed_icon_base.dds      , VANILLA    , GENERIC                   , Skyscraper
PRODUCTION_METHOD_GROUP, pmg_base_building_spice_plantation                      , $pm_base$                                                               , $pm_base$                                                               , PLANTATION    , 1776+       , gfx/interface/icons/generic_icons/mixed_icon_base.dds      , YES           , VANILLA       , GENERIC                   , NO             , common\production_method_groups\10_tech6a3_spices_pmgs.txt                   ,               ,                     ,                    ,                    ,                    ,       , building_spice_plantation                                                                                                                                                                                                                                                                                                                                                                           ,                , $pm_base$                                                               , "Procédé ou machine spécifique, composition simple", Époque de la PM  , Transformation visible, Atelier discret ou transparent, SMALL_ONLY          , NO          , "Texte, logos et technologie postérieure", gfx/interface/icons/production_method_icons/, P3      , NONE         , pmg_base_building_spice_plantation                      , gfx/interface/icons/generic_icons/mixed_icon_base.dds      , VANILLA    , GENERIC                   , $pm_base$
PRODUCTION_METHOD_GROUP, pmg_base_building_statue_of_liberty                     , Base                                                                    , Base                                                                    , LIGHT_INDUSTRY, 1776+       , gfx/interface/icons/generic_icons/mixed_icon_base.dds      , YES           , VANILLA       , GENERIC                   , NO             , common\production_method_groups\08_monuments.txt                             ,               ,                     ,                    ,                    ,                    ,       , building_statue_of_liberty                                                                                                                                                                                                                                                                                                                                                                          ,                , Base                                                                    , "Procédé ou machine spécifique, composition simple", Époque de la PM  , Transformation visible, Atelier discret ou transparent, SMALL_ONLY          , NO          , "Texte, logos et technologie postérieure", gfx/interface/icons/production_method_icons/, P3      , NONE         , pmg_base_building_statue_of_liberty                     , gfx/interface/icons/generic_icons/mixed_icon_base.dds      , VANILLA    , GENERIC                   , Base
PRODUCTION_METHOD_GROUP, pmg_base_building_subsistence_farm                      , $pm_base$                                                               , $pm_base$                                                               , AGRICULTURE   , 1776+       , gfx/interface/icons/generic_icons/mixed_icon_base.dds      , YES           , VANILLA       , GENERIC                   , NO             , common\production_method_groups\12_subsistence.txt                           ,               ,                     ,                    ,                    ,                    ,       , building_subsistence_farm                                                                                                                                                                                                                                                                                                                                                                           ,                , $pm_base$                                                               , "Procédé ou machine spécifique, composition simple", Époque de la PM  , Transformation visible, Atelier discret ou transparent, SMALL_ONLY          , NO          , "Texte, logos et technologie postérieure", gfx/interface/icons/production_method_icons/, P3      , NONE         , pmg_base_building_subsistence_farm                      , gfx/interface/icons/generic_icons/mixed_icon_base.dds      , VANILLA    , GENERIC                   , $pm_base$
PRODUCTION_METHOD_GROUP, pmg_base_building_subsistence_fishing_village           , $pm_base$                                                               , $pm_base$                                                               , RESOURCE      , 1776+       , gfx/interface/icons/generic_icons/mixed_icon_base.dds      , YES           , VANILLA       , GENERIC                   , NO             , common\production_method_groups\12_subsistence.txt                           ,               ,                     ,                    ,                    ,                    ,       , building_subsistence_fishing_village                                                                                                                                                                                                                                                                                                                                                                ,                , $pm_base$                                                               , "Procédé ou machine spécifique, composition simple", Époque de la PM  , Transformation visible, Atelier discret ou transparent, SMALL_ONLY          , NO          , "Texte, logos et technologie postérieure", gfx/interface/icons/production_method_icons/, P3      , NONE         , pmg_base_building_subsistence_fishing_village           , gfx/interface/icons/generic_icons/mixed_icon_base.dds      , VANILLA    , GENERIC                   , $pm_base$
PRODUCTION_METHOD_GROUP, pmg_base_building_subsistence_orchard                   , $pm_base$                                                               , $pm_base$                                                               , LIGHT_INDUSTRY, 1776+       , gfx/interface/icons/generic_icons/mixed_icon_base.dds      , YES           , VANILLA       , GENERIC                   , NO             , common\production_method_groups\12_subsistence.txt                           ,               ,                     ,                    ,                    ,                    ,       , building_subsistence_orchard                                                                                                                                                                                                                                                                                                                                                                        ,                , $pm_base$                                                               , "Procédé ou machine spécifique, composition simple", Époque de la PM  , Transformation visible, Atelier discret ou transparent, SMALL_ONLY          , NO          , "Texte, logos et technologie postérieure", gfx/interface/icons/production_method_icons/, P3      , NONE         , pmg_base_building_subsistence_orchard                   , gfx/interface/icons/generic_icons/mixed_icon_base.dds      , VANILLA    , GENERIC                   , $pm_base$
PRODUCTION_METHOD_GROUP, pmg_base_building_subsistence_pasture                   , $pm_base$                                                               , $pm_base$                                                               , LIGHT_INDUSTRY, 1776+       , gfx/interface/icons/generic_icons/mixed_icon_base.dds      , YES           , VANILLA       , GENERIC                   , NO             , common\production_method_groups\12_subsistence.txt                           ,               ,                     ,                    ,                    ,                    ,       , building_subsistence_pasture                                                                                                                                                                                                                                                                                                                                                                        ,                , $pm_base$                                                               , "Procédé ou machine spécifique, composition simple", Époque de la PM  , Transformation visible, Atelier discret ou transparent, SMALL_ONLY          , NO          , "Texte, logos et technologie postérieure", gfx/interface/icons/production_method_icons/, P3      , NONE         , pmg_base_building_subsistence_pasture                   , gfx/interface/icons/generic_icons/mixed_icon_base.dds      , VANILLA    , GENERIC                   , $pm_base$
PRODUCTION_METHOD_GROUP, pmg_base_building_subsistence_rice_farm                 , $pm_base$                                                               , $pm_base$                                                               , AGRICULTURE   , 1776+       , gfx/interface/icons/generic_icons/mixed_icon_base.dds      , YES           , VANILLA       , GENERIC                   , NO             , common\production_method_groups\12_subsistence.txt                           ,               ,                     ,                    ,                    ,                    ,       , building_subsistence_rice_farm                                                                                                                                                                                                                                                                                                                                                                      ,                , $pm_base$                                                               , "Procédé ou machine spécifique, composition simple", Époque de la PM  , Transformation visible, Atelier discret ou transparent, SMALL_ONLY          , NO          , "Texte, logos et technologie postérieure", gfx/interface/icons/production_method_icons/, P3      , NONE         , pmg_base_building_subsistence_rice_farm                 , gfx/interface/icons/generic_icons/mixed_icon_base.dds      , VANILLA    , GENERIC                   , $pm_base$
PRODUCTION_METHOD_GROUP, pmg_base_building_sugar_plantation                      , $pm_base$                                                               , $pm_base$                                                               , PLANTATION    , 1776+       , gfx/interface/icons/generic_icons/mixed_icon_base.dds      , YES           , VANILLA       , GENERIC                   , NO             , common\production_method_groups\04_plantations.txt                           ,               ,                     ,                    ,                    ,                    ,       , building_sugar_plantation                                                                                                                                                                                                                                                                                                                                                                           ,                , $pm_base$                                                               , "Procédé ou machine spécifique, composition simple", Époque de la PM  , Transformation visible, Atelier discret ou transparent, SMALL_ONLY          , NO          , "Texte, logos et technologie postérieure", gfx/interface/icons/production_method_icons/, P3      , NONE         , pmg_base_building_sugar_plantation                      , gfx/interface/icons/generic_icons/mixed_icon_base.dds      , VANILLA    , GENERIC                   , $pm_base$
PRODUCTION_METHOD_GROUP, pmg_base_building_taj_mahal                             , Base                                                                    , Base                                                                    , LIGHT_INDUSTRY, 1776+       , gfx/interface/icons/generic_icons/mixed_icon_base.dds      , YES           , VANILLA       , GENERIC                   , NO             , common\production_method_groups\08_monuments.txt                             ,               ,                     ,                    ,                    ,                    ,       , building_taj_mahal                                                                                                                                                                                                                                                                                                                                                                                  ,                , Base                                                                    , "Procédé ou machine spécifique, composition simple", Époque de la PM  , Transformation visible, Atelier discret ou transparent, SMALL_ONLY          , NO          , "Texte, logos et technologie postérieure", gfx/interface/icons/production_method_icons/, P3      , NONE         , pmg_base_building_taj_mahal                             , gfx/interface/icons/generic_icons/mixed_icon_base.dds      , VANILLA    , GENERIC                   , Base
PRODUCTION_METHOD_GROUP, pmg_base_building_tea_plantation                        , $pm_base$                                                               , $pm_base$                                                               , PLANTATION    , 1776+       , gfx/interface/icons/generic_icons/mixed_icon_base.dds      , YES           , VANILLA       , GENERIC                   , NO             , common\production_method_groups\04_plantations.txt                           ,               ,                     ,                    ,                    ,                    ,       , building_tea_plantation                                                                                                                                                                                                                                                                                                                                                                             ,                , $pm_base$                                                               , "Procédé ou machine spécifique, composition simple", Époque de la PM  , Transformation visible, Atelier discret ou transparent, SMALL_ONLY          , NO          , "Texte, logos et technologie postérieure", gfx/interface/icons/production_method_icons/, P3      , NONE         , pmg_base_building_tea_plantation                        , gfx/interface/icons/generic_icons/mixed_icon_base.dds      , VANILLA    , GENERIC                   , $pm_base$
PRODUCTION_METHOD_GROUP, pmg_base_building_textile_mill                          , $pm_base$                                                               , $pm_base$                                                               , LIGHT_INDUSTRY, 1776+       , gfx/interface/icons/generic_icons/mixed_icon_base.dds      , YES           , VANILLA       , GENERIC                   , NO             , common\production_method_groups\01_industry.txt                              ,               ,                     ,                    ,                    ,                    ,       , building_textile_mill                                                                                                                                                                                                                                                                                                                                                                               ,                , $pm_base$                                                               , "Procédé ou machine spécifique, composition simple", Époque de la PM  , Transformation visible, Atelier discret ou transparent, SMALL_ONLY          , NO          , "Texte, logos et technologie postérieure", gfx/interface/icons/production_method_icons/, P3      , NONE         , pmg_base_building_textile_mill                          , gfx/interface/icons/generic_icons/mixed_icon_base.dds      , VANILLA    , GENERIC                   , $pm_base$
PRODUCTION_METHOD_GROUP, pmg_base_building_tobacco_plantation                    , $pm_base$                                                               , $pm_base$                                                               , PLANTATION    , 1776+       , gfx/interface/icons/generic_icons/mixed_icon_base.dds      , YES           , VANILLA       , GENERIC                   , NO             , common\production_method_groups\04_plantations.txt                           ,               ,                     ,                    ,                    ,                    ,       , building_tobacco_plantation                                                                                                                                                                                                                                                                                                                                                                         ,                , $pm_base$                                                               , "Procédé ou machine spécifique, composition simple", Époque de la PM  , Transformation visible, Atelier discret ou transparent, SMALL_ONLY          , NO          , "Texte, logos et technologie postérieure", gfx/interface/icons/production_method_icons/, P3      , NONE         , pmg_base_building_tobacco_plantation                    , gfx/interface/icons/generic_icons/mixed_icon_base.dds      , VANILLA    , GENERIC                   , $pm_base$
PRODUCTION_METHOD_GROUP, pmg_base_building_tooling_workshop                      , $pm_base$                                                               , $pm_base$                                                               , LIGHT_INDUSTRY, 1776+       , gfx/interface/icons/generic_icons/mixed_icon_base.dds      , YES           , VANILLA       , GENERIC                   , NO             , common\production_method_groups\01_industry.txt                              ,               ,                     ,                    ,                    ,                    ,       , building_tooling_workshop                                                                                                                                                                                                                                                                                                                                                                           ,                , $pm_base$                                                               , "Procédé ou machine spécifique, composition simple", Époque de la PM  , Transformation visible, Atelier discret ou transparent, SMALL_ONLY          , NO          , "Texte, logos et technologie postérieure", gfx/interface/icons/production_method_icons/, P3      , NONE         , pmg_base_building_tooling_workshop                      , gfx/interface/icons/generic_icons/mixed_icon_base.dds      , VANILLA    , GENERIC                   , $pm_base$
PRODUCTION_METHOD_GROUP, pmg_base_building_trade_center                          , $pm_base$                                                               , $pm_base$                                                               , TRADE         , 1776+       , gfx/interface/icons/generic_icons/mixed_icon_base.dds      , YES           , VANILLA       , GENERIC                   , NO             , common\production_method_groups\11_private_infrastructure.txt                ,               ,                     ,                    ,                    ,                    ,       , building_trade_center                                                                                                                                                                                                                                                                                                                                                                               ,                , $pm_base$                                                               , "Procédé ou machine spécifique, composition simple", Époque de la PM  , Transformation visible, Atelier discret ou transparent, SMALL_ONLY          , NO          , "Texte, logos et technologie postérieure", gfx/interface/icons/production_method_icons/, P3      , NONE         , pmg_base_building_trade_center                          , gfx/interface/icons/generic_icons/mixed_icon_base.dds      , VANILLA    , GENERIC                   , $pm_base$
PRODUCTION_METHOD_GROUP, pmg_base_building_university                            , $pm_base$                                                               , $pm_base$                                                               , EDUCATION     , 1776+       , gfx/interface/icons/generic_icons/mixed_icon_base.dds      , YES           , VANILLA       , GENERIC                   , NO             , common\production_method_groups\07_government.txt                            ,               ,                     ,                    ,                    ,                    ,       , building_university                                                                                                                                                                                                                                                                                                                                                                                 ,                , $pm_base$                                                               , "Procédé ou machine spécifique, composition simple", Époque de la PM  , Transformation visible, Atelier discret ou transparent, SMALL_ONLY          , NO          , "Texte, logos et technologie postérieure", gfx/interface/icons/production_method_icons/, P3      , NONE         , pmg_base_building_university                            , gfx/interface/icons/generic_icons/mixed_icon_base.dds      , VANILLA    , GENERIC                   , $pm_base$
PRODUCTION_METHOD_GROUP, pmg_base_building_vatican_city                          , Base                                                                    , Base                                                                    , LIGHT_INDUSTRY, 1776+       , gfx/interface/icons/generic_icons/mixed_icon_base.dds      , YES           , VANILLA       , GENERIC                   , NO             , common\production_method_groups\08_monuments.txt                             ,               ,                     ,                    ,                    ,                    ,       , building_vatican_city                                                                                                                                                                                                                                                                                                                                                                               ,                , Base                                                                    , "Procédé ou machine spécifique, composition simple", Époque de la PM  , Transformation visible, Atelier discret ou transparent, SMALL_ONLY          , NO          , "Texte, logos et technologie postérieure", gfx/interface/icons/production_method_icons/, P3      , NONE         , pmg_base_building_vatican_city                          , gfx/interface/icons/generic_icons/mixed_icon_base.dds      , VANILLA    , GENERIC                   , Base
PRODUCTION_METHOD_GROUP, pmg_base_building_victoria_terminus                     , $pm_base$                                                               , $pm_base$                                                               , LIGHT_INDUSTRY, 1776+       , gfx/interface/icons/generic_icons/mixed_icon_base.dds      , YES           , VANILLA       , GENERIC                   , NO             , common\production_method_groups\08_monuments.txt                             ,               ,                     ,                    ,                    ,                    ,       , building_victoria_terminus                                                                                                                                                                                                                                                                                                                                                                          ,                , $pm_base$                                                               , "Procédé ou machine spécifique, composition simple", Époque de la PM  , Transformation visible, Atelier discret ou transparent, SMALL_ONLY          , NO          , "Texte, logos et technologie postérieure", gfx/interface/icons/production_method_icons/, P3      , NONE         , pmg_base_building_victoria_terminus                     , gfx/interface/icons/generic_icons/mixed_icon_base.dds      , VANILLA    , GENERIC                   , $pm_base$
PRODUCTION_METHOD_GROUP, pmg_base_building_vineyard                              , $pm_base$                                                               , $pm_base$                                                               , LIGHT_INDUSTRY, 1776+       , gfx/interface/icons/generic_icons/mixed_icon_base.dds      , YES           , VANILLA       , GENERIC                   , NO             , common\production_method_groups\02_agro.txt                                  ,               ,                     ,                    ,                    ,                    ,       , building_vineyard                                                                                                                                                                                                                                                                                                                                                                                   ,                , $pm_base$                                                               , "Procédé ou machine spécifique, composition simple", Époque de la PM  , Transformation visible, Atelier discret ou transparent, SMALL_ONLY          , NO          , "Texte, logos et technologie postérieure", gfx/interface/icons/production_method_icons/, P3      , NONE         , pmg_base_building_vineyard                              , gfx/interface/icons/generic_icons/mixed_icon_base.dds      , VANILLA    , GENERIC                   , $pm_base$
PRODUCTION_METHOD_GROUP, pmg_base_building_whaling_station                       , $pm_base$                                                               , $pm_base$                                                               , LIGHT_INDUSTRY, 1776+       , gfx/interface/icons/generic_icons/mixed_icon_base.dds      , YES           , VANILLA       , GENERIC                   , NO             , common\production_method_groups\09_misc_resource.txt                         ,               ,                     ,                    ,                    ,                    ,       , building_whaling_station                                                                                                                                                                                                                                                                                                                                                                            ,                , $pm_base$                                                               , "Procédé ou machine spécifique, composition simple", Époque de la PM  , Transformation visible, Atelier discret ou transparent, SMALL_ONLY          , NO          , "Texte, logos et technologie postérieure", gfx/interface/icons/production_method_icons/, P3      , NONE         , pmg_base_building_whaling_station                       , gfx/interface/icons/generic_icons/mixed_icon_base.dds      , VANILLA    , GENERIC                   , $pm_base$
PRODUCTION_METHOD_GROUP, pmg_base_building_wheat_farm                            , $pm_base$                                                               , $pm_base$                                                               , AGRICULTURE   , 1776+       , gfx/interface/icons/generic_icons/mixed_icon_base.dds      , YES           , VANILLA       , GENERIC                   , NO             , common\production_method_groups\02_agro.txt                                  ,               ,                     ,                    ,                    ,                    ,       , building_wheat_farm                                                                                                                                                                                                                                                                                                                                                                                 ,                , $pm_base$                                                               , "Procédé ou machine spécifique, composition simple", Époque de la PM  , Transformation visible, Atelier discret ou transparent, SMALL_ONLY          , NO          , "Texte, logos et technologie postérieure", gfx/interface/icons/production_method_icons/, P3      , NONE         , pmg_base_building_wheat_farm                            , gfx/interface/icons/generic_icons/mixed_icon_base.dds      , VANILLA    , GENERIC                   , $pm_base$
PRODUCTION_METHOD_GROUP, pmg_base_building_white_house                           , Base                                                                    , Base                                                                    , LIGHT_INDUSTRY, 1776+       , gfx/interface/icons/generic_icons/mixed_icon_base.dds      , YES           , VANILLA       , GENERIC                   , NO             , common\production_method_groups\08_monuments.txt                             ,               ,                     ,                    ,                    ,                    ,       , building_white_house                                                                                                                                                                                                                                                                                                                                                                                ,                , Base                                                                    , "Procédé ou machine spécifique, composition simple", Époque de la PM  , Transformation visible, Atelier discret ou transparent, SMALL_ONLY          , NO          , "Texte, logos et technologie postérieure", gfx/interface/icons/production_method_icons/, P3      , NONE         , pmg_base_building_white_house                           , gfx/interface/icons/generic_icons/mixed_icon_base.dds      , VANILLA    , GENERIC                   , Base
PRODUCTION_METHOD_GROUP, pmg_canal                                               , Canal                                                                   , Canal                                                                   , INFRASTRUCTURE, 1776+       , gfx/interface/icons/generic_icons/mixed_icon_base.dds      , YES           , VANILLA       , GENERIC                   , NO             , common\production_method_groups\10_canals.txt                                ,               ,                     ,                    ,                    ,                    ,       , building_suez_canal|building_panama_canal|building_kiel_canal                                                                                                                                                                                                                                                                                                                                       ,                , Canal                                                                   , "Procédé ou machine spécifique, composition simple", Époque de la PM  , Transformation visible, Atelier discret ou transparent, SMALL_ONLY          , NO          , "Texte, logos et technologie postérieure", gfx/interface/icons/production_method_icons/, P3      , NONE         , pmg_canal                                               , gfx/interface/icons/generic_icons/mixed_icon_base.dds      , VANILLA    , GENERIC                   , Canal
PRODUCTION_METHOD_GROUP, pmg_canning                                             , Canning                                                                 , Mise en conserve                                                        , LIGHT_INDUSTRY, 1776+       , gfx/interface/icons/generic_icons/mixed_icon_base.dds      , YES           , VANILLA       , GENERIC                   , NO             , common\production_method_groups\01_industry.txt                              ,               ,                     ,                    ,                    ,                    ,       , building_food_industry                                                                                                                                                                                                                                                                                                                                                                              ,                , Canning                                                                 , "Procédé ou machine spécifique, composition simple", Époque de la PM  , Transformation visible, Atelier discret ou transparent, SMALL_ONLY          , NO          , "Texte, logos et technologie postérieure", gfx/interface/icons/production_method_icons/, P3      , NONE         , pmg_canning                                             , gfx/interface/icons/generic_icons/mixed_icon_base.dds      , VANILLA    , GENERIC                   , Canning
PRODUCTION_METHOD_GROUP, pmg_coffee_exploitation                                 , $pmg_exploitation_sugar$                                                , $pmg_exploitation_sugar$                                                , LIGHT_INDUSTRY, 1776+       , gfx/interface/icons/generic_icons/mixed_icon_base.dds      , YES           , VANILLA       , GENERIC                   , NO             , common\production_method_groups\04_plantations.txt                           ,               ,                     ,                    ,                    ,                    ,       , building_coffee_plantation                                                                                                                                                                                                                                                                                                                                                                          ,                , $pmg_exploitation_sugar$                                                , "Procédé ou machine spécifique, composition simple", Époque de la PM  , Transformation visible, Atelier discret ou transparent, SMALL_ONLY          , NO          , "Texte, logos et technologie postérieure", gfx/interface/icons/production_method_icons/, P3      , NONE         , pmg_coffee_exploitation                                 , gfx/interface/icons/generic_icons/mixed_icon_base.dds      , VANILLA    , GENERIC                   , $pmg_exploitation_sugar$
PRODUCTION_METHOD_GROUP, pmg_copper_sheathing_building_shipyard                  , Copper Sheathing                                                        , Doublage en cuivre                                                      , PORT_NAVAL    , 1776+       , gfx/error_deer.dds                                         , YES           , FORK_CUSTOM   , PLACEHOLDER               , YES            , common\production_method_groups\13_tech6c5b_copper_pmgs.txt                  ,               ,                     ,                    ,                    ,                    ,       , building_shipyard                                                                                                                                                                                                                                                                                                                                                                                   ,                , Copper Sheathing                                                        , "Procédé ou machine spécifique, composition simple", Époque de la PM  , Transformation visible, Atelier discret ou transparent, SMALL_ONLY          , NO          , "Texte, logos et technologie postérieure", gfx/interface/icons/production_method_icons/, P0      , NEW_ORIGINAL , pmg_copper_sheathing_building_shipyard                  , gfx/error_deer.dds                                         , FORK_CUSTOM, PLACEHOLDER               , Copper Sheathing
PRODUCTION_METHOD_GROUP, pmg_cotton_exploitation                                 , $pmg_exploitation_sugar$                                                , $pmg_exploitation_sugar$                                                , LIGHT_INDUSTRY, 1776+       , gfx/interface/icons/generic_icons/mixed_icon_base.dds      , YES           , VANILLA       , GENERIC                   , NO             , common\production_method_groups\04_plantations.txt                           ,               ,                     ,                    ,                    ,                    ,       , building_cotton_plantation                                                                                                                                                                                                                                                                                                                                                                          ,                , $pmg_exploitation_sugar$                                                , "Procédé ou machine spécifique, composition simple", Époque de la PM  , Transformation visible, Atelier discret ou transparent, SMALL_ONLY          , NO          , "Texte, logos et technologie postérieure", gfx/interface/icons/production_method_icons/, P3      , NONE         , pmg_cotton_exploitation                                 , gfx/interface/icons/generic_icons/mixed_icon_base.dds      , VANILLA    , GENERIC                   , $pmg_exploitation_sugar$
PRODUCTION_METHOD_GROUP, pmg_distillery                                          , Distilleries                                                            , Distilleries                                                            , LIGHT_INDUSTRY, 1776+       , gfx/interface/icons/generic_icons/mixed_icon_distillery.dds, YES           , FORK_CUSTOM   , GENERIC                   , NO             , common\production_method_groups\01_industry.txt                              ,               ,                     ,                    ,                    ,                    ,       , building_food_industry                                                                                                                                                                                                                                                                                                                                                                              ,                , Distilleries                                                            , "Procédé ou machine spécifique, composition simple", Époque de la PM  , Transformation visible, Atelier discret ou transparent, SMALL_ONLY          , NO          , "Texte, logos et technologie postérieure", gfx/interface/icons/production_method_icons/, P3      , NONE         , pmg_distillery                                          , gfx/interface/icons/generic_icons/mixed_icon_distillery.dds, FORK_CUSTOM, GENERIC                   , Distilleries
PRODUCTION_METHOD_GROUP, pmg_drying_coffee_plantation                            , Drying Method                                                           , Méthode de séchage                                                      , PLANTATION    , 1776+       , gfx/interface/icons/generic_icons/mixed_icon_base.dds      , YES           , VANILLA       , GENERIC                   , NO             , common\production_method_groups\04_plantations.txt                           ,               ,                     ,                    ,                    ,                    ,       , building_coffee_plantation                                                                                                                                                                                                                                                                                                                                                                          ,                , Drying Method                                                           , "Procédé ou machine spécifique, composition simple", Époque de la PM  , Transformation visible, Atelier discret ou transparent, SMALL_ONLY          , NO          , "Texte, logos et technologie postérieure", gfx/interface/icons/production_method_icons/, P3      , NONE         , pmg_drying_coffee_plantation                            , gfx/interface/icons/generic_icons/mixed_icon_base.dds      , VANILLA    , GENERIC                   , Drying Method
PRODUCTION_METHOD_GROUP, pmg_dummy                                               , Dummy PM group for graphics-only buildings. Should never be shown in UI., Dummy PM group for graphics-only buildings. Should never be shown in UI., LIGHT_INDUSTRY, 1776+       ,                                                            , NO            , NONE          , NO_EXPLICIT_TEXTURE_REVIEW, REVIEW         , common\production_method_groups\00_dummy.txt                                 ,               ,                     ,                    ,                    ,                    ,       , building_machu_picchu|building_argebam|building_chichen_itza|building_easter_island_heads|building_eye_of_sahara|building_giza_necropolis|building_khaju_bridge|building_petra|building_capitol_hill|building_central_park|building_martandsuntemple|building_observatorygreenwich|building_temple_of_poseidon|building_wat_arun|building_halloween_castledracula|building_manila_cathedral_original,                , Dummy PM group for graphics-only buildings. Should never be shown in UI., "Procédé ou machine spécifique, composition simple", Époque de la PM  , Transformation visible, Atelier discret ou transparent, SMALL_ONLY          , NO          , "Texte, logos et technologie postérieure", gfx/interface/icons/production_method_icons/, P3      , REVIEW       , pmg_dummy                                               ,                                                            , NONE       , NO_EXPLICIT_TEXTURE_REVIEW, Dummy PM group for graphics-only buildings. Should never be shown in UI.
PRODUCTION_METHOD_GROUP, pmg_dye_exploitation                                    , $pmg_exploitation_sugar$                                                , $pmg_exploitation_sugar$                                                , LIGHT_INDUSTRY, 1776+       , gfx/interface/icons/generic_icons/mixed_icon_base.dds      , YES           , VANILLA       , GENERIC                   , NO             , common\production_method_groups\04_plantations.txt                           ,               ,                     ,                    ,                    ,                    ,       , building_dye_plantation                                                                                                                                                                                                                                                                                                                                                                             ,                , $pmg_exploitation_sugar$                                                , "Procédé ou machine spécifique, composition simple", Époque de la PM  , Transformation visible, Atelier discret ou transparent, SMALL_ONLY          , NO          , "Texte, logos et technologie postérieure", gfx/interface/icons/production_method_icons/, P3      , NONE         , pmg_dye_exploitation                                    , gfx/interface/icons/generic_icons/mixed_icon_base.dds      , VANILLA    , GENERIC                   , $pmg_exploitation_sugar$
PRODUCTION_METHOD_GROUP, pmg_electrical_conductors_building_power_plant          , Electrical Conductors                                                   , Conducteurs électriques                                                 , ENERGY        , LATER       , gfx/interface/icons/generic_icons/mixed_icon_base.dds      , YES           , VANILLA       , GENERIC                   , NO             , common\production_method_groups\14_tech6c5c_aluminium_pmgs.txt               ,               ,                     ,                    ,                    ,                    ,       , building_power_plant                                                                                                                                                                                                                                                                                                                                                                                ,                , Electrical Conductors                                                   , "Procédé ou machine spécifique, composition simple", Époque de la PM  , Transformation visible, Atelier discret ou transparent, SMALL_ONLY          , NO          , "Texte, logos et technologie postérieure", gfx/interface/icons/production_method_icons/, P3      , NONE         , pmg_electrical_conductors_building_power_plant          , gfx/interface/icons/generic_icons/mixed_icon_base.dds      , VANILLA    , GENERIC                   , Electrical Conductors
PRODUCTION_METHOD_GROUP, pmg_equipment                                           , Special Equipment                                                       , Équipement spécial                                                      , LIGHT_INDUSTRY, 1776+       , gfx/interface/icons/generic_icons/mixed_icon_automation.dds, YES           , VANILLA       , GENERIC                   , NO             , common\production_method_groups\09_misc_resource.txt                         ,               ,                     ,                    ,                    ,                    ,       , building_logging_camp                                                                                                                                                                                                                                                                                                                                                                               ,                , Special Equipment                                                       , "Procédé ou machine spécifique, composition simple", Époque de la PM  , Transformation visible, Atelier discret ou transparent, SMALL_ONLY          , NO          , "Texte, logos et technologie postérieure", gfx/interface/icons/production_method_icons/, P3      , NONE         , pmg_equipment                                           , gfx/interface/icons/generic_icons/mixed_icon_automation.dds, VANILLA    , GENERIC                   , Special Equipment
PRODUCTION_METHOD_GROUP, pmg_exploitation_sugar                                  , Working Conditions                                                      , Conditions de travail                                                   , LIGHT_INDUSTRY, 1776+       , gfx/interface/icons/generic_icons/mixed_icon_base.dds      , YES           , VANILLA       , GENERIC                   , NO             , common\production_method_groups\04_plantations.txt                           ,               ,                     ,                    ,                    ,                    ,       , building_sugar_plantation                                                                                                                                                                                                                                                                                                                                                                           ,                , Working Conditions                                                      , "Procédé ou machine spécifique, composition simple", Époque de la PM  , Transformation visible, Atelier discret ou transparent, SMALL_ONLY          , NO          , "Texte, logos et technologie postérieure", gfx/interface/icons/production_method_icons/, P3      , NONE         , pmg_exploitation_sugar                                  , gfx/interface/icons/generic_icons/mixed_icon_base.dds      , VANILLA    , GENERIC                   , Working Conditions
PRODUCTION_METHOD_GROUP, pmg_explosives_building_bauxite_mine                    , Explosives                                                              , Explosifs                                                               , MINING        , 1776+       , gfx/interface/icons/generic_icons/mixed_icon_base.dds      , YES           , VANILLA       , GENERIC                   , NO             , common\production_method_groups\14_tech6c5c_aluminium_pmgs.txt               ,               ,                     ,                    ,                    ,                    ,       , building_bauxite_mine                                                                                                                                                                                                                                                                                                                                                                               ,                , Explosives                                                              , "Procédé ou machine spécifique, composition simple", Époque de la PM  , Transformation visible, Atelier discret ou transparent, SMALL_ONLY          , NO          , "Texte, logos et technologie postérieure", gfx/interface/icons/production_method_icons/, P3      , NONE         , pmg_explosives_building_bauxite_mine                    , gfx/interface/icons/generic_icons/mixed_icon_base.dds      , VANILLA    , GENERIC                   , Explosives
PRODUCTION_METHOD_GROUP, pmg_explosives_building_chemical_plant                  , $pm_base$                                                               , $pm_base$                                                               , CHEMICAL      , 1776+       , gfx/interface/icons/generic_icons/mixed_icon_base.dds      , YES           , VANILLA       , GENERIC                   , NO             , common\production_method_groups\01_industry.txt                              ,               ,                     ,                    ,                    ,                    ,       , building_explosives_factory                                                                                                                                                                                                                                                                                                                                                                         ,                , $pm_base$                                                               , "Procédé ou machine spécifique, composition simple", Époque de la PM  , Transformation visible, Atelier discret ou transparent, SMALL_ONLY          , NO          , "Texte, logos et technologie postérieure", gfx/interface/icons/production_method_icons/, P3      , NONE         , pmg_explosives_building_chemical_plant                  , gfx/interface/icons/generic_icons/mixed_icon_base.dds      , VANILLA    , GENERIC                   , $pm_base$
PRODUCTION_METHOD_GROUP, pmg_explosives_building_coal_mine                       , Explosives                                                              , Explosifs                                                               , MINING        , 1776+       , gfx/interface/icons/generic_icons/mixed_icon_base.dds      , YES           , VANILLA       , GENERIC                   , NO             , common\production_method_groups\03_mines.txt                                 ,               ,                     ,                    ,                    ,                    ,       , building_coal_mine                                                                                                                                                                                                                                                                                                                                                                                  ,                , Explosives                                                              , "Procédé ou machine spécifique, composition simple", Époque de la PM  , Transformation visible, Atelier discret ou transparent, SMALL_ONLY          , NO          , "Texte, logos et technologie postérieure", gfx/interface/icons/production_method_icons/, P3      , NONE         , pmg_explosives_building_coal_mine                       , gfx/interface/icons/generic_icons/mixed_icon_base.dds      , VANILLA    , GENERIC                   , Explosives
PRODUCTION_METHOD_GROUP, pmg_explosives_building_copper_mine                     , Explosives                                                              , Explosifs                                                               , MINING        , 1776+       , gfx/error_deer.dds                                         , YES           , FORK_CUSTOM   , PLACEHOLDER               , YES            , common\production_method_groups\13_tech6c5b_copper_pmgs.txt                  ,               ,                     ,                    ,                    ,                    ,       , building_copper_mine                                                                                                                                                                                                                                                                                                                                                                                ,                , Explosives                                                              , "Procédé ou machine spécifique, composition simple", Époque de la PM  , Transformation visible, Atelier discret ou transparent, SMALL_ONLY          , NO          , "Texte, logos et technologie postérieure", gfx/interface/icons/production_method_icons/, P0      , NEW_ORIGINAL , pmg_explosives_building_copper_mine                     , gfx/error_deer.dds                                         , FORK_CUSTOM, PLACEHOLDER               , Explosives
PRODUCTION_METHOD_GROUP, pmg_explosives_building_gold_mine                       , Explosives                                                              , Explosifs                                                               , MINING        , 1776+       , gfx/interface/icons/generic_icons/mixed_icon_base.dds      , YES           , VANILLA       , GENERIC                   , NO             , common\production_method_groups\03_mines.txt                                 ,               ,                     ,                    ,                    ,                    ,       , building_gold_mine                                                                                                                                                                                                                                                                                                                                                                                  ,                , Explosives                                                              , "Procédé ou machine spécifique, composition simple", Époque de la PM  , Transformation visible, Atelier discret ou transparent, SMALL_ONLY          , NO          , "Texte, logos et technologie postérieure", gfx/interface/icons/production_method_icons/, P3      , NONE         , pmg_explosives_building_gold_mine                       , gfx/interface/icons/generic_icons/mixed_icon_base.dds      , VANILLA    , GENERIC                   , Explosives
PRODUCTION_METHOD_GROUP, pmg_explosives_building_iron_mine                       , Explosives                                                              , Explosifs                                                               , MINING        , 1776+       , gfx/interface/icons/generic_icons/mixed_icon_base.dds      , YES           , VANILLA       , GENERIC                   , NO             , common\production_method_groups\03_mines.txt                                 ,               ,                     ,                    ,                    ,                    ,       , building_iron_mine                                                                                                                                                                                                                                                                                                                                                                                  ,                , Explosives                                                              , "Procédé ou machine spécifique, composition simple", Époque de la PM  , Transformation visible, Atelier discret ou transparent, SMALL_ONLY          , NO          , "Texte, logos et technologie postérieure", gfx/interface/icons/production_method_icons/, P3      , NONE         , pmg_explosives_building_iron_mine                       , gfx/interface/icons/generic_icons/mixed_icon_base.dds      , VANILLA    , GENERIC                   , Explosives
PRODUCTION_METHOD_GROUP, pmg_explosives_building_lead_mine                       , Explosives                                                              , Explosifs                                                               , MINING        , 1776+       , gfx/interface/icons/generic_icons/mixed_icon_base.dds      , YES           , VANILLA       , GENERIC                   , NO             , common\production_method_groups\03_mines.txt                                 ,               ,                     ,                    ,                    ,                    ,       , building_lead_mine                                                                                                                                                                                                                                                                                                                                                                                  ,                , Explosives                                                              , "Procédé ou machine spécifique, composition simple", Époque de la PM  , Transformation visible, Atelier discret ou transparent, SMALL_ONLY          , NO          , "Texte, logos et technologie postérieure", gfx/interface/icons/production_method_icons/, P3      , NONE         , pmg_explosives_building_lead_mine                       , gfx/interface/icons/generic_icons/mixed_icon_base.dds      , VANILLA    , GENERIC                   , Explosives
PRODUCTION_METHOD_GROUP, pmg_explosives_building_phosphate_mine                  , Explosives                                                              , Explosifs                                                               , MINING        , 1776+       ,                                                            , NO            , NONE          , NO_EXPLICIT_TEXTURE_REVIEW, REVIEW         , common\production_method_groups\16_tech6r1_mine_processing_pmgs.txt          ,               ,                     ,                    ,                    ,                    ,       , building_phosphate_mine                                                                                                                                                                                                                                                                                                                                                                             ,                , Explosives                                                              , "Procédé ou machine spécifique, composition simple", Époque de la PM  , Transformation visible, Atelier discret ou transparent, SMALL_ONLY          , NO          , "Texte, logos et technologie postérieure", gfx/interface/icons/production_method_icons/, P3      , REVIEW       , pmg_explosives_building_phosphate_mine                  ,                                                            , NONE       , NO_EXPLICIT_TEXTURE_REVIEW, Explosives
PRODUCTION_METHOD_GROUP, pmg_explosives_building_salt_mine                       , $pmg_explosives_building_gold_mine$                                     , $pmg_explosives_building_gold_mine$                                     , MINING        , 1776+       , gfx/interface/icons/generic_icons/mixed_icon_base.dds      , YES           , VANILLA       , GENERIC                   , NO             , common\production_method_groups\10_tech6a1b_salt_pmgs.txt                    ,               ,                     ,                    ,                    ,                    ,       , building_salt_mine                                                                                                                                                                                                                                                                                                                                                                                  ,                , $pmg_explosives_building_gold_mine$                                     , "Procédé ou machine spécifique, composition simple", Époque de la PM  , Transformation visible, Atelier discret ou transparent, SMALL_ONLY          , NO          , "Texte, logos et technologie postérieure", gfx/interface/icons/production_method_icons/, P3      , NONE         , pmg_explosives_building_salt_mine                       , gfx/interface/icons/generic_icons/mixed_icon_base.dds      , VANILLA    , GENERIC                   , $pmg_explosives_building_gold_mine$
PRODUCTION_METHOD_GROUP, pmg_explosives_building_sulfur_mine                     , Explosives                                                              , Explosifs                                                               , CHEMICAL      , 1776+       , gfx/interface/icons/generic_icons/mixed_icon_base.dds      , YES           , VANILLA       , GENERIC                   , NO             , common\production_method_groups\03_mines.txt                                 ,               ,                     ,                    ,                    ,                    ,       , building_sulfur_mine                                                                                                                                                                                                                                                                                                                                                                                ,                , Explosives                                                              , "Procédé ou machine spécifique, composition simple", Époque de la PM  , Transformation visible, Atelier discret ou transparent, SMALL_ONLY          , NO          , "Texte, logos et technologie postérieure", gfx/interface/icons/production_method_icons/, P3      , NONE         , pmg_explosives_building_sulfur_mine                     , gfx/interface/icons/generic_icons/mixed_icon_base.dds      , VANILLA    , GENERIC                   , Explosives
PRODUCTION_METHOD_GROUP, pmg_fencing                                             , Fencing                                                                 , Clôture                                                                 , LIGHT_INDUSTRY, 1776+       , gfx/interface/icons/generic_icons/mixed_icon_automation.dds, YES           , VANILLA       , GENERIC                   , NO             , common\production_method_groups\02_agro.txt                                  ,               ,                     ,                    ,                    ,                    ,       , building_livestock_ranch                                                                                                                                                                                                                                                                                                                                                                            ,                , Fencing                                                                 , "Procédé ou machine spécifique, composition simple", Époque de la PM  , Transformation visible, Atelier discret ou transparent, SMALL_ONLY          , NO          , "Texte, logos et technologie postérieure", gfx/interface/icons/production_method_icons/, P3      , NONE         , pmg_fencing                                             , gfx/interface/icons/generic_icons/mixed_icon_automation.dds, VANILLA    , GENERIC                   , Fencing
PRODUCTION_METHOD_GROUP, pmg_fertilizer_production                               , Fertilizer Production                                                   , Production d’engrais                                                    , CHEMICAL      , 1776+       , gfx/interface/icons/generic_icons/mixed_icon_base.dds      , YES           , VANILLA       , GENERIC                   , NO             , common\production_method_groups\01_industry.txt                              ,               ,                     ,                    ,                    ,                    ,       , building_chemical_plant                                                                                                                                                                                                                                                                                                                                                                             ,                , Fertilizer Production                                                   , "Procédé ou machine spécifique, composition simple", Époque de la PM  , Transformation visible, Atelier discret ou transparent, SMALL_ONLY          , NO          , "Texte, logos et technologie postérieure", gfx/interface/icons/production_method_icons/, P3      , NONE         , pmg_fertilizer_production                               , gfx/interface/icons/generic_icons/mixed_icon_base.dds      , VANILLA    , GENERIC                   , Fertilizer Production
PRODUCTION_METHOD_GROUP, pmg_firearms_manufacturing                              , Firearms Manufacturing                                                  , Fabrication d’armes à feu                                               , MILITARY      , 1776+       , gfx/interface/icons/generic_icons/mixed_icon_base.dds      , YES           , VANILLA       , GENERIC                   , NO             , common\production_method_groups\01_industry.txt                              ,               ,                     ,                    ,                    ,                    ,       , building_arms_industry                                                                                                                                                                                                                                                                                                                                                                              ,                , Firearms Manufacturing                                                  , "Procédé ou machine spécifique, composition simple", Époque de la PM  , Transformation visible, Atelier discret ou transparent, SMALL_ONLY          , NO          , "Texte, logos et technologie postérieure", gfx/interface/icons/production_method_icons/, P3      , NONE         , pmg_firearms_manufacturing                              , gfx/interface/icons/generic_icons/mixed_icon_base.dds      , VANILLA    , GENERIC                   , Firearms Manufacturing
PRODUCTION_METHOD_GROUP, pmg_foundries                                           , Foundries                                                               , Fonderies                                                               , LIGHT_INDUSTRY, 1776+       , gfx/interface/icons/generic_icons/mixed_icon_base.dds      , YES           , VANILLA       , GENERIC                   , NO             , common\production_method_groups\01_industry.txt                              ,               ,                     ,                    ,                    ,                    ,       , building_artillery_foundry                                                                                                                                                                                                                                                                                                                                                                          ,                , Foundries                                                               , "Procédé ou machine spécifique, composition simple", Époque de la PM  , Transformation visible, Atelier discret ou transparent, SMALL_ONLY          , NO          , "Texte, logos et technologie postérieure", gfx/interface/icons/production_method_icons/, P3      , NONE         , pmg_foundries                                           , gfx/interface/icons/generic_icons/mixed_icon_base.dds      , VANILLA    , GENERIC                   , Foundries
PRODUCTION_METHOD_GROUP, pmg_glassblowing                                        , Glassblowing                                                            , Soufflage du verre                                                      , LIGHT_INDUSTRY, 1776+       , gfx/interface/icons/generic_icons/mixed_icon_automation.dds, YES           , VANILLA       , GENERIC                   , NO             , common\production_method_groups\01_industry.txt                              ,               ,                     ,                    ,                    ,                    ,       , building_glassworks                                                                                                                                                                                                                                                                                                                                                                                 ,                , Glassblowing                                                            , "Procédé ou machine spécifique, composition simple", Époque de la PM  , Transformation visible, Atelier discret ou transparent, SMALL_ONLY          , NO          , "Texte, logos et technologie postérieure", gfx/interface/icons/production_method_icons/, P3      , NONE         , pmg_glassblowing                                        , gfx/interface/icons/generic_icons/mixed_icon_automation.dds, VANILLA    , GENERIC                   , Glassblowing
PRODUCTION_METHOD_GROUP, pmg_government_administration_bureaucrat_professionalism, Professionalism                                                         , Professionnalisme                                                       , ADMINISTRATION, 1776+       , gfx/interface/icons/generic_icons/mixed_icon_ownership.dds , YES           , VANILLA       , GENERIC                   , NO             , common\production_method_groups\07_government.txt                            ,               ,                     ,                    ,                    ,                    ,       , building_government_administration                                                                                                                                                                                                                                                                                                                                                                  ,                , Professionalism                                                         , "Procédé ou machine spécifique, composition simple", Époque de la PM  , Transformation visible, Atelier discret ou transparent, SMALL_ONLY          , NO          , "Texte, logos et technologie postérieure", gfx/interface/icons/production_method_icons/, P3      , NONE         , pmg_government_administration_bureaucrat_professionalism, gfx/interface/icons/generic_icons/mixed_icon_ownership.dds , VANILLA    , GENERIC                   , Professionalism
PRODUCTION_METHOD_GROUP, pmg_government_administration_religious_administration  , Secularism                                                              , Laïcité                                                                 , ADMINISTRATION, 1776+       , gfx/interface/icons/generic_icons/mixed_icon_ownership.dds , YES           , VANILLA       , GENERIC                   , NO             , common\production_method_groups\07_government.txt                            ,               ,                     ,                    ,                    ,                    ,       , building_government_administration                                                                                                                                                                                                                                                                                                                                                                  ,                , Secularism                                                              , "Procédé ou machine spécifique, composition simple", Époque de la PM  , Transformation visible, Atelier discret ou transparent, SMALL_ONLY          , NO          , "Texte, logos et technologie postérieure", gfx/interface/icons/production_method_icons/, P3      , NONE         , pmg_government_administration_religious_administration  , gfx/interface/icons/generic_icons/mixed_icon_ownership.dds , VANILLA    , GENERIC                   , Secularism
PRODUCTION_METHOD_GROUP, pmg_hardwood                                            , Hardwood Production                                                     , Production de bois dur                                                  , LIGHT_INDUSTRY, 1776+       , gfx/interface/icons/generic_icons/mixed_icon_refining.dds  , YES           , VANILLA       , GENERIC                   , NO             , common\production_method_groups\09_misc_resource.txt                         ,               ,                     ,                    ,                    ,                    ,       , building_logging_camp                                                                                                                                                                                                                                                                                                                                                                               ,                , Hardwood Production                                                     , "Procédé ou machine spécifique, composition simple", Époque de la PM  , Transformation visible, Atelier discret ou transparent, SMALL_ONLY          , NO          , "Texte, logos et technologie postérieure", gfx/interface/icons/production_method_icons/, P3      , NONE         , pmg_hardwood                                            , gfx/interface/icons/generic_icons/mixed_icon_refining.dds  , VANILLA    , GENERIC                   , Hardwood Production
PRODUCTION_METHOD_GROUP, pmg_harvesting_process_building_maize_farm              , $pmg_harvesting_process$                                                , $pmg_harvesting_process$                                                , AGRICULTURE   , 1776+       , gfx/interface/icons/generic_icons/mixed_icon_automation.dds, YES           , VANILLA       , GENERIC                   , NO             , common\production_method_groups\02_agro.txt                                  ,               ,                     ,                    ,                    ,                    ,       , building_maize_farm                                                                                                                                                                                                                                                                                                                                                                                 ,                , $pmg_harvesting_process$                                                , "Procédé ou machine spécifique, composition simple", Époque de la PM  , Transformation visible, Atelier discret ou transparent, SMALL_ONLY          , NO          , "Texte, logos et technologie postérieure", gfx/interface/icons/production_method_icons/, P3      , NONE         , pmg_harvesting_process_building_maize_farm              , gfx/interface/icons/generic_icons/mixed_icon_automation.dds, VANILLA    , GENERIC                   , $pmg_harvesting_process$
PRODUCTION_METHOD_GROUP, pmg_harvesting_process_building_millet_farm             , $pmg_harvesting_process$                                                , $pmg_harvesting_process$                                                , AGRICULTURE   , 1776+       , gfx/interface/icons/generic_icons/mixed_icon_automation.dds, YES           , VANILLA       , GENERIC                   , NO             , common\production_method_groups\02_agro.txt                                  ,               ,                     ,                    ,                    ,                    ,       , building_millet_farm                                                                                                                                                                                                                                                                                                                                                                                ,                , $pmg_harvesting_process$                                                , "Procédé ou machine spécifique, composition simple", Époque de la PM  , Transformation visible, Atelier discret ou transparent, SMALL_ONLY          , NO          , "Texte, logos et technologie postérieure", gfx/interface/icons/production_method_icons/, P3      , NONE         , pmg_harvesting_process_building_millet_farm             , gfx/interface/icons/generic_icons/mixed_icon_automation.dds, VANILLA    , GENERIC                   , $pmg_harvesting_process$
PRODUCTION_METHOD_GROUP, pmg_harvesting_process_building_rice_farm               , $pmg_harvesting_process$                                                , $pmg_harvesting_process$                                                , AGRICULTURE   , 1776+       , gfx/interface/icons/generic_icons/mixed_icon_automation.dds, YES           , VANILLA       , GENERIC                   , NO             , common\production_method_groups\02_agro.txt                                  ,               ,                     ,                    ,                    ,                    ,       , building_rice_farm                                                                                                                                                                                                                                                                                                                                                                                  ,                , $pmg_harvesting_process$                                                , "Procédé ou machine spécifique, composition simple", Époque de la PM  , Transformation visible, Atelier discret ou transparent, SMALL_ONLY          , NO          , "Texte, logos et technologie postérieure", gfx/interface/icons/production_method_icons/, P3      , NONE         , pmg_harvesting_process_building_rice_farm               , gfx/interface/icons/generic_icons/mixed_icon_automation.dds, VANILLA    , GENERIC                   , $pmg_harvesting_process$
PRODUCTION_METHOD_GROUP, pmg_harvesting_process_building_rye_farm                , $pmg_harvesting_process$                                                , $pmg_harvesting_process$                                                , AGRICULTURE   , 1776+       , gfx/interface/icons/generic_icons/mixed_icon_automation.dds, YES           , VANILLA       , GENERIC                   , NO             , common\production_method_groups\02_agro.txt                                  ,               ,                     ,                    ,                    ,                    ,       , building_rye_farm                                                                                                                                                                                                                                                                                                                                                                                   ,                , $pmg_harvesting_process$                                                , "Procédé ou machine spécifique, composition simple", Époque de la PM  , Transformation visible, Atelier discret ou transparent, SMALL_ONLY          , NO          , "Texte, logos et technologie postérieure", gfx/interface/icons/production_method_icons/, P3      , NONE         , pmg_harvesting_process_building_rye_farm                , gfx/interface/icons/generic_icons/mixed_icon_automation.dds, VANILLA    , GENERIC                   , $pmg_harvesting_process$
PRODUCTION_METHOD_GROUP, pmg_harvesting_process_building_wheat_farm              , $pmg_harvesting_process$                                                , $pmg_harvesting_process$                                                , AGRICULTURE   , 1776+       , gfx/interface/icons/generic_icons/mixed_icon_automation.dds, YES           , VANILLA       , GENERIC                   , NO             , common\production_method_groups\02_agro.txt                                  ,               ,                     ,                    ,                    ,                    ,       , building_wheat_farm                                                                                                                                                                                                                                                                                                                                                                                 ,                , $pmg_harvesting_process$                                                , "Procédé ou machine spécifique, composition simple", Époque de la PM  , Transformation visible, Atelier discret ou transparent, SMALL_ONLY          , NO          , "Texte, logos et technologie postérieure", gfx/interface/icons/production_method_icons/, P3      , NONE         , pmg_harvesting_process_building_wheat_farm              , gfx/interface/icons/generic_icons/mixed_icon_automation.dds, VANILLA    , GENERIC                   , $pmg_harvesting_process$
PRODUCTION_METHOD_GROUP, pmg_home_workshops_building_subsistence_farm            , $pmg_home_workshops$                                                    , $pmg_home_workshops$                                                    , AGRICULTURE   , 1776+       , gfx/interface/icons/generic_icons/mixed_icon_refining.dds  , YES           , VANILLA       , GENERIC                   , NO             , common\production_method_groups\12_subsistence.txt                           ,               ,                     ,                    ,                    ,                    ,       , building_subsistence_farm                                                                                                                                                                                                                                                                                                                                                                           ,                , $pmg_home_workshops$                                                    , "Procédé ou machine spécifique, composition simple", Époque de la PM  , Transformation visible, Atelier discret ou transparent, SMALL_ONLY          , NO          , "Texte, logos et technologie postérieure", gfx/interface/icons/production_method_icons/, P3      , NONE         , pmg_home_workshops_building_subsistence_farm            , gfx/interface/icons/generic_icons/mixed_icon_refining.dds  , VANILLA    , GENERIC                   , $pmg_home_workshops$
PRODUCTION_METHOD_GROUP, pmg_home_workshops_building_subsistence_fishing_village , $pmg_home_workshops$                                                    , $pmg_home_workshops$                                                    , RESOURCE      , 1776+       , gfx/interface/icons/generic_icons/mixed_icon_refining.dds  , YES           , VANILLA       , GENERIC                   , NO             , common\production_method_groups\12_subsistence.txt                           ,               ,                     ,                    ,                    ,                    ,       , building_subsistence_fishing_village                                                                                                                                                                                                                                                                                                                                                                ,                , $pmg_home_workshops$                                                    , "Procédé ou machine spécifique, composition simple", Époque de la PM  , Transformation visible, Atelier discret ou transparent, SMALL_ONLY          , NO          , "Texte, logos et technologie postérieure", gfx/interface/icons/production_method_icons/, P3      , NONE         , pmg_home_workshops_building_subsistence_fishing_village , gfx/interface/icons/generic_icons/mixed_icon_refining.dds  , VANILLA    , GENERIC                   , $pmg_home_workshops$
PRODUCTION_METHOD_GROUP, pmg_home_workshops_building_subsistence_orchard         , $pmg_home_workshops$                                                    , $pmg_home_workshops$                                                    , LIGHT_INDUSTRY, 1776+       , gfx/interface/icons/generic_icons/mixed_icon_refining.dds  , YES           , VANILLA       , GENERIC                   , NO             , common\production_method_groups\12_subsistence.txt                           ,               ,                     ,                    ,                    ,                    ,       , building_subsistence_orchard                                                                                                                                                                                                                                                                                                                                                                        ,                , $pmg_home_workshops$                                                    , "Procédé ou machine spécifique, composition simple", Époque de la PM  , Transformation visible, Atelier discret ou transparent, SMALL_ONLY          , NO          , "Texte, logos et technologie postérieure", gfx/interface/icons/production_method_icons/, P3      , NONE         , pmg_home_workshops_building_subsistence_orchard         , gfx/interface/icons/generic_icons/mixed_icon_refining.dds  , VANILLA    , GENERIC                   , $pmg_home_workshops$
PRODUCTION_METHOD_GROUP, pmg_home_workshops_building_subsistence_pasture         , $pmg_home_workshops$                                                    , $pmg_home_workshops$                                                    , LIGHT_INDUSTRY, 1776+       , gfx/interface/icons/generic_icons/mixed_icon_refining.dds  , YES           , VANILLA       , GENERIC                   , NO             , common\production_method_groups\12_subsistence.txt                           ,               ,                     ,                    ,                    ,                    ,       , building_subsistence_pasture                                                                                                                                                                                                                                                                                                                                                                        ,                , $pmg_home_workshops$                                                    , "Procédé ou machine spécifique, composition simple", Époque de la PM  , Transformation visible, Atelier discret ou transparent, SMALL_ONLY          , NO          , "Texte, logos et technologie postérieure", gfx/interface/icons/production_method_icons/, P3      , NONE         , pmg_home_workshops_building_subsistence_pasture         , gfx/interface/icons/generic_icons/mixed_icon_refining.dds  , VANILLA    , GENERIC                   , $pmg_home_workshops$
PRODUCTION_METHOD_GROUP, pmg_home_workshops_building_subsistence_rice_farm       , $pmg_home_workshops$                                                    , $pmg_home_workshops$                                                    , AGRICULTURE   , 1776+       , gfx/interface/icons/generic_icons/mixed_icon_refining.dds  , YES           , VANILLA       , GENERIC                   , NO             , common\production_method_groups\12_subsistence.txt                           ,               ,                     ,                    ,                    ,                    ,       , building_subsistence_rice_farm                                                                                                                                                                                                                                                                                                                                                                      ,                , $pmg_home_workshops$                                                    , "Procédé ou machine spécifique, composition simple", Époque de la PM  , Transformation visible, Atelier discret ou transparent, SMALL_ONLY          , NO          , "Texte, logos et technologie postérieure", gfx/interface/icons/production_method_icons/, P3      , NONE         , pmg_home_workshops_building_subsistence_rice_farm       , gfx/interface/icons/generic_icons/mixed_icon_refining.dds  , VANILLA    , GENERIC                   , $pmg_home_workshops$
PRODUCTION_METHOD_GROUP, pmg_land_transport_canals                               , Canal Network                                                           , Réseau de canaux                                                        , PORT_NAVAL    , 1776+       , gfx/error_deer.dds                                         , YES           , FORK_CUSTOM   , PLACEHOLDER               , YES            , common\production_method_groups\23_tech7a_wave_b_canals_pmgs.txt             ,               ,                     ,                    ,                    ,                    ,       , building_railway                                                                                                                                                                                                                                                                                                                                                                                    ,                , Canal Network                                                           , "Procédé ou machine spécifique, composition simple", Époque de la PM  , Transformation visible, Atelier discret ou transparent, SMALL_ONLY          , NO          , "Texte, logos et technologie postérieure", gfx/interface/icons/production_method_icons/, P0      , NEW_ORIGINAL , pmg_land_transport_canals                               , gfx/error_deer.dds                                         , FORK_CUSTOM, PLACEHOLDER               , Canal Network
PRODUCTION_METHOD_GROUP, pmg_luxury_building_furniture_manufactory               , Luxury Production                                                       , Production de luxe                                                      , LIGHT_INDUSTRY, 1776+       , gfx/interface/icons/generic_icons/mixed_icon_refining.dds  , YES           , VANILLA       , GENERIC                   , NO             , common\production_method_groups\01_industry.txt                              ,               ,                     ,                    ,                    ,                    ,       , building_furniture_manufactory                                                                                                                                                                                                                                                                                                                                                                      ,                , Luxury Production                                                       , "Procédé ou machine spécifique, composition simple", Époque de la PM  , Transformation visible, Atelier discret ou transparent, SMALL_ONLY          , NO          , "Texte, logos et technologie postérieure", gfx/interface/icons/production_method_icons/, P3      , NONE         , pmg_luxury_building_furniture_manufactory               , gfx/interface/icons/generic_icons/mixed_icon_refining.dds  , VANILLA    , GENERIC                   , Luxury Production
PRODUCTION_METHOD_GROUP, pmg_luxury_building_glassworks                          , Luxury Production                                                       , Production de luxe                                                      , LIGHT_INDUSTRY, 1776+       , gfx/interface/icons/generic_icons/mixed_icon_refining.dds  , YES           , VANILLA       , GENERIC                   , NO             , common\production_method_groups\01_industry.txt                              ,               ,                     ,                    ,                    ,                    ,       , building_glassworks                                                                                                                                                                                                                                                                                                                                                                                 ,                , Luxury Production                                                       , "Procédé ou machine spécifique, composition simple", Époque de la PM  , Transformation visible, Atelier discret ou transparent, SMALL_ONLY          , NO          , "Texte, logos et technologie postérieure", gfx/interface/icons/production_method_icons/, P3      , NONE         , pmg_luxury_building_glassworks                          , gfx/interface/icons/generic_icons/mixed_icon_refining.dds  , VANILLA    , GENERIC                   , Luxury Production
PRODUCTION_METHOD_GROUP, pmg_luxury_building_textile_mill                        , Luxury Production                                                       , Production de luxe                                                      , LIGHT_INDUSTRY, 1776+       , gfx/interface/icons/generic_icons/mixed_icon_refining.dds  , YES           , VANILLA       , GENERIC                   , NO             , common\production_method_groups\01_industry.txt                              ,               ,                     ,                    ,                    ,                    ,       , building_textile_mill                                                                                                                                                                                                                                                                                                                                                                               ,                , Luxury Production                                                       , "Procédé ou machine spécifique, composition simple", Époque de la PM  , Transformation visible, Atelier discret ou transparent, SMALL_ONLY          , NO          , "Texte, logos et technologie postérieure", gfx/interface/icons/production_method_icons/, P3      , NONE         , pmg_luxury_building_textile_mill                        , gfx/interface/icons/generic_icons/mixed_icon_refining.dds  , VANILLA    , GENERIC                   , Luxury Production
PRODUCTION_METHOD_GROUP, pmg_manufacture_tobacco                                 , Manufacturing                                                           , Fabrication                                                             , LIGHT_INDUSTRY, 1776+       , gfx/interface/icons/generic_icons/mixed_icon_base.dds      , YES           , VANILLA       , GENERIC                   , NO             , common\production_method_groups\04_plantations.txt                           ,               ,                     ,                    ,                    ,                    ,       , building_tobacco_plantation                                                                                                                                                                                                                                                                                                                                                                         ,                , Manufacturing                                                           , "Procédé ou machine spécifique, composition simple", Époque de la PM  , Transformation visible, Atelier discret ou transparent, SMALL_ONLY          , NO          , "Texte, logos et technologie postérieure", gfx/interface/icons/production_method_icons/, P3      , NONE         , pmg_manufacture_tobacco                                 , gfx/interface/icons/generic_icons/mixed_icon_base.dds      , VANILLA    , GENERIC                   , Manufacturing
PRODUCTION_METHOD_GROUP, pmg_medical_services_building_urban_center              , Medical Services                                                        , Services médicaux                                                       , INFRASTRUCTURE, 1776+       , gfx/error_deer.dds                                         , YES           , FORK_CUSTOM   , PLACEHOLDER               , YES            , common\production_method_groups\17_tech6c8_pharmaceuticals_pmgs.txt          ,               ,                     ,                    ,                    ,                    ,       , building_urban_center                                                                                                                                                                                                                                                                                                                                                                               ,                , Medical Services                                                        , "Procédé ou machine spécifique, composition simple", Époque de la PM  , Transformation visible, Atelier discret ou transparent, SMALL_ONLY          , NO          , "Texte, logos et technologie postérieure", gfx/interface/icons/production_method_icons/, P0      , NEW_ORIGINAL , pmg_medical_services_building_urban_center              , gfx/error_deer.dds                                         , FORK_CUSTOM, PLACEHOLDER               , Medical Services
PRODUCTION_METHOD_GROUP, pmg_mine_ventilation                                    , Mine Ventilation                                                        , Ventilation des mines                                                   , MINING        , 1776+       , gfx/interface/icons/generic_icons/mixed_icon_automation.dds, YES           , VANILLA       , GENERIC                   , NO             , common\production_method_groups\18_tech6d_wave_b_pmgs.txt                    ,               ,                     ,                    ,                    ,                    ,       , building_coal_mine|building_iron_mine|building_lead_mine|building_sulfur_mine|building_gold_mine|building_copper_mine|building_phosphate_mine                                                                                                                                                                                                                                                       ,                , Mine Ventilation                                                        , "Procédé ou machine spécifique, composition simple", Époque de la PM  , Transformation visible, Atelier discret ou transparent, SMALL_ONLY          , NO          , "Texte, logos et technologie postérieure", gfx/interface/icons/production_method_icons/, P3      , NONE         , pmg_mine_ventilation                                    , gfx/interface/icons/generic_icons/mixed_icon_automation.dds, VANILLA    , GENERIC                   , Mine Ventilation
PRODUCTION_METHOD_GROUP, pmg_mine_ventilation_building_bauxite_mine              , Mine Ventilation                                                        , Ventilation des mines                                                   , MINING        , 1776+       , gfx/interface/icons/generic_icons/mixed_icon_automation.dds, YES           , VANILLA       , GENERIC                   , NO             , common\production_method_groups\14_tech6c5c_aluminium_pmgs.txt               ,               ,                     ,                    ,                    ,                    ,       , building_bauxite_mine                                                                                                                                                                                                                                                                                                                                                                               ,                , Mine Ventilation                                                        , "Procédé ou machine spécifique, composition simple", Époque de la PM  , Transformation visible, Atelier discret ou transparent, SMALL_ONLY          , NO          , "Texte, logos et technologie postérieure", gfx/interface/icons/production_method_icons/, P3      , NONE         , pmg_mine_ventilation_building_bauxite_mine              , gfx/interface/icons/generic_icons/mixed_icon_automation.dds, VANILLA    , GENERIC                   , Mine Ventilation
PRODUCTION_METHOD_GROUP, pmg_mining_equipment_building_bauxite_mine              , Mining Equipment                                                        , Équipement minier                                                       , MINING        , 1776+       , gfx/interface/icons/generic_icons/mixed_icon_base.dds      , YES           , VANILLA       , GENERIC                   , NO             , common\production_method_groups\14_tech6c5c_aluminium_pmgs.txt               ,               ,                     ,                    ,                    ,                    ,       , building_bauxite_mine                                                                                                                                                                                                                                                                                                                                                                               ,                , Mining Equipment                                                        , "Procédé ou machine spécifique, composition simple", Époque de la PM  , Transformation visible, Atelier discret ou transparent, SMALL_ONLY          , NO          , "Texte, logos et technologie postérieure", gfx/interface/icons/production_method_icons/, P3      , NONE         , pmg_mining_equipment_building_bauxite_mine              , gfx/interface/icons/generic_icons/mixed_icon_base.dds      , VANILLA    , GENERIC                   , Mining Equipment
PRODUCTION_METHOD_GROUP, pmg_mining_equipment_building_coal_mine                 , Mining Equipment                                                        , Équipement minier                                                       , MINING        , 1776+       , gfx/interface/icons/generic_icons/mixed_icon_base.dds      , YES           , VANILLA       , GENERIC                   , NO             , common\production_method_groups\03_mines.txt                                 ,               ,                     ,                    ,                    ,                    ,       , building_coal_mine                                                                                                                                                                                                                                                                                                                                                                                  ,                , Mining Equipment                                                        , "Procédé ou machine spécifique, composition simple", Époque de la PM  , Transformation visible, Atelier discret ou transparent, SMALL_ONLY          , NO          , "Texte, logos et technologie postérieure", gfx/interface/icons/production_method_icons/, P3      , NONE         , pmg_mining_equipment_building_coal_mine                 , gfx/interface/icons/generic_icons/mixed_icon_base.dds      , VANILLA    , GENERIC                   , Mining Equipment
PRODUCTION_METHOD_GROUP, pmg_mining_equipment_building_copper_mine               , Mining Equipment                                                        , Équipement minier                                                       , MINING        , 1776+       , gfx/error_deer.dds                                         , YES           , FORK_CUSTOM   , PLACEHOLDER               , YES            , common\production_method_groups\13_tech6c5b_copper_pmgs.txt                  ,               ,                     ,                    ,                    ,                    ,       , building_copper_mine                                                                                                                                                                                                                                                                                                                                                                                ,                , Mining Equipment                                                        , "Procédé ou machine spécifique, composition simple", Époque de la PM  , Transformation visible, Atelier discret ou transparent, SMALL_ONLY          , NO          , "Texte, logos et technologie postérieure", gfx/interface/icons/production_method_icons/, P0      , NEW_ORIGINAL , pmg_mining_equipment_building_copper_mine               , gfx/error_deer.dds                                         , FORK_CUSTOM, PLACEHOLDER               , Mining Equipment
PRODUCTION_METHOD_GROUP, pmg_mining_equipment_building_gold_mine                 , Mining Equipment                                                        , Équipement minier                                                       , MINING        , 1776+       , gfx/interface/icons/generic_icons/mixed_icon_base.dds      , YES           , VANILLA       , GENERIC                   , NO             , common\production_method_groups\03_mines.txt                                 ,               ,                     ,                    ,                    ,                    ,       , building_gold_mine                                                                                                                                                                                                                                                                                                                                                                                  ,                , Mining Equipment                                                        , "Procédé ou machine spécifique, composition simple", Époque de la PM  , Transformation visible, Atelier discret ou transparent, SMALL_ONLY          , NO          , "Texte, logos et technologie postérieure", gfx/interface/icons/production_method_icons/, P3      , NONE         , pmg_mining_equipment_building_gold_mine                 , gfx/interface/icons/generic_icons/mixed_icon_base.dds      , VANILLA    , GENERIC                   , Mining Equipment
PRODUCTION_METHOD_GROUP, pmg_mining_equipment_building_iron_mine                 , Mining Equipment                                                        , Équipement minier                                                       , MINING        , 1776+       , gfx/interface/icons/generic_icons/mixed_icon_base.dds      , YES           , VANILLA       , GENERIC                   , NO             , common\production_method_groups\03_mines.txt                                 ,               ,                     ,                    ,                    ,                    ,       , building_iron_mine                                                                                                                                                                                                                                                                                                                                                                                  ,                , Mining Equipment                                                        , "Procédé ou machine spécifique, composition simple", Époque de la PM  , Transformation visible, Atelier discret ou transparent, SMALL_ONLY          , NO          , "Texte, logos et technologie postérieure", gfx/interface/icons/production_method_icons/, P3      , NONE         , pmg_mining_equipment_building_iron_mine                 , gfx/interface/icons/generic_icons/mixed_icon_base.dds      , VANILLA    , GENERIC                   , Mining Equipment
PRODUCTION_METHOD_GROUP, pmg_mining_equipment_building_lead_mine                 , Mining Equipment                                                        , Équipement minier                                                       , MINING        , 1776+       , gfx/interface/icons/generic_icons/mixed_icon_base.dds      , YES           , VANILLA       , GENERIC                   , NO             , common\production_method_groups\03_mines.txt                                 ,               ,                     ,                    ,                    ,                    ,       , building_lead_mine                                                                                                                                                                                                                                                                                                                                                                                  ,                , Mining Equipment                                                        , "Procédé ou machine spécifique, composition simple", Époque de la PM  , Transformation visible, Atelier discret ou transparent, SMALL_ONLY          , NO          , "Texte, logos et technologie postérieure", gfx/interface/icons/production_method_icons/, P3      , NONE         , pmg_mining_equipment_building_lead_mine                 , gfx/interface/icons/generic_icons/mixed_icon_base.dds      , VANILLA    , GENERIC                   , Mining Equipment
PRODUCTION_METHOD_GROUP, pmg_mining_equipment_building_phosphate_mine            , Mining Equipment                                                        , Équipement minier                                                       , MINING        , 1776+       ,                                                            , NO            , NONE          , NO_EXPLICIT_TEXTURE_REVIEW, REVIEW         , common\production_method_groups\15_tech6c6b_phosphate_pmgs.txt               ,               ,                     ,                    ,                    ,                    ,       , building_phosphate_mine                                                                                                                                                                                                                                                                                                                                                                             ,                , Mining Equipment                                                        , "Procédé ou machine spécifique, composition simple", Époque de la PM  , Transformation visible, Atelier discret ou transparent, SMALL_ONLY          , NO          , "Texte, logos et technologie postérieure", gfx/interface/icons/production_method_icons/, P3      , REVIEW       , pmg_mining_equipment_building_phosphate_mine            ,                                                            , NONE       , NO_EXPLICIT_TEXTURE_REVIEW, Mining Equipment
PRODUCTION_METHOD_GROUP, pmg_mining_equipment_building_salt_mine                 , $pmg_mining_equipment_building_gold_mine$                               , $pmg_mining_equipment_building_gold_mine$                               , MINING        , 1776+       , gfx/interface/icons/generic_icons/mixed_icon_base.dds      , YES           , VANILLA       , GENERIC                   , NO             , common\production_method_groups\10_tech6a1b_salt_pmgs.txt                    ,               ,                     ,                    ,                    ,                    ,       , building_salt_mine                                                                                                                                                                                                                                                                                                                                                                                  ,                , $pmg_mining_equipment_building_gold_mine$                               , "Procédé ou machine spécifique, composition simple", Époque de la PM  , Transformation visible, Atelier discret ou transparent, SMALL_ONLY          , NO          , "Texte, logos et technologie postérieure", gfx/interface/icons/production_method_icons/, P3      , NONE         , pmg_mining_equipment_building_salt_mine                 , gfx/interface/icons/generic_icons/mixed_icon_base.dds      , VANILLA    , GENERIC                   , $pmg_mining_equipment_building_gold_mine$
PRODUCTION_METHOD_GROUP, pmg_mining_equipment_building_sulfur_mine               , Mining Equipment                                                        , Équipement minier                                                       , CHEMICAL      , 1776+       , gfx/interface/icons/generic_icons/mixed_icon_base.dds      , YES           , VANILLA       , GENERIC                   , NO             , common\production_method_groups\03_mines.txt                                 ,               ,                     ,                    ,                    ,                    ,       , building_sulfur_mine                                                                                                                                                                                                                                                                                                                                                                                ,                , Mining Equipment                                                        , "Procédé ou machine spécifique, composition simple", Époque de la PM  , Transformation visible, Atelier discret ou transparent, SMALL_ONLY          , NO          , "Texte, logos et technologie postérieure", gfx/interface/icons/production_method_icons/, P3      , NONE         , pmg_mining_equipment_building_sulfur_mine               , gfx/interface/icons/generic_icons/mixed_icon_base.dds      , VANILLA    , GENERIC                   , Mining Equipment
PRODUCTION_METHOD_GROUP, pmg_naval_logistics_center                              , $building_naval_logistics_center$                                       , $building_naval_logistics_center$                                       , PORT_NAVAL    , 1776+       , gfx/interface/icons/generic_icons/mixed_icon_military.dds  , YES           , VANILLA       , GENERIC                   , NO             , common\production_method_groups\05_military.txt                              ,               ,                     ,                    ,                    ,                    ,       , building_naval_logistics_center                                                                                                                                                                                                                                                                                                                                                                     ,                , $building_naval_logistics_center$                                       , "Procédé ou machine spécifique, composition simple", Époque de la PM  , Transformation visible, Atelier discret ou transparent, SMALL_ONLY          , NO          , "Texte, logos et technologie postérieure", gfx/interface/icons/production_method_icons/, P3      , NONE         , pmg_naval_logistics_center                              , gfx/interface/icons/generic_icons/mixed_icon_military.dds  , VANILLA    , GENERIC                   , $building_naval_logistics_center$
PRODUCTION_METHOD_GROUP, pmg_ore_concentration_building_bauxite_mine             , Ore Concentration                                                       , Concentration des minerais                                              , MINING        , 1776+       , gfx/interface/icons/generic_icons/mixed_icon_refining.dds  , YES           , VANILLA       , GENERIC                   , NO             , common\production_method_groups\14_tech6c5c_aluminium_pmgs.txt               ,               ,                     ,                    ,                    ,                    ,       , building_bauxite_mine                                                                                                                                                                                                                                                                                                                                                                               ,                , Ore Concentration                                                       , "Procédé ou machine spécifique, composition simple", Époque de la PM  , Transformation visible, Atelier discret ou transparent, SMALL_ONLY          , NO          , "Texte, logos et technologie postérieure", gfx/interface/icons/production_method_icons/, P3      , NONE         , pmg_ore_concentration_building_bauxite_mine             , gfx/interface/icons/generic_icons/mixed_icon_refining.dds  , VANILLA    , GENERIC                   , Ore Concentration
PRODUCTION_METHOD_GROUP, pmg_ore_concentration_building_coal_mine                , Ore Processing                                                          , Traitement du minerai                                                   , MINING        , 1776+       ,                                                            , NO            , NONE          , NO_EXPLICIT_TEXTURE_REVIEW, REVIEW         , common\production_method_groups\16_tech6r1_mine_processing_pmgs.txt          ,               ,                     ,                    ,                    ,                    ,       , building_coal_mine                                                                                                                                                                                                                                                                                                                                                                                  ,                , Ore Processing                                                          , "Procédé ou machine spécifique, composition simple", Époque de la PM  , Transformation visible, Atelier discret ou transparent, SMALL_ONLY          , NO          , "Texte, logos et technologie postérieure", gfx/interface/icons/production_method_icons/, P3      , REVIEW       , pmg_ore_concentration_building_coal_mine                ,                                                            , NONE       , NO_EXPLICIT_TEXTURE_REVIEW, Ore Processing
PRODUCTION_METHOD_GROUP, pmg_ore_concentration_building_copper_mine              , Ore Concentration                                                       , Concentration des minerais                                              , MINING        , 1776+       , gfx/error_deer.dds                                         , YES           , FORK_CUSTOM   , PLACEHOLDER               , YES            , common\production_method_groups\13_tech6c5b_copper_pmgs.txt                  ,               ,                     ,                    ,                    ,                    ,       , building_copper_mine                                                                                                                                                                                                                                                                                                                                                                                ,                , Ore Concentration                                                       , "Procédé ou machine spécifique, composition simple", Époque de la PM  , Transformation visible, Atelier discret ou transparent, SMALL_ONLY          , NO          , "Texte, logos et technologie postérieure", gfx/interface/icons/production_method_icons/, P0      , NEW_ORIGINAL , pmg_ore_concentration_building_copper_mine              , gfx/error_deer.dds                                         , FORK_CUSTOM, PLACEHOLDER               , Ore Concentration
PRODUCTION_METHOD_GROUP, pmg_ore_concentration_building_gold_mine                , Ore Processing                                                          , Traitement du minerai                                                   , MINING        , 1776+       ,                                                            , NO            , NONE          , NO_EXPLICIT_TEXTURE_REVIEW, REVIEW         , common\production_method_groups\16_tech6r1_mine_processing_pmgs.txt          ,               ,                     ,                    ,                    ,                    ,       , building_gold_mine                                                                                                                                                                                                                                                                                                                                                                                  ,                , Ore Processing                                                          , "Procédé ou machine spécifique, composition simple", Époque de la PM  , Transformation visible, Atelier discret ou transparent, SMALL_ONLY          , NO          , "Texte, logos et technologie postérieure", gfx/interface/icons/production_method_icons/, P3      , REVIEW       , pmg_ore_concentration_building_gold_mine                ,                                                            , NONE       , NO_EXPLICIT_TEXTURE_REVIEW, Ore Processing
PRODUCTION_METHOD_GROUP, pmg_ore_concentration_building_iron_mine                , Ore Processing                                                          , Traitement du minerai                                                   , MINING        , 1776+       ,                                                            , NO            , NONE          , NO_EXPLICIT_TEXTURE_REVIEW, REVIEW         , common\production_method_groups\16_tech6r1_mine_processing_pmgs.txt          ,               ,                     ,                    ,                    ,                    ,       , building_iron_mine                                                                                                                                                                                                                                                                                                                                                                                  ,                , Ore Processing                                                          , "Procédé ou machine spécifique, composition simple", Époque de la PM  , Transformation visible, Atelier discret ou transparent, SMALL_ONLY          , NO          , "Texte, logos et technologie postérieure", gfx/interface/icons/production_method_icons/, P3      , REVIEW       , pmg_ore_concentration_building_iron_mine                ,                                                            , NONE       , NO_EXPLICIT_TEXTURE_REVIEW, Ore Processing
PRODUCTION_METHOD_GROUP, pmg_ore_concentration_building_lead_mine                , Ore Processing                                                          , Traitement du minerai                                                   , MINING        , 1776+       ,                                                            , NO            , NONE          , NO_EXPLICIT_TEXTURE_REVIEW, REVIEW         , common\production_method_groups\16_tech6r1_mine_processing_pmgs.txt          ,               ,                     ,                    ,                    ,                    ,       , building_lead_mine                                                                                                                                                                                                                                                                                                                                                                                  ,                , Ore Processing                                                          , "Procédé ou machine spécifique, composition simple", Époque de la PM  , Transformation visible, Atelier discret ou transparent, SMALL_ONLY          , NO          , "Texte, logos et technologie postérieure", gfx/interface/icons/production_method_icons/, P3      , REVIEW       , pmg_ore_concentration_building_lead_mine                ,                                                            , NONE       , NO_EXPLICIT_TEXTURE_REVIEW, Ore Processing
PRODUCTION_METHOD_GROUP, pmg_ore_concentration_building_phosphate_mine           , Ore Processing                                                          , Traitement du minerai                                                   , MINING        , 1776+       ,                                                            , NO            , NONE          , NO_EXPLICIT_TEXTURE_REVIEW, REVIEW         , common\production_method_groups\16_tech6r1_mine_processing_pmgs.txt          ,               ,                     ,                    ,                    ,                    ,       , building_phosphate_mine                                                                                                                                                                                                                                                                                                                                                                             ,                , Ore Processing                                                          , "Procédé ou machine spécifique, composition simple", Époque de la PM  , Transformation visible, Atelier discret ou transparent, SMALL_ONLY          , NO          , "Texte, logos et technologie postérieure", gfx/interface/icons/production_method_icons/, P3      , REVIEW       , pmg_ore_concentration_building_phosphate_mine           ,                                                            , NONE       , NO_EXPLICIT_TEXTURE_REVIEW, Ore Processing
PRODUCTION_METHOD_GROUP, pmg_ore_concentration_building_sulfur_mine              , Ore Processing                                                          , Traitement du minerai                                                   , CHEMICAL      , 1776+       ,                                                            , NO            , NONE          , NO_EXPLICIT_TEXTURE_REVIEW, REVIEW         , common\production_method_groups\16_tech6r1_mine_processing_pmgs.txt          ,               ,                     ,                    ,                    ,                    ,       , building_sulfur_mine                                                                                                                                                                                                                                                                                                                                                                                ,                , Ore Processing                                                          , "Procédé ou machine spécifique, composition simple", Époque de la PM  , Transformation visible, Atelier discret ou transparent, SMALL_ONLY          , NO          , "Texte, logos et technologie postérieure", gfx/interface/icons/production_method_icons/, P3      , REVIEW       , pmg_ore_concentration_building_sulfur_mine              ,                                                            , NONE       , NO_EXPLICIT_TEXTURE_REVIEW, Ore Processing
PRODUCTION_METHOD_GROUP, pmg_ownership_building_art_academy                      , Patronage                                                               , Mécénat                                                                 , EDUCATION     , 1776+       , gfx/interface/icons/generic_icons/mixed_icon_ownership.dds , YES           , VANILLA       , GENERIC                   , NO             , common\production_method_groups\06_urban_center.txt                          ,               ,                     ,                    ,                    ,                    ,       , building_art_academy                                                                                                                                                                                                                                                                                                                                                                                ,                , Patronage                                                               , "Procédé ou machine spécifique, composition simple", Époque de la PM  , Transformation visible, Atelier discret ou transparent, SMALL_ONLY          , NO          , "Texte, logos et technologie postérieure", gfx/interface/icons/production_method_icons/, P3      , NONE         , pmg_ownership_building_art_academy                      , gfx/interface/icons/generic_icons/mixed_icon_ownership.dds , VANILLA    , GENERIC                   , Patronage
PRODUCTION_METHOD_GROUP, pmg_ownership_building_company_headquarter              , $pmg_ownership$                                                         , $pmg_ownership$                                                         , LIGHT_INDUSTRY, 1776+       , gfx/interface/icons/generic_icons/mixed_icon_ownership.dds , YES           , VANILLA       , GENERIC                   , NO             , common\production_method_groups\14_companies.txt                             ,               ,                     ,                    ,                    ,                    ,       , building_company_headquarter|building_company_regional_headquarter                                                                                                                                                                                                                                                                                                                                  ,                , $pmg_ownership$                                                         , "Procédé ou machine spécifique, composition simple", Époque de la PM  , Transformation visible, Atelier discret ou transparent, SMALL_ONLY          , NO          , "Texte, logos et technologie postérieure", gfx/interface/icons/production_method_icons/, P3      , NONE         , pmg_ownership_building_company_headquarter              , gfx/interface/icons/generic_icons/mixed_icon_ownership.dds , VANILLA    , GENERIC                   , $pmg_ownership$
PRODUCTION_METHOD_GROUP, pmg_ownership_building_financial_district               , $pmg_ownership$                                                         , $pmg_ownership$                                                         , LIGHT_INDUSTRY, 1776+       , gfx/interface/icons/generic_icons/mixed_icon_ownership.dds , YES           , VANILLA       , GENERIC                   , NO             , common\production_method_groups\11_private_infrastructure.txt                ,               ,                     ,                    ,                    ,                    ,       , building_financial_district                                                                                                                                                                                                                                                                                                                                                                         ,                , $pmg_ownership$                                                         , "Procédé ou machine spécifique, composition simple", Époque de la PM  , Transformation visible, Atelier discret ou transparent, SMALL_ONLY          , NO          , "Texte, logos et technologie postérieure", gfx/interface/icons/production_method_icons/, P3      , NONE         , pmg_ownership_building_financial_district               , gfx/interface/icons/generic_icons/mixed_icon_ownership.dds , VANILLA    , GENERIC                   , $pmg_ownership$
PRODUCTION_METHOD_GROUP, pmg_ownership_building_manor_house                      , $pmg_ownership$                                                         , $pmg_ownership$                                                         , LIGHT_INDUSTRY, 1776+       , gfx/interface/icons/generic_icons/mixed_icon_ownership.dds , YES           , VANILLA       , GENERIC                   , NO             , common\production_method_groups\11_private_infrastructure.txt                ,               ,                     ,                    ,                    ,                    ,       , building_manor_house                                                                                                                                                                                                                                                                                                                                                                                ,                , $pmg_ownership$                                                         , "Procédé ou machine spécifique, composition simple", Époque de la PM  , Transformation visible, Atelier discret ou transparent, SMALL_ONLY          , NO          , "Texte, logos et technologie postérieure", gfx/interface/icons/production_method_icons/, P3      , NONE         , pmg_ownership_building_manor_house                      , gfx/interface/icons/generic_icons/mixed_icon_ownership.dds , VANILLA    , GENERIC                   , $pmg_ownership$
PRODUCTION_METHOD_GROUP, pmg_passenger_trains                                    , Passenger Trains                                                        , Trains de voyageurs                                                     , LIGHT_INDUSTRY, 1776+       , gfx/interface/icons/generic_icons/mixed_icon_refining.dds  , YES           , VANILLA       , GENERIC                   , NO             , common\production_method_groups\14_tech6c5c_aluminium_pmgs.txt               ,               ,                     ,                    ,                    ,                    ,       , building_railway                                                                                                                                                                                                                                                                                                                                                                                    ,                , Passenger Trains                                                        , "Procédé ou machine spécifique, composition simple", Époque de la PM  , Transformation visible, Atelier discret ou transparent, SMALL_ONLY          , NO          , "Texte, logos et technologie postérieure", gfx/interface/icons/production_method_icons/, P3      , NONE         , pmg_passenger_trains                                    , gfx/interface/icons/generic_icons/mixed_icon_refining.dds  , VANILLA    , GENERIC                   , Passenger Trains
PRODUCTION_METHOD_GROUP, pmg_pharmaceutical_production_building_chemical_works   , Pharmaceutical Production                                               , Production pharmaceutique                                               , CHEMICAL      , 1776+       , gfx/interface/icons/generic_icons/mixed_icon_base.dds      , YES           , VANILLA       , GENERIC                   , NO             , common\production_method_groups\17_tech6c8_pharmaceuticals_pmgs.txt          ,               ,                     ,                    ,                    ,                    ,       , building_chemical_plant                                                                                                                                                                                                                                                                                                                                                                             ,                , Pharmaceutical Production                                               , "Procédé ou machine spécifique, composition simple", Époque de la PM  , Transformation visible, Atelier discret ou transparent, SMALL_ONLY          , NO          , "Texte, logos et technologie postérieure", gfx/interface/icons/production_method_icons/, P3      , NONE         , pmg_pharmaceutical_production_building_chemical_works   , gfx/interface/icons/generic_icons/mixed_icon_base.dds      , VANILLA    , GENERIC                   , Pharmaceutical Production
PRODUCTION_METHOD_GROUP, pmg_precision_machinery_production                      , Precision Machinery                                                     , Machines de précision                                                   , HEAVY_INDUSTRY, 1776+       , gfx/interface/icons/generic_icons/mixed_icon_refining.dds  , YES           , VANILLA       , GENERIC                   , NO             , common\production_method_groups\16_tech6c7_precision_machinery_pmgs.txt      ,               ,                     ,                    ,                    ,                    ,       , building_tooling_workshop                                                                                                                                                                                                                                                                                                                                                                           ,                , Precision Machinery                                                     , "Procédé ou machine spécifique, composition simple", Époque de la PM  , Transformation visible, Atelier discret ou transparent, SMALL_ONLY          , NO          , "Texte, logos et technologie postérieure", gfx/interface/icons/production_method_icons/, P3      , NONE         , pmg_precision_machinery_production                      , gfx/interface/icons/generic_icons/mixed_icon_refining.dds  , VANILLA    , GENERIC                   , Precision Machinery
PRODUCTION_METHOD_GROUP, pmg_principle_freedom_of_movement_3                     , Freedom of Movement                                                     , Liberté de circulation                                                  , LIGHT_INDUSTRY, 1776+       , gfx/interface/icons/generic_icons/mixed_icon_base.dds      , YES           , VANILLA       , GENERIC                   , NO             , common\production_method_groups\06_urban_center.txt                          ,               ,                     ,                    ,                    ,                    ,       , building_art_academy|building_university                                                                                                                                                                                                                                                                                                                                                            ,                , Freedom of Movement                                                     , "Procédé ou machine spécifique, composition simple", Époque de la PM  , Transformation visible, Atelier discret ou transparent, SMALL_ONLY          , NO          , "Texte, logos et technologie postérieure", gfx/interface/icons/production_method_icons/, P3      , NONE         , pmg_principle_freedom_of_movement_3                     , gfx/interface/icons/generic_icons/mixed_icon_base.dds      , VANILLA    , GENERIC                   , Freedom of Movement
PRODUCTION_METHOD_GROUP, pmg_printing_services                                   , Printing Services                                                       , Services d'impression                                                   , LIGHT_INDUSTRY, 1776+       , gfx/error_deer.dds                                         , YES           , FORK_CUSTOM   , PLACEHOLDER               , YES            , common\production_method_groups\21_tech6d_wave_e_pmgs.txt                    ,               ,                     ,                    ,                    ,                    ,       , building_urban_center                                                                                                                                                                                                                                                                                                                                                                               ,                , Printing Services                                                       , "Procédé ou machine spécifique, composition simple", Époque de la PM  , Transformation visible, Atelier discret ou transparent, SMALL_ONLY          , NO          , "Texte, logos et technologie postérieure", gfx/interface/icons/production_method_icons/, P0      , NEW_ORIGINAL , pmg_printing_services                                   , gfx/error_deer.dds                                         , FORK_CUSTOM, PLACEHOLDER               , Printing Services
PRODUCTION_METHOD_GROUP, pmg_public_transport                                    , Public Transport                                                        , Transport public                                                        , PORT_NAVAL    , 1776+       , gfx/interface/icons/generic_icons/mixed_icon_refining.dds  , YES           , VANILLA       , GENERIC                   , NO             , common\production_method_groups\06_urban_center.txt                          ,               ,                     ,                    ,                    ,                    ,       , building_urban_center                                                                                                                                                                                                                                                                                                                                                                               ,                , Public Transport                                                        , "Procédé ou machine spécifique, composition simple", Époque de la PM  , Transformation visible, Atelier discret ou transparent, SMALL_ONLY          , NO          , "Texte, logos et technologie postérieure", gfx/interface/icons/production_method_icons/, P3      , NONE         , pmg_public_transport                                    , gfx/interface/icons/generic_icons/mixed_icon_refining.dds  , VANILLA    , GENERIC                   , Public Transport
PRODUCTION_METHOD_GROUP, pmg_radios_category                                     , Radios                                                                  , Radios                                                                  , LIGHT_INDUSTRY, 1776+       , gfx/interface/icons/generic_icons/mixed_icon_refining.dds  , YES           , VANILLA       , GENERIC                   , NO             , common\production_method_groups\01_industry.txt                              ,               ,                     ,                    ,                    ,                    ,       , building_electrics_industry                                                                                                                                                                                                                                                                                                                                                                         ,                , Radios                                                                  , "Procédé ou machine spécifique, composition simple", Époque de la PM  , Transformation visible, Atelier discret ou transparent, SMALL_ONLY          , NO          , "Texte, logos et technologie postérieure", gfx/interface/icons/production_method_icons/, P3      , NONE         , pmg_radios_category                                     , gfx/interface/icons/generic_icons/mixed_icon_refining.dds  , VANILLA    , GENERIC                   , Radios
PRODUCTION_METHOD_GROUP, pmg_refinement_building_sugar_plantation                , Refinement                                                              , Raffinement                                                             , PLANTATION    , 1776+       , gfx/interface/icons/generic_icons/mixed_icon_base.dds      , YES           , VANILLA       , GENERIC                   , NO             , common\production_method_groups\04_plantations.txt                           ,               ,                     ,                    ,                    ,                    ,       , building_sugar_plantation                                                                                                                                                                                                                                                                                                                                                                           ,                , Refinement                                                              , "Procédé ou machine spécifique, composition simple", Époque de la PM  , Transformation visible, Atelier discret ou transparent, SMALL_ONLY          , NO          , "Texte, logos et technologie postérieure", gfx/interface/icons/production_method_icons/, P3      , NONE         , pmg_refinement_building_sugar_plantation                , gfx/interface/icons/generic_icons/mixed_icon_base.dds      , VANILLA    , GENERIC                   , Refinement
PRODUCTION_METHOD_GROUP, pmg_refrigeration_building_fishing_wharf                , Refrigeration                                                           , Réfrigération                                                           , RESOURCE      , 1776+       , gfx/interface/icons/generic_icons/mixed_icon_automation.dds, YES           , VANILLA       , GENERIC                   , NO             , common\production_method_groups\09_misc_resource.txt                         ,               ,                     ,                    ,                    ,                    ,       , building_fishing_wharf                                                                                                                                                                                                                                                                                                                                                                              ,                , Refrigeration                                                           , "Procédé ou machine spécifique, composition simple", Époque de la PM  , Transformation visible, Atelier discret ou transparent, SMALL_ONLY          , NO          , "Texte, logos et technologie postérieure", gfx/interface/icons/production_method_icons/, P3      , NONE         , pmg_refrigeration_building_fishing_wharf                , gfx/interface/icons/generic_icons/mixed_icon_automation.dds, VANILLA    , GENERIC                   , Refrigeration
PRODUCTION_METHOD_GROUP, pmg_refrigeration_building_livestock_ranch              , Refrigeration                                                           , Réfrigération                                                           , AGRICULTURE   , 1776+       , gfx/interface/icons/generic_icons/mixed_icon_automation.dds, YES           , VANILLA       , GENERIC                   , NO             , common\production_method_groups\02_agro.txt                                  ,               ,                     ,                    ,                    ,                    ,       , building_livestock_ranch                                                                                                                                                                                                                                                                                                                                                                            ,                , Refrigeration                                                           , "Procédé ou machine spécifique, composition simple", Époque de la PM  , Transformation visible, Atelier discret ou transparent, SMALL_ONLY          , NO          , "Texte, logos et technologie postérieure", gfx/interface/icons/production_method_icons/, P3      , NONE         , pmg_refrigeration_building_livestock_ranch              , gfx/interface/icons/generic_icons/mixed_icon_automation.dds, VANILLA    , GENERIC                   , Refrigeration
PRODUCTION_METHOD_GROUP, pmg_refrigeration_building_whaling_station              , Refrigeration                                                           , Réfrigération                                                           , LIGHT_INDUSTRY, 1776+       , gfx/interface/icons/generic_icons/mixed_icon_automation.dds, YES           , VANILLA       , GENERIC                   , NO             , common\production_method_groups\09_misc_resource.txt                         ,               ,                     ,                    ,                    ,                    ,       , building_whaling_station                                                                                                                                                                                                                                                                                                                                                                            ,                , Refrigeration                                                           , "Procédé ou machine spécifique, composition simple", Époque de la PM  , Transformation visible, Atelier discret ou transparent, SMALL_ONLY          , NO          , "Texte, logos et technologie postérieure", gfx/interface/icons/production_method_icons/, P3      , NONE         , pmg_refrigeration_building_whaling_station              , gfx/interface/icons/generic_icons/mixed_icon_automation.dds, VANILLA    , GENERIC                   , Refrigeration
PRODUCTION_METHOD_GROUP, pmg_rubber_exploitation                                 , $pmg_exploitation_sugar$                                                , $pmg_exploitation_sugar$                                                , LIGHT_INDUSTRY, 1776+       , gfx/interface/icons/generic_icons/mixed_icon_base.dds      , YES           , VANILLA       , GENERIC                   , NO             , common\production_method_groups\04_plantations.txt                           ,               ,                     ,                    ,                    ,                    ,       , building_rubber_plantation                                                                                                                                                                                                                                                                                                                                                                          ,                , $pmg_exploitation_sugar$                                                , "Procédé ou machine spécifique, composition simple", Époque de la PM  , Transformation visible, Atelier discret ou transparent, SMALL_ONLY          , NO          , "Texte, logos et technologie postérieure", gfx/interface/icons/production_method_icons/, P3      , NONE         , pmg_rubber_exploitation                                 , gfx/interface/icons/generic_icons/mixed_icon_base.dds      , VANILLA    , GENERIC                   , $pmg_exploitation_sugar$
PRODUCTION_METHOD_GROUP, pmg_salt_processing_building_salt_mine                  , Salt Processing                                                         , Traitement du sel                                                       , MINING        , 1776+       ,                                                            , NO            , NONE          , NO_EXPLICIT_TEXTURE_REVIEW, REVIEW         , common\production_method_groups\16_tech6r1_mine_processing_pmgs.txt          ,               ,                     ,                    ,                    ,                    ,       , building_salt_mine                                                                                                                                                                                                                                                                                                                                                                                  ,                , Salt Processing                                                         , "Procédé ou machine spécifique, composition simple", Époque de la PM  , Transformation visible, Atelier discret ou transparent, SMALL_ONLY          , NO          , "Texte, logos et technologie postérieure", gfx/interface/icons/production_method_icons/, P3      , REVIEW       , pmg_salt_processing_building_salt_mine                  ,                                                            , NONE       , NO_EXPLICIT_TEXTURE_REVIEW, Salt Processing
PRODUCTION_METHOD_GROUP, pmg_scientific_management                               , Scientific Management                                                   , Organisation scientifique du travail                                    , LIGHT_INDUSTRY, 1776+       , gfx/error_deer.dds                                         , YES           , FORK_CUSTOM   , PLACEHOLDER               , YES            , common\production_method_groups\20_tech6d_wave_d_pmgs.txt                    ,               ,                     ,                    ,                    ,                    ,       , building_tooling_workshop|building_motor_industry|building_arms_industry|building_artillery_foundry|building_munition_plant                                                                                                                                                                                                                                                                         ,                , Scientific Management                                                   , "Procédé ou machine spécifique, composition simple", Époque de la PM  , Transformation visible, Atelier discret ou transparent, SMALL_ONLY          , NO          , "Texte, logos et technologie postérieure", gfx/interface/icons/production_method_icons/, P0      , NEW_ORIGINAL , pmg_scientific_management                               , gfx/error_deer.dds                                         , FORK_CUSTOM, PLACEHOLDER               , Scientific Management
PRODUCTION_METHOD_GROUP, pmg_scientific_management_automotive_industry           , Scientific Management                                                   , Organisation scientifique du travail                                    , LIGHT_INDUSTRY, 1776+       , gfx/error_deer.dds                                         , YES           , FORK_CUSTOM   , PLACEHOLDER               , YES            , common\production_method_groups\20_tech6d_wave_d_pmgs.txt                    ,               ,                     ,                    ,                    ,                    ,       , building_automotive_industry                                                                                                                                                                                                                                                                                                                                                                        ,                , Scientific Management                                                   , "Procédé ou machine spécifique, composition simple", Époque de la PM  , Transformation visible, Atelier discret ou transparent, SMALL_ONLY          , NO          , "Texte, logos et technologie postérieure", gfx/interface/icons/production_method_icons/, P0      , NEW_ORIGINAL , pmg_scientific_management_automotive_industry           , gfx/error_deer.dds                                         , FORK_CUSTOM, PLACEHOLDER               , Scientific Management
PRODUCTION_METHOD_GROUP, pmg_scientific_management_electrics_industry            , Scientific Management                                                   , Organisation scientifique du travail                                    , ENERGY        , LATER       , gfx/error_deer.dds                                         , YES           , FORK_CUSTOM   , PLACEHOLDER               , YES            , common\production_method_groups\20_tech6d_wave_d_pmgs.txt                    ,               ,                     ,                    ,                    ,                    ,       , building_electrics_industry                                                                                                                                                                                                                                                                                                                                                                         ,                , Scientific Management                                                   , "Procédé ou machine spécifique, composition simple", Époque de la PM  , Transformation visible, Atelier discret ou transparent, SMALL_ONLY          , NO          , "Texte, logos et technologie postérieure", gfx/interface/icons/production_method_icons/, P0      , NEW_ORIGINAL , pmg_scientific_management_electrics_industry            , gfx/error_deer.dds                                         , FORK_CUSTOM, PLACEHOLDER               , Scientific Management
PRODUCTION_METHOD_GROUP, pmg_secondary_building_maize_farm                       , Secondary                                                               , Secondaire                                                              , AGRICULTURE   , 1776+       , gfx/interface/icons/generic_icons/mixed_icon_refining.dds  , YES           , VANILLA       , GENERIC                   , NO             , common\production_method_groups\02_agro.txt                                  ,               ,                     ,                    ,                    ,                    ,       , building_maize_farm                                                                                                                                                                                                                                                                                                                                                                                 ,                , Secondary                                                               , "Procédé ou machine spécifique, composition simple", Époque de la PM  , Transformation visible, Atelier discret ou transparent, SMALL_ONLY          , NO          , "Texte, logos et technologie postérieure", gfx/interface/icons/production_method_icons/, P3      , NONE         , pmg_secondary_building_maize_farm                       , gfx/interface/icons/generic_icons/mixed_icon_refining.dds  , VANILLA    , GENERIC                   , Secondary
PRODUCTION_METHOD_GROUP, pmg_secondary_building_millet_farm                      , Secondary                                                               , Secondaire                                                              , AGRICULTURE   , 1776+       , gfx/interface/icons/generic_icons/mixed_icon_refining.dds  , YES           , VANILLA       , GENERIC                   , NO             , common\production_method_groups\02_agro.txt                                  ,               ,                     ,                    ,                    ,                    ,       , building_millet_farm                                                                                                                                                                                                                                                                                                                                                                                ,                , Secondary                                                               , "Procédé ou machine spécifique, composition simple", Époque de la PM  , Transformation visible, Atelier discret ou transparent, SMALL_ONLY          , NO          , "Texte, logos et technologie postérieure", gfx/interface/icons/production_method_icons/, P3      , NONE         , pmg_secondary_building_millet_farm                      , gfx/interface/icons/generic_icons/mixed_icon_refining.dds  , VANILLA    , GENERIC                   , Secondary
PRODUCTION_METHOD_GROUP, pmg_secondary_building_rice_farm                        , Secondary                                                               , Secondaire                                                              , AGRICULTURE   , 1776+       , gfx/interface/icons/generic_icons/mixed_icon_refining.dds  , YES           , VANILLA       , GENERIC                   , NO             , common\production_method_groups\02_agro.txt                                  ,               ,                     ,                    ,                    ,                    ,       , building_rice_farm                                                                                                                                                                                                                                                                                                                                                                                  ,                , Secondary                                                               , "Procédé ou machine spécifique, composition simple", Époque de la PM  , Transformation visible, Atelier discret ou transparent, SMALL_ONLY          , NO          , "Texte, logos et technologie postérieure", gfx/interface/icons/production_method_icons/, P3      , NONE         , pmg_secondary_building_rice_farm                        , gfx/interface/icons/generic_icons/mixed_icon_refining.dds  , VANILLA    , GENERIC                   , Secondary
PRODUCTION_METHOD_GROUP, pmg_secondary_building_rye_farm                         , Secondary                                                               , Secondaire                                                              , AGRICULTURE   , 1776+       , gfx/interface/icons/generic_icons/mixed_icon_refining.dds  , YES           , VANILLA       , GENERIC                   , NO             , common\production_method_groups\02_agro.txt                                  ,               ,                     ,                    ,                    ,                    ,       , building_rye_farm                                                                                                                                                                                                                                                                                                                                                                                   ,                , Secondary                                                               , "Procédé ou machine spécifique, composition simple", Époque de la PM  , Transformation visible, Atelier discret ou transparent, SMALL_ONLY          , NO          , "Texte, logos et technologie postérieure", gfx/interface/icons/production_method_icons/, P3      , NONE         , pmg_secondary_building_rye_farm                         , gfx/interface/icons/generic_icons/mixed_icon_refining.dds  , VANILLA    , GENERIC                   , Secondary
PRODUCTION_METHOD_GROUP, pmg_secondary_building_wheat_farm                       , Secondary                                                               , Secondaire                                                              , AGRICULTURE   , 1776+       , gfx/interface/icons/generic_icons/mixed_icon_refining.dds  , YES           , VANILLA       , GENERIC                   , NO             , common\production_method_groups\02_agro.txt                                  ,               ,                     ,                    ,                    ,                    ,       , building_wheat_farm                                                                                                                                                                                                                                                                                                                                                                                 ,                , Secondary                                                               , "Procédé ou machine spécifique, composition simple", Époque de la PM  , Transformation visible, Atelier discret ou transparent, SMALL_ONLY          , NO          , "Texte, logos et technologie postérieure", gfx/interface/icons/production_method_icons/, P3      , NONE         , pmg_secondary_building_wheat_farm                       , gfx/interface/icons/generic_icons/mixed_icon_refining.dds  , VANILLA    , GENERIC                   , Secondary
PRODUCTION_METHOD_GROUP, pmg_serfdom_building_subsistence_farm                   , $pm_serfdom$                                                            , $pm_serfdom$                                                            , AGRICULTURE   , 1776+       , gfx/interface/icons/generic_icons/mixed_icon_base.dds      , YES           , VANILLA       , GENERIC                   , NO             , common\production_method_groups\12_subsistence.txt                           ,               ,                     ,                    ,                    ,                    ,       , building_subsistence_farm                                                                                                                                                                                                                                                                                                                                                                           ,                , $pm_serfdom$                                                            , "Procédé ou machine spécifique, composition simple", Époque de la PM  , Transformation visible, Atelier discret ou transparent, SMALL_ONLY          , NO          , "Texte, logos et technologie postérieure", gfx/interface/icons/production_method_icons/, P3      , NONE         , pmg_serfdom_building_subsistence_farm                   , gfx/interface/icons/generic_icons/mixed_icon_base.dds      , VANILLA    , GENERIC                   , $pm_serfdom$
PRODUCTION_METHOD_GROUP, pmg_serfdom_building_subsistence_fishing_village        , $pm_serfdom$                                                            , $pm_serfdom$                                                            , RESOURCE      , 1776+       , gfx/interface/icons/generic_icons/mixed_icon_base.dds      , YES           , VANILLA       , GENERIC                   , NO             , common\production_method_groups\12_subsistence.txt                           ,               ,                     ,                    ,                    ,                    ,       , building_subsistence_fishing_village                                                                                                                                                                                                                                                                                                                                                                ,                , $pm_serfdom$                                                            , "Procédé ou machine spécifique, composition simple", Époque de la PM  , Transformation visible, Atelier discret ou transparent, SMALL_ONLY          , NO          , "Texte, logos et technologie postérieure", gfx/interface/icons/production_method_icons/, P3      , NONE         , pmg_serfdom_building_subsistence_fishing_village        , gfx/interface/icons/generic_icons/mixed_icon_base.dds      , VANILLA    , GENERIC                   , $pm_serfdom$
PRODUCTION_METHOD_GROUP, pmg_serfdom_building_subsistence_orchard                , $pm_serfdom$                                                            , $pm_serfdom$                                                            , LIGHT_INDUSTRY, 1776+       , gfx/interface/icons/generic_icons/mixed_icon_base.dds      , YES           , VANILLA       , GENERIC                   , NO             , common\production_method_groups\12_subsistence.txt                           ,               ,                     ,                    ,                    ,                    ,       , building_subsistence_orchard                                                                                                                                                                                                                                                                                                                                                                        ,                , $pm_serfdom$                                                            , "Procédé ou machine spécifique, composition simple", Époque de la PM  , Transformation visible, Atelier discret ou transparent, SMALL_ONLY          , NO          , "Texte, logos et technologie postérieure", gfx/interface/icons/production_method_icons/, P3      , NONE         , pmg_serfdom_building_subsistence_orchard                , gfx/interface/icons/generic_icons/mixed_icon_base.dds      , VANILLA    , GENERIC                   , $pm_serfdom$
PRODUCTION_METHOD_GROUP, pmg_serfdom_building_subsistence_pasture                , $pm_serfdom$                                                            , $pm_serfdom$                                                            , LIGHT_INDUSTRY, 1776+       , gfx/interface/icons/generic_icons/mixed_icon_base.dds      , YES           , VANILLA       , GENERIC                   , NO             , common\production_method_groups\12_subsistence.txt                           ,               ,                     ,                    ,                    ,                    ,       , building_subsistence_pasture                                                                                                                                                                                                                                                                                                                                                                        ,                , $pm_serfdom$                                                            , "Procédé ou machine spécifique, composition simple", Époque de la PM  , Transformation visible, Atelier discret ou transparent, SMALL_ONLY          , NO          , "Texte, logos et technologie postérieure", gfx/interface/icons/production_method_icons/, P3      , NONE         , pmg_serfdom_building_subsistence_pasture                , gfx/interface/icons/generic_icons/mixed_icon_base.dds      , VANILLA    , GENERIC                   , $pm_serfdom$
PRODUCTION_METHOD_GROUP, pmg_serfdom_building_subsistence_rice_farm              , $pm_serfdom$                                                            , $pm_serfdom$                                                            , AGRICULTURE   , 1776+       , gfx/interface/icons/generic_icons/mixed_icon_base.dds      , YES           , VANILLA       , GENERIC                   , NO             , common\production_method_groups\12_subsistence.txt                           ,               ,                     ,                    ,                    ,                    ,       , building_subsistence_rice_farm                                                                                                                                                                                                                                                                                                                                                                      ,                , $pm_serfdom$                                                            , "Procédé ou machine spécifique, composition simple", Époque de la PM  , Transformation visible, Atelier discret ou transparent, SMALL_ONLY          , NO          , "Texte, logos et technologie postérieure", gfx/interface/icons/production_method_icons/, P3      , NONE         , pmg_serfdom_building_subsistence_rice_farm              , gfx/interface/icons/generic_icons/mixed_icon_base.dds      , VANILLA    , GENERIC                   , $pm_serfdom$
PRODUCTION_METHOD_GROUP, pmg_sheep_ranch                                         , Wool Production                                                         , Production de laine                                                     , AGRICULTURE   , 1776+       , gfx/interface/icons/generic_icons/mixed_icon_base.dds      , YES           , VANILLA       , GENERIC                   , NO             , common\production_method_groups\02_agro.txt                                  ,               ,                     ,                    ,                    ,                    ,       , building_livestock_ranch                                                                                                                                                                                                                                                                                                                                                                            ,                , Wool Production                                                         , "Procédé ou machine spécifique, composition simple", Époque de la PM  , Transformation visible, Atelier discret ou transparent, SMALL_ONLY          , NO          , "Texte, logos et technologie postérieure", gfx/interface/icons/production_method_icons/, P3      , NONE         , pmg_sheep_ranch                                         , gfx/interface/icons/generic_icons/mixed_icon_base.dds      , VANILLA    , GENERIC                   , Wool Production
PRODUCTION_METHOD_GROUP, pmg_spiced_food_building_food_industry                  , Fine Food Preparations                                                  , Préparations de mets raffinés                                           , LIGHT_INDUSTRY, 1776+       , gfx/interface/icons/generic_icons/mixed_icon_base.dds      , YES           , VANILLA       , GENERIC                   , NO             , common\production_method_groups\10_tech6a3_spices_pmgs.txt                   ,               ,                     ,                    ,                    ,                    ,       , building_food_industry                                                                                                                                                                                                                                                                                                                                                                              ,                , Fine Food Preparations                                                  , "Procédé ou machine spécifique, composition simple", Époque de la PM  , Transformation visible, Atelier discret ou transparent, SMALL_ONLY          , NO          , "Texte, logos et technologie postérieure", gfx/interface/icons/production_method_icons/, P3      , NONE         , pmg_spiced_food_building_food_industry                  , gfx/interface/icons/generic_icons/mixed_icon_base.dds      , VANILLA    , GENERIC                   , Fine Food Preparations
PRODUCTION_METHOD_GROUP, pmg_steam_automation_building_bauxite_mine              , Steam Automation                                                        , Automatisation à vapeur                                                 , MINING        , 1776+       , gfx/interface/icons/generic_icons/mixed_icon_automation.dds, YES           , VANILLA       , GENERIC                   , NO             , common\production_method_groups\14_tech6c5c_aluminium_pmgs.txt               ,               ,                     ,                    ,                    ,                    ,       , building_bauxite_mine                                                                                                                                                                                                                                                                                                                                                                               ,                , Steam Automation                                                        , "Procédé ou machine spécifique, composition simple", Époque de la PM  , Transformation visible, Atelier discret ou transparent, SMALL_ONLY          , NO          , "Texte, logos et technologie postérieure", gfx/interface/icons/production_method_icons/, P3      , NONE         , pmg_steam_automation_building_bauxite_mine              , gfx/interface/icons/generic_icons/mixed_icon_automation.dds, VANILLA    , GENERIC                   , Steam Automation
PRODUCTION_METHOD_GROUP, pmg_steam_automation_building_coal_mine                 , $pmg_steam_automation$                                                  , $pmg_steam_automation$                                                  , MINING        , 1776+       , gfx/interface/icons/generic_icons/mixed_icon_automation.dds, YES           , VANILLA       , GENERIC                   , NO             , common\production_method_groups\03_mines.txt                                 ,               ,                     ,                    ,                    ,                    ,       , building_coal_mine                                                                                                                                                                                                                                                                                                                                                                                  ,                , $pmg_steam_automation$                                                  , "Procédé ou machine spécifique, composition simple", Époque de la PM  , Transformation visible, Atelier discret ou transparent, SMALL_ONLY          , NO          , "Texte, logos et technologie postérieure", gfx/interface/icons/production_method_icons/, P3      , NONE         , pmg_steam_automation_building_coal_mine                 , gfx/interface/icons/generic_icons/mixed_icon_automation.dds, VANILLA    , GENERIC                   , $pmg_steam_automation$
PRODUCTION_METHOD_GROUP, pmg_steam_automation_building_copper_mine               , Steam Automation                                                        , Automatisation à vapeur                                                 , MINING        , 1776+       , gfx/error_deer.dds                                         , YES           , FORK_CUSTOM   , PLACEHOLDER               , YES            , common\production_method_groups\13_tech6c5b_copper_pmgs.txt                  ,               ,                     ,                    ,                    ,                    ,       , building_copper_mine                                                                                                                                                                                                                                                                                                                                                                                ,                , Steam Automation                                                        , "Procédé ou machine spécifique, composition simple", Époque de la PM  , Transformation visible, Atelier discret ou transparent, SMALL_ONLY          , NO          , "Texte, logos et technologie postérieure", gfx/interface/icons/production_method_icons/, P0      , NEW_ORIGINAL , pmg_steam_automation_building_copper_mine               , gfx/error_deer.dds                                         , FORK_CUSTOM, PLACEHOLDER               , Steam Automation
PRODUCTION_METHOD_GROUP, pmg_steam_automation_building_gold_mine                 , $pmg_steam_automation$                                                  , $pmg_steam_automation$                                                  , MINING        , 1776+       , gfx/interface/icons/generic_icons/mixed_icon_automation.dds, YES           , VANILLA       , GENERIC                   , NO             , common\production_method_groups\03_mines.txt                                 ,               ,                     ,                    ,                    ,                    ,       , building_gold_mine                                                                                                                                                                                                                                                                                                                                                                                  ,                , $pmg_steam_automation$                                                  , "Procédé ou machine spécifique, composition simple", Époque de la PM  , Transformation visible, Atelier discret ou transparent, SMALL_ONLY          , NO          , "Texte, logos et technologie postérieure", gfx/interface/icons/production_method_icons/, P3      , NONE         , pmg_steam_automation_building_gold_mine                 , gfx/interface/icons/generic_icons/mixed_icon_automation.dds, VANILLA    , GENERIC                   , $pmg_steam_automation$
PRODUCTION_METHOD_GROUP, pmg_steam_automation_building_iron_mine                 , $pmg_steam_automation$                                                  , $pmg_steam_automation$                                                  , MINING        , 1776+       , gfx/interface/icons/generic_icons/mixed_icon_automation.dds, YES           , VANILLA       , GENERIC                   , NO             , common\production_method_groups\03_mines.txt                                 ,               ,                     ,                    ,                    ,                    ,       , building_iron_mine                                                                                                                                                                                                                                                                                                                                                                                  ,                , $pmg_steam_automation$                                                  , "Procédé ou machine spécifique, composition simple", Époque de la PM  , Transformation visible, Atelier discret ou transparent, SMALL_ONLY          , NO          , "Texte, logos et technologie postérieure", gfx/interface/icons/production_method_icons/, P3      , NONE         , pmg_steam_automation_building_iron_mine                 , gfx/interface/icons/generic_icons/mixed_icon_automation.dds, VANILLA    , GENERIC                   , $pmg_steam_automation$
PRODUCTION_METHOD_GROUP, pmg_steam_automation_building_lead_mine                 , $pmg_steam_automation$                                                  , $pmg_steam_automation$                                                  , MINING        , 1776+       , gfx/interface/icons/generic_icons/mixed_icon_automation.dds, YES           , VANILLA       , GENERIC                   , NO             , common\production_method_groups\03_mines.txt                                 ,               ,                     ,                    ,                    ,                    ,       , building_lead_mine                                                                                                                                                                                                                                                                                                                                                                                  ,                , $pmg_steam_automation$                                                  , "Procédé ou machine spécifique, composition simple", Époque de la PM  , Transformation visible, Atelier discret ou transparent, SMALL_ONLY          , NO          , "Texte, logos et technologie postérieure", gfx/interface/icons/production_method_icons/, P3      , NONE         , pmg_steam_automation_building_lead_mine                 , gfx/interface/icons/generic_icons/mixed_icon_automation.dds, VANILLA    , GENERIC                   , $pmg_steam_automation$
PRODUCTION_METHOD_GROUP, pmg_steam_automation_building_phosphate_mine            , Steam Automation                                                        , Automatisation                                                          , MINING        , 1776+       ,                                                            , NO            , NONE          , NO_EXPLICIT_TEXTURE_REVIEW, REVIEW         , common\production_method_groups\16_tech6r1_mine_processing_pmgs.txt          ,               ,                     ,                    ,                    ,                    ,       , building_phosphate_mine                                                                                                                                                                                                                                                                                                                                                                             ,                , Steam Automation                                                        , "Procédé ou machine spécifique, composition simple", Époque de la PM  , Transformation visible, Atelier discret ou transparent, SMALL_ONLY          , NO          , "Texte, logos et technologie postérieure", gfx/interface/icons/production_method_icons/, P3      , REVIEW       , pmg_steam_automation_building_phosphate_mine            ,                                                            , NONE       , NO_EXPLICIT_TEXTURE_REVIEW, Steam Automation
PRODUCTION_METHOD_GROUP, pmg_steam_automation_building_salt_mine                 , $pmg_steam_automation_building_gold_mine$                               , $pmg_steam_automation_building_gold_mine$                               , MINING        , 1776+       , gfx/interface/icons/generic_icons/mixed_icon_automation.dds, YES           , VANILLA       , GENERIC                   , NO             , common\production_method_groups\10_tech6a1b_salt_pmgs.txt                    ,               ,                     ,                    ,                    ,                    ,       , building_salt_mine                                                                                                                                                                                                                                                                                                                                                                                  ,                , $pmg_steam_automation_building_gold_mine$                               , "Procédé ou machine spécifique, composition simple", Époque de la PM  , Transformation visible, Atelier discret ou transparent, SMALL_ONLY          , NO          , "Texte, logos et technologie postérieure", gfx/interface/icons/production_method_icons/, P3      , NONE         , pmg_steam_automation_building_salt_mine                 , gfx/interface/icons/generic_icons/mixed_icon_automation.dds, VANILLA    , GENERIC                   , $pmg_steam_automation_building_gold_mine$
PRODUCTION_METHOD_GROUP, pmg_steam_automation_building_sulfur_mine               , $pmg_steam_automation$                                                  , $pmg_steam_automation$                                                  , CHEMICAL      , 1776+       , gfx/interface/icons/generic_icons/mixed_icon_automation.dds, YES           , VANILLA       , GENERIC                   , NO             , common\production_method_groups\03_mines.txt                                 ,               ,                     ,                    ,                    ,                    ,       , building_sulfur_mine                                                                                                                                                                                                                                                                                                                                                                                ,                , $pmg_steam_automation$                                                  , "Procédé ou machine spécifique, composition simple", Époque de la PM  , Transformation visible, Atelier discret ou transparent, SMALL_ONLY          , NO          , "Texte, logos et technologie postérieure", gfx/interface/icons/production_method_icons/, P3      , NONE         , pmg_steam_automation_building_sulfur_mine               , gfx/interface/icons/generic_icons/mixed_icon_automation.dds, VANILLA    , GENERIC                   , $pmg_steam_automation$
PRODUCTION_METHOD_GROUP, pmg_steelmaking_process                                 , Steelmaking Process                                                     , Processus de production de l’acier                                      , HEAVY_INDUSTRY, 1776+       , gfx/interface/icons/generic_icons/mixed_icon_base.dds      , YES           , VANILLA       , GENERIC                   , NO             , common\production_method_groups\01_industry.txt                              ,               ,                     ,                    ,                    ,                    ,       , building_steel_mill                                                                                                                                                                                                                                                                                                                                                                                 ,                , Steelmaking Process                                                     , "Procédé ou machine spécifique, composition simple", Époque de la PM  , Transformation visible, Atelier discret ou transparent, SMALL_ONLY          , NO          , "Texte, logos et technologie postérieure", gfx/interface/icons/production_method_icons/, P3      , NONE         , pmg_steelmaking_process                                 , gfx/interface/icons/generic_icons/mixed_icon_base.dds      , VANILLA    , GENERIC                   , Steelmaking Process
PRODUCTION_METHOD_GROUP, pmg_stone_processing_building_limestone_quarry          , Stone Processing                                                        , Traitement de la pierre                                                 , MINING        , 1776+       ,                                                            , NO            , NONE          , NO_EXPLICIT_TEXTURE_REVIEW, REVIEW         , common\production_method_groups\10_tech6c1_limestone_pmgs.txt                ,               ,                     ,                    ,                    ,                    ,       , building_limestone_quarry                                                                                                                                                                                                                                                                                                                                                                           ,                , Stone Processing                                                        , "Procédé ou machine spécifique, composition simple", Époque de la PM  , Transformation visible, Atelier discret ou transparent, SMALL_ONLY          , NO          , "Texte, logos et technologie postérieure", gfx/interface/icons/production_method_icons/, P3      , REVIEW       , pmg_stone_processing_building_limestone_quarry          ,                                                            , NONE       , NO_EXPLICIT_TEXTURE_REVIEW, Stone Processing
PRODUCTION_METHOD_GROUP, pmg_street_lighting                                     , Street Lighting                                                         , Éclairage public                                                        , LIGHT_INDUSTRY, 1776+       , gfx/interface/icons/generic_icons/mixed_icon_base.dds      , YES           , VANILLA       , GENERIC                   , NO             , common\production_method_groups\06_urban_center.txt                          ,               ,                     ,                    ,                    ,                    ,       , building_urban_center                                                                                                                                                                                                                                                                                                                                                                               ,                , Street Lighting                                                         , "Procédé ou machine spécifique, composition simple", Époque de la PM  , Transformation visible, Atelier discret ou transparent, SMALL_ONLY          , NO          , "Texte, logos et technologie postérieure", gfx/interface/icons/production_method_icons/, P3      , NONE         , pmg_street_lighting                                     , gfx/interface/icons/generic_icons/mixed_icon_base.dds      , VANILLA    , GENERIC                   , Street Lighting
PRODUCTION_METHOD_GROUP, pmg_synthetic_dyes                                      , Synthetic Dyes                                                          , Colorants synthétiques                                                  , LIGHT_INDUSTRY, 1776+       , gfx/interface/icons/generic_icons/mixed_icon_base.dds      , YES           , VANILLA       , GENERIC                   , NO             , common\production_method_groups\01_industry.txt                              ,               ,                     ,                    ,                    ,                    ,       , building_synthetics_plant                                                                                                                                                                                                                                                                                                                                                                           ,                , Synthetic Dyes                                                          , "Procédé ou machine spécifique, composition simple", Époque de la PM  , Transformation visible, Atelier discret ou transparent, SMALL_ONLY          , NO          , "Texte, logos et technologie postérieure", gfx/interface/icons/production_method_icons/, P3      , NONE         , pmg_synthetic_dyes                                      , gfx/interface/icons/generic_icons/mixed_icon_base.dds      , VANILLA    , GENERIC                   , Synthetic Dyes
PRODUCTION_METHOD_GROUP, pmg_synthetic_silk                                      , Synthetic Silk                                                          , Soie synthétique                                                        , LIGHT_INDUSTRY, 1776+       , gfx/interface/icons/generic_icons/mixed_icon_refining.dds  , YES           , VANILLA       , GENERIC                   , NO             , common\production_method_groups\01_industry.txt                              ,               ,                     ,                    ,                    ,                    ,       , building_synthetics_plant                                                                                                                                                                                                                                                                                                                                                                           ,                , Synthetic Silk                                                          , "Procédé ou machine spécifique, composition simple", Époque de la PM  , Transformation visible, Atelier discret ou transparent, SMALL_ONLY          , NO          , "Texte, logos et technologie postérieure", gfx/interface/icons/production_method_icons/, P3      , NONE         , pmg_synthetic_silk                                      , gfx/interface/icons/generic_icons/mixed_icon_refining.dds  , VANILLA    , GENERIC                   , Synthetic Silk
PRODUCTION_METHOD_GROUP, pmg_tanks                                               , Tanks                                                                   , Tanks                                                                   , LIGHT_INDUSTRY, 1776+       , gfx/interface/icons/generic_icons/mixed_icon_refining.dds  , YES           , VANILLA       , GENERIC                   , NO             , common\production_method_groups\01_industry.txt                              ,               ,                     ,                    ,                    ,                    ,       , building_automotive_industry                                                                                                                                                                                                                                                                                                                                                                        ,                , Tanks                                                                   , "Procédé ou machine spécifique, composition simple", Époque de la PM  , Transformation visible, Atelier discret ou transparent, SMALL_ONLY          , NO          , "Texte, logos et technologie postérieure", gfx/interface/icons/production_method_icons/, P3      , NONE         , pmg_tanks                                               , gfx/interface/icons/generic_icons/mixed_icon_refining.dds  , VANILLA    , GENERIC                   , Tanks
PRODUCTION_METHOD_GROUP, pmg_tea_exploitation                                    , $pmg_exploitation_sugar$                                                , $pmg_exploitation_sugar$                                                , LIGHT_INDUSTRY, 1776+       , gfx/interface/icons/generic_icons/mixed_icon_base.dds      , YES           , VANILLA       , GENERIC                   , NO             , common\production_method_groups\04_plantations.txt                           ,               ,                     ,                    ,                    ,                    ,       , building_tea_plantation                                                                                                                                                                                                                                                                                                                                                                             ,                , $pmg_exploitation_sugar$                                                , "Procédé ou machine spécifique, composition simple", Époque de la PM  , Transformation visible, Atelier discret ou transparent, SMALL_ONLY          , NO          , "Texte, logos et technologie postérieure", gfx/interface/icons/production_method_icons/, P3      , NONE         , pmg_tea_exploitation                                    , gfx/interface/icons/generic_icons/mixed_icon_base.dds      , VANILLA    , GENERIC                   , $pmg_exploitation_sugar$
PRODUCTION_METHOD_GROUP, pmg_telephones_category                                 , Telephones                                                              , Téléphones                                                              , LIGHT_INDUSTRY, 1776+       , gfx/interface/icons/generic_icons/mixed_icon_base.dds      , YES           , VANILLA       , GENERIC                   , NO             , common\production_method_groups\01_industry.txt                              ,               ,                     ,                    ,                    ,                    ,       , building_electrics_industry                                                                                                                                                                                                                                                                                                                                                                         ,                , Telephones                                                              , "Procédé ou machine spécifique, composition simple", Époque de la PM  , Transformation visible, Atelier discret ou transparent, SMALL_ONLY          , NO          , "Texte, logos et technologie postérieure", gfx/interface/icons/production_method_icons/, P3      , NONE         , pmg_telephones_category                                 , gfx/interface/icons/generic_icons/mixed_icon_base.dds      , VANILLA    , GENERIC                   , Telephones
PRODUCTION_METHOD_GROUP, pmg_trade_quantity_trade_center                         , Trade Quantity                                                          , Quantité échangée                                                       , TRADE         , 1776+       , gfx/interface/icons/generic_icons/mixed_icon_automation.dds, YES           , VANILLA       , GENERIC                   , NO             , common\production_method_groups\11_private_infrastructure.txt                ,               ,                     ,                    ,                    ,                    ,       , building_trade_center                                                                                                                                                                                                                                                                                                                                                                               ,                , Trade Quantity                                                          , "Procédé ou machine spécifique, composition simple", Époque de la PM  , Transformation visible, Atelier discret ou transparent, SMALL_ONLY          , NO          , "Texte, logos et technologie postérieure", gfx/interface/icons/production_method_icons/, P3      , NONE         , pmg_trade_quantity_trade_center                         , gfx/interface/icons/generic_icons/mixed_icon_automation.dds, VANILLA    , GENERIC                   , Trade Quantity
PRODUCTION_METHOD_GROUP, pmg_train_automation_building_banana_plantation         , $pmg_train_automation$                                                  , $pmg_train_automation$                                                  , PLANTATION    , 1776+       , gfx/interface/icons/generic_icons/mixed_icon_automation.dds, YES           , VANILLA       , GENERIC                   , NO             , common\production_method_groups\04_plantations.txt                           ,               ,                     ,                    ,                    ,                    ,       , building_banana_plantation                                                                                                                                                                                                                                                                                                                                                                          ,                , $pmg_train_automation$                                                  , "Procédé ou machine spécifique, composition simple", Époque de la PM  , Transformation visible, Atelier discret ou transparent, SMALL_ONLY          , NO          , "Texte, logos et technologie postérieure", gfx/interface/icons/production_method_icons/, P3      , NONE         , pmg_train_automation_building_banana_plantation         , gfx/interface/icons/generic_icons/mixed_icon_automation.dds, VANILLA    , GENERIC                   , $pmg_train_automation$
PRODUCTION_METHOD_GROUP, pmg_train_automation_building_bauxite_mine              , Transport Automation                                                    , Automatisation du transport                                             , MINING        , 1776+       , gfx/interface/icons/generic_icons/mixed_icon_automation.dds, YES           , VANILLA       , GENERIC                   , NO             , common\production_method_groups\14_tech6c5c_aluminium_pmgs.txt               ,               ,                     ,                    ,                    ,                    ,       , building_bauxite_mine                                                                                                                                                                                                                                                                                                                                                                               ,                , Transport Automation                                                    , "Procédé ou machine spécifique, composition simple", Époque de la PM  , Transformation visible, Atelier discret ou transparent, SMALL_ONLY          , NO          , "Texte, logos et technologie postérieure", gfx/interface/icons/production_method_icons/, P3      , NONE         , pmg_train_automation_building_bauxite_mine              , gfx/interface/icons/generic_icons/mixed_icon_automation.dds, VANILLA    , GENERIC                   , Transport Automation
PRODUCTION_METHOD_GROUP, pmg_train_automation_building_coal_mine                 , $pmg_train_automation$                                                  , $pmg_train_automation$                                                  , MINING        , 1776+       , gfx/interface/icons/generic_icons/mixed_icon_automation.dds, YES           , VANILLA       , GENERIC                   , NO             , common\production_method_groups\03_mines.txt                                 ,               ,                     ,                    ,                    ,                    ,       , building_coal_mine                                                                                                                                                                                                                                                                                                                                                                                  ,                , $pmg_train_automation$                                                  , "Procédé ou machine spécifique, composition simple", Époque de la PM  , Transformation visible, Atelier discret ou transparent, SMALL_ONLY          , NO          , "Texte, logos et technologie postérieure", gfx/interface/icons/production_method_icons/, P3      , NONE         , pmg_train_automation_building_coal_mine                 , gfx/interface/icons/generic_icons/mixed_icon_automation.dds, VANILLA    , GENERIC                   , $pmg_train_automation$
PRODUCTION_METHOD_GROUP, pmg_train_automation_building_coffee_plantation         , $pmg_train_automation$                                                  , $pmg_train_automation$                                                  , PLANTATION    , 1776+       , gfx/interface/icons/generic_icons/mixed_icon_automation.dds, YES           , VANILLA       , GENERIC                   , NO             , common\production_method_groups\04_plantations.txt                           ,               ,                     ,                    ,                    ,                    ,       , building_coffee_plantation                                                                                                                                                                                                                                                                                                                                                                          ,                , $pmg_train_automation$                                                  , "Procédé ou machine spécifique, composition simple", Époque de la PM  , Transformation visible, Atelier discret ou transparent, SMALL_ONLY          , NO          , "Texte, logos et technologie postérieure", gfx/interface/icons/production_method_icons/, P3      , NONE         , pmg_train_automation_building_coffee_plantation         , gfx/interface/icons/generic_icons/mixed_icon_automation.dds, VANILLA    , GENERIC                   , $pmg_train_automation$
PRODUCTION_METHOD_GROUP, pmg_train_automation_building_copper_mine               , Transport Automation                                                    , Automatisation du transport                                             , MINING        , 1776+       , gfx/error_deer.dds                                         , YES           , FORK_CUSTOM   , PLACEHOLDER               , YES            , common\production_method_groups\13_tech6c5b_copper_pmgs.txt                  ,               ,                     ,                    ,                    ,                    ,       , building_copper_mine                                                                                                                                                                                                                                                                                                                                                                                ,                , Transport Automation                                                    , "Procédé ou machine spécifique, composition simple", Époque de la PM  , Transformation visible, Atelier discret ou transparent, SMALL_ONLY          , NO          , "Texte, logos et technologie postérieure", gfx/interface/icons/production_method_icons/, P0      , NEW_ORIGINAL , pmg_train_automation_building_copper_mine               , gfx/error_deer.dds                                         , FORK_CUSTOM, PLACEHOLDER               , Transport Automation
PRODUCTION_METHOD_GROUP, pmg_train_automation_building_cotton_plantation         , $pmg_train_automation$                                                  , $pmg_train_automation$                                                  , PLANTATION    , 1776+       , gfx/interface/icons/generic_icons/mixed_icon_automation.dds, YES           , VANILLA       , GENERIC                   , NO             , common\production_method_groups\04_plantations.txt                           ,               ,                     ,                    ,                    ,                    ,       , building_cotton_plantation                                                                                                                                                                                                                                                                                                                                                                          ,                , $pmg_train_automation$                                                  , "Procédé ou machine spécifique, composition simple", Époque de la PM  , Transformation visible, Atelier discret ou transparent, SMALL_ONLY          , NO          , "Texte, logos et technologie postérieure", gfx/interface/icons/production_method_icons/, P3      , NONE         , pmg_train_automation_building_cotton_plantation         , gfx/interface/icons/generic_icons/mixed_icon_automation.dds, VANILLA    , GENERIC                   , $pmg_train_automation$
PRODUCTION_METHOD_GROUP, pmg_train_automation_building_dye_plantation            , $pmg_train_automation$                                                  , $pmg_train_automation$                                                  , PLANTATION    , 1776+       , gfx/interface/icons/generic_icons/mixed_icon_automation.dds, YES           , VANILLA       , GENERIC                   , NO             , common\production_method_groups\04_plantations.txt                           ,               ,                     ,                    ,                    ,                    ,       , building_dye_plantation                                                                                                                                                                                                                                                                                                                                                                             ,                , $pmg_train_automation$                                                  , "Procédé ou machine spécifique, composition simple", Époque de la PM  , Transformation visible, Atelier discret ou transparent, SMALL_ONLY          , NO          , "Texte, logos et technologie postérieure", gfx/interface/icons/production_method_icons/, P3      , NONE         , pmg_train_automation_building_dye_plantation            , gfx/interface/icons/generic_icons/mixed_icon_automation.dds, VANILLA    , GENERIC                   , $pmg_train_automation$
PRODUCTION_METHOD_GROUP, pmg_train_automation_building_gold_mine                 , $pmg_train_automation$                                                  , $pmg_train_automation$                                                  , MINING        , 1776+       , gfx/interface/icons/generic_icons/mixed_icon_automation.dds, YES           , VANILLA       , GENERIC                   , NO             , common\production_method_groups\03_mines.txt                                 ,               ,                     ,                    ,                    ,                    ,       , building_gold_mine                                                                                                                                                                                                                                                                                                                                                                                  ,                , $pmg_train_automation$                                                  , "Procédé ou machine spécifique, composition simple", Époque de la PM  , Transformation visible, Atelier discret ou transparent, SMALL_ONLY          , NO          , "Texte, logos et technologie postérieure", gfx/interface/icons/production_method_icons/, P3      , NONE         , pmg_train_automation_building_gold_mine                 , gfx/interface/icons/generic_icons/mixed_icon_automation.dds, VANILLA    , GENERIC                   , $pmg_train_automation$
PRODUCTION_METHOD_GROUP, pmg_train_automation_building_iron_mine                 , $pmg_train_automation$                                                  , $pmg_train_automation$                                                  , MINING        , 1776+       , gfx/interface/icons/generic_icons/mixed_icon_automation.dds, YES           , VANILLA       , GENERIC                   , NO             , common\production_method_groups\03_mines.txt                                 ,               ,                     ,                    ,                    ,                    ,       , building_iron_mine                                                                                                                                                                                                                                                                                                                                                                                  ,                , $pmg_train_automation$                                                  , "Procédé ou machine spécifique, composition simple", Époque de la PM  , Transformation visible, Atelier discret ou transparent, SMALL_ONLY          , NO          , "Texte, logos et technologie postérieure", gfx/interface/icons/production_method_icons/, P3      , NONE         , pmg_train_automation_building_iron_mine                 , gfx/interface/icons/generic_icons/mixed_icon_automation.dds, VANILLA    , GENERIC                   , $pmg_train_automation$
PRODUCTION_METHOD_GROUP, pmg_train_automation_building_lead_mine                 , $pmg_train_automation$                                                  , $pmg_train_automation$                                                  , MINING        , 1776+       , gfx/interface/icons/generic_icons/mixed_icon_automation.dds, YES           , VANILLA       , GENERIC                   , NO             , common\production_method_groups\03_mines.txt                                 ,               ,                     ,                    ,                    ,                    ,       , building_lead_mine                                                                                                                                                                                                                                                                                                                                                                                  ,                , $pmg_train_automation$                                                  , "Procédé ou machine spécifique, composition simple", Époque de la PM  , Transformation visible, Atelier discret ou transparent, SMALL_ONLY          , NO          , "Texte, logos et technologie postérieure", gfx/interface/icons/production_method_icons/, P3      , NONE         , pmg_train_automation_building_lead_mine                 , gfx/interface/icons/generic_icons/mixed_icon_automation.dds, VANILLA    , GENERIC                   , $pmg_train_automation$
PRODUCTION_METHOD_GROUP, pmg_train_automation_building_opium_plantation          , $pmg_train_automation$                                                  , $pmg_train_automation$                                                  , PLANTATION    , 1776+       , gfx/interface/icons/generic_icons/mixed_icon_automation.dds, YES           , VANILLA       , GENERIC                   , NO             , common\production_method_groups\04_plantations.txt                           ,               ,                     ,                    ,                    ,                    ,       , building_opium_plantation                                                                                                                                                                                                                                                                                                                                                                           ,                , $pmg_train_automation$                                                  , "Procédé ou machine spécifique, composition simple", Époque de la PM  , Transformation visible, Atelier discret ou transparent, SMALL_ONLY          , NO          , "Texte, logos et technologie postérieure", gfx/interface/icons/production_method_icons/, P3      , NONE         , pmg_train_automation_building_opium_plantation          , gfx/interface/icons/generic_icons/mixed_icon_automation.dds, VANILLA    , GENERIC                   , $pmg_train_automation$
PRODUCTION_METHOD_GROUP, pmg_train_automation_building_phosphate_mine            , Rail Transportation                                                     , Transport ferroviaire                                                   , MINING        , 1776+       ,                                                            , NO            , NONE          , NO_EXPLICIT_TEXTURE_REVIEW, REVIEW         , common\production_method_groups\16_tech6r1_mine_processing_pmgs.txt          ,               ,                     ,                    ,                    ,                    ,       , building_phosphate_mine                                                                                                                                                                                                                                                                                                                                                                             ,                , Rail Transportation                                                     , "Procédé ou machine spécifique, composition simple", Époque de la PM  , Transformation visible, Atelier discret ou transparent, SMALL_ONLY          , NO          , "Texte, logos et technologie postérieure", gfx/interface/icons/production_method_icons/, P3      , REVIEW       , pmg_train_automation_building_phosphate_mine            ,                                                            , NONE       , NO_EXPLICIT_TEXTURE_REVIEW, Rail Transportation
PRODUCTION_METHOD_GROUP, pmg_train_automation_building_rubber_plantation         , $pmg_train_automation$                                                  , $pmg_train_automation$                                                  , PLANTATION    , 1776+       , gfx/interface/icons/generic_icons/mixed_icon_automation.dds, YES           , VANILLA       , GENERIC                   , NO             , common\production_method_groups\99_tech_tree_wave3_causality_pmgs.txt        ,               ,                     ,                    ,                    ,                    ,       , building_rubber_plantation                                                                                                                                                                                                                                                                                                                                                                          ,                , $pmg_train_automation$                                                  , "Procédé ou machine spécifique, composition simple", Époque de la PM  , Transformation visible, Atelier discret ou transparent, SMALL_ONLY          , NO          , "Texte, logos et technologie postérieure", gfx/interface/icons/production_method_icons/, P3      , NONE         , pmg_train_automation_building_rubber_plantation         , gfx/interface/icons/generic_icons/mixed_icon_automation.dds, VANILLA    , GENERIC                   , $pmg_train_automation$
PRODUCTION_METHOD_GROUP, pmg_train_automation_building_salt_mine                 , $pmg_train_automation_building_gold_mine$                               , $pmg_train_automation_building_gold_mine$                               , MINING        , 1776+       , gfx/interface/icons/generic_icons/mixed_icon_automation.dds, YES           , VANILLA       , GENERIC                   , NO             , common\production_method_groups\10_tech6a1b_salt_pmgs.txt                    ,               ,                     ,                    ,                    ,                    ,       , building_salt_mine                                                                                                                                                                                                                                                                                                                                                                                  ,                , $pmg_train_automation_building_gold_mine$                               , "Procédé ou machine spécifique, composition simple", Époque de la PM  , Transformation visible, Atelier discret ou transparent, SMALL_ONLY          , NO          , "Texte, logos et technologie postérieure", gfx/interface/icons/production_method_icons/, P3      , NONE         , pmg_train_automation_building_salt_mine                 , gfx/interface/icons/generic_icons/mixed_icon_automation.dds, VANILLA    , GENERIC                   , $pmg_train_automation_building_gold_mine$
PRODUCTION_METHOD_GROUP, pmg_train_automation_building_silk_plantation           , $pmg_train_automation$                                                  , $pmg_train_automation$                                                  , PLANTATION    , 1776+       , gfx/interface/icons/generic_icons/mixed_icon_automation.dds, YES           , VANILLA       , GENERIC                   , NO             , common\production_method_groups\04_plantations.txt                           ,               ,                     ,                    ,                    ,                    ,       , building_silk_plantation                                                                                                                                                                                                                                                                                                                                                                            ,                , $pmg_train_automation$                                                  , "Procédé ou machine spécifique, composition simple", Époque de la PM  , Transformation visible, Atelier discret ou transparent, SMALL_ONLY          , NO          , "Texte, logos et technologie postérieure", gfx/interface/icons/production_method_icons/, P3      , NONE         , pmg_train_automation_building_silk_plantation           , gfx/interface/icons/generic_icons/mixed_icon_automation.dds, VANILLA    , GENERIC                   , $pmg_train_automation$
PRODUCTION_METHOD_GROUP, pmg_train_automation_building_spice_plantation          , $pmg_train_automation$                                                  , $pmg_train_automation$                                                  , PLANTATION    , 1776+       , gfx/interface/icons/generic_icons/mixed_icon_automation.dds, YES           , VANILLA       , GENERIC                   , NO             , common\production_method_groups\10_tech6a3_spices_pmgs.txt                   ,               ,                     ,                    ,                    ,                    ,       , building_spice_plantation                                                                                                                                                                                                                                                                                                                                                                           ,                , $pmg_train_automation$                                                  , "Procédé ou machine spécifique, composition simple", Époque de la PM  , Transformation visible, Atelier discret ou transparent, SMALL_ONLY          , NO          , "Texte, logos et technologie postérieure", gfx/interface/icons/production_method_icons/, P3      , NONE         , pmg_train_automation_building_spice_plantation          , gfx/interface/icons/generic_icons/mixed_icon_automation.dds, VANILLA    , GENERIC                   , $pmg_train_automation$
PRODUCTION_METHOD_GROUP, pmg_train_automation_building_sugar_plantation          , $pmg_train_automation$                                                  , $pmg_train_automation$                                                  , PLANTATION    , 1776+       , gfx/interface/icons/generic_icons/mixed_icon_automation.dds, YES           , VANILLA       , GENERIC                   , NO             , common\production_method_groups\04_plantations.txt                           ,               ,                     ,                    ,                    ,                    ,       , building_sugar_plantation                                                                                                                                                                                                                                                                                                                                                                           ,                , $pmg_train_automation$                                                  , "Procédé ou machine spécifique, composition simple", Époque de la PM  , Transformation visible, Atelier discret ou transparent, SMALL_ONLY          , NO          , "Texte, logos et technologie postérieure", gfx/interface/icons/production_method_icons/, P3      , NONE         , pmg_train_automation_building_sugar_plantation          , gfx/interface/icons/generic_icons/mixed_icon_automation.dds, VANILLA    , GENERIC                   , $pmg_train_automation$
PRODUCTION_METHOD_GROUP, pmg_train_automation_building_sulfur_mine               , $pmg_train_automation$                                                  , $pmg_train_automation$                                                  , CHEMICAL      , 1776+       , gfx/interface/icons/generic_icons/mixed_icon_automation.dds, YES           , VANILLA       , GENERIC                   , NO             , common\production_method_groups\03_mines.txt                                 ,               ,                     ,                    ,                    ,                    ,       , building_sulfur_mine                                                                                                                                                                                                                                                                                                                                                                                ,                , $pmg_train_automation$                                                  , "Procédé ou machine spécifique, composition simple", Époque de la PM  , Transformation visible, Atelier discret ou transparent, SMALL_ONLY          , NO          , "Texte, logos et technologie postérieure", gfx/interface/icons/production_method_icons/, P3      , NONE         , pmg_train_automation_building_sulfur_mine               , gfx/interface/icons/generic_icons/mixed_icon_automation.dds, VANILLA    , GENERIC                   , $pmg_train_automation$
PRODUCTION_METHOD_GROUP, pmg_train_automation_building_tea_plantation            , $pmg_train_automation$                                                  , $pmg_train_automation$                                                  , PLANTATION    , 1776+       , gfx/interface/icons/generic_icons/mixed_icon_automation.dds, YES           , VANILLA       , GENERIC                   , NO             , common\production_method_groups\04_plantations.txt                           ,               ,                     ,                    ,                    ,                    ,       , building_tea_plantation                                                                                                                                                                                                                                                                                                                                                                             ,                , $pmg_train_automation$                                                  , "Procédé ou machine spécifique, composition simple", Époque de la PM  , Transformation visible, Atelier discret ou transparent, SMALL_ONLY          , NO          , "Texte, logos et technologie postérieure", gfx/interface/icons/production_method_icons/, P3      , NONE         , pmg_train_automation_building_tea_plantation            , gfx/interface/icons/generic_icons/mixed_icon_automation.dds, VANILLA    , GENERIC                   , $pmg_train_automation$
PRODUCTION_METHOD_GROUP, pmg_train_automation_building_tobacco_plantation        , $pmg_train_automation$                                                  , $pmg_train_automation$                                                  , PLANTATION    , 1776+       , gfx/interface/icons/generic_icons/mixed_icon_automation.dds, YES           , VANILLA       , GENERIC                   , NO             , common\production_method_groups\04_plantations.txt                           ,               ,                     ,                    ,                    ,                    ,       , building_tobacco_plantation                                                                                                                                                                                                                                                                                                                                                                         ,                , $pmg_train_automation$                                                  , "Procédé ou machine spécifique, composition simple", Époque de la PM  , Transformation visible, Atelier discret ou transparent, SMALL_ONLY          , NO          , "Texte, logos et technologie postérieure", gfx/interface/icons/production_method_icons/, P3      , NONE         , pmg_train_automation_building_tobacco_plantation        , gfx/interface/icons/generic_icons/mixed_icon_automation.dds, VANILLA    , GENERIC                   , $pmg_train_automation$
PRODUCTION_METHOD_GROUP, pmg_train_automation_building_vineyard                  , $pmg_train_automation$                                                  , $pmg_train_automation$                                                  , LIGHT_INDUSTRY, 1776+       , gfx/interface/icons/generic_icons/mixed_icon_automation.dds, YES           , VANILLA       , GENERIC                   , NO             , common\production_method_groups\02_agro.txt                                  ,               ,                     ,                    ,                    ,                    ,       , building_vineyard                                                                                                                                                                                                                                                                                                                                                                                   ,                , $pmg_train_automation$                                                  , "Procédé ou machine spécifique, composition simple", Époque de la PM  , Transformation visible, Atelier discret ou transparent, SMALL_ONLY          , NO          , "Texte, logos et technologie postérieure", gfx/interface/icons/production_method_icons/, P3      , NONE         , pmg_train_automation_building_vineyard                  , gfx/interface/icons/generic_icons/mixed_icon_automation.dds, VANILLA    , GENERIC                   , $pmg_train_automation$
PRODUCTION_METHOD_GROUP, pmg_training                                            , Training                                                                , Formation                                                               , LIGHT_INDUSTRY, 1776+       , gfx/interface/icons/generic_icons/mixed_icon_military.dds  , YES           , VANILLA       , GENERIC                   , NO             , common\production_method_groups\05_military.txt                              ,               ,                     ,                    ,                    ,                    ,       , building_barrack                                                                                                                                                                                                                                                                                                                                                                                    ,                , Training                                                                , "Procédé ou machine spécifique, composition simple", Époque de la PM  , Transformation visible, Atelier discret ou transparent, SMALL_ONLY          , NO          , "Texte, logos et technologie postérieure", gfx/interface/icons/production_method_icons/, P3      , NONE         , pmg_training                                            , gfx/interface/icons/generic_icons/mixed_icon_military.dds  , VANILLA    , GENERIC                   , Training
PRODUCTION_METHOD_GROUP, pmg_training_conscription                               , $pmg_training$                                                          , $pmg_training$                                                          , LIGHT_INDUSTRY, 1776+       , gfx/interface/icons/generic_icons/mixed_icon_military.dds  , YES           , VANILLA       , GENERIC                   , NO             , common\production_method_groups\05_military.txt                              ,               ,                     ,                    ,                    ,                    ,       , building_conscription_center                                                                                                                                                                                                                                                                                                                                                                        ,                , $pmg_training$                                                          , "Procédé ou machine spécifique, composition simple", Époque de la PM  , Transformation visible, Atelier discret ou transparent, SMALL_ONLY          , NO          , "Texte, logos et technologie postérieure", gfx/interface/icons/production_method_icons/, P3      , NONE         , pmg_training_conscription                               , gfx/interface/icons/generic_icons/mixed_icon_military.dds  , VANILLA    , GENERIC                   , $pmg_training$
PRODUCTION_METHOD_GROUP, pmg_transportation_building_logging_camp                , Transportation                                                          , Transport                                                               , PORT_NAVAL    , 1776+       , gfx/interface/icons/generic_icons/mixed_icon_automation.dds, YES           , VANILLA       , GENERIC                   , NO             , common\production_method_groups\09_misc_resource.txt                         ,               ,                     ,                    ,                    ,                    ,       , building_logging_camp                                                                                                                                                                                                                                                                                                                                                                               ,                , Transportation                                                          , "Procédé ou machine spécifique, composition simple", Époque de la PM  , Transformation visible, Atelier discret ou transparent, SMALL_ONLY          , NO          , "Texte, logos et technologie postérieure", gfx/interface/icons/production_method_icons/, P3      , NONE         , pmg_transportation_building_logging_camp                , gfx/interface/icons/generic_icons/mixed_icon_automation.dds, VANILLA    , GENERIC                   , Transportation
PRODUCTION_METHOD_GROUP, pmg_transportation_building_oil_rig                     , Transportation                                                          , Transport                                                               , PORT_NAVAL    , 1776+       , gfx/interface/icons/generic_icons/mixed_icon_automation.dds, YES           , VANILLA       , GENERIC                   , NO             , common\production_method_groups\09_misc_resource.txt                         ,               ,                     ,                    ,                    ,                    ,       , building_oil_rig                                                                                                                                                                                                                                                                                                                                                                                    ,                , Transportation                                                          , "Procédé ou machine spécifique, composition simple", Époque de la PM  , Transformation visible, Atelier discret ou transparent, SMALL_ONLY          , NO          , "Texte, logos et technologie postérieure", gfx/interface/icons/production_method_icons/, P3      , NONE         , pmg_transportation_building_oil_rig                     , gfx/interface/icons/generic_icons/mixed_icon_automation.dds, VANILLA    , GENERIC                   , Transportation
PRODUCTION_METHOD_GROUP, pmg_university_academia                                 , Secularism                                                              , Laïcité                                                                 , EDUCATION     , 1776+       , gfx/interface/icons/generic_icons/mixed_icon_ownership.dds , YES           , VANILLA       , GENERIC                   , NO             , common\production_method_groups\07_government.txt                            ,               ,                     ,                    ,                    ,                    ,       , building_university                                                                                                                                                                                                                                                                                                                                                                                 ,                , Secularism                                                              , "Procédé ou machine spécifique, composition simple", Époque de la PM  , Transformation visible, Atelier discret ou transparent, SMALL_ONLY          , NO          , "Texte, logos et technologie postérieure", gfx/interface/icons/production_method_icons/, P3      , NONE         , pmg_university_academia                                 , gfx/interface/icons/generic_icons/mixed_icon_ownership.dds , VANILLA    , GENERIC                   , Secularism
PRODUCTION_METHOD_GROUP, pmg_urban_clergy                                        , Urban Churches                                                          , Églises urbaines                                                        , INFRASTRUCTURE, 1776+       , gfx/interface/icons/generic_icons/mixed_icon_ownership.dds , YES           , VANILLA       , GENERIC                   , NO             , common\production_method_groups\06_urban_center.txt                          ,               ,                     ,                    ,                    ,                    ,       , building_urban_center                                                                                                                                                                                                                                                                                                                                                                               ,                , Urban Churches                                                          , "Procédé ou machine spécifique, composition simple", Époque de la PM  , Transformation visible, Atelier discret ou transparent, SMALL_ONLY          , NO          , "Texte, logos et technologie postérieure", gfx/interface/icons/production_method_icons/, P3      , NONE         , pmg_urban_clergy                                        , gfx/interface/icons/generic_icons/mixed_icon_ownership.dds , VANILLA    , GENERIC                   , Urban Churches
PRODUCTION_METHOD_GROUP, pmg_working_conditions_tobacco                          , $pmg_exploitation_sugar$                                                , $pmg_exploitation_sugar$                                                , LIGHT_INDUSTRY, 1776+       , gfx/interface/icons/generic_icons/mixed_icon_base.dds      , YES           , VANILLA       , GENERIC                   , NO             , common\production_method_groups\04_plantations.txt                           ,               ,                     ,                    ,                    ,                    ,       , building_tobacco_plantation                                                                                                                                                                                                                                                                                                                                                                         ,                , $pmg_exploitation_sugar$                                                , "Procédé ou machine spécifique, composition simple", Époque de la PM  , Transformation visible, Atelier discret ou transparent, SMALL_ONLY          , NO          , "Texte, logos et technologie postérieure", gfx/interface/icons/production_method_icons/, P3      , NONE         , pmg_working_conditions_tobacco                          , gfx/interface/icons/generic_icons/mixed_icon_base.dds      , VANILLA    , GENERIC                   , $pmg_exploitation_sugar$
