tag,country_name,region,standing_force_establishment,standing_force_effective,infantry_personnel,cavalry_personnel,artillery_personnel,engineer_or_specialist_personnel,garrison_personnel,colonial_or_company_personnel,other_permanent_personnel,infantry_organizational_units,cavalry_organizational_units,artillery_batteries_or_units,artillery_pieces,militia,levy,reserve,mobilization_potential,regular_force_definition,irregular_force_definition,date_of_evidence,evidence_window,source_1,source_2,source_3,source_disagreement,recommended_historical_range,identity_confidence,quantitative_confidence,composition_confidence,research_status,notes
ACE,Aceh,Southeast Asia,,,,,,,,,,,,,,,,,,Court/core troops and permanent garrisons where documented.,"Mandala/tributary levies, manpower corvée, local retainers, riverine and mercenary forces vary by polity.",15th–19th c. regional synthesis,Regional structural evidence,https://www.cambridge.org/core/books/abs/cambridge-history-of-war/warfare-in-southeast-asia-14481851/E1F8804B3EFF6CCFE3FF6861C83C27FF,,,,,HIGH,LOW,LOW,QUALITATIVE_ONLY,Exact Jan-1776 strength not established; Southeast Asian military systems should not be normalized to a European regiment model.
AGC,Angoche,Sub-Saharan Africa / Indian Ocean,,,,,,,,,,,,,,,,,,Court/royal retainers and permanent specialist forces where demonstrable.,"Provincial, tributary, cavalry, slave-soldier, clan/lineage or campaign levies must not be counted as permanent without evidence.",,,,,,,,HIGH,LOW,LOW,QUALITATIVE_ONLY,Exact 1776 personnel totals are generally poorly documented in accessible scholarly material; qualitative status retained rather than inventing headcounts.
AIT,Ait Abbas,Middle East / North Africa,,,,,,,,,,,,,,,,,,Central/household/paid troops where identifiable.,"Tribal, provincial, feudal/household and emergency campaign contingents must be separated from permanent establishment.",,,,,,,,HIGH,LOW,LOW,QUALITATIVE_ONLY,No exact Jan-1776 total established for this polity in this pass; do not infer standing strength from a single campaign army.
ALK,Alaska,Americas,,,,,,,,,,,,,,,,,,The fork tag does not map cleanly to an independent 1776 national military establishment.,Any local militia/garrison/imperial force must be attributed to the historical sovereign/colonial structure before conversion.,,,,,,,,HIGH,VERY_LOW,VERY_LOW,STRUCTURAL_DEFER,Russian-American Company had not yet been founded; the fork's centralized Alaska tag is not a clean 1776 sovereign military polity.
ANH,Anhalt,Europe,,,,,,,,,,,,,,,,,,Permanent crown/state establishment; garrison and field establishment should be distinguished where sources allow.,"Militia, provincial levies and wartime auxiliaries excluded from standing total unless source explicitly includes them.",,,,,,,,HIGH,LOW,LOW,QUALITATIVE_ONLY,No defensible exact 1775–77 total located for this smaller polity in this research pass; qualitative status retained.
ANK,Ankole,Sub-Saharan Africa / Indian Ocean,,,,,,,,,,,,,,,,,,Court/royal retainers and permanent specialist forces where demonstrable.,"Provincial, tributary, cavalry, slave-soldier, clan/lineage or campaign levies must not be counted as permanent without evidence.",,,,,,,,HIGH,LOW,LOW,QUALITATIVE_ONLY,Exact 1776 personnel totals are generally poorly documented in accessible scholarly material; qualitative status retained rather than inventing headcounts.
ARB,Arabistan,Middle East / North Africa,,,,,,,,,,,,,,,,,,Central/household/paid troops where identifiable.,"Tribal, provincial, feudal/household and emergency campaign contingents must be separated from permanent establishment.",,,,,,,,HIGH,LOW,LOW,QUALITATIVE_ONLY,No exact Jan-1776 total established for this polity in this pass; do not infer standing strength from a single campaign army.
ASH,Ashanti,Sub-Saharan Africa / Indian Ocean,,,,,,,,,,,,,,,,,,Centralized Ashanti state under Osei Kwadwo with expanding bureaucratic control and military capacity.,Provincial/tributary mobilization not reducible to a fixed professional establishment.,Osei Kwadwo reign 1762–77,Directly covers target date,https://www.cambridge.org/core/journals/journal-of-african-history/article/abs/ashanti-question-and-the-british-eighteenthcentury-origins/31ECA3E746C70147090FCA23AF454AC4,https://www.cambridge.org/core/journals/journal-of-african-history/article/abs/aspects-of-bureaucratization-in-ashanti-in-the-nineteenth-century/5874B34DEB4C74775774A02B7488563F,,,QUALITATIVE_ONLY; no defensible 1776 national personnel total located.,HIGH,VERY_LOW,LOW,QUALITATIVE_ONLY,Strong regional power is historically supported; exact conversion must use relative-scale modeling in 2D-2.
AUS,Austria,Europe,"220,000",,,,,,,,,,,,,,,,,Permanent crown/state establishment; garrison and field establishment should be distinguished where sources allow.,"Militia, provincial levies and wartime auxiliaries excluded from standing total unless source explicitly includes them.",1777,1777 (one year after target),https://journals.sagepub.com/doi/10.1177/0968344513483071,,,Near-date 1777 figure; no exact 1 Jan 1776 strength in the cited table.,"220,000 near-date establishment; allow a narrow 1776 adjustment only if 2D-2 finds country-specific evidence.",HIGH,HIGH,LOW,QUANTITATIVE_HIGH_CONFIDENCE,"Use as establishment-scale anchor, not a direct V3 target. Composition requires separate approximation."
AWA,Awadh,South Asia,,,,,,,,,,,,,,,,,,Permanent/household/core troops where identifiable; European-drilled infantry and artillery were spreading after 1750.,"Mercenary war bands, cavalry retainers, jagirdar/tributary contingents and campaign levies must remain separate from permanent strength.",c.1750–1800 regional framework,Regional structural evidence; exact 1776 national total not located in this pass.,https://www.cambridge.org/core/books/abs/asian-military-revolution/military-revolution-in-south-asia-17501850/4CE7B83571AA90662C44497252E8F42A,https://www.cambridge.org/core/journals/modern-asian-studies/article/abs/warriors-and-states-military-labour-in-southern-india-circa-17501800/6D1E15184371BC18D75954F0E2E7A865,,,,HIGH,LOW,LOW,QUALITATIVE_ONLY,No defensible exact Jan-1776 national total located; retain qualitative-only rather than fabricate precision.
BAD,Baden,Europe,,,,,,,,,,,,,,,,,,Permanent crown/state establishment; garrison and field establishment should be distinguished where sources allow.,"Militia, provincial levies and wartime auxiliaries excluded from standing total unless source explicitly includes them.",,,,,,,,HIGH,LOW,LOW,QUALITATIVE_ONLY,No defensible exact 1775–77 total located for this smaller polity in this research pass; qualitative status retained.
BAL,Bali,Southeast Asia,,,,,,,,,,,,,,,,,,Court/core troops and permanent garrisons where documented.,"Mandala/tributary levies, manpower corvée, local retainers, riverine and mercenary forces vary by polity.",15th–19th c. regional synthesis,Regional structural evidence,https://www.cambridge.org/core/books/abs/cambridge-history-of-war/warfare-in-southeast-asia-14481851/E1F8804B3EFF6CCFE3FF6861C83C27FF,,,,,HIGH,LOW,LOW,QUALITATIVE_ONLY,Exact Jan-1776 strength not established; Southeast Asian military systems should not be normalized to a European regiment model.
BAV,Bavaria,Europe,"8,000",,,,,,,,,,,,,,,,,Permanent crown/state establishment; garrison and field establishment should be distinguished where sources allow.,"Militia, provincial levies and wartime auxiliaries excluded from standing total unless source explicitly includes them.",1777,1777 (one year after target),https://journals.sagepub.com/doi/10.1177/0968344513483071,,,Near-date 1777 figure; no exact 1 Jan 1776 strength in the cited table.,"8,000 near-date establishment; allow a narrow 1776 adjustment only if 2D-2 finds country-specific evidence.",HIGH,HIGH,LOW,QUANTITATIVE_HIGH_CONFIDENCE,"Use as establishment-scale anchor, not a direct V3 target. Composition requires separate approximation."
BEN,Benin,Sub-Saharan Africa / Indian Ocean,,,,,,,,,,,,,,,,,,Court/royal retainers and permanent specialist forces where demonstrable.,"Provincial, tributary, cavalry, slave-soldier, clan/lineage or campaign levies must not be counted as permanent without evidence.",,,,,,,,HIGH,LOW,LOW,QUALITATIVE_ONLY,Exact 1776 personnel totals are generally poorly documented in accessible scholarly material; qualitative status retained rather than inventing headcounts.
BEO,Austrian Netherlands (BEO/Belgium),Europe,,,,,,,,,,,,,,,,,,The fork tag does not map cleanly to an independent 1776 national military establishment.,Any local militia/garrison/imperial force must be attributed to the historical sovereign/colonial structure before conversion.,,,,,,,,HIGH,VERY_LOW,VERY_LOW,STRUCTURAL_DEFER,"Austrian Netherlands are Habsburg lands; military establishment belongs to the Habsburg monarchy, not an independent Belgian army."
BGI,Bagirmi,Sub-Saharan Africa / Indian Ocean,,,,,,,,,,,,,,,,,,Court/royal retainers and permanent specialist forces where demonstrable.,"Provincial, tributary, cavalry, slave-soldier, clan/lineage or campaign levies must not be counted as permanent without evidence.",,,,,,,,HIGH,LOW,LOW,QUALITATIVE_ONLY,Exact 1776 personnel totals are generally poorly documented in accessible scholarly material; qualitative status retained rather than inventing headcounts.
BHN,Bahrain,Middle East / North Africa,,,,,,,,,,,,,,,,,,Central/household/paid troops where identifiable.,"Tribal, provincial, feudal/household and emergency campaign contingents must be separated from permanent establishment.",,,,,,,,HIGH,LOW,LOW,QUALITATIVE_ONLY,No exact Jan-1776 total established for this polity in this pass; do not infer standing strength from a single campaign army.
BHU,Bhutan,South Asia,,,,,,,,,,,,,,,,,,Permanent/household/core troops where identifiable; European-drilled infantry and artillery were spreading after 1750.,"Mercenary war bands, cavalry retainers, jagirdar/tributary contingents and campaign levies must remain separate from permanent strength.",c.1750–1800 regional framework,Regional structural evidence; exact 1776 national total not located in this pass.,https://www.cambridge.org/core/books/abs/asian-military-revolution/military-revolution-in-south-asia-17501850/4CE7B83571AA90662C44497252E8F42A,https://www.cambridge.org/core/journals/modern-asian-studies/article/abs/warriors-and-states-military-labour-in-southern-india-circa-17501800/6D1E15184371BC18D75954F0E2E7A865,,,,HIGH,LOW,LOW,QUALITATIVE_ONLY,No defensible exact Jan-1776 national total located; retain qualitative-only rather than fabricate precision.
BHV,Bhavnagar,South Asia,,,,,,,,,,,,,,,,,,Permanent/household/core troops where identifiable; European-drilled infantry and artillery were spreading after 1750.,"Mercenary war bands, cavalry retainers, jagirdar/tributary contingents and campaign levies must remain separate from permanent strength.",c.1750–1800 regional framework,Regional structural evidence; exact 1776 national total not located in this pass.,https://www.cambridge.org/core/books/abs/asian-military-revolution/military-revolution-in-south-asia-17501850/4CE7B83571AA90662C44497252E8F42A,https://www.cambridge.org/core/journals/modern-asian-studies/article/abs/warriors-and-states-military-labour-in-southern-india-circa-17501800/6D1E15184371BC18D75954F0E2E7A865,,,,HIGH,LOW,LOW,QUALITATIVE_ONLY,No defensible exact Jan-1776 national total located; retain qualitative-only rather than fabricate precision.
BIC,East India,South Asia,No defensible exact all-Presidency Jan-1776 total located,,,,,,,"1760s Coromandel return: 2,502 Europeans + 15,490 sepoys; 1778 India evidence: 10,926 Europeans + 70,093 natives serving the armies",,,,,,,,,,"Company Presidency armies (Bengal, Madras, Bombay), mixing European Company troops, sepoys and artillery.",Local auxiliaries/warrior groups and Crown units attached to Company operations must be separately attributed.,1760s / 1778 bracket,"Bracketing evidence, not an interpolated 1776 total",https://www.cambridge.org/core/journals/journal-of-british-studies/article/abs/recruitment-and-reform-in-the-east-india-company-army-17601800/917E89E800A905219FA8881EBCBF055F,https://www.cambridge.org/core/journals/journal-of-global-history/article/abs/hybrid-military-establishment-of-the-east-india-company-in-south-asia-17501849/5231F27DF10E4755D017A92704C08672,https://www.cambridge.org/core/books/abs/asian-military-revolution/military-revolution-in-south-asia-17501850/4CE7B83571AA90662C44497252E8F42A,Available figures refer to different Presidencies/scopes and dates; linear interpolation would create false precision.,NO_SINGLE_SAFE_TOTAL; 2D-2 must reconstruct Presidency-by-Presidency and exclude British Crown double-counting.,HIGH,LOW,MEDIUM,QUANTITATIVE_LOW_CONFIDENCE,"Current 80,000 V3 manpower may be plausible only after Presidency/Crown attribution; not approved as-is."
BLG,Bulungan,Southeast Asia,,,,,,,,,,,,,,,,,,Court/core troops and permanent garrisons where documented.,"Mandala/tributary levies, manpower corvée, local retainers, riverine and mercenary forces vary by polity.",15th–19th c. regional synthesis,Regional structural evidence,https://www.cambridge.org/core/books/abs/cambridge-history-of-war/warfare-in-southeast-asia-14481851/E1F8804B3EFF6CCFE3FF6861C83C27FF,,,,,HIGH,LOW,LOW,QUALITATIVE_ONLY,Exact Jan-1776 strength not established; Southeast Asian military systems should not be normalized to a European regiment model.
BNJ,Banjar,Southeast Asia,,,,,,,,,,,,,,,,,,Court/core troops and permanent garrisons where documented.,"Mandala/tributary levies, manpower corvée, local retainers, riverine and mercenary forces vary by polity.",15th–19th c. regional synthesis,Regional structural evidence,https://www.cambridge.org/core/books/abs/cambridge-history-of-war/warfare-in-southeast-asia-14481851/E1F8804B3EFF6CCFE3FF6861C83C27FF,,,,,HIGH,LOW,LOW,QUALITATIVE_ONLY,Exact Jan-1776 strength not established; Southeast Asian military systems should not be normalized to a European regiment model.
BNY,Bunyoro,Sub-Saharan Africa / Indian Ocean,,,,,,,,,,,,,,,,,,Court/royal retainers and permanent specialist forces where demonstrable.,"Provincial, tributary, cavalry, slave-soldier, clan/lineage or campaign levies must not be counted as permanent without evidence.",,,,,,,,HIGH,LOW,LOW,QUALITATIVE_ONLY,Exact 1776 personnel totals are generally poorly documented in accessible scholarly material; qualitative status retained rather than inventing headcounts.
BOR,Bornu,Sub-Saharan Africa / Indian Ocean,,,,,,,,,,,,,,,,,,Court/royal retainers and permanent specialist forces where demonstrable.,"Provincial, tributary, cavalry, slave-soldier, clan/lineage or campaign levies must not be counted as permanent without evidence.",,,,,,,,HIGH,LOW,LOW,QUALITATIVE_ONLY,Exact 1776 personnel totals are generally poorly documented in accessible scholarly material; qualitative status retained rather than inventing headcounts.
BRA,Brunswick,Europe,,,,,,,,,,,,,,,,,,Permanent crown/state establishment; garrison and field establishment should be distinguished where sources allow.,"Militia, provincial levies and wartime auxiliaries excluded from standing total unless source explicitly includes them.",,,,,,,,HIGH,LOW,LOW,QUALITATIVE_ONLY,No defensible exact 1775–77 total located for this smaller polity in this research pass; qualitative status retained.
BRD,Burundi,Sub-Saharan Africa / Indian Ocean,,,,,,,,,,,,,,,,,,Court/royal retainers and permanent specialist forces where demonstrable.,"Provincial, tributary, cavalry, slave-soldier, clan/lineage or campaign levies must not be counted as permanent without evidence.",,,,,,,,HIGH,LOW,LOW,QUALITATIVE_ONLY,Exact 1776 personnel totals are generally poorly documented in accessible scholarly material; qualitative status retained rather than inventing headcounts.
BRE,Bremen,Europe,,,,,,,,,,,,,,,,,,Permanent crown/state establishment; garrison and field establishment should be distinguished where sources allow.,"Militia, provincial levies and wartime auxiliaries excluded from standing total unless source explicitly includes them.",,,,,,,,HIGH,LOW,LOW,QUALITATIVE_ONLY,No defensible exact 1775–77 total located for this smaller polity in this research pass; qualitative status retained.
BRG,Borgu,Sub-Saharan Africa / Indian Ocean,,,,,,,,,,,,,,,,,,Court/royal retainers and permanent specialist forces where demonstrable.,"Provincial, tributary, cavalry, slave-soldier, clan/lineage or campaign levies must not be counted as permanent without evidence.",,,,,,,,HIGH,LOW,LOW,QUALITATIVE_ONLY,Exact 1776 personnel totals are generally poorly documented in accessible scholarly material; qualitative status retained rather than inventing headcounts.
BRU,Brunei,Southeast Asia,,,,,,,,,,,,,,,,,,Court/core troops and permanent garrisons where documented.,"Mandala/tributary levies, manpower corvée, local retainers, riverine and mercenary forces vary by polity.",15th–19th c. regional synthesis,Regional structural evidence,https://www.cambridge.org/core/books/abs/cambridge-history-of-war/warfare-in-southeast-asia-14481851/E1F8804B3EFF6CCFE3FF6861C83C27FF,,,,,HIGH,LOW,LOW,QUALITATIVE_ONLY,Exact Jan-1776 strength not established; Southeast Asian military systems should not be normalized to a European regiment model.
BRZ,Brazil,Americas,,,,,,,,,,,,,,,,,,The fork tag does not map cleanly to an independent 1776 national military establishment.,Any local militia/garrison/imperial force must be attributed to the historical sovereign/colonial structure before conversion.,,,,,,,,HIGH,VERY_LOW,VERY_LOW,STRUCTURAL_DEFER,Brazil is Portuguese colonial territory; local garrisons/naval stations must be attributed within Portuguese imperial structure.
BST,Basutoland,Sub-Saharan Africa / Indian Ocean,,,,,,,,,,,,,,,,,,Court/royal retainers and permanent specialist forces where demonstrable.,"Provincial, tributary, cavalry, slave-soldier, clan/lineage or campaign levies must not be counted as permanent without evidence.",,,,,,,,HIGH,LOW,LOW,QUALITATIVE_ONLY,Exact 1776 personnel totals are generally poorly documented in accessible scholarly material; qualitative status retained rather than inventing headcounts.
BTN,Buton,Southeast Asia,,,,,,,,,,,,,,,,,,Court/core troops and permanent garrisons where documented.,"Mandala/tributary levies, manpower corvée, local retainers, riverine and mercenary forces vary by polity.",15th–19th c. regional synthesis,Regional structural evidence,https://www.cambridge.org/core/books/abs/cambridge-history-of-war/warfare-in-southeast-asia-14481851/E1F8804B3EFF6CCFE3FF6861C83C27FF,,,,,HIGH,LOW,LOW,QUALITATIVE_ONLY,Exact Jan-1776 strength not established; Southeast Asian military systems should not be normalized to a European regiment model.
BUG,Buganda,Sub-Saharan Africa / Indian Ocean,,,,,,,,,,,,,,,,,,Court/royal retainers and permanent specialist forces where demonstrable.,"Provincial, tributary, cavalry, slave-soldier, clan/lineage or campaign levies must not be counted as permanent without evidence.",,,,,,,,HIGH,LOW,LOW,QUALITATIVE_ONLY,Exact 1776 personnel totals are generally poorly documented in accessible scholarly material; qualitative status retained rather than inventing headcounts.
BUK,Bukhara,Central Asia / Caucasus,,,,,,,,,,,,,,,,,,Household/guard and any demonstrably permanent paid forces.,Tribal/confederal cavalry and campaign levies form a large share of potential strength.,,,,,,,,HIGH,LOW,LOW,QUALITATIVE_ONLY,Confederal/tribal mobilization is not directly comparable with a European standing army; qualitative-only unless a near-date establishment survives.
BUR,Burma,Southeast Asia,,,,,,,,,,,,,,,,,,Court/core troops and permanent garrisons where documented.,"Mandala/tributary levies, manpower corvée, local retainers, riverine and mercenary forces vary by polity.",15th–19th c. regional synthesis,Regional structural evidence,https://www.cambridge.org/core/books/abs/cambridge-history-of-war/warfare-in-southeast-asia-14481851/E1F8804B3EFF6CCFE3FF6861C83C27FF,,,,,HIGH,LOW,LOW,QUALITATIVE_ONLY,Exact Jan-1776 strength not established; Southeast Asian military systems should not be normalized to a European regiment model.
CAM,Cambodia,Southeast Asia,,,,,,,,,,,,,,,,,,Court/core troops and permanent garrisons where documented.,"Mandala/tributary levies, manpower corvée, local retainers, riverine and mercenary forces vary by polity.",15th–19th c. regional synthesis,Regional structural evidence,https://www.cambridge.org/core/books/abs/cambridge-history-of-war/warfare-in-southeast-asia-14481851/E1F8804B3EFF6CCFE3FF6861C83C27FF,,,,,HIGH,LOW,LOW,QUALITATIVE_ONLY,Exact Jan-1776 strength not established; Southeast Asian military systems should not be normalized to a European regiment model.
CHC,Chechnya,Central Asia / Caucasus,,,,,,,,,,,,,,,,,,Household/guard and any demonstrably permanent paid forces.,Tribal/confederal cavalry and campaign levies form a large share of potential strength.,,,,,,,,HIGH,LOW,LOW,QUALITATIVE_ONLY,Confederal/tribal mobilization is not directly comparable with a European standing army; qualitative-only unless a near-date establishment survives.
CHI,China,East Asia,"about 800,000",,"Green Standard approximately 600,000 (not a pure infantry field-arm category)",,,,Large shares of both systems were garrison/security forces.,,"Banner establishment approximately 200,000",,,,,,,,,Two permanent paid systems: Eight Banners (elite/mobile/strategic garrisons) and Green Standard (provincial security/garrisons and auxiliaries).,Do not add local auxiliaries/labourers or treat all Green Standard personnel as deployable field infantry.,mid-18th century,Closest institutional establishment evidence; valid through high Qing but not an exact muster on 1 Jan 1776,https://www.cambridge.org/core/journals/journal-of-chinese-history/article/qing-military-institutions-and-their-effects-on-government-economy-and-society-16401800/E1FDAA965C5B67C12274B2B3408AE206,https://www.cambridge.org/core/journals/international-review-of-social-history/article/tributary-labour-relations-in-china-during-the-mingqing-transition-seventeenth-to-eighteenth-centuries/7AC034138FC2F5591D10313C256F2E53,,"The 800,000 figure is an administrative establishment scale, not a simultaneous field army.","~800,000 paid military establishment; deployable/field equivalent must be materially lower and derived separately in 2D-2.",HIGH,HIGH,HIGH,QUANTITATIVE_HIGH_CONFIDENCE,"Current 485,000 V3 units cannot be judged simply against 800,000; role dispersion makes the comparison NOT_DIRECTLY_COMPARABLE."
CHP,Champasak,Southeast Asia,,,,,,,,,,,,,,,,,,Court/core troops and permanent garrisons where documented.,"Mandala/tributary levies, manpower corvée, local retainers, riverine and mercenary forces vary by polity.",15th–19th c. regional synthesis,Regional structural evidence,https://www.cambridge.org/core/books/abs/cambridge-history-of-war/warfare-in-southeast-asia-14481851/E1F8804B3EFF6CCFE3FF6861C83C27FF,,,,,HIGH,LOW,LOW,QUALITATIVE_ONLY,Exact Jan-1776 strength not established; Southeast Asian military systems should not be normalized to a European regiment model.
CIR,Circassia,Central Asia / Caucasus,,,,,,,,,,,,,,,,,,Household/guard and any demonstrably permanent paid forces.,Tribal/confederal cavalry and campaign levies form a large share of potential strength.,,,,,,,,HIGH,LOW,LOW,QUALITATIVE_ONLY,Confederal/tribal mobilization is not directly comparable with a European standing army; qualitative-only unless a near-date establishment survives.
CMI,Chiang Mai,Southeast Asia,,,,,,,,,,,,,,,,,,Court/core troops and permanent garrisons where documented.,"Mandala/tributary levies, manpower corvée, local retainers, riverine and mercenary forces vary by polity.",15th–19th c. regional synthesis,Regional structural evidence,https://www.cambridge.org/core/books/abs/cambridge-history-of-war/warfare-in-southeast-asia-14481851/E1F8804B3EFF6CCFE3FF6861C83C27FF,,,,,HIGH,LOW,LOW,QUALITATIVE_ONLY,Exact Jan-1776 strength not established; Southeast Asian military systems should not be normalized to a European regiment model.
COB,Saxe-Coburg-Gotha,Europe,,,,,,,,,,,,,,,,,,Permanent crown/state establishment; garrison and field establishment should be distinguished where sources allow.,"Militia, provincial levies and wartime auxiliaries excluded from standing total unless source explicitly includes them.",,,,,,,,HIGH,LOW,LOW,QUALITATIVE_ONLY,No defensible exact 1775–77 total located for this smaller polity in this research pass; qualitative status retained.
COC,Cochin,South Asia,,,,,,,,,,,,,,,,,,Permanent/household/core troops where identifiable; European-drilled infantry and artillery were spreading after 1750.,"Mercenary war bands, cavalry retainers, jagirdar/tributary contingents and campaign levies must remain separate from permanent strength.",c.1750–1800 regional framework,Regional structural evidence; exact 1776 national total not located in this pass.,https://www.cambridge.org/core/books/abs/asian-military-revolution/military-revolution-in-south-asia-17501850/4CE7B83571AA90662C44497252E8F42A,https://www.cambridge.org/core/journals/modern-asian-studies/article/abs/warriors-and-states-military-labour-in-southern-india-circa-17501800/6D1E15184371BC18D75954F0E2E7A865,,,,HIGH,LOW,LOW,QUALITATIVE_ONLY,No defensible exact Jan-1776 national total located; retain qualitative-only rather than fabricate precision.
CON,Constantine,Middle East / North Africa,,,,,,,,,,,,,,,,,,Central/household/paid troops where identifiable.,"Tribal, provincial, feudal/household and emergency campaign contingents must be separated from permanent establishment.",,,,,,,,HIGH,LOW,LOW,QUALITATIVE_ONLY,No exact Jan-1776 total established for this polity in this pass; do not infer standing strength from a single campaign army.
COO,Cooch Behar,South Asia,,,,,,,,,,,,,,,,,,Permanent/household/core troops where identifiable; European-drilled infantry and artillery were spreading after 1750.,"Mercenary war bands, cavalry retainers, jagirdar/tributary contingents and campaign levies must remain separate from permanent strength.",c.1750–1800 regional framework,Regional structural evidence; exact 1776 national total not located in this pass.,https://www.cambridge.org/core/books/abs/asian-military-revolution/military-revolution-in-south-asia-17501850/4CE7B83571AA90662C44497252E8F42A,https://www.cambridge.org/core/journals/modern-asian-studies/article/abs/warriors-and-states-military-labour-in-southern-india-circa-17501800/6D1E15184371BC18D75954F0E2E7A865,,,,HIGH,LOW,LOW,QUALITATIVE_ONLY,No defensible exact Jan-1776 national total located; retain qualitative-only rather than fabricate precision.
CRI,Crimea,Central Asia / Caucasus,,,,,,,,,,,,,,,,,,Household/guard and any demonstrably permanent paid forces.,Tribal/confederal cavalry and campaign levies form a large share of potential strength.,,,,,,,,HIGH,LOW,LOW,QUALITATIVE_ONLY,Confederal/tribal mobilization is not directly comparable with a European standing army; qualitative-only unless a near-date establishment survives.
CUB,Cuba,Americas,,,,,,,,,,,,,,,,,,The fork tag does not map cleanly to an independent 1776 national military establishment.,Any local militia/garrison/imperial force must be attributed to the historical sovereign/colonial structure before conversion.,,,,,,,,HIGH,VERY_LOW,VERY_LOW,STRUCTURAL_DEFER,Cuba is Spanish imperial territory; local garrison/naval assets are not an independent sovereign force.
DAH,Dahomey,Sub-Saharan Africa / Indian Ocean,,,,,,,,,,,,,,,,,,Established military kingdom with royal forces.,Campaign mobilization and tributary obligations must be distinguished from permanent troops.,18th-century structural history,Near target but quantitative details sparse,https://www.cambridge.org/core/journals/african-studies-review/article/abs/king-gezo-of-dahomey-18181858-a-reassessment-of-a-west-african-monarch-in-the-nineteenth-century/9B1806941578F189D9C69F06EBB87CCD,https://www.cambridge.org/core/books/rituals-runaways-and-the-haitian-revolution/homelands-diaspora-and-slave-society/0EFBA3D2C01A5C42F2727A83CC86F1F8,,,QUALITATIVE_ONLY,HIGH,VERY_LOW,LOW,QUALITATIVE_ONLY,Dahomey was tributary to Oyo in the 1770s; do not use later Gezo-era army figures.
DAI,Dai Nam,Southeast Asia,,,,,,,,,,,,,,,,,,The fork tag does not map cleanly to an independent 1776 national military establishment.,Any local militia/garrison/imperial force must be attributed to the historical sovereign/colonial structure before conversion.,,,,,,,,HIGH,VERY_LOW,VERY_LOW,STRUCTURAL_DEFER,The 1776 Vietnamese political-military landscape was divided; a single Dai Nam national force is structurally unsafe.
DEI,East Indies,Southeast Asia,,,,,,,,,,,,,,,,,,Court/core troops and permanent garrisons where documented.,"Mandala/tributary levies, manpower corvée, local retainers, riverine and mercenary forces vary by polity.",15th–19th c. regional synthesis,Regional structural evidence,https://www.cambridge.org/core/books/abs/cambridge-history-of-war/warfare-in-southeast-asia-14481851/E1F8804B3EFF6CCFE3FF6861C83C27FF,,,,,HIGH,LOW,LOW,QUALITATIVE_ONLY,Exact Jan-1776 strength not established; Southeast Asian military systems should not be normalized to a European regiment model.
DENNOR,Denmark-Norway,Europe,,,,,,,,,,,,,,Do not reclassify all national troops as mere militia.,,,,Danish-Norwegian army combined enlisted and nationally conscripted troops; national/conscripted troops were real army units rather than a separate emergency militia.,"Militia, provincial levies and wartime auxiliaries excluded from standing total unless source explicitly includes them.",1774–1776,Exact 1776 recruitment composition,https://tidsskrift.dk/historisktidsskrift/article/download/52833/70118?inline=1,,,,QUALITATIVE_ONLY total; organization confidence high.,HIGH,VERY_LOW,HIGH,QUALITATIVE_ONLY,Danish foot troops were about 70% conscripted/national troops in 1776; this complicates V3 standing-vs-conscription mapping.
DFR,Darfur,Sub-Saharan Africa / Indian Ocean,,,,,,,,,,,,,,,,,,Court/royal retainers and permanent specialist forces where demonstrable.,"Provincial, tributary, cavalry, slave-soldier, clan/lineage or campaign levies must not be counted as permanent without evidence.",,,,,,,,HIGH,LOW,LOW,QUALITATIVE_ONLY,Exact 1776 personnel totals are generally poorly documented in accessible scholarly material; qualitative status retained rather than inventing headcounts.
DUR,Afghanistan,Central Asia / Caucasus,,,,,,,,,,,,,,,,,,Household/guard and any demonstrably permanent paid forces.,Tribal/confederal cavalry and campaign levies form a large share of potential strength.,,,,,,,,HIGH,LOW,LOW,QUALITATIVE_ONLY,Confederal/tribal mobilization is not directly comparable with a European standing army; qualitative-only unless a near-date establishment survives.
ETH,Ethiopia,Sub-Saharan Africa / Indian Ocean,,,,,,,,,,,,,,,,,,Court/royal retainers and permanent specialist forces where demonstrable.,"Provincial, tributary, cavalry, slave-soldier, clan/lineage or campaign levies must not be counted as permanent without evidence.",,,,,,,,HIGH,LOW,LOW,QUALITATIVE_ONLY,Exact 1776 personnel totals are generally poorly documented in accessible scholarly material; qualitative status retained rather than inventing headcounts.
EZO,Ezochi,East Asia,,,,,,,,,,,,,,,,,,Polity-specific hereditary/professional/garrison institutions; not automatically equivalent to European field armies.,Local/domain/provincial mobilization must be separated from central standing forces.,,,,,,,,HIGH,LOW,LOW,QUALITATIVE_ONLY,Retain institutional distinctions; exact deployable field strength may differ sharply from administrative establishment.
FRA,France,Europe,transitional reform establishment; exact Jan-1776 total not directly exposed by accessible SHD catalogue,,"reform trajectory toward 168,000","reform trajectory toward 46,000","6,576 (1 May 1774) -> 11,939 (1 May 1777)",,,,,,,,,provincial troops separate,,,,Royal permanent forces under Saint-Germain reforms; exact month-by-month strength changed during 1775–77 reorganization.,"Militia, provincial levies and wartime auxiliaries excluded from standing total unless source explicitly includes them.","1774–1777, with exact 1776 archival series identified",Transition centered on 1776,https://www.servicehistorique.sga.defense.gouv.fr/ark/1149522,https://www.servicehistorique.sga.defense.gouv.fr/ark/1147411,https://www.mediterranee-antique.fr/Auteurs/Fichiers/JKL/Lavisse/Histoire_France/T91/T91_13.htm,Accessible primary catalogues identify exact 1776 tables but do not expose a machine-readable total; later synthesis reports reform endpoints.,"150,000–180,000 regular personnel as a cautious 1776 conversion range pending archival transcription; do not use the later full reform endpoint as exact Jan strength.",HIGH,MEDIUM,MEDIUM,QUANTITATIVE_MEDIUM_CONFIDENCE,Use range only for 2D-2 sensitivity analysis; exact infantry/cavalry/artillery shares should be reconstructed conservatively.
FRM,Frankfurt,Europe,,,,,,,,,,,,,,,,,,Permanent crown/state establishment; garrison and field establishment should be distinguished where sources allow.,"Militia, provincial levies and wartime auxiliaries excluded from standing total unless source explicitly includes them.",,,,,,,,HIGH,LOW,LOW,QUALITATIVE_ONLY,No defensible exact 1775–77 total located for this smaller polity in this research pass; qualitative status retained.
FTJ,Futa Jallon,Sub-Saharan Africa / Indian Ocean,,,,,,,,,,,,,,,,,,Court/royal retainers and permanent specialist forces where demonstrable.,"Provincial, tributary, cavalry, slave-soldier, clan/lineage or campaign levies must not be counted as permanent without evidence.",,,,,,,,HIGH,LOW,LOW,QUALITATIVE_ONLY,Exact 1776 personnel totals are generally poorly documented in accessible scholarly material; qualitative status retained rather than inventing headcounts.
FTR,Futa Toro,Sub-Saharan Africa / Indian Ocean,,,,,,,,,,,,,,,,,,Court/royal retainers and permanent specialist forces where demonstrable.,"Provincial, tributary, cavalry, slave-soldier, clan/lineage or campaign levies must not be counted as permanent without evidence.",,,,,,,,HIGH,LOW,LOW,QUALITATIVE_ONLY,Exact 1776 personnel totals are generally poorly documented in accessible scholarly material; qualitative status retained rather than inventing headcounts.
GAL,Galicia-Lodomeria,Europe,,,,,,,,,,,,,,,,,,The fork tag does not map cleanly to an independent 1776 national military establishment.,Any local militia/garrison/imperial force must be attributed to the historical sovereign/colonial structure before conversion.,,,,,,,,HIGH,VERY_LOW,VERY_LOW,STRUCTURAL_DEFER,Galicia-Lodomeria is Habsburg territory; its troops belong to Habsburg establishment.
GAR,Garhwal,South Asia,,,,,,,,,,,,,,,,,,Permanent/household/core troops where identifiable; European-drilled infantry and artillery were spreading after 1750.,"Mercenary war bands, cavalry retainers, jagirdar/tributary contingents and campaign levies must remain separate from permanent strength.",c.1750–1800 regional framework,Regional structural evidence; exact 1776 national total not located in this pass.,https://www.cambridge.org/core/books/abs/asian-military-revolution/military-revolution-in-south-asia-17501850/4CE7B83571AA90662C44497252E8F42A,https://www.cambridge.org/core/journals/modern-asian-studies/article/abs/warriors-and-states-military-labour-in-southern-india-circa-17501800/6D1E15184371BC18D75954F0E2E7A865,,,,HIGH,LOW,LOW,QUALITATIVE_ONLY,No defensible exact Jan-1776 national total located; retain qualitative-only rather than fabricate precision.
GBR,Great Britain,Europe,"almost 50,000",,,,,,"7,000 British regulars in North America in 1775 (subset of global establishment)",,,,,,,not included in regular establishment,,,"wartime reinforcement rapidly expanded; 1776 New York operation planned around 30,000 troops","Global British regular Army establishment; colonial deployment is a subset, not an addition to the same men.","Militia, provincial units, German auxiliaries and colonial forces must be modeled separately.",1775–1776,1775 peacetime establishment; 1775 colonial deployment; 1776 expedition planning,https://academic.oup.com/reference/62333/reference-article-abstract/554063602,https://www.nam.ac.uk/explore/american-war-independence-outbreak,https://history.army.mil/Publications/Publications-Catalog/The-New-York-Campaign/,Sources measure different scopes (global establishment vs North American deployment vs wartime expedition).,"48,000–50,000 regular establishment at the 1775/early-1776 baseline; wartime overseas force must not be added twice.",HIGH,HIGH,MEDIUM,QUANTITATIVE_HIGH_CONFIDENCE,"Current fork 121,000 V3 land manpower is substantially above the documented peacetime regular establishment; later Hessian/war expansion is not a Jan-1776 baseline."
GEN,Most Serene Republic of Genoa,Europe,,,,,,,,,,,,,,,,,,Permanent crown/state establishment; garrison and field establishment should be distinguished where sources allow.,"Militia, provincial levies and wartime auxiliaries excluded from standing total unless source explicitly includes them.",,,,,,,,HIGH,LOW,LOW,QUALITATIVE_ONLY,No defensible exact 1775–77 total located for this smaller polity in this research pass; qualitative status retained.
GLD,Geledi,Sub-Saharan Africa / Indian Ocean,,,,,,,,,,,,,,,,,,Court/royal retainers and permanent specialist forces where demonstrable.,"Provincial, tributary, cavalry, slave-soldier, clan/lineage or campaign levies must not be counted as permanent without evidence.",,,,,,,,HIGH,LOW,LOW,QUALITATIVE_ONLY,Exact 1776 personnel totals are generally poorly documented in accessible scholarly material; qualitative status retained rather than inventing headcounts.
GR3,Sicily,Europe,,,,,,,,,,,,,,,,,,Permanent crown/state establishment; garrison and field establishment should be distinguished where sources allow.,"Militia, provincial levies and wartime auxiliaries excluded from standing total unless source explicitly includes them.",,,,,,,,HIGH,LOW,LOW,QUALITATIVE_ONLY,No defensible exact 1775–77 total located for this smaller polity in this research pass; qualitative status retained.
GR5,Santo Domingo,Americas,,,,,,,,,,,,,,,,,,The fork tag does not map cleanly to an independent 1776 national military establishment.,Any local militia/garrison/imperial force must be attributed to the historical sovereign/colonial structure before conversion.,,,,,,,,HIGH,VERY_LOW,VERY_LOW,STRUCTURAL_DEFER,Saint-Domingue is a French colony; do not treat its garrisons/militia as an independent national army/navy.
GWA,Gwalior,South Asia,,,,,,,,,,,,,,,,,,Permanent/household/core troops where identifiable; European-drilled infantry and artillery were spreading after 1750.,"Mercenary war bands, cavalry retainers, jagirdar/tributary contingents and campaign levies must remain separate from permanent strength.",c.1750–1800 regional framework,Regional structural evidence; exact 1776 national total not located in this pass.,https://www.cambridge.org/core/books/abs/asian-military-revolution/military-revolution-in-south-asia-17501850/4CE7B83571AA90662C44497252E8F42A,https://www.cambridge.org/core/journals/modern-asian-studies/article/abs/warriors-and-states-military-labour-in-southern-india-circa-17501800/6D1E15184371BC18D75954F0E2E7A865,,,,HIGH,LOW,LOW,QUALITATIVE_ONLY,No defensible exact Jan-1776 national total located; retain qualitative-only rather than fabricate precision.
HAI,Haiti,Americas,,,,,,,,,,,,,,,,,,The fork tag does not map cleanly to an independent 1776 national military establishment.,Any local militia/garrison/imperial force must be attributed to the historical sovereign/colonial structure before conversion.,,,,,,,,HIGH,VERY_LOW,VERY_LOW,STRUCTURAL_DEFER,Independent Haiti does not exist in 1776; military forces belong to colonial Saint-Domingue structures.
HAM,Hamburg,Europe,,,,,,,,,,,,,,,,,,Permanent crown/state establishment; garrison and field establishment should be distinguished where sources allow.,"Militia, provincial levies and wartime auxiliaries excluded from standing total unless source explicitly includes them.",,,,,,,,HIGH,LOW,LOW,QUALITATIVE_ONLY,No defensible exact 1775–77 total located for this smaller polity in this research pass; qualitative status retained.
HAN,Hanover,Europe,"21,000",,,,,,,,,,,,,,,,,Permanent crown/state establishment; garrison and field establishment should be distinguished where sources allow.,"Militia, provincial levies and wartime auxiliaries excluded from standing total unless source explicitly includes them.",1777,1777 (one year after target),https://journals.sagepub.com/doi/10.1177/0968344513483071,,,Near-date 1777 figure; no exact 1 Jan 1776 strength in the cited table.,"21,000 near-date establishment; allow a narrow 1776 adjustment only if 2D-2 finds country-specific evidence.",HIGH,HIGH,LOW,QUANTITATIVE_HIGH_CONFIDENCE,"Use as establishment-scale anchor, not a direct V3 target. Composition requires separate approximation."
HAU,Gobir,Sub-Saharan Africa / Indian Ocean,,,,,,,,,,,,,,,,,,Court/royal retainers and permanent specialist forces where demonstrable.,"Provincial, tributary, cavalry, slave-soldier, clan/lineage or campaign levies must not be counted as permanent without evidence.",,,,,,,,HIGH,LOW,LOW,QUALITATIVE_ONLY,Exact 1776 personnel totals are generally poorly documented in accessible scholarly material; qualitative status retained rather than inventing headcounts.
HAW,Hawaii,Oceania,,,,,,,,,,,,,,,,,,The fork tag does not map cleanly to an independent 1776 national military establishment.,Any local militia/garrison/imperial force must be attributed to the historical sovereign/colonial structure before conversion.,,,,,,,,HIGH,VERY_LOW,VERY_LOW,STRUCTURAL_DEFER,Structural/dependency problem: do not create an independent national standing army merely from the current fork tag. Requires 2D-2 mapping decision before numbers.
HBC,Hudson's Bay Company,Other / requires map review,,,,,,,,,,,,,,,,,,,,,,,,,,,HIGH,LOW,LOW,QUALITATIVE_ONLY,
HDJ,Hedjaz,Middle East / North Africa,,,,,,,,,,,,,,,,,,Central/household/paid troops where identifiable.,"Tribal, provincial, feudal/household and emergency campaign contingents must be separated from permanent establishment.",,,https://www.cambridge.org/core/books/abs/cambridge-history-of-turkey/semiautonomous-provincial-forces-in-the-balkans-and-anatolia/B43D84E35B5E62284DE3F40F79F602B1,,,,,HIGH,LOW,LOW,QUALITATIVE_ONLY,No exact Jan-1776 total established for this polity in this pass; do not infer standing strength from a single campaign army.
HEK,Hesse-Kassel,Europe,,,,,,,,,,,,,,,,,,Permanent crown/state establishment; garrison and field establishment should be distinguished where sources allow.,"Militia, provincial levies and wartime auxiliaries excluded from standing total unless source explicitly includes them.",,,,,,,,HIGH,LOW,LOW,QUALITATIVE_ONLY,No defensible exact 1775–77 total located for this smaller polity in this research pass; qualitative status retained.
HES,Hesse-Darmstadt,Europe,,,,,,,,,,,,,,,,,,Permanent crown/state establishment; garrison and field establishment should be distinguished where sources allow.,"Militia, provincial levies and wartime auxiliaries excluded from standing total unless source explicitly includes them.",,,,,,,,HIGH,LOW,LOW,QUALITATIVE_ONLY,No defensible exact 1775–77 total located for this smaller polity in this research pass; qualitative status retained.
HOH,Hohenzollern,Europe,,,,,,,,,,,,,,,,,,Permanent crown/state establishment; garrison and field establishment should be distinguished where sources allow.,"Militia, provincial levies and wartime auxiliaries excluded from standing total unless source explicitly includes them.",,,,,,,,HIGH,LOW,LOW,QUALITATIVE_ONLY,No defensible exact 1775–77 total located for this smaller polity in this research pass; qualitative status retained.
HOL,Holstein,Europe,,,,,,,,,,,,,,,,,,Permanent crown/state establishment; garrison and field establishment should be distinguished where sources allow.,"Militia, provincial levies and wartime auxiliaries excluded from standing total unless source explicitly includes them.",,,,,,,,HIGH,LOW,LOW,QUALITATIVE_ONLY,No defensible exact 1775–77 total located for this smaller polity in this research pass; qualitative status retained.
HUN,Hungary,Europe,,,,,,,,,,,,,,,,,,The fork tag does not map cleanly to an independent 1776 national military establishment.,Any local militia/garrison/imperial force must be attributed to the historical sovereign/colonial structure before conversion.,,,,,,,,HIGH,VERY_LOW,VERY_LOW,STRUCTURAL_DEFER,Hungarian components contribute to Habsburg military establishment; avoid double-counting Austria and Hungary as separate full armies.
HYD,Hyderabad,South Asia,,,,,,,,,,,,,,,,,,Permanent/household/core troops where identifiable; European-drilled infantry and artillery were spreading after 1750.,"Mercenary war bands, cavalry retainers, jagirdar/tributary contingents and campaign levies must remain separate from permanent strength.",c.1750–1800 regional framework,Regional structural evidence; exact 1776 national total not located in this pass.,https://www.cambridge.org/core/books/abs/asian-military-revolution/military-revolution-in-south-asia-17501850/4CE7B83571AA90662C44497252E8F42A,https://www.cambridge.org/core/journals/modern-asian-studies/article/abs/warriors-and-states-military-labour-in-southern-india-circa-17501800/6D1E15184371BC18D75954F0E2E7A865,,,,HIGH,LOW,LOW,QUALITATIVE_ONLY,No defensible exact Jan-1776 national total located; retain qualitative-only rather than fabricate precision.
IQU,Iquicha,Americas,,,,,,,,,,,,,,,,,,The fork tag does not map cleanly to an independent 1776 national military establishment.,Any local militia/garrison/imperial force must be attributed to the historical sovereign/colonial structure before conversion.,,,,,,,,HIGH,VERY_LOW,VERY_LOW,STRUCTURAL_DEFER,Structural/dependency problem: do not create an independent national standing army merely from the current fork tag. Requires 2D-2 mapping decision before numbers.
IR1,Mamluk Iraq,Middle East / North Africa,,,,,,,,,,,,,,,,,,Central/household/paid troops where identifiable.,"Tribal, provincial, feudal/household and emergency campaign contingents must be separated from permanent establishment.",,,https://www.cambridge.org/core/books/abs/cambridge-history-of-turkey/semiautonomous-provincial-forces-in-the-balkans-and-anatolia/B43D84E35B5E62284DE3F40F79F602B1,,,,,HIGH,LOW,LOW,QUALITATIVE_ONLY,No exact Jan-1776 total established for this polity in this pass; do not infer standing strength from a single campaign army.
IREK,Kingdom of Ireland,Europe,,,,,,,,,,,,,,,,,,The fork tag does not map cleanly to an independent 1776 national military establishment.,Any local militia/garrison/imperial force must be attributed to the historical sovereign/colonial structure before conversion.,,,,,,,,HIGH,VERY_LOW,VERY_LOW,STRUCTURAL_DEFER,Kingdom of Ireland is under the British Crown; British Army establishment/garrison attribution must avoid double-counting.
ISQ,Isaaq,Sub-Saharan Africa / Indian Ocean,,,,,,,,,,,,,,,,,,Court/royal retainers and permanent specialist forces where demonstrable.,"Provincial, tributary, cavalry, slave-soldier, clan/lineage or campaign levies must not be counted as permanent without evidence.",,,,,,,,HIGH,LOW,LOW,QUALITATIVE_ONLY,Exact 1776 personnel totals are generally poorly documented in accessible scholarly material; qualitative status retained rather than inventing headcounts.
JAP,Japan,East Asia,,,,,,,,,,,,,,,,,,Polity-specific hereditary/professional/garrison institutions; not automatically equivalent to European field armies.,Local/domain/provincial mobilization must be separated from central standing forces.,,,,,,,,HIGH,LOW,LOW,QUALITATIVE_ONLY,Retain institutional distinctions; exact deployable field strength may differ sharply from administrative establishment.
JEY,Jeypore,South Asia,,,,,,,,,,,,,,,,,,Permanent/household/core troops where identifiable; European-drilled infantry and artillery were spreading after 1750.,"Mercenary war bands, cavalry retainers, jagirdar/tributary contingents and campaign levies must remain separate from permanent strength.",c.1750–1800 regional framework,Regional structural evidence; exact 1776 national total not located in this pass.,https://www.cambridge.org/core/books/abs/asian-military-revolution/military-revolution-in-south-asia-17501850/4CE7B83571AA90662C44497252E8F42A,https://www.cambridge.org/core/journals/modern-asian-studies/article/abs/warriors-and-states-military-labour-in-southern-india-circa-17501800/6D1E15184371BC18D75954F0E2E7A865,,,,HIGH,LOW,LOW,QUALITATIVE_ONLY,No defensible exact Jan-1776 national total located; retain qualitative-only rather than fabricate precision.
JMB,Jambi,Southeast Asia,,,,,,,,,,,,,,,,,,Court/core troops and permanent garrisons where documented.,"Mandala/tributary levies, manpower corvée, local retainers, riverine and mercenary forces vary by polity.",15th–19th c. regional synthesis,Regional structural evidence,https://www.cambridge.org/core/books/abs/cambridge-history-of-war/warfare-in-southeast-asia-14481851/E1F8804B3EFF6CCFE3FF6861C83C27FF,,,,,HIGH,LOW,LOW,QUALITATIVE_ONLY,Exact Jan-1776 strength not established; Southeast Asian military systems should not be normalized to a European regiment model.
JOH,Johore,Southeast Asia,,,,,,,,,,,,,,,,,,Court/core troops and permanent garrisons where documented.,"Mandala/tributary levies, manpower corvée, local retainers, riverine and mercenary forces vary by polity.",15th–19th c. regional synthesis,Regional structural evidence,https://www.cambridge.org/core/books/abs/cambridge-history-of-war/warfare-in-southeast-asia-14481851/E1F8804B3EFF6CCFE3FF6861C83C27FF,,,,,HIGH,LOW,LOW,QUALITATIVE_ONLY,Exact Jan-1776 strength not established; Southeast Asian military systems should not be normalized to a European regiment model.
KAU,Kaurna,Oceania,,,,,,,,,,,,,,,,,,The fork tag does not map cleanly to an independent 1776 national military establishment.,Any local militia/garrison/imperial force must be attributed to the historical sovereign/colonial structure before conversion.,,,,,,,,HIGH,VERY_LOW,VERY_LOW,STRUCTURAL_DEFER,Structural/dependency problem: do not create an independent national standing army merely from the current fork tag. Requires 2D-2 mapping decision before numbers.
KHI,Khiva,Central Asia / Caucasus,,,,,,,,,,,,,,,,,,Household/guard and any demonstrably permanent paid forces.,Tribal/confederal cavalry and campaign levies form a large share of potential strength.,,,,,,,,HIGH,LOW,LOW,QUALITATIVE_ONLY,Confederal/tribal mobilization is not directly comparable with a European standing army; qualitative-only unless a near-date establishment survives.
KHP,Kolhapur,South Asia,,,,,,,,,,,,,,,,,,Permanent/household/core troops where identifiable; European-drilled infantry and artillery were spreading after 1750.,"Mercenary war bands, cavalry retainers, jagirdar/tributary contingents and campaign levies must remain separate from permanent strength.",c.1750–1800 regional framework,Regional structural evidence; exact 1776 national total not located in this pass.,https://www.cambridge.org/core/books/abs/asian-military-revolution/military-revolution-in-south-asia-17501850/4CE7B83571AA90662C44497252E8F42A,https://www.cambridge.org/core/journals/modern-asian-studies/article/abs/warriors-and-states-military-labour-in-southern-india-circa-17501800/6D1E15184371BC18D75954F0E2E7A865,,,,HIGH,LOW,LOW,QUALITATIVE_ONLY,No defensible exact Jan-1776 national total located; retain qualitative-only rather than fabricate precision.
KNO,Kurnool,South Asia,,,,,,,,,,,,,,,,,,Permanent/household/core troops where identifiable; European-drilled infantry and artillery were spreading after 1750.,"Mercenary war bands, cavalry retainers, jagirdar/tributary contingents and campaign levies must remain separate from permanent strength.",c.1750–1800 regional framework,Regional structural evidence; exact 1776 national total not located in this pass.,https://www.cambridge.org/core/books/abs/asian-military-revolution/military-revolution-in-south-asia-17501850/4CE7B83571AA90662C44497252E8F42A,https://www.cambridge.org/core/journals/modern-asian-studies/article/abs/warriors-and-states-military-labour-in-southern-india-circa-17501800/6D1E15184371BC18D75954F0E2E7A865,,,,HIGH,LOW,LOW,QUALITATIVE_ONLY,No defensible exact Jan-1776 national total located; retain qualitative-only rather than fabricate precision.
KOK,Kokand,Central Asia / Caucasus,,,,,,,,,,,,,,,,,,Household/guard and any demonstrably permanent paid forces.,Tribal/confederal cavalry and campaign levies form a large share of potential strength.,,,,,,,,HIGH,LOW,LOW,QUALITATIVE_ONLY,Confederal/tribal mobilization is not directly comparable with a European standing army; qualitative-only unless a near-date establishment survives.
KON,Kongo,Sub-Saharan Africa / Indian Ocean,,,,,,,,,,,,,,,,,,Court/royal retainers and permanent specialist forces where demonstrable.,"Provincial, tributary, cavalry, slave-soldier, clan/lineage or campaign levies must not be counted as permanent without evidence.",,,,,,,,HIGH,LOW,LOW,QUALITATIVE_ONLY,Exact 1776 personnel totals are generally poorly documented in accessible scholarly material; qualitative status retained rather than inventing headcounts.
KOR,Korea,East Asia,,,,,,,,,,,,,,,,,,Five central military camps plus local provincial army coexisted.,Local military obligations and support registers should not be treated as full-time field soldiers.,17th–18th-century institutional study; quantitative finance cross-check from 1794,Structural evidence valid for late Joseon; 1794 quantitative point is too late for direct 1776 use,https://www.kci.go.kr/kciportal/ci/sereArticleSearch/ciSereArtiView.kci?sereArticleSearchBean.artiId=ART001986042,https://www.kci.go.kr/kciportal/ci/sereArticleSearch/ciSereArtiView.kci?sereArticleSearchBean.artiId=ART001807960,,,"QUALITATIVE_ONLY for 1776; later ~17,000 on-duty central soldiers is corroboration, not a back-cast.",HIGH,VERY_LOW,MEDIUM,QUALITATIVE_ONLY,"Current fork has 30 barracks but no formation. 2D-2 should reconstruct a modest central standing force plus local capacity, not treat all registers as permanent."
KRG,Karagwe,Sub-Saharan Africa / Indian Ocean,,,,,,,,,,,,,,,,,,Court/royal retainers and permanent specialist forces where demonstrable.,"Provincial, tributary, cavalry, slave-soldier, clan/lineage or campaign levies must not be counted as permanent without evidence.",,,,,,,,HIGH,LOW,LOW,QUALITATIVE_ONLY,Exact 1776 personnel totals are generally poorly documented in accessible scholarly material; qualitative status retained rather than inventing headcounts.
KRT,Kaarta,Sub-Saharan Africa / Indian Ocean,,,,,,,,,,,,,,,,,,Court/royal retainers and permanent specialist forces where demonstrable.,"Provincial, tributary, cavalry, slave-soldier, clan/lineage or campaign levies must not be counted as permanent without evidence.",,,,,,,,HIGH,LOW,LOW,QUALITATIVE_ONLY,Exact 1776 personnel totals are generally poorly documented in accessible scholarly material; qualitative status retained rather than inventing headcounts.
KTI,Kutai,Southeast Asia,,,,,,,,,,,,,,,,,,Court/core troops and permanent garrisons where documented.,"Mandala/tributary levies, manpower corvée, local retainers, riverine and mercenary forces vary by polity.",15th–19th c. regional synthesis,Regional structural evidence,https://www.cambridge.org/core/books/abs/cambridge-history-of-war/warfare-in-southeast-asia-14481851/E1F8804B3EFF6CCFE3FF6861C83C27FF,,,,,HIGH,LOW,LOW,QUALITATIVE_ONLY,Exact Jan-1776 strength not established; Southeast Asian military systems should not be normalized to a European regiment model.
KZH,Kishi Zhuz,Central Asia / Caucasus,,,,,,,,,,,,,,,,,,Household/guard and any demonstrably permanent paid forces.,Tribal/confederal cavalry and campaign levies form a large share of potential strength.,,,,,,,,HIGH,LOW,LOW,QUALITATIVE_ONLY,Confederal/tribal mobilization is not directly comparable with a European standing army; qualitative-only unless a near-date establishment survives.
LAH,Lahej,Middle East / North Africa,,,,,,,,,,,,,,,,,,Central/household/paid troops where identifiable.,"Tribal, provincial, feudal/household and emergency campaign contingents must be separated from permanent establishment.",,,,,,,,HIGH,LOW,LOW,QUALITATIVE_ONLY,No exact Jan-1776 total established for this polity in this pass; do not infer standing strength from a single campaign army.
LAN,Lanfang,Southeast Asia,,,,,,,,,,,,,,,,,,Court/core troops and permanent garrisons where documented.,"Mandala/tributary levies, manpower corvée, local retainers, riverine and mercenary forces vary by polity.",15th–19th c. regional synthesis,Regional structural evidence,https://www.cambridge.org/core/books/abs/cambridge-history-of-war/warfare-in-southeast-asia-14481851/E1F8804B3EFF6CCFE3FF6861C83C27FF,,,,,HIGH,LOW,LOW,QUALITATIVE_ONLY,Exact Jan-1776 strength not established; Southeast Asian military systems should not be normalized to a European regiment model.
LIP,Lippe-Detmold,Europe,,,,,,,,,,,,,,,,,,Permanent crown/state establishment; garrison and field establishment should be distinguished where sources allow.,"Militia, provincial levies and wartime auxiliaries excluded from standing total unless source explicitly includes them.",,,,,,,,HIGH,LOW,LOW,QUALITATIVE_ONLY,No defensible exact 1775–77 total located for this smaller polity in this research pass; qualitative status retained.
LOU,Louisiana,Americas,,,,,,,,,,,,,,,,,,The fork tag does not map cleanly to an independent 1776 national military establishment.,Any local militia/garrison/imperial force must be attributed to the historical sovereign/colonial structure before conversion.,,,,,,,,HIGH,VERY_LOW,VERY_LOW,STRUCTURAL_DEFER,Louisiana is a Spanish colonial possession in 1776; not an independent national military.
LUA,Luang Prabang,Southeast Asia,,,,,,,,,,,,,,,,,,Court/core troops and permanent garrisons where documented.,"Mandala/tributary levies, manpower corvée, local retainers, riverine and mercenary forces vary by polity.",15th–19th c. regional synthesis,Regional structural evidence,https://www.cambridge.org/core/books/abs/cambridge-history-of-war/warfare-in-southeast-asia-14481851/E1F8804B3EFF6CCFE3FF6861C83C27FF,,,,,HIGH,LOW,LOW,QUALITATIVE_ONLY,Exact Jan-1776 strength not established; Southeast Asian military systems should not be normalized to a European regiment model.
LUB,Lübeck,Europe,,,,,,,,,,,,,,,,,,Permanent crown/state establishment; garrison and field establishment should be distinguished where sources allow.,"Militia, provincial levies and wartime auxiliaries excluded from standing total unless source explicitly includes them.",,,,,,,,HIGH,LOW,LOW,QUALITATIVE_ONLY,No defensible exact 1775–77 total located for this smaller polity in this research pass; qualitative status retained.
LUC,Lucca,Europe,,,,,,,,,,,,,,,,,,Permanent crown/state establishment; garrison and field establishment should be distinguished where sources allow.,"Militia, provincial levies and wartime auxiliaries excluded from standing total unless source explicitly includes them.",,,,,,,,HIGH,LOW,LOW,QUALITATIVE_ONLY,No defensible exact 1775–77 total located for this smaller polity in this research pass; qualitative status retained.
LUX,Luxembourg,Europe,,,,,,,,,,,,,,,,,,Permanent crown/state establishment; garrison and field establishment should be distinguished where sources allow.,"Militia, provincial levies and wartime auxiliaries excluded from standing total unless source explicitly includes them.",,,,,,,,HIGH,LOW,LOW,QUALITATIVE_ONLY,No defensible exact 1775–77 total located for this smaller polity in this research pass; qualitative status retained.
MAD,Madagascar,Sub-Saharan Africa / Indian Ocean,,,,,,,,,,,,,,,,,,Court/royal retainers and permanent specialist forces where demonstrable.,"Provincial, tributary, cavalry, slave-soldier, clan/lineage or campaign levies must not be counted as permanent without evidence.",,,,,,,,HIGH,LOW,LOW,QUALITATIVE_ONLY,Exact 1776 personnel totals are generally poorly documented in accessible scholarly material; qualitative status retained rather than inventing headcounts.
MARATH,Maratha Confederacy,South Asia,,,,,,,,,,,,,,,,,,"Confederal core forces including cavalry, infantry and artillery; no single centralized European-style establishment.","Chiefly/household contingents, cavalry retainers, tributary forces and campaign-following logistics must be kept distinct.",18th-century structural evidence,Regional/system evidence,https://www.cambridge.org/core/books/marathas-16001818/1098497E96D2AFA760D18DB311A91C80/listing,https://www.cambridge.org/core/books/abs/asian-military-revolution/military-revolution-in-south-asia-17501850/4CE7B83571AA90662C44497252E8F42A,,Campaign armies do not equal permanent establishment; confederal components vary by chief and campaign.,QUALITATIVE_ONLY pending chief-by-chief conversion logic,HIGH,VERY_LOW,MEDIUM,QUALITATIVE_ONLY,The source explicitly shows heavy cavalry plus infantry/artillery and a very large support train; do not infer soldier count from camp size.
MAS,Mascara,Middle East / North Africa,,,,,,,,,,,,,,,,,,Central/household/paid troops where identifiable.,"Tribal, provincial, feudal/household and emergency campaign contingents must be separated from permanent establishment.",,,,,,,,HIGH,LOW,LOW,QUALITATIVE_ONLY,No exact Jan-1776 total established for this polity in this pass; do not infer standing strength from a single campaign army.
MBS,Mombasa,Sub-Saharan Africa / Indian Ocean,,,,,,,,,,,,,,,,,,Court/royal retainers and permanent specialist forces where demonstrable.,"Provincial, tributary, cavalry, slave-soldier, clan/lineage or campaign levies must not be counted as permanent without evidence.",,,,,,,,HIGH,LOW,LOW,QUALITATIVE_ONLY,Exact 1776 personnel totals are generally poorly documented in accessible scholarly material; qualitative status retained rather than inventing headcounts.
MEC,Mecklenburg-Schwerin,Europe,,,,,,,,,,,,,,,,,,Permanent crown/state establishment; garrison and field establishment should be distinguished where sources allow.,"Militia, provincial levies and wartime auxiliaries excluded from standing total unless source explicitly includes them.",,,,,,,,HIGH,LOW,LOW,QUALITATIVE_ONLY,No defensible exact 1775–77 total located for this smaller polity in this research pass; qualitative status retained.
MEI,Saxe-Meiningen,Europe,,,,,,,,,,,,,,,,,,Permanent crown/state establishment; garrison and field establishment should be distinguished where sources allow.,"Militia, provincial levies and wartime auxiliaries excluded from standing total unless source explicitly includes them.",,,,,,,,HIGH,LOW,LOW,QUALITATIVE_ONLY,No defensible exact 1775–77 total located for this smaller polity in this research pass; qualitative status retained.
MGD,Maguindanao,Southeast Asia,,,,,,,,,,,,,,,,,,Court/core troops and permanent garrisons where documented.,"Mandala/tributary levies, manpower corvée, local retainers, riverine and mercenary forces vary by polity.",15th–19th c. regional synthesis,Regional structural evidence,https://www.cambridge.org/core/books/abs/cambridge-history-of-war/warfare-in-southeast-asia-14481851/E1F8804B3EFF6CCFE3FF6861C83C27FF,,,,,HIGH,LOW,LOW,QUALITATIVE_ONLY,Exact Jan-1776 strength not established; Southeast Asian military systems should not be normalized to a European regiment model.
MJT,Majerteen,Sub-Saharan Africa / Indian Ocean,,,,,,,,,,,,,,,,,,Court/royal retainers and permanent specialist forces where demonstrable.,"Provincial, tributary, cavalry, slave-soldier, clan/lineage or campaign levies must not be counted as permanent without evidence.",,,,,,,,HIGH,LOW,LOW,QUALITATIVE_ONLY,Exact 1776 personnel totals are generally poorly documented in accessible scholarly material; qualitative status retained rather than inventing headcounts.
MKT,Miskitia,Americas,,,,,,,,,,,,,,,,,,Local regular/colonial establishment only where historically separate.,"Militia, indigenous allies and privateers/armed civilians must remain separate.",,,,,,,,HIGH,LOW,LOW,QUALITATIVE_ONLY,"Colonial and revolutionary military structures require careful attribution to metropolis, local assemblies or companies; no unsupported national total is invented."
MLD,Maldives,Sub-Saharan Africa / Indian Ocean,,,,,,,,,,,,,,,,,,Court/royal retainers and permanent specialist forces where demonstrable.,"Provincial, tributary, cavalry, slave-soldier, clan/lineage or campaign levies must not be counted as permanent without evidence.",,,,,,,,HIGH,LOW,LOW,QUALITATIVE_ONLY,Exact 1776 personnel totals are generally poorly documented in accessible scholarly material; qualitative status retained rather than inventing headcounts.
MLT,Order of Malta,Europe,,,,,,,,,,,,,,,,,,Permanent crown/state establishment; garrison and field establishment should be distinguished where sources allow.,"Militia, provincial levies and wartime auxiliaries excluded from standing total unless source explicitly includes them.",,,,,,,,HIGH,LOW,LOW,QUALITATIVE_ONLY,No defensible exact 1775–77 total located for this smaller polity in this research pass; qualitative status retained.
MOD,Modena,Europe,,,,,,,,,,,,,,,,,,Permanent crown/state establishment; garrison and field establishment should be distinguished where sources allow.,"Militia, provincial levies and wartime auxiliaries excluded from standing total unless source explicitly includes them.",,,,,,,,HIGH,LOW,LOW,QUALITATIVE_ONLY,No defensible exact 1775–77 total located for this smaller polity in this research pass; qualitative status retained.
MOL,Moldavia,Europe,,,,,,,,,,,,,,,,,,Permanent crown/state establishment; garrison and field establishment should be distinguished where sources allow.,"Militia, provincial levies and wartime auxiliaries excluded from standing total unless source explicitly includes them.",,,,,,,,HIGH,LOW,LOW,QUALITATIVE_ONLY,No defensible exact 1775–77 total located for this smaller polity in this research pass; qualitative status retained.
MON,Montenegro,Europe,,,,,,,,,,,,,,,,,,Permanent crown/state establishment; garrison and field establishment should be distinguished where sources allow.,"Militia, provincial levies and wartime auxiliaries excluded from standing total unless source explicitly includes them.",,,,,,,,HIGH,LOW,LOW,QUALITATIVE_ONLY,No defensible exact 1775–77 total located for this smaller polity in this research pass; qualitative status retained.
MOR,Morocco,Middle East / North Africa,,,,,,,,,,,,,,,,,,Central/household/paid troops where identifiable.,"Tribal, provincial, feudal/household and emergency campaign contingents must be separated from permanent establishment.",,,,,,,,HIGH,LOW,LOW,QUALITATIVE_ONLY,No exact Jan-1776 total established for this polity in this pass; do not infer standing strength from a single campaign army.
MSN,Massina,Sub-Saharan Africa / Indian Ocean,,,,,,,,,,,,,,,,,,Court/royal retainers and permanent specialist forces where demonstrable.,"Provincial, tributary, cavalry, slave-soldier, clan/lineage or campaign levies must not be counted as permanent without evidence.",,,,,,,,HIGH,LOW,LOW,QUALITATIVE_ONLY,Exact 1776 personnel totals are generally poorly documented in accessible scholarly material; qualitative status retained rather than inventing headcounts.
MST,Mecklenburg-Strelitz,Europe,,,,,,,,,,,,,,,,,,Permanent crown/state establishment; garrison and field establishment should be distinguished where sources allow.,"Militia, provincial levies and wartime auxiliaries excluded from standing total unless source explicitly includes them.",,,,,,,,HIGH,LOW,LOW,QUALITATIVE_ONLY,No defensible exact 1775–77 total located for this smaller polity in this research pass; qualitative status retained.
MUG,Hindustan,South Asia,,,,,,,,,,,,,,,,,,Permanent/household/core troops where identifiable; European-drilled infantry and artillery were spreading after 1750.,"Mercenary war bands, cavalry retainers, jagirdar/tributary contingents and campaign levies must remain separate from permanent strength.",c.1750–1800 regional framework,Regional structural evidence; exact 1776 national total not located in this pass.,https://www.cambridge.org/core/books/abs/asian-military-revolution/military-revolution-in-south-asia-17501850/4CE7B83571AA90662C44497252E8F42A,https://www.cambridge.org/core/journals/modern-asian-studies/article/abs/warriors-and-states-military-labour-in-southern-india-circa-17501800/6D1E15184371BC18D75954F0E2E7A865,,,,HIGH,LOW,LOW,QUALITATIVE_ONLY,No defensible exact Jan-1776 national total located; retain qualitative-only rather than fabricate precision.
MYS,Mysore,South Asia,,,,,,,,,,,,,,,,,,"Increasingly centralized/proto-modern Mysorean army under Haidar Ali, with European-influenced infantry/artillery and important cavalry.",Local warrior labour and auxiliaries remain distinct from the centralizing core.,second half of 18th century,Structural evidence centered on Haidar Ali,https://www.cambridge.org/core/journals/itinerario/article/abs/haidar-ali-and-tipu-sultan-mysores-eighteenthcentury-rulers-in-transition/FB1291A1D21FB308D7819FC034CA3C6F,https://www.cambridge.org/core/journals/modern-asian-studies/article/abs/warriors-and-states-military-labour-in-southern-india-circa-17501800/6D1E15184371BC18D75954F0E2E7A865,https://www.cambridge.org/core/books/abs/asian-military-revolution/military-revolution-in-south-asia-17501850/4CE7B83571AA90662C44497252E8F42A,,QUALITATIVE_ONLY; no exact 1776 establishment accepted in this pass,HIGH,VERY_LOW,MEDIUM,QUALITATIVE_ONLY,Do not import later Tipu-era totals backward.
NAG,Nagpur,South Asia,,,,,,,,,,,,,,,,,,Permanent/household/core troops where identifiable; European-drilled infantry and artillery were spreading after 1750.,"Mercenary war bands, cavalry retainers, jagirdar/tributary contingents and campaign levies must remain separate from permanent strength.",c.1750–1800 regional framework,Regional structural evidence; exact 1776 national total not located in this pass.,https://www.cambridge.org/core/books/abs/asian-military-revolution/military-revolution-in-south-asia-17501850/4CE7B83571AA90662C44497252E8F42A,https://www.cambridge.org/core/journals/modern-asian-studies/article/abs/warriors-and-states-military-labour-in-southern-india-circa-17501800/6D1E15184371BC18D75954F0E2E7A865,,,,HIGH,LOW,LOW,QUALITATIVE_ONLY,No defensible exact Jan-1776 national total located; retain qualitative-only rather than fabricate precision.
NAS,Nassau,Europe,,,,,,,,,,,,,,,,,,Permanent crown/state establishment; garrison and field establishment should be distinguished where sources allow.,"Militia, provincial levies and wartime auxiliaries excluded from standing total unless source explicitly includes them.",,,,,,,,HIGH,LOW,LOW,QUALITATIVE_ONLY,No defensible exact 1775–77 total located for this smaller polity in this research pass; qualitative status retained.
NBS,New Brunswick,Americas,,,,,,,,,,,,,,,,,,The fork tag does not map cleanly to an independent 1776 national military establishment.,Any local militia/garrison/imperial force must be attributed to the historical sovereign/colonial structure before conversion.,,,,,,,,HIGH,VERY_LOW,VERY_LOW,STRUCTURAL_DEFER,New Brunswick as a separate colony dates from after the American Revolution; 1776 forces belong to the wider British colonial structure.
NEP,Nepal,South Asia,,,,,,,,,,,,,,,,,,Permanent/household/core troops where identifiable; European-drilled infantry and artillery were spreading after 1750.,"Mercenary war bands, cavalry retainers, jagirdar/tributary contingents and campaign levies must remain separate from permanent strength.",c.1750–1800 regional framework,Regional structural evidence; exact 1776 national total not located in this pass.,https://www.cambridge.org/core/books/abs/asian-military-revolution/military-revolution-in-south-asia-17501850/4CE7B83571AA90662C44497252E8F42A,https://www.cambridge.org/core/journals/modern-asian-studies/article/abs/warriors-and-states-military-labour-in-southern-india-circa-17501800/6D1E15184371BC18D75954F0E2E7A865,,,,HIGH,LOW,LOW,QUALITATIVE_ONLY,No defensible exact Jan-1776 national total located; retain qualitative-only rather than fabricate precision.
NET,Netherlands,Europe,,,,,,,,,,,,,,,,,,Dutch Republic standing/provincial establishment; exact 1776 land total not located in this pass.,"Militia, provincial levies and wartime auxiliaries excluded from standing total unless source explicitly includes them.",,,https://www.cambridge.org/core/books/abs/dutch-navy-of-the-seventeenth-and-eighteenth-centuries/naval-seaman-a-poor-mans-job/9C70FB2D51C7815EFE66B881B28BA996,,,,QUALITATIVE_ONLY,HIGH,VERY_LOW,LOW,QUALITATIVE_ONLY,No defensible exact 1775–77 total located for this smaller polity in this research pass; qualitative status retained.
NVS,Nova Scotia,Americas,,,,,,,,,,,,,,,,,,The fork tag does not map cleanly to an independent 1776 national military establishment.,Any local militia/garrison/imperial force must be attributed to the historical sovereign/colonial structure before conversion.,,,,,,,,HIGH,VERY_LOW,VERY_LOW,STRUCTURAL_DEFER,Nova Scotia is a British colony; garrison belongs to imperial/colonial structure.
OLD,Oldenburg,Europe,,,,,,,,,,,,,,,,,,Permanent crown/state establishment; garrison and field establishment should be distinguished where sources allow.,"Militia, provincial levies and wartime auxiliaries excluded from standing total unless source explicitly includes them.",,,,,,,,HIGH,LOW,LOW,QUALITATIVE_ONLY,No defensible exact 1775–77 total located for this smaller polity in this research pass; qualitative status retained.
OMA,Oman,Middle East / North Africa,,,,,,,,,,,,,,,,,,Central/household/paid troops where identifiable.,"Tribal, provincial, feudal/household and emergency campaign contingents must be separated from permanent establishment.",,,,,,,,HIGH,LOW,LOW,QUALITATIVE_ONLY,No exact Jan-1776 total established for this polity in this pass; do not infer standing strength from a single campaign army.
ONT,Ontario,Americas,,,,,,,,,,,,,,,,,,The fork tag does not map cleanly to an independent 1776 national military establishment.,Any local militia/garrison/imperial force must be attributed to the historical sovereign/colonial structure before conversion.,,,,,,,,HIGH,VERY_LOW,VERY_LOW,STRUCTURAL_DEFER,Ontario/Upper Canada as represented is not a 1776 sovereign military polity; forces belong to British North American structures.
ORA,Oranje,Americas,,,,,,,,,,,,,,,,,,The fork tag does not map cleanly to an independent 1776 national military establishment.,Any local militia/garrison/imperial force must be attributed to the historical sovereign/colonial structure before conversion.,,,,,,,,HIGH,VERY_LOW,VERY_LOW,STRUCTURAL_DEFER,Orange/Boer state representation is anachronistic for 1776.
OYO,Oyo,Sub-Saharan Africa / Indian Ocean,,,,,,,,,,,,,,,,,,Royal/metropolitan military power centered on cavalry and archers; cavalry was militarily important but expensive.,Subject-town/provincial participation and campaign contingents separate from a fixed permanent establishment.,18th century; power peak 1754–74 and expansion 1774–89,Directly adjacent to 1776,https://www.cambridge.org/core/journals/journal-of-african-history/article/abs/west-african-cavalry-state-the-kingdom-of-oyo/C34F0448417C0EC85E06D3704A161CA5,https://www.cambridge.org/core/books/rituals-runaways-and-the-haitian-revolution/homelands-diaspora-and-slave-society/0EFBA3D2C01A5C42F2727A83CC86F1F8,,,QUALITATIVE_ONLY; no defensible national headcount located.,HIGH,VERY_LOW,MEDIUM,QUALITATIVE_ONLY,"Composition should be cavalry-heavy relative to many West African neighbors; current 15 barracks/no formations is capacity-only, not a researched army."
OZH,Orta Zhuz,Central Asia / Caucasus,,,,,,,,,,,,,,,,,,Household/guard and any demonstrably permanent paid forces.,Tribal/confederal cavalry and campaign levies form a large share of potential strength.,,,,,,,,HIGH,LOW,LOW,QUALITATIVE_ONLY,Confederal/tribal mobilization is not directly comparable with a European standing army; qualitative-only unless a near-date establishment survives.
PAN,Punjab,South Asia,,,,,,,,,,,,,,,,,,Permanent/household/core troops where identifiable; European-drilled infantry and artillery were spreading after 1750.,"Mercenary war bands, cavalry retainers, jagirdar/tributary contingents and campaign levies must remain separate from permanent strength.",c.1750–1800 regional framework,Regional structural evidence; exact 1776 national total not located in this pass.,https://www.cambridge.org/core/books/abs/asian-military-revolution/military-revolution-in-south-asia-17501850/4CE7B83571AA90662C44497252E8F42A,https://www.cambridge.org/core/journals/modern-asian-studies/article/abs/warriors-and-states-military-labour-in-southern-india-circa-17501800/6D1E15184371BC18D75954F0E2E7A865,,,,HIGH,LOW,LOW,QUALITATIVE_ONLY,No defensible exact Jan-1776 national total located; retain qualitative-only rather than fabricate precision.
PAP,Papal States,Europe,,,,,,,,,,,,,,,,,,Permanent crown/state establishment; garrison and field establishment should be distinguished where sources allow.,"Militia, provincial levies and wartime auxiliaries excluded from standing total unless source explicitly includes them.",,,,,,,,HIGH,LOW,LOW,QUALITATIVE_ONLY,No defensible exact 1775–77 total located for this smaller polity in this research pass; qualitative status retained.
PAR,Parma,Europe,,,,,,,,,,,,,,,,,,Permanent crown/state establishment; garrison and field establishment should be distinguished where sources allow.,"Militia, provincial levies and wartime auxiliaries excluded from standing total unless source explicitly includes them.",,,,,,,,HIGH,LOW,LOW,QUALITATIVE_ONLY,No defensible exact 1775–77 total located for this smaller polity in this research pass; qualitative status retained.
PCO,Puerto Rico,Americas,,,,,,,,,,,,,,,,,,The fork tag does not map cleanly to an independent 1776 national military establishment.,Any local militia/garrison/imperial force must be attributed to the historical sovereign/colonial structure before conversion.,,,,,,,,HIGH,VERY_LOW,VERY_LOW,STRUCTURAL_DEFER,Puerto Rico is Spanish imperial territory.
PER,Persia,Middle East / North Africa,Karim Khan's was the only standing army in Iran; exact national ledger total not safely extracted,"1774 paper totals must be reduced by at least half; Shiraz garrison late-1760s <=4,000",,,,,,,"elite guard ~1,400",,,,~700 zanburaks,,,,,"Zand standing force with tribal cavalry, peasant musketeers and a small artillery train.",Additional tribal/provincial manpower was often occasional rather than regular.,"1765–1775, including ~1774 mobilization ledger",Near-target structural and paper/effective evidence,https://www.iranicaonline.org/articles/army-iv/,,,Contemporary paper totals materially exaggerated fit-for-service strength.,Do not use ledger at face value; effective strength <=~50% of paper totals. No unsupported national total inserted.,HIGH,LOW,MEDIUM,QUANTITATIVE_LOW_CONFIDENCE,"Current 85,000 V3 standing manpower is likely too high unless it is deliberately representing much wider tribal/provincial capacity; 2D-2 must separate those layers."
PHI,Philippines,Southeast Asia,,,,,,,,,,,,,,,,,,The fork tag does not map cleanly to an independent 1776 national military establishment.,Any local militia/garrison/imperial force must be attributed to the historical sovereign/colonial structure before conversion.,,,,,,,,HIGH,VERY_LOW,VERY_LOW,STRUCTURAL_DEFER,Philippines is Spanish imperial territory.
PHL,Philippolis,Americas,,,,,,,,,,,,,,,,,,The fork tag does not map cleanly to an independent 1776 national military establishment.,Any local militia/garrison/imperial force must be attributed to the historical sovereign/colonial structure before conversion.,,,,,,,,HIGH,VERY_LOW,VERY_LOW,STRUCTURAL_DEFER,Philippolis/Griqua polity representation is later/anachronistic for 1776.
PLC,Poland-Lithuania,Europe,"24,000 paper establishment","about 12,000 (1764)",,,,,,,,,,,,,,,,Permanent crown/state establishment; garrison and field establishment should be distinguished where sources allow.,"Militia, provincial levies and wartime auxiliaries excluded from standing total unless source explicitly includes them.",1764,Older pre-1776 anchor; institutional ceiling dated from 1717,https://www.cambridge.org/core/journals/journal-of-ecclesiastical-history/article/abs/papacy-poland-russia-and-religious-reform-17648/79FA0BC2B6E8F4D4CC9DB7C6EEBB19E0,,,Paper establishment and effective strength differ by roughly 2:1.,"12,000 effective / 24,000 paper ceiling; do not substitute the paper number for field strength.",HIGH,LOW,LOW,QUANTITATIVE_LOW_CONFIDENCE,Political/military conditions changed after 1764; 2D-2 should use this as a lower-quality structural anchor only.
PLY,Tahiti,Oceania,,,,,,,,,,,,,,,,,,No European-style standing establishment assumed.,Warrior/kinship/tribal mobilization must be represented separately from permanent barracks.,,,,,,,,HIGH,LOW,LOW,QUALITATIVE_ONLY,Qualitative or structural treatment only; centralized-state military abstraction is unsafe without polity-specific evidence.
PON,Pontianak,Southeast Asia,,,,,,,,,,,,,,,,,,Court/core troops and permanent garrisons where documented.,"Mandala/tributary levies, manpower corvée, local retainers, riverine and mercenary forces vary by polity.",15th–19th c. regional synthesis,Regional structural evidence,https://www.cambridge.org/core/books/abs/cambridge-history-of-war/warfare-in-southeast-asia-14481851/E1F8804B3EFF6CCFE3FF6861C83C27FF,,,,,HIGH,LOW,LOW,QUALITATIVE_ONLY,Exact Jan-1776 strength not established; Southeast Asian military systems should not be normalized to a European regiment model.
POR,Portugal,Europe,,,,,,,,,,,,,,,,,,Permanent crown/state establishment; garrison and field establishment should be distinguished where sources allow.,"Militia, provincial levies and wartime auxiliaries excluded from standing total unless source explicitly includes them.",,,,,,,,HIGH,LOW,LOW,QUALITATIVE_ONLY,No defensible exact 1775–77 total located for this smaller polity in this research pass; qualitative status retained.
PRK,Perak,Southeast Asia,,,,,,,,,,,,,,,,,,Court/core troops and permanent garrisons where documented.,"Mandala/tributary levies, manpower corvée, local retainers, riverine and mercenary forces vary by polity.",15th–19th c. regional synthesis,Regional structural evidence,https://www.cambridge.org/core/books/abs/cambridge-history-of-war/warfare-in-southeast-asia-14481851/E1F8804B3EFF6CCFE3FF6861C83C27FF,,,,,HIGH,LOW,LOW,QUALITATIVE_ONLY,Exact Jan-1776 strength not established; Southeast Asian military systems should not be normalized to a European regiment model.
PRU,Prussia,Europe,"158,000",,,,,,,,,,,,,,,,,Permanent crown/state establishment; garrison and field establishment should be distinguished where sources allow.,"Militia, provincial levies and wartime auxiliaries excluded from standing total unless source explicitly includes them.",1777,1777 (one year after target),https://journals.sagepub.com/doi/10.1177/0968344513483071,,,Near-date 1777 figure; no exact 1 Jan 1776 strength in the cited table.,"158,000 near-date establishment; allow a narrow 1776 adjustment only if 2D-2 finds country-specific evidence.",HIGH,HIGH,LOW,QUANTITATIVE_HIGH_CONFIDENCE,"Use as establishment-scale anchor, not a direct V3 target. Composition requires separate approximation."
PUD,Pudukottai,South Asia,,,,,,,,,,,,,,,,,,Permanent/household/core troops where identifiable; European-drilled infantry and artillery were spreading after 1750.,"Mercenary war bands, cavalry retainers, jagirdar/tributary contingents and campaign levies must remain separate from permanent strength.",c.1750–1800 regional framework,Regional structural evidence; exact 1776 national total not located in this pass.,https://www.cambridge.org/core/books/abs/asian-military-revolution/military-revolution-in-south-asia-17501850/4CE7B83571AA90662C44497252E8F42A,https://www.cambridge.org/core/journals/modern-asian-studies/article/abs/warriors-and-states-military-labour-in-southern-india-circa-17501800/6D1E15184371BC18D75954F0E2E7A865,,,,HIGH,LOW,LOW,QUALITATIVE_ONLY,No defensible exact Jan-1776 national total located; retain qualitative-only rather than fabricate precision.
QUE,Quebec,Americas,,,,,,,,,,,,,,,,,,The fork tag does not map cleanly to an independent 1776 national military establishment.,Any local militia/garrison/imperial force must be attributed to the historical sovereign/colonial structure before conversion.,,,,,,,,HIGH,VERY_LOW,VERY_LOW,STRUCTURAL_DEFER,Quebec is a British colony; garrison belongs to imperial/colonial structure.
RUS,Russia,Europe,"approximately 350,000 in 1764",,,,,,,,,,,,,,,,,Permanent crown/state establishment; garrison and field establishment should be distinguished where sources allow.,"Militia, provincial levies and wartime auxiliaries excluded from standing total unless source explicitly includes them.",1764 with 1774 war-end context,Older anchor; 1768–74 war ended shortly before target,https://www.cambridge.org/core/journals/journal-of-ecclesiastical-history/article/abs/papacy-poland-russia-and-religious-reform-17648/79FA0BC2B6E8F4D4CC9DB7C6EEBB19E0,https://www.cambridge.org/core/services/aop-cambridge-core/content/view/7776A1EEA43C6E39BAE0311EFBD526FB/S0020743800058049a.pdf/ottoman-political-writing-17681808.pdf,,No exact Jan-1776 global establishment located; recent war and demobilization make extrapolation uncertain.,"300,000–350,000 establishment-scale working range; LOW confidence for 1 Jan 1776.",HIGH,LOW,LOW,QUANTITATIVE_LOW_CONFIDENCE,"Current 176,000 V3 land manpower is below the broad establishment scale, but 2D-2 must account for garrisons, frontier dispersion and post-war demobilization."
RWD,Rwanda,Sub-Saharan Africa / Indian Ocean,,,,,,,,,,,,,,,,,,Court/royal retainers and permanent specialist forces where demonstrable.,"Provincial, tributary, cavalry, slave-soldier, clan/lineage or campaign levies must not be counted as permanent without evidence.",,,,,,,,HIGH,LOW,LOW,QUALITATIVE_ONLY,Exact 1776 personnel totals are generally poorly documented in accessible scholarly material; qualitative status retained rather than inventing headcounts.
RYU,Ryukyu,East Asia,,,,,,,,,,,,,,,,,,Polity-specific hereditary/professional/garrison institutions; not automatically equivalent to European field armies.,Local/domain/provincial mobilization must be separated from central standing forces.,,,,,,,,HIGH,LOW,LOW,QUALITATIVE_ONLY,Retain institutional distinctions; exact deployable field strength may differ sharply from administrative establishment.
SAK,Siak,Southeast Asia,,,,,,,,,,,,,,,,,,Court/core troops and permanent garrisons where documented.,"Mandala/tributary levies, manpower corvée, local retainers, riverine and mercenary forces vary by polity.",15th–19th c. regional synthesis,Regional structural evidence,https://www.cambridge.org/core/books/abs/cambridge-history-of-war/warfare-in-southeast-asia-14481851/E1F8804B3EFF6CCFE3FF6861C83C27FF,,,,,HIGH,LOW,LOW,QUALITATIVE_ONLY,Exact Jan-1776 strength not established; Southeast Asian military systems should not be normalized to a European regiment model.
SAR,Sardinia-Piedmont,Europe,,,,,,,,,,,,,,,,,,Permanent crown/state establishment; garrison and field establishment should be distinguished where sources allow.,"Militia, provincial levies and wartime auxiliaries excluded from standing total unless source explicitly includes them.",,,,,,,,HIGH,LOW,LOW,QUALITATIVE_ONLY,No defensible exact 1775–77 total located for this smaller polity in this research pass; qualitative status retained.
SAT,Satara,South Asia,,,,,,,,,,,,,,,,,,Permanent/household/core troops where identifiable; European-drilled infantry and artillery were spreading after 1750.,"Mercenary war bands, cavalry retainers, jagirdar/tributary contingents and campaign levies must remain separate from permanent strength.",c.1750–1800 regional framework,Regional structural evidence; exact 1776 national total not located in this pass.,https://www.cambridge.org/core/books/abs/asian-military-revolution/military-revolution-in-south-asia-17501850/4CE7B83571AA90662C44497252E8F42A,https://www.cambridge.org/core/journals/modern-asian-studies/article/abs/warriors-and-states-military-labour-in-southern-india-circa-17501800/6D1E15184371BC18D75954F0E2E7A865,,,,HIGH,LOW,LOW,QUALITATIVE_ONLY,No defensible exact Jan-1776 national total located; retain qualitative-only rather than fabricate precision.
SAX,Saxony,Europe,"21,840",,,,,,,,,,,,,,,,,Permanent crown/state establishment; garrison and field establishment should be distinguished where sources allow.,"Militia, provincial levies and wartime auxiliaries excluded from standing total unless source explicitly includes them.",1777,1777 (one year after target),https://journals.sagepub.com/doi/10.1177/0968344513483071,,,Near-date 1777 figure; no exact 1 Jan 1776 strength in the cited table.,"21,840 near-date establishment; allow a narrow 1776 adjustment only if 2D-2 finds country-specific evidence.",HIGH,HIGH,LOW,QUANTITATIVE_HIGH_CONFIDENCE,"Use as establishment-scale anchor, not a direct V3 target. Composition requires separate approximation."
SC1,Nueva España,Americas,,,,,,,,,,,,,,,,,,The fork tag does not map cleanly to an independent 1776 national military establishment.,Any local militia/garrison/imperial force must be attributed to the historical sovereign/colonial structure before conversion.,,,,,,,,HIGH,VERY_LOW,VERY_LOW,STRUCTURAL_DEFER,"Nueva España is a Spanish imperial administrative structure, not an independent 1776 sovereign force."
SC2,Nueva Granada,Americas,,,,,,,,,,,,,,,,,,The fork tag does not map cleanly to an independent 1776 national military establishment.,Any local militia/garrison/imperial force must be attributed to the historical sovereign/colonial structure before conversion.,,,,,,,,HIGH,VERY_LOW,VERY_LOW,STRUCTURAL_DEFER,Nueva Granada is a Spanish imperial administrative structure.
SC3,Perú,Americas,,,,,,,,,,,,,,,,,,The fork tag does not map cleanly to an independent 1776 national military establishment.,Any local militia/garrison/imperial force must be attributed to the historical sovereign/colonial structure before conversion.,,,,,,,,HIGH,VERY_LOW,VERY_LOW,STRUCTURAL_DEFER,Perú is a Spanish imperial administrative structure.
SC4,Río de la Plata,Americas,,,,,,,,,,,,,,,,,,The fork tag does not map cleanly to an independent 1776 national military establishment.,Any local militia/garrison/imperial force must be attributed to the historical sovereign/colonial structure before conversion.,,,,,,,,HIGH,VERY_LOW,VERY_LOW,STRUCTURAL_DEFER,Río de la Plata is a Spanish imperial administrative structure; viceroyalty created 1776 but its fleet/garrison is imperial.
SCH,Schleswig,Europe,,,,,,,,,,,,,,,,,,Permanent crown/state establishment; garrison and field establishment should be distinguished where sources allow.,"Militia, provincial levies and wartime auxiliaries excluded from standing total unless source explicitly includes them.",,,,,,,,HIGH,LOW,LOW,QUALITATIVE_ONLY,No defensible exact 1775–77 total located for this smaller polity in this research pass; qualitative status retained.
SCM,Schaumburg-Lippe,Europe,,,,,,,,,,,,,,,,,,Permanent crown/state establishment; garrison and field establishment should be distinguished where sources allow.,"Militia, provincial levies and wartime auxiliaries excluded from standing total unless source explicitly includes them.",,,,,,,,HIGH,LOW,LOW,QUALITATIVE_ONLY,No defensible exact 1775–77 total located for this smaller polity in this research pass; qualitative status retained.
SCW,Schwarzburg,Europe,,,,,,,,,,,,,,,,,,Permanent crown/state establishment; garrison and field establishment should be distinguished where sources allow.,"Militia, provincial levies and wartime auxiliaries excluded from standing total unless source explicitly includes them.",,,,,,,,HIGH,LOW,LOW,QUALITATIVE_ONLY,No defensible exact 1775–77 total located for this smaller polity in this research pass; qualitative status retained.
SEL,Selangor,Southeast Asia,,,,,,,,,,,,,,,,,,Court/core troops and permanent garrisons where documented.,"Mandala/tributary levies, manpower corvée, local retainers, riverine and mercenary forces vary by polity.",15th–19th c. regional synthesis,Regional structural evidence,https://www.cambridge.org/core/books/abs/cambridge-history-of-war/warfare-in-southeast-asia-14481851/E1F8804B3EFF6CCFE3FF6861C83C27FF,,,,,HIGH,LOW,LOW,QUALITATIVE_ONLY,Exact Jan-1776 strength not established; Southeast Asian military systems should not be normalized to a European regiment model.
SGU,Segou,Sub-Saharan Africa / Indian Ocean,,,,,,,,,,,,,,,,,,Court/royal retainers and permanent specialist forces where demonstrable.,"Provincial, tributary, cavalry, slave-soldier, clan/lineage or campaign levies must not be counted as permanent without evidence.",,,,,,,,HIGH,LOW,LOW,QUALITATIVE_ONLY,Exact 1776 personnel totals are generally poorly documented in accessible scholarly material; qualitative status retained rather than inventing headcounts.
SHS,Shan,Southeast Asia,,,,,,,,,,,,,,,,,,Court/core troops and permanent garrisons where documented.,"Mandala/tributary levies, manpower corvée, local retainers, riverine and mercenary forces vary by polity.",15th–19th c. regional synthesis,Regional structural evidence,https://www.cambridge.org/core/books/abs/cambridge-history-of-war/warfare-in-southeast-asia-14481851/E1F8804B3EFF6CCFE3FF6861C83C27FF,,,,,HIGH,LOW,LOW,QUALITATIVE_ONLY,Exact Jan-1776 strength not established; Southeast Asian military systems should not be normalized to a European regiment model.
SIA,Siam,Southeast Asia,,,,,,,,,,,,,,,,,,Court/core troops and permanent garrisons where documented.,"Mandala/tributary levies, manpower corvée, local retainers, riverine and mercenary forces vary by polity.",15th–19th c. regional synthesis,Regional structural evidence,https://www.cambridge.org/core/books/abs/cambridge-history-of-war/warfare-in-southeast-asia-14481851/E1F8804B3EFF6CCFE3FF6861C83C27FF,,,,,HIGH,LOW,LOW,QUALITATIVE_ONLY,Exact Jan-1776 strength not established; Southeast Asian military systems should not be normalized to a European regiment model.
SIC,Two Sicilies,Europe,,,,,,,,,,,,,,,,,,The fork tag does not map cleanly to an independent 1776 national military establishment.,Any local militia/garrison/imperial force must be attributed to the historical sovereign/colonial structure before conversion.,,,,,,,,HIGH,VERY_LOW,VERY_LOW,STRUCTURAL_DEFER,The fork's Two Sicilies tag is anachronistic/overlapping for 1776 and must be reconciled with Naples/Sicily representation.
SIK,Sikkim,South Asia,,,,,,,,,,,,,,,,,,Permanent/household/core troops where identifiable; European-drilled infantry and artillery were spreading after 1750.,"Mercenary war bands, cavalry retainers, jagirdar/tributary contingents and campaign levies must remain separate from permanent strength.",c.1750–1800 regional framework,Regional structural evidence; exact 1776 national total not located in this pass.,https://www.cambridge.org/core/books/abs/asian-military-revolution/military-revolution-in-south-asia-17501850/4CE7B83571AA90662C44497252E8F42A,https://www.cambridge.org/core/journals/modern-asian-studies/article/abs/warriors-and-states-military-labour-in-southern-india-circa-17501800/6D1E15184371BC18D75954F0E2E7A865,,,,HIGH,LOW,LOW,QUALITATIVE_ONLY,No defensible exact Jan-1776 national total located; retain qualitative-only rather than fabricate precision.
SIL,Sierra Leone,Sub-Saharan Africa / Indian Ocean,,,,,,,,,,,,,,,,,,The fork tag does not map cleanly to an independent 1776 national military establishment.,Any local militia/garrison/imperial force must be attributed to the historical sovereign/colonial structure before conversion.,,,,,,,,HIGH,VERY_LOW,VERY_LOW,STRUCTURAL_DEFER,Sierra Leone colony/state representation is later than 1776.
SIN,Sindh,South Asia,,,,,,,,,,,,,,,,,,Permanent/household/core troops where identifiable; European-drilled infantry and artillery were spreading after 1750.,"Mercenary war bands, cavalry retainers, jagirdar/tributary contingents and campaign levies must remain separate from permanent strength.",c.1750–1800 regional framework,Regional structural evidence; exact 1776 national total not located in this pass.,https://www.cambridge.org/core/books/abs/asian-military-revolution/military-revolution-in-south-asia-17501850/4CE7B83571AA90662C44497252E8F42A,https://www.cambridge.org/core/journals/modern-asian-studies/article/abs/warriors-and-states-military-labour-in-southern-india-circa-17501800/6D1E15184371BC18D75954F0E2E7A865,,,,HIGH,LOW,LOW,QUALITATIVE_ONLY,No defensible exact Jan-1776 national total located; retain qualitative-only rather than fabricate precision.
SMB,Sambas,Southeast Asia,,,,,,,,,,,,,,,,,,Court/core troops and permanent garrisons where documented.,"Mandala/tributary levies, manpower corvée, local retainers, riverine and mercenary forces vary by polity.",15th–19th c. regional synthesis,Regional structural evidence,https://www.cambridge.org/core/books/abs/cambridge-history-of-war/warfare-in-southeast-asia-14481851/E1F8804B3EFF6CCFE3FF6861C83C27FF,,,,,HIGH,LOW,LOW,QUALITATIVE_ONLY,Exact Jan-1776 strength not established; Southeast Asian military systems should not be normalized to a European regiment model.
SOK,Sokoto,Other / requires map review,,,,,,,,,,,,,,,,,,The fork tag does not map cleanly to an independent 1776 national military establishment.,Any local militia/garrison/imperial force must be attributed to the historical sovereign/colonial structure before conversion.,,,,,,,,HIGH,VERY_LOW,VERY_LOW,STRUCTURAL_DEFER,Sokoto Caliphate is a later polity; do not back-project its nineteenth-century military establishment.
SPA,Spain,Europe,,,,,,,,,,,,,,,,,,Permanent crown/state establishment; garrison and field establishment should be distinguished where sources allow.,"Militia, provincial levies and wartime auxiliaries excluded from standing total unless source explicitly includes them.",,,,,,,,HIGH,LOW,LOW,QUALITATIVE_ONLY,No defensible exact 1775–77 total located for this smaller polity in this research pass; qualitative status retained.
SRK,Surakarta,Southeast Asia,,,,,,,,,,,,,,,,,,Court/core troops and permanent garrisons where documented.,"Mandala/tributary levies, manpower corvée, local retainers, riverine and mercenary forces vary by polity.",15th–19th c. regional synthesis,Regional structural evidence,https://www.cambridge.org/core/books/abs/cambridge-history-of-war/warfare-in-southeast-asia-14481851/E1F8804B3EFF6CCFE3FF6861C83C27FF,,,,,HIGH,LOW,LOW,QUALITATIVE_ONLY,Exact Jan-1776 strength not established; Southeast Asian military systems should not be normalized to a European regiment model.
STG,Sintang,Southeast Asia,,,,,,,,,,,,,,,,,,Court/core troops and permanent garrisons where documented.,"Mandala/tributary levies, manpower corvée, local retainers, riverine and mercenary forces vary by polity.",15th–19th c. regional synthesis,Regional structural evidence,https://www.cambridge.org/core/books/abs/cambridge-history-of-war/warfare-in-southeast-asia-14481851/E1F8804B3EFF6CCFE3FF6861C83C27FF,,,,,HIGH,LOW,LOW,QUALITATIVE_ONLY,Exact Jan-1776 strength not established; Southeast Asian military systems should not be normalized to a European regiment model.
SUL,Sulu,Southeast Asia,,,,,,,,,,,,,,,,,,Court/core troops and permanent garrisons where documented.,"Mandala/tributary levies, manpower corvée, local retainers, riverine and mercenary forces vary by polity.",15th–19th c. regional synthesis,Regional structural evidence,https://www.cambridge.org/core/books/abs/cambridge-history-of-war/warfare-in-southeast-asia-14481851/E1F8804B3EFF6CCFE3FF6861C83C27FF,,,,,HIGH,LOW,LOW,QUALITATIVE_ONLY,Exact Jan-1776 strength not established; Southeast Asian military systems should not be normalized to a European regiment model.
SWE,Sweden,Europe,,,,,,,,,,,,,,,,,,Swedish army combined the allotment system (indelta) with enlisted elements; not directly equivalent to a purely recruited professional army.,"Militia, provincial levies and wartime auxiliaries excluded from standing total unless source explicitly includes them.",,,,,,,QUALITATIVE_ONLY,HIGH,VERY_LOW,MEDIUM,QUALITATIVE_ONLY,2D-2 should preserve Sweden as a meaningful regional military power without inventing an exact headcount from later wars.
SWI,Switzerland,Europe,,,,,,,,,,,,,,,,,,Permanent crown/state establishment; garrison and field establishment should be distinguished where sources allow.,"Militia, provincial levies and wartime auxiliaries excluded from standing total unless source explicitly includes them.",,,,,,,,HIGH,LOW,LOW,QUALITATIVE_ONLY,No defensible exact 1775–77 total located for this smaller polity in this research pass; qualitative status retained.
SWZ,Swaziland,Sub-Saharan Africa / Indian Ocean,,,,,,,,,,,,,,,,,,Court/royal retainers and permanent specialist forces where demonstrable.,"Provincial, tributary, cavalry, slave-soldier, clan/lineage or campaign levies must not be counted as permanent without evidence.",,,,,,,,HIGH,LOW,LOW,QUALITATIVE_ONLY,Exact 1776 personnel totals are generally poorly documented in accessible scholarly material; qualitative status retained rather than inventing headcounts.
TGI,Tungi,South Asia,,,,,,,,,,,,,,,,,,Permanent/household/core troops where identifiable; European-drilled infantry and artillery were spreading after 1750.,"Mercenary war bands, cavalry retainers, jagirdar/tributary contingents and campaign levies must remain separate from permanent strength.",c.1750–1800 regional framework,Regional structural evidence; exact 1776 national total not located in this pass.,https://www.cambridge.org/core/books/abs/asian-military-revolution/military-revolution-in-south-asia-17501850/4CE7B83571AA90662C44497252E8F42A,https://www.cambridge.org/core/journals/modern-asian-studies/article/abs/warriors-and-states-military-labour-in-southern-india-circa-17501800/6D1E15184371BC18D75954F0E2E7A865,,,,HIGH,LOW,LOW,QUALITATIVE_ONLY,No defensible exact Jan-1776 national total located; retain qualitative-only rather than fabricate precision.
TIB,Tibet,East Asia,,,,,,,,,,,,,,,,,,Polity-specific hereditary/professional/garrison institutions; not automatically equivalent to European field armies.,Local/domain/provincial mobilization must be separated from central standing forces.,,,,,,,,HIGH,LOW,LOW,QUALITATIVE_ONLY,Retain institutional distinctions; exact deployable field strength may differ sharply from administrative establishment.
TID,Tidore,Southeast Asia,,,,,,,,,,,,,,,,,,Court/core troops and permanent garrisons where documented.,"Mandala/tributary levies, manpower corvée, local retainers, riverine and mercenary forces vary by polity.",15th–19th c. regional synthesis,Regional structural evidence,https://www.cambridge.org/core/books/abs/cambridge-history-of-war/warfare-in-southeast-asia-14481851/E1F8804B3EFF6CCFE3FF6861C83C27FF,,,,,HIGH,LOW,LOW,QUALITATIVE_ONLY,Exact Jan-1776 strength not established; Southeast Asian military systems should not be normalized to a European regiment model.
TRA,Travancore,South Asia,,,,,,,,,,,,,,,,,,Permanent/household/core troops where identifiable; European-drilled infantry and artillery were spreading after 1750.,"Mercenary war bands, cavalry retainers, jagirdar/tributary contingents and campaign levies must remain separate from permanent strength.",c.1750–1800 regional framework,Regional structural evidence; exact 1776 national total not located in this pass.,https://www.cambridge.org/core/books/abs/asian-military-revolution/military-revolution-in-south-asia-17501850/4CE7B83571AA90662C44497252E8F42A,https://www.cambridge.org/core/journals/modern-asian-studies/article/abs/warriors-and-states-military-labour-in-southern-india-circa-17501800/6D1E15184371BC18D75954F0E2E7A865,,,,HIGH,LOW,LOW,QUALITATIVE_ONLY,No defensible exact Jan-1776 national total located; retain qualitative-only rather than fabricate precision.
TRI,Tripolitania,Middle East / North Africa,,,,,,,,,,,,,,,,,,Central/household/paid troops where identifiable.,"Tribal, provincial, feudal/household and emergency campaign contingents must be separated from permanent establishment.",,,https://www.cambridge.org/core/books/abs/cambridge-history-of-turkey/semiautonomous-provincial-forces-in-the-balkans-and-anatolia/B43D84E35B5E62284DE3F40F79F602B1,,,,,HIGH,LOW,LOW,QUALITATIVE_ONLY,No exact Jan-1776 total established for this polity in this pass; do not infer standing strength from a single campaign army.
TRN,Transvaal,Americas,,,,,,,,,,,,,,,,,,The fork tag does not map cleanly to an independent 1776 national military establishment.,Any local militia/garrison/imperial force must be attributed to the historical sovereign/colonial structure before conversion.,,,,,,,,HIGH,VERY_LOW,VERY_LOW,STRUCTURAL_DEFER,Transvaal/South African Republic is anachronistic for 1776.
TRS,Transylvania,Europe,,,,,,,,,,,,,,,,,,The fork tag does not map cleanly to an independent 1776 national military establishment.,Any local militia/garrison/imperial force must be attributed to the historical sovereign/colonial structure before conversion.,,,,,,,,HIGH,VERY_LOW,VERY_LOW,STRUCTURAL_DEFER,Transylvania is Habsburg territory; avoid independent national double-counting.
TUG,Touggourt,Middle East / North Africa,,,,,,,,,,,,,,,,,,Central/household/paid troops where identifiable.,"Tribal, provincial, feudal/household and emergency campaign contingents must be separated from permanent establishment.",,,,,,,,HIGH,LOW,LOW,QUALITATIVE_ONLY,No exact Jan-1776 total established for this polity in this pass; do not infer standing strength from a single campaign army.
TUN,Tunis,Middle East / North Africa,,,,,,,,,,,,,,,,,,Central/household/paid troops where identifiable.,"Tribal, provincial, feudal/household and emergency campaign contingents must be separated from permanent establishment.",,,https://www.cambridge.org/core/books/abs/cambridge-history-of-turkey/semiautonomous-provincial-forces-in-the-balkans-and-anatolia/B43D84E35B5E62284DE3F40F79F602B1,,,,,HIGH,LOW,LOW,QUALITATIVE_ONLY,No exact Jan-1776 total established for this polity in this pass; do not infer standing strength from a single campaign army.
TUR,Ottoman Empire,Middle East / North Africa,,,,,,,,,,,,,,,,,,Central corps (including Janissaries and other paid establishments) plus fortress/garrison structures.,Semi-autonomous provincial forces and warrior populations were essential to campaign mobilization.,1768–1774 / 1750–1850 structural literature,Immediately preceding war plus regional institutional synthesis,https://www.cambridge.org/core/services/aop-cambridge-core/content/view/7776A1EEA43C6E39BAE0311EFBD526FB/S0020743800058049a.pdf/ottoman-political-writing-17681808.pdf,https://www.cambridge.org/core/books/abs/cambridge-history-of-turkey/semiautonomous-provincial-forces-in-the-balkans-and-anatolia/B43D84E35B5E62284DE3F40F79F602B1,https://www.cambridge.org/core/books/abs/fighting-for-a-living/mobilization-of-warrior-populations-in-the-ottoman-context-17501850/3E3B393A85F7663E7957E84A1B7C0902,Wartime mobilization figures are not a standing peacetime establishment.,QUALITATIVE_ONLY for standing force; model central core and provincial mobilization separately.,HIGH,VERY_LOW,MEDIUM,QUALITATIVE_ONLY,"The 1768–74 war ended only in 1774, so campaign peaks must not be frozen into a Jan-1776 standing army."
TUS,Tuscany,Europe,,,,,,,,,,,,,,,,,,Permanent crown/state establishment; garrison and field establishment should be distinguished where sources allow.,"Militia, provincial levies and wartime auxiliaries excluded from standing total unless source explicitly includes them.",,,,,,,,HIGH,LOW,LOW,QUALITATIVE_ONLY,No defensible exact 1775–77 total located for this smaller polity in this research pass; qualitative status retained.
UBD,United Baltic Provinces,Europe,,,,,,,,,,,,,,,,,,The fork tag does not map cleanly to an independent 1776 national military establishment.,Any local militia/garrison/imperial force must be attributed to the historical sovereign/colonial structure before conversion.,,,,,,,,HIGH,VERY_LOW,VERY_LOW,STRUCTURAL_DEFER,United Baltic Provinces abstraction must be reconciled with Russian imperial military structures.
UNT,United Tribes,Oceania,,,,,,,,,,,,,,,,,,The fork tag does not map cleanly to an independent 1776 national military establishment.,Any local militia/garrison/imperial force must be attributed to the historical sovereign/colonial structure before conversion.,,,,,,,,HIGH,VERY_LOW,VERY_LOW,STRUCTURAL_DEFER,Structural/dependency problem: do not create an independent national standing army merely from the current fork tag. Requires 2D-2 mapping decision before numbers.
USA,America,Americas,"20,372 planned 1776 Continental establishment","18,410 officers and men on 9 March 1776; effective strength fluctuated sharply",,,,,,,,,,,,State/colonial militia separate; 1776 annual service also included large short-term militia totals.,,,"Major militia and short-enlistment pool, but not permanent Continental standing force.",Continental Army under Congress.,"State militia, Flying Camp and other temporary formations are mobilization/conscription equivalents, not standing regulars.",1776,1776 establishment and March effective return,https://www.army.mil/article/40819/washington_takes_command_of_continental_army_in_1775,https://achh.army.mil/history/book-rev-medmen-medmench03/,,"Authorized plan, field strength and annual cumulative service are different measures.","18,000–21,000 Continental standing/effective baseline; militia modeled separately.",HIGH,HIGH,MEDIUM,QUANTITATIVE_HIGH_CONFIDENCE,"Current fork 164,000 standing V3 manpower is far above the documented Continental establishment and likely folds militia into standing units."
UZH,Uly Zhuz,Central Asia / Caucasus,,,,,,,,,,,,,,,,,,Household/guard and any demonstrably permanent paid forces.,Tribal/confederal cavalry and campaign levies form a large share of potential strength.,,,,,,,,HIGH,LOW,LOW,QUALITATIVE_ONLY,Confederal/tribal mobilization is not directly comparable with a European standing army; qualitative-only unless a near-date establishment survives.
VEN,Venice,Europe,,,,,,,,,,,,,,,,,,Permanent crown/state establishment; garrison and field establishment should be distinguished where sources allow.,"Militia, provincial levies and wartime auxiliaries excluded from standing total unless source explicitly includes them.",,,,,,,,HIGH,LOW,LOW,QUALITATIVE_ONLY,No defensible exact 1775–77 total located for this smaller polity in this research pass; qualitative status retained.
WAD,Wadai,Sub-Saharan Africa / Indian Ocean,,,,,,,,,,,,,,,,,,Court/royal retainers and permanent specialist forces where demonstrable.,"Provincial, tributary, cavalry, slave-soldier, clan/lineage or campaign levies must not be counted as permanent without evidence.",,,,,,,,HIGH,LOW,LOW,QUALITATIVE_ONLY,Exact 1776 personnel totals are generally poorly documented in accessible scholarly material; qualitative status retained rather than inventing headcounts.
WAL,Wallachia,Europe,,,,,,,,,,,,,,,,,,Permanent crown/state establishment; garrison and field establishment should be distinguished where sources allow.,"Militia, provincial levies and wartime auxiliaries excluded from standing total unless source explicitly includes them.",,,,,,,,HIGH,LOW,LOW,QUALITATIVE_ONLY,No defensible exact 1775–77 total located for this smaller polity in this research pass; qualitative status retained.
WBL,Griqualand,Sub-Saharan Africa / Indian Ocean,,,,,,,,,,,,,,,,,,Court/royal retainers and permanent specialist forces where demonstrable.,"Provincial, tributary, cavalry, slave-soldier, clan/lineage or campaign levies must not be counted as permanent without evidence.",,,,,,,,HIGH,LOW,LOW,QUALITATIVE_ONLY,Exact 1776 personnel totals are generally poorly documented in accessible scholarly material; qualitative status retained rather than inventing headcounts.
WEI,Saxe-Weimar-Eisenach,Europe,,,,,,,,,,,,,,,,,,Permanent crown/state establishment; garrison and field establishment should be distinguished where sources allow.,"Militia, provincial levies and wartime auxiliaries excluded from standing total unless source explicitly includes them.",,,,,,,,HIGH,LOW,LOW,QUALITATIVE_ONLY,No defensible exact 1775–77 total located for this smaller polity in this research pass; qualitative status retained.
WLD,Waldeck,Europe,,,,,,,,,,,,,,,,,,Permanent crown/state establishment; garrison and field establishment should be distinguished where sources allow.,"Militia, provincial levies and wartime auxiliaries excluded from standing total unless source explicitly includes them.",,,,,,,,HIGH,LOW,LOW,QUALITATIVE_ONLY,No defensible exact 1775–77 total located for this smaller polity in this research pass; qualitative status retained.
WSG,Warsangali,Sub-Saharan Africa / Indian Ocean,,,,,,,,,,,,,,,,,,Court/royal retainers and permanent specialist forces where demonstrable.,"Provincial, tributary, cavalry, slave-soldier, clan/lineage or campaign levies must not be counted as permanent without evidence.",,,,,,,,HIGH,LOW,LOW,QUALITATIVE_ONLY,Exact 1776 personnel totals are generally poorly documented in accessible scholarly material; qualitative status retained rather than inventing headcounts.
WTU,Witu,Sub-Saharan Africa / Indian Ocean,,,,,,,,,,,,,,,,,,The fork tag does not map cleanly to an independent 1776 national military establishment.,Any local militia/garrison/imperial force must be attributed to the historical sovereign/colonial structure before conversion.,,,,,,,,HIGH,VERY_LOW,VERY_LOW,STRUCTURAL_DEFER,Witu Sultanate representation is later than 1776.
WUR,Württemberg,Europe,,,,,,,,,,,,,,,,,,Permanent crown/state establishment; garrison and field establishment should be distinguished where sources allow.,"Militia, provincial levies and wartime auxiliaries excluded from standing total unless source explicitly includes them.",,,,,,,,HIGH,LOW,LOW,QUALITATIVE_ONLY,No defensible exact 1775–77 total located for this smaller polity in this research pass; qualitative status retained.
YOG,Yogyakarta,Southeast Asia,,,,,,,,,,,,,,,,,,Court/core troops and permanent garrisons where documented.,"Mandala/tributary levies, manpower corvée, local retainers, riverine and mercenary forces vary by polity.",15th–19th c. regional synthesis,Regional structural evidence,https://www.cambridge.org/core/books/abs/cambridge-history-of-war/warfare-in-southeast-asia-14481851/E1F8804B3EFF6CCFE3FF6861C83C27FF,,,,,HIGH,LOW,LOW,QUALITATIVE_ONLY,Exact Jan-1776 strength not established; Southeast Asian military systems should not be normalized to a European regiment model.
ZAI,Azal,Middle East / North Africa,,,,,,,,,,,,,,,,,,Central/household/paid troops where identifiable.,"Tribal, provincial, feudal/household and emergency campaign contingents must be separated from permanent establishment.",,,,,,,,HIGH,LOW,LOW,QUALITATIVE_ONLY,No exact Jan-1776 total established for this polity in this pass; do not infer standing strength from a single campaign army.
